=== MinerTim 6-hour live TLS test ===
started : 2026-09-15T23:51:25Z UTC / 09:51:25 local
ends    : 15:51:25 local
commit  : 014fb63 (security/tls-verify) — PR #22
pool    : monerohash.com:9999   (TLS port; certificate EXPIRED 2026-08-10)
pin     : 3d587c824a6f6032e1767518f0f1db29cdf206ba29bd7cb1647f522f8ae3d420
threads : 4

Purpose: the positive half of the TLS test. The negative half already
passed — with no pin, the default verifier rejected this pool's expired
certificate, which NoVerifier would have accepted silently.
This half proves a pinned certificate connects and mines for 6 hours.
==================================================
miner pid 21429
[2026-09-15T23:51:25Z INFO  minertim] Native-loop JIT: on (requested) | share verification: on — requested state only; each worker reports its own effective state once its VM is built
[2026-09-15T23:51:25Z INFO  minertim] Donation: donate-level 5% of mining time, split 50/50 between the MinerTim author and XMRig. MinerTim is an AI-assisted Rust translation of XMRig. Adjust with --donate-level (minimum 1); see README.
[2026-09-15T23:51:25Z INFO  minertim] Connecting to monerohash.com:9999...
[2026-09-15T23:51:25Z WARN  minertim::pool_connection] TLS: certificate pinned to 3d587c824a6f6032e1767518f0f1db29cdf206ba29bd7cb1647f522f8ae3d420. For a TLS connection this replaces the usual checks — trust chain, hostname and expiry are NOT verified; only that the certificate is exactly the pinned one. Re-pin if the pool renews. Whether TLS is used at all depends on the port, and is reported when the connection is made.
[2026-09-15T23:51:25Z INFO  minertim::pool_connection] Connecting to pool: monerohash.com:9999
[2026-09-15T23:51:25Z INFO  minertim::pool_connection] Connected to pool (TLS): monerohash.com:9999
[2026-09-15T23:51:26Z INFO  minertim::pool_connection] Login successful, session id: ykboPEpZEhwUMnnR
[2026-09-15T23:51:26Z INFO  minertim::pool_connection] Initial job: PVI3KCbb8TOFATFF (difficulty: 150000, target: d96f0000)
[2026-09-15T23:51:26Z INFO  minertim::miner] Miner initialized: pool=monerohash.com:9999, threads=4
[2026-09-15T23:51:26Z INFO  minertim::miner] Starting in full mode (2 GiB dataset, shared across workers)
[2026-09-15T23:51:26Z INFO  minertim::miner] Worker 0 started
[2026-09-15T23:51:26Z INFO  minertim::miner] Worker 3 started
[2026-09-15T23:51:26Z INFO  minertim::miner] Worker 3 generating full RandomX dataset (~2 GiB)...
[2026-09-15T23:51:26Z INFO  minertim::miner] Worker 1 started
[2026-09-15T23:51:26Z INFO  minertim::miner] Worker 2 started
[2026-09-15T23:51:26Z INFO  minertim::miner] Started 4 mining worker threads
[2026-09-15T23:51:26Z INFO  minertim] Mining started with 4 threads. Press Ctrl+C to stop.
[2026-09-15T23:51:27Z INFO  minertim::pool_connection] New job: UqpfNZHy5klDDiFC (difficulty: 150000, target: d96f0000)
[2026-09-15T23:51:34Z INFO  minertim::randomx::dataset] Dataset generation: 11.7%
[2026-09-15T23:51:36Z INFO  minertim] H/s 1m:- 5m:- 10m:- | Shares: 0/0 (found:0) | Diff: 0 | 10s elapsed (no shares yet, avg ?) | waiting
[2026-09-15T23:51:42Z INFO  minertim::randomx::dataset] Dataset generation: 26.4%
[2026-09-15T23:51:46Z INFO  minertim] H/s 1m:0.0 5m:0.0 10m:0.0 | Shares: 0/0 (found:0) | Diff: 0 | 20s elapsed (no shares yet, avg ?) | waiting
[2026-09-15T23:51:47Z INFO  minertim::pool_connection] New job: FyrrOpLUqZwLOaWD (difficulty: 150000, target: d96f0000)
[2026-09-15T23:51:49Z INFO  minertim::randomx::dataset] Dataset generation: 47.0%
[2026-09-15T23:51:56Z INFO  minertim] H/s 1m:0.0 5m:0.0 10m:0.0 | Shares: 0/0 (found:0) | Diff: 0 | 30s elapsed (no shares yet, avg ?) | waiting
[2026-09-15T23:51:57Z INFO  minertim::randomx::dataset] Dataset generation: 69.0%
[2026-09-15T23:51:58Z INFO  minertim::pool_connection] New job: OBh6EJ5JJjwUkTay (difficulty: 150000, target: d96f0000)
[2026-09-15T23:52:04Z INFO  minertim::randomx::dataset] Dataset generation: 85.1%
[2026-09-15T23:52:06Z INFO  minertim] H/s 1m:0.0 5m:0.0 10m:0.0 | Shares: 0/0 (found:0) | Diff: 0 | 40s elapsed (no shares yet, avg ?) | waiting
[2026-09-15T23:52:10Z INFO  minertim::miner] Dataset generated in 43.9s
[2026-09-15T23:52:10Z INFO  minertim::miner] Worker 3 ready with full dataset
[2026-09-15T23:52:10Z INFO  minertim::miner] Worker 0 ready with full dataset
[2026-09-15T23:52:10Z INFO  minertim::miner] Worker 1 ready with full dataset
[2026-09-15T23:52:10Z INFO  minertim::miner] Worker 2 ready with full dataset
[2026-09-15T23:52:10Z INFO  minertim::miner] Worker 1: native-loop JIT on | share verification on
[2026-09-15T23:52:10Z INFO  minertim::miner] Worker 0: native-loop JIT on | share verification on
[2026-09-15T23:52:10Z INFO  minertim::miner] Worker 2: native-loop JIT on | share verification on
[2026-09-15T23:52:10Z INFO  minertim::miner] Worker 3: native-loop JIT on | share verification on
[2026-09-15T23:52:12Z INFO  minertim::pool_connection] New job: vVwHCVh24w05rJTF (difficulty: 150000, target: d96f0000)
[2026-09-15T23:52:16Z INFO  minertim] H/s 1m:274.9 5m:274.9 10m:274.9 | Shares: 0/0 (found:0) | Diff: 150000 | 50s elapsed (no shares yet, avg 9m5s) | best=86549 target=28633 (33%)
[2026-09-15T23:52:26Z INFO  minertim] H/s 1m:674.4 5m:674.4 10m:674.4 | Shares: 0/0 (found:0) | Diff: 150000 | 1m0s elapsed (no shares yet, avg 3m42s) | best=86549 target=28633 (33%)
[2026-09-15T23:52:32Z INFO  minertim::pool_connection] New job: 335sU1X0ZrOgANcg (difficulty: 150000, target: d96f0000)
[2026-09-15T23:52:35Z INFO  minertim::pool_connection] New job: orTHT80F3Si0VqJG (difficulty: 97826, target: 80ab0000)
[2026-09-15T23:52:36Z INFO  minertim] H/s 1m:1120.2 5m:933.6 10m:933.6 | Shares: 0/0 (found:0) | Diff: 97826 | 1m10s elapsed (no shares yet, avg 1m27s) | best=86549 target=43904 (51%)
[2026-09-15T23:52:46Z INFO  minertim] H/s 1m:1570.7 5m:1122.1 10m:1122.1 | Shares: 0/0 (found:0) | Diff: 97826 | 1m20s elapsed (no shares yet, avg 1m2s) | best=72652 target=43904 (60%)
[2026-09-15T23:52:52Z INFO  minertim::pool_connection] New job: uw03wbdg48PU0P96 (difficulty: 97826, target: 80ab0000)
[2026-09-15T23:52:56Z INFO  minertim] H/s 1m:1963.2 5m:1227.0 10m:1227.0 | Shares: 0/0 (found:0) | Diff: 97826 | 1m30s elapsed (no shares yet, avg 49s) | best=72652 target=43904 (60%)
[2026-09-15T23:53:06Z INFO  minertim] H/s 1m:2182.8 5m:1334.9 10m:1334.9 | Shares: 0/0 (found:0) | Diff: 97826 | 1m40s elapsed (no shares yet, avg 44s) | best=72652 target=43904 (60%)
[2026-09-15T23:53:12Z INFO  minertim::pool_connection] New job: YtedeUT8eKQ3DjlF (difficulty: 97826, target: 80ab0000)
[2026-09-15T23:53:16Z INFO  minertim] H/s 1m:2179.4 5m:1426.9 10m:1426.9 | Shares: 0/0 (found:0) | Diff: 97826 | 1m50s elapsed (no shares yet, avg 44s) | best=72652 target=43904 (60%)
[2026-09-15T23:53:26Z INFO  minertim] H/s 1m:2190.2 5m:1504.7 10m:1504.7 | Shares: 0/0 (found:0) | Diff: 97826 | 2m0s elapsed (no shares yet, avg 44s) | best=72652 target=43904 (60%)
[2026-09-15T23:53:32Z INFO  minertim::pool_connection] New job: F8GriNbWhLQBqZLo (difficulty: 97826, target: 80ab0000)
[2026-09-15T23:53:35Z INFO  minertim::pool_connection] New job: zBqQu2ii1rR3HfdN (difficulty: 73370, target: aae40000)
[2026-09-15T23:53:36Z INFO  minertim] H/s 1m:2198.3 5m:1570.5 10m:1570.5 | Shares: 0/0 (found:0) | Diff: 73370 | 2m10s elapsed (no shares yet, avg 33s) | best=68375 target=58538 (86%)
[2026-09-15T23:53:46Z INFO  minertim] H/s 1m:2267.4 5m:1627.2 10m:1627.2 | Shares: 0/0 (found:0) | Diff: 73370 | 2m20s elapsed (no shares yet, avg 32s) | best=68375 target=58538 (86%)
[2026-09-15T23:53:52Z INFO  minertim::pool_connection] New job: 000PJXK2QNhZE26Z (difficulty: 73370, target: aae40000)
[2026-09-15T23:53:56Z INFO  minertim] H/s 1m:2275.0 5m:1670.7 10m:1670.7 | Shares: 0/0 (found:0) | Diff: 73370 | 2m30s elapsed (no shares yet, avg 32s) | best=68375 target=58538 (86%)
[2026-09-15T23:54:03Z INFO  minertim::pool_connection] New job: GWakOkeKwnn1ZciL (difficulty: 73370, target: aae40000)
[2026-09-15T23:54:06Z INFO  minertim] H/s 1m:2282.5 5m:1712.1 10m:1712.1 | Shares: 0/0 (found:0) | Diff: 73370 | 2m40s elapsed (no shares yet, avg 32s) | best=68375 target=58538 (86%)
[2026-09-15T23:54:16Z INFO  minertim] H/s 1m:2277.9 5m:1746.4 10m:1746.4 | Shares: 0/0 (found:0) | Diff: 73370 | 2m50s elapsed (no shares yet, avg 32s) | best=68375 target=58538 (86%)
[2026-09-15T23:54:23Z INFO  minertim::pool_connection] New job: vMZQoeCW2JIal0v5 (difficulty: 73370, target: aae40000)
[2026-09-15T23:54:26Z INFO  minertim] H/s 1m:2276.0 5m:1778.1 10m:1778.1 | Shares: 0/0 (found:0) | Diff: 73370 | 3m0s elapsed (no shares yet, avg 32s) | best=68375 target=58538 (86%)
[2026-09-15T23:54:27Z INFO  minertim::miner] Worker 2 SHARE FOUND! job_id=vMZQoeCW2JIal0v5, nonce=06b40400, hash_val=38449, difficulty=73370, hash=a22c1f4a2b30966eb44c0b217f8a49830c4d69171ece0a2077fbe81b31960000
[2026-09-15T23:54:35Z INFO  minertim::pool_connection] New job: Z9DS9GrIFFFMHbHU (difficulty: 55028, target: e2300100)
[2026-09-15T23:54:35Z INFO  minertim::pool_connection] Share accepted by pool
[2026-09-15T23:54:36Z INFO  minertim] H/s 1m:2184.1 5m:1781.9 10m:1781.9 | Shares: 1/0 (found:1) | Diff: 55028 | 9s elapsed (since last share, avg 25s) | best=38449 target=78050 (203%)
[2026-09-15T23:54:43Z INFO  minertim::pool_connection] New job: b0NuN0nlKDf6IMA3 (difficulty: 55028, target: e2300100)
[2026-09-15T23:54:46Z INFO  minertim] H/s 1m:2196.4 5m:1809.1 10m:1809.1 | Shares: 1/0 (found:1) | Diff: 55028 | 19s elapsed (since last share, avg 25s) | best=38449 target=78050 (203%)
[2026-09-15T23:54:56Z INFO  minertim] H/s 1m:2199.7 5m:1834.0 10m:1834.0 | Shares: 1/0 (found:1) | Diff: 55028 | 29s elapsed (since last share, avg 25s) | best=38449 target=78050 (203%)
[2026-09-15T23:55:02Z INFO  minertim::pool_connection] New job: tWbUK4OUwOftAxBA (difficulty: 55028, target: e2300100)
[2026-09-15T23:55:05Z INFO  minertim::pool_connection] New job: ZmdY9VRrzKGR8npS (difficulty: 82543, target: 41cb0000)
[2026-09-15T23:55:06Z INFO  minertim] H/s 1m:2213.6 5m:1857.7 10m:1857.7 | Shares: 1/0 (found:1) | Diff: 82543 | 39s elapsed (since last share, avg 37s) | best=38449 target=52033 (135%)
[2026-09-15T23:55:09Z INFO  minertim::pool_connection] New job: bgmIbvglOgn3S8f8 (difficulty: 82543, target: 41cb0000)
[2026-09-15T23:55:16Z INFO  minertim] H/s 1m:2220.2 5m:1878.6 10m:1878.6 | Shares: 1/0 (found:1) | Diff: 82543 | 49s elapsed (since last share, avg 37s) | best=38449 target=52033 (135%)
[2026-09-15T23:55:23Z INFO  minertim::miner] Worker 1 SHARE FOUND! job_id=bgmIbvglOgn3S8f8, nonce=91a90600, hash_val=3698, difficulty=82543, hash=8951f5540f535d3d570e9892ce6d682c411e6522d6b9b0421e56212d720e0000
[2026-09-15T23:55:25Z INFO  minertim::pool_connection] Share accepted by pool
[2026-09-15T23:55:26Z INFO  minertim] H/s 1m:2291.9 5m:1892.8 10m:1892.8 | Shares: 2/0 (found:2) | Diff: 82543 | 2s elapsed (since last share, avg 36s) | best=3698 target=52033 (999%)
[2026-09-15T23:55:28Z INFO  minertim::pool_connection] New job: o2ib8rRMCxht9ekV (difficulty: 82543, target: 41cb0000)
[2026-09-15T23:55:36Z INFO  minertim] H/s 1m:2288.7 5m:1909.0 10m:1909.0 | Shares: 2/0 (found:2) | Diff: 82543 | 12s elapsed (since last share, avg 36s) | best=3698 target=52033 (999%)
[2026-09-15T23:55:46Z INFO  minertim] H/s 1m:2281.9 5m:1923.6 10m:1923.6 | Shares: 2/0 (found:2) | Diff: 82543 | 22s elapsed (since last share, avg 36s) | best=3698 target=52033 (999%)
[2026-09-15T23:55:47Z INFO  minertim::miner] Worker 3 SHARE FOUND! job_id=o2ib8rRMCxht9ekV, nonce=f3820700, hash_val=19117, difficulty=82543, hash=f57e778897e839f8946efd8387a356a62023a37c63d72068aeb317abad4a0000
[2026-09-15T23:55:48Z INFO  minertim::pool_connection] New job: qqUdmhCHJO5Oewir (difficulty: 82543, target: 41cb0000)
[2026-09-15T23:55:49Z INFO  minertim::pool_connection] Share accepted by pool
[2026-09-15T23:55:52Z INFO  minertim::miner] Worker 2 SHARE FOUND! job_id=qqUdmhCHJO5Oewir, nonce=9a680700, hash_val=12571, difficulty=82543, hash=d5d4a6928ab063ce4d2dee5a2957e86aab7f9be3671de39fa1025e361b310000
[2026-09-15T23:55:54Z INFO  minertim::pool_connection] Share accepted by pool
[2026-09-15T23:55:56Z INFO  minertim::miner] Worker 2 SHARE FOUND! job_id=qqUdmhCHJO5Oewir, nonce=4e7d0700, hash_val=46603, difficulty=82543, hash=6a05ca30b8e62095b8327440b5afddb9da70ca61a38fac3b285657420bb60000
[2026-09-15T23:55:56Z INFO  minertim] H/s 1m:2242.0 5m:1931.6 10m:1931.6 | Shares: 4/0 (found:5) | Diff: 82543 | 0s elapsed (since last share, avg 36s) | best=3698 target=52033 (999%)
[2026-09-15T23:55:57Z INFO  minertim::pool_connection] Share accepted by pool
[2026-09-15T23:56:05Z INFO  minertim::pool_connection] New job: ZQVj7VlO12nJ9kZ9 (difficulty: 123813, target: 81870000)
[2026-09-15T23:56:06Z INFO  minertim] H/s 1m:2224.7 5m:1942.7 10m:1942.7 | Shares: 5/0 (found:5) | Diff: 123813 | 10s elapsed (since last share, avg 55s) | best=3698 target=34689 (938%)
[2026-09-15T23:56:08Z INFO  minertim::pool_connection] New job: IImk8S0w1lqGDf30 (difficulty: 123813, target: 81870000)
[2026-09-15T23:56:16Z INFO  minertim::pool_connection] New job: 2LOdpcZiEiZlvqbf (difficulty: 123813, target: 81870000)
[2026-09-15T23:56:16Z INFO  minertim] H/s 1m:2249.7 5m:1956.5 10m:1956.5 | Shares: 5/0 (found:5) | Diff: 123813 | 20s elapsed (since last share, avg 55s) | best=3698 target=34689 (938%)
[2026-09-15T23:56:26Z INFO  minertim] H/s 1m:2258.9 5m:1969.3 10m:1969.3 | Shares: 5/0 (found:5) | Diff: 123813 | 30s elapsed (since last share, avg 54s) | best=3698 target=34689 (938%)
[2026-09-15T23:56:36Z INFO  minertim::pool_connection] New job: Uik6YFuLOjAmjgL7 (difficulty: 123813, target: 81870000)
[2026-09-15T23:56:36Z INFO  minertim] H/s 1m:2251.6 5m:2046.4 10m:1978.3 | Shares: 5/0 (found:5) | Diff: 123813 | 40s elapsed (since last share, avg 54s) | best=3698 target=34689 (938%)
[2026-09-15T23:56:46Z INFO  minertim] H/s 1m:2288.9 5m:2126.3 10m:1989.2 | Shares: 5/0 (found:5) | Diff: 123813 | 50s elapsed (since last share, avg 54s) | best=3698 target=34689 (938%)
[2026-09-15T23:56:50Z INFO  minertim::miner] Worker 2 SHARE FOUND! job_id=Uik6YFuLOjAmjgL7, nonce=865d0900, hash_val=7279, difficulty=123813, hash=c46fb1682868f707b4463cdf1dfadebd1759df919a7ed2263088e7e46f1c0000
[2026-09-15T23:56:56Z INFO  minertim::pool_connection] New job: EuQN8h07dNF5pLsL (difficulty: 123813, target: 81870000)
[2026-09-15T23:56:56Z INFO  minertim::pool_connection] Share accepted by pool
[2026-09-15T23:56:56Z INFO  minertim] H/s 1m:2251.9 5m:2196.9 10m:1991.0 | Shares: 6/0 (found:6) | Diff: 123813 | 6s elapsed (since last share, avg 54s) | best=3698 target=34689 (938%)
[2026-09-15T23:57:00Z INFO  minertim::miner] Worker 3 SHARE FOUND! job_id=EuQN8h07dNF5pLsL, nonce=230f0a00, hash_val=25642, difficulty=123813, hash=aaf017641b9d6f03509000275adca92fbf5daca61714424e2753fcb42a640000
[2026-09-15T23:57:05Z INFO  minertim::pool_connection] New job: Od3jZtWnx0UPmhi0 (difficulty: 94434, target: a9b10000)
[2026-09-15T23:57:05Z INFO  minertim::pool_connection] Share accepted by pool
[2026-09-15T23:57:06Z INFO  minertim] H/s 1m:2187.9 5m:2228.3 10m:1991.6 | Shares: 7/0 (found:7) | Diff: 94434 | 5s elapsed (since last share, avg 43s) | best=3698 target=45481 (999%)
[2026-09-15T23:57:16Z INFO  minertim::pool_connection] New job: ABje6Unk0KWJI9x0 (difficulty: 94434, target: a9b10000)
[2026-09-15T23:57:16Z INFO  minertim] H/s 1m:2165.2 5m:2226.3 10m:1998.1 | Shares: 7/0 (found:7) | Diff: 94434 | 15s elapsed (since last share, avg 43s) | best=3698 target=45481 (999%)
[2026-09-15T23:57:26Z INFO  minertim] H/s 1m:2177.3 5m:2228.7 10m:2006.7 | Shares: 7/0 (found:7) | Diff: 94434 | 25s elapsed (since last share, avg 43s) | best=3698 target=45481 (999%)
[2026-09-15T23:57:35Z INFO  minertim::pool_connection] New job: ytjZmcRprV0xXeRS (difficulty: 141654, target: 70760000)
[2026-09-15T23:57:36Z INFO  minertim::pool_connection] New job: IiEowkXS8Lyn6w1m (difficulty: 141654, target: 70760000)
[2026-09-15T23:57:36Z INFO  minertim] H/s 1m:2162.7 5m:2228.4 10m:2013.3 | Shares: 7/0 (found:7) | Diff: 141654 | 35s elapsed (since last share, avg 1m5s) | best=3698 target=30320 (820%)
[2026-09-15T23:57:38Z INFO  minertim::pool_connection] New job: P9l4QU6vXLLVoD2E (difficulty: 141654, target: 70760000)
[2026-09-15T23:57:46Z INFO  minertim] H/s 1m:2216.3 5m:2240.5 10m:2021.4 | Shares: 7/0 (found:7) | Diff: 141654 | 45s elapsed (since last share, avg 1m3s) | best=3698 target=30320 (820%)
[2026-09-15T23:57:47Z INFO  minertim::pool_connection] New job: Nzswv64VtSlegeuo (difficulty: 141654, target: 70760000)
[2026-09-15T23:57:56Z INFO  minertim] H/s 1m:2276.3 5m:2244.4 10m:2029.1 | Shares: 7/0 (found:7) | Diff: 141654 | 55s elapsed (since last share, avg 1m2s) | best=3698 target=30320 (820%)
[2026-09-15T23:58:05Z INFO  minertim::pool_connection] New job: nqOk4RnArQ9cofhx (difficulty: 106240, target: eb9d0000)
[2026-09-15T23:58:06Z INFO  minertim] H/s 1m:2291.3 5m:2245.6 10m:2035.7 | Shares: 7/0 (found:7) | Diff: 106240 | 1m5s elapsed (since last share, avg 46s) | best=3698 target=40427 (999%)
[2026-09-15T23:58:07Z INFO  minertim::pool_connection] New job: 2AnPlyDw04ZWuDId (difficulty: 106240, target: eb9d0000)
[2026-09-15T23:58:16Z INFO  minertim] H/s 1m:2281.6 5m:2244.4 10m:2041.1 | Shares: 7/0 (found:7) | Diff: 106240 | 1m15s elapsed (since last share, avg 46s) | best=3698 target=40427 (999%)
[2026-09-15T23:58:26Z INFO  minertim::pool_connection] New job: H0OCPJf7v59evTJL (difficulty: 106240, target: eb9d0000)
[2026-09-15T23:58:26Z INFO  minertim] H/s 1m:2269.5 5m:2240.7 10m:2044.6 | Shares: 7/0 (found:7) | Diff: 106240 | 1m25s elapsed (since last share, avg 46s) | best=3698 target=40427 (999%)
[2026-09-15T23:58:36Z INFO  minertim] H/s 1m:2259.3 5m:2239.1 10m:2049.8 | Shares: 7/0 (found:7) | Diff: 106240 | 1m35s elapsed (since last share, avg 47s) | best=3698 target=40427 (999%)
[2026-09-15T23:58:46Z INFO  minertim::pool_connection] New job: FfJ6uU8Vqsri1ad9 (difficulty: 106240, target: eb9d0000)
[2026-09-15T23:58:46Z INFO  minertim] H/s 1m:2248.1 5m:2239.8 10m:2054.5 | Shares: 7/0 (found:7) | Diff: 106240 | 1m45s elapsed (since last share, avg 47s) | best=3698 target=40427 (999%)
[2026-09-15T23:58:56Z INFO  minertim] H/s 1m:2239.4 5m:2238.2 10m:2058.9 | Shares: 7/0 (found:7) | Diff: 106240 | 1m55s elapsed (since last share, avg 47s) | best=3698 target=40427 (999%)
[2026-09-15T23:59:05Z INFO  minertim::pool_connection] New job: Wwugp7FMe0TQwSeb (difficulty: 79679, target: 8fd20000)
[2026-09-15T23:59:06Z INFO  minertim::pool_connection] New job: 0OfqKXR5JqbSUsv0 (difficulty: 79679, target: 8fd20000)
[2026-09-15T23:59:06Z INFO  minertim] H/s 1m:2228.8 5m:2236.0 10m:2061.9 | Shares: 7/0 (found:7) | Diff: 79679 | 2m5s elapsed (since last share, avg 35s) | best=3698 target=53903 (999%)
[2026-09-15T23:59:16Z INFO  minertim] H/s 1m:2247.0 5m:2235.7 10m:2066.6 | Shares: 7/0 (found:7) | Diff: 79679 | 2m15s elapsed (since last share, avg 35s) | best=3698 target=53903 (999%)
[2026-09-15T23:59:26Z INFO  minertim::pool_connection] New job: 6MBcYOnP5vJK4Zyn (difficulty: 79679, target: 8fd20000)
[2026-09-15T23:59:26Z INFO  minertim] H/s 1m:2249.8 5m:2250.5 10m:2071.0 | Shares: 7/0 (found:7) | Diff: 79679 | 2m25s elapsed (since last share, avg 35s) | best=3698 target=53903 (999%)
[2026-09-15T23:59:36Z INFO  minertim] H/s 1m:2255.7 5m:2250.0 10m:2075.5 | Shares: 7/0 (found:7) | Diff: 79679 | 2m35s elapsed (since last share, avg 35s) | best=3698 target=53903 (999%)
[2026-09-15T23:59:46Z INFO  minertim::pool_connection] New job: 5z7m0WgJsfQX5Gy6 (difficulty: 79679, target: 8fd20000)
[2026-09-15T23:59:46Z INFO  minertim] H/s 1m:2265.8 5m:2249.6 10m:2080.0 | Shares: 7/0 (found:7) | Diff: 79679 | 2m45s elapsed (since last share, avg 35s) | best=3698 target=53903 (999%)
[2026-09-15T23:59:56Z INFO  minertim] H/s 1m:2281.6 5m:2247.7 10m:2083.9 | Shares: 7/0 (found:7) | Diff: 79679 | 2m55s elapsed (since last share, avg 34s) | best=3698 target=53903 (999%)
[2026-09-16T00:00:05Z INFO  minertim::pool_connection] New job: PwMqEIcpTFJQmNxL (difficulty: 59759, target: bf180100)
[2026-09-16T00:00:06Z INFO  minertim::pool_connection] New job: WJ0gDA4qjUN6OQAR (difficulty: 59759, target: bf180100)
[2026-09-16T00:00:06Z INFO  minertim] H/s 1m:2279.3 5m:2245.8 10m:2087.4 | Shares: 7/0 (found:7) | Diff: 59759 | 3m5s elapsed (since last share, avg 26s) | best=3698 target=71871 (999%)
[2026-09-16T00:00:10Z INFO  minertim::miner] Worker 3 SHARE FOUND! job_id=WJ0gDA4qjUN6OQAR, nonce=df731000, hash_val=29047, difficulty=59759, hash=28b9fad394124de83215f00c6cebf455b6d98faa1a797d1acc9f856e77710000
[2026-09-16T00:00:16Z INFO  minertim] H/s 1m:2220.9 5m:2238.2 10m:2085.5 | Shares: 7/0 (found:8) | Diff: 59759 | 5s elapsed (since last share, avg 26s) | best=3698 target=71871 (999%)
[2026-09-16T00:00:26Z INFO  minertim::pool_connection] New job: xT8l0u4ylowg76oK (difficulty: 59759, target: bf180100)
[2026-09-16T00:00:26Z INFO  minertim::pool_connection] Share accepted by pool
[2026-09-16T00:00:26Z INFO  minertim] H/s 1m:2108.0 5m:2218.8 10m:2078.5 | Shares: 8/0 (found:8) | Diff: 59759 | 15s elapsed (since last share, avg 28s) | best=3698 target=71871 (999%)
[2026-09-16T00:00:35Z INFO  minertim::pool_connection] New job: R12gOnICOuc0KmkE (difficulty: 89639, target: 2abb0000)
[2026-09-16T00:00:36Z INFO  minertim] H/s 1m:2108.5 5m:2219.7 10m:2082.6 | Shares: 8/0 (found:8) | Diff: 89639 | 26s elapsed (since last share, avg 42s) | best=3698 target=47914 (999%)
[2026-09-16T00:00:42Z INFO  minertim::miner] Worker 3 SHARE FOUND! job_id=R12gOnICOuc0KmkE, nonce=d3061100, hash_val=8289, difficulty=89639, hash=3c56fff87a7c0a2ec5aa2debf3715b7c61443d277478eb506193875961200000
[2026-09-16T00:00:45Z INFO  minertim::pool_connection] New job: IooWj61DRrsd1Ulb (difficulty: 89639, target: 2abb0000)
[2026-09-16T00:00:46Z INFO  minertim::pool_connection] Share accepted by pool
[2026-09-16T00:00:46Z INFO  minertim] H/s 1m:2075.4 5m:2219.0 10m:2083.1 | Shares: 9/0 (found:9) | Diff: 89639 | 4s elapsed (since last share, avg 43s) | best=3698 target=47914 (999%)
[2026-09-16T00:00:56Z INFO  minertim] H/s 1m:2074.3 5m:2219.9 10m:2086.3 | Shares: 9/0 (found:9) | Diff: 89639 | 14s elapsed (since last share, avg 43s) | best=3698 target=47914 (999%)
[2026-09-16T00:01:05Z INFO  minertim::pool_connection] New job: ckRnMs0RdpZmtZ9p (difficulty: 134461, target: c67c0000)
[2026-09-16T00:01:05Z INFO  minertim::pool_connection] New job: 060R1wezIRazLSj0 (difficulty: 134461, target: c67c0000)
[2026-09-16T00:01:06Z INFO  minertim] H/s 1m:2142.2 5m:2219.7 10m:2090.4 | Shares: 9/0 (found:9) | Diff: 134461 | 24s elapsed (since last share, avg 1m2s) | best=3698 target=31942 (864%)
[2026-09-16T00:01:16Z INFO  minertim] H/s 1m:2265.6 5m:2220.0 10m:2094.7 | Shares: 9/0 (found:9) | Diff: 134461 | 34s elapsed (since last share, avg 59s) | best=3698 target=31942 (864%)
[2026-09-16T00:01:25Z INFO  minertim::pool_connection] New job: BblemPz3pPbLKMNF (difficulty: 134461, target: c67c0000)
[2026-09-16T00:01:26Z INFO  minertim] H/s 1m:2273.7 5m:2223.5 10m:2098.8 | Shares: 9/0 (found:9) | Diff: 134461 | 44s elapsed (since last share, avg 59s) | best=3698 target=31942 (864%)
[2026-09-16T00:01:36Z INFO  minertim] H/s 1m:2318.6 5m:2224.1 10m:2138.4 | Shares: 9/0 (found:9) | Diff: 134461 | 54s elapsed (since last share, avg 57s) | best=3698 target=31942 (864%)
[2026-09-16T00:01:45Z INFO  minertim::pool_connection] New job: QDdaUMhosNhhkvxX (difficulty: 134461, target: c67c0000)
[2026-09-16T00:01:46Z INFO  minertim] H/s 1m:2334.5 5m:2234.2 10m:2178.0 | Shares: 9/0 (found:9) | Diff: 134461 | 1m4s elapsed (since last share, avg 57s) | best=3698 target=31942 (864%)
[2026-09-16T00:01:47Z INFO  minertim::miner] Worker 3 SHARE FOUND! job_id=QDdaUMhosNhhkvxX, nonce=23361300, hash_val=10746, difficulty=134461, hash=8cf3e0d2e3d45578f0572efbd3bef6452cf09505086845010ac1218efa290000
[2026-09-16T00:01:56Z INFO  minertim] H/s 1m:2214.9 5m:2224.4 10m:2207.2 | Shares: 9/0 (found:10) | Diff: 134461 | 9s elapsed (since last share, avg 1m0s) | best=3698 target=31942 (864%)
[2026-09-16T00:02:05Z INFO  minertim::pool_connection] New job: eFmumbmcAKoQ1U5z (difficulty: 134461, target: c67c0000)
[2026-09-16T00:02:05Z INFO  minertim::pool_connection] Share accepted by pool
[2026-09-16T00:02:05Z INFO  minertim::pool_connection] New job: 6gQXprUL7jQvUSor (difficulty: 76591, target: 0cdb0000)
[2026-09-16T00:02:06Z INFO  minertim] H/s 1m:2115.8 5m:2211.5 10m:2219.8 | Shares: 10/0 (found:10) | Diff: 76591 | 19s elapsed (since last share, avg 36s) | best=3698 target=56076 (999%)
[2026-09-16T00:02:11Z INFO  minertim::miner] Worker 3 SHARE FOUND! job_id=6gQXprUL7jQvUSor, nonce=8f6b1300, hash_val=23086, difficulty=76591, hash=4cde40a9e7c6397442538411dada002956f4f8caf3faeadc6502cfeb2e5a0000
[2026-09-16T00:02:16Z INFO  minertim] H/s 1m:2058.7 5m:2203.1 10m:2216.1 | Shares: 10/0 (found:11) | Diff: 76591 | 5s elapsed (since last share, avg 37s) | best=3698 target=56076 (999%)
[2026-09-16T00:02:25Z INFO  minertim::pool_connection] New job: 8FMBIUiKPV8PxjzO (difficulty: 76591, target: 0cdb0000)
[2026-09-16T00:02:25Z INFO  minertim::pool_connection] Share accepted by pool
[2026-09-16T00:02:26Z INFO  minertim] H/s 1m:1955.6 5m:2188.4 10m:2209.1 | Shares: 11/0 (found:11) | Diff: 76591 | 15s elapsed (since last share, avg 39s) | best=3698 target=56076 (999%)
[2026-09-16T00:02:35Z INFO  minertim::pool_connection] New job: RYtpio5ziSYzle5T (difficulty: 114887, target: 08920000)
[2026-09-16T00:02:36Z INFO  minertim] H/s 1m:1955.2 5m:2189.1 10m:2210.5 | Shares: 11/0 (found:11) | Diff: 114887 | 25s elapsed (since last share, avg 58s) | best=3698 target=37384 (999%)
[2026-09-16T00:02:38Z INFO  minertim::pool_connection] New job: OFmUA632D4UudNLU (difficulty: 114887, target: 08920000)
[2026-09-16T00:02:46Z INFO  minertim] H/s 1m:2070.6 5m:2188.9 10m:2216.3 | Shares: 11/0 (found:11) | Diff: 114887 | 35s elapsed (since last share, avg 55s) | best=3698 target=37384 (999%)
[2026-09-16T00:02:56Z INFO  minertim] H/s 1m:2147.0 5m:2186.6 10m:2216.8 | Shares: 11/0 (found:11) | Diff: 114887 | 45s elapsed (since last share, avg 53s) | best=3698 target=37384 (999%)
[2026-09-16T00:02:58Z INFO  minertim::pool_connection] New job: eIemUcjU7Q6T1UJL (difficulty: 114887, target: 08920000)
[2026-09-16T00:03:07Z INFO  minertim] H/s 1m:2198.7 5m:2188.8 10m:2217.7 | Shares: 11/0 (found:11) | Diff: 114887 | 55s elapsed (since last share, avg 52s) | best=3698 target=37384 (999%)
[2026-09-16T00:03:17Z INFO  minertim] H/s 1m:2306.3 5m:2194.7 10m:2219.0 | Shares: 11/0 (found:11) | Diff: 114887 | 1m5s elapsed (since last share, avg 49s) | best=3698 target=37384 (999%)
[2026-09-16T00:03:17Z INFO  minertim::pool_connection] New job: dSJt8QpKuOjqDrWE (difficulty: 114887, target: 08920000)
[2026-09-16T00:03:27Z INFO  minertim] H/s 1m:2308.8 5m:2197.7 10m:2219.9 | Shares: 11/0 (found:11) | Diff: 114887 | 1m15s elapsed (since last share, avg 49s) | best=3698 target=37384 (999%)
[2026-09-16T00:03:35Z INFO  minertim::pool_connection] New job: UK75lh5cm9HZMvuu (difficulty: 73856, target: 29e30000)
[2026-09-16T00:03:37Z INFO  minertim] H/s 1m:2314.7 5m:2200.4 10m:2220.4 | Shares: 11/0 (found:11) | Diff: 73856 | 1m26s elapsed (since last share, avg 31s) | best=3698 target=58153 (999%)
[2026-09-16T00:03:37Z INFO  minertim::pool_connection] New job: X84RkUgi06Y1iibH (difficulty: 73856, target: 29e30000)
[2026-09-16T00:03:42Z INFO  minertim::miner] Worker 1 SHARE FOUND! job_id=X84RkUgi06Y1iibH, nonce=cd1c1800, hash_val=55000, difficulty=73856, hash=8b5fc591489e7a6b9d7080d0db71902757236f466cb0c2117d47b02ed8d60000
[2026-09-16T00:03:47Z INFO  minertim] H/s 1m:2276.9 5m:2193.1 10m:2216.9 | Shares: 11/0 (found:12) | Diff: 73856 | 4s elapsed (since last share, avg 32s) | best=3698 target=58153 (999%)
[2026-09-16T00:03:47Z INFO  minertim::miner] Worker 2 SHARE FOUND! job_id=X84RkUgi06Y1iibH, nonce=fece1700, hash_val=36445, difficulty=73856, hash=e8f460baefcf6e35513f6f3bb851668a92ed28bd63f0ffaa39b19ed05d8e0000
[2026-09-16T00:03:49Z INFO  minertim::pool_connection] Share accepted by pool
[2026-09-16T00:03:49Z INFO  minertim::pool_connection] Share accepted by pool
[2026-09-16T00:03:57Z INFO  minertim] H/s 1m:2236.8 5m:2190.2 10m:2213.9 | Shares: 13/0 (found:13) | Diff: 73856 | 9s elapsed (since last share, avg 33s) | best=3698 target=58153 (999%)
[2026-09-16T00:03:57Z INFO  minertim::pool_connection] New job: EsKTVO7FD8IPD4oa (difficulty: 73856, target: 29e30000)
[2026-09-16T00:04:05Z INFO  minertim::pool_connection] New job: x9THVGAeKAYReM0l (difficulty: 110786, target: 70970000)
[2026-09-16T00:04:07Z INFO  minertim] H/s 1m:2220.0 5m:2190.1 10m:2214.1 | Shares: 13/0 (found:13) | Diff: 110786 | 19s elapsed (since last share, avg 49s) | best=3698 target=38768 (999%)
[2026-09-16T00:04:16Z INFO  minertim::pool_connection] New job: FD1n3tqmdKPy8aVa (difficulty: 110786, target: 70970000)
[2026-09-16T00:04:17Z INFO  minertim] H/s 1m:2211.2 5m:2191.0 10m:2214.4 | Shares: 13/0 (found:13) | Diff: 110786 | 29s elapsed (since last share, avg 50s) | best=3698 target=38768 (999%)
[2026-09-16T00:04:25Z INFO  minertim::miner] Worker 2 SHARE FOUND! job_id=FD1n3tqmdKPy8aVa, nonce=52141900, hash_val=6544, difficulty=110786, hash=dbf6d0b779971d42194a49bfe9b7dd81864769fceaa59cce60cf973590190000
[2026-09-16T00:04:27Z INFO  minertim] H/s 1m:2135.5 5m:2179.7 10m:2216.2 | Shares: 13/0 (found:14) | Diff: 110786 | 2s elapsed (since last share, avg 51s) | best=3698 target=38768 (999%)
[2026-09-16T00:04:28Z INFO  minertim::pool_connection] Share accepted by pool
[2026-09-16T00:04:36Z INFO  minertim::pool_connection] New job: OgXO0ule8eXFi77K (difficulty: 110786, target: 70970000)
[2026-09-16T00:04:37Z INFO  minertim] H/s 1m:2172.9 5m:2177.0 10m:2214.9 | Shares: 14/0 (found:14) | Diff: 110786 | 12s elapsed (since last share, avg 50s) | best=3698 target=38768 (999%)
[2026-09-16T00:04:47Z INFO  minertim] H/s 1m:2207.3 5m:2177.4 10m:2214.5 | Shares: 14/0 (found:14) | Diff: 110786 | 22s elapsed (since last share, avg 50s) | best=3698 target=38768 (999%)
[2026-09-16T00:04:56Z INFO  minertim::pool_connection] New job: M0oHHXwCeS8DupJi (difficulty: 110786, target: 70970000)
[2026-09-16T00:04:57Z INFO  minertim] H/s 1m:2223.6 5m:2180.5 10m:2214.9 | Shares: 14/0 (found:14) | Diff: 110786 | 32s elapsed (since last share, avg 49s) | best=3698 target=38768 (999%)
[2026-09-16T00:05:07Z INFO  minertim] H/s 1m:2230.2 5m:2192.6 10m:2215.3 | Shares: 14/0 (found:14) | Diff: 110786 | 42s elapsed (since last share, avg 49s) | best=3698 target=38768 (999%)
[2026-09-16T00:05:10Z INFO  minertim::pool_connection] New job: PsFOhk2ff0aAlW5S (difficulty: 110786, target: 70970000)
[2026-09-16T00:05:12Z INFO  minertim::miner] Worker 3 SHARE FOUND! job_id=PsFOhk2ff0aAlW5S, nonce=f7521900, hash_val=9871, difficulty=110786, hash=0abf2b07e8fb4f622a707f0b6062272d19cf38e9e58c9f9fd63231608f260000
[2026-09-16T00:05:17Z INFO  minertim] H/s 1m:2249.5 5m:2204.1 10m:2212.6 | Shares: 14/0 (found:15) | Diff: 110786 | 4s elapsed (since last share, avg 49s) | best=3698 target=38768 (999%)
[2026-09-16T00:05:27Z INFO  minertim::pool_connection] Share accepted by pool
[2026-09-16T00:05:27Z INFO  minertim] H/s 1m:2191.2 5m:2191.3 10m:2206.7 | Shares: 15/0 (found:15) | Diff: 110786 | 14s elapsed (since last share, avg 50s) | best=3698 target=38768 (999%)
[2026-09-16T00:05:29Z INFO  minertim::pool_connection] New job: fY8wqKb7TWfSkYAn (difficulty: 110786, target: 70970000)
[2026-09-16T00:05:34Z INFO  minertim::miner] Worker 2 SHARE FOUND! job_id=fY8wqKb7TWfSkYAn, nonce=9a731b00, hash_val=3428, difficulty=110786, hash=ffff4712613366b560307c0c1e36452c1367329afd3c056c5c35e3cb640d0000
[2026-09-16T00:05:37Z INFO  minertim] H/s 1m:2190.2 5m:2197.1 10m:2206.7 | Shares: 15/0 (found:16) | Diff: 110786 | 2s elapsed (since last share, avg 50s) | best=3428 target=38768 (999%)
[2026-09-16T00:05:43Z INFO  minertim::miner] Worker 3 SHARE FOUND! job_id=fY8wqKb7TWfSkYAn, nonce=77eb1900, hash_val=2572, difficulty=110786, hash=71dd0b98b7c15f9fd87454e4d622e4ee8500e8a2a3f5af56c8cd2a7e0c0a0000
[2026-09-16T00:05:47Z INFO  minertim] H/s 1m:2009.1 5m:2169.2 10m:2195.2 | Shares: 15/0 (found:17) | Diff: 110786 | 3s elapsed (since last share, avg 55s) | best=2572 target=38768 (999%)
[2026-09-16T00:05:49Z INFO  minertim::pool_connection] New job: XJ0ykuv8JGg7uL0d (difficulty: 110786, target: 70970000)
[2026-09-16T00:05:50Z INFO  minertim::pool_connection] Share accepted by pool
[2026-09-16T00:05:50Z INFO  minertim::miner] Worker 1 SHARE FOUND! job_id=XJ0ykuv8JGg7uL0d, nonce=6d681c00, hash_val=10062, difficulty=110786, hash=30c88448e4ec56c055e803b87b3620dce7c2e61ab313388ab7dfc66b4e270000
[2026-09-16T00:05:50Z INFO  minertim::pool_connection] Share accepted by pool
[2026-09-16T00:05:50Z INFO  minertim::pool_connection] Share accepted by pool
[2026-09-16T00:05:57Z INFO  minertim] H/s 1m:1935.9 5m:2157.0 10m:2190.8 | Shares: 18/0 (found:18) | Diff: 110786 | 7s elapsed (since last share, avg 57s) | best=2572 target=38768 (999%)
[2026-09-16T00:06:00Z INFO  minertim::miner] Worker 1 SHARE FOUND! job_id=XJ0ykuv8JGg7uL0d, nonce=71c81c00, hash_val=351, difficulty=110786, hash=e65043625d80c491382aa5f98b257ad1ed700ac971e84148986b75455f010000
[2026-09-16T00:06:05Z INFO  minertim::pool_connection] New job: 5OrtyEV58hkOiALZ (difficulty: 166181, target: f5640000)
[2026-09-16T00:06:06Z INFO  minertim::pool_connection] Share accepted by pool
[2026-09-16T00:06:07Z INFO  minertim] H/s 1m:1958.8 5m:2151.2 10m:2188.0 | Shares: 19/0 (found:19) | Diff: 166181 | 6s elapsed (since last share, avg 1m24s) | best=351 target=25845 (999%)
[2026-09-16T00:06:09Z INFO  minertim::pool_connection] New job: m47LS1V6pVgTMaAS (difficulty: 166181, target: f5640000)
[2026-09-16T00:06:17Z INFO  minertim] H/s 1m:2027.2 5m:2148.8 10m:2187.0 | Shares: 19/0 (found:19) | Diff: 166181 | 16s elapsed (since last share, avg 1m21s) | best=351 target=25845 (999%)
[2026-09-16T00:06:25Z INFO  minertim::miner] Worker 3 SHARE FOUND! job_id=m47LS1V6pVgTMaAS, nonce=6b281b00, hash_val=15441, difficulty=166181, hash=8f721f6769309c1e2434eab1b7a923d1808bb57387e55ab4a4ebe30b513c0000
[2026-09-16T00:06:27Z INFO  minertim] H/s 1m:2014.2 5m:2144.7 10m:2186.6 | Shares: 19/0 (found:20) | Diff: 166181 | 2s elapsed (since last share, avg 1m22s) | best=351 target=25845 (999%)
[2026-09-16T00:06:29Z INFO  minertim::pool_connection] New job: bAU5alEWOdRx7Vt1 (difficulty: 166181, target: f5640000)
[2026-09-16T00:06:29Z INFO  minertim::pool_connection] Share accepted by pool
[2026-09-16T00:06:35Z INFO  minertim::pool_connection] New job: 0wJn0Xe1tEBC3Tzz (difficulty: 249272, target: 4e430000)
[2026-09-16T00:06:37Z INFO  minertim] H/s 1m:2138.3 5m:2135.4 10m:2182.4 | Shares: 20/0 (found:20) | Diff: 249272 | 12s elapsed (since last share, avg 1m56s) | best=351 target=17230 (999%)
[2026-09-16T00:06:47Z INFO  minertim] H/s 1m:2202.7 5m:2154.9 10m:2186.6 | Shares: 20/0 (found:20) | Diff: 249272 | 22s elapsed (since last share, avg 1m53s) | best=351 target=17230 (999%)
[2026-09-16T00:06:48Z INFO  minertim::pool_connection] New job: c0C9GuOJXFcdDFjs (difficulty: 249272, target: 4e430000)
[2026-09-16T00:06:57Z INFO  minertim] H/s 1m:2238.4 5m:2172.3 10m:2192.3 | Shares: 20/0 (found:20) | Diff: 249272 | 32s elapsed (since last share, avg 1m51s) | best=351 target=17230 (999%)
[2026-09-16T00:07:07Z INFO  minertim] H/s 1m:2252.4 5m:2182.2 10m:2194.4 | Shares: 20/0 (found:20) | Diff: 249272 | 42s elapsed (since last share, avg 1m50s) | best=351 target=17230 (999%)
[2026-09-16T00:07:08Z INFO  minertim::pool_connection] New job: WGFkJswxPSD5XD07 (difficulty: 249272, target: 4e430000)
[2026-09-16T00:07:17Z INFO  minertim] H/s 1m:2280.5 5m:2200.7 10m:2195.4 | Shares: 20/0 (found:20) | Diff: 249272 | 52s elapsed (since last share, avg 1m49s) | best=351 target=17230 (999%)
[2026-09-16T00:07:25Z INFO  minertim::pool_connection] New job: lohWp1fkwBMuWJoj (difficulty: 249272, target: 4e430000)
[2026-09-16T00:07:27Z INFO  minertim] H/s 1m:2333.2 5m:2200.6 10m:2196.9 | Shares: 20/0 (found:20) | Diff: 249272 | 1m2s elapsed (since last share, avg 1m46s) | best=351 target=17230 (999%)
[2026-09-16T00:07:31Z INFO  minertim::pool_connection] New job: N8ahhFcRZ6JInDfm (difficulty: 249272, target: 4e430000)
[2026-09-16T00:07:35Z INFO  minertim::pool_connection] New job: eOWi8ZydCnW0kO0x (difficulty: 169956, target: b7620000)
[2026-09-16T00:07:37Z INFO  minertim] H/s 1m:2344.3 5m:2202.1 10m:2197.5 | Shares: 20/0 (found:20) | Diff: 169956 | 1m12s elapsed (since last share, avg 1m12s) | best=351 target=25271 (999%)
[2026-09-16T00:07:45Z INFO  minertim::miner] Worker 3 SHARE FOUND! job_id=eOWi8ZydCnW0kO0x, nonce=2fe01d00, hash_val=7058, difficulty=169956, hash=016d78edc645e5b53c7114cc93450fe89ab5278be479809f6298b784921b0000
[2026-09-16T00:07:47Z INFO  minertim] H/s 1m:2346.4 5m:2206.7 10m:2198.2 | Shares: 20/0 (found:21) | Diff: 169956 | 1s elapsed (since last share, avg 1m12s) | best=351 target=25271 (999%)
[2026-09-16T00:07:51Z INFO  minertim::pool_connection] New job: 0cZgUj86DxaOCic0 (difficulty: 169956, target: b7620000)
[2026-09-16T00:07:51Z INFO  minertim::pool_connection] Share accepted by pool
[2026-09-16T00:07:57Z INFO  minertim] H/s 1m:2300.2 5m:2199.7 10m:2195.2 | Shares: 21/0 (found:21) | Diff: 169956 | 11s elapsed (since last share, avg 1m13s) | best=351 target=25271 (999%)
[2026-09-16T00:08:05Z INFO  minertim::pool_connection] New job: MohwV1Q0k8Z0Tymx (difficulty: 254939, target: cf410000)
[2026-09-16T00:08:07Z INFO  minertim] H/s 1m:2299.0 5m:2199.4 10m:2196.8 | Shares: 21/0 (found:21) | Diff: 254939 | 21s elapsed (since last share, avg 1m50s) | best=351 target=16847 (999%)
[2026-09-16T00:08:11Z INFO  minertim::pool_connection] New job: g9KsAVhTTckGHM54 (difficulty: 254939, target: cf410000)
[2026-09-16T00:08:17Z INFO  minertim] H/s 1m:2303.7 5m:2199.7 10m:2199.8 | Shares: 21/0 (found:21) | Diff: 254939 | 31s elapsed (since last share, avg 1m50s) | best=351 target=16847 (999%)
[2026-09-16T00:08:18Z INFO  minertim::pool_connection] New job: jUDyGpkFHwa21bYC (difficulty: 254939, target: cf410000)
[2026-09-16T00:08:27Z INFO  minertim] H/s 1m:2305.7 5m:2200.6 10m:2201.4 | Shares: 21/0 (found:21) | Diff: 254939 | 41s elapsed (since last share, avg 1m50s) | best=351 target=16847 (999%)
[2026-09-16T00:08:30Z INFO  minertim::pool_connection] New job: 7lH02PBTYIvb65Km (difficulty: 254939, target: cf410000)
[2026-09-16T00:08:37Z INFO  minertim] H/s 1m:2292.2 5m:2209.3 10m:2202.0 | Shares: 21/0 (found:21) | Diff: 254939 | 51s elapsed (since last share, avg 1m51s) | best=351 target=16847 (999%)
[2026-09-16T00:08:47Z INFO  minertim] H/s 1m:2336.3 5m:2216.9 10m:2203.4 | Shares: 21/0 (found:21) | Diff: 254939 | 1m1s elapsed (since last share, avg 1m49s) | best=351 target=16847 (999%)
[2026-09-16T00:08:49Z INFO  minertim::pool_connection] New job: t8qntNykLXZ5hiFk (difficulty: 254939, target: cf410000)
[2026-09-16T00:08:57Z INFO  minertim] H/s 1m:2326.9 5m:2217.8 10m:2205.2 | Shares: 21/0 (found:21) | Diff: 254939 | 1m11s elapsed (since last share, avg 1m49s) | best=351 target=16847 (999%)
[2026-09-16T00:09:05Z INFO  minertim::pool_connection] New job: tNyKMlmCV6SI0X7y (difficulty: 155030, target: 386c0000)
[2026-09-16T00:09:07Z INFO  minertim] H/s 1m:2325.1 5m:2219.4 10m:2206.4 | Shares: 21/0 (found:21) | Diff: 155030 | 1m21s elapsed (since last share, avg 1m6s) | best=351 target=27704 (999%)
[2026-09-16T00:09:09Z INFO  minertim::pool_connection] New job: KKGw3sD68KbFzZ2T (difficulty: 155030, target: 386c0000)
[2026-09-16T00:09:17Z INFO  minertim] H/s 1m:2314.0 5m:2231.3 10m:2206.8 | Shares: 21/0 (found:21) | Diff: 155030 | 1m31s elapsed (since last share, avg 1m6s) | best=351 target=27704 (999%)
[2026-09-16T00:09:27Z INFO  minertim] H/s 1m:2327.5 5m:2236.0 10m:2208.0 | Shares: 21/0 (found:21) | Diff: 155030 | 1m41s elapsed (since last share, avg 1m6s) | best=351 target=27704 (999%)
[2026-09-16T00:09:29Z INFO  minertim::pool_connection] New job: zmywzhqbn1byw73D (difficulty: 155030, target: 386c0000)
[2026-09-16T00:09:37Z INFO  minertim] H/s 1m:2332.6 5m:2238.5 10m:2209.0 | Shares: 21/0 (found:21) | Diff: 155030 | 1m51s elapsed (since last share, avg 1m6s) | best=351 target=27704 (999%)
[2026-09-16T00:09:38Z INFO  minertim::miner] Worker 3 SHARE FOUND! job_id=zmywzhqbn1byw73D, nonce=07b32100, hash_val=1199, difficulty=155030, hash=4a3e6c65d92d24670eb2e02eb0b92b9f91bb2e514d5e6c8eb7d4201eaf040000
[2026-09-16T00:09:47Z INFO  minertim] H/s 1m:2227.4 5m:2218.5 10m:2200.6 | Shares: 21/0 (found:22) | Diff: 155030 | 8s elapsed (since last share, avg 1m9s) | best=351 target=27704 (999%)
[2026-09-16T00:09:49Z INFO  minertim::pool_connection] New job: XhaXUbqZDN7Oljrw (difficulty: 155030, target: 386c0000)
[2026-09-16T00:09:49Z INFO  minertim::pool_connection] Share accepted by pool
[2026-09-16T00:09:53Z INFO  minertim::pool_connection] New job: P9hjKXjsalwPq2h4 (difficulty: 155030, target: 386c0000)
[2026-09-16T00:09:57Z INFO  minertim] H/s 1m:2196.9 5m:2213.6 10m:2199.4 | Shares: 22/0 (found:22) | Diff: 155030 | 18s elapsed (since last share, avg 1m10s) | best=351 target=27704 (999%)
[2026-09-16T00:10:07Z INFO  minertim] H/s 1m:2208.0 5m:2224.2 10m:2205.7 | Shares: 22/0 (found:22) | Diff: 155030 | 28s elapsed (since last share, avg 1m10s) | best=351 target=27704 (999%)
[2026-09-16T00:10:13Z INFO  minertim::pool_connection] New job: qIiK792VBFWS3IyC (difficulty: 155030, target: 386c0000)
[2026-09-16T00:10:17Z INFO  minertim] H/s 1m:2208.4 5m:2238.9 10m:2216.5 | Shares: 22/0 (found:22) | Diff: 155030 | 38s elapsed (since last share, avg 1m10s) | best=351 target=27704 (999%)
[2026-09-16T00:10:27Z INFO  minertim] H/s 1m:2208.4 5m:2241.6 10m:2217.5 | Shares: 22/0 (found:22) | Diff: 155030 | 48s elapsed (since last share, avg 1m10s) | best=351 target=27704 (999%)
[2026-09-16T00:10:29Z INFO  minertim::miner] Worker 2 SHARE FOUND! job_id=qIiK792VBFWS3IyC, nonce=1a712500, hash_val=12423, difficulty=155030, hash=581cccd6aa5c5fd880e1463f8c4801b14bbaa697ddd6eb2f9b767f9e87300000
[2026-09-16T00:10:33Z INFO  minertim::pool_connection] New job: 46zHDN870K7gK8lx (difficulty: 155030, target: 386c0000)
[2026-09-16T00:10:33Z INFO  minertim::pool_connection] Share accepted by pool
[2026-09-16T00:10:37Z INFO  minertim] H/s 1m:2284.0 5m:2265.9 10m:2218.2 | Shares: 23/0 (found:23) | Diff: 155030 | 7s elapsed (since last share, avg 1m7s) | best=351 target=27704 (999%)
[2026-09-16T00:10:47Z INFO  minertim] H/s 1m:2316.6 5m:2279.3 10m:2220.0 | Shares: 23/0 (found:23) | Diff: 155030 | 17s elapsed (since last share, avg 1m6s) | best=351 target=27704 (999%)
[2026-09-16T00:10:53Z INFO  minertim::pool_connection] New job: Q9YO8Cb7xMbqA10A (difficulty: 155030, target: 386c0000)
[2026-09-16T00:10:57Z INFO  minertim] H/s 1m:2316.7 5m:2285.9 10m:2220.5 | Shares: 23/0 (found:23) | Diff: 155030 | 27s elapsed (since last share, avg 1m6s) | best=351 target=27704 (999%)
[2026-09-16T00:11:07Z INFO  minertim] H/s 1m:2317.4 5m:2289.0 10m:2220.9 | Shares: 23/0 (found:23) | Diff: 155030 | 37s elapsed (since last share, avg 1m6s) | best=351 target=27704 (999%)
[2026-09-16T00:11:13Z INFO  minertim::pool_connection] New job: 8f2uKSYbE8bkv7BR (difficulty: 155030, target: 386c0000)
[2026-09-16T00:11:17Z INFO  minertim] H/s 1m:2318.1 5m:2294.0 10m:2221.3 | Shares: 23/0 (found:23) | Diff: 155030 | 47s elapsed (since last share, avg 1m6s) | best=351 target=27704 (999%)
[2026-09-16T00:11:27Z INFO  minertim] H/s 1m:2360.2 5m:2304.1 10m:2221.8 | Shares: 23/0 (found:23) | Diff: 155030 | 57s elapsed (since last share, avg 1m5s) | best=351 target=27704 (999%)
[2026-09-16T00:11:33Z INFO  minertim::pool_connection] New job: E2KD0SoDDZthvTuC (difficulty: 155030, target: 386c0000)
[2026-09-16T00:11:37Z INFO  minertim] H/s 1m:2351.3 5m:2304.9 10m:2221.4 | Shares: 23/0 (found:23) | Diff: 155030 | 1m7s elapsed (since last share, avg 1m5s) | best=351 target=27704 (999%)
[2026-09-16T00:11:40Z INFO  minertim::pool_connection] New job: zneMoAqjV92N0gd0 (difficulty: 155030, target: 386c0000)
[2026-09-16T00:11:47Z INFO  minertim] H/s 1m:2335.6 5m:2302.7 10m:2230.8 | Shares: 23/0 (found:23) | Diff: 155030 | 1m17s elapsed (since last share, avg 1m6s) | best=351 target=27704 (999%)
[2026-09-16T00:11:57Z INFO  minertim] H/s 1m:2334.3 5m:2303.1 10m:2239.5 | Shares: 23/0 (found:23) | Diff: 155030 | 1m27s elapsed (since last share, avg 1m6s) | best=351 target=27704 (999%)
[2026-09-16T00:12:00Z INFO  minertim::pool_connection] New job: TJY7PDvWcV9YLLi9 (difficulty: 155030, target: 386c0000)
[2026-09-16T00:12:01Z INFO  minertim::miner] Worker 0 SHARE FOUND! job_id=TJY7PDvWcV9YLLi9, nonce=1cc92900, hash_val=6690, difficulty=155030, hash=f7efd38af459cbbca4c1a78d03e09e6cee2cab95a85a6a74e1901c50221a0000
[2026-09-16T00:12:06Z INFO  minertim::pool_connection] New job: dGzjqytPzsVJr92u (difficulty: 115627, target: 19910000)
[2026-09-16T00:12:06Z INFO  minertim::pool_connection] Share accepted by pool
[2026-09-16T00:12:07Z INFO  minertim] H/s 1m:2277.3 5m:2293.5 10m:2239.8 | Shares: 24/0 (found:24) | Diff: 115627 | 6s elapsed (since last share, avg 50s) | best=351 target=37145 (999%)
[2026-09-16T00:12:17Z INFO  minertim] H/s 1m:2275.9 5m:2294.2 10m:2248.9 | Shares: 24/0 (found:24) | Diff: 115627 | 16s elapsed (since last share, avg 50s) | best=351 target=37145 (999%)
[2026-09-16T00:12:20Z INFO  minertim::pool_connection] New job: Cu83qWHmMQybFcKc (difficulty: 115627, target: 19910000)
[2026-09-16T00:12:27Z INFO  minertim] H/s 1m:2284.8 5m:2294.6 10m:2249.3 | Shares: 24/0 (found:24) | Diff: 115627 | 26s elapsed (since last share, avg 50s) | best=351 target=37145 (999%)
[2026-09-16T00:12:36Z INFO  minertim::pool_connection] New job: wWiqyBazwbsnQkKl (difficulty: 173442, target: bb600000)
[2026-09-16T00:12:37Z INFO  minertim] H/s 1m:2279.6 5m:2291.2 10m:2248.5 | Shares: 24/0 (found:24) | Diff: 173442 | 36s elapsed (since last share, avg 1m16s) | best=351 target=24763 (999%)
[2026-09-16T00:12:40Z INFO  minertim::pool_connection] New job: 5sfb5j4A5ltu8Iu6 (difficulty: 173442, target: bb600000)
[2026-09-16T00:12:47Z INFO  minertim] H/s 1m:2272.6 5m:2298.3 10m:2250.1 | Shares: 24/0 (found:24) | Diff: 173442 | 46s elapsed (since last share, avg 1m16s) | best=351 target=24763 (999%)
[2026-09-16T00:12:57Z INFO  minertim] H/s 1m:2321.4 5m:2297.3 10m:2250.2 | Shares: 24/0 (found:24) | Diff: 173442 | 56s elapsed (since last share, avg 1m14s) | best=351 target=24763 (999%)
[2026-09-16T00:13:00Z INFO  minertim::pool_connection] New job: 2B6yH8u1uiMiKKZI (difficulty: 173442, target: bb600000)
[2026-09-16T00:13:06Z INFO  minertim::pool_connection] New job: 4Lhgzy6LbiL2GLMp (difficulty: 130079, target: fa800000)
[2026-09-16T00:13:07Z INFO  minertim] H/s 1m:2304.9 5m:2294.4 10m:2248.8 | Shares: 24/0 (found:24) | Diff: 130079 | 1m6s elapsed (since last share, avg 56s) | best=351 target=33018 (999%)
[2026-09-16T00:13:17Z INFO  minertim] H/s 1m:2301.1 5m:2293.8 10m:2248.7 | Shares: 24/0 (found:24) | Diff: 130079 | 1m16s elapsed (since last share, avg 56s) | best=351 target=33018 (999%)
[2026-09-16T00:13:20Z INFO  minertim::pool_connection] New job: WglRF2OVGYhKaHN0 (difficulty: 130079, target: fa800000)
[2026-09-16T00:13:27Z INFO  minertim] H/s 1m:2321.2 5m:2296.2 10m:2249.0 | Shares: 24/0 (found:24) | Diff: 130079 | 1m26s elapsed (since last share, avg 56s) | best=351 target=33018 (999%)
[2026-09-16T00:13:37Z INFO  minertim] H/s 1m:2314.9 5m:2294.6 10m:2253.3 | Shares: 24/0 (found:24) | Diff: 130079 | 1m36s elapsed (since last share, avg 56s) | best=351 target=33018 (999%)
[2026-09-16T00:13:40Z INFO  minertim::pool_connection] New job: Zjn205pcpzbwtQ7r (difficulty: 130079, target: fa800000)
[2026-09-16T00:13:42Z INFO  minertim::miner] Worker 3 SHARE FOUND! job_id=Zjn205pcpzbwtQ7r, nonce=a3032a00, hash_val=11993, difficulty=130079, hash=42059017663a36097f0c5b5a0157ec53e6b2e9291552efded6ef02b8d92e0000
[2026-09-16T00:13:45Z INFO  minertim::pool_connection] New job: aSH9L2calC0nes0T (difficulty: 130079, target: fa800000)
[2026-09-16T00:13:45Z INFO  minertim::pool_connection] Share accepted by pool
[2026-09-16T00:13:47Z INFO  minertim] H/s 1m:2296.5 5m:2292.1 10m:2255.3 | Shares: 25/0 (found:25) | Diff: 130079 | 4s elapsed (since last share, avg 56s) | best=351 target=33018 (999%)
[2026-09-16T00:13:57Z INFO  minertim] H/s 1m:2294.4 5m:2289.2 10m:2255.1 | Shares: 25/0 (found:25) | Diff: 130079 | 14s elapsed (since last share, avg 56s) | best=351 target=33018 (999%)
[2026-09-16T00:14:05Z INFO  minertim::pool_connection] New job: b0kPimk6bcNkN9JR (difficulty: 130079, target: fa800000)
[2026-09-16T00:14:07Z INFO  minertim::miner] Worker 2 SHARE FOUND! job_id=b0kPimk6bcNkN9JR, nonce=360a2d00, hash_val=25392, difficulty=130079, hash=e63502d55f0ec7be0991dcc462fb61c14c114b0f542e6b426f90090130630000
[2026-09-16T00:14:07Z INFO  minertim] H/s 1m:2287.1 5m:2289.2 10m:2255.1 | Shares: 25/0 (found:26) | Diff: 130079 | 0s elapsed (since last share, avg 56s) | best=351 target=33018 (999%)
[2026-09-16T00:14:17Z INFO  minertim] H/s 1m:2163.9 5m:2267.9 10m:2251.4 | Shares: 25/0 (found:26) | Diff: 130079 | 10s elapsed (since last share, avg 1m0s) | best=351 target=33018 (999%)
[2026-09-16T00:14:25Z INFO  minertim::pool_connection] New job: L94SkNEhm7eoOJwk (difficulty: 130079, target: fa800000)
[2026-09-16T00:14:25Z INFO  minertim::pool_connection] Share accepted by pool
[2026-09-16T00:14:27Z INFO  minertim] H/s 1m:2089.9 5m:2252.8 10m:2246.3 | Shares: 26/0 (found:26) | Diff: 130079 | 20s elapsed (since last share, avg 1m2s) | best=351 target=33018 (999%)
[2026-09-16T00:14:37Z INFO  minertim] H/s 1m:2100.0 5m:2270.1 10m:2246.2 | Shares: 26/0 (found:26) | Diff: 130079 | 30s elapsed (since last share, avg 1m1s) | best=351 target=33018 (999%)
[2026-09-16T00:14:45Z INFO  minertim::pool_connection] New job: ZcMYs4diPfqdDzL1 (difficulty: 130079, target: fa800000)
[2026-09-16T00:14:47Z INFO  minertim] H/s 1m:2102.9 5m:2273.0 10m:2244.9 | Shares: 26/0 (found:26) | Diff: 130079 | 40s elapsed (since last share, avg 1m1s) | best=351 target=33018 (999%)
[2026-09-16T00:14:48Z INFO  minertim::pool_connection] New job: 7Xh02S7is0BDtBb0 (difficulty: 130079, target: fa800000)
[2026-09-16T00:14:57Z INFO  minertim] H/s 1m:2111.4 5m:2272.5 10m:2245.0 | Shares: 26/0 (found:26) | Diff: 130079 | 50s elapsed (since last share, avg 1m1s) | best=351 target=33018 (999%)
[2026-09-16T00:15:07Z INFO  minertim] H/s 1m:2234.5 5m:2272.4 10m:2250.2 | Shares: 26/0 (found:26) | Diff: 130079 | 1m0s elapsed (since last share, avg 58s) | best=351 target=33018 (999%)
[2026-09-16T00:15:08Z INFO  minertim::pool_connection] New job: tUjh2734inSb07Ht (difficulty: 130079, target: fa800000)
[2026-09-16T00:15:17Z INFO  minertim] H/s 1m:2313.2 5m:2270.9 10m:2256.6 | Shares: 26/0 (found:26) | Diff: 130079 | 1m10s elapsed (since last share, avg 56s) | best=351 target=33018 (999%)
[2026-09-16T00:15:27Z INFO  minertim] H/s 1m:2329.4 5m:2277.9 10m:2258.0 | Shares: 26/0 (found:26) | Diff: 130079 | 1m20s elapsed (since last share, avg 55s) | best=351 target=33018 (999%)
[2026-09-16T00:15:28Z INFO  minertim::pool_connection] New job: 8C85KYZop1E9kHqu (difficulty: 130079, target: fa800000)
[2026-09-16T00:15:37Z INFO  minertim] H/s 1m:2272.7 5m:2265.4 10m:2267.2 | Shares: 26/0 (found:26) | Diff: 130079 | 1m30s elapsed (since last share, avg 57s) | best=351 target=33018 (999%)
[2026-09-16T00:15:47Z INFO  minertim] H/s 1m:1975.1 5m:2213.6 10m:2248.3 | Shares: 26/0 (found:26) | Diff: 130079 | 1m40s elapsed (since last share, avg 1m5s) | best=351 target=33018 (999%)
[2026-09-16T00:15:48Z INFO  minertim::pool_connection] New job: p1qrfyjtK2ryR2j1 (difficulty: 130079, target: fa800000)
[2026-09-16T00:15:57Z INFO  minertim] H/s 1m:1719.5 5m:2169.3 10m:2229.8 | Shares: 26/0 (found:26) | Diff: 130079 | 1m50s elapsed (since last share, avg 1m15s) | best=351 target=33018 (999%)
[2026-09-16T00:16:06Z INFO  minertim::pool_connection] New job: UBkUXFAseQ00EYgn (difficulty: 97559, target: f8ab0000)
[2026-09-16T00:16:07Z INFO  minertim] H/s 1m:1398.0 5m:2112.1 10m:2203.2 | Shares: 26/0 (found:26) | Diff: 97559 | 2m0s elapsed (since last share, avg 1m9s) | best=351 target=44024 (999%)
[2026-09-16T00:16:08Z INFO  minertim::pool_connection] New job: qt04ixqStG2jSBxv (difficulty: 97559, target: f8ab0000)
[2026-09-16T00:16:17Z INFO  minertim] H/s 1m:1019.0 5m:2046.4 10m:2173.4 | Shares: 26/0 (found:26) | Diff: 97559 | 2m10s elapsed (since last share, avg 1m35s) | best=351 target=44024 (999%)
[2026-09-16T00:16:19Z INFO  minertim::pool_connection] New job: ibctzA08DXnWQ4pU (difficulty: 97559, target: f8ab0000)
[2026-09-16T00:16:27Z INFO  minertim] H/s 1m:729.2 5m:1985.2 10m:2147.5 | Shares: 26/0 (found:26) | Diff: 97559 | 2m20s elapsed (since last share, avg 2m13s) | best=351 target=44024 (999%)
[2026-09-16T00:16:37Z INFO  minertim] H/s 1m:739.7 5m:1938.0 10m:2124.1 | Shares: 26/0 (found:26) | Diff: 97559 | 2m30s elapsed (since last share, avg 2m11s) | best=351 target=44024 (999%)
[2026-09-16T00:16:39Z INFO  minertim::pool_connection] New job: 61ysRID8HveieotJ (difficulty: 97559, target: f8ab0000)
[2026-09-16T00:16:47Z INFO  minertim] H/s 1m:958.0 5m:1931.8 10m:2121.2 | Shares: 26/0 (found:26) | Diff: 97559 | 2m40s elapsed (since last share, avg 1m41s) | best=351 target=44024 (999%)
[2026-09-16T00:16:57Z INFO  minertim] H/s 1m:1286.7 5m:1941.1 10m:2121.3 | Shares: 26/0 (found:26) | Diff: 97559 | 2m50s elapsed (since last share, avg 1m15s) | best=351 target=44024 (999%)
[2026-09-16T00:16:59Z INFO  minertim::pool_connection] New job: O1wjnAQvfj7XfPFe (difficulty: 97559, target: f8ab0000)
[2026-09-16T00:17:06Z INFO  minertim::pool_connection] New job: ncfnM1tmnRveedOk (difficulty: 73169, target: 4be50000)
[2026-09-16T00:17:07Z INFO  minertim] H/s 1m:1657.8 5m:1939.8 10m:2120.7 | Shares: 26/0 (found:26) | Diff: 73169 | 3m0s elapsed (since last share, avg 44s) | best=351 target=58699 (999%)
[2026-09-16T00:17:17Z INFO  minertim] H/s 1m:2010.8 5m:1938.0 10m:2120.2 | Shares: 26/0 (found:26) | Diff: 73169 | 3m10s elapsed (since last share, avg 36s) | best=351 target=58699 (999%)
[2026-09-16T00:17:19Z INFO  minertim::pool_connection] New job: 0miEOS1lqZzuSk03 (difficulty: 73169, target: 4be50000)
[2026-09-16T00:17:20Z INFO  minertim::pool_connection] New job: plv3kjb6QPa0L1CV (difficulty: 73169, target: 4be50000)
[2026-09-16T00:17:27Z INFO  minertim] H/s 1m:2294.8 5m:1940.6 10m:2119.9 | Shares: 26/0 (found:26) | Diff: 73169 | 3m20s elapsed (since last share, avg 31s) | best=351 target=58699 (999%)
[2026-09-16T00:17:37Z INFO  minertim] H/s 1m:2330.3 5m:1941.7 10m:2119.8 | Shares: 26/0 (found:26) | Diff: 73169 | 3m30s elapsed (since last share, avg 31s) | best=351 target=58699 (999%)
[2026-09-16T00:17:40Z INFO  minertim::pool_connection] New job: Uf5KQoiET6eyqBIX (difficulty: 73169, target: 4be50000)
[2026-09-16T00:17:47Z INFO  minertim] H/s 1m:2332.6 5m:1943.1 10m:2124.0 | Shares: 26/0 (found:26) | Diff: 73169 | 3m40s elapsed (since last share, avg 31s) | best=351 target=58699 (999%)
[2026-09-16T00:17:57Z INFO  minertim::miner] Worker 2 SHARE FOUND! job_id=Uf5KQoiET6eyqBIX, nonce=72103300, hash_val=16102, difficulty=73169, hash=21d4b0e203884437b890ffbddd7770ff051e3f7b45ab77cab161921de63e0000
[2026-09-16T00:17:57Z INFO  minertim] H/s 1m:2333.4 5m:1944.7 10m:2123.6 | Shares: 26/0 (found:27) | Diff: 73169 | 0s elapsed (since last share, avg 31s) | best=351 target=58699 (999%)
[2026-09-16T00:18:00Z INFO  minertim::pool_connection] New job: XwZLckTJBFcdh10M (difficulty: 73169, target: 4be50000)
[2026-09-16T00:18:00Z INFO  minertim::pool_connection] Share accepted by pool
[2026-09-16T00:18:07Z INFO  minertim] H/s 1m:2316.9 5m:1940.7 10m:2121.3 | Shares: 27/0 (found:27) | Diff: 73169 | 10s elapsed (since last share, avg 31s) | best=351 target=58699 (999%)
[2026-09-16T00:18:17Z INFO  minertim] H/s 1m:2323.4 5m:1941.0 10m:2121.4 | Shares: 27/0 (found:27) | Diff: 73169 | 20s elapsed (since last share, avg 31s) | best=351 target=58699 (999%)
[2026-09-16T00:18:20Z INFO  minertim::pool_connection] New job: 0teCzkQsoFsNbTVq (difficulty: 73169, target: 4be50000)
[2026-09-16T00:18:26Z INFO  minertim::pool_connection] New job: 0035a0xD8TMalUAG (difficulty: 73169, target: 4be50000)
[2026-09-16T00:18:27Z INFO  minertim] H/s 1m:2325.7 5m:1943.6 10m:2122.6 | Shares: 27/0 (found:27) | Diff: 73169 | 30s elapsed (since last share, avg 31s) | best=351 target=58699 (999%)
[2026-09-16T00:18:37Z INFO  minertim] H/s 1m:2326.3 5m:1948.2 10m:2123.2 | Shares: 27/0 (found:27) | Diff: 73169 | 40s elapsed (since last share, avg 31s) | best=351 target=58699 (999%)
[2026-09-16T00:18:46Z INFO  minertim::pool_connection] New job: m8ymJao3j3u2iObH (difficulty: 73169, target: 4be50000)
[2026-09-16T00:18:47Z INFO  minertim] H/s 1m:2334.6 5m:1951.7 10m:2124.2 | Shares: 27/0 (found:27) | Diff: 73169 | 50s elapsed (since last share, avg 31s) | best=351 target=58699 (999%)
[2026-09-16T00:18:50Z INFO  minertim::miner] Worker 2 SHARE FOUND! job_id=m8ymJao3j3u2iObH, nonce=2ae03400, hash_val=21726, difficulty=73169, hash=15c84fa7f972e4cbf1acda3680a5a645480694a4371d4cb264959e03de540000
[2026-09-16T00:18:57Z INFO  minertim] H/s 1m:2245.0 5m:1933.5 10m:2114.5 | Shares: 27/0 (found:28) | Diff: 73169 | 7s elapsed (since last share, avg 32s) | best=351 target=58699 (999%)
[2026-09-16T00:19:06Z INFO  minertim::pool_connection] New job: kcjudh75Y0mVc25q (difficulty: 73169, target: 4be50000)
[2026-09-16T00:19:06Z INFO  minertim::pool_connection] New job: osb37AofVQAAwKsp (difficulty: 54877, target: b9310100)
[2026-09-16T00:19:06Z INFO  minertim::pool_connection] Share accepted by pool
[2026-09-16T00:19:07Z INFO  minertim] H/s 1m:2183.5 5m:1944.3 10m:2110.3 | Shares: 28/0 (found:28) | Diff: 54877 | 17s elapsed (since last share, avg 25s) | best=351 target=78265 (999%)
[2026-09-16T00:19:18Z INFO  minertim] H/s 1m:2173.6 5m:1958.0 10m:2109.6 | Shares: 28/0 (found:28) | Diff: 54877 | 27s elapsed (since last share, avg 25s) | best=351 target=78265 (999%)
[2026-09-16T00:19:26Z INFO  minertim::pool_connection] New job: XfKT0a5dKdY5w7Yx (difficulty: 54877, target: b9310100)
[2026-09-16T00:19:28Z INFO  minertim] H/s 1m:2169.5 5m:1960.2 10m:2109.4 | Shares: 28/0 (found:28) | Diff: 54877 | 37s elapsed (since last share, avg 25s) | best=351 target=78265 (999%)
[2026-09-16T00:19:36Z INFO  minertim::pool_connection] New job: HyHjEaw7V0RfXJOk (difficulty: 82316, target: d0cb0000)
[2026-09-16T00:19:38Z INFO  minertim] H/s 1m:2166.9 5m:1962.7 10m:2119.1 | Shares: 28/0 (found:28) | Diff: 82316 | 47s elapsed (since last share, avg 37s) | best=351 target=52176 (999%)
[2026-09-16T00:19:46Z INFO  minertim::pool_connection] New job: iWvdHKmKe0HSD0hf (difficulty: 82316, target: d0cb0000)
[2026-09-16T00:19:48Z INFO  minertim] H/s 1m:2282.4 5m:1962.9 10m:2121.8 | Shares: 28/0 (found:28) | Diff: 82316 | 57s elapsed (since last share, avg 36s) | best=351 target=52176 (999%)
[2026-09-16T00:19:51Z INFO  minertim::pool_connection] New job: jhOctZAu30SOs10F (difficulty: 82316, target: d0cb0000)
[2026-09-16T00:19:55Z INFO  minertim::miner] Worker 1 SHARE FOUND! job_id=jhOctZAu30SOs10F, nonce=49d93800, hash_val=27087, difficulty=82316, hash=cdffe44f9829d776e3659eca6be9bf721927b853bbba6ec4840ab99fcf690000
[2026-09-16T00:19:58Z INFO  minertim] H/s 1m:2284.6 5m:1953.0 10m:2116.8 | Shares: 28/0 (found:29) | Diff: 82316 | 2s elapsed (since last share, avg 36s) | best=351 target=52176 (999%)
[2026-09-16T00:20:06Z INFO  minertim::pool_connection] New job: QhYDWYFtimCKqaA4 (difficulty: 61737, target: c00f0100)
[2026-09-16T00:20:06Z INFO  minertim::pool_connection] Share accepted by pool
[2026-09-16T00:20:07Z INFO  minertim] H/s 1m:2228.6 5m:1943.4 10m:2111.3 | Shares: 29/0 (found:29) | Diff: 61737 | 12s elapsed (since last share, avg 27s) | best=351 target=69568 (999%)
[2026-09-16T00:20:11Z INFO  minertim::pool_connection] New job: NShr049B4BIgYKLg (difficulty: 61737, target: c00f0100)
[2026-09-16T00:20:17Z INFO  minertim] H/s 1m:2234.1 5m:1943.8 10m:2111.5 | Shares: 29/0 (found:29) | Diff: 61737 | 22s elapsed (since last share, avg 27s) | best=351 target=69568 (999%)
[2026-09-16T00:20:27Z INFO  minertim::miner] Worker 3 SHARE FOUND! job_id=NShr049B4BIgYKLg, nonce=bbc73600, hash_val=66810, difficulty=61737, hash=bfb8710fbfd299fe10535b41599f4aee0c10ba052d281ca5d8348cf6fa040100
[2026-09-16T00:20:27Z INFO  minertim] H/s 1m:2219.4 5m:1953.5 10m:2113.6 | Shares: 29/0 (found:30) | Diff: 61737 | 0s elapsed (since last share, avg 27s) | best=351 target=69568 (999%)
[2026-09-16T00:20:31Z INFO  minertim::pool_connection] New job: Su4TWFCGG7TSDXNA (difficulty: 61737, target: c00f0100)
[2026-09-16T00:20:31Z INFO  minertim::pool_connection] Share accepted by pool
[2026-09-16T00:20:36Z INFO  minertim::pool_connection] New job: SMk20YGinUMCReeR (difficulty: 92607, target: 2ab50000)
[2026-09-16T00:20:38Z INFO  minertim] H/s 1m:2173.4 5m:1997.1 10m:2109.6 | Shares: 30/0 (found:30) | Diff: 92607 | 10s elapsed (since last share, avg 42s) | best=351 target=46378 (999%)
[2026-09-16T00:20:48Z INFO  minertim] H/s 1m:2232.0 5m:2041.4 10m:2109.6 | Shares: 30/0 (found:30) | Diff: 92607 | 20s elapsed (since last share, avg 41s) | best=351 target=46378 (999%)
[2026-09-16T00:20:51Z INFO  minertim::pool_connection] New job: kT7ysMYFhVTLmb4g (difficulty: 92607, target: 2ab50000)
[2026-09-16T00:20:58Z INFO  minertim] H/s 1m:2298.0 5m:2098.6 10m:2109.7 | Shares: 30/0 (found:30) | Diff: 92607 | 30s elapsed (since last share, avg 40s) | best=351 target=46378 (999%)
[2026-09-16T00:21:08Z INFO  minertim] H/s 1m:2296.0 5m:2164.2 10m:2109.7 | Shares: 30/0 (found:30) | Diff: 92607 | 40s elapsed (since last share, avg 40s) | best=351 target=46378 (999%)
[2026-09-16T00:21:11Z INFO  minertim::pool_connection] New job: LMmdXxTPbMZvRnIK (difficulty: 92607, target: 2ab50000)
[2026-09-16T00:21:18Z INFO  minertim] H/s 1m:2311.8 5m:2226.8 10m:2109.5 | Shares: 30/0 (found:30) | Diff: 92607 | 50s elapsed (since last share, avg 40s) | best=351 target=46378 (999%)
[2026-09-16T00:21:19Z INFO  minertim::miner] Worker 0 SHARE FOUND! job_id=LMmdXxTPbMZvRnIK, nonce=04ff3b00, hash_val=19604, difficulty=92607, hash=907bcbc4bb14186d182d3d037d73eb6a87d9e8cda371ceefc5fbfdfe944c0000
[2026-09-16T00:21:27Z INFO  minertim::pool_connection] Share accepted by pool
[2026-09-16T00:21:28Z INFO  minertim] H/s 1m:2273.7 5m:2262.1 10m:2103.1 | Shares: 31/0 (found:31) | Diff: 92607 | 8s elapsed (since last share, avg 40s) | best=351 target=46378 (999%)
[2026-09-16T00:21:31Z INFO  minertim::pool_connection] New job: qHXopYi0kSJfcHhp (difficulty: 92607, target: 2ab50000)
[2026-09-16T00:21:38Z INFO  minertim] H/s 1m:2251.3 5m:2264.6 10m:2102.5 | Shares: 31/0 (found:31) | Diff: 92607 | 18s elapsed (since last share, avg 41s) | best=351 target=46378 (999%)
[2026-09-16T00:21:48Z INFO  minertim] H/s 1m:2241.2 5m:2263.4 10m:2101.8 | Shares: 31/0 (found:31) | Diff: 92607 | 28s elapsed (since last share, avg 41s) | best=351 target=46378 (999%)
[2026-09-16T00:21:51Z INFO  minertim::pool_connection] New job: v3TsJNku8iXTleOt (difficulty: 92607, target: 2ab50000)
[2026-09-16T00:21:58Z INFO  minertim] H/s 1m:2238.1 5m:2264.3 10m:2106.3 | Shares: 31/0 (found:31) | Diff: 92607 | 38s elapsed (since last share, avg 41s) | best=351 target=46378 (999%)
[2026-09-16T00:22:08Z INFO  minertim] H/s 1m:2239.4 5m:2266.3 10m:2106.4 | Shares: 31/0 (found:31) | Diff: 92607 | 48s elapsed (since last share, avg 41s) | best=351 target=46378 (999%)
[2026-09-16T00:22:10Z INFO  minertim::pool_connection] New job: jgjQOTEG9P6q5PwZ (difficulty: 92607, target: 2ab50000)
[2026-09-16T00:22:18Z INFO  minertim] H/s 1m:2325.4 5m:2267.4 10m:2106.5 | Shares: 31/0 (found:31) | Diff: 92607 | 58s elapsed (since last share, avg 39s) | best=351 target=46378 (999%)
[2026-09-16T00:22:28Z INFO  minertim] H/s 1m:2349.1 5m:2267.9 10m:2108.4 | Shares: 31/0 (found:31) | Diff: 92607 | 1m8s elapsed (since last share, avg 39s) | best=351 target=46378 (999%)
[2026-09-16T00:22:30Z INFO  minertim::pool_connection] New job: LcXhCTSQv3mae9q6 (difficulty: 92607, target: 2ab50000)
[2026-09-16T00:22:36Z INFO  minertim::pool_connection] New job: I5K6VLUHiFfQfKkl (difficulty: 66676, target: 9ffb0000)
[2026-09-16T00:22:36Z INFO  minertim::pool_connection] New job: bAEWNBXiuwHE7lTn (difficulty: 66676, target: 9ffb0000)
[2026-09-16T00:22:38Z INFO  minertim] H/s 1m:2359.1 5m:2268.0 10m:2109.1 | Shares: 31/0 (found:31) | Diff: 66676 | 1m18s elapsed (since last share, avg 28s) | best=351 target=64415 (999%)
[2026-09-16T00:22:40Z INFO  minertim::miner] Worker 2 SHARE FOUND! job_id=bAEWNBXiuwHE7lTn, nonce=168b3c00, hash_val=30956, difficulty=66676, hash=bf321d6b8f5f2d5d06cd53e8a39246dbc7005f7b8b6a36d8ff871571ec780000
[2026-09-16T00:22:48Z INFO  minertim] H/s 1m:2246.9 5m:2249.4 10m:2100.0 | Shares: 31/0 (found:32) | Diff: 66676 | 7s elapsed (since last share, avg 29s) | best=351 target=64415 (999%)
[2026-09-16T00:22:52Z INFO  minertim::miner] Worker 1 SHARE FOUND! job_id=bAEWNBXiuwHE7lTn, nonce=adc83e00, hash_val=9067, difficulty=66676, hash=ca121bc9d6341b87786416750ac82233f7c9325bda20bc63d1bcb8cd6b230000
[2026-09-16T00:22:56Z INFO  minertim::pool_connection] New job: bX6dUxtZq0oJC0F0 (difficulty: 66676, target: 9ffb0000)
[2026-09-16T00:22:57Z INFO  minertim::pool_connection] Share accepted by pool
[2026-09-16T00:22:57Z INFO  minertim::pool_connection] Share accepted by pool
[2026-09-16T00:22:58Z INFO  minertim] H/s 1m:2126.4 5m:2233.4 10m:2091.3 | Shares: 33/0 (found:33) | Diff: 66676 | 5s elapsed (since last share, avg 31s) | best=351 target=64415 (999%)
[2026-09-16T00:23:06Z INFO  minertim::pool_connection] New job: RBIw4T1HbuIOFEUM (difficulty: 100015, target: bfa70000)
[2026-09-16T00:23:08Z INFO  minertim] H/s 1m:2127.2 5m:2233.6 10m:2091.8 | Shares: 33/0 (found:33) | Diff: 100015 | 16s elapsed (since last share, avg 47s) | best=351 target=42943 (999%)
[2026-09-16T00:23:16Z INFO  minertim::pool_connection] New job: ftEMCM0F9yazDgQE (difficulty: 100015, target: bfa70000)
[2026-09-16T00:23:18Z INFO  minertim] H/s 1m:2127.2 5m:2233.7 10m:2091.9 | Shares: 33/0 (found:33) | Diff: 100015 | 26s elapsed (since last share, avg 47s) | best=351 target=42943 (999%)
[2026-09-16T00:23:28Z INFO  minertim] H/s 1m:2128.7 5m:2233.9 10m:2093.3 | Shares: 33/0 (found:33) | Diff: 100015 | 36s elapsed (since last share, avg 46s) | best=351 target=42943 (999%)
[2026-09-16T00:23:36Z INFO  minertim::pool_connection] New job: tF2Lsow1E00IjGLx (difficulty: 100015, target: bfa70000)
[2026-09-16T00:23:38Z INFO  minertim] H/s 1m:2245.4 5m:2234.1 10m:2095.7 | Shares: 33/0 (found:33) | Diff: 100015 | 46s elapsed (since last share, avg 44s) | best=351 target=42943 (999%)
[2026-09-16T00:23:48Z INFO  minertim] H/s 1m:2366.6 5m:2254.4 10m:2097.4 | Shares: 33/0 (found:33) | Diff: 100015 | 56s elapsed (since last share, avg 42s) | best=351 target=42943 (999%)
[2026-09-16T00:23:49Z INFO  minertim::miner] Worker 0 SHARE FOUND! job_id=tF2Lsow1E00IjGLx, nonce=3c1a4100, hash_val=28276, difficulty=100015, hash=757587964ee929ff1ce7c4632c2e9bf9d7e44038cb0d01b16b1a286f746e0000
[2026-09-16T00:23:55Z INFO  minertim::pool_connection] New job: bcvqKEhz1d3krwYW (difficulty: 100015, target: bfa70000)
[2026-09-16T00:23:55Z INFO  minertim::pool_connection] Share accepted by pool
[2026-09-16T00:23:57Z INFO  minertim::miner] Worker 0 SHARE FOUND! job_id=bcvqKEhz1d3krwYW, nonce=fc2e4100, hash_val=3776, difficulty=100015, hash=c00b77f878ac264202c760023950eb4e160d3f69cd9fa7670819d6a3c00e0000
[2026-09-16T00:23:58Z INFO  minertim] H/s 1m:2275.3 5m:2249.4 10m:2090.8 | Shares: 34/0 (found:35) | Diff: 100015 | 0s elapsed (since last share, avg 43s) | best=351 target=42943 (999%)
[2026-09-16T00:24:08Z INFO  minertim] H/s 1m:2157.1 5m:2230.8 10m:2091.4 | Shares: 34/0 (found:35) | Diff: 100015 | 10s elapsed (since last share, avg 46s) | best=351 target=42943 (999%)
[2026-09-16T00:24:10Z INFO  minertim::pool_connection] New job: t00drekGlfbEDLAw (difficulty: 100015, target: bfa70000)
[2026-09-16T00:24:11Z INFO  minertim::pool_connection] Share accepted by pool
[2026-09-16T00:24:18Z INFO  minertim] H/s 1m:2124.5 5m:2226.2 10m:2096.3 | Shares: 35/0 (found:35) | Diff: 100015 | 20s elapsed (since last share, avg 47s) | best=351 target=42943 (999%)
[2026-09-16T00:24:28Z INFO  minertim] H/s 1m:2124.1 5m:2226.7 10m:2097.7 | Shares: 35/0 (found:35) | Diff: 100015 | 30s elapsed (since last share, avg 47s) | best=351 target=42943 (999%)
[2026-09-16T00:24:30Z INFO  minertim::pool_connection] New job: ZDPNM8Hn0HqwJD6J (difficulty: 100015, target: bfa70000)
[2026-09-16T00:24:38Z INFO  minertim] H/s 1m:2123.5 5m:2227.0 10m:2099.2 | Shares: 35/0 (found:35) | Diff: 100015 | 40s elapsed (since last share, avg 47s) | best=351 target=42943 (999%)
[2026-09-16T00:24:39Z INFO  minertim::miner] Worker 2 SHARE FOUND! job_id=ZDPNM8Hn0HqwJD6J, nonce=ba3e4000, hash_val=29255, difficulty=100015, hash=b67ba0054cb6013a60ebdc3ea84bdef09eb41a202c959f9e648600d247720000
[2026-09-16T00:24:43Z INFO  minertim::pool_connection] Share accepted by pool
[2026-09-16T00:24:44Z INFO  minertim::pool_connection] New job: J5fnK4a0DWyBH5AT (difficulty: 100015, target: bfa70000)
[2026-09-16T00:24:48Z INFO  minertim] H/s 1m:2181.7 5m:2231.7 10m:2096.7 | Shares: 36/0 (found:36) | Diff: 100015 | 9s elapsed (since last share, avg 45s) | best=351 target=42943 (999%)
[2026-09-16T00:24:58Z INFO  minertim] H/s 1m:2299.6 5m:2243.0 10m:2096.9 | Shares: 36/0 (found:36) | Diff: 100015 | 19s elapsed (since last share, avg 43s) | best=351 target=42943 (999%)
[2026-09-16T00:25:04Z INFO  minertim::pool_connection] New job: MO6esAGMoyNYaq6K (difficulty: 100015, target: bfa70000)
[2026-09-16T00:25:08Z INFO  minertim] H/s 1m:2319.1 5m:2240.8 10m:2096.8 | Shares: 36/0 (found:36) | Diff: 100015 | 29s elapsed (since last share, avg 43s) | best=351 target=42943 (999%)
[2026-09-16T00:25:12Z INFO  minertim::pool_connection] New job: VozHISrWAECqq7lI (difficulty: 100015, target: bfa70000)
[2026-09-16T00:25:18Z INFO  minertim] H/s 1m:2318.1 5m:2243.7 10m:2096.8 | Shares: 36/0 (found:36) | Diff: 100015 | 39s elapsed (since last share, avg 43s) | best=351 target=42943 (999%)
[2026-09-16T00:25:28Z INFO  minertim] H/s 1m:2318.9 5m:2252.1 10m:2103.1 | Shares: 36/0 (found:36) | Diff: 100015 | 49s elapsed (since last share, avg 43s) | best=351 target=42943 (999%)
[2026-09-16T00:25:32Z INFO  minertim::pool_connection] New job: LLSEGsTM7jZO6cwe (difficulty: 100015, target: bfa70000)
[2026-09-16T00:25:37Z INFO  minertim::miner] Worker 0 SHARE FOUND! job_id=LLSEGsTM7jZO6cwe, nonce=644c4400, hash_val=39643, difficulty=100015, hash=aecd201c0b5b95905178b76c75530ccf6f0162679becdae4cd354040db9a0000
[2026-09-16T00:25:38Z INFO  minertim] H/s 1m:2351.3 5m:2252.2 10m:2128.6 | Shares: 36/0 (found:37) | Diff: 100015 | 0s elapsed (since last share, avg 42s) | best=351 target=42943 (999%)
[2026-09-16T00:25:48Z INFO  minertim] H/s 1m:2235.5 5m:2232.3 10m:2140.6 | Shares: 36/0 (found:37) | Diff: 100015 | 10s elapsed (since last share, avg 44s) | best=351 target=42943 (999%)
[2026-09-16T00:25:52Z INFO  minertim::pool_connection] New job: 0veiIygegYisWchG (difficulty: 100015, target: bfa70000)
[2026-09-16T00:25:52Z INFO  minertim::pool_connection] Share accepted by pool
[2026-09-16T00:25:58Z INFO  minertim] H/s 1m:2205.0 5m:2225.1 10m:2165.2 | Shares: 37/0 (found:37) | Diff: 100015 | 20s elapsed (since last share, avg 45s) | best=351 target=42943 (999%)
[2026-09-16T00:26:08Z INFO  minertim] H/s 1m:2201.6 5m:2224.7 10m:2197.2 | Shares: 37/0 (found:37) | Diff: 100015 | 30s elapsed (since last share, avg 45s) | best=351 target=42943 (999%)
[2026-09-16T00:26:12Z INFO  minertim::pool_connection] New job: 1hGjp2Q4VZ04h0v1 (difficulty: 100015, target: bfa70000)
[2026-09-16T00:26:16Z INFO  minertim::miner] Worker 3 SHARE FOUND! job_id=1hGjp2Q4VZ04h0v1, nonce=9b314300, hash_val=25522, difficulty=100015, hash=339defdc5d786ec4d186bb494e1cf0ac9f7f85c7ca48eaa10d1dae0cb2630000
[2026-09-16T00:26:18Z INFO  minertim] H/s 1m:2141.5 5m:2229.3 10m:2223.1 | Shares: 37/0 (found:38) | Diff: 100015 | 1s elapsed (since last share, avg 46s) | best=351 target=42943 (999%)
[2026-09-16T00:26:26Z INFO  minertim::pool_connection] New job: 28ayPUptudInI3OJ (difficulty: 100015, target: bfa70000)
[2026-09-16T00:26:26Z INFO  minertim::pool_connection] Share accepted by pool
[2026-09-16T00:26:28Z INFO  minertim] H/s 1m:2083.2 5m:2223.3 10m:2242.8 | Shares: 38/0 (found:38) | Diff: 100015 | 11s elapsed (since last share, avg 48s) | best=351 target=42943 (999%)
[2026-09-16T00:26:38Z INFO  minertim] H/s 1m:2199.3 5m:2225.0 10m:2246.0 | Shares: 38/0 (found:38) | Diff: 100015 | 21s elapsed (since last share, avg 45s) | best=351 target=42943 (999%)
[2026-09-16T00:26:46Z INFO  minertim::pool_connection] New job: q9jTwnAMNuraw9Xu (difficulty: 100015, target: bfa70000)
[2026-09-16T00:26:48Z INFO  minertim] H/s 1m:2241.9 5m:2225.8 10m:2246.3 | Shares: 38/0 (found:38) | Diff: 100015 | 31s elapsed (since last share, avg 44s) | best=351 target=42943 (999%)
[2026-09-16T00:26:58Z INFO  minertim] H/s 1m:2245.6 5m:2225.7 10m:2247.0 | Shares: 38/0 (found:38) | Diff: 100015 | 41s elapsed (since last share, avg 44s) | best=351 target=42943 (999%)
[2026-09-16T00:27:03Z INFO  minertim::pool_connection] New job: 5szr0cZBeId1hb1t (difficulty: 100015, target: bfa70000)
[2026-09-16T00:27:08Z INFO  minertim] H/s 1m:2304.9 5m:2225.8 10m:2248.0 | Shares: 38/0 (found:38) | Diff: 100015 | 51s elapsed (since last share, avg 43s) | best=351 target=42943 (999%)
[2026-09-16T00:27:18Z INFO  minertim] H/s 1m:2364.2 5m:2225.9 10m:2248.6 | Shares: 38/0 (found:38) | Diff: 100015 | 1m1s elapsed (since last share, avg 42s) | best=351 target=42943 (999%)
[2026-09-16T00:27:23Z INFO  minertim::pool_connection] New job: YhLJgLB0PVzHWeNw (difficulty: 100015, target: bfa70000)
[2026-09-16T00:27:28Z INFO  minertim] H/s 1m:2358.1 5m:2224.9 10m:2248.3 | Shares: 38/0 (found:38) | Diff: 100015 | 1m11s elapsed (since last share, avg 42s) | best=351 target=42943 (999%)
[2026-09-16T00:27:38Z INFO  minertim] H/s 1m:2357.9 5m:2244.9 10m:2248.4 | Shares: 38/0 (found:38) | Diff: 100015 | 1m21s elapsed (since last share, avg 42s) | best=351 target=42943 (999%)
[2026-09-16T00:27:43Z INFO  minertim::pool_connection] New job: XA3IpyBoxxWD4CRg (difficulty: 100015, target: bfa70000)
[2026-09-16T00:27:48Z INFO  minertim] H/s 1m:2359.6 5m:2265.9 10m:2249.2 | Shares: 38/0 (found:38) | Diff: 100015 | 1m31s elapsed (since last share, avg 42s) | best=351 target=42943 (999%)
[2026-09-16T00:27:58Z INFO  minertim] H/s 1m:2361.0 5m:2266.0 10m:2251.7 | Shares: 38/0 (found:38) | Diff: 100015 | 1m41s elapsed (since last share, avg 42s) | best=351 target=42943 (999%)
[2026-09-16T00:28:03Z INFO  minertim::pool_connection] New job: 3aINwDcbTiclobCc (difficulty: 100015, target: bfa70000)
[2026-09-16T00:28:08Z INFO  minertim] H/s 1m:2361.1 5m:2266.2 10m:2251.8 | Shares: 38/0 (found:38) | Diff: 100015 | 1m51s elapsed (since last share, avg 42s) | best=351 target=42943 (999%)
[2026-09-16T00:28:18Z INFO  minertim] H/s 1m:2365.7 5m:2265.7 10m:2251.7 | Shares: 38/0 (found:38) | Diff: 100015 | 2m1s elapsed (since last share, avg 42s) | best=351 target=42943 (999%)
[2026-09-16T00:28:22Z INFO  minertim::pool_connection] New job: gBccUs5cZoGSC0cY (difficulty: 100015, target: bfa70000)
[2026-09-16T00:28:28Z INFO  minertim] H/s 1m:2366.3 5m:2265.8 10m:2251.8 | Shares: 38/0 (found:38) | Diff: 100015 | 2m11s elapsed (since last share, avg 42s) | best=351 target=42943 (999%)
[2026-09-16T00:28:38Z INFO  minertim] H/s 1m:2366.7 5m:2265.9 10m:2252.0 | Shares: 38/0 (found:38) | Diff: 100015 | 2m21s elapsed (since last share, avg 42s) | best=351 target=42943 (999%)
[2026-09-16T00:28:42Z INFO  minertim::pool_connection] New job: yHbJYlZpYoQISJJY (difficulty: 100015, target: bfa70000)
[2026-09-16T00:28:47Z INFO  minertim::pool_connection] New job: 3LhrG1q0Qh292Ha8 (difficulty: 100015, target: bfa70000)
[2026-09-16T00:28:48Z INFO  minertim] H/s 1m:2366.7 5m:2281.8 10m:2262.0 | Shares: 38/0 (found:38) | Diff: 100015 | 2m31s elapsed (since last share, avg 42s) | best=351 target=42943 (999%)
[2026-09-16T00:28:58Z INFO  minertim] H/s 1m:2366.9 5m:2302.4 10m:2267.4 | Shares: 38/0 (found:38) | Diff: 100015 | 2m41s elapsed (since last share, avg 42s) | best=351 target=42943 (999%)
[2026-09-16T00:29:01Z INFO  minertim::miner] Worker 2 SHARE FOUND! job_id=3LhrG1q0Qh292Ha8, nonce=b2914900, hash_val=30671, difficulty=100015, hash=1edeb063b4e096e9b7e3324f7bc753c107c12b27f32afce26507fcf2cf770000
[2026-09-16T00:29:06Z INFO  minertim::pool_connection] New job: p4uS4PSXP8C0h0Tq (difficulty: 73181, target: 41e50000)
[2026-09-16T00:29:07Z INFO  minertim::pool_connection] Share accepted by pool
[2026-09-16T00:29:07Z INFO  minertim::pool_connection] New job: GGjAPnWTK81XBjKI (difficulty: 73181, target: 41e50000)
[2026-09-16T00:29:08Z INFO  minertim] H/s 1m:2289.9 5m:2294.2 10m:2261.6 | Shares: 39/0 (found:39) | Diff: 73181 | 7s elapsed (since last share, avg 31s) | best=351 target=58689 (999%)
[2026-09-16T00:29:18Z INFO  minertim] H/s 1m:2290.6 5m:2294.5 10m:2262.1 | Shares: 39/0 (found:39) | Diff: 73181 | 17s elapsed (since last share, avg 31s) | best=351 target=58689 (999%)
[2026-09-16T00:29:27Z INFO  minertim::pool_connection] New job: qnaeTL0sXr5nnMwv (difficulty: 73181, target: 41e50000)
[2026-09-16T00:29:28Z INFO  minertim] H/s 1m:2290.6 5m:2294.7 10m:2262.4 | Shares: 39/0 (found:39) | Diff: 73181 | 27s elapsed (since last share, avg 31s) | best=351 target=58689 (999%)
[2026-09-16T00:29:36Z INFO  minertim::pool_connection] New job: SmUxPwEAYvDR0NNC (difficulty: 109772, target: d6980000)
[2026-09-16T00:29:38Z INFO  minertim] H/s 1m:2290.5 5m:2300.6 10m:2262.7 | Shares: 39/0 (found:39) | Diff: 109772 | 37s elapsed (since last share, avg 47s) | best=351 target=39126 (999%)
[2026-09-16T00:29:47Z INFO  minertim::pool_connection] New job: i10QN2Hg9WBp3ZRc (difficulty: 109772, target: d6980000)
[2026-09-16T00:29:48Z INFO  minertim] H/s 1m:2290.5 5m:2300.8 10m:2267.9 | Shares: 39/0 (found:39) | Diff: 109772 | 47s elapsed (since last share, avg 47s) | best=351 target=39126 (999%)
[2026-09-16T00:29:51Z INFO  minertim::miner] Worker 3 SHARE FOUND! job_id=i10QN2Hg9WBp3ZRc, nonce=4f9b4a00, hash_val=26811, difficulty=109772, hash=854c8550380a6f5ecb0b9191b56bbb034bd41cec5e62510d8b07f510bb680000
[2026-09-16T00:29:58Z INFO  minertim] H/s 1m:2312.5 5m:2293.1 10m:2268.7 | Shares: 39/0 (found:40) | Diff: 109772 | 6s elapsed (since last share, avg 47s) | best=351 target=39126 (999%)
[2026-09-16T00:30:06Z INFO  minertim::pool_connection] New job: wKGz5ZEf4Bz5qANo (difficulty: 83724, target: 63c80000)
[2026-09-16T00:30:07Z INFO  minertim::pool_connection] New job: eqJt9zc0ayazKgiO (difficulty: 83724, target: 63c80000)
[2026-09-16T00:30:07Z INFO  minertim::pool_connection] Share accepted by pool
[2026-09-16T00:30:08Z INFO  minertim] H/s 1m:2198.5 5m:2273.9 10m:2259.1 | Shares: 40/0 (found:40) | Diff: 83724 | 16s elapsed (since last share, avg 38s) | best=351 target=51299 (999%)
[2026-09-16T00:30:12Z INFO  minertim::pool_connection] New job: MQTC8wg1wysh0w4f (difficulty: 83724, target: 63c80000)
[2026-09-16T00:30:18Z INFO  minertim] H/s 1m:2190.6 5m:2272.6 10m:2260.0 | Shares: 40/0 (found:40) | Diff: 83724 | 26s elapsed (since last share, avg 38s) | best=351 target=51299 (999%)
[2026-09-16T00:30:28Z INFO  minertim] H/s 1m:2184.9 5m:2271.8 10m:2263.7 | Shares: 40/0 (found:40) | Diff: 83724 | 36s elapsed (since last share, avg 38s) | best=351 target=51299 (999%)
[2026-09-16T00:30:31Z INFO  minertim::pool_connection] New job: l60lzf0nxcT0XS9m (difficulty: 83724, target: 63c80000)
[2026-09-16T00:30:33Z INFO  minertim::miner] Worker 1 SHARE FOUND! job_id=l60lzf0nxcT0XS9m, nonce=493d4f00, hash_val=6336, difficulty=83724, hash=f059a9322ec303940d2280775f34a4faba316b1c1b72544d7c4c5e51c0180000
[2026-09-16T00:30:36Z INFO  minertim::pool_connection] New job: UPcF2rDHk0vAL0h0 (difficulty: 125587, target: 97850000)
[2026-09-16T00:30:37Z INFO  minertim::pool_connection] Share accepted by pool
[2026-09-16T00:30:38Z INFO  minertim] H/s 1m:2140.0 5m:2284.3 10m:2260.1 | Shares: 41/0 (found:41) | Diff: 125587 | 4s elapsed (since last share, avg 58s) | best=351 target=34199 (999%)
[2026-09-16T00:30:39Z INFO  minertim::miner] Worker 1 SHARE FOUND! job_id=UPcF2rDHk0vAL0h0, nonce=35594f00, hash_val=489, difficulty=125587, hash=280da784512364da9c101f123d56ca9ba3dfcb0be1d74f41d85a81b1e9010000
[2026-09-16T00:30:41Z INFO  minertim::pool_connection] Share accepted by pool
[2026-09-16T00:30:48Z INFO  minertim] H/s 1m:2176.1 5m:2288.1 10m:2258.4 | Shares: 42/0 (found:42) | Diff: 125587 | 8s elapsed (since last share, avg 57s) | best=351 target=34199 (999%)
[2026-09-16T00:30:51Z INFO  minertim::pool_connection] New job: upz5NES0EgvkvRBq (difficulty: 125587, target: 97850000)
[2026-09-16T00:30:58Z INFO  minertim] H/s 1m:2285.1 5m:2288.2 10m:2258.1 | Shares: 42/0 (found:42) | Diff: 125587 | 18s elapsed (since last share, avg 54s) | best=351 target=34199 (999%)
[2026-09-16T00:31:06Z INFO  minertim::pool_connection] New job: YMTrd0GZv0G3QVBc (difficulty: 188384, target: 0f590000)
[2026-09-16T00:31:08Z INFO  minertim] H/s 1m:2282.1 5m:2296.8 10m:2257.5 | Shares: 42/0 (found:42) | Diff: 188384 | 28s elapsed (since last share, avg 1m22s) | best=351 target=22799 (999%)
[2026-09-16T00:31:11Z INFO  minertim::pool_connection] New job: 17S3Fji37CwxFbm7 (difficulty: 188384, target: 0f590000)
[2026-09-16T00:31:18Z INFO  minertim] H/s 1m:2277.1 5m:2305.3 10m:2264.0 | Shares: 42/0 (found:42) | Diff: 188384 | 38s elapsed (since last share, avg 1m22s) | best=351 target=22799 (999%)
[2026-09-16T00:31:28Z INFO  minertim] H/s 1m:2309.9 5m:2303.4 10m:2265.0 | Shares: 42/0 (found:42) | Diff: 188384 | 48s elapsed (since last share, avg 1m21s) | best=351 target=22799 (999%)
[2026-09-16T00:31:31Z INFO  minertim::pool_connection] New job: kQ9mo6mp4FmA0WvA (difficulty: 188384, target: 0f590000)
[2026-09-16T00:31:38Z INFO  minertim] H/s 1m:2320.7 5m:2301.7 10m:2265.1 | Shares: 42/0 (found:42) | Diff: 188384 | 58s elapsed (since last share, avg 1m21s) | best=351 target=22799 (999%)
[2026-09-16T00:31:48Z INFO  minertim] H/s 1m:2321.4 5m:2301.3 10m:2265.2 | Shares: 42/0 (found:42) | Diff: 188384 | 1m8s elapsed (since last share, avg 1m21s) | best=351 target=22799 (999%)
[2026-09-16T00:31:51Z INFO  minertim::pool_connection] New job: qAhulTUoSPQd0LNZ (difficulty: 188384, target: 0f590000)
[2026-09-16T00:31:58Z INFO  minertim] H/s 1m:2326.8 5m:2300.6 10m:2264.9 | Shares: 42/0 (found:42) | Diff: 188384 | 1m18s elapsed (since last share, avg 1m20s) | best=351 target=22799 (999%)
[2026-09-16T00:32:07Z INFO  minertim::pool_connection] New job: asepHasxqHU5ZZdQ (difficulty: 99732, target: 39a80000)
[2026-09-16T00:32:08Z INFO  minertim] H/s 1m:2332.3 5m:2299.8 10m:2264.6 | Shares: 42/0 (found:42) | Diff: 99732 | 1m28s elapsed (since last share, avg 42s) | best=351 target=43065 (999%)
[2026-09-16T00:32:11Z INFO  minertim::pool_connection] New job: WDyqDkneXWKYK050 (difficulty: 99732, target: 39a80000)
[2026-09-16T00:32:18Z INFO  minertim] H/s 1m:2338.1 5m:2300.0 10m:2264.1 | Shares: 42/0 (found:42) | Diff: 99732 | 1m38s elapsed (since last share, avg 42s) | best=351 target=43065 (999%)
[2026-09-16T00:32:28Z INFO  minertim] H/s 1m:2341.9 5m:2298.9 10m:2263.6 | Shares: 42/0 (found:42) | Diff: 99732 | 1m48s elapsed (since last share, avg 42s) | best=351 target=43065 (999%)
[2026-09-16T00:32:31Z INFO  minertim::pool_connection] New job: V6TFNru07N0wohWv (difficulty: 99732, target: 39a80000)
[2026-09-16T00:32:38Z INFO  minertim] H/s 1m:2338.6 5m:2297.7 10m:2273.0 | Shares: 42/0 (found:42) | Diff: 99732 | 1m58s elapsed (since last share, avg 42s) | best=351 target=43065 (999%)
[2026-09-16T00:32:48Z INFO  minertim] H/s 1m:2335.3 5m:2296.2 10m:2282.6 | Shares: 42/0 (found:42) | Diff: 99732 | 2m8s elapsed (since last share, avg 42s) | best=351 target=43065 (999%)
[2026-09-16T00:32:51Z INFO  minertim::pool_connection] New job: Ms1H8tHXzcAQmw0o (difficulty: 99732, target: 39a80000)
[2026-09-16T00:32:58Z INFO  minertim] H/s 1m:2320.9 5m:2292.9 10m:2281.0 | Shares: 42/0 (found:42) | Diff: 99732 | 2m18s elapsed (since last share, avg 42s) | best=351 target=43065 (999%)
[2026-09-16T00:33:07Z INFO  minertim::pool_connection] New job: aCE7CSmHHOqLNFtT (difficulty: 73571, target: 0ae40000)
[2026-09-16T00:33:08Z INFO  minertim] H/s 1m:2288.9 5m:2286.7 10m:2277.8 | Shares: 42/0 (found:42) | Diff: 73571 | 2m28s elapsed (since last share, avg 32s) | best=351 target=58378 (999%)
[2026-09-16T00:33:11Z INFO  minertim::pool_connection] New job: FJEDcwjcBN8MDpM0 (difficulty: 73571, target: 0ae40000)
[2026-09-16T00:33:13Z INFO  minertim::miner] Worker 2 SHARE FOUND! job_id=FJEDcwjcBN8MDpM0, nonce=da5e5200, hash_val=49066, difficulty=73571, hash=1b176a80ed479965337bacc1429d23d48fe56c4c645c24ca20e3a081aabf0000
[2026-09-16T00:33:15Z INFO  minertim::pool_connection] Share accepted by pool
[2026-09-16T00:33:18Z INFO  minertim] H/s 1m:2263.0 5m:2281.1 10m:2275.0 | Shares: 43/0 (found:43) | Diff: 73571 | 5s elapsed (since last share, avg 32s) | best=351 target=58378 (999%)
[2026-09-16T00:33:28Z INFO  minertim] H/s 1m:2260.9 5m:2279.4 10m:2274.3 | Shares: 43/0 (found:43) | Diff: 73571 | 15s elapsed (since last share, avg 32s) | best=351 target=58378 (999%)
[2026-09-16T00:33:31Z INFO  minertim::pool_connection] New job: ADTSKyAjnLGaBKb0 (difficulty: 73571, target: 0ae40000)
[2026-09-16T00:33:37Z INFO  minertim::pool_connection] New job: ERXdbz5S1hhJO3TU (difficulty: 110359, target: 06980000)
[2026-09-16T00:33:38Z INFO  minertim] H/s 1m:2260.9 5m:2278.0 10m:2273.6 | Shares: 43/0 (found:43) | Diff: 110359 | 25s elapsed (since last share, avg 48s) | best=351 target=38918 (999%)
[2026-09-16T00:33:48Z INFO  minertim::pool_connection] New job: yKAbTk2rTRk0DhQQ (difficulty: 110359, target: 06980000)
[2026-09-16T00:33:48Z INFO  minertim] H/s 1m:2274.2 5m:2276.9 10m:2280.9 | Shares: 43/0 (found:43) | Diff: 110359 | 35s elapsed (since last share, avg 48s) | best=351 target=38918 (999%)
[2026-09-16T00:33:58Z INFO  minertim] H/s 1m:2301.1 5m:2288.7 10m:2290.0 | Shares: 43/0 (found:43) | Diff: 110359 | 45s elapsed (since last share, avg 47s) | best=351 target=38918 (999%)
[2026-09-16T00:34:08Z INFO  minertim::pool_connection] New job: 7wqtwqebNIfPZ2O6 (difficulty: 110359, target: 06980000)
[2026-09-16T00:34:08Z INFO  minertim] H/s 1m:2327.1 5m:2287.4 10m:2292.2 | Shares: 43/0 (found:43) | Diff: 110359 | 55s elapsed (since last share, avg 47s) | best=351 target=38918 (999%)
[2026-09-16T00:34:18Z INFO  minertim] H/s 1m:2326.7 5m:2285.7 10m:2291.4 | Shares: 43/0 (found:43) | Diff: 110359 | 1m5s elapsed (since last share, avg 47s) | best=351 target=38918 (999%)
[2026-09-16T00:34:28Z INFO  minertim::pool_connection] New job: IVfQEd6pWZvPKyUf (difficulty: 110359, target: 06980000)
[2026-09-16T00:34:28Z INFO  minertim] H/s 1m:2327.2 5m:2284.3 10m:2290.9 | Shares: 43/0 (found:43) | Diff: 110359 | 1m15s elapsed (since last share, avg 47s) | best=351 target=38918 (999%)
[2026-09-16T00:34:37Z INFO  minertim::pool_connection] New job: 0zcIgSCxg0y8yx6n (difficulty: 60562, target: 06150100)
[2026-09-16T00:34:38Z INFO  minertim] H/s 1m:2324.4 5m:2282.7 10m:2293.0 | Shares: 43/0 (found:43) | Diff: 60562 | 1m25s elapsed (since last share, avg 26s) | best=351 target=70918 (999%)
[2026-09-16T00:34:48Z INFO  minertim::pool_connection] New job: 6Obv7SHWBXHjNHWu (difficulty: 60562, target: 06150100)
[2026-09-16T00:34:48Z INFO  minertim] H/s 1m:2325.2 5m:2290.9 10m:2292.2 | Shares: 43/0 (found:43) | Diff: 60562 | 1m35s elapsed (since last share, avg 26s) | best=351 target=70918 (999%)
[2026-09-16T00:34:58Z INFO  minertim] H/s 1m:2326.8 5m:2309.5 10m:2292.8 | Shares: 43/0 (found:43) | Diff: 60562 | 1m45s elapsed (since last share, avg 26s) | best=351 target=70918 (999%)
[2026-09-16T00:35:01Z INFO  minertim::miner] Worker 3 SHARE FOUND! job_id=6Obv7SHWBXHjNHWu, nonce=7b0b5500, hash_val=16364, difficulty=60562, hash=c805acdc4cb051ab08dbd3ef3c5042b0e92a84f351b010615d45289cec3f0000
[2026-09-16T00:35:02Z INFO  minertim::pool_connection] Share accepted by pool
[2026-09-16T00:35:07Z INFO  minertim::pool_connection] New job: oblUi1SqxdCS1pSs (difficulty: 90843, target: afb80000)
[2026-09-16T00:35:07Z INFO  minertim::pool_connection] New job: n2B00u1p0L80bZHN (difficulty: 90843, target: afb80000)
[2026-09-16T00:35:08Z INFO  minertim] H/s 1m:2323.1 5m:2308.5 10m:2291.9 | Shares: 44/0 (found:44) | Diff: 90843 | 7s elapsed (since last share, avg 39s) | best=351 target=47279 (999%)
[2026-09-16T00:35:18Z INFO  minertim] H/s 1m:2321.3 5m:2307.8 10m:2291.1 | Shares: 44/0 (found:44) | Diff: 90843 | 17s elapsed (since last share, avg 39s) | best=351 target=47279 (999%)
[2026-09-16T00:35:28Z INFO  minertim::pool_connection] New job: 6yLz0OrKpVOLYxvl (difficulty: 90843, target: afb80000)
[2026-09-16T00:35:28Z INFO  minertim] H/s 1m:2323.6 5m:2314.4 10m:2290.6 | Shares: 44/0 (found:44) | Diff: 90843 | 27s elapsed (since last share, avg 39s) | best=351 target=47279 (999%)
[2026-09-16T00:35:33Z INFO  minertim::miner] Worker 2 SHARE FOUND! job_id=6yLz0OrKpVOLYxvl, nonce=d24f5700, hash_val=2930, difficulty=90843, hash=6c41740cd455c9fbf489c64e56dbd500b260c705e1fe7b2394b4aa3e720b0000
[2026-09-16T00:35:38Z INFO  minertim] H/s 1m:2268.4 5m:2306.8 10m:2295.0 | Shares: 44/0 (found:45) | Diff: 90843 | 4s elapsed (since last share, avg 40s) | best=351 target=47279 (999%)
[2026-09-16T00:35:41Z INFO  minertim::pool_connection] Share accepted by pool
[2026-09-16T00:35:47Z INFO  minertim::pool_connection] New job: mndILUqdfuQvCVp3 (difficulty: 90843, target: afb80000)
[2026-09-16T00:35:48Z INFO  minertim] H/s 1m:2231.9 5m:2300.4 10m:2295.1 | Shares: 45/0 (found:45) | Diff: 90843 | 14s elapsed (since last share, avg 40s) | best=351 target=47279 (999%)
[2026-09-16T00:35:58Z INFO  minertim] H/s 1m:2238.1 5m:2300.9 10m:2295.0 | Shares: 45/0 (found:45) | Diff: 90843 | 24s elapsed (since last share, avg 40s) | best=351 target=47279 (999%)
[2026-09-16T00:36:07Z INFO  minertim::pool_connection] New job: noGSdcokZ5jqYpb1 (difficulty: 90843, target: afb80000)
[2026-09-16T00:36:08Z INFO  minertim] H/s 1m:2231.1 5m:2299.9 10m:2298.7 | Shares: 45/0 (found:45) | Diff: 90843 | 34s elapsed (since last share, avg 40s) | best=351 target=47279 (999%)
[2026-09-16T00:36:18Z INFO  minertim] H/s 1m:2207.7 5m:2296.8 10m:2301.2 | Shares: 45/0 (found:45) | Diff: 90843 | 44s elapsed (since last share, avg 41s) | best=351 target=47279 (999%)
[2026-09-16T00:36:27Z INFO  minertim::pool_connection] New job: TZ0EPmo2fW0S5qTM (difficulty: 90843, target: afb80000)
[2026-09-16T00:36:28Z INFO  minertim] H/s 1m:2258.7 5m:2296.1 10m:2300.0 | Shares: 45/0 (found:45) | Diff: 90843 | 54s elapsed (since last share, avg 40s) | best=351 target=47279 (999%)
[2026-09-16T00:36:38Z INFO  minertim] H/s 1m:2287.0 5m:2294.4 10m:2298.9 | Shares: 45/0 (found:45) | Diff: 90843 | 1m4s elapsed (since last share, avg 39s) | best=351 target=47279 (999%)
[2026-09-16T00:36:47Z INFO  minertim::pool_connection] New job: sL0JRkn0ub0AaNYr (difficulty: 90843, target: afb80000)
[2026-09-16T00:36:48Z INFO  minertim] H/s 1m:2282.2 5m:2293.3 10m:2298.1 | Shares: 45/0 (found:45) | Diff: 90843 | 1m14s elapsed (since last share, avg 39s) | best=351 target=47279 (999%)
[2026-09-16T00:36:55Z INFO  minertim::miner] Worker 2 SHARE FOUND! job_id=sL0JRkn0ub0AaNYr, nonce=7aed5900, hash_val=27774, difficulty=90843, hash=a162d5a47b08b757b5c9f27b58561e249e9f14761677e3bea682dbf27e6c0000
[2026-09-16T00:36:58Z INFO  minertim] H/s 1m:2230.7 5m:2282.4 10m:2292.4 | Shares: 45/0 (found:46) | Diff: 90843 | 3s elapsed (since last share, avg 40s) | best=351 target=47279 (999%)
[2026-09-16T00:37:00Z INFO  minertim::pool_connection] New job: EX3CfmlgLN4TXUxx (difficulty: 90843, target: afb80000)
[2026-09-16T00:37:00Z INFO  minertim::pool_connection] Share accepted by pool
[2026-09-16T00:37:07Z INFO  minertim::pool_connection] New job: yCTGYZpvehWb35GG (difficulty: 68705, target: 31f40000)
[2026-09-16T00:37:08Z INFO  minertim] H/s 1m:2239.9 5m:2279.8 10m:2290.6 | Shares: 46/0 (found:46) | Diff: 68705 | 13s elapsed (since last share, avg 30s) | best=351 target=62513 (999%)
[2026-09-16T00:37:18Z INFO  minertim] H/s 1m:2244.0 5m:2279.2 10m:2290.4 | Shares: 46/0 (found:46) | Diff: 68705 | 23s elapsed (since last share, avg 30s) | best=351 target=62513 (999%)
[2026-09-16T00:37:20Z INFO  minertim::pool_connection] New job: p8EgNeUww0W2lgj0 (difficulty: 68705, target: 31f40000)
[2026-09-16T00:37:28Z INFO  minertim] H/s 1m:2235.3 5m:2276.6 10m:2288.5 | Shares: 46/0 (found:46) | Diff: 68705 | 33s elapsed (since last share, avg 30s) | best=351 target=62513 (999%)
[2026-09-16T00:37:38Z INFO  minertim] H/s 1m:2226.6 5m:2274.5 10m:2286.8 | Shares: 46/0 (found:46) | Diff: 68705 | 43s elapsed (since last share, avg 30s) | best=351 target=62513 (999%)
[2026-09-16T00:37:40Z INFO  minertim::pool_connection] New job: 4MToObhR8ng2qa40 (difficulty: 68705, target: 31f40000)
[2026-09-16T00:37:40Z INFO  minertim::miner] Worker 1 SHARE FOUND! job_id=4MToObhR8ng2qa40, nonce=65215e00, hash_val=57341, difficulty=68705, hash=d714e30f47277958b74a1ffc91787e085996511d8d0f664403a9aa17fddf0000
[2026-09-16T00:37:48Z INFO  minertim] H/s 1m:2168.2 5m:2256.0 10m:2276.0 | Shares: 46/0 (found:47) | Diff: 68705 | 8s elapsed (since last share, avg 31s) | best=351 target=62513 (999%)
[2026-09-16T00:37:49Z INFO  minertim::pool_connection] Share accepted by pool
[2026-09-16T00:37:54Z INFO  minertim::miner] Worker 1 SHARE FOUND! job_id=4MToObhR8ng2qa40, nonce=094c5e00, hash_val=19400, difficulty=68705, hash=ae1e7f3bafdbecaaf4ed5f136761dc43191a5d94c2359b87461e5011c84b0000
[2026-09-16T00:37:58Z INFO  minertim] H/s 1m:2096.9 5m:2246.7 10m:2268.3 | Shares: 47/0 (found:48) | Diff: 68705 | 4s elapsed (since last share, avg 32s) | best=351 target=62513 (999%)
[2026-09-16T00:37:59Z INFO  minertim::pool_connection] Share accepted by pool
[2026-09-16T00:37:59Z INFO  minertim::pool_connection] New job: iqi24Qh2cE52mHUk (difficulty: 68705, target: 31f40000)
[2026-09-16T00:38:07Z INFO  minertim::pool_connection] New job: wnPgHPT4NN5BfNnB (difficulty: 103058, target: cba20000)
[2026-09-16T00:38:08Z INFO  minertim] H/s 1m:2094.8 5m:2250.2 10m:2267.4 | Shares: 48/0 (found:48) | Diff: 103058 | 14s elapsed (since last share, avg 49s) | best=351 target=41675 (999%)
[2026-09-16T00:38:18Z INFO  minertim] H/s 1m:2106.2 5m:2250.0 10m:2266.5 | Shares: 48/0 (found:48) | Diff: 103058 | 24s elapsed (since last share, avg 48s) | best=351 target=41675 (999%)
[2026-09-16T00:38:19Z INFO  minertim::pool_connection] New job: r0wuP6pTb6x2Ge0N (difficulty: 103058, target: cba20000)
[2026-09-16T00:38:28Z INFO  minertim] H/s 1m:2109.0 5m:2248.3 10m:2265.0 | Shares: 48/0 (found:48) | Diff: 103058 | 34s elapsed (since last share, avg 48s) | best=351 target=41675 (999%)
[2026-09-16T00:38:38Z INFO  minertim] H/s 1m:2202.8 5m:2243.7 10m:2262.2 | Shares: 48/0 (found:48) | Diff: 103058 | 44s elapsed (since last share, avg 46s) | best=351 target=41675 (999%)
[2026-09-16T00:38:39Z INFO  minertim::pool_connection] New job: gMfYEjWcR48hrlGK (difficulty: 103058, target: cba20000)
[2026-09-16T00:38:48Z INFO  minertim] H/s 1m:2279.6 5m:2243.0 10m:2260.9 | Shares: 48/0 (found:48) | Diff: 103058 | 54s elapsed (since last share, avg 45s) | best=351 target=41675 (999%)
[2026-09-16T00:38:58Z INFO  minertim] H/s 1m:2277.9 5m:2241.8 10m:2266.4 | Shares: 48/0 (found:48) | Diff: 103058 | 1m4s elapsed (since last share, avg 45s) | best=351 target=41675 (999%)
[2026-09-16T00:38:59Z INFO  minertim::pool_connection] New job: 6UtW00AMqXdlryDM (difficulty: 103058, target: cba20000)
[2026-09-16T00:39:07Z INFO  minertim::pool_connection] New job: rd0tzSdhoLXXRUkx (difficulty: 68200, target: 00f60000)
[2026-09-16T00:39:08Z INFO  minertim::miner] Worker 1 SHARE FOUND! job_id=rd0tzSdhoLXXRUkx, nonce=41b16000, hash_val=15215, difficulty=68200, hash=f3a58c58953fdd3619bfd08f034d84e80a838bbd9fde7659e83a17916f3b0000
[2026-09-16T00:39:08Z INFO  minertim] H/s 1m:2281.2 5m:2242.1 10m:2265.7 | Shares: 48/0 (found:49) | Diff: 68200 | 0s elapsed (since last share, avg 29s) | best=351 target=62976 (999%)
[2026-09-16T00:39:18Z INFO  minertim] H/s 1m:2180.6 5m:2223.0 10m:2255.6 | Shares: 48/0 (found:49) | Diff: 68200 | 10s elapsed (since last share, avg 31s) | best=351 target=62976 (999%)
[2026-09-16T00:39:19Z INFO  minertim::pool_connection] New job: TSQkylQP2dqW1H1A (difficulty: 68200, target: 00f60000)
[2026-09-16T00:39:19Z INFO  minertim::pool_connection] Share accepted by pool
[2026-09-16T00:39:28Z INFO  minertim] H/s 1m:2201.6 5m:2222.5 10m:2254.6 | Shares: 49/0 (found:49) | Diff: 68200 | 20s elapsed (since last share, avg 30s) | best=351 target=62976 (999%)
[2026-09-16T00:39:29Z INFO  minertim::miner] Worker 0 SHARE FOUND! job_id=TSQkylQP2dqW1H1A, nonce=1c576100, hash_val=10842, difficulty=68200, hash=e3c9f74d130e02be538a41a9dc6c57d8b23fa1eccc16fe604a2714bb5a2a0000
[2026-09-16T00:39:37Z INFO  minertim::pool_connection] New job: BhtAXHos7QC0ZcQF (difficulty: 102300, target: 00a40000)
[2026-09-16T00:39:38Z INFO  minertim] H/s 1m:2096.1 5m:2203.5 10m:2244.4 | Shares: 49/0 (found:50) | Diff: 102300 | 9s elapsed (since last share, avg 48s) | best=351 target=41984 (999%)
[2026-09-16T00:39:39Z INFO  minertim::pool_connection] New job: es41Tj3WybczRqrM (difficulty: 102300, target: 00a40000)
[2026-09-16T00:39:39Z INFO  minertim::pool_connection] Share accepted by pool
[2026-09-16T00:39:48Z INFO  minertim] H/s 1m:2059.9 5m:2195.7 10m:2245.0 | Shares: 50/0 (found:50) | Diff: 102300 | 19s elapsed (since last share, avg 49s) | best=351 target=41984 (999%)
[2026-09-16T00:39:49Z INFO  minertim::pool_connection] New job: RDETHWtaR81o2dlE (difficulty: 102300, target: 00a40000)
[2026-09-16T00:39:58Z INFO  minertim] H/s 1m:2060.5 5m:2196.8 10m:2254.0 | Shares: 50/0 (found:50) | Diff: 102300 | 29s elapsed (since last share, avg 49s) | best=351 target=41984 (999%)
[2026-09-16T00:40:07Z INFO  minertim::pool_connection] New job: KFjDHxBgY0acyp8l (difficulty: 153451, target: 556d0000)
[2026-09-16T00:40:08Z INFO  minertim] H/s 1m:2162.3 5m:2195.6 10m:2253.2 | Shares: 50/0 (found:50) | Diff: 153451 | 39s elapsed (since last share, avg 1m10s) | best=351 target=27989 (999%)
[2026-09-16T00:40:09Z INFO  minertim::pool_connection] New job: gJHFpt4E6rjSggQ5 (difficulty: 153451, target: 556d0000)
[2026-09-16T00:40:18Z INFO  minertim] H/s 1m:2158.9 5m:2194.1 10m:2252.4 | Shares: 50/0 (found:50) | Diff: 153451 | 49s elapsed (since last share, avg 1m11s) | best=351 target=27989 (999%)
[2026-09-16T00:40:28Z INFO  minertim] H/s 1m:2257.9 5m:2201.7 10m:2254.4 | Shares: 50/0 (found:50) | Diff: 153451 | 59s elapsed (since last share, avg 1m7s) | best=351 target=27989 (999%)
[2026-09-16T00:40:29Z INFO  minertim::pool_connection] New job: kbmI5bgWoj3NbpxY (difficulty: 153451, target: 556d0000)
[2026-09-16T00:40:39Z INFO  minertim] H/s 1m:2301.8 5m:2207.8 10m:2255.6 | Shares: 50/0 (found:50) | Diff: 153451 | 1m10s elapsed (since last share, avg 1m6s) | best=351 target=27989 (999%)
[2026-09-16T00:40:49Z INFO  minertim] H/s 1m:2304.4 5m:2208.3 10m:2255.7 | Shares: 50/0 (found:50) | Diff: 153451 | 1m20s elapsed (since last share, avg 1m6s) | best=351 target=27989 (999%)
[2026-09-16T00:40:49Z INFO  minertim::pool_connection] New job: z9T3NjAhmn0sL5xF (difficulty: 153451, target: 556d0000)
[2026-09-16T00:40:59Z INFO  minertim] H/s 1m:2294.7 5m:2206.6 10m:2254.3 | Shares: 50/0 (found:50) | Diff: 153451 | 1m30s elapsed (since last share, avg 1m6s) | best=351 target=27989 (999%)
[2026-09-16T00:41:07Z INFO  minertim::pool_connection] New job: KLuewP1UX6XAATnP (difficulty: 78469, target: ced50000)
[2026-09-16T00:41:09Z INFO  minertim] H/s 1m:2290.6 5m:2208.4 10m:2253.6 | Shares: 50/0 (found:50) | Diff: 78469 | 1m40s elapsed (since last share, avg 34s) | best=351 target=54734 (999%)
[2026-09-16T00:41:09Z INFO  minertim::pool_connection] New job: CemnVhynjey8Fn6t (difficulty: 78469, target: ced50000)
[2026-09-16T00:41:18Z INFO  minertim::miner] Worker 0 SHARE FOUND! job_id=CemnVhynjey8Fn6t, nonce=7ccf6400, hash_val=37819, difficulty=78469, hash=2cca91a47eec59afebdf6c9be86f7dd816b9f84a44ee10d47fdfe422bb930000
[2026-09-16T00:41:19Z INFO  minertim] H/s 1m:2290.4 5m:2207.2 10m:2252.7 | Shares: 50/0 (found:51) | Diff: 78469 | 0s elapsed (since last share, avg 34s) | best=351 target=54734 (999%)
[2026-09-16T00:41:25Z INFO  minertim::miner] Worker 2 SHARE FOUND! job_id=CemnVhynjey8Fn6t, nonce=6a4f6300, hash_val=25863, difficulty=78469, hash=9498ee32741a706dd415d2c1549a739e4a9b483d29c12a3732b7bbef07650000
[2026-09-16T00:41:29Z INFO  minertim] H/s 1m:2113.5 5m:2177.9 10m:2238.1 | Shares: 50/0 (found:52) | Diff: 78469 | 3s elapsed (since last share, avg 37s) | best=351 target=54734 (999%)
[2026-09-16T00:41:29Z INFO  minertim::pool_connection] New job: VL7gQMvpyyPbK8wo (difficulty: 78469, target: ced50000)
[2026-09-16T00:41:29Z INFO  minertim::pool_connection] Share accepted by pool
[2026-09-16T00:41:29Z INFO  minertim::pool_connection] Share accepted by pool
[2026-09-16T00:41:30Z INFO  minertim::pool_connection] New job: hUI4FM9VHDZeEiyz (difficulty: 78469, target: ced50000)
[2026-09-16T00:41:37Z INFO  minertim::pool_connection] New job: U4ueSDS2Nn4mW7ze (difficulty: 117705, target: 898e0000)
[2026-09-16T00:41:39Z INFO  minertim] H/s 1m:2096.8 5m:2176.3 10m:2236.6 | Shares: 52/0 (found:52) | Diff: 117705 | 13s elapsed (since last share, avg 56s) | best=351 target=36489 (999%)
[2026-09-16T00:41:49Z INFO  minertim] H/s 1m:2105.7 5m:2185.0 10m:2235.6 | Shares: 52/0 (found:52) | Diff: 117705 | 23s elapsed (since last share, avg 55s) | best=351 target=36489 (999%)
[2026-09-16T00:41:49Z INFO  minertim::pool_connection] New job: VhxbV7Tzv3lcEBF2 (difficulty: 117705, target: 898e0000)
[2026-09-16T00:41:59Z INFO  minertim] H/s 1m:2112.6 5m:2186.5 10m:2234.9 | Shares: 52/0 (found:52) | Diff: 117705 | 33s elapsed (since last share, avg 55s) | best=351 target=36489 (999%)
[2026-09-16T00:42:09Z INFO  minertim] H/s 1m:2131.3 5m:2187.7 10m:2235.2 | Shares: 52/0 (found:52) | Diff: 117705 | 43s elapsed (since last share, avg 55s) | best=351 target=36489 (999%)
[2026-09-16T00:42:09Z INFO  minertim::pool_connection] New job: yQ008e0U8gJeT8LZ (difficulty: 117705, target: 898e0000)
[2026-09-16T00:42:19Z INFO  minertim] H/s 1m:2430.7 5m:2211.6 10m:2245.6 | Shares: 52/0 (found:52) | Diff: 117705 | 53s elapsed (since last share, avg 48s) | best=351 target=36489 (999%)
[2026-09-16T00:42:23Z INFO  minertim::miner] Worker 0 SHARE FOUND! job_id=yQ008e0U8gJeT8LZ, nonce=a4b96600, hash_val=355, difficulty=117705, hash=9cbc4998bc02b9a896ba390a50f1962f4d228808836f651481e8f26263010000
[2026-09-16T00:42:29Z INFO  minertim] H/s 1m:2333.6 5m:2194.8 10m:2236.2 | Shares: 52/0 (found:53) | Diff: 117705 | 5s elapsed (since last share, avg 50s) | best=351 target=36489 (999%)
[2026-09-16T00:42:29Z INFO  minertim::pool_connection] New job: 010KqBN9M1eK6ZrQ (difficulty: 117705, target: 898e0000)
[2026-09-16T00:42:30Z INFO  minertim::pool_connection] Share accepted by pool
[2026-09-16T00:42:34Z INFO  minertim::miner] Worker 3 SHARE FOUND! job_id=010KqBN9M1eK6ZrQ, nonce=63026500, hash_val=32842, difficulty=117705, hash=45acb2410645ae023d1c868a04a80c933e9af4ab75c54c63ecab8f6f4a800000
[2026-09-16T00:42:35Z INFO  minertim::pool_connection] Share accepted by pool
[2026-09-16T00:42:39Z INFO  minertim] H/s 1m:2334.5 5m:2213.7 10m:2235.5 | Shares: 54/0 (found:54) | Diff: 117705 | 4s elapsed (since last share, avg 50s) | best=351 target=36489 (999%)
[2026-09-16T00:42:45Z INFO  minertim::miner] Worker 3 SHARE FOUND! job_id=010KqBN9M1eK6ZrQ, nonce=87636500, hash_val=3717, difficulty=117705, hash=6d52b0ab21f9b7cd857d144194008840b4574df61e39784822f8f500850e0000
[2026-09-16T00:42:49Z INFO  minertim] H/s 1m:2286.4 5m:2219.1 10m:2232.0 | Shares: 54/0 (found:55) | Diff: 117705 | 3s elapsed (since last share, avg 51s) | best=351 target=36489 (999%)
[2026-09-16T00:42:49Z INFO  minertim::pool_connection] New job: iK60PPc9U3wEpOJT (difficulty: 117705, target: 898e0000)
[2026-09-16T00:42:49Z INFO  minertim::pool_connection] Share accepted by pool
[2026-09-16T00:42:59Z INFO  minertim] H/s 1m:2271.2 5m:2218.2 10m:2233.7 | Shares: 55/0 (found:55) | Diff: 117705 | 13s elapsed (since last share, avg 51s) | best=351 target=36489 (999%)
[2026-09-16T00:43:07Z INFO  minertim::pool_connection] New job: Q00vsuPfTEr70bon (difficulty: 176558, target: 065f0000)
[2026-09-16T00:43:09Z INFO  minertim] H/s 1m:2154.6 5m:2219.9 10m:2236.4 | Shares: 55/0 (found:55) | Diff: 176558 | 23s elapsed (since last share, avg 1m21s) | best=351 target=24326 (999%)
[2026-09-16T00:43:09Z INFO  minertim::pool_connection] New job: i0KJs07iUnJRnB3y (difficulty: 176558, target: 065f0000)
[2026-09-16T00:43:10Z INFO  minertim::pool_connection] New job: RG5O0Qi0qXfUZsK2 (difficulty: 176558, target: 065f0000)
[2026-09-16T00:43:19Z INFO  minertim] H/s 1m:2271.7 5m:2222.8 10m:2237.1 | Shares: 55/0 (found:55) | Diff: 176558 | 33s elapsed (since last share, avg 1m17s) | best=351 target=24326 (999%)
[2026-09-16T00:43:29Z INFO  minertim] H/s 1m:2278.1 5m:2226.7 10m:2237.0 | Shares: 55/0 (found:55) | Diff: 176558 | 43s elapsed (since last share, avg 1m17s) | best=351 target=24326 (999%)
[2026-09-16T00:43:30Z INFO  minertim::pool_connection] New job: qKO3rG7A4VMq0KkI (difficulty: 176558, target: 065f0000)
[2026-09-16T00:43:39Z INFO  minertim] H/s 1m:2334.3 5m:2228.5 10m:2237.1 | Shares: 55/0 (found:55) | Diff: 176558 | 53s elapsed (since last share, avg 1m15s) | best=351 target=24326 (999%)
[2026-09-16T00:43:49Z INFO  minertim] H/s 1m:2348.2 5m:2230.3 10m:2237.7 | Shares: 55/0 (found:55) | Diff: 176558 | 1m3s elapsed (since last share, avg 1m15s) | best=351 target=24326 (999%)
[2026-09-16T00:43:49Z INFO  minertim::pool_connection] New job: i0TLdcRzdCmOJnt0 (difficulty: 176558, target: 065f0000)
[2026-09-16T00:43:50Z INFO  minertim::pool_connection] New job: CX4V9eqTA9IaPC23 (difficulty: 176558, target: 065f0000)
[2026-09-16T00:43:59Z INFO  minertim] H/s 1m:2335.7 5m:2229.3 10m:2237.2 | Shares: 55/0 (found:55) | Diff: 176558 | 1m13s elapsed (since last share, avg 1m15s) | best=351 target=24326 (999%)
[2026-09-16T00:44:07Z INFO  minertim::pool_connection] New job: Asco9THXrWSd80Ei (difficulty: 101860, target: b5a40000)
[2026-09-16T00:44:09Z INFO  minertim] H/s 1m:2324.5 5m:2247.6 10m:2236.9 | Shares: 55/0 (found:55) | Diff: 101860 | 1m23s elapsed (since last share, avg 43s) | best=351 target=42165 (999%)
[2026-09-16T00:44:10Z INFO  minertim::pool_connection] New job: aej19tRhsTtsOQH7 (difficulty: 101860, target: b5a40000)
[2026-09-16T00:44:19Z INFO  minertim] H/s 1m:2333.9 5m:2249.5 10m:2237.5 | Shares: 55/0 (found:55) | Diff: 101860 | 1m33s elapsed (since last share, avg 43s) | best=351 target=42165 (999%)
[2026-09-16T00:44:29Z INFO  minertim] H/s 1m:2330.1 5m:2268.9 10m:2237.6 | Shares: 55/0 (found:55) | Diff: 101860 | 1m43s elapsed (since last share, avg 43s) | best=351 target=42165 (999%)
[2026-09-16T00:44:30Z INFO  minertim::pool_connection] New job: K8RpLbFxuXU1meXL (difficulty: 101860, target: b5a40000)
[2026-09-16T00:44:33Z INFO  minertim::miner] Worker 3 SHARE FOUND! job_id=K8RpLbFxuXU1meXL, nonce=23196900, hash_val=10997, difficulty=101860, hash=f8a80f6b454c86639e8ef629cdad64e1c6a9154b41d84189c85dafa8f52a0000
[2026-09-16T00:44:39Z INFO  minertim] H/s 1m:2264.3 5m:2265.5 10m:2232.5 | Shares: 55/0 (found:56) | Diff: 101860 | 5s elapsed (since last share, avg 44s) | best=351 target=42165 (999%)
[2026-09-16T00:44:49Z INFO  minertim] H/s 1m:2157.1 5m:2246.0 10m:2222.8 | Shares: 55/0 (found:56) | Diff: 101860 | 15s elapsed (since last share, avg 47s) | best=351 target=42165 (999%)
[2026-09-16T00:44:50Z INFO  minertim::pool_connection] New job: O4N03gj8HbU4eifG (difficulty: 101860, target: b5a40000)
[2026-09-16T00:44:50Z INFO  minertim::pool_connection] Share accepted by pool
[2026-09-16T00:44:59Z INFO  minertim] H/s 1m:2154.6 5m:2246.3 10m:2222.6 | Shares: 56/0 (found:56) | Diff: 101860 | 25s elapsed (since last share, avg 47s) | best=351 target=42165 (999%)
[2026-09-16T00:45:09Z INFO  minertim] H/s 1m:2153.7 5m:2248.6 10m:2223.3 | Shares: 56/0 (found:56) | Diff: 101860 | 35s elapsed (since last share, avg 47s) | best=351 target=42165 (999%)
[2026-09-16T00:45:10Z INFO  minertim::pool_connection] New job: lHy3mSp6GhUDxoPT (difficulty: 101860, target: b5a40000)
[2026-09-16T00:45:13Z INFO  minertim::miner] Worker 1 SHARE FOUND! job_id=lHy3mSp6GhUDxoPT, nonce=0d3e6d00, hash_val=6157, difficulty=101860, hash=b20e3bd22ea48aa6a23ac426ab07b9a2348acf8ca2c3607135edc2800d180000
[2026-09-16T00:45:18Z INFO  minertim::miner] Worker 2 SHARE FOUND! job_id=lHy3mSp6GhUDxoPT, nonce=c6846b00, hash_val=21780, difficulty=101860, hash=844f03f33163540e1f8285a7ba669a85f989a660b1b201737751389b14550000
[2026-09-16T00:45:19Z INFO  minertim] H/s 1m:2029.2 5m:2229.5 10m:2212.6 | Shares: 56/0 (found:58) | Diff: 101860 | 0s elapsed (since last share, avg 50s) | best=351 target=42165 (999%)
[2026-09-16T00:45:29Z INFO  minertim] H/s 1m:1853.9 5m:2188.3 10m:2197.4 | Shares: 56/0 (found:58) | Diff: 101860 | 10s elapsed (since last share, avg 54s) | best=351 target=42165 (999%)
[2026-09-16T00:45:29Z INFO  minertim::pool_connection] New job: qHGq0BcQ4vOnDIC3 (difficulty: 101860, target: b5a40000)
[2026-09-16T00:45:30Z INFO  minertim::pool_connection] Share accepted by pool
[2026-09-16T00:45:30Z INFO  minertim::pool_connection] Share accepted by pool
[2026-09-16T00:45:37Z INFO  minertim::pool_connection] New job: 0meujJs1j4EBLvil (difficulty: 152791, target: ce6d0000)
[2026-09-16T00:45:39Z INFO  minertim] H/s 1m:1941.0 5m:2183.3 10m:2198.1 | Shares: 58/0 (found:58) | Diff: 152791 | 20s elapsed (since last share, avg 1m18s) | best=351 target=28110 (999%)
[2026-09-16T00:45:49Z INFO  minertim] H/s 1m:1948.9 5m:2186.7 10m:2198.1 | Shares: 58/0 (found:58) | Diff: 152791 | 30s elapsed (since last share, avg 1m18s) | best=351 target=28110 (999%)
[2026-09-16T00:45:49Z INFO  minertim::pool_connection] New job: UBdlC37oitRLLWlb (difficulty: 152791, target: ce6d0000)
[2026-09-16T00:45:52Z INFO  minertim::miner] Worker 1 SHARE FOUND! job_id=UBdlC37oitRLLWlb, nonce=79106e00, hash_val=20479, difficulty=152791, hash=fa5960139ca0f53cac3f6e9ae9f8d219846d59b5d8a36c25abc1e4ebff4f0000
[2026-09-16T00:45:59Z INFO  minertim] H/s 1m:1890.9 5m:2179.7 10m:2194.5 | Shares: 58/0 (found:59) | Diff: 152791 | 6s elapsed (since last share, avg 1m20s) | best=351 target=28110 (999%)
[2026-09-16T00:46:05Z INFO  minertim::miner] Worker 3 SHARE FOUND! job_id=UBdlC37oitRLLWlb, nonce=77c66b00, hash_val=12813, difficulty=152791, hash=077bbe75fa0d877920a335335dcbc0ba47d5d7265afc2fb7b32923710d320000
[2026-09-16T00:46:09Z INFO  minertim] H/s 1m:1906.8 5m:2163.3 10m:2187.1 | Shares: 58/0 (found:60) | Diff: 152791 | 3s elapsed (since last share, avg 1m20s) | best=351 target=28110 (999%)
[2026-09-16T00:46:09Z INFO  minertim::pool_connection] New job: P3RltI4CGLl1aNQl (difficulty: 152791, target: ce6d0000)
[2026-09-16T00:46:09Z INFO  minertim::pool_connection] Share accepted by pool
[2026-09-16T00:46:10Z INFO  minertim::pool_connection] Share accepted by pool
[2026-09-16T00:46:19Z INFO  minertim] H/s 1m:2075.2 5m:2181.7 10m:2181.9 | Shares: 60/0 (found:60) | Diff: 152791 | 13s elapsed (since last share, avg 1m13s) | best=351 target=28110 (999%)
[2026-09-16T00:46:29Z INFO  minertim] H/s 1m:2106.7 5m:2185.0 10m:2182.8 | Shares: 60/0 (found:60) | Diff: 152791 | 23s elapsed (since last share, avg 1m12s) | best=351 target=28110 (999%)
[2026-09-16T00:46:29Z INFO  minertim::pool_connection] New job: 0hF18Bl7h4HqrdIy (difficulty: 152791, target: ce6d0000)
[2026-09-16T00:46:37Z INFO  minertim::pool_connection] New job: dEjpigMwV6kWWrUD (difficulty: 229187, target: 34490000)
[2026-09-16T00:46:39Z INFO  minertim] H/s 1m:2088.5 5m:2183.7 10m:2181.7 | Shares: 60/0 (found:60) | Diff: 229187 | 33s elapsed (since last share, avg 1m49s) | best=351 target=18740 (999%)
[2026-09-16T00:46:49Z INFO  minertim::pool_connection] New job: HrNuGKVbwPQoX03b (difficulty: 229187, target: 34490000)
[2026-09-16T00:46:49Z INFO  minertim] H/s 1m:2133.6 5m:2183.3 10m:2186.3 | Shares: 60/0 (found:60) | Diff: 229187 | 44s elapsed (since last share, avg 1m47s) | best=351 target=18740 (999%)
[2026-09-16T00:46:59Z INFO  minertim] H/s 1m:2245.7 5m:2183.0 10m:2187.6 | Shares: 60/0 (found:60) | Diff: 229187 | 54s elapsed (since last share, avg 1m42s) | best=351 target=18740 (999%)
[2026-09-16T00:47:09Z INFO  minertim::pool_connection] New job: xcHhNuZZSGd02D2N (difficulty: 229187, target: 34490000)
[2026-09-16T00:47:09Z INFO  minertim] H/s 1m:2307.5 5m:2160.5 10m:2187.2 | Shares: 60/0 (found:60) | Diff: 229187 | 1m4s elapsed (since last share, avg 1m39s) | best=351 target=18740 (999%)
[2026-09-16T00:47:19Z INFO  minertim] H/s 1m:2284.0 5m:2176.5 10m:2187.0 | Shares: 60/0 (found:60) | Diff: 229187 | 1m14s elapsed (since last share, avg 1m40s) | best=351 target=18740 (999%)
[2026-09-16T00:47:29Z INFO  minertim::pool_connection] New job: pIA0Z0kA7mzPMuCM (difficulty: 229187, target: 34490000)
[2026-09-16T00:47:29Z INFO  minertim] H/s 1m:2300.2 5m:2177.8 10m:2188.0 | Shares: 60/0 (found:60) | Diff: 229187 | 1m24s elapsed (since last share, avg 1m39s) | best=351 target=18740 (999%)
[2026-09-16T00:47:37Z INFO  minertim::pool_connection] New job: IvLxDQHL5q5qSS7n (difficulty: 118543, target: 878d0000)
[2026-09-16T00:47:39Z INFO  minertim] H/s 1m:2312.4 5m:2187.8 10m:2198.5 | Shares: 60/0 (found:60) | Diff: 118543 | 1m34s elapsed (since last share, avg 51s) | best=351 target=36231 (999%)
[2026-09-16T00:47:44Z INFO  minertim::pool_connection] New job: Xu35q0w4wBcW5ggs (difficulty: 118543, target: 878d0000)
[2026-09-16T00:47:49Z INFO  minertim] H/s 1m:2316.1 5m:2190.8 10m:2206.2 | Shares: 60/0 (found:60) | Diff: 118543 | 1m44s elapsed (since last share, avg 51s) | best=351 target=36231 (999%)
[2026-09-16T00:47:59Z INFO  minertim] H/s 1m:2330.4 5m:2190.8 10m:2207.2 | Shares: 60/0 (found:60) | Diff: 118543 | 1m54s elapsed (since last share, avg 50s) | best=351 target=36231 (999%)
[2026-09-16T00:48:03Z INFO  minertim::pool_connection] New job: ZkS0ZNPyyoFbR7ve (difficulty: 118543, target: 878d0000)
[2026-09-16T00:48:09Z INFO  minertim] H/s 1m:2353.9 5m:2190.6 10m:2208.0 | Shares: 60/0 (found:60) | Diff: 118543 | 2m4s elapsed (since last share, avg 50s) | best=351 target=36231 (999%)
[2026-09-16T00:48:11Z INFO  minertim::miner] Worker 2 SHARE FOUND! job_id=ZkS0ZNPyyoFbR7ve, nonce=de4f7100, hash_val=34223, difficulty=118543, hash=a31609edaec289c335e0a7cd8320044c932df83a01d6c35d21a312a5af850000
[2026-09-16T00:48:19Z INFO  minertim] H/s 1m:2303.7 5m:2182.2 10m:2204.5 | Shares: 60/0 (found:61) | Diff: 118543 | 7s elapsed (since last share, avg 51s) | best=351 target=36231 (999%)
[2026-09-16T00:48:23Z INFO  minertim::pool_connection] New job: QKdS0OHjGF6b4i0s (difficulty: 118543, target: 878d0000)
[2026-09-16T00:48:24Z INFO  minertim::pool_connection] Share accepted by pool
[2026-09-16T00:48:29Z INFO  minertim] H/s 1m:2271.3 5m:2177.0 10m:2204.3 | Shares: 61/0 (found:61) | Diff: 118543 | 17s elapsed (since last share, avg 52s) | best=351 target=36231 (999%)
[2026-09-16T00:48:39Z INFO  minertim::miner] Worker 1 SHARE FOUND! job_id=QKdS0OHjGF6b4i0s, nonce=b9647300, hash_val=2993, difficulty=118543, hash=b2d88efe971c9e570a15f523255e9c34d11ed1c3f51ab42b8236a601b10b0000
[2026-09-16T00:48:39Z INFO  minertim] H/s 1m:2270.4 5m:2177.4 10m:2205.4 | Shares: 61/0 (found:62) | Diff: 118543 | 0s elapsed (since last share, avg 52s) | best=351 target=36231 (999%)
[2026-09-16T00:48:43Z INFO  minertim::pool_connection] New job: jP7WFNczLQsDfIv4 (difficulty: 118543, target: 878d0000)
[2026-09-16T00:48:43Z INFO  minertim::pool_connection] Share accepted by pool
[2026-09-16T00:48:49Z INFO  minertim] H/s 1m:2263.2 5m:2178.3 10m:2205.9 | Shares: 62/0 (found:62) | Diff: 118543 | 10s elapsed (since last share, avg 52s) | best=351 target=36231 (999%)
[2026-09-16T00:48:59Z INFO  minertim] H/s 1m:2264.4 5m:2180.3 10m:2206.5 | Shares: 62/0 (found:62) | Diff: 118543 | 20s elapsed (since last share, avg 52s) | best=351 target=36231 (999%)
[2026-09-16T00:49:03Z INFO  minertim::pool_connection] New job: au9uFoUjOloc5Z0J (difficulty: 118543, target: 878d0000)
[2026-09-16T00:49:09Z INFO  minertim] H/s 1m:2322.8 5m:2180.3 10m:2216.5 | Shares: 62/0 (found:62) | Diff: 118543 | 30s elapsed (since last share, avg 51s) | best=351 target=36231 (999%)
[2026-09-16T00:49:19Z INFO  minertim] H/s 1m:2357.6 5m:2181.7 10m:2217.5 | Shares: 62/0 (found:62) | Diff: 118543 | 40s elapsed (since last share, avg 50s) | best=351 target=36231 (999%)
[2026-09-16T00:49:23Z INFO  minertim::pool_connection] New job: 1x4SHfYmdO8hjVrO (difficulty: 118543, target: 878d0000)
[2026-09-16T00:49:29Z INFO  minertim] H/s 1m:2359.3 5m:2193.8 10m:2227.7 | Shares: 62/0 (found:62) | Diff: 118543 | 50s elapsed (since last share, avg 50s) | best=351 target=36231 (999%)
[2026-09-16T00:49:39Z INFO  minertim] H/s 1m:2366.3 5m:2214.3 10m:2231.9 | Shares: 62/0 (found:62) | Diff: 118543 | 1m0s elapsed (since last share, avg 50s) | best=351 target=36231 (999%)
[2026-09-16T00:49:43Z INFO  minertim::pool_connection] New job: ch07V19bS67Bpu25 (difficulty: 118543, target: 878d0000)
[2026-09-16T00:49:49Z INFO  minertim] H/s 1m:2361.0 5m:2215.9 10m:2232.0 | Shares: 62/0 (found:62) | Diff: 118543 | 1m10s elapsed (since last share, avg 50s) | best=351 target=36231 (999%)
[2026-09-16T00:49:59Z INFO  minertim] H/s 1m:2360.3 5m:2215.9 10m:2233.3 | Shares: 62/0 (found:62) | Diff: 118543 | 1m20s elapsed (since last share, avg 50s) | best=351 target=36231 (999%)
[2026-09-16T00:50:03Z INFO  minertim::pool_connection] New job: G08EyGA5xw716QAs (difficulty: 118543, target: 878d0000)
[2026-09-16T00:50:09Z INFO  minertim] H/s 1m:2359.3 5m:2238.6 10m:2234.5 | Shares: 62/0 (found:62) | Diff: 118543 | 1m30s elapsed (since last share, avg 50s) | best=351 target=36231 (999%)
[2026-09-16T00:50:11Z INFO  minertim::miner] Worker 2 SHARE FOUND! job_id=G08EyGA5xw716QAs, nonce=e2377500, hash_val=20438, difficulty=118543, hash=5663abf7d709deb8350ba8763c5419a0fd368b85c6d7572a215efa20d64f0000
[2026-09-16T00:50:19Z INFO  minertim] H/s 1m:2241.6 5m:2260.6 10m:2226.3 | Shares: 62/0 (found:63) | Diff: 118543 | 7s elapsed (since last share, avg 52s) | best=351 target=36231 (999%)
[2026-09-16T00:50:23Z INFO  minertim::pool_connection] New job: E2tC0nDuuip6kELu (difficulty: 118543, target: 878d0000)
[2026-09-16T00:50:23Z INFO  minertim::pool_connection] Share accepted by pool
[2026-09-16T00:50:27Z INFO  minertim::pool_connection] New job: IK0fC4LkcMeKIT00 (difficulty: 118543, target: 878d0000)
[2026-09-16T00:50:29Z INFO  minertim] H/s 1m:2221.1 5m:2262.6 10m:2225.1 | Shares: 63/0 (found:63) | Diff: 118543 | 17s elapsed (since last share, avg 53s) | best=351 target=36231 (999%)
[2026-09-16T00:50:39Z INFO  minertim] H/s 1m:2218.8 5m:2262.4 10m:2224.7 | Shares: 63/0 (found:63) | Diff: 118543 | 27s elapsed (since last share, avg 53s) | best=351 target=36231 (999%)
[2026-09-16T00:50:47Z INFO  minertim::pool_connection] New job: iZt4CyXlsL5QA7bN (difficulty: 118543, target: 878d0000)
[2026-09-16T00:50:49Z INFO  minertim] H/s 1m:2193.9 5m:2268.2 10m:2224.8 | Shares: 63/0 (found:63) | Diff: 118543 | 37s elapsed (since last share, avg 54s) | best=351 target=36231 (999%)
[2026-09-16T00:50:59Z INFO  minertim] H/s 1m:2191.0 5m:2287.6 10m:2226.1 | Shares: 63/0 (found:63) | Diff: 118543 | 47s elapsed (since last share, avg 54s) | best=351 target=36231 (999%)
[2026-09-16T00:51:04Z INFO  minertim::miner] Worker 3 SHARE FOUND! job_id=iZt4CyXlsL5QA7bN, nonce=ff4f7600, hash_val=19634, difficulty=118543, hash=0c30c436e3551b75b064a1d11b67d89009045af3506e8e792818a08bb24c0000
[2026-09-16T00:51:06Z INFO  minertim::pool_connection] New job: NDpE2my5Qv7FnjZ9 (difficulty: 118543, target: 878d0000)
[2026-09-16T00:51:07Z INFO  minertim::pool_connection] Share accepted by pool
[2026-09-16T00:51:09Z INFO  minertim] H/s 1m:2300.5 5m:2299.4 10m:2227.2 | Shares: 64/0 (found:64) | Diff: 118543 | 4s elapsed (since last share, avg 51s) | best=351 target=36231 (999%)
[2026-09-16T00:51:10Z INFO  minertim::miner] Worker 2 SHARE FOUND! job_id=NDpE2my5Qv7FnjZ9, nonce=d6e57600, hash_val=7926, difficulty=118543, hash=88ec2d91eda63169ac99d118ecd8cfe7603d47daa698a36ff5a7aeadf61e0000
[2026-09-16T00:51:19Z INFO  minertim] H/s 1m:2205.0 5m:2279.6 10m:2232.8 | Shares: 64/0 (found:65) | Diff: 118543 | 9s elapsed (since last share, avg 53s) | best=351 target=36231 (999%)
[2026-09-16T00:51:26Z INFO  minertim::pool_connection] New job: V4rconcJhOs2W8cQ (difficulty: 118543, target: 878d0000)
[2026-09-16T00:51:27Z INFO  minertim::pool_connection] Share accepted by pool
[2026-09-16T00:51:29Z INFO  minertim] H/s 1m:2121.3 5m:2268.1 10m:2226.8 | Shares: 65/0 (found:65) | Diff: 118543 | 19s elapsed (since last share, avg 55s) | best=351 target=36231 (999%)
[2026-09-16T00:51:39Z INFO  minertim] H/s 1m:2145.4 5m:2270.2 10m:2228.1 | Shares: 65/0 (found:65) | Diff: 118543 | 29s elapsed (since last share, avg 55s) | best=351 target=36231 (999%)
[2026-09-16T00:51:46Z INFO  minertim::pool_connection] New job: 0qk8OqsZPCNsnXuo (difficulty: 118543, target: 878d0000)
[2026-09-16T00:51:49Z INFO  minertim] H/s 1m:2149.7 5m:2271.1 10m:2229.2 | Shares: 65/0 (found:65) | Diff: 118543 | 39s elapsed (since last share, avg 55s) | best=351 target=36231 (999%)
[2026-09-16T00:51:59Z INFO  minertim] H/s 1m:2157.8 5m:2273.6 10m:2229.4 | Shares: 65/0 (found:65) | Diff: 118543 | 49s elapsed (since last share, avg 54s) | best=351 target=36231 (999%)
[2026-09-16T00:52:06Z INFO  minertim::pool_connection] New job: DK94mTjFl1BFLnS3 (difficulty: 118543, target: 878d0000)
[2026-09-16T00:52:09Z INFO  minertim] H/s 1m:2274.8 5m:2278.0 10m:2219.6 | Shares: 65/0 (found:65) | Diff: 118543 | 59s elapsed (since last share, avg 52s) | best=351 target=36231 (999%)
[2026-09-16T00:52:19Z INFO  minertim] H/s 1m:2366.8 5m:2279.5 10m:2229.6 | Shares: 65/0 (found:65) | Diff: 118543 | 1m9s elapsed (since last share, avg 50s) | best=351 target=36231 (999%)
[2026-09-16T00:52:26Z INFO  minertim::pool_connection] New job: 0aYTgqy2RNFrQCX2 (difficulty: 118543, target: 878d0000)
[2026-09-16T00:52:26Z INFO  minertim::pool_connection] New job: 00QESQqV3tldBwo4 (difficulty: 118543, target: 878d0000)
[2026-09-16T00:52:29Z INFO  minertim] H/s 1m:2369.0 5m:2280.0 10m:2231.1 | Shares: 65/0 (found:65) | Diff: 118543 | 1m19s elapsed (since last share, avg 50s) | best=351 target=36231 (999%)
[2026-09-16T00:52:39Z INFO  minertim] H/s 1m:2368.9 5m:2280.2 10m:2236.2 | Shares: 65/0 (found:65) | Diff: 118543 | 1m29s elapsed (since last share, avg 50s) | best=351 target=36231 (999%)
[2026-09-16T00:52:46Z INFO  minertim::pool_connection] New job: tXt0Pl0x0Nmbx4OC (difficulty: 118543, target: 878d0000)
[2026-09-16T00:52:49Z INFO  minertim] H/s 1m:2368.8 5m:2280.3 10m:2237.7 | Shares: 65/0 (found:65) | Diff: 118543 | 1m39s elapsed (since last share, avg 50s) | best=351 target=36231 (999%)
[2026-09-16T00:52:59Z INFO  minertim] H/s 1m:2361.0 5m:2279.2 10m:2237.1 | Shares: 65/0 (found:65) | Diff: 118543 | 1m49s elapsed (since last share, avg 50s) | best=351 target=36231 (999%)
[2026-09-16T00:53:06Z INFO  minertim::pool_connection] New job: KOEombuC7fagd7q2 (difficulty: 118543, target: 878d0000)
[2026-09-16T00:53:09Z INFO  minertim] H/s 1m:2329.4 5m:2284.0 10m:2234.5 | Shares: 65/0 (found:65) | Diff: 118543 | 1m59s elapsed (since last share, avg 50s) | best=351 target=36231 (999%)
[2026-09-16T00:53:19Z INFO  minertim] H/s 1m:2325.7 5m:2289.4 10m:2235.1 | Shares: 65/0 (found:65) | Diff: 118543 | 2m9s elapsed (since last share, avg 50s) | best=351 target=36231 (999%)
[2026-09-16T00:53:26Z INFO  minertim::pool_connection] New job: 5aLCcDPL2Nb6X6Yq (difficulty: 118543, target: 878d0000)
[2026-09-16T00:53:29Z INFO  minertim] H/s 1m:2325.1 5m:2289.6 10m:2235.4 | Shares: 65/0 (found:65) | Diff: 118543 | 2m19s elapsed (since last share, avg 50s) | best=351 target=36231 (999%)
[2026-09-16T00:53:37Z INFO  minertim::pool_connection] New job: MfjjEB0aw0HwRUmO (difficulty: 88907, target: b4bc0000)
[2026-09-16T00:53:39Z INFO  minertim] H/s 1m:2324.5 5m:2290.8 10m:2235.7 | Shares: 65/0 (found:65) | Diff: 88907 | 2m29s elapsed (since last share, avg 38s) | best=351 target=48308 (999%)
[2026-09-16T00:53:46Z INFO  minertim::pool_connection] New job: 90GXjj00tta0b7R4 (difficulty: 88907, target: b4bc0000)
[2026-09-16T00:53:49Z INFO  minertim] H/s 1m:2331.4 5m:2290.8 10m:2236.7 | Shares: 65/0 (found:65) | Diff: 88907 | 2m39s elapsed (since last share, avg 38s) | best=351 target=48308 (999%)
[2026-09-16T00:53:59Z INFO  minertim] H/s 1m:2362.0 5m:2290.7 10m:2237.7 | Shares: 65/0 (found:65) | Diff: 88907 | 2m49s elapsed (since last share, avg 37s) | best=351 target=48308 (999%)
[2026-09-16T00:54:05Z INFO  minertim::miner] Worker 1 SHARE FOUND! job_id=90GXjj00tta0b7R4, nonce=39ef7e00, hash_val=15482, difficulty=88907, hash=ca2b40c17652674e7442e20dc6c9d201884ec5d628aaf2211ef3d6437a3c0000
[2026-09-16T00:54:06Z INFO  minertim::pool_connection] New job: OwLi6a109xZsklBv (difficulty: 88907, target: b4bc0000)
[2026-09-16T00:54:06Z INFO  minertim::pool_connection] Share accepted by pool
[2026-09-16T00:54:07Z INFO  minertim::pool_connection] New job: 82AFk7sxwdKioXCl (difficulty: 133363, target: cd7d0000)
[2026-09-16T00:54:09Z INFO  minertim] H/s 1m:2353.8 5m:2288.7 10m:2236.8 | Shares: 66/0 (found:66) | Diff: 133363 | 4s elapsed (since last share, avg 56s) | best=351 target=32205 (999%)
[2026-09-16T00:54:19Z INFO  minertim] H/s 1m:2345.7 5m:2287.3 10m:2236.7 | Shares: 66/0 (found:66) | Diff: 133363 | 14s elapsed (since last share, avg 56s) | best=351 target=32205 (999%)
[2026-09-16T00:54:26Z INFO  minertim::pool_connection] New job: 5acUBFfouZ0NwxAa (difficulty: 133363, target: cd7d0000)
[2026-09-16T00:54:29Z INFO  minertim] H/s 1m:2344.0 5m:2287.0 10m:2242.5 | Shares: 66/0 (found:66) | Diff: 133363 | 24s elapsed (since last share, avg 56s) | best=351 target=32205 (999%)
[2026-09-16T00:54:39Z INFO  minertim] H/s 1m:2342.9 5m:2287.6 10m:2252.5 | Shares: 66/0 (found:66) | Diff: 133363 | 34s elapsed (since last share, avg 56s) | best=351 target=32205 (999%)
[2026-09-16T00:54:46Z INFO  minertim::pool_connection] New job: JHsdKDHYfi6XLaDj (difficulty: 133363, target: cd7d0000)
[2026-09-16T00:54:49Z INFO  minertim] H/s 1m:2342.6 5m:2287.6 10m:2253.6 | Shares: 66/0 (found:66) | Diff: 133363 | 44s elapsed (since last share, avg 56s) | best=351 target=32205 (999%)
[2026-09-16T00:54:59Z INFO  minertim] H/s 1m:2353.2 5m:2287.6 10m:2253.7 | Shares: 66/0 (found:66) | Diff: 133363 | 54s elapsed (since last share, avg 56s) | best=351 target=32205 (999%)
[2026-09-16T00:55:06Z INFO  minertim::pool_connection] New job: q684ZgoXbychG7ML (difficulty: 133363, target: cd7d0000)
[2026-09-16T00:55:07Z INFO  minertim::pool_connection] New job: H8NSpLFBjyCxGDyX (difficulty: 98382, target: 88aa0000)
[2026-09-16T00:55:09Z INFO  minertim] H/s 1m:2360.2 5m:2307.7 10m:2264.8 | Shares: 66/0 (found:66) | Diff: 98382 | 1m4s elapsed (since last share, avg 41s) | best=351 target=43656 (999%)
[2026-09-16T00:55:19Z INFO  minertim] H/s 1m:2357.8 5m:2310.6 10m:2285.2 | Shares: 66/0 (found:66) | Diff: 98382 | 1m14s elapsed (since last share, avg 41s) | best=351 target=43656 (999%)
[2026-09-16T00:55:25Z INFO  minertim::pool_connection] New job: VSt66zwBITKFu0UG (difficulty: 98382, target: 88aa0000)
[2026-09-16T00:55:29Z INFO  minertim] H/s 1m:2338.2 5m:2308.2 10m:2286.1 | Shares: 66/0 (found:66) | Diff: 98382 | 1m24s elapsed (since last share, avg 42s) | best=351 target=43656 (999%)
[2026-09-16T00:55:39Z INFO  minertim] H/s 1m:2337.1 5m:2312.3 10m:2286.5 | Shares: 66/0 (found:66) | Diff: 98382 | 1m34s elapsed (since last share, avg 42s) | best=351 target=43656 (999%)
[2026-09-16T00:55:45Z INFO  minertim::pool_connection] New job: 1PeXLx207P0TlSNM (difficulty: 98382, target: 88aa0000)
[2026-09-16T00:55:49Z INFO  minertim] H/s 1m:2336.7 5m:2312.8 10m:2291.5 | Shares: 66/0 (found:66) | Diff: 98382 | 1m44s elapsed (since last share, avg 42s) | best=351 target=43656 (999%)
[2026-09-16T00:55:59Z INFO  minertim] H/s 1m:2336.8 5m:2314.0 10m:2301.2 | Shares: 66/0 (found:66) | Diff: 98382 | 1m54s elapsed (since last share, avg 42s) | best=351 target=43656 (999%)
[2026-09-16T00:56:03Z INFO  minertim::miner] Worker 0 SHARE FOUND! job_id=1PeXLx207P0TlSNM, nonce=44db8300, hash_val=41405, difficulty=98382, hash=e9912f00bea7ac0708bf74d7c48234ce0b82df694a7908cf018b8c91bda10000
[2026-09-16T00:56:05Z INFO  minertim::pool_connection] New job: BF9QdMu0lbI2tRUe (difficulty: 98382, target: 88aa0000)
[2026-09-16T00:56:06Z INFO  minertim::pool_connection] Share accepted by pool
[2026-09-16T00:56:08Z INFO  minertim::pool_connection] New job: h9Z1le7ipweRUfRZ (difficulty: 75036, target: 96df0000)
[2026-09-16T00:56:09Z INFO  minertim] H/s 1m:2320.3 5m:2330.4 10m:2305.9 | Shares: 67/0 (found:67) | Diff: 75036 | 6s elapsed (since last share, avg 32s) | best=351 target=57238 (999%)
[2026-09-16T00:56:19Z INFO  minertim] H/s 1m:2340.5 5m:2346.0 10m:2306.0 | Shares: 67/0 (found:67) | Diff: 75036 | 16s elapsed (since last share, avg 32s) | best=351 target=57238 (999%)
[2026-09-16T00:56:25Z INFO  minertim::pool_connection] New job: sjJECOzRnC0Pv7VV (difficulty: 75036, target: 96df0000)
[2026-09-16T00:56:29Z INFO  minertim] H/s 1m:2341.6 5m:2346.2 10m:2308.0 | Shares: 67/0 (found:67) | Diff: 75036 | 26s elapsed (since last share, avg 32s) | best=351 target=57238 (999%)
[2026-09-16T00:56:32Z INFO  minertim::miner] Worker 2 SHARE FOUND! job_id=sjJECOzRnC0Pv7VV, nonce=26e58100, hash_val=26515, difficulty=75036, hash=bbcbbe55d9d8bb758b5fb40deaf2b08bb82eea75b431349ba6f9774493670000
[2026-09-16T00:56:39Z INFO  minertim] H/s 1m:2283.6 5m:2335.9 10m:2304.2 | Shares: 67/0 (found:68) | Diff: 75036 | 7s elapsed (since last share, avg 32s) | best=351 target=57238 (999%)
[2026-09-16T00:56:45Z INFO  minertim::pool_connection] New job: rFy2vEe5GbnkQ03L (difficulty: 75036, target: 96df0000)
[2026-09-16T00:56:45Z INFO  minertim::pool_connection] Share accepted by pool
[2026-09-16T00:56:49Z INFO  minertim::miner] Worker 0 SHARE FOUND! job_id=rFy2vEe5GbnkQ03L, nonce=80728500, hash_val=5810, difficulty=75036, hash=93179fdcf9780c24753d6fca89ebb13c9551cfff32bf478f8977dec7b2160000
[2026-09-16T00:56:49Z INFO  minertim] H/s 1m:2174.9 5m:2316.9 10m:2295.2 | Shares: 68/0 (found:69) | Diff: 75036 | 0s elapsed (since last share, avg 34s) | best=351 target=57238 (999%)
[2026-09-16T00:56:59Z INFO  minertim] H/s 1m:2078.3 5m:2296.6 10m:2286.5 | Shares: 68/0 (found:69) | Diff: 75036 | 10s elapsed (since last share, avg 36s) | best=351 target=57238 (999%)
[2026-09-16T00:57:05Z INFO  minertim::pool_connection] New job: 1Vmd09kW1fmFsodr (difficulty: 75036, target: 96df0000)
[2026-09-16T00:57:05Z INFO  minertim::pool_connection] Share accepted by pool
[2026-09-16T00:57:08Z INFO  minertim::pool_connection] New job: vze90yWxWGioLyzY (difficulty: 112554, target: 0f950000)
[2026-09-16T00:57:09Z INFO  minertim] H/s 1m:2009.8 5m:2284.5 10m:2282.7 | Shares: 69/0 (found:69) | Diff: 112554 | 20s elapsed (since last share, avg 56s) | best=351 target=38159 (999%)
[2026-09-16T00:57:13Z INFO  minertim::pool_connection] New job: mYUAHNOqQ823HPIK (difficulty: 112554, target: 0f950000)
[2026-09-16T00:57:19Z INFO  minertim] H/s 1m:2010.0 5m:2284.3 10m:2283.4 | Shares: 69/0 (found:69) | Diff: 112554 | 30s elapsed (since last share, avg 55s) | best=351 target=38159 (999%)
[2026-09-16T00:57:29Z INFO  minertim] H/s 1m:2068.9 5m:2284.1 10m:2283.5 | Shares: 69/0 (found:69) | Diff: 112554 | 40s elapsed (since last share, avg 54s) | best=351 target=38159 (999%)
[2026-09-16T00:57:33Z INFO  minertim::pool_connection] New job: l1v5pGMjmIKI6I0f (difficulty: 112554, target: 0f950000)
[2026-09-16T00:57:37Z INFO  minertim::miner] Worker 1 SHARE FOUND! job_id=l1v5pGMjmIKI6I0f, nonce=31848600, hash_val=32872, difficulty=112554, hash=30301e25399a9f80bdd41773955c77670948b37683d96a1fd8dc0e7368800000
[2026-09-16T00:57:39Z INFO  minertim] H/s 1m:2119.9 5m:2274.0 10m:2278.6 | Shares: 69/0 (found:70) | Diff: 112554 | 2s elapsed (since last share, avg 53s) | best=351 target=38159 (999%)
[2026-09-16T00:57:46Z INFO  minertim::pool_connection] Share accepted by pool
[2026-09-16T00:57:49Z INFO  minertim] H/s 1m:2166.0 5m:2262.9 10m:2272.6 | Shares: 70/0 (found:70) | Diff: 112554 | 12s elapsed (since last share, avg 51s) | best=351 target=38159 (999%)
[2026-09-16T00:57:53Z INFO  minertim::pool_connection] New job: NN6i3ief0nPKqRaD (difficulty: 112554, target: 0f950000)
[2026-09-16T00:57:59Z INFO  minertim] H/s 1m:2234.0 5m:2268.0 10m:2272.6 | Shares: 70/0 (found:70) | Diff: 112554 | 22s elapsed (since last share, avg 50s) | best=351 target=38159 (999%)
[2026-09-16T00:58:09Z INFO  minertim] H/s 1m:2234.2 5m:2268.5 10m:2277.5 | Shares: 70/0 (found:70) | Diff: 112554 | 32s elapsed (since last share, avg 50s) | best=351 target=38159 (999%)
[2026-09-16T00:58:11Z INFO  minertim::miner] Worker 0 SHARE FOUND! job_id=NN6i3ief0nPKqRaD, nonce=50d58700, hash_val=12028, difficulty=112554, hash=66b45c397783a267b970da21471f47e6d29e08610f4ecf8de077c378fc2e0000
[2026-09-16T00:58:12Z INFO  minertim::pool_connection] New job: SIJvX3f8Di14V1y1 (difficulty: 112554, target: 0f950000)
[2026-09-16T00:58:12Z INFO  minertim::pool_connection] Share accepted by pool
[2026-09-16T00:58:19Z INFO  minertim] H/s 1m:2225.3 5m:2266.9 10m:2279.6 | Shares: 71/0 (found:71) | Diff: 112554 | 8s elapsed (since last share, avg 50s) | best=351 target=38159 (999%)
[2026-09-16T00:58:29Z INFO  minertim] H/s 1m:2283.2 5m:2266.9 10m:2279.7 | Shares: 71/0 (found:71) | Diff: 112554 | 18s elapsed (since last share, avg 49s) | best=351 target=38159 (999%)
[2026-09-16T00:58:32Z INFO  minertim::pool_connection] New job: 418N9xGS0aqTpiVC (difficulty: 112554, target: 0f950000)
[2026-09-16T00:58:39Z INFO  minertim] H/s 1m:2354.0 5m:2266.8 10m:2280.3 | Shares: 71/0 (found:71) | Diff: 112554 | 28s elapsed (since last share, avg 47s) | best=351 target=38159 (999%)
[2026-09-16T00:58:48Z INFO  minertim::miner] Worker 0 SHARE FOUND! job_id=418N9xGS0aqTpiVC, nonce=0c228900, hash_val=22282, difficulty=112554, hash=06a16181d601386f2d33ad541c0788d4aa1f351296f603976d5a8f040a570000
[2026-09-16T00:58:49Z INFO  minertim] H/s 1m:2355.1 5m:2266.8 10m:2280.2 | Shares: 71/0 (found:72) | Diff: 112554 | 1s elapsed (since last share, avg 47s) | best=351 target=38159 (999%)
[2026-09-16T00:58:52Z INFO  minertim::pool_connection] New job: 30C0kedeE132ydyF (difficulty: 112554, target: 0f950000)
[2026-09-16T00:58:52Z INFO  minertim::pool_connection] Share accepted by pool
[2026-09-16T00:58:59Z INFO  minertim] H/s 1m:2331.3 5m:2264.6 10m:2278.2 | Shares: 72/0 (found:72) | Diff: 112554 | 11s elapsed (since last share, avg 48s) | best=351 target=38159 (999%)
[2026-09-16T00:59:09Z INFO  minertim] H/s 1m:2340.4 5m:2266.0 10m:2278.2 | Shares: 72/0 (found:72) | Diff: 112554 | 21s elapsed (since last share, avg 48s) | best=351 target=38159 (999%)
[2026-09-16T00:59:11Z INFO  minertim::pool_connection] New job: k1RQvo2OOZx0Wu7n (difficulty: 112554, target: 0f950000)
[2026-09-16T00:59:19Z INFO  minertim] H/s 1m:2340.4 5m:2266.3 10m:2278.1 | Shares: 72/0 (found:72) | Diff: 112554 | 31s elapsed (since last share, avg 48s) | best=351 target=38159 (999%)
[2026-09-16T00:59:29Z INFO  minertim] H/s 1m:2341.6 5m:2266.6 10m:2278.2 | Shares: 72/0 (found:72) | Diff: 112554 | 41s elapsed (since last share, avg 48s) | best=351 target=38159 (999%)
[2026-09-16T00:59:31Z INFO  minertim::pool_connection] New job: o9AGSa5r99o1n0ja (difficulty: 112554, target: 0f950000)
[2026-09-16T00:59:39Z INFO  minertim] H/s 1m:2341.2 5m:2266.6 10m:2278.6 | Shares: 72/0 (found:72) | Diff: 112554 | 51s elapsed (since last share, avg 48s) | best=351 target=38159 (999%)
[2026-09-16T00:59:49Z INFO  minertim] H/s 1m:2364.3 5m:2266.5 10m:2278.5 | Shares: 72/0 (found:72) | Diff: 112554 | 1m1s elapsed (since last share, avg 47s) | best=351 target=38159 (999%)
[2026-09-16T00:59:51Z INFO  minertim::pool_connection] New job: daIpVTBvqBs4Rwaj (difficulty: 112554, target: 0f950000)
[2026-09-16T01:00:00Z INFO  minertim] H/s 1m:2362.9 5m:2266.5 10m:2278.5 | Shares: 72/0 (found:72) | Diff: 112554 | 1m11s elapsed (since last share, avg 47s) | best=351 target=38159 (999%)
[2026-09-16T01:00:10Z INFO  minertim] H/s 1m:2360.9 5m:2266.8 10m:2288.2 | Shares: 72/0 (found:72) | Diff: 112554 | 1m21s elapsed (since last share, avg 47s) | best=351 target=38159 (999%)
[2026-09-16T01:00:11Z INFO  minertim::pool_connection] New job: MXmKS01DyHYbVLys (difficulty: 112554, target: 0f950000)
[2026-09-16T01:00:20Z INFO  minertim] H/s 1m:2360.4 5m:2270.4 10m:2290.0 | Shares: 72/0 (found:72) | Diff: 112554 | 1m31s elapsed (since last share, avg 47s) | best=351 target=38159 (999%)
[2026-09-16T01:00:30Z INFO  minertim] H/s 1m:2360.5 5m:2270.6 10m:2290.6 | Shares: 72/0 (found:72) | Diff: 112554 | 1m41s elapsed (since last share, avg 47s) | best=351 target=38159 (999%)
[2026-09-16T01:00:31Z INFO  minertim::pool_connection] New job: E7V2m8fW6fJg0W0R (difficulty: 112554, target: 0f950000)
[2026-09-16T01:00:35Z INFO  minertim::pool_connection] New job: uBz7QH2gcQ0T16FW (difficulty: 112554, target: 0f950000)
[2026-09-16T01:00:40Z INFO  minertim] H/s 1m:2361.0 5m:2270.7 10m:2292.7 | Shares: 72/0 (found:72) | Diff: 112554 | 1m51s elapsed (since last share, avg 47s) | best=351 target=38159 (999%)
[2026-09-16T01:00:50Z INFO  minertim] H/s 1m:2362.5 5m:2270.9 10m:2293.0 | Shares: 72/0 (found:72) | Diff: 112554 | 2m1s elapsed (since last share, avg 47s) | best=351 target=38159 (999%)
[2026-09-16T01:00:55Z INFO  minertim::pool_connection] New job: Lx5FLVHzGiK2P6vv (difficulty: 112554, target: 0f950000)
[2026-09-16T01:01:00Z INFO  minertim] H/s 1m:2363.8 5m:2274.3 10m:2293.6 | Shares: 72/0 (found:72) | Diff: 112554 | 2m11s elapsed (since last share, avg 47s) | best=351 target=38159 (999%)
[2026-09-16T01:01:08Z INFO  minertim::pool_connection] New job: Su0HcBRjxVO5SZM0 (difficulty: 83373, target: 3bc90000)
[2026-09-16T01:01:10Z INFO  minertim] H/s 1m:2362.5 5m:2274.2 10m:2303.3 | Shares: 72/0 (found:72) | Diff: 83373 | 2m21s elapsed (since last share, avg 35s) | best=351 target=51515 (999%)
[2026-09-16T01:01:15Z INFO  minertim::pool_connection] New job: jPtCsDqCR7R7bKHe (difficulty: 83373, target: 3bc90000)
[2026-09-16T01:01:18Z INFO  minertim::miner] Worker 2 SHARE FOUND! job_id=jPtCsDqCR7R7bKHe, nonce=bac78b00, hash_val=35684, difficulty=83373, hash=38c662a6e4ae258e72b49bb3f2bf450331e43fc76b7689def69e371b648b0000
[2026-09-16T01:01:20Z INFO  minertim] H/s 1m:2362.5 5m:2274.2 10m:2311.0 | Shares: 72/0 (found:73) | Diff: 83373 | 1s elapsed (since last share, avg 35s) | best=351 target=51515 (999%)
[2026-09-16T01:01:28Z INFO  minertim::pool_connection] Share accepted by pool
[2026-09-16T01:01:30Z INFO  minertim] H/s 1m:2284.6 5m:2270.9 10m:2304.5 | Shares: 73/0 (found:73) | Diff: 83373 | 11s elapsed (since last share, avg 36s) | best=351 target=51515 (999%)
[2026-09-16T01:01:35Z INFO  minertim::pool_connection] New job: 2t1YoP8cjIJrhAq2 (difficulty: 83373, target: 3bc90000)
[2026-09-16T01:01:38Z INFO  minertim::pool_connection] New job: 3TZ5fOnRJDSApqTL (difficulty: 125060, target: 27860000)
[2026-09-16T01:01:40Z INFO  minertim] H/s 1m:2284.1 5m:2289.8 10m:2304.4 | Shares: 73/0 (found:73) | Diff: 125060 | 21s elapsed (since last share, avg 54s) | best=351 target=34343 (999%)
[2026-09-16T01:01:50Z INFO  minertim] H/s 1m:2285.0 5m:2309.9 10m:2304.4 | Shares: 73/0 (found:73) | Diff: 125060 | 31s elapsed (since last share, avg 54s) | best=351 target=34343 (999%)
[2026-09-16T01:01:54Z INFO  minertim::pool_connection] New job: jKZ8w0v3aeFzOTWk (difficulty: 125060, target: 27860000)
[2026-09-16T01:01:56Z INFO  minertim::miner] Worker 2 SHARE FOUND! job_id=jKZ8w0v3aeFzOTWk, nonce=12cd8c00, hash_val=5404, difficulty=125060, hash=046b4ddeaebcd2b3c28fe859b45d8523346ff20bfaf23c3ca851a8551c150000
[2026-09-16T01:01:59Z INFO  minertim::pool_connection] Share accepted by pool
[2026-09-16T01:02:00Z INFO  minertim] H/s 1m:2264.9 5m:2318.2 10m:2302.5 | Shares: 74/0 (found:74) | Diff: 125060 | 3s elapsed (since last share, avg 55s) | best=351 target=34343 (999%)
[2026-09-16T01:02:08Z INFO  minertim::pool_connection] New job: eHqdIx5fkG73GU00 (difficulty: 181543, target: 6a5c0000)
[2026-09-16T01:02:10Z INFO  minertim] H/s 1m:2265.2 5m:2318.3 10m:2302.4 | Shares: 74/0 (found:74) | Diff: 181543 | 13s elapsed (since last share, avg 1m20s) | best=351 target=23658 (999%)
[2026-09-16T01:02:11Z INFO  minertim::pool_connection] New job: 9rqJTR0mTw4wJnx5 (difficulty: 181543, target: 6a5c0000)
[2026-09-16T01:02:20Z INFO  minertim] H/s 1m:2342.9 5m:2318.1 10m:2302.3 | Shares: 74/0 (found:74) | Diff: 181543 | 23s elapsed (since last share, avg 1m17s) | best=351 target=23658 (999%)
[2026-09-16T01:02:23Z INFO  minertim::miner] Worker 0 SHARE FOUND! job_id=9rqJTR0mTw4wJnx5, nonce=c0bf9000, hash_val=20427, difficulty=181543, hash=2144e5d1436073fd396a8ad130240bc1556d972aab38f0b03a60e42ccb4f0000
[2026-09-16T01:02:24Z INFO  minertim::pool_connection] Share accepted by pool
[2026-09-16T01:02:30Z INFO  minertim] H/s 1m:2327.2 5m:2325.5 10m:2300.9 | Shares: 75/0 (found:75) | Diff: 181543 | 6s elapsed (since last share, avg 1m18s) | best=351 target=23658 (999%)
[2026-09-16T01:02:31Z INFO  minertim::pool_connection] New job: C8mjOI1qKUVKghKY (difficulty: 181543, target: 6a5c0000)
[2026-09-16T01:02:31Z INFO  minertim::miner] Worker 3 SHARE FOUND! job_id=C8mjOI1qKUVKghKY, nonce=c7f78e00, hash_val=3376, difficulty=181543, hash=bcaf87b38082c769b8ea582c6d29c4301e05892fe63b1c03c7e7743a300d0000
[2026-09-16T01:02:38Z INFO  minertim::pool_connection] New job: I5mJSN0Ba5MwrQZr (difficulty: 272315, target: 9c3d0000)
[2026-09-16T01:02:38Z INFO  minertim::pool_connection] Share accepted by pool
[2026-09-16T01:02:40Z INFO  minertim] H/s 1m:2260.4 5m:2326.2 10m:2295.2 | Shares: 76/0 (found:76) | Diff: 272315 | 8s elapsed (since last share, avg 2m0s) | best=351 target=15772 (999%)
[2026-09-16T01:02:47Z INFO  minertim::miner] Worker 1 SHARE FOUND! job_id=I5mJSN0Ba5MwrQZr, nonce=b1619100, hash_val=14186, difficulty=272315, hash=fbfca897a6813ce1fa09da8ee317f85c1147b64b77c801e64c35e8f26a370000
[2026-09-16T01:02:50Z INFO  minertim] H/s 1m:2282.9 5m:2326.7 10m:2295.9 | Shares: 76/0 (found:77) | Diff: 272315 | 2s elapsed (since last share, avg 1m59s) | best=351 target=15772 (999%)
[2026-09-16T01:02:51Z INFO  minertim::pool_connection] New job: zu0vbskYib0QgExN (difficulty: 272315, target: 9c3d0000)
[2026-09-16T01:02:51Z INFO  minertim::pool_connection] Share accepted by pool
[2026-09-16T01:03:00Z INFO  minertim] H/s 1m:2238.6 5m:2319.0 10m:2294.7 | Shares: 77/0 (found:77) | Diff: 272315 | 12s elapsed (since last share, avg 2m1s) | best=351 target=15772 (999%)
[2026-09-16T01:03:03Z INFO  minertim::miner] Worker 1 SHARE FOUND! job_id=zu0vbskYib0QgExN, nonce=a1d59100, hash_val=15433, difficulty=272315, hash=f033fb723985380829bf1762248cacc7cfe37966eab26186f612d290493c0000
[2026-09-16T01:03:08Z INFO  minertim::pool_connection] New job: uLWBifgh3l0hzqRp (difficulty: 408499, target: 12290000)
[2026-09-16T01:03:08Z INFO  minertim::pool_connection] Share accepted by pool
[2026-09-16T01:03:10Z INFO  minertim] H/s 1m:2208.4 5m:2315.2 10m:2292.3 | Shares: 78/0 (found:78) | Diff: 408499 | 6s elapsed (since last share, avg 3m4s) | best=351 target=10514 (999%)
[2026-09-16T01:03:10Z INFO  minertim::pool_connection] New job: IW31ZjekspiAhtUG (difficulty: 408499, target: 12290000)
[2026-09-16T01:03:20Z INFO  minertim] H/s 1m:2223.6 5m:2315.2 10m:2292.3 | Shares: 78/0 (found:78) | Diff: 408499 | 16s elapsed (since last share, avg 3m3s) | best=351 target=10514 (999%)
[2026-09-16T01:03:25Z INFO  minertim::pool_connection] New job: X5Y704oSv0CyN0oB (difficulty: 408499, target: 12290000)
[2026-09-16T01:03:30Z INFO  minertim] H/s 1m:2290.7 5m:2315.3 10m:2292.3 | Shares: 78/0 (found:78) | Diff: 408499 | 26s elapsed (since last share, avg 2m58s) | best=351 target=10514 (999%)
[2026-09-16T01:03:38Z INFO  minertim::pool_connection] New job: F4jFXjl45UmAjnsb (difficulty: 608524, target: 921b0000)
[2026-09-16T01:03:40Z INFO  minertim] H/s 1m:2289.1 5m:2315.3 10m:2292.3 | Shares: 78/0 (found:78) | Diff: 608524 | 36s elapsed (since last share, avg 4m25s) | best=351 target=7058 (999%)
[2026-09-16T01:03:45Z INFO  minertim::pool_connection] New job: 446kGvxAC7d0PqgJ (difficulty: 608524, target: 921b0000)
[2026-09-16T01:03:50Z INFO  minertim] H/s 1m:2333.2 5m:2319.3 10m:2292.3 | Shares: 78/0 (found:78) | Diff: 608524 | 46s elapsed (since last share, avg 4m20s) | best=351 target=7058 (999%)
[2026-09-16T01:04:00Z INFO  minertim] H/s 1m:2363.3 5m:2319.2 10m:2293.2 | Shares: 78/0 (found:78) | Diff: 608524 | 56s elapsed (since last share, avg 4m17s) | best=351 target=7058 (999%)
[2026-09-16T01:04:05Z INFO  minertim::pool_connection] New job: ViUgsqIjo4ZLK5qI (difficulty: 608524, target: 921b0000)
[2026-09-16T01:04:08Z INFO  minertim::pool_connection] New job: yIsAhbtQCj4937mf (difficulty: 456377, target: c3240000)
[2026-09-16T01:04:10Z INFO  minertim] H/s 1m:2363.2 5m:2319.1 10m:2293.8 | Shares: 78/0 (found:78) | Diff: 456377 | 1m6s elapsed (since last share, avg 3m13s) | best=351 target=9411 (999%)
[2026-09-16T01:04:20Z INFO  minertim] H/s 1m:2363.4 5m:2319.1 10m:2294.0 | Shares: 78/0 (found:78) | Diff: 456377 | 1m16s elapsed (since last share, avg 3m13s) | best=351 target=9411 (999%)
[2026-09-16T01:04:25Z INFO  minertim::pool_connection] New job: MCE1g0sLWHvcUZd0 (difficulty: 456377, target: c3240000)
[2026-09-16T01:04:30Z INFO  minertim] H/s 1m:2364.7 5m:2319.3 10m:2294.1 | Shares: 78/0 (found:78) | Diff: 456377 | 1m26s elapsed (since last share, avg 3m12s) | best=351 target=9411 (999%)
[2026-09-16T01:04:40Z INFO  minertim] H/s 1m:2366.3 5m:2319.7 10m:2294.3 | Shares: 78/0 (found:78) | Diff: 456377 | 1m36s elapsed (since last share, avg 3m12s) | best=351 target=9411 (999%)
[2026-09-16T01:04:45Z INFO  minertim::pool_connection] New job: 1Rkzfh0P13SCpL04 (difficulty: 456377, target: c3240000)
[2026-09-16T01:04:50Z INFO  minertim] H/s 1m:2348.2 5m:2316.6 10m:2292.7 | Shares: 78/0 (found:78) | Diff: 456377 | 1m46s elapsed (since last share, avg 3m14s) | best=351 target=9411 (999%)
[2026-09-16T01:05:00Z INFO  minertim] H/s 1m:2328.5 5m:2313.5 10m:2291.1 | Shares: 78/0 (found:78) | Diff: 456377 | 1m56s elapsed (since last share, avg 3m15s) | best=351 target=9411 (999%)
[2026-09-16T01:05:05Z INFO  minertim::pool_connection] New job: dQDON8t1pBXR0YHo (difficulty: 456377, target: c3240000)
[2026-09-16T01:05:08Z INFO  minertim::pool_connection] New job: fFV0CkoscpZVnVKv (difficulty: 342283, target: 04310000)
[2026-09-16T01:05:10Z INFO  minertim] H/s 1m:2322.8 5m:2312.6 10m:2291.0 | Shares: 78/0 (found:78) | Diff: 342283 | 2m6s elapsed (since last share, avg 2m27s) | best=351 target=12548 (999%)
[2026-09-16T01:05:20Z INFO  minertim] H/s 1m:2321.5 5m:2312.6 10m:2292.7 | Shares: 78/0 (found:78) | Diff: 342283 | 2m16s elapsed (since last share, avg 2m27s) | best=351 target=12548 (999%)
[2026-09-16T01:05:25Z INFO  minertim::pool_connection] New job: aN0fjAbrEf3HGVJL (difficulty: 342283, target: 04310000)
[2026-09-16T01:05:30Z INFO  minertim] H/s 1m:2319.4 5m:2312.5 10m:2292.8 | Shares: 78/0 (found:78) | Diff: 342283 | 2m26s elapsed (since last share, avg 2m27s) | best=351 target=12548 (999%)
[2026-09-16T01:05:33Z INFO  minertim::pool_connection] New job: nKw08vWWwWGoH3oD (difficulty: 342283, target: 04310000)
[2026-09-16T01:05:40Z INFO  minertim] H/s 1m:2337.7 5m:2312.3 10m:2292.8 | Shares: 78/0 (found:78) | Diff: 342283 | 2m36s elapsed (since last share, avg 2m26s) | best=351 target=12548 (999%)
[2026-09-16T01:05:50Z INFO  minertim] H/s 1m:2357.4 5m:2312.4 10m:2292.8 | Shares: 78/0 (found:78) | Diff: 342283 | 2m46s elapsed (since last share, avg 2m25s) | best=351 target=12548 (999%)
[2026-09-16T01:05:53Z INFO  minertim::pool_connection] New job: JyU9zDLeMjB8RbyM (difficulty: 342283, target: 04310000)
[2026-09-16T01:05:58Z INFO  minertim::miner] Worker 3 SHARE FOUND! job_id=JyU9zDLeMjB8RbyM, nonce=f7279600, hash_val=7060, difficulty=342283, hash=18f09ccabe79d93ce406208a58a98033afc0802900174eb69dff524e941b0000
[2026-09-16T01:06:00Z INFO  minertim] H/s 1m:2352.3 5m:2310.8 10m:2293.7 | Shares: 78/0 (found:79) | Diff: 342283 | 1s elapsed (since last share, avg 2m25s) | best=351 target=12548 (999%)
[2026-09-16T01:06:08Z INFO  minertim::miner] Worker 1 SHARE FOUND! job_id=JyU9zDLeMjB8RbyM, nonce=45499800, hash_val=10723, difficulty=342283, hash=86c96f0afb23a87913a4839672bace43bacb5530555968861c83ec10e3290000
[2026-09-16T01:06:08Z INFO  minertim::pool_connection] New job: 7DwiCNmq21Y0P0AU (difficulty: 256707, target: 5b410000)
[2026-09-16T01:06:08Z INFO  minertim::pool_connection] Share accepted by pool
[2026-09-16T01:06:09Z INFO  minertim::pool_connection] Share accepted by pool
[2026-09-16T01:06:10Z INFO  minertim] H/s 1m:2237.8 5m:2291.1 10m:2284.0 | Shares: 80/0 (found:80) | Diff: 256707 | 2s elapsed (since last share, avg 1m54s) | best=351 target=16731 (999%)
[2026-09-16T01:06:13Z INFO  minertim::pool_connection] New job: CO6fRLuk4taDGOli (difficulty: 256707, target: 5b410000)
[2026-09-16T01:06:18Z INFO  minertim::pool_connection] New job: pGCWNavKW7pNQDmZ (difficulty: 256707, target: 5b410000)
[2026-09-16T01:06:20Z INFO  minertim] H/s 1m:2237.9 5m:2304.5 10m:2284.0 | Shares: 80/0 (found:80) | Diff: 256707 | 12s elapsed (since last share, avg 1m54s) | best=351 target=16731 (999%)
[2026-09-16T01:06:30Z INFO  minertim] H/s 1m:2238.4 5m:2304.5 10m:2289.0 | Shares: 80/0 (found:80) | Diff: 256707 | 22s elapsed (since last share, avg 1m54s) | best=351 target=16731 (999%)
[2026-09-16T01:06:38Z INFO  minertim::pool_connection] New job: 0maFNrn20E5K2BqB (difficulty: 256707, target: 5b410000)
[2026-09-16T01:06:38Z INFO  minertim::pool_connection] New job: SOYkyM7ZEifkL0Uu (difficulty: 385060, target: 922b0000)
[2026-09-16T01:06:40Z INFO  minertim] H/s 1m:2239.1 5m:2304.5 10m:2298.3 | Shares: 80/0 (found:80) | Diff: 385060 | 32s elapsed (since last share, avg 2m51s) | best=351 target=11154 (999%)
[2026-09-16T01:06:50Z INFO  minertim] H/s 1m:2245.5 5m:2307.5 10m:2307.9 | Shares: 80/0 (found:80) | Diff: 385060 | 42s elapsed (since last share, avg 2m51s) | best=351 target=11154 (999%)
[2026-09-16T01:06:53Z INFO  minertim::miner] Worker 1 SHARE FOUND! job_id=SOYkyM7ZEifkL0Uu, nonce=99e59900, hash_val=9354, difficulty=385060, hash=84c735c1248edaa0b8f5b22f1478e78e67bfec154703d428cf377cd38a240000
[2026-09-16T01:06:57Z INFO  minertim::pool_connection] New job: Qn1bZ9Eqx2Q0oqmS (difficulty: 385060, target: 922b0000)
[2026-09-16T01:06:58Z INFO  minertim::miner] Worker 3 SHARE FOUND! job_id=Qn1bZ9Eqx2Q0oqmS, nonce=5ff29700, hash_val=5012, difficulty=385060, hash=e37871babd030c9189336bd0ebb81b3419ac13493df9513638a4382094130000
[2026-09-16T01:06:58Z INFO  minertim::pool_connection] Share accepted by pool
[2026-09-16T01:06:58Z INFO  minertim::pool_connection] Share accepted by pool
[2026-09-16T01:07:00Z INFO  minertim] H/s 1m:2294.7 5m:2296.2 10m:2308.2 | Shares: 82/0 (found:82) | Diff: 385060 | 2s elapsed (since last share, avg 2m47s) | best=351 target=11154 (999%)
[2026-09-16T01:07:08Z INFO  minertim::pool_connection] New job: jodez9C66FpRN41o (difficulty: 577591, target: 0c1d0000)
[2026-09-16T01:07:10Z INFO  minertim] H/s 1m:2273.4 5m:2292.5 10m:2306.3 | Shares: 82/0 (found:82) | Diff: 577591 | 12s elapsed (since last share, avg 4m14s) | best=351 target=7436 (999%)
[2026-09-16T01:07:17Z INFO  minertim::pool_connection] New job: 2BtLDfrpEm8nTvWj (difficulty: 577591, target: 0c1d0000)
[2026-09-16T01:07:20Z INFO  minertim] H/s 1m:2268.1 5m:2294.3 10m:2305.9 | Shares: 82/0 (found:82) | Diff: 577591 | 22s elapsed (since last share, avg 4m14s) | best=351 target=7436 (999%)
[2026-09-16T01:07:30Z INFO  minertim] H/s 1m:2255.5 5m:2303.7 10m:2309.7 | Shares: 82/0 (found:82) | Diff: 577591 | 32s elapsed (since last share, avg 4m16s) | best=351 target=7436 (999%)
[2026-09-16T01:07:37Z INFO  minertim::pool_connection] New job: EH3eGjbL2KuJLDVS (difficulty: 577591, target: 0c1d0000)
[2026-09-16T01:07:40Z INFO  minertim] H/s 1m:2258.7 5m:2303.3 10m:2315.7 | Shares: 82/0 (found:82) | Diff: 577591 | 42s elapsed (since last share, avg 4m15s) | best=351 target=7436 (999%)
[2026-09-16T01:07:50Z INFO  minertim] H/s 1m:2324.4 5m:2311.0 10m:2315.8 | Shares: 82/0 (found:82) | Diff: 577591 | 52s elapsed (since last share, avg 4m8s) | best=351 target=7436 (999%)
[2026-09-16T01:07:57Z INFO  minertim::pool_connection] New job: 0jyl00xJsMcORoZY (difficulty: 577591, target: 0c1d0000)
[2026-09-16T01:08:00Z INFO  minertim] H/s 1m:2337.1 5m:2314.6 10m:2315.0 | Shares: 82/0 (found:82) | Diff: 577591 | 1m2s elapsed (since last share, avg 4m7s) | best=351 target=7436 (999%)
[2026-09-16T01:08:08Z INFO  minertim::pool_connection] New job: n14SLB0khZKrobNg (difficulty: 371312, target: 2f2d0000)
[2026-09-16T01:08:10Z INFO  minertim] H/s 1m:2324.4 5m:2311.7 10m:2314.3 | Shares: 82/0 (found:82) | Diff: 371312 | 1m12s elapsed (since last share, avg 2m39s) | best=351 target=11567 (999%)
[2026-09-16T01:08:17Z INFO  minertim::pool_connection] New job: H40LFhAfPNUJzG0p (difficulty: 371312, target: 2f2d0000)
[2026-09-16T01:08:20Z INFO  minertim] H/s 1m:2335.0 5m:2311.3 10m:2314.1 | Shares: 82/0 (found:82) | Diff: 371312 | 1m22s elapsed (since last share, avg 2m39s) | best=351 target=11567 (999%)
[2026-09-16T01:08:30Z INFO  minertim] H/s 1m:2322.9 5m:2309.1 10m:2313.1 | Shares: 82/0 (found:82) | Diff: 371312 | 1m32s elapsed (since last share, avg 2m39s) | best=351 target=11567 (999%)
[2026-09-16T01:08:37Z INFO  minertim::pool_connection] New job: 4WJHfCsN4pvGDBAB (difficulty: 371312, target: 2f2d0000)
[2026-09-16T01:08:40Z INFO  minertim] H/s 1m:2322.1 5m:2309.1 10m:2313.0 | Shares: 82/0 (found:82) | Diff: 371312 | 1m42s elapsed (since last share, avg 2m39s) | best=351 target=11567 (999%)
[2026-09-16T01:08:50Z INFO  minertim] H/s 1m:2331.2 5m:2309.1 10m:2315.0 | Shares: 82/0 (found:82) | Diff: 371312 | 1m52s elapsed (since last share, avg 2m39s) | best=351 target=11567 (999%)
[2026-09-16T01:08:57Z INFO  minertim::pool_connection] New job: U8dFnHNcCz1PGulD (difficulty: 371312, target: 2f2d0000)
[2026-09-16T01:09:00Z INFO  minertim] H/s 1m:2348.8 5m:2309.2 10m:2315.0 | Shares: 82/0 (found:82) | Diff: 371312 | 2m2s elapsed (since last share, avg 2m38s) | best=351 target=11567 (999%)
[2026-09-16T01:09:08Z INFO  minertim::pool_connection] New job: jX0hMMWEiSyhbG7W (difficulty: 278478, target: 3f3c0000)
[2026-09-16T01:09:10Z INFO  minertim] H/s 1m:2345.9 5m:2308.3 10m:2314.6 | Shares: 82/0 (found:82) | Diff: 278478 | 2m12s elapsed (since last share, avg 1m58s) | best=351 target=15423 (999%)
[2026-09-16T01:09:17Z INFO  minertim::pool_connection] New job: hpwvwk4r1URVhRUF (difficulty: 278478, target: 3f3c0000)
[2026-09-16T01:09:20Z INFO  minertim] H/s 1m:2356.9 5m:2307.8 10m:2314.4 | Shares: 82/0 (found:82) | Diff: 278478 | 2m22s elapsed (since last share, avg 1m58s) | best=351 target=15423 (999%)
[2026-09-16T01:09:30Z INFO  minertim] H/s 1m:2336.9 5m:2304.0 10m:2312.7 | Shares: 82/0 (found:82) | Diff: 278478 | 2m32s elapsed (since last share, avg 1m59s) | best=351 target=15423 (999%)
[2026-09-16T01:09:37Z INFO  minertim::pool_connection] New job: WgA6hujt0XRc2KUc (difficulty: 278478, target: 3f3c0000)
[2026-09-16T01:09:39Z INFO  minertim::pool_connection] New job: wHZz4xiKZBjY1S70 (difficulty: 278478, target: 3f3c0000)
[2026-09-16T01:09:40Z INFO  minertim] H/s 1m:2335.2 5m:2306.9 10m:2312.6 | Shares: 82/0 (found:82) | Diff: 278478 | 2m42s elapsed (since last share, avg 1m59s) | best=351 target=15423 (999%)
[2026-09-16T01:09:44Z INFO  minertim::miner] Worker 2 SHARE FOUND! job_id=wHZz4xiKZBjY1S70, nonce=7a7e9d00, hash_val=4329, difficulty=278478, hash=54b71e89173233367372c7bf92bde6b4c4ceb69e8261d4e2ffb1b68de9100000
[2026-09-16T01:09:50Z INFO  minertim] H/s 1m:2277.4 5m:2300.4 10m:2307.7 | Shares: 82/0 (found:83) | Diff: 278478 | 5s elapsed (since last share, avg 2m2s) | best=351 target=15423 (999%)
[2026-09-16T01:09:59Z INFO  minertim::pool_connection] New job: FBMNBnV880s9AoTT (difficulty: 278478, target: 3f3c0000)
[2026-09-16T01:10:00Z INFO  minertim::pool_connection] Share accepted by pool
[2026-09-16T01:10:00Z INFO  minertim] H/s 1m:2170.6 5m:2282.0 10m:2298.5 | Shares: 83/0 (found:83) | Diff: 278478 | 15s elapsed (since last share, avg 2m8s) | best=351 target=15423 (999%)
[2026-09-16T01:10:10Z INFO  minertim] H/s 1m:2167.6 5m:2281.3 10m:2298.1 | Shares: 83/0 (found:83) | Diff: 278478 | 25s elapsed (since last share, avg 2m8s) | best=351 target=15423 (999%)
[2026-09-16T01:10:19Z INFO  minertim::pool_connection] New job: tOHC3qfq0ds3qoJh (difficulty: 278478, target: 3f3c0000)
[2026-09-16T01:10:20Z INFO  minertim] H/s 1m:2177.8 5m:2279.6 10m:2297.2 | Shares: 83/0 (found:83) | Diff: 278478 | 35s elapsed (since last share, avg 2m7s) | best=351 target=15423 (999%)
[2026-09-16T01:10:30Z INFO  minertim] H/s 1m:2171.4 5m:2278.2 10m:2296.5 | Shares: 83/0 (found:83) | Diff: 278478 | 45s elapsed (since last share, avg 2m8s) | best=351 target=15423 (999%)
[2026-09-16T01:10:39Z INFO  minertim::pool_connection] New job: cP7Au76ykXsH0lwi (difficulty: 278478, target: 3f3c0000)
[2026-09-16T01:10:40Z INFO  minertim] H/s 1m:2223.8 5m:2277.3 10m:2296.0 | Shares: 83/0 (found:83) | Diff: 278478 | 55s elapsed (since last share, avg 2m5s) | best=351 target=15423 (999%)
[2026-09-16T01:10:43Z INFO  minertim::miner] Worker 0 SHARE FOUND! job_id=cP7Au76ykXsH0lwi, nonce=0897a200, hash_val=2217, difficulty=278478, hash=1c95aa832c7eaac6f4417ae2bd9f2181067d987a311462015d184737a9080000
[2026-09-16T01:10:50Z INFO  minertim] H/s 1m:2274.5 5m:2268.6 10m:2290.9 | Shares: 83/0 (found:84) | Diff: 278478 | 7s elapsed (since last share, avg 2m2s) | best=351 target=15423 (999%)
[2026-09-16T01:10:59Z INFO  minertim::pool_connection] New job: zYudOLFdPTLBUS35 (difficulty: 278478, target: 3f3c0000)
[2026-09-16T01:10:59Z INFO  minertim::pool_connection] Share accepted by pool
[2026-09-16T01:11:00Z INFO  minertim] H/s 1m:2174.3 5m:2270.3 10m:2282.1 | Shares: 84/0 (found:84) | Diff: 278478 | 17s elapsed (since last share, avg 2m8s) | best=351 target=15423 (999%)
[2026-09-16T01:11:10Z INFO  minertim] H/s 1m:2179.4 5m:2269.5 10m:2281.7 | Shares: 84/0 (found:84) | Diff: 278478 | 27s elapsed (since last share, avg 2m7s) | best=351 target=15423 (999%)
[2026-09-16T01:11:19Z INFO  minertim::pool_connection] New job: YQg3EGsDTkrZJCAt (difficulty: 278478, target: 3f3c0000)
[2026-09-16T01:11:20Z INFO  minertim] H/s 1m:2186.7 5m:2269.3 10m:2288.2 | Shares: 84/0 (found:84) | Diff: 278478 | 37s elapsed (since last share, avg 2m7s) | best=351 target=15423 (999%)
[2026-09-16T01:11:30Z INFO  minertim] H/s 1m:2191.0 5m:2269.0 10m:2288.1 | Shares: 84/0 (found:84) | Diff: 278478 | 47s elapsed (since last share, avg 2m7s) | best=351 target=15423 (999%)
[2026-09-16T01:11:39Z INFO  minertim::pool_connection] New job: jLpRqIVZk5qHa6vY (difficulty: 278478, target: 3f3c0000)
[2026-09-16T01:11:40Z INFO  minertim] H/s 1m:2251.9 5m:2269.7 10m:2288.1 | Shares: 84/0 (found:84) | Diff: 278478 | 57s elapsed (since last share, avg 2m3s) | best=351 target=15423 (999%)
[2026-09-16T01:11:50Z INFO  minertim] H/s 1m:2356.3 5m:2281.0 10m:2289.8 | Shares: 84/0 (found:84) | Diff: 278478 | 1m7s elapsed (since last share, avg 1m58s) | best=351 target=15423 (999%)
[2026-09-16T01:11:58Z INFO  minertim::pool_connection] New job: 7vBMnbPJumZW9KaZ (difficulty: 278478, target: 3f3c0000)
[2026-09-16T01:12:00Z INFO  minertim] H/s 1m:2361.8 5m:2284.7 10m:2289.9 | Shares: 84/0 (found:84) | Diff: 278478 | 1m17s elapsed (since last share, avg 1m57s) | best=351 target=15423 (999%)
[2026-09-16T01:12:08Z INFO  minertim::pool_connection] New job: tCIR3KNrKYtMRXIU (difficulty: 208858, target: 54500000)
[2026-09-16T01:12:10Z INFO  minertim] H/s 1m:2361.8 5m:2285.4 10m:2289.8 | Shares: 84/0 (found:84) | Diff: 208858 | 1m27s elapsed (since last share, avg 1m28s) | best=351 target=20564 (999%)
[2026-09-16T01:12:18Z INFO  minertim::pool_connection] New job: qm6mMUKvVEXcHJyJ (difficulty: 208858, target: 54500000)
[2026-09-16T01:12:20Z INFO  minertim] H/s 1m:2345.6 5m:2284.6 10m:2289.6 | Shares: 84/0 (found:84) | Diff: 208858 | 1m37s elapsed (since last share, avg 1m29s) | best=351 target=20564 (999%)
[2026-09-16T01:12:30Z INFO  minertim] H/s 1m:2345.7 5m:2284.7 10m:2295.3 | Shares: 84/0 (found:84) | Diff: 208858 | 1m47s elapsed (since last share, avg 1m29s) | best=351 target=20564 (999%)
[2026-09-16T01:12:38Z INFO  minertim::pool_connection] New job: bpAIzIZLxQq7lBop (difficulty: 208858, target: 54500000)
[2026-09-16T01:12:40Z INFO  minertim] H/s 1m:2346.4 5m:2284.8 10m:2295.2 | Shares: 84/0 (found:84) | Diff: 208858 | 1m57s elapsed (since last share, avg 1m29s) | best=351 target=20564 (999%)
[2026-09-16T01:12:50Z INFO  minertim] H/s 1m:2340.8 5m:2285.4 10m:2298.5 | Shares: 84/0 (found:84) | Diff: 208858 | 2m7s elapsed (since last share, avg 1m29s) | best=351 target=20564 (999%)
[2026-09-16T01:12:55Z INFO  minertim::miner] Worker 1 SHARE FOUND! job_id=bpAIzIZLxQq7lBop, nonce=89a3a600, hash_val=14663, difficulty=208858, hash=3e4210b7c730ebe626ff215a9f40b7fd2dda8cccb82cc8ba395cc3be47390000
[2026-09-16T01:12:58Z INFO  minertim::pool_connection] New job: Eiq4WLT0D9vB84Sz (difficulty: 208858, target: 54500000)
[2026-09-16T01:12:58Z INFO  minertim::pool_connection] Share accepted by pool
[2026-09-16T01:13:00Z INFO  minertim] H/s 1m:2307.9 5m:2282.6 10m:2298.2 | Shares: 85/0 (found:85) | Diff: 208858 | 5s elapsed (since last share, avg 1m30s) | best=351 target=20564 (999%)
[2026-09-16T01:13:10Z INFO  minertim] H/s 1m:2324.4 5m:2282.8 10m:2298.2 | Shares: 85/0 (found:85) | Diff: 208858 | 15s elapsed (since last share, avg 1m29s) | best=351 target=20564 (999%)
[2026-09-16T01:13:14Z INFO  minertim::miner] Worker 3 SHARE FOUND! job_id=Eiq4WLT0D9vB84Sz, nonce=6b5ea500, hash_val=19368, difficulty=208858, hash=55cb0c7a162f22f590a6dab813422f8fb511bea80657fe1387f613afa84b0000
[2026-09-16T01:13:17Z INFO  minertim::pool_connection] New job: lO0ngYzu26yZFCQl (difficulty: 208858, target: 54500000)
[2026-09-16T01:13:18Z INFO  minertim::pool_connection] Share accepted by pool
[2026-09-16T01:13:20Z INFO  minertim] H/s 1m:2279.0 5m:2277.2 10m:2294.3 | Shares: 86/0 (found:86) | Diff: 208858 | 6s elapsed (since last share, avg 1m31s) | best=351 target=20564 (999%)
[2026-09-16T01:13:25Z INFO  minertim::pool_connection] New job: OWqQ0MHWxSJsnWN0 (difficulty: 208858, target: 54500000)
[2026-09-16T01:13:30Z INFO  minertim] H/s 1m:2278.3 5m:2277.2 10m:2294.3 | Shares: 86/0 (found:86) | Diff: 208858 | 16s elapsed (since last share, avg 1m31s) | best=351 target=20564 (999%)
[2026-09-16T01:13:40Z INFO  minertim] H/s 1m:2284.4 5m:2277.3 10m:2294.4 | Shares: 86/0 (found:86) | Diff: 208858 | 26s elapsed (since last share, avg 1m31s) | best=351 target=20564 (999%)
[2026-09-16T01:13:44Z INFO  minertim::pool_connection] New job: TZV3Owi0mVjk09RB (difficulty: 208858, target: 54500000)
[2026-09-16T01:13:50Z INFO  minertim] H/s 1m:2318.6 5m:2277.4 10m:2294.4 | Shares: 86/0 (found:86) | Diff: 208858 | 36s elapsed (since last share, avg 1m30s) | best=351 target=20564 (999%)
[2026-09-16T01:14:00Z INFO  minertim] H/s 1m:2320.1 5m:2278.3 10m:2294.5 | Shares: 86/0 (found:86) | Diff: 208858 | 46s elapsed (since last share, avg 1m30s) | best=351 target=20564 (999%)
[2026-09-16T01:14:04Z INFO  minertim::pool_connection] New job: aNdRRX0ARUdjgU02 (difficulty: 208858, target: 54500000)
[2026-09-16T01:14:10Z INFO  minertim] H/s 1m:2366.2 5m:2278.8 10m:2294.6 | Shares: 86/0 (found:86) | Diff: 208858 | 56s elapsed (since last share, avg 1m28s) | best=351 target=20564 (999%)
[2026-09-16T01:14:20Z INFO  minertim] H/s 1m:2366.9 5m:2282.4 10m:2294.5 | Shares: 86/0 (found:86) | Diff: 208858 | 1m6s elapsed (since last share, avg 1m28s) | best=351 target=20564 (999%)
[2026-09-16T01:14:24Z INFO  minertim::pool_connection] New job: fHqTHQJZneCoaOPD (difficulty: 208858, target: 54500000)
[2026-09-16T01:14:30Z INFO  minertim] H/s 1m:2366.7 5m:2282.8 10m:2294.4 | Shares: 86/0 (found:86) | Diff: 208858 | 1m16s elapsed (since last share, avg 1m28s) | best=351 target=20564 (999%)
[2026-09-16T01:14:31Z INFO  minertim::miner] Worker 0 SHARE FOUND! job_id=fHqTHQJZneCoaOPD, nonce=f433aa00, hash_val=19861, difficulty=208858, hash=783fa7c3f63ff17424aa7b4218a85be50ee6d0a22d5ec574234cbfff954d0000
[2026-09-16T01:14:40Z INFO  minertim] H/s 1m:2250.1 5m:2272.7 10m:2286.1 | Shares: 86/0 (found:87) | Diff: 208858 | 9s elapsed (since last share, avg 1m32s) | best=351 target=20564 (999%)
[2026-09-16T01:14:41Z INFO  minertim::miner] Worker 1 SHARE FOUND! job_id=fHqTHQJZneCoaOPD, nonce=1164aa00, hash_val=17379, difficulty=208858, hash=27ed2162f7b6ba8d9f09c4428339139f9de341577b01598ec305dd5ee3430000
[2026-09-16T01:14:43Z INFO  minertim::pool_connection] New job: Boaft14cQi90Lo7N (difficulty: 208858, target: 54500000)
[2026-09-16T01:14:44Z INFO  minertim::pool_connection] Share accepted by pool
[2026-09-16T01:14:44Z INFO  minertim::pool_connection] Share accepted by pool
[2026-09-16T01:14:50Z INFO  minertim] H/s 1m:2195.1 5m:2282.5 10m:2283.2 | Shares: 88/0 (found:88) | Diff: 208858 | 8s elapsed (since last share, avg 1m35s) | best=351 target=20564 (999%)
[2026-09-16T01:15:00Z INFO  minertim] H/s 1m:2194.9 5m:2283.5 10m:2283.7 | Shares: 88/0 (found:88) | Diff: 208858 | 18s elapsed (since last share, avg 1m35s) | best=351 target=20564 (999%)
[2026-09-16T01:15:03Z INFO  minertim::pool_connection] New job: Wrla0N0vAk4Hd0iw (difficulty: 208858, target: 54500000)
[2026-09-16T01:15:10Z INFO  minertim] H/s 1m:2194.8 5m:2285.3 10m:2283.8 | Shares: 88/0 (found:88) | Diff: 208858 | 28s elapsed (since last share, avg 1m35s) | best=351 target=20564 (999%)
[2026-09-16T01:15:20Z INFO  minertim] H/s 1m:2194.9 5m:2286.8 10m:2283.9 | Shares: 88/0 (found:88) | Diff: 208858 | 38s elapsed (since last share, avg 1m35s) | best=351 target=20564 (999%)
[2026-09-16T01:15:23Z INFO  minertim::pool_connection] New job: sWiW4Zf8gowIv6Cj (difficulty: 208858, target: 54500000)
[2026-09-16T01:15:30Z INFO  minertim] H/s 1m:2312.1 5m:2287.9 10m:2284.0 | Shares: 88/0 (found:88) | Diff: 208858 | 48s elapsed (since last share, avg 1m30s) | best=351 target=20564 (999%)
[2026-09-16T01:15:40Z INFO  minertim] H/s 1m:2367.2 5m:2298.5 10m:2284.1 | Shares: 88/0 (found:88) | Diff: 208858 | 58s elapsed (since last share, avg 1m28s) | best=351 target=20564 (999%)
[2026-09-16T01:15:42Z INFO  minertim::pool_connection] New job: xriUvUWe00yYZPkY (difficulty: 208858, target: 54500000)
[2026-09-16T01:15:50Z INFO  minertim] H/s 1m:2367.4 5m:2316.8 10m:2285.0 | Shares: 88/0 (found:88) | Diff: 208858 | 1m8s elapsed (since last share, avg 1m28s) | best=351 target=20564 (999%)
[2026-09-16T01:16:00Z INFO  minertim] H/s 1m:2367.6 5m:2317.7 10m:2294.8 | Shares: 88/0 (found:88) | Diff: 208858 | 1m18s elapsed (since last share, avg 1m28s) | best=351 target=20564 (999%)
[2026-09-16T01:16:02Z INFO  minertim::pool_connection] New job: 7QzFCpB9pyusfBPF (difficulty: 208858, target: 54500000)
[2026-09-16T01:16:10Z INFO  minertim] H/s 1m:2367.6 5m:2318.0 10m:2294.9 | Shares: 88/0 (found:88) | Diff: 208858 | 1m29s elapsed (since last share, avg 1m28s) | best=351 target=20564 (999%)
[2026-09-16T01:16:20Z INFO  minertim] H/s 1m:2366.8 5m:2318.2 10m:2294.8 | Shares: 88/0 (found:88) | Diff: 208858 | 1m39s elapsed (since last share, avg 1m28s) | best=351 target=20564 (999%)
[2026-09-16T01:16:21Z INFO  minertim::pool_connection] New job: QXvTDeDHL7HD0cbZ (difficulty: 208858, target: 54500000)
[2026-09-16T01:16:30Z INFO  minertim] H/s 1m:2366.3 5m:2318.2 10m:2294.9 | Shares: 88/0 (found:88) | Diff: 208858 | 1m49s elapsed (since last share, avg 1m28s) | best=351 target=20564 (999%)
[2026-09-16T01:16:41Z INFO  minertim] H/s 1m:2345.0 5m:2314.8 10m:2293.4 | Shares: 88/0 (found:88) | Diff: 208858 | 1m59s elapsed (since last share, avg 1m29s) | best=351 target=20564 (999%)
[2026-09-16T01:16:41Z INFO  minertim::pool_connection] New job: XIOmq9qERQbi48vi (difficulty: 208858, target: 54500000)
[2026-09-16T01:16:51Z INFO  minertim] H/s 1m:2340.5 5m:2314.1 10m:2298.7 | Shares: 88/0 (found:88) | Diff: 208858 | 2m9s elapsed (since last share, avg 1m29s) | best=351 target=20564 (999%)
[2026-09-16T01:17:01Z INFO  minertim] H/s 1m:2334.6 5m:2313.3 10m:2300.0 | Shares: 88/0 (found:88) | Diff: 208858 | 2m19s elapsed (since last share, avg 1m29s) | best=351 target=20564 (999%)
[2026-09-16T01:17:01Z INFO  minertim::pool_connection] New job: 1faHl0PdyTa4BSKa (difficulty: 208858, target: 54500000)
[2026-09-16T01:17:08Z INFO  minertim::pool_connection] New job: F7dFU0cEl3OBpuzC (difficulty: 156642, target: 1b6b0000)
[2026-09-16T01:17:11Z INFO  minertim] H/s 1m:2324.2 5m:2314.5 10m:2299.6 | Shares: 88/0 (found:88) | Diff: 156642 | 2m29s elapsed (since last share, avg 1m7s) | best=351 target=27419 (999%)
[2026-09-16T01:17:21Z INFO  minertim] H/s 1m:2321.4 5m:2314.1 10m:2300.4 | Shares: 88/0 (found:88) | Diff: 156642 | 2m39s elapsed (since last share, avg 1m7s) | best=351 target=27419 (999%)
[2026-09-16T01:17:21Z INFO  minertim::pool_connection] New job: Ee9dV4jUNOLbiiP8 (difficulty: 156642, target: 1b6b0000)
[2026-09-16T01:17:27Z INFO  minertim::pool_connection] New job: qPGSlVYeV1zwlmcM (difficulty: 156642, target: 1b6b0000)
[2026-09-16T01:17:31Z INFO  minertim] H/s 1m:2341.9 5m:2314.0 10m:2300.5 | Shares: 88/0 (found:88) | Diff: 156642 | 2m49s elapsed (since last share, avg 1m6s) | best=351 target=27419 (999%)
[2026-09-16T01:17:41Z INFO  minertim] H/s 1m:2332.2 5m:2312.6 10m:2299.3 | Shares: 88/0 (found:88) | Diff: 156642 | 2m59s elapsed (since last share, avg 1m7s) | best=351 target=27419 (999%)
[2026-09-16T01:17:46Z INFO  minertim::pool_connection] New job: M6NAQ3meRecTwf0j (difficulty: 156642, target: 1b6b0000)
[2026-09-16T01:17:51Z INFO  minertim] H/s 1m:2326.4 5m:2316.5 10m:2299.1 | Shares: 88/0 (found:88) | Diff: 156642 | 3m9s elapsed (since last share, avg 1m7s) | best=351 target=27419 (999%)
[2026-09-16T01:18:01Z INFO  minertim] H/s 1m:2326.3 5m:2314.9 10m:2299.8 | Shares: 88/0 (found:88) | Diff: 156642 | 3m19s elapsed (since last share, avg 1m7s) | best=351 target=27419 (999%)
[2026-09-16T01:18:06Z INFO  minertim::pool_connection] New job: l995LGUEYjQrXyAw (difficulty: 156642, target: 1b6b0000)
[2026-09-16T01:18:08Z INFO  minertim::pool_connection] New job: 46iHppDpE1qqZ9IU (difficulty: 117480, target: cf8e0000)
[2026-09-16T01:18:10Z INFO  minertim::pool_connection] New job: zaSbzGpfPKPRTmJU (difficulty: 117480, target: cf8e0000)
[2026-09-16T01:18:11Z INFO  minertim] H/s 1m:2322.5 5m:2321.5 10m:2299.4 | Shares: 88/0 (found:88) | Diff: 117480 | 3m29s elapsed (since last share, avg 50s) | best=351 target=36559 (999%)
[2026-09-16T01:18:21Z INFO  minertim] H/s 1m:2316.8 5m:2320.7 10m:2300.0 | Shares: 88/0 (found:88) | Diff: 117480 | 3m39s elapsed (since last share, avg 50s) | best=351 target=36559 (999%)
[2026-09-16T01:18:30Z INFO  minertim::pool_connection] New job: yLqcRCtmUHQC70XV (difficulty: 117480, target: cf8e0000)
[2026-09-16T01:18:31Z INFO  minertim] H/s 1m:2329.8 5m:2320.4 10m:2300.0 | Shares: 88/0 (found:88) | Diff: 117480 | 3m49s elapsed (since last share, avg 50s) | best=351 target=36559 (999%)
[2026-09-16T01:18:41Z INFO  minertim] H/s 1m:2340.1 5m:2320.2 10m:2299.9 | Shares: 88/0 (found:88) | Diff: 117480 | 3m59s elapsed (since last share, avg 50s) | best=351 target=36559 (999%)
[2026-09-16T01:18:43Z INFO  minertim::miner] Worker 2 SHARE FOUND! job_id=yLqcRCtmUHQC70XV, nonce=ce56b000, hash_val=20714, difficulty=117480, hash=4ea0f2d318559e427bc75c7370282c662b2b28a18b124d6cc374fa9cea500000
[2026-09-16T01:18:50Z INFO  minertim::pool_connection] New job: 47CQpOist790kOSK (difficulty: 117480, target: cf8e0000)
[2026-09-16T01:18:50Z INFO  minertim::pool_connection] Share accepted by pool
[2026-09-16T01:18:51Z INFO  minertim] H/s 1m:2272.2 5m:2306.6 10m:2293.3 | Shares: 89/0 (found:89) | Diff: 117480 | 7s elapsed (since last share, avg 51s) | best=351 target=36559 (999%)
[2026-09-16T01:19:01Z INFO  minertim] H/s 1m:2278.4 5m:2306.4 10m:2293.7 | Shares: 89/0 (found:89) | Diff: 117480 | 17s elapsed (since last share, avg 51s) | best=351 target=36559 (999%)
[2026-09-16T01:19:10Z INFO  minertim::pool_connection] New job: StPd8uilh59KfXeb (difficulty: 117480, target: cf8e0000)
[2026-09-16T01:19:11Z INFO  minertim] H/s 1m:2283.7 5m:2306.3 10m:2293.8 | Shares: 89/0 (found:89) | Diff: 117480 | 27s elapsed (since last share, avg 51s) | best=351 target=36559 (999%)
[2026-09-16T01:19:21Z INFO  minertim] H/s 1m:2284.3 5m:2306.2 10m:2295.5 | Shares: 89/0 (found:89) | Diff: 117480 | 37s elapsed (since last share, avg 51s) | best=351 target=36559 (999%)
[2026-09-16T01:19:30Z INFO  minertim::pool_connection] New job: yOcXNesO58xKa2UF (difficulty: 117480, target: cf8e0000)
[2026-09-16T01:19:31Z INFO  minertim] H/s 1m:2282.6 5m:2325.8 10m:2295.4 | Shares: 89/0 (found:89) | Diff: 117480 | 47s elapsed (since last share, avg 51s) | best=351 target=36559 (999%)
[2026-09-16T01:19:39Z INFO  minertim::pool_connection] New job: tuohDnzQaNSh202s (difficulty: 117480, target: cf8e0000)
[2026-09-16T01:19:41Z INFO  minertim] H/s 1m:2353.0 5m:2333.8 10m:2299.7 | Shares: 89/0 (found:89) | Diff: 117480 | 57s elapsed (since last share, avg 49s) | best=351 target=36559 (999%)
[2026-09-16T01:19:51Z INFO  minertim] H/s 1m:2343.2 5m:2332.0 10m:2308.3 | Shares: 89/0 (found:89) | Diff: 117480 | 1m7s elapsed (since last share, avg 50s) | best=351 target=36559 (999%)
[2026-09-16T01:19:59Z INFO  minertim::pool_connection] New job: nyBI7BDYw60awSpz (difficulty: 117480, target: cf8e0000)
[2026-09-16T01:20:01Z INFO  minertim] H/s 1m:2343.3 5m:2331.9 10m:2308.7 | Shares: 89/0 (found:89) | Diff: 117480 | 1m17s elapsed (since last share, avg 50s) | best=351 target=36559 (999%)
[2026-09-16T01:20:09Z INFO  minertim::pool_connection] New job: ZpbNl3H7Q0AX7Q1G (difficulty: 88109, target: 6abe0000)
[2026-09-16T01:20:10Z INFO  minertim::miner] Worker 2 SHARE FOUND! job_id=ZpbNl3H7Q0AX7Q1G, nonce=8632b300, hash_val=18314, difficulty=88109, hash=0968c46cb9fbfdadc32edbfa992daa2eae1647628aad427a9b40f1898a470000
[2026-09-16T01:20:11Z INFO  minertim] H/s 1m:2276.4 5m:2320.3 10m:2303.9 | Shares: 89/0 (found:90) | Diff: 88109 | 0s elapsed (since last share, avg 38s) | best=351 target=48746 (999%)
[2026-09-16T01:20:19Z INFO  minertim::pool_connection] New job: CDyYCjH7mknuCvqa (difficulty: 88109, target: 6abe0000)
[2026-09-16T01:20:19Z INFO  minertim::pool_connection] Share accepted by pool
[2026-09-16T01:20:21Z INFO  minertim] H/s 1m:2218.3 5m:2309.6 10m:2299.4 | Shares: 90/0 (found:90) | Diff: 88109 | 10s elapsed (since last share, avg 39s) | best=351 target=48746 (999%)
[2026-09-16T01:20:31Z INFO  minertim] H/s 1m:2226.1 5m:2309.5 10m:2299.9 | Shares: 90/0 (found:90) | Diff: 88109 | 20s elapsed (since last share, avg 39s) | best=351 target=48746 (999%)
[2026-09-16T01:20:39Z INFO  minertim::pool_connection] New job: REZWFZzufKObaKZr (difficulty: 88109, target: 6abe0000)
[2026-09-16T01:20:39Z INFO  minertim::pool_connection] New job: 5aqcEDFCj9pDaI0f (difficulty: 132165, target: f17e0000)
[2026-09-16T01:20:39Z INFO  minertim::miner] Worker 0 SHARE FOUND! job_id=5aqcEDFCj9pDaI0f, nonce=b4f4b600, hash_val=23547, difficulty=132165, hash=e952b240c720e3b150eb77c873dd2009a9ca67c4ab11f57b0bb7a228fb5b0000
[2026-09-16T01:20:41Z INFO  minertim] H/s 1m:2235.9 5m:2309.3 10m:2305.0 | Shares: 90/0 (found:91) | Diff: 132165 | 1s elapsed (since last share, avg 59s) | best=351 target=32497 (999%)
[2026-09-16T01:20:51Z INFO  minertim] H/s 1m:2120.2 5m:2289.3 10m:2304.1 | Shares: 90/0 (found:91) | Diff: 132165 | 11s elapsed (since last share, avg 1m2s) | best=351 target=32497 (999%)
[2026-09-16T01:20:58Z INFO  minertim::pool_connection] New job: XrLBxOHaoibzsZPQ (difficulty: 132165, target: f17e0000)
[2026-09-16T01:20:59Z INFO  minertim::pool_connection] Share accepted by pool
[2026-09-16T01:21:01Z INFO  minertim] H/s 1m:2081.6 5m:2271.0 10m:2295.6 | Shares: 91/0 (found:91) | Diff: 132165 | 21s elapsed (since last share, avg 1m3s) | best=351 target=32497 (999%)
[2026-09-16T01:21:07Z INFO  minertim::miner] Worker 2 SHARE FOUND! job_id=XrLBxOHaoibzsZPQ, nonce=cef2b400, hash_val=17941, difficulty=132165, hash=5668e9c9330b587d66f7115409d14fc1f9e1fec5e0da238493c1959a15460000
[2026-09-16T01:21:11Z INFO  minertim] H/s 1m:2075.5 5m:2259.4 10m:2290.0 | Shares: 91/0 (found:92) | Diff: 132165 | 3s elapsed (since last share, avg 1m3s) | best=351 target=32497 (999%)
[2026-09-16T01:21:18Z INFO  minertim::pool_connection] New job: CEFBqQzeGsc0Rmhc (difficulty: 132165, target: f17e0000)
[2026-09-16T01:21:19Z INFO  minertim::pool_connection] Share accepted by pool
[2026-09-16T01:21:21Z INFO  minertim] H/s 1m:1999.2 5m:2246.2 10m:2283.6 | Shares: 92/0 (found:92) | Diff: 132165 | 13s elapsed (since last share, avg 1m6s) | best=351 target=32497 (999%)
[2026-09-16T01:21:28Z INFO  minertim::miner] Worker 3 SHARE FOUND! job_id=CEFBqQzeGsc0Rmhc, nonce=57fdb600, hash_val=9726, difficulty=132165, hash=9c8aa296280201143ba7fee30dae5fc1bd9acb40a371fd7574dc9176fe250000
[2026-09-16T01:21:28Z INFO  minertim::miner] Worker 2 SHARE FOUND! job_id=CEFBqQzeGsc0Rmhc, nonce=ea4fb500, hash_val=3078, difficulty=132165, hash=5b73424f17e591ce7deb18034d9a90d671875d73e56764ad894286a5060c0000
[2026-09-16T01:21:31Z INFO  minertim] H/s 1m:1940.0 5m:2239.5 10m:2278.6 | Shares: 92/0 (found:94) | Diff: 132165 | 2s elapsed (since last share, avg 1m8s) | best=351 target=32497 (999%)
[2026-09-16T01:21:38Z INFO  minertim::pool_connection] New job: 3XyJKalDKc0sO128 (difficulty: 132165, target: f17e0000)
[2026-09-16T01:21:39Z INFO  minertim::pool_connection] Share accepted by pool
[2026-09-16T01:21:39Z INFO  minertim::pool_connection] Share accepted by pool
[2026-09-16T01:21:39Z INFO  minertim::pool_connection] New job: TSVKYcl0lEJkCzWt (difficulty: 198253, target: a0540000)
[2026-09-16T01:21:40Z INFO  minertim::pool_connection] New job: qZjmCpmf5EWBrrpV (difficulty: 198253, target: a0540000)
[2026-09-16T01:21:41Z INFO  minertim] H/s 1m:1878.1 5m:2209.5 10m:2263.5 | Shares: 94/0 (found:94) | Diff: 198253 | 12s elapsed (since last share, avg 1m45s) | best=351 target=21664 (999%)
[2026-09-16T01:21:42Z INFO  minertim::miner] Worker 2 SHARE FOUND! job_id=qZjmCpmf5EWBrrpV, nonce=a66fb500, hash_val=20779, difficulty=198253, hash=9a409b6ba437caaea03e9a02897f216f1004e5b5378c094ad50ff44d2b510000
[2026-09-16T01:21:51Z INFO  minertim] H/s 1m:1867.0 5m:2190.3 10m:2253.6 | Shares: 94/0 (found:95) | Diff: 198253 | 9s elapsed (since last share, avg 1m46s) | best=351 target=21664 (999%)
[2026-09-16T01:22:00Z INFO  minertim::pool_connection] New job: SjW9veDVQG7NwrHp (difficulty: 198253, target: a0540000)
[2026-09-16T01:22:01Z INFO  minertim::pool_connection] Share accepted by pool
[2026-09-16T01:22:01Z INFO  minertim] H/s 1m:1858.2 5m:2179.1 10m:2247.3 | Shares: 95/0 (found:95) | Diff: 198253 | 19s elapsed (since last share, avg 1m46s) | best=351 target=21664 (999%)
[2026-09-16T01:22:09Z INFO  minertim::pool_connection] New job: rtbWUYMPISTsXHm5 (difficulty: 297373, target: 6b380000)
[2026-09-16T01:22:11Z INFO  minertim] H/s 1m:1934.9 5m:2179.5 10m:2248.8 | Shares: 95/0 (found:95) | Diff: 297373 | 29s elapsed (since last share, avg 2m33s) | best=351 target=14443 (999%)
[2026-09-16T01:22:20Z INFO  minertim::pool_connection] New job: AIgUixkb33o6nGxx (difficulty: 297373, target: 6b380000)
[2026-09-16T01:22:21Z INFO  minertim] H/s 1m:1993.1 5m:2179.3 10m:2248.7 | Shares: 95/0 (found:95) | Diff: 297373 | 39s elapsed (since last share, avg 2m29s) | best=351 target=14443 (999%)
[2026-09-16T01:22:31Z INFO  minertim] H/s 1m:2149.4 5m:2178.0 10m:2246.9 | Shares: 95/0 (found:95) | Diff: 297373 | 49s elapsed (since last share, avg 2m18s) | best=351 target=14443 (999%)
[2026-09-16T01:22:40Z INFO  minertim::pool_connection] New job: 0D8h0t9HWD6nmnSj (difficulty: 297373, target: 6b380000)
[2026-09-16T01:22:41Z INFO  minertim] H/s 1m:2263.9 5m:2179.6 10m:2247.1 | Shares: 95/0 (found:95) | Diff: 297373 | 59s elapsed (since last share, avg 2m11s) | best=351 target=14443 (999%)
[2026-09-16T01:22:51Z INFO  minertim] H/s 1m:2339.1 5m:2181.3 10m:2250.0 | Shares: 95/0 (found:95) | Diff: 297373 | 1m9s elapsed (since last share, avg 2m7s) | best=351 target=14443 (999%)
[2026-09-16T01:23:00Z INFO  minertim::pool_connection] New job: aAHFoldxKjy3pdZ3 (difficulty: 297373, target: 6b380000)
[2026-09-16T01:23:01Z INFO  minertim] H/s 1m:2338.2 5m:2182.3 10m:2250.0 | Shares: 95/0 (found:95) | Diff: 297373 | 1m19s elapsed (since last share, avg 2m7s) | best=351 target=14443 (999%)
[2026-09-16T01:23:09Z INFO  minertim::pool_connection] New job: wYx74ePGMWH5wZiT (difficulty: 193938, target: 82560000)
[2026-09-16T01:23:11Z INFO  minertim] H/s 1m:2338.8 5m:2183.1 10m:2253.8 | Shares: 95/0 (found:95) | Diff: 193938 | 1m29s elapsed (since last share, avg 1m22s) | best=351 target=22146 (999%)
[2026-09-16T01:23:20Z INFO  minertim::pool_connection] New job: cFeBVF90f8zAwbsC (difficulty: 193938, target: 82560000)
[2026-09-16T01:23:21Z INFO  minertim] H/s 1m:2359.6 5m:2183.2 10m:2253.7 | Shares: 95/0 (found:95) | Diff: 193938 | 1m39s elapsed (since last share, avg 1m22s) | best=351 target=22146 (999%)
[2026-09-16T01:23:27Z INFO  minertim::miner] Worker 3 SHARE FOUND! job_id=cFeBVF90f8zAwbsC, nonce=2febba00, hash_val=5284, difficulty=193938, hash=645ee193ca0c05683d740fdfdc4c87ef0e86a5779bfe937669d58465a4140000
[2026-09-16T01:23:31Z INFO  minertim] H/s 1m:2303.3 5m:2173.2 10m:2248.7 | Shares: 95/0 (found:96) | Diff: 193938 | 3s elapsed (since last share, avg 1m24s) | best=351 target=22146 (999%)
[2026-09-16T01:23:40Z INFO  minertim::pool_connection] New job: w2LwF6JMdzX0HZuB (difficulty: 193938, target: 82560000)
[2026-09-16T01:23:40Z INFO  minertim::pool_connection] Share accepted by pool
[2026-09-16T01:23:41Z INFO  minertim] H/s 1m:2237.5 5m:2175.3 10m:2243.1 | Shares: 96/0 (found:96) | Diff: 193938 | 13s elapsed (since last share, avg 1m26s) | best=351 target=22146 (999%)
[2026-09-16T01:23:51Z INFO  minertim] H/s 1m:2230.1 5m:2173.9 10m:2242.3 | Shares: 96/0 (found:96) | Diff: 193938 | 23s elapsed (since last share, avg 1m26s) | best=351 target=22146 (999%)
[2026-09-16T01:24:00Z INFO  minertim::pool_connection] New job: rSyr7JWgAq4S2oqb (difficulty: 193938, target: 82560000)
[2026-09-16T01:24:01Z INFO  minertim] H/s 1m:2226.9 5m:2173.3 10m:2242.0 | Shares: 96/0 (found:96) | Diff: 193938 | 33s elapsed (since last share, avg 1m27s) | best=351 target=22146 (999%)
[2026-09-16T01:24:09Z INFO  minertim::pool_connection] New job: 0OguUkNiOZd9j7R1 (difficulty: 281526, target: 983b0000)
[2026-09-16T01:24:11Z INFO  minertim] H/s 1m:2227.1 5m:2173.3 10m:2241.9 | Shares: 96/0 (found:96) | Diff: 281526 | 43s elapsed (since last share, avg 2m6s) | best=351 target=15256 (999%)
[2026-09-16T01:24:19Z INFO  minertim::pool_connection] New job: FtJMBRG5E6CHyN7s (difficulty: 281526, target: 983b0000)
[2026-09-16T01:24:21Z INFO  minertim] H/s 1m:2283.0 5m:2173.3 10m:2241.6 | Shares: 96/0 (found:96) | Diff: 281526 | 53s elapsed (since last share, avg 2m3s) | best=351 target=15256 (999%)
[2026-09-16T01:24:31Z INFO  minertim] H/s 1m:2334.9 5m:2172.2 10m:2250.3 | Shares: 96/0 (found:96) | Diff: 281526 | 1m3s elapsed (since last share, avg 2m0s) | best=351 target=15256 (999%)
[2026-09-16T01:24:39Z INFO  minertim::pool_connection] New job: JFW1fGmCDJHj6HVa (difficulty: 214726, target: 224e0000)
[2026-09-16T01:24:39Z INFO  minertim::pool_connection] New job: Z1w3L2RoA01ZULnZ (difficulty: 214726, target: 224e0000)
[2026-09-16T01:24:41Z INFO  minertim] H/s 1m:2337.9 5m:2173.0 10m:2254.4 | Shares: 96/0 (found:96) | Diff: 214726 | 1m13s elapsed (since last share, avg 1m31s) | best=351 target=20002 (999%)
[2026-09-16T01:24:51Z INFO  minertim] H/s 1m:2331.5 5m:2171.3 10m:2253.5 | Shares: 96/0 (found:96) | Diff: 214726 | 1m23s elapsed (since last share, avg 1m32s) | best=351 target=20002 (999%)
[2026-09-16T01:24:59Z INFO  minertim::pool_connection] New job: 8C5Dj40VHzvd1qCy (difficulty: 214726, target: 224e0000)
[2026-09-16T01:25:01Z INFO  minertim] H/s 1m:2329.4 5m:2182.5 10m:2253.3 | Shares: 96/0 (found:96) | Diff: 214726 | 1m33s elapsed (since last share, avg 1m32s) | best=351 target=20002 (999%)
[2026-09-16T01:25:11Z INFO  minertim] H/s 1m:2331.1 5m:2192.7 10m:2253.2 | Shares: 96/0 (found:96) | Diff: 214726 | 1m43s elapsed (since last share, avg 1m32s) | best=351 target=20002 (999%)
[2026-09-16T01:25:19Z INFO  minertim::pool_connection] New job: DnhoCD4hW1GnOiPj (difficulty: 214726, target: 224e0000)
[2026-09-16T01:25:21Z INFO  minertim] H/s 1m:2343.4 5m:2192.4 10m:2252.9 | Shares: 96/0 (found:96) | Diff: 214726 | 1m53s elapsed (since last share, avg 1m31s) | best=351 target=20002 (999%)
[2026-09-16T01:25:31Z INFO  minertim] H/s 1m:2342.6 5m:2191.4 10m:2252.4 | Shares: 96/0 (found:96) | Diff: 214726 | 2m3s elapsed (since last share, avg 1m31s) | best=351 target=20002 (999%)
[2026-09-16T01:25:39Z INFO  minertim::pool_connection] New job: b9ckudr0deOzpUUN (difficulty: 161041, target: 2e680000)
[2026-09-16T01:25:39Z INFO  minertim::pool_connection] New job: RristDxwGE5Sl2LL (difficulty: 161041, target: 2e680000)
[2026-09-16T01:25:41Z INFO  minertim::pool_connection] New job: 90Zcd2cr0dzUZNzj (difficulty: 161041, target: 2e680000)
[2026-09-16T01:25:41Z INFO  minertim] H/s 1m:2348.7 5m:2210.7 10m:2251.9 | Shares: 96/0 (found:96) | Diff: 161041 | 2m13s elapsed (since last share, avg 1m8s) | best=351 target=26670 (999%)
[2026-09-16T01:25:51Z INFO  minertim] H/s 1m:2351.0 5m:2228.9 10m:2251.9 | Shares: 96/0 (found:96) | Diff: 161041 | 2m23s elapsed (since last share, avg 1m8s) | best=351 target=26670 (999%)
[2026-09-16T01:26:00Z INFO  minertim::pool_connection] New job: SshFUBxc03zbpPVH (difficulty: 161041, target: 2e680000)
[2026-09-16T01:26:01Z INFO  minertim] H/s 1m:2351.8 5m:2240.4 10m:2251.8 | Shares: 96/0 (found:96) | Diff: 161041 | 2m33s elapsed (since last share, avg 1m8s) | best=351 target=26670 (999%)
[2026-09-16T01:26:11Z INFO  minertim] H/s 1m:2352.3 5m:2253.3 10m:2251.7 | Shares: 96/0 (found:96) | Diff: 161041 | 2m43s elapsed (since last share, avg 1m8s) | best=351 target=26670 (999%)
[2026-09-16T01:26:20Z INFO  minertim::pool_connection] New job: XDf7pn1DIKLfNfCF (difficulty: 161041, target: 2e680000)
[2026-09-16T01:26:21Z INFO  minertim] H/s 1m:2357.5 5m:2263.4 10m:2251.6 | Shares: 96/0 (found:96) | Diff: 161041 | 2m53s elapsed (since last share, avg 1m8s) | best=351 target=26670 (999%)
[2026-09-16T01:26:26Z INFO  minertim::pool_connection] Donation: mining to Author (donate-level 5%)
[2026-09-16T01:26:26Z INFO  minertim::pool_connection] Connecting to pool: monerohash.com:9999
[2026-09-16T01:26:27Z INFO  minertim::pool_connection] Connected to pool (TLS): monerohash.com:9999
[2026-09-16T01:26:27Z INFO  minertim::pool_connection] Login successful, session id: B0MiotcK83s1UEbN
[2026-09-16T01:26:27Z INFO  minertim::pool_connection] Initial job: au0MHTriPH0PvOBL (difficulty: 150000, target: d96f0000)
[2026-09-16T01:26:31Z INFO  minertim] H/s 1m:2288.6 5m:2281.5 10m:2247.2 | Shares: 96/0 (found:96) | Diff: 150000 | 3m3s elapsed (since last share, avg 1m5s) | best=351 target=28633 (999%)
[2026-09-16T01:26:40Z INFO  minertim::pool_connection] New job: Yi0VC0eafB1Z4LJ7 (difficulty: 150000, target: d96f0000)
[2026-09-16T01:26:41Z INFO  minertim] H/s 1m:2288.2 5m:2301.5 10m:2247.5 | Shares: 96/0 (found:96) | Diff: 150000 | 3m13s elapsed (since last share, avg 1m5s) | best=351 target=28633 (999%)
[2026-09-16T01:26:51Z INFO  minertim] H/s 1m:2288.5 5m:2314.6 10m:2247.9 | Shares: 96/0 (found:96) | Diff: 150000 | 3m23s elapsed (since last share, avg 1m5s) | best=351 target=28633 (999%)
[2026-09-16T01:27:00Z INFO  minertim::pool_connection] New job: jZWYbfOz1xwxFSiu (difficulty: 150000, target: d96f0000)
[2026-09-16T01:27:01Z INFO  minertim] H/s 1m:2288.7 5m:2314.3 10m:2248.7 | Shares: 96/0 (found:96) | Diff: 150000 | 3m33s elapsed (since last share, avg 1m5s) | best=351 target=28633 (999%)
[2026-09-16T01:27:11Z INFO  minertim] H/s 1m:2288.1 5m:2314.3 10m:2248.8 | Shares: 96/0 (found:96) | Diff: 150000 | 3m43s elapsed (since last share, avg 1m5s) | best=351 target=28633 (999%)
[2026-09-16T01:27:20Z INFO  minertim::pool_connection] New job: 98xI4wSV5oyHchG0 (difficulty: 150000, target: d96f0000)
[2026-09-16T01:27:21Z INFO  minertim] H/s 1m:2353.2 5m:2316.6 10m:2248.1 | Shares: 96/0 (found:96) | Diff: 150000 | 3m53s elapsed (since last share, avg 1m3s) | best=351 target=28633 (999%)
[2026-09-16T01:27:26Z INFO  minertim::miner] Worker 3 SHARE FOUND! job_id=98xI4wSV5oyHchG0, nonce=aff1c200, hash_val=18281, difficulty=150000, hash=39d3b8e7fc700ef37d75edfe8ca62648318a63b3a57bb3635b9a6b4769470000
[2026-09-16T01:27:31Z INFO  minertim] H/s 1m:2295.5 5m:2307.0 10m:2244.4 | Shares: 96/0 (found:97) | Diff: 150000 | 5s elapsed (since last share, avg 1m5s) | best=351 target=28633 (999%)
[2026-09-16T01:27:39Z INFO  minertim::pool_connection] New job: H8tEI11igjkimLlT (difficulty: 93752, target: f4b20000)
[2026-09-16T01:27:39Z INFO  minertim::pool_connection] Share accepted by pool
[2026-09-16T01:27:40Z INFO  minertim::pool_connection] New job: oQrYXLymK7UovBrQ (difficulty: 93752, target: f4b20000)
[2026-09-16T01:27:41Z INFO  minertim] H/s 1m:2190.2 5m:2288.9 10m:2236.4 | Shares: 97/0 (found:97) | Diff: 93752 | 15s elapsed (since last share, avg 42s) | best=351 target=45812 (999%)
[2026-09-16T01:27:49Z INFO  minertim::miner] Worker 2 SHARE FOUND! job_id=oQrYXLymK7UovBrQ, nonce=1ef4c100, hash_val=8088, difficulty=93752, hash=bbb5f83ae486ce77cc903b90544b3cc6b2ef3cfe4d52672d37d4bbf1981f0000
[2026-09-16T01:27:50Z INFO  minertim::pool_connection] New job: DPpsi70gzKCVxZWt (difficulty: 93752, target: f4b20000)
[2026-09-16T01:27:50Z INFO  minertim::pool_connection] Share accepted by pool
[2026-09-16T01:27:51Z INFO  minertim] H/s 1m:2185.5 5m:2288.0 10m:2236.8 | Shares: 98/0 (found:98) | Diff: 93752 | 1s elapsed (since last share, avg 42s) | best=351 target=45812 (999%)
[2026-09-16T01:27:59Z INFO  minertim::miner] Worker 3 SHARE FOUND! job_id=DPpsi70gzKCVxZWt, nonce=b3a8c300, hash_val=38728, difficulty=93752, hash=f03e78a0c9e0b830cd6ba0d54a80c512cada776653fd24121dcca05f48970000
[2026-09-16T01:28:01Z INFO  minertim] H/s 1m:2128.5 5m:2278.0 10m:2232.4 | Shares: 98/0 (found:99) | Diff: 93752 | 2s elapsed (since last share, avg 44s) | best=351 target=45812 (999%)
[2026-09-16T01:28:06Z INFO  minertim::miner] Worker 2 SHARE FOUND! job_id=DPpsi70gzKCVxZWt, nonce=f28dc200, hash_val=15580, difficulty=93752, hash=727f1282f91ca006be97c021e503f469bf3c4530911268e5afd4c2b1dc3c0000
[2026-09-16T01:28:09Z INFO  minertim::pool_connection] New job: 6wsHPig07Cmg31mM (difficulty: 140629, target: 4d770000)
[2026-09-16T01:28:10Z INFO  minertim::pool_connection] Share accepted by pool
[2026-09-16T01:28:11Z INFO  minertim] H/s 1m:2042.1 5m:2261.9 10m:2224.8 | Shares: 99/0 (found:100) | Diff: 140629 | 4s elapsed (since last share, avg 1m8s) | best=351 target=30541 (999%)
[2026-09-16T01:28:12Z INFO  minertim::pool_connection] Share accepted by pool
[2026-09-16T01:28:12Z INFO  minertim::pool_connection] New job: XxbnZ8ZKyifmocZU (difficulty: 140629, target: 4d770000)
[2026-09-16T01:28:21Z INFO  minertim] H/s 1m:2092.8 5m:2270.7 10m:2224.3 | Shares: 100/0 (found:100) | Diff: 140629 | 14s elapsed (since last share, avg 1m7s) | best=351 target=30541 (999%)
[2026-09-16T01:28:30Z INFO  minertim::pool_connection] New job: 6oHjS6Iu1tpqQIU4 (difficulty: 140629, target: 4d770000)
[2026-09-16T01:28:31Z INFO  minertim] H/s 1m:2188.2 5m:2280.4 10m:2223.5 | Shares: 100/0 (found:100) | Diff: 140629 | 24s elapsed (since last share, avg 1m4s) | best=351 target=30541 (999%)
[2026-09-16T01:28:34Z INFO  minertim::miner] Worker 0 SHARE FOUND! job_id=6oHjS6Iu1tpqQIU4, nonce=e846c700, hash_val=14134, difficulty=140629, hash=c6dc75602fc91befb54b52cce9b37842ecb2b5f8cd25a164023f7aea36370000
[2026-09-16T01:28:39Z INFO  minertim::pool_connection] New job: 8vOcNT5fxL6Xn6MX (difficulty: 210940, target: 894f0000)
[2026-09-16T01:28:39Z INFO  minertim::pool_connection] Share accepted by pool
[2026-09-16T01:28:41Z INFO  minertim] H/s 1m:2142.0 5m:2272.8 10m:2225.7 | Shares: 101/0 (found:101) | Diff: 210940 | 6s elapsed (since last share, avg 1m38s) | best=351 target=20361 (999%)
[2026-09-16T01:28:50Z INFO  minertim::pool_connection] New job: vFiDafblZPIFei0o (difficulty: 210940, target: 894f0000)
[2026-09-16T01:28:51Z INFO  minertim] H/s 1m:2189.3 5m:2271.5 10m:2224.8 | Shares: 101/0 (found:101) | Diff: 210940 | 16s elapsed (since last share, avg 1m36s) | best=351 target=20361 (999%)
[2026-09-16T01:28:56Z INFO  minertim::pool_connection] Donation: mining to Xmrig (donate-level 5%)
[2026-09-16T01:28:56Z INFO  minertim::pool_connection] Connecting to pool: monerohash.com:9999
[2026-09-16T01:28:56Z INFO  minertim::pool_connection] Connected to pool (TLS): monerohash.com:9999
[2026-09-16T01:28:57Z INFO  minertim::pool_connection] Login successful, session id: tmTFuGToC4MqvRGG
[2026-09-16T01:28:57Z INFO  minertim::pool_connection] Initial job: w1jU5GBJMCBVP7Df (difficulty: 150000, target: d96f0000)
[2026-09-16T01:29:01Z INFO  minertim] H/s 1m:2227.8 5m:2262.0 10m:2220.1 | Shares: 101/0 (found:101) | Diff: 150000 | 26s elapsed (since last share, avg 1m7s) | best=351 target=28633 (999%)
[2026-09-16T01:29:10Z INFO  minertim::pool_connection] New job: EtZy0qHZ5yfoRH0s (difficulty: 150000, target: d96f0000)
[2026-09-16T01:29:11Z INFO  minertim] H/s 1m:2224.7 5m:2260.6 10m:2219.2 | Shares: 101/0 (found:101) | Diff: 150000 | 36s elapsed (since last share, avg 1m7s) | best=351 target=28633 (999%)
[2026-09-16T01:29:21Z INFO  minertim] H/s 1m:2223.5 5m:2261.2 10m:2218.5 | Shares: 101/0 (found:101) | Diff: 150000 | 46s elapsed (since last share, avg 1m7s) | best=351 target=28633 (999%)
[2026-09-16T01:29:29Z INFO  minertim::pool_connection] New job: 1i3NsLrQ3YhsJRqf (difficulty: 150000, target: d96f0000)
[2026-09-16T01:29:31Z INFO  minertim] H/s 1m:2264.3 5m:2260.1 10m:2218.2 | Shares: 101/0 (found:101) | Diff: 150000 | 56s elapsed (since last share, avg 1m6s) | best=351 target=28633 (999%)
[2026-09-16T01:29:31Z INFO  minertim::miner] Worker 0 SHARE FOUND! job_id=1i3NsLrQ3YhsJRqf, nonce=9c18c900, hash_val=20294, difficulty=150000, hash=5300157ea776a60bbe59214285b7d39f0d12254a1d1521c9a99e66e6464f0000
[2026-09-16T01:29:38Z INFO  minertim::pool_connection] Share accepted by pool
[2026-09-16T01:29:41Z INFO  minertim] H/s 1m:2170.1 5m:2243.7 10m:2210.1 | Shares: 102/0 (found:102) | Diff: 150000 | 9s elapsed (since last share, avg 1m9s) | best=351 target=28633 (999%)
[2026-09-16T01:29:49Z INFO  minertim::miner] Worker 1 SHARE FOUND! job_id=1i3NsLrQ3YhsJRqf, nonce=4db6ca00, hash_val=28509, difficulty=150000, hash=65dcb09d98cdc9cd80efd96ac160547cadffcf05c1fe3448132ef7965d6f0000
[2026-09-16T01:29:49Z INFO  minertim::pool_connection] New job: w88rIE800TPXuhuu (difficulty: 150000, target: d96f0000)
[2026-09-16T01:29:50Z INFO  minertim::pool_connection] Share accepted by pool
[2026-09-16T01:29:51Z INFO  minertim] H/s 1m:2205.7 5m:2240.6 10m:2208.4 | Shares: 103/0 (found:103) | Diff: 150000 | 2s elapsed (since last share, avg 1m8s) | best=351 target=28633 (999%)
[2026-09-16T01:30:01Z INFO  minertim] H/s 1m:2204.4 5m:2238.8 10m:2213.1 | Shares: 103/0 (found:103) | Diff: 150000 | 12s elapsed (since last share, avg 1m8s) | best=351 target=28633 (999%)
[2026-09-16T01:30:09Z INFO  minertim::pool_connection] New job: vHd7tJxwP8xjkggG (difficulty: 225008, target: 904a0000)
[2026-09-16T01:30:09Z INFO  minertim::pool_connection] New job: FhexrNp01zsgSmGv (difficulty: 225008, target: 904a0000)
[2026-09-16T01:30:11Z INFO  minertim] H/s 1m:2192.8 5m:2235.2 10m:2216.3 | Shares: 103/0 (found:103) | Diff: 225008 | 22s elapsed (since last share, avg 1m42s) | best=351 target=19088 (999%)
[2026-09-16T01:30:21Z INFO  minertim] H/s 1m:2182.4 5m:2232.4 10m:2214.5 | Shares: 103/0 (found:103) | Diff: 225008 | 32s elapsed (since last share, avg 1m43s) | best=351 target=19088 (999%)
[2026-09-16T01:30:29Z INFO  minertim::pool_connection] New job: K20lZBi0BL3G5g5e (difficulty: 225008, target: 904a0000)
[2026-09-16T01:30:31Z INFO  minertim] H/s 1m:2285.1 5m:2232.8 10m:2214.3 | Shares: 103/0 (found:103) | Diff: 225008 | 42s elapsed (since last share, avg 1m38s) | best=351 target=19088 (999%)
[2026-09-16T01:30:41Z INFO  minertim] H/s 1m:2294.2 5m:2230.8 10m:2223.2 | Shares: 103/0 (found:103) | Diff: 225008 | 52s elapsed (since last share, avg 1m38s) | best=351 target=19088 (999%)
[2026-09-16T01:30:49Z INFO  minertim::pool_connection] New job: vihCKbambDb00i0x (difficulty: 225008, target: 904a0000)
[2026-09-16T01:30:51Z INFO  minertim] H/s 1m:2295.2 5m:2229.0 10m:2231.2 | Shares: 103/0 (found:103) | Diff: 225008 | 1m2s elapsed (since last share, avg 1m38s) | best=351 target=19088 (999%)
[2026-09-16T01:31:00Z INFO  minertim::pool_connection] New job: fmNidvCbFu1fRtsw (difficulty: 225008, target: 904a0000)
[2026-09-16T01:31:01Z INFO  minertim] H/s 1m:2316.3 5m:2229.0 10m:2236.7 | Shares: 103/0 (found:103) | Diff: 225008 | 1m12s elapsed (since last share, avg 1m37s) | best=351 target=19088 (999%)
[2026-09-16T01:31:09Z INFO  minertim::pool_connection] New job: QmGmqlS4OWtNTc4J (difficulty: 126564, target: 8f840000)
[2026-09-16T01:31:11Z INFO  minertim] H/s 1m:2330.4 5m:2227.8 10m:2242.6 | Shares: 103/0 (found:103) | Diff: 126564 | 1m22s elapsed (since last share, avg 54s) | best=351 target=33935 (999%)
[2026-09-16T01:31:20Z INFO  minertim::pool_connection] New job: D0VLlysQsBqKoYFl (difficulty: 126564, target: 8f840000)
[2026-09-16T01:31:21Z INFO  minertim] H/s 1m:2327.1 5m:2239.4 10m:2247.1 | Shares: 103/0 (found:103) | Diff: 126564 | 1m32s elapsed (since last share, avg 54s) | best=351 target=33935 (999%)
[2026-09-16T01:31:26Z INFO  minertim::pool_connection] Donation: mining to User (donate-level 5%)
[2026-09-16T01:31:26Z INFO  minertim::pool_connection] Connecting to pool: monerohash.com:9999
[2026-09-16T01:31:26Z INFO  minertim::pool_connection] Connected to pool (TLS): monerohash.com:9999
[2026-09-16T01:31:27Z INFO  minertim::pool_connection] Login successful, session id: SsgqJLPRoVCB1PJD
[2026-09-16T01:31:27Z INFO  minertim::pool_connection] Initial job: ePAYZsAbBUqNxvMn (difficulty: 150000, target: d96f0000)
[2026-09-16T01:31:31Z INFO  minertim] H/s 1m:2290.6 5m:2231.3 10m:2258.1 | Shares: 103/0 (found:103) | Diff: 150000 | 1m42s elapsed (since last share, avg 1m5s) | best=351 target=28633 (999%)
[2026-09-16T01:31:40Z INFO  minertim::pool_connection] New job: 7QrQzC4t1mcWJ9Kw (difficulty: 150000, target: d96f0000)
[2026-09-16T01:31:41Z INFO  minertim] H/s 1m:2299.8 5m:2231.0 10m:2267.9 | Shares: 103/0 (found:103) | Diff: 150000 | 1m52s elapsed (since last share, avg 1m5s) | best=351 target=28633 (999%)
[2026-09-16T01:31:51Z INFO  minertim] H/s 1m:2294.8 5m:2230.0 10m:2273.7 | Shares: 103/0 (found:103) | Diff: 150000 | 2m2s elapsed (since last share, avg 1m5s) | best=351 target=28633 (999%)
[2026-09-16T01:32:00Z INFO  minertim::pool_connection] New job: IW06m0fCUXn040RA (difficulty: 150000, target: d96f0000)
[2026-09-16T01:32:01Z INFO  minertim] H/s 1m:2288.0 5m:2227.7 10m:2272.5 | Shares: 103/0 (found:103) | Diff: 150000 | 2m12s elapsed (since last share, avg 1m5s) | best=351 target=28633 (999%)
[2026-09-16T01:32:11Z INFO  minertim] H/s 1m:2288.5 5m:2228.2 10m:2272.2 | Shares: 103/0 (found:103) | Diff: 150000 | 2m22s elapsed (since last share, avg 1m5s) | best=351 target=28633 (999%)
[2026-09-16T01:32:20Z INFO  minertim::pool_connection] New job: q5GhoSfvibkLmJpB (difficulty: 150000, target: d96f0000)
[2026-09-16T01:32:21Z INFO  minertim] H/s 1m:2310.2 5m:2233.8 10m:2271.8 | Shares: 103/0 (found:103) | Diff: 150000 | 2m32s elapsed (since last share, avg 1m4s) | best=351 target=28633 (999%)
[2026-09-16T01:32:31Z INFO  minertim] H/s 1m:2298.3 5m:2249.6 10m:2270.8 | Shares: 103/0 (found:103) | Diff: 150000 | 2m42s elapsed (since last share, avg 1m5s) | best=351 target=28633 (999%)
[2026-09-16T01:32:39Z INFO  minertim::pool_connection] New job: BfEUY6ToZwCJ9oWu (difficulty: 93752, target: f4b20000)
[2026-09-16T01:32:40Z INFO  minertim::pool_connection] New job: p7d0X6d0gRPb6Jct (difficulty: 93752, target: f4b20000)
[2026-09-16T01:32:41Z INFO  minertim] H/s 1m:2284.1 5m:2247.0 10m:2269.1 | Shares: 103/0 (found:103) | Diff: 93752 | 2m52s elapsed (since last share, avg 41s) | best=351 target=45812 (999%)
[2026-09-16T01:32:51Z INFO  minertim] H/s 1m:2294.6 5m:2256.4 10m:2268.8 | Shares: 103/0 (found:103) | Diff: 93752 | 3m2s elapsed (since last share, avg 40s) | best=351 target=45812 (999%)
[2026-09-16T01:32:54Z INFO  minertim::miner] Worker 2 SHARE FOUND! job_id=p7d0X6d0gRPb6Jct, nonce=0686cc00, hash_val=2987, difficulty=93752, hash=ffb94d3f5aa5829cb3887f4c3d65f5a3928e2cfbb6c1d34c1d432420ab0b0000
[2026-09-16T01:33:00Z INFO  minertim::pool_connection] New job: heztmi681CEwtgxR (difficulty: 93752, target: f4b20000)
[2026-09-16T01:33:00Z INFO  minertim::pool_connection] Share accepted by pool
[2026-09-16T01:33:01Z INFO  minertim] H/s 1m:2211.2 5m:2257.4 10m:2261.3 | Shares: 104/0 (found:104) | Diff: 93752 | 7s elapsed (since last share, avg 42s) | best=351 target=45812 (999%)
[2026-09-16T01:33:09Z INFO  minertim::pool_connection] New job: XuBT0v7L40YEL23H (difficulty: 140629, target: 4d770000)
[2026-09-16T01:33:11Z INFO  minertim] H/s 1m:2235.1 5m:2258.3 10m:2261.2 | Shares: 104/0 (found:104) | Diff: 140629 | 17s elapsed (since last share, avg 1m2s) | best=351 target=30541 (999%)
[2026-09-16T01:33:12Z INFO  minertim::pool_connection] New job: IrXMdQNbLYJzMybm (difficulty: 140629, target: 4d770000)
[2026-09-16T01:33:21Z INFO  minertim] H/s 1m:2249.5 5m:2260.2 10m:2266.2 | Shares: 104/0 (found:104) | Diff: 140629 | 27s elapsed (since last share, avg 1m2s) | best=351 target=30541 (999%)
[2026-09-16T01:33:31Z INFO  minertim] H/s 1m:2271.2 5m:2269.3 10m:2271.9 | Shares: 104/0 (found:104) | Diff: 140629 | 37s elapsed (since last share, avg 1m1s) | best=351 target=30541 (999%)
[2026-09-16T01:33:32Z INFO  minertim::pool_connection] New job: fzjIRirEMDf7AhiT (difficulty: 140629, target: 4d770000)
[2026-09-16T01:33:41Z INFO  minertim] H/s 1m:2275.7 5m:2271.3 10m:2272.7 | Shares: 104/0 (found:104) | Diff: 140629 | 47s elapsed (since last share, avg 1m1s) | best=351 target=30541 (999%)
[2026-09-16T01:33:51Z INFO  minertim] H/s 1m:2365.5 5m:2281.1 10m:2273.1 | Shares: 104/0 (found:104) | Diff: 140629 | 57s elapsed (since last share, avg 59s) | best=351 target=30541 (999%)
[2026-09-16T01:33:52Z INFO  minertim::pool_connection] New job: rE3eDpMsIK3JW1Ep (difficulty: 140629, target: 4d770000)
[2026-09-16T01:33:53Z INFO  minertim::miner] Worker 0 SHARE FOUND! job_id=rE3eDpMsIK3JW1Ep, nonce=5421d200, hash_val=22396, difficulty=140629, hash=e42d15b6b3b25927294f1cd5f34016bcf98a458f204074564cd18d1e7c570000
[2026-09-16T01:34:01Z INFO  minertim] H/s 1m:2309.9 5m:2273.0 10m:2268.2 | Shares: 104/0 (found:105) | Diff: 140629 | 8s elapsed (since last share, avg 1m0s) | best=351 target=30541 (999%)
[2026-09-16T01:34:09Z INFO  minertim::pool_connection] New job: p2xbRyBxXDVmtHmg (difficulty: 91712, target: efb60000)
[2026-09-16T01:34:09Z INFO  minertim::pool_connection] Share accepted by pool
[2026-09-16T01:34:11Z INFO  minertim] H/s 1m:2202.2 5m:2256.5 10m:2259.4 | Shares: 105/0 (found:105) | Diff: 91712 | 18s elapsed (since last share, avg 41s) | best=351 target=46831 (999%)
[2026-09-16T01:34:12Z INFO  minertim::pool_connection] New job: 4qqRLXk0zLA5oOND (difficulty: 91712, target: efb60000)
[2026-09-16T01:34:21Z INFO  minertim] H/s 1m:2202.4 5m:2258.6 10m:2260.7 | Shares: 105/0 (found:105) | Diff: 91712 | 28s elapsed (since last share, avg 41s) | best=351 target=46831 (999%)
[2026-09-16T01:34:21Z INFO  minertim::pool_connection] New job: 9gr7OLaUlqxZ808M (difficulty: 91712, target: efb60000)
[2026-09-16T01:34:31Z INFO  minertim] H/s 1m:2203.0 5m:2276.9 10m:2261.2 | Shares: 105/0 (found:105) | Diff: 91712 | 38s elapsed (since last share, avg 41s) | best=351 target=46831 (999%)
[2026-09-16T01:34:35Z INFO  minertim::miner] Worker 3 SHARE FOUND! job_id=9gr7OLaUlqxZ808M, nonce=4347d100, hash_val=43849, difficulty=91712, hash=7464ac6d96ef48efc3b4178817c7f711f1c0b2f1a33524e645bca97849ab0000
[2026-09-16T01:34:39Z INFO  minertim::pool_connection] New job: PfJF0uB8Mn38v5wx (difficulty: 137571, target: f4790000)
[2026-09-16T01:34:39Z INFO  minertim::pool_connection] Share accepted by pool
[2026-09-16T01:34:41Z INFO  minertim] H/s 1m:2157.9 5m:2272.9 10m:2258.4 | Shares: 106/0 (found:106) | Diff: 137571 | 6s elapsed (since last share, avg 1m3s) | best=351 target=31220 (999%)
[2026-09-16T01:34:41Z INFO  minertim::pool_connection] New job: Aax5qGDBkBvAEbQz (difficulty: 137571, target: f4790000)
[2026-09-16T01:34:47Z INFO  minertim::pool_connection] New job: vVjon3SNjqg1dg59 (difficulty: 137571, target: f4790000)
[2026-09-16T01:34:51Z INFO  minertim] H/s 1m:2216.2 5m:2275.1 10m:2258.6 | Shares: 106/0 (found:106) | Diff: 137571 | 16s elapsed (since last share, avg 1m2s) | best=351 target=31220 (999%)
[2026-09-16T01:35:01Z INFO  minertim] H/s 1m:2323.7 5m:2279.1 10m:2258.8 | Shares: 106/0 (found:106) | Diff: 137571 | 26s elapsed (since last share, avg 59s) | best=351 target=31220 (999%)
[2026-09-16T01:35:07Z INFO  minertim::pool_connection] New job: taBPhg9LTaqSrFb0 (difficulty: 137571, target: f4790000)
[2026-09-16T01:35:09Z INFO  minertim::pool_connection] New job: GSJfc10FD27IhEEp (difficulty: 206359, target: 4d510000)
[2026-09-16T01:35:11Z INFO  minertim] H/s 1m:2320.6 5m:2282.5 10m:2258.8 | Shares: 106/0 (found:106) | Diff: 206359 | 36s elapsed (since last share, avg 1m28s) | best=351 target=20813 (999%)
[2026-09-16T01:35:21Z INFO  minertim] H/s 1m:2318.2 5m:2282.6 10m:2259.1 | Shares: 106/0 (found:106) | Diff: 206359 | 46s elapsed (since last share, avg 1m29s) | best=351 target=20813 (999%)
[2026-09-16T01:35:27Z INFO  minertim::pool_connection] New job: 4Gc0LRe1DehEmgNm (difficulty: 206359, target: 4d510000)
[2026-09-16T01:35:31Z INFO  minertim] H/s 1m:2362.1 5m:2284.6 10m:2259.5 | Shares: 106/0 (found:106) | Diff: 206359 | 56s elapsed (since last share, avg 1m27s) | best=351 target=20813 (999%)
[2026-09-16T01:35:39Z INFO  minertim::pool_connection] New job: PXupMLkoKggoKctp (difficulty: 154768, target: 676c0000)
[2026-09-16T01:35:41Z INFO  minertim] H/s 1m:2361.9 5m:2286.6 10m:2259.6 | Shares: 106/0 (found:106) | Diff: 154768 | 1m6s elapsed (since last share, avg 1m5s) | best=351 target=27751 (999%)
[2026-09-16T01:35:46Z INFO  minertim::pool_connection] New job: J2KDKfi03S7tXcoJ (difficulty: 154768, target: 676c0000)
[2026-09-16T01:35:52Z INFO  minertim] H/s 1m:2361.2 5m:2286.8 10m:2259.6 | Shares: 106/0 (found:106) | Diff: 154768 | 1m16s elapsed (since last share, avg 1m5s) | best=351 target=27751 (999%)
[2026-09-16T01:36:02Z INFO  minertim] H/s 1m:2363.2 5m:2288.1 10m:2259.7 | Shares: 106/0 (found:106) | Diff: 154768 | 1m26s elapsed (since last share, avg 1m5s) | best=351 target=27751 (999%)
[2026-09-16T01:36:06Z INFO  minertim::pool_connection] New job: SJuxDx4rUtvaBMiU (difficulty: 154768, target: 676c0000)
[2026-09-16T01:36:12Z INFO  minertim] H/s 1m:2351.7 5m:2286.9 10m:2258.7 | Shares: 106/0 (found:106) | Diff: 154768 | 1m36s elapsed (since last share, avg 1m5s) | best=351 target=27751 (999%)
[2026-09-16T01:36:22Z INFO  minertim] H/s 1m:2345.0 5m:2294.0 10m:2264.3 | Shares: 106/0 (found:106) | Diff: 154768 | 1m46s elapsed (since last share, avg 1m5s) | best=351 target=27751 (999%)
[2026-09-16T01:36:26Z INFO  minertim::pool_connection] New job: xL632K6TjCwA52a6 (difficulty: 154768, target: 676c0000)
[2026-09-16T01:36:32Z INFO  minertim] H/s 1m:2344.6 5m:2294.3 10m:2264.4 | Shares: 106/0 (found:106) | Diff: 154768 | 1m56s elapsed (since last share, avg 1m6s) | best=351 target=27751 (999%)
[2026-09-16T01:36:39Z INFO  minertim::pool_connection] New job: UZIaZNNEahDDbcm4 (difficulty: 116073, target: 8a900000)
[2026-09-16T01:36:42Z INFO  minertim] H/s 1m:2341.6 5m:2294.9 10m:2264.1 | Shares: 106/0 (found:106) | Diff: 116073 | 2m6s elapsed (since last share, avg 49s) | best=351 target=37002 (999%)
[2026-09-16T01:36:46Z INFO  minertim::pool_connection] New job: 1e221YX5bvpaFyrw (difficulty: 116073, target: 8a900000)
[2026-09-16T01:36:52Z INFO  minertim] H/s 1m:2342.4 5m:2297.5 10m:2264.2 | Shares: 106/0 (found:106) | Diff: 116073 | 2m16s elapsed (since last share, avg 49s) | best=351 target=37002 (999%)
[2026-09-16T01:37:01Z INFO  minertim::miner] Worker 3 SHARE FOUND! job_id=1e221YX5bvpaFyrw, nonce=8362d600, hash_val=17068, difficulty=116073, hash=8fc1b001491375146da2b0c5643b4120a210e7cedac559281671b02cac420000
[2026-09-16T01:37:02Z INFO  minertim] H/s 1m:2354.5 5m:2298.3 10m:2264.3 | Shares: 106/0 (found:107) | Diff: 116073 | 0s elapsed (since last share, avg 49s) | best=351 target=37002 (999%)
[2026-09-16T01:37:06Z INFO  minertim::pool_connection] New job: 02kxKuyPT60KfHFW (difficulty: 116073, target: 8a900000)
[2026-09-16T01:37:06Z INFO  minertim::pool_connection] Share accepted by pool
[2026-09-16T01:37:09Z INFO  minertim::pool_connection] New job: e8LKnH6Netg9GQhQ (difficulty: 174110, target: 5c600000)
[2026-09-16T01:37:12Z INFO  minertim] H/s 1m:2318.2 5m:2295.3 10m:2261.3 | Shares: 107/0 (found:107) | Diff: 174110 | 10s elapsed (since last share, avg 1m15s) | best=351 target=24668 (999%)
[2026-09-16T01:37:22Z INFO  minertim] H/s 1m:2318.1 5m:2297.7 10m:2266.3 | Shares: 107/0 (found:107) | Diff: 174110 | 20s elapsed (since last share, avg 1m15s) | best=351 target=24668 (999%)
[2026-09-16T01:37:26Z INFO  minertim::pool_connection] New job: NbCVaJlPAhKQNeQw (difficulty: 174110, target: 5c600000)
[2026-09-16T01:37:32Z INFO  minertim] H/s 1m:2313.3 5m:2299.9 10m:2274.5 | Shares: 107/0 (found:107) | Diff: 174110 | 30s elapsed (since last share, avg 1m15s) | best=351 target=24668 (999%)
[2026-09-16T01:37:42Z INFO  minertim] H/s 1m:2312.4 5m:2300.6 10m:2275.0 | Shares: 107/0 (found:107) | Diff: 174110 | 40s elapsed (since last share, avg 1m15s) | best=351 target=24668 (999%)
[2026-09-16T01:37:46Z INFO  minertim::pool_connection] New job: IzrebWBAKDI4p0oG (difficulty: 174110, target: 5c600000)
[2026-09-16T01:37:52Z INFO  minertim] H/s 1m:2312.3 5m:2315.7 10m:2279.9 | Shares: 107/0 (found:107) | Diff: 174110 | 50s elapsed (since last share, avg 1m15s) | best=351 target=24668 (999%)
[2026-09-16T01:38:02Z INFO  minertim] H/s 1m:2353.4 5m:2315.7 10m:2287.7 | Shares: 107/0 (found:107) | Diff: 174110 | 1m0s elapsed (since last share, avg 1m13s) | best=351 target=24668 (999%)
[2026-09-16T01:38:05Z INFO  minertim::pool_connection] New job: dxc0h9IkgbI1O4t3 (difficulty: 174110, target: 5c600000)
[2026-09-16T01:38:09Z INFO  minertim::pool_connection] New job: gCMeVtUdxY4rRKun (difficulty: 124365, target: e7860000)
[2026-09-16T01:38:12Z INFO  minertim] H/s 1m:2353.1 5m:2315.6 10m:2288.3 | Shares: 107/0 (found:107) | Diff: 124365 | 1m10s elapsed (since last share, avg 52s) | best=351 target=34535 (999%)
[2026-09-16T01:38:22Z INFO  minertim] H/s 1m:2361.3 5m:2315.5 10m:2289.2 | Shares: 107/0 (found:107) | Diff: 124365 | 1m20s elapsed (since last share, avg 52s) | best=351 target=34535 (999%)
[2026-09-16T01:38:25Z INFO  minertim::pool_connection] New job: f0y4WKbxpEpi0JOl (difficulty: 124365, target: e7860000)
[2026-09-16T01:38:32Z INFO  minertim] H/s 1m:2360.8 5m:2315.2 10m:2293.5 | Shares: 107/0 (found:107) | Diff: 124365 | 1m30s elapsed (since last share, avg 52s) | best=351 target=34535 (999%)
[2026-09-16T01:38:42Z INFO  minertim] H/s 1m:2337.3 5m:2310.8 10m:2292.4 | Shares: 107/0 (found:107) | Diff: 124365 | 1m40s elapsed (since last share, avg 53s) | best=351 target=34535 (999%)
[2026-09-16T01:38:45Z INFO  minertim::pool_connection] New job: 56fAVpagpu7dDjWv (difficulty: 124365, target: e7860000)
[2026-09-16T01:38:52Z INFO  minertim] H/s 1m:2315.2 5m:2316.6 10m:2295.1 | Shares: 107/0 (found:107) | Diff: 124365 | 1m50s elapsed (since last share, avg 53s) | best=351 target=34535 (999%)
[2026-09-16T01:39:02Z INFO  minertim] H/s 1m:2308.4 5m:2333.9 10m:2295.4 | Shares: 107/0 (found:107) | Diff: 124365 | 2m0s elapsed (since last share, avg 53s) | best=351 target=34535 (999%)
[2026-09-16T01:39:05Z INFO  minertim::pool_connection] New job: ck8RRu8NScZq7noN (difficulty: 124365, target: e7860000)
[2026-09-16T01:39:09Z INFO  minertim::pool_connection] New job: k5mw6Bk3rsqvdlpT (difficulty: 93273, target: dfb30000)
[2026-09-16T01:39:12Z INFO  minertim] H/s 1m:2307.6 5m:2333.6 10m:2296.3 | Shares: 107/0 (found:107) | Diff: 93273 | 2m10s elapsed (since last share, avg 40s) | best=351 target=46047 (999%)
[2026-09-16T01:39:18Z INFO  minertim::pool_connection] New job: UBearRHknDgBgrbO (difficulty: 93273, target: dfb30000)
[2026-09-16T01:39:22Z INFO  minertim] H/s 1m:2307.9 5m:2333.3 10m:2297.2 | Shares: 107/0 (found:107) | Diff: 93273 | 2m20s elapsed (since last share, avg 40s) | best=351 target=46047 (999%)
[2026-09-16T01:39:24Z INFO  minertim::miner] Worker 3 SHARE FOUND! job_id=UBearRHknDgBgrbO, nonce=674ddb00, hash_val=12094, difficulty=93273, hash=7e2230c44615aa54d366084a0450084284c391f4fb1b311d7d18f6b73e2f0000
[2026-09-16T01:39:32Z INFO  minertim] H/s 1m:2215.8 5m:2320.8 10m:2296.3 | Shares: 107/0 (found:108) | Diff: 93273 | 7s elapsed (since last share, avg 42s) | best=351 target=46047 (999%)
[2026-09-16T01:39:38Z INFO  minertim::pool_connection] New job: BLwmYkQf0nUhB2Xn (difficulty: 93273, target: dfb30000)
[2026-09-16T01:39:38Z INFO  minertim::pool_connection] Share accepted by pool
[2026-09-16T01:39:39Z INFO  minertim::pool_connection] New job: bemIv4RRTQ3MVZ0B (difficulty: 139910, target: ea770000)
[2026-09-16T01:39:42Z INFO  minertim] H/s 1m:2158.4 5m:2306.7 10m:2291.1 | Shares: 108/0 (found:108) | Diff: 139910 | 17s elapsed (since last share, avg 1m4s) | best=351 target=30698 (999%)
[2026-09-16T01:39:52Z INFO  minertim] H/s 1m:2166.1 5m:2306.8 10m:2292.2 | Shares: 108/0 (found:108) | Diff: 139910 | 28s elapsed (since last share, avg 1m4s) | best=351 target=30698 (999%)
[2026-09-16T01:39:58Z INFO  minertim::pool_connection] New job: vh2lnahy96cmu7Nq (difficulty: 139910, target: ea770000)
[2026-09-16T01:40:02Z INFO  minertim] H/s 1m:2167.7 5m:2307.2 10m:2294.2 | Shares: 108/0 (found:108) | Diff: 139910 | 38s elapsed (since last share, avg 1m4s) | best=351 target=30698 (999%)
[2026-09-16T01:40:12Z INFO  minertim] H/s 1m:2169.2 5m:2307.6 10m:2296.1 | Shares: 108/0 (found:108) | Diff: 139910 | 48s elapsed (since last share, avg 1m4s) | best=351 target=30698 (999%)
[2026-09-16T01:40:18Z INFO  minertim::pool_connection] New job: pJQDzkgLF9083qf2 (difficulty: 139910, target: ea770000)
[2026-09-16T01:40:22Z INFO  minertim] H/s 1m:2286.2 5m:2307.7 10m:2296.4 | Shares: 108/0 (found:108) | Diff: 139910 | 58s elapsed (since last share, avg 1m1s) | best=351 target=30698 (999%)
[2026-09-16T01:40:32Z INFO  minertim] H/s 1m:2368.0 5m:2307.7 10m:2297.4 | Shares: 108/0 (found:108) | Diff: 139910 | 1m8s elapsed (since last share, avg 59s) | best=351 target=30698 (999%)
[2026-09-16T01:40:38Z INFO  minertim::pool_connection] New job: kkyV0KtX4c5KPg6O (difficulty: 139910, target: ea770000)
[2026-09-16T01:40:39Z INFO  minertim::pool_connection] New job: 2UtHVL6WJ1Baw5ya (difficulty: 103212, target: 8da20000)
[2026-09-16T01:40:42Z INFO  minertim] H/s 1m:2353.3 5m:2305.4 10m:2297.1 | Shares: 108/0 (found:108) | Diff: 103212 | 1m18s elapsed (since last share, avg 43s) | best=351 target=41613 (999%)
[2026-09-16T01:40:52Z INFO  minertim] H/s 1m:2352.4 5m:2305.4 10m:2297.2 | Shares: 108/0 (found:108) | Diff: 103212 | 1m28s elapsed (since last share, avg 43s) | best=351 target=41613 (999%)
[2026-09-16T01:40:56Z INFO  minertim::miner] Worker 1 SHARE FOUND! job_id=2UtHVL6WJ1Baw5ya, nonce=717de200, hash_val=5301, difficulty=103212, hash=a3529a29980b87e8db6b8a0f7358f6c413589c84f18a6195b08c0e2cb5140000
[2026-09-16T01:40:57Z INFO  minertim::pool_connection] New job: pqhkEbZxAmCdw5FP (difficulty: 103212, target: 8da20000)
[2026-09-16T01:40:58Z INFO  minertim::pool_connection] Share accepted by pool
[2026-09-16T01:41:02Z INFO  minertim] H/s 1m:2331.2 5m:2304.1 10m:2296.2 | Shares: 109/0 (found:109) | Diff: 103212 | 6s elapsed (since last share, avg 44s) | best=351 target=41613 (999%)
[2026-09-16T01:41:09Z INFO  minertim::pool_connection] New job: d1yccOISGEAEYZ1Z (difficulty: 154818, target: 5e6c0000)
[2026-09-16T01:41:11Z INFO  minertim::miner] Worker 1 SHARE FOUND! job_id=d1yccOISGEAEYZ1Z, nonce=e5f9e200, hash_val=13812, difficulty=154818, hash=92818190506a78322ea69b94cfc7f5d79ea89c5f5f413486046ebe91f4350000
[2026-09-16T01:41:12Z INFO  minertim] H/s 1m:2331.5 5m:2305.4 10m:2296.7 | Shares: 109/0 (found:110) | Diff: 154818 | 0s elapsed (since last share, avg 1m6s) | best=351 target=27742 (999%)
[2026-09-16T01:41:17Z INFO  minertim::pool_connection] New job: vboDWtoQOr8aEuXj (difficulty: 154818, target: 5e6c0000)
[2026-09-16T01:41:18Z INFO  minertim::pool_connection] Share accepted by pool
[2026-09-16T01:41:22Z INFO  minertim] H/s 1m:2238.9 5m:2289.5 10m:2293.0 | Shares: 110/0 (found:110) | Diff: 154818 | 10s elapsed (since last share, avg 1m9s) | best=351 target=27742 (999%)
[2026-09-16T01:41:32Z INFO  minertim] H/s 1m:2253.7 5m:2290.2 10m:2293.2 | Shares: 110/0 (found:110) | Diff: 154818 | 20s elapsed (since last share, avg 1m8s) | best=351 target=27742 (999%)
[2026-09-16T01:41:37Z INFO  minertim::pool_connection] New job: xxQN3RDoITf21nu5 (difficulty: 154818, target: 5e6c0000)
[2026-09-16T01:41:39Z INFO  minertim::pool_connection] New job: xT8Q80hNfC5tdcFH (difficulty: 232235, target: 3e480000)
[2026-09-16T01:41:42Z INFO  minertim] H/s 1m:2254.7 5m:2290.3 10m:2293.8 | Shares: 110/0 (found:110) | Diff: 232235 | 30s elapsed (since last share, avg 1m42s) | best=351 target=18494 (999%)
[2026-09-16T01:41:52Z INFO  minertim] H/s 1m:2275.5 5m:2290.5 10m:2295.1 | Shares: 110/0 (found:110) | Diff: 232235 | 40s elapsed (since last share, avg 1m42s) | best=351 target=18494 (999%)
[2026-09-16T01:41:57Z INFO  minertim::pool_connection] New job: 0vUrERzTyTWeVo0X (difficulty: 232235, target: 3e480000)
[2026-09-16T01:42:02Z INFO  minertim] H/s 1m:2275.6 5m:2298.1 10m:2295.6 | Shares: 110/0 (found:110) | Diff: 232235 | 50s elapsed (since last share, avg 1m42s) | best=351 target=18494 (999%)
[2026-09-16T01:42:12Z INFO  minertim] H/s 1m:2369.2 5m:2298.3 10m:2298.0 | Shares: 110/0 (found:110) | Diff: 232235 | 1m0s elapsed (since last share, avg 1m38s) | best=351 target=18494 (999%)
[2026-09-16T01:42:17Z INFO  minertim::pool_connection] New job: y07O8o1p3nv5lrMM (difficulty: 232235, target: 3e480000)
[2026-09-16T01:42:22Z INFO  minertim] H/s 1m:2369.5 5m:2299.9 10m:2299.2 | Shares: 110/0 (found:110) | Diff: 232235 | 1m11s elapsed (since last share, avg 1m38s) | best=351 target=18494 (999%)
[2026-09-16T01:42:32Z INFO  minertim] H/s 1m:2369.7 5m:2300.2 10m:2301.1 | Shares: 110/0 (found:110) | Diff: 232235 | 1m21s elapsed (since last share, avg 1m38s) | best=351 target=18494 (999%)
[2026-09-16T01:42:37Z INFO  minertim::pool_connection] New job: jgrCsHzFTgr4wEBL (difficulty: 232235, target: 3e480000)
[2026-09-16T01:42:39Z INFO  minertim::pool_connection] New job: OTEZioeBRpixzznz (difficulty: 127443, target: a5830000)
[2026-09-16T01:42:42Z INFO  minertim] H/s 1m:2370.0 5m:2300.4 10m:2301.5 | Shares: 110/0 (found:110) | Diff: 127443 | 1m31s elapsed (since last share, avg 53s) | best=351 target=33701 (999%)
[2026-09-16T01:42:52Z INFO  minertim] H/s 1m:2369.6 5m:2300.9 10m:2309.1 | Shares: 110/0 (found:110) | Diff: 127443 | 1m41s elapsed (since last share, avg 53s) | best=351 target=33701 (999%)
[2026-09-16T01:42:56Z INFO  minertim::pool_connection] New job: a1f8VRjeT0qv9zxt (difficulty: 127443, target: a5830000)
[2026-09-16T01:43:02Z INFO  minertim] H/s 1m:2368.6 5m:2301.0 10m:2309.3 | Shares: 110/0 (found:110) | Diff: 127443 | 1m51s elapsed (since last share, avg 53s) | best=351 target=33701 (999%)
[2026-09-16T01:43:12Z INFO  minertim] H/s 1m:2368.2 5m:2301.1 10m:2309.3 | Shares: 110/0 (found:110) | Diff: 127443 | 2m1s elapsed (since last share, avg 53s) | best=351 target=33701 (999%)
[2026-09-16T01:43:16Z INFO  minertim::pool_connection] New job: uZzPXmELraRCdJwm (difficulty: 127443, target: a5830000)
[2026-09-16T01:43:22Z INFO  minertim] H/s 1m:2367.8 5m:2301.4 10m:2309.3 | Shares: 110/0 (found:110) | Diff: 127443 | 2m11s elapsed (since last share, avg 53s) | best=351 target=33701 (999%)
[2026-09-16T01:43:32Z INFO  minertim] H/s 1m:2368.1 5m:2305.7 10m:2309.3 | Shares: 110/0 (found:110) | Diff: 127443 | 2m21s elapsed (since last share, avg 53s) | best=351 target=33701 (999%)
[2026-09-16T01:43:36Z INFO  minertim::pool_connection] New job: nFGjrmu7Sw64HX2J (difficulty: 127443, target: a5830000)
[2026-09-16T01:43:39Z INFO  minertim::pool_connection] New job: BLtWimSNj0RGAIiU (difficulty: 95583, target: 86af0000)
[2026-09-16T01:43:42Z INFO  minertim] H/s 1m:2368.0 5m:2310.0 10m:2309.3 | Shares: 110/0 (found:110) | Diff: 95583 | 2m31s elapsed (since last share, avg 40s) | best=351 target=44934 (999%)
[2026-09-16T01:43:45Z INFO  minertim::miner] Worker 0 SHARE FOUND! job_id=BLtWimSNj0RGAIiU, nonce=94dee600, hash_val=39535, difficulty=95583, hash=a616e2ab929f313b88339b65e30c98c78e816e8508f18806b010c3cb6f9a0000
[2026-09-16T01:43:52Z INFO  minertim] H/s 1m:2310.0 5m:2301.2 10m:2309.3 | Shares: 110/0 (found:111) | Diff: 95583 | 6s elapsed (since last share, avg 41s) | best=351 target=44934 (999%)
[2026-09-16T01:43:56Z INFO  minertim::pool_connection] New job: 4GlDkwRFM7JK5LY3 (difficulty: 95583, target: 86af0000)
[2026-09-16T01:43:56Z INFO  minertim::pool_connection] Share accepted by pool
[2026-09-16T01:44:02Z INFO  minertim] H/s 1m:2267.3 5m:2294.2 10m:2314.8 | Shares: 111/0 (found:111) | Diff: 95583 | 16s elapsed (since last share, avg 42s) | best=351 target=44934 (999%)
[2026-09-16T01:44:09Z INFO  minertim::pool_connection] New job: 0PYWqPB6ZxvCiHyi (difficulty: 143375, target: 04750000)
[2026-09-16T01:44:12Z INFO  minertim] H/s 1m:2267.3 5m:2294.4 10m:2314.8 | Shares: 111/0 (found:111) | Diff: 143375 | 26s elapsed (since last share, avg 1m3s) | best=351 target=29956 (999%)
[2026-09-16T01:44:16Z INFO  minertim::pool_connection] New job: aM0xYAv7jbL20Nzo (difficulty: 143375, target: 04750000)
[2026-09-16T01:44:22Z INFO  minertim] H/s 1m:2267.2 5m:2314.6 10m:2314.8 | Shares: 111/0 (found:111) | Diff: 143375 | 36s elapsed (since last share, avg 1m3s) | best=351 target=29956 (999%)
[2026-09-16T01:44:32Z INFO  minertim] H/s 1m:2267.5 5m:2328.8 10m:2318.6 | Shares: 111/0 (found:111) | Diff: 143375 | 46s elapsed (since last share, avg 1m3s) | best=351 target=29956 (999%)
[2026-09-16T01:44:33Z INFO  minertim::miner] Worker 2 SHARE FOUND! job_id=aM0xYAv7jbL20Nzo, nonce=568ae500, hash_val=29001, difficulty=143375, hash=4af4b5657072d717656bdc662ba38a5123c8849163d4d7709b65d30649710000
[2026-09-16T01:44:35Z INFO  minertim::pool_connection] New job: jwIznmfgjnXbOsuP (difficulty: 143375, target: 04750000)
[2026-09-16T01:44:36Z INFO  minertim::pool_connection] Share accepted by pool
[2026-09-16T01:44:42Z INFO  minertim] H/s 1m:2302.4 5m:2324.7 10m:2316.6 | Shares: 112/0 (found:112) | Diff: 143375 | 9s elapsed (since last share, avg 1m2s) | best=351 target=29956 (999%)
[2026-09-16T01:44:52Z INFO  minertim] H/s 1m:2340.8 5m:2324.0 10m:2316.3 | Shares: 112/0 (found:112) | Diff: 143375 | 19s elapsed (since last share, avg 1m1s) | best=351 target=29956 (999%)
[2026-09-16T01:44:55Z INFO  minertim::pool_connection] New job: WobYKezZHsX6KjCr (difficulty: 143375, target: 04750000)
[2026-09-16T01:45:01Z INFO  minertim::miner] Worker 2 SHARE FOUND! job_id=WobYKezZHsX6KjCr, nonce=2e72e600, hash_val=2055, difficulty=143375, hash=9e2d3706709489aad3ab9db6f7e5785a5a55767ad678169ffc049f7a07080000
[2026-09-16T01:45:02Z INFO  minertim] H/s 1m:2328.9 5m:2321.9 10m:2315.5 | Shares: 112/0 (found:113) | Diff: 143375 | 1s elapsed (since last share, avg 1m1s) | best=351 target=29956 (999%)
[2026-09-16T01:45:12Z INFO  minertim] H/s 1m:2210.3 5m:2301.5 10m:2305.6 | Shares: 112/0 (found:113) | Diff: 143375 | 11s elapsed (since last share, avg 1m4s) | best=351 target=29956 (999%)
[2026-09-16T01:45:15Z INFO  minertim::pool_connection] New job: JJC4ExBLE6Sutbja (difficulty: 143375, target: 04750000)
[2026-09-16T01:45:15Z INFO  minertim::pool_connection] Share accepted by pool
[2026-09-16T01:45:22Z INFO  minertim] H/s 1m:2156.1 5m:2292.2 10m:2301.1 | Shares: 113/0 (found:113) | Diff: 143375 | 21s elapsed (since last share, avg 1m6s) | best=351 target=29956 (999%)
[2026-09-16T01:45:32Z INFO  minertim] H/s 1m:2179.9 5m:2294.8 10m:2301.2 | Shares: 113/0 (found:113) | Diff: 143375 | 31s elapsed (since last share, avg 1m5s) | best=351 target=29956 (999%)
[2026-09-16T01:45:35Z INFO  minertim::pool_connection] New job: n718tvAM8b8zinQP (difficulty: 143375, target: 04750000)
[2026-09-16T01:45:42Z INFO  minertim] H/s 1m:2184.2 5m:2295.0 10m:2301.3 | Shares: 113/0 (found:113) | Diff: 143375 | 41s elapsed (since last share, avg 1m5s) | best=351 target=29956 (999%)
[2026-09-16T01:45:52Z INFO  minertim] H/s 1m:2196.3 5m:2298.6 10m:2301.3 | Shares: 113/0 (found:113) | Diff: 143375 | 51s elapsed (since last share, avg 1m5s) | best=351 target=29956 (999%)
[2026-09-16T01:45:54Z INFO  minertim::pool_connection] New job: sV9xpLBuKEehpFTF (difficulty: 143375, target: 04750000)
[2026-09-16T01:46:02Z INFO  minertim] H/s 1m:2314.6 5m:2298.6 10m:2302.5 | Shares: 113/0 (found:113) | Diff: 143375 | 1m1s elapsed (since last share, avg 1m1s) | best=351 target=29956 (999%)
[2026-09-16T01:46:12Z INFO  minertim] H/s 1m:2368.6 5m:2314.6 10m:2303.1 | Shares: 113/0 (found:113) | Diff: 143375 | 1m11s elapsed (since last share, avg 1m0s) | best=351 target=29956 (999%)
[2026-09-16T01:46:14Z INFO  minertim::pool_connection] New job: vM0aSWJQYQ3RNIce (difficulty: 143375, target: 04750000)
[2026-09-16T01:46:22Z INFO  minertim] H/s 1m:2368.7 5m:2314.7 10m:2303.2 | Shares: 113/0 (found:113) | Diff: 143375 | 1m21s elapsed (since last share, avg 1m0s) | best=351 target=29956 (999%)
[2026-09-16T01:46:32Z INFO  minertim] H/s 1m:2369.1 5m:2314.7 10m:2303.6 | Shares: 113/0 (found:113) | Diff: 143375 | 1m31s elapsed (since last share, avg 1m0s) | best=351 target=29956 (999%)
[2026-09-16T01:46:34Z INFO  minertim::pool_connection] New job: 9wZnevV426nPNmqJ (difficulty: 143375, target: 04750000)
[2026-09-16T01:46:42Z INFO  minertim] H/s 1m:2368.8 5m:2314.7 10m:2303.6 | Shares: 113/0 (found:113) | Diff: 143375 | 1m41s elapsed (since last share, avg 1m0s) | best=351 target=29956 (999%)
[2026-09-16T01:46:52Z INFO  minertim] H/s 1m:2369.0 5m:2314.7 10m:2303.7 | Shares: 113/0 (found:113) | Diff: 143375 | 1m51s elapsed (since last share, avg 1m0s) | best=351 target=29956 (999%)
[2026-09-16T01:46:54Z INFO  minertim::pool_connection] New job: ZjlDICgIdg02Cbsn (difficulty: 143375, target: 04750000)
[2026-09-16T01:47:02Z INFO  minertim] H/s 1m:2369.4 5m:2314.6 10m:2307.4 | Shares: 113/0 (found:113) | Diff: 143375 | 2m1s elapsed (since last share, avg 1m0s) | best=351 target=29956 (999%)
[2026-09-16T01:47:10Z INFO  minertim::pool_connection] New job: msVWSc04IZzDnpym (difficulty: 100288, target: 4aa70000)
[2026-09-16T01:47:12Z INFO  minertim] H/s 1m:2369.4 5m:2314.7 10m:2307.6 | Shares: 113/0 (found:113) | Diff: 100288 | 2m11s elapsed (since last share, avg 42s) | best=351 target=42826 (999%)
[2026-09-16T01:47:13Z INFO  minertim::pool_connection] New job: ESbzpRRFgncRxhyc (difficulty: 100288, target: 4aa70000)
[2026-09-16T01:47:22Z INFO  minertim] H/s 1m:2363.2 5m:2313.6 10m:2307.8 | Shares: 113/0 (found:113) | Diff: 100288 | 2m21s elapsed (since last share, avg 42s) | best=351 target=42826 (999%)
[2026-09-16T01:47:32Z INFO  minertim] H/s 1m:2363.2 5m:2313.5 10m:2307.9 | Shares: 113/0 (found:113) | Diff: 100288 | 2m31s elapsed (since last share, avg 42s) | best=351 target=42826 (999%)
[2026-09-16T01:47:33Z INFO  minertim::pool_connection] New job: b1RD63IIOxM1QD4i (difficulty: 100288, target: 4aa70000)
[2026-09-16T01:47:36Z INFO  minertim::miner] Worker 0 SHARE FOUND! job_id=b1RD63IIOxM1QD4i, nonce=60d6ee00, hash_val=18696, difficulty=100288, hash=24ebee883b63cc046771106cbe2bd010712e6cddb2d54f48babfdf0c08490000
[2026-09-16T01:47:42Z INFO  minertim] H/s 1m:2304.3 5m:2303.4 10m:2303.0 | Shares: 113/0 (found:114) | Diff: 100288 | 5s elapsed (since last share, avg 43s) | best=351 target=42826 (999%)
[2026-09-16T01:47:52Z INFO  minertim] H/s 1m:2187.7 5m:2283.4 10m:2293.4 | Shares: 113/0 (found:114) | Diff: 100288 | 15s elapsed (since last share, avg 45s) | best=351 target=42826 (999%)
[2026-09-16T01:47:53Z INFO  minertim::pool_connection] New job: XIchMLu20Zjk8HGx (difficulty: 100288, target: 4aa70000)
[2026-09-16T01:47:53Z INFO  minertim::pool_connection] Share accepted by pool
[2026-09-16T01:48:00Z INFO  minertim::pool_connection] New job: tsKzO3CzXgA5bNQs (difficulty: 100288, target: 4aa70000)
[2026-09-16T01:48:02Z INFO  minertim] H/s 1m:2138.5 5m:2275.1 10m:2289.4 | Shares: 114/0 (found:114) | Diff: 100288 | 25s elapsed (since last share, avg 46s) | best=351 target=42826 (999%)
[2026-09-16T01:48:12Z INFO  minertim] H/s 1m:2143.9 5m:2275.0 10m:2289.4 | Shares: 114/0 (found:114) | Diff: 100288 | 35s elapsed (since last share, avg 46s) | best=351 target=42826 (999%)
[2026-09-16T01:48:20Z INFO  minertim::pool_connection] New job: 7KJgBdQlArY2RgzF (difficulty: 100288, target: 4aa70000)
[2026-09-16T01:48:22Z INFO  minertim] H/s 1m:2131.6 5m:2272.8 10m:2288.5 | Shares: 114/0 (found:114) | Diff: 100288 | 45s elapsed (since last share, avg 47s) | best=351 target=42826 (999%)
[2026-09-16T01:48:32Z INFO  minertim] H/s 1m:2188.9 5m:2272.6 10m:2290.5 | Shares: 114/0 (found:114) | Diff: 100288 | 55s elapsed (since last share, avg 45s) | best=351 target=42826 (999%)
[2026-09-16T01:48:39Z INFO  minertim::pool_connection] New job: 9NmGXS67GUdvtLc7 (difficulty: 100288, target: 4aa70000)
[2026-09-16T01:48:42Z INFO  minertim] H/s 1m:2304.2 5m:2282.5 10m:2292.5 | Shares: 114/0 (found:114) | Diff: 100288 | 1m5s elapsed (since last share, avg 43s) | best=351 target=42826 (999%)
[2026-09-16T01:48:52Z INFO  minertim] H/s 1m:2348.3 5m:2289.0 10m:2292.8 | Shares: 114/0 (found:114) | Diff: 100288 | 1m15s elapsed (since last share, avg 42s) | best=351 target=42826 (999%)
[2026-09-16T01:48:59Z INFO  minertim::pool_connection] New job: QFKVrvRngGerPywI (difficulty: 100288, target: 4aa70000)
[2026-09-16T01:49:02Z INFO  minertim] H/s 1m:2347.4 5m:2288.8 10m:2292.8 | Shares: 114/0 (found:114) | Diff: 100288 | 1m25s elapsed (since last share, avg 42s) | best=351 target=42826 (999%)
[2026-09-16T01:49:10Z INFO  minertim::pool_connection] New job: bDOakOPw41o5cmxa (difficulty: 74595, target: e9e00000)
[2026-09-16T01:49:12Z INFO  minertim] H/s 1m:2359.2 5m:2288.6 10m:2292.8 | Shares: 114/0 (found:114) | Diff: 74595 | 1m35s elapsed (since last share, avg 31s) | best=351 target=57577 (999%)
[2026-09-16T01:49:19Z INFO  minertim::pool_connection] New job: uOY0xJ9L30qUYimW (difficulty: 74595, target: e9e00000)
[2026-09-16T01:49:22Z INFO  minertim] H/s 1m:2337.7 5m:2284.7 10m:2300.8 | Shares: 114/0 (found:114) | Diff: 74595 | 1m45s elapsed (since last share, avg 31s) | best=351 target=57577 (999%)
[2026-09-16T01:49:32Z INFO  minertim] H/s 1m:2323.7 5m:2286.1 10m:2306.5 | Shares: 114/0 (found:114) | Diff: 74595 | 1m55s elapsed (since last share, avg 32s) | best=351 target=57577 (999%)
[2026-09-16T01:49:33Z INFO  minertim::miner] Worker 3 SHARE FOUND! job_id=uOY0xJ9L30qUYimW, nonce=4fbff000, hash_val=45452, difficulty=74595, hash=dc5cc659ae4687ff2a3f5c56826e4c925df557ca5ba4d0ae820b04128cb10000
[2026-09-16T01:49:39Z INFO  minertim::pool_connection] New job: irNd5xaDDZjFp29X (difficulty: 74595, target: e9e00000)
[2026-09-16T01:49:39Z INFO  minertim::pool_connection] Share accepted by pool
[2026-09-16T01:49:40Z INFO  minertim::pool_connection] New job: fbww1deHjO1ZNVWm (difficulty: 111891, target: f1950000)
[2026-09-16T01:49:42Z INFO  minertim] H/s 1m:2267.7 5m:2276.4 10m:2301.4 | Shares: 115/0 (found:115) | Diff: 111891 | 9s elapsed (since last share, avg 49s) | best=351 target=38385 (999%)
[2026-09-16T01:49:52Z INFO  minertim] H/s 1m:2267.3 5m:2278.2 10m:2301.2 | Shares: 115/0 (found:115) | Diff: 111891 | 19s elapsed (since last share, avg 49s) | best=351 target=38385 (999%)
[2026-09-16T01:49:52Z INFO  minertim::miner] Worker 1 SHARE FOUND! job_id=fbww1deHjO1ZNVWm, nonce=8587f500, hash_val=23719, difficulty=111891, hash=f1168a906007ac22fa665d35f25a39ef02eb5d599fe1fdd15b8b04f9a75c0000
[2026-09-16T01:49:56Z INFO  minertim::miner] Worker 0 SHARE FOUND! job_id=fbww1deHjO1ZNVWm, nonce=a83ef300, hash_val=23359, difficulty=111891, hash=9ca5d7bfa85e112f5cede2dc829d76802ebf820b156bbe45b031de003f5b0000
[2026-09-16T01:49:58Z INFO  minertim::pool_connection] New job: Sdx5by0wXbSm7cqJ (difficulty: 111891, target: f1950000)
[2026-09-16T01:49:59Z INFO  minertim::pool_connection] Share accepted by pool
[2026-09-16T01:49:59Z INFO  minertim::pool_connection] Share accepted by pool
[2026-09-16T01:50:02Z INFO  minertim] H/s 1m:2190.3 5m:2285.2 10m:2294.6 | Shares: 117/0 (found:117) | Diff: 111891 | 6s elapsed (since last share, avg 51s) | best=351 target=38385 (999%)
[2026-09-16T01:50:10Z INFO  minertim::pool_connection] New job: ITzK5iX5Vaobmm0w (difficulty: 167837, target: f6630000)
[2026-09-16T01:50:12Z INFO  minertim] H/s 1m:2213.3 5m:2294.5 10m:2294.6 | Shares: 117/0 (found:117) | Diff: 167837 | 16s elapsed (since last share, avg 1m15s) | best=351 target=25590 (999%)
[2026-09-16T01:50:18Z INFO  minertim::pool_connection] New job: RQC2VD8bLoi6WOOh (difficulty: 167837, target: f6630000)
[2026-09-16T01:50:22Z INFO  minertim] H/s 1m:2228.8 5m:2294.5 10m:2294.7 | Shares: 117/0 (found:117) | Diff: 167837 | 26s elapsed (since last share, avg 1m15s) | best=351 target=25590 (999%)
[2026-09-16T01:50:32Z INFO  minertim] H/s 1m:2288.3 5m:2294.4 10m:2295.9 | Shares: 117/0 (found:117) | Diff: 167837 | 36s elapsed (since last share, avg 1m13s) | best=351 target=25590 (999%)
[2026-09-16T01:50:38Z INFO  minertim::pool_connection] New job: j9E6ieuwsrUb8XVT (difficulty: 167837, target: f6630000)
[2026-09-16T01:50:42Z INFO  minertim] H/s 1m:2276.8 5m:2292.1 10m:2294.8 | Shares: 117/0 (found:117) | Diff: 167837 | 46s elapsed (since last share, avg 1m13s) | best=351 target=25590 (999%)
[2026-09-16T01:50:52Z INFO  minertim] H/s 1m:2353.7 5m:2291.9 10m:2296.5 | Shares: 117/0 (found:117) | Diff: 167837 | 56s elapsed (since last share, avg 1m11s) | best=351 target=25590 (999%)
[2026-09-16T01:50:58Z INFO  minertim::pool_connection] New job: vFcdgSeu7waCI5Ux (difficulty: 167837, target: f6630000)
[2026-09-16T01:51:02Z INFO  minertim] H/s 1m:2352.7 5m:2291.8 10m:2296.4 | Shares: 117/0 (found:117) | Diff: 167837 | 1m6s elapsed (since last share, avg 1m11s) | best=351 target=25590 (999%)
[2026-09-16T01:51:10Z INFO  minertim::pool_connection] New job: JMOeqp9raFTEiMKn (difficulty: 106376, target: b79d0000)
[2026-09-16T01:51:12Z INFO  minertim] H/s 1m:2351.7 5m:2291.6 10m:2304.2 | Shares: 117/0 (found:117) | Diff: 106376 | 1m16s elapsed (since last share, avg 45s) | best=351 target=40375 (999%)
[2026-09-16T01:51:18Z INFO  minertim::pool_connection] New job: pPC51uFaugvEkIyx (difficulty: 106376, target: b79d0000)
[2026-09-16T01:51:22Z INFO  minertim] H/s 1m:2349.6 5m:2291.0 10m:2304.0 | Shares: 117/0 (found:117) | Diff: 106376 | 1m26s elapsed (since last share, avg 45s) | best=351 target=40375 (999%)
[2026-09-16T01:51:32Z INFO  minertim] H/s 1m:2344.9 5m:2288.0 10m:2302.5 | Shares: 117/0 (found:117) | Diff: 106376 | 1m36s elapsed (since last share, avg 45s) | best=351 target=40375 (999%)
[2026-09-16T01:51:34Z INFO  minertim::pool_connection] New job: 5SXMucjEKY5oObgb (difficulty: 106376, target: b79d0000)
[2026-09-16T01:51:37Z INFO  minertim::pool_connection] New job: A3PMtsWi5KZ2GrZv (difficulty: 106376, target: b79d0000)
[2026-09-16T01:51:42Z INFO  minertim] H/s 1m:2344.1 5m:2287.6 10m:2302.3 | Shares: 117/0 (found:117) | Diff: 106376 | 1m46s elapsed (since last share, avg 45s) | best=351 target=40375 (999%)
[2026-09-16T01:51:52Z INFO  minertim] H/s 1m:2343.8 5m:2287.4 10m:2302.2 | Shares: 117/0 (found:117) | Diff: 106376 | 1m56s elapsed (since last share, avg 45s) | best=351 target=40375 (999%)
[2026-09-16T01:51:57Z INFO  minertim::pool_connection] New job: fMBEMwdigabi7upa (difficulty: 106376, target: b79d0000)
[2026-09-16T01:52:02Z INFO  minertim] H/s 1m:2343.9 5m:2287.2 10m:2302.1 | Shares: 117/0 (found:117) | Diff: 106376 | 2m6s elapsed (since last share, avg 45s) | best=351 target=40375 (999%)
[2026-09-16T01:52:10Z INFO  minertim::pool_connection] New job: lH883bZ5iT3pWKW6 (difficulty: 79783, target: 49d20000)
[2026-09-16T01:52:12Z INFO  minertim] H/s 1m:2346.1 5m:2288.1 10m:2302.0 | Shares: 117/0 (found:117) | Diff: 79783 | 2m16s elapsed (since last share, avg 34s) | best=351 target=53833 (999%)
[2026-09-16T01:52:16Z INFO  minertim::miner] Worker 3 SHARE FOUND! job_id=lH883bZ5iT3pWKW6, nonce=0368f600, hash_val=7815, difficulty=79783, hash=04b3173729c2bb31fbefed48f7d3bb0eb12a10fa4fbcc4775445272a871e0000
[2026-09-16T01:52:16Z INFO  minertim::pool_connection] New job: fYJmcn2vlO91gJnD (difficulty: 79783, target: 49d20000)
[2026-09-16T01:52:17Z INFO  minertim::pool_connection] Share accepted by pool
[2026-09-16T01:52:22Z INFO  minertim] H/s 1m:2357.3 5m:2287.0 10m:2301.4 | Shares: 118/0 (found:118) | Diff: 79783 | 6s elapsed (since last share, avg 33s) | best=351 target=53833 (999%)
[2026-09-16T01:52:32Z INFO  minertim] H/s 1m:2358.1 5m:2296.9 10m:2301.3 | Shares: 118/0 (found:118) | Diff: 79783 | 16s elapsed (since last share, avg 33s) | best=351 target=53833 (999%)
[2026-09-16T01:52:36Z INFO  minertim::pool_connection] New job: p9wpo0qVsSwwAiY0 (difficulty: 79783, target: 49d20000)
[2026-09-16T01:52:40Z INFO  minertim::pool_connection] New job: ibhwGaUjmuPUHak0 (difficulty: 119673, target: 318c0000)
[2026-09-16T01:52:42Z INFO  minertim] H/s 1m:2358.5 5m:2316.8 10m:2301.3 | Shares: 118/0 (found:118) | Diff: 119673 | 26s elapsed (since last share, avg 50s) | best=351 target=35889 (999%)
[2026-09-16T01:52:52Z INFO  minertim] H/s 1m:2345.9 5m:2323.0 10m:2300.2 | Shares: 118/0 (found:118) | Diff: 119673 | 36s elapsed (since last share, avg 51s) | best=351 target=35889 (999%)
[2026-09-16T01:52:55Z INFO  minertim::miner] Worker 1 SHARE FOUND! job_id=ibhwGaUjmuPUHak0, nonce=45dbfb00, hash_val=26468, difficulty=119673, hash=34cf0b383e39d43ae9abdd6b93b0b93f368dbdc19905f3f5f28af59c64670000
[2026-09-16T01:52:56Z INFO  minertim::pool_connection] New job: LGFFaQvbFeU9enlg (difficulty: 119673, target: 318c0000)
[2026-09-16T01:52:56Z INFO  minertim::pool_connection] Share accepted by pool
[2026-09-16T01:53:02Z INFO  minertim] H/s 1m:2309.1 5m:2316.6 10m:2297.0 | Shares: 119/0 (found:119) | Diff: 119673 | 7s elapsed (since last share, avg 51s) | best=351 target=35889 (999%)
[2026-09-16T01:53:03Z INFO  minertim::pool_connection] New job: b6MyVdKmXBjFTS00 (difficulty: 119673, target: 318c0000)
[2026-09-16T01:53:12Z INFO  minertim] H/s 1m:2307.1 5m:2317.2 10m:2296.3 | Shares: 119/0 (found:119) | Diff: 119673 | 17s elapsed (since last share, avg 51s) | best=351 target=35889 (999%)
[2026-09-16T01:53:22Z INFO  minertim::pool_connection] New job: bn3jfhK74jH2a6Nu (difficulty: 119673, target: 318c0000)
[2026-09-16T01:53:22Z INFO  minertim] H/s 1m:2306.9 5m:2317.2 10m:2296.1 | Shares: 119/0 (found:119) | Diff: 119673 | 27s elapsed (since last share, avg 51s) | best=351 target=35889 (999%)
[2026-09-16T01:53:32Z INFO  minertim] H/s 1m:2306.3 5m:2317.2 10m:2296.0 | Shares: 119/0 (found:119) | Diff: 119673 | 37s elapsed (since last share, avg 51s) | best=351 target=35889 (999%)
[2026-09-16T01:53:42Z INFO  minertim::pool_connection] New job: 1Xie4kHiS61URPNH (difficulty: 119673, target: 318c0000)
[2026-09-16T01:53:42Z INFO  minertim] H/s 1m:2318.9 5m:2317.9 10m:2300.9 | Shares: 119/0 (found:119) | Diff: 119673 | 47s elapsed (since last share, avg 51s) | best=351 target=35889 (999%)
[2026-09-16T01:53:50Z INFO  minertim::pool_connection] New job: kn0DAUzG2DPpiwLn (difficulty: 119673, target: 318c0000)
[2026-09-16T01:53:52Z INFO  minertim] H/s 1m:2352.1 5m:2317.4 10m:2304.2 | Shares: 119/0 (found:119) | Diff: 119673 | 57s elapsed (since last share, avg 50s) | best=351 target=35889 (999%)
[2026-09-16T01:54:02Z INFO  minertim] H/s 1m:2358.2 5m:2317.0 10m:2304.0 | Shares: 119/0 (found:119) | Diff: 119673 | 1m7s elapsed (since last share, avg 50s) | best=351 target=35889 (999%)
[2026-09-16T01:54:10Z INFO  minertim::pool_connection] New job: Ehd9GvefKu10UWel (difficulty: 119673, target: 318c0000)
[2026-09-16T01:54:12Z INFO  minertim] H/s 1m:2358.3 5m:2320.8 10m:2303.8 | Shares: 119/0 (found:119) | Diff: 119673 | 1m17s elapsed (since last share, avg 50s) | best=351 target=35889 (999%)
[2026-09-16T01:54:22Z INFO  minertim] H/s 1m:2358.9 5m:2323.2 10m:2303.8 | Shares: 119/0 (found:119) | Diff: 119673 | 1m27s elapsed (since last share, avg 50s) | best=351 target=35889 (999%)
[2026-09-16T01:54:30Z INFO  minertim::pool_connection] New job: NuMcpeKfpxpSq7SW (difficulty: 119673, target: 318c0000)
[2026-09-16T01:54:32Z INFO  minertim] H/s 1m:2358.5 5m:2333.5 10m:2305.7 | Shares: 119/0 (found:119) | Diff: 119673 | 1m37s elapsed (since last share, avg 50s) | best=351 target=35889 (999%)
[2026-09-16T01:54:40Z INFO  minertim::pool_connection] New job: fgamwGYOcnUV3YnB (difficulty: 75319, target: bfde0000)
[2026-09-16T01:54:42Z INFO  minertim] H/s 1m:2362.0 5m:2333.7 10m:2306.0 | Shares: 119/0 (found:119) | Diff: 75319 | 1m47s elapsed (since last share, avg 31s) | best=351 target=57023 (999%)
[2026-09-16T01:54:49Z INFO  minertim::pool_connection] New job: 2LmzDeN792jvtwrg (difficulty: 75319, target: bfde0000)
[2026-09-16T01:54:52Z INFO  minertim] H/s 1m:2364.3 5m:2347.0 10m:2307.0 | Shares: 119/0 (found:119) | Diff: 75319 | 1m57s elapsed (since last share, avg 31s) | best=351 target=57023 (999%)
[2026-09-16T01:55:02Z INFO  minertim] H/s 1m:2346.2 5m:2343.7 10m:2315.4 | Shares: 119/0 (found:119) | Diff: 75319 | 2m7s elapsed (since last share, avg 32s) | best=351 target=57023 (999%)
[2026-09-16T01:55:09Z INFO  minertim::miner] Worker 2 SHARE FOUND! job_id=2LmzDeN792jvtwrg, nonce=ead1fb00, hash_val=24446, difficulty=75319, hash=06fda9e06243cdbded17cc83705553bd5e87f0c5661b303c89c2456c7e5f0000
[2026-09-16T01:55:09Z INFO  minertim::pool_connection] New job: NLglxArYEbDJzDO3 (difficulty: 75319, target: bfde0000)
[2026-09-16T01:55:09Z INFO  minertim::pool_connection] Share accepted by pool
[2026-09-16T01:55:10Z INFO  minertim::pool_connection] New job: RJ8TYQYDf5zoWHdZ (difficulty: 112980, target: 7f940000)
[2026-09-16T01:55:12Z INFO  minertim] H/s 1m:2337.9 5m:2342.1 10m:2319.2 | Shares: 120/0 (found:120) | Diff: 112980 | 3s elapsed (since last share, avg 48s) | best=351 target=38015 (999%)
[2026-09-16T01:55:16Z INFO  minertim::miner] Worker 0 SHARE FOUND! job_id=RJ8TYQYDf5zoWHdZ, nonce=a49afe00, hash_val=32501, difficulty=112980, hash=f58cf9e67d633fa50d92bc420bce1e31c8b1bfbc4328f639705e25c9f57e0000
[2026-09-16T01:55:17Z INFO  minertim::pool_connection] New job: 1ItcoPwLHWKkFIDB (difficulty: 112980, target: 7f940000)
[2026-09-16T01:55:17Z INFO  minertim::pool_connection] Share accepted by pool
[2026-09-16T01:55:22Z INFO  minertim] H/s 1m:2321.9 5m:2339.3 10m:2317.7 | Shares: 121/0 (found:121) | Diff: 112980 | 6s elapsed (since last share, avg 48s) | best=351 target=38015 (999%)
[2026-09-16T01:55:32Z INFO  minertim] H/s 1m:2300.6 5m:2337.8 10m:2315.8 | Shares: 121/0 (found:121) | Diff: 112980 | 16s elapsed (since last share, avg 49s) | best=351 target=38015 (999%)
[2026-09-16T01:55:37Z INFO  minertim::pool_connection] New job: x1NLWmO0hDIJO00C (difficulty: 112980, target: 7f940000)
[2026-09-16T01:55:40Z INFO  minertim::pool_connection] New job: Lk4hWsU8XuTDLUhY (difficulty: 169473, target: ff620000)
[2026-09-16T01:55:42Z INFO  minertim] H/s 1m:2297.5 5m:2337.4 10m:2315.6 | Shares: 121/0 (found:121) | Diff: 169473 | 26s elapsed (since last share, avg 1m13s) | best=351 target=25343 (999%)
[2026-09-16T01:55:53Z INFO  minertim] H/s 1m:2310.0 5m:2336.3 10m:2315.0 | Shares: 121/0 (found:121) | Diff: 169473 | 36s elapsed (since last share, avg 1m13s) | best=351 target=25343 (999%)
[2026-09-16T01:55:57Z INFO  minertim::pool_connection] New job: pMO5SPnoQeY66Cg6 (difficulty: 169473, target: ff620000)
[2026-09-16T01:56:03Z INFO  minertim] H/s 1m:2317.7 5m:2336.2 10m:2314.9 | Shares: 121/0 (found:121) | Diff: 169473 | 46s elapsed (since last share, avg 1m13s) | best=351 target=25343 (999%)
[2026-09-16T01:56:13Z INFO  minertim] H/s 1m:2334.0 5m:2336.6 10m:2314.8 | Shares: 121/0 (found:121) | Diff: 169473 | 56s elapsed (since last share, avg 1m12s) | best=351 target=25343 (999%)
[2026-09-16T01:56:17Z INFO  minertim::pool_connection] New job: g3j4HJx6BjTIIqYo (difficulty: 169473, target: ff620000)
[2026-09-16T01:56:23Z INFO  minertim] H/s 1m:2356.0 5m:2339.7 10m:2314.7 | Shares: 121/0 (found:121) | Diff: 169473 | 1m6s elapsed (since last share, avg 1m11s) | best=351 target=25343 (999%)
[2026-09-16T01:56:33Z INFO  minertim] H/s 1m:2351.7 5m:2338.7 10m:2314.1 | Shares: 121/0 (found:121) | Diff: 169473 | 1m16s elapsed (since last share, avg 1m12s) | best=351 target=25343 (999%)
[2026-09-16T01:56:36Z INFO  minertim::pool_connection] New job: EbNlxNpzdI9nhCJy (difficulty: 169473, target: ff620000)
[2026-09-16T01:56:40Z INFO  minertim::pool_connection] New job: ZbRrfgMXx0GRJOHx (difficulty: 91882, target: 98b60000)
[2026-09-16T01:56:43Z INFO  minertim] H/s 1m:2355.3 5m:2338.3 10m:2313.8 | Shares: 121/0 (found:121) | Diff: 91882 | 1m26s elapsed (since last share, avg 39s) | best=351 target=46744 (999%)
[2026-09-16T01:56:53Z INFO  minertim] H/s 1m:2355.8 5m:2338.2 10m:2313.7 | Shares: 121/0 (found:121) | Diff: 91882 | 1m36s elapsed (since last share, avg 39s) | best=351 target=46744 (999%)
[2026-09-16T01:56:56Z INFO  minertim::pool_connection] New job: z9HB8ZKiSLFN0pGl (difficulty: 91882, target: 98b60000)
[2026-09-16T01:57:03Z INFO  minertim] H/s 1m:2351.8 5m:2337.6 10m:2313.3 | Shares: 121/0 (found:121) | Diff: 91882 | 1m46s elapsed (since last share, avg 39s) | best=351 target=46744 (999%)
[2026-09-16T01:57:13Z INFO  minertim] H/s 1m:2346.4 5m:2337.8 10m:2313.3 | Shares: 121/0 (found:121) | Diff: 91882 | 1m56s elapsed (since last share, avg 39s) | best=351 target=46744 (999%)
[2026-09-16T01:57:16Z INFO  minertim::pool_connection] New job: bulQDfJlfRo32BQC (difficulty: 91882, target: 98b60000)
[2026-09-16T01:57:23Z INFO  minertim] H/s 1m:2353.9 5m:2337.9 10m:2313.3 | Shares: 121/0 (found:121) | Diff: 91882 | 2m6s elapsed (since last share, avg 39s) | best=351 target=46744 (999%)
[2026-09-16T01:57:33Z INFO  minertim] H/s 1m:2356.4 5m:2338.0 10m:2318.2 | Shares: 121/0 (found:121) | Diff: 91882 | 2m16s elapsed (since last share, avg 38s) | best=351 target=46744 (999%)
[2026-09-16T01:57:36Z INFO  minertim::pool_connection] New job: NUaVZcDr0vUrCHFd (difficulty: 91882, target: 98b60000)
[2026-09-16T01:57:40Z INFO  minertim::pool_connection] New job: xthAGBMuaxTTCJVc (difficulty: 68911, target: 76f30000)
[2026-09-16T01:57:43Z INFO  minertim] H/s 1m:2356.9 5m:2340.1 10m:2328.1 | Shares: 121/0 (found:121) | Diff: 68911 | 2m26s elapsed (since last share, avg 29s) | best=351 target=62326 (999%)
[2026-09-16T01:57:53Z INFO  minertim] H/s 1m:2359.8 5m:2346.4 10m:2332.0 | Shares: 121/0 (found:121) | Diff: 68911 | 2m37s elapsed (since last share, avg 29s) | best=351 target=62326 (999%)
[2026-09-16T01:57:56Z INFO  minertim::pool_connection] New job: Sscosd0BvOEW0DzC (difficulty: 68911, target: 76f30000)
[2026-09-16T01:58:03Z INFO  minertim] H/s 1m:2359.5 5m:2346.9 10m:2331.6 | Shares: 121/0 (found:121) | Diff: 68911 | 2m47s elapsed (since last share, avg 29s) | best=351 target=62326 (999%)
[2026-09-16T01:58:13Z INFO  minertim] H/s 1m:2358.8 5m:2346.9 10m:2332.6 | Shares: 121/0 (found:121) | Diff: 68911 | 2m57s elapsed (since last share, avg 29s) | best=351 target=62326 (999%)
[2026-09-16T01:58:16Z INFO  minertim::pool_connection] New job: 82NZr4LruFDPwTv0 (difficulty: 68911, target: 76f30000)
[2026-09-16T01:58:23Z INFO  minertim] H/s 1m:2359.0 5m:2347.0 10m:2332.6 | Shares: 121/0 (found:121) | Diff: 68911 | 3m7s elapsed (since last share, avg 29s) | best=351 target=62326 (999%)
[2026-09-16T01:58:33Z INFO  minertim] H/s 1m:2358.8 5m:2347.0 10m:2332.7 | Shares: 121/0 (found:121) | Diff: 68911 | 3m17s elapsed (since last share, avg 29s) | best=351 target=62326 (999%)
[2026-09-16T01:58:35Z INFO  minertim::pool_connection] New job: 7RDVPcMTRLw4UP00 (difficulty: 68911, target: 76f30000)
[2026-09-16T01:58:40Z INFO  minertim::pool_connection] New job: vwjcLLFN0fJAWPb9 (difficulty: 51683, target: 9e440100)
[2026-09-16T01:58:43Z INFO  minertim] H/s 1m:2360.4 5m:2347.8 10m:2333.1 | Shares: 121/0 (found:121) | Diff: 51683 | 3m27s elapsed (since last share, avg 21s) | best=351 target=83102 (999%)
[2026-09-16T01:58:51Z INFO  minertim::miner] Worker 2 SHARE FOUND! job_id=vwjcLLFN0fJAWPb9, nonce=a2c80301, hash_val=63901, difficulty=51683, hash=503851ff013e2e3a9d66afcedcadcbef22fec51e99eca03c2fa0bbd99df90000
[2026-09-16T01:58:53Z INFO  minertim] H/s 1m:2358.5 5m:2346.9 10m:2332.5 | Shares: 121/0 (found:122) | Diff: 51683 | 1s elapsed (since last share, avg 21s) | best=351 target=83102 (999%)
[2026-09-16T01:58:55Z INFO  minertim::pool_connection] New job: qzb9SOoDCnfCZGUH (difficulty: 51683, target: 9e440100)
[2026-09-16T01:58:55Z INFO  minertim::pool_connection] Share accepted by pool
[2026-09-16T01:58:56Z INFO  minertim::miner] Worker 2 SHARE FOUND! job_id=qzb9SOoDCnfCZGUH, nonce=bacc0301, hash_val=8866, difficulty=51683, hash=18a81373b9fee0380303c6afc7a097288f19ebd6bedbe3690ab522fba2220000
[2026-09-16T01:59:03Z INFO  minertim] H/s 1m:2250.0 5m:2328.2 10m:2323.3 | Shares: 122/0 (found:123) | Diff: 51683 | 7s elapsed (since last share, avg 22s) | best=351 target=83102 (999%)
[2026-09-16T01:59:10Z INFO  minertim::pool_connection] New job: yiDrxqkfNE8iQ4X9 (difficulty: 77525, target: 69d80000)
[2026-09-16T01:59:11Z INFO  minertim::pool_connection] Share accepted by pool
[2026-09-16T01:59:13Z INFO  minertim] H/s 1m:2138.7 5m:2309.1 10m:2315.8 | Shares: 123/0 (found:123) | Diff: 77525 | 17s elapsed (since last share, avg 36s) | best=351 target=55401 (999%)
[2026-09-16T01:59:15Z INFO  minertim::pool_connection] New job: ioxaxnuvrP0eqIbT (difficulty: 77525, target: 69d80000)
[2026-09-16T01:59:23Z INFO  minertim] H/s 1m:2137.6 5m:2308.9 10m:2316.9 | Shares: 123/0 (found:123) | Diff: 77525 | 27s elapsed (since last share, avg 36s) | best=351 target=55401 (999%)
[2026-09-16T01:59:33Z INFO  minertim] H/s 1m:2134.2 5m:2308.5 10m:2321.7 | Shares: 123/0 (found:123) | Diff: 77525 | 37s elapsed (since last share, avg 36s) | best=351 target=55401 (999%)
[2026-09-16T01:59:34Z INFO  minertim::miner] Worker 2 SHARE FOUND! job_id=ioxaxnuvrP0eqIbT, nonce=62a80401, hash_val=33801, difficulty=77525, hash=ce2ab665a4c2af5d81fa69a329fe00ea9fa066165f2a168ee27bc69709840000
[2026-09-16T01:59:35Z INFO  minertim::pool_connection] New job: VhMQP3Gn1CRqTVDB (difficulty: 77525, target: 69d80000)
[2026-09-16T01:59:35Z INFO  minertim::pool_connection] Share accepted by pool
[2026-09-16T01:59:40Z INFO  minertim::pool_connection] New job: v0nl0tS9oI6JVGgA (difficulty: 116290, target: 45900000)
[2026-09-16T01:59:43Z INFO  minertim] H/s 1m:2133.3 5m:2307.1 10m:2321.2 | Shares: 124/0 (found:124) | Diff: 116290 | 8s elapsed (since last share, avg 54s) | best=351 target=36933 (999%)
[2026-09-16T01:59:52Z INFO  minertim::miner] Worker 3 SHARE FOUND! job_id=v0nl0tS9oI6JVGgA, nonce=7bc00601, hash_val=13106, difficulty=116290, hash=ce40dfb427a03be096e623233d18f06b3003989802c733ff28df9ba532330000
[2026-09-16T01:59:53Z INFO  minertim] H/s 1m:2241.8 5m:2310.2 10m:2327.7 | Shares: 124/0 (found:125) | Diff: 116290 | 0s elapsed (since last share, avg 51s) | best=351 target=36933 (999%)
[2026-09-16T01:59:54Z INFO  minertim::pool_connection] New job: ppd0i0kM5HQT0c6x (difficulty: 116290, target: 45900000)
[2026-09-16T01:59:55Z INFO  minertim::pool_connection] Share accepted by pool
[2026-09-16T02:00:03Z INFO  minertim] H/s 1m:2328.1 5m:2307.4 10m:2325.5 | Shares: 125/0 (found:125) | Diff: 116290 | 10s elapsed (since last share, avg 49s) | best=351 target=36933 (999%)
[2026-09-16T02:00:10Z INFO  minertim::pool_connection] New job: BJaMMj4olq4cxFML (difficulty: 174436, target: 2e600000)
[2026-09-16T02:00:13Z INFO  minertim] H/s 1m:2316.5 5m:2308.0 10m:2324.3 | Shares: 125/0 (found:125) | Diff: 174436 | 20s elapsed (since last share, avg 1m15s) | best=351 target=24622 (999%)
[2026-09-16T02:00:14Z INFO  minertim::pool_connection] New job: CgSBlDfM1u0LPbTd (difficulty: 174436, target: 2e600000)
[2026-09-16T02:00:23Z INFO  minertim] H/s 1m:2319.8 5m:2311.8 10m:2324.4 | Shares: 125/0 (found:125) | Diff: 174436 | 30s elapsed (since last share, avg 1m15s) | best=351 target=24622 (999%)
[2026-09-16T02:00:33Z INFO  minertim] H/s 1m:2307.9 5m:2308.9 10m:2323.8 | Shares: 125/0 (found:125) | Diff: 174436 | 40s elapsed (since last share, avg 1m15s) | best=351 target=24622 (999%)
[2026-09-16T02:00:34Z INFO  minertim::pool_connection] New job: 6ynS0qYmnuAW8RjJ (difficulty: 174436, target: 2e600000)
[2026-09-16T02:00:43Z INFO  minertim] H/s 1m:2301.6 5m:2308.8 10m:2323.2 | Shares: 125/0 (found:125) | Diff: 174436 | 50s elapsed (since last share, avg 1m15s) | best=351 target=24622 (999%)
[2026-09-16T02:00:53Z INFO  minertim] H/s 1m:2321.7 5m:2308.1 10m:2322.9 | Shares: 125/0 (found:125) | Diff: 174436 | 1m0s elapsed (since last share, avg 1m15s) | best=351 target=24622 (999%)
[2026-09-16T02:00:54Z INFO  minertim::pool_connection] New job: dFDxj3001FdSR8uq (difficulty: 174436, target: 2e600000)
[2026-09-16T02:01:03Z INFO  minertim] H/s 1m:2334.7 5m:2308.1 10m:2322.9 | Shares: 125/0 (found:125) | Diff: 174436 | 1m10s elapsed (since last share, avg 1m14s) | best=351 target=24622 (999%)
[2026-09-16T02:01:10Z INFO  minertim::pool_connection] New job: T5EaYHa1HDRtucu0 (difficulty: 104660, target: 4da00000)
[2026-09-16T02:01:13Z INFO  minertim] H/s 1m:2334.4 5m:2308.1 10m:2323.1 | Shares: 125/0 (found:125) | Diff: 104660 | 1m20s elapsed (since last share, avg 44s) | best=351 target=41037 (999%)
[2026-09-16T02:01:14Z INFO  minertim::pool_connection] New job: HGw0cPPABIfFr5Z8 (difficulty: 104660, target: 4da00000)
[2026-09-16T02:01:18Z INFO  minertim::miner] Worker 0 SHARE FOUND! job_id=HGw0cPPABIfFr5Z8, nonce=d88c0b01, hash_val=27082, difficulty=104660, hash=0b99293faef0857a1d15c4f10186c1c9f08a5ccc03af0dfde95d239cca690000
[2026-09-16T02:01:23Z INFO  minertim] H/s 1m:2296.2 5m:2299.3 10m:2319.7 | Shares: 125/0 (found:126) | Diff: 104660 | 4s elapsed (since last share, avg 45s) | best=351 target=41037 (999%)
[2026-09-16T02:01:33Z INFO  minertim] H/s 1m:2187.5 5m:2279.8 10m:2310.0 | Shares: 125/0 (found:126) | Diff: 104660 | 14s elapsed (since last share, avg 47s) | best=351 target=41037 (999%)
[2026-09-16T02:01:33Z INFO  minertim::pool_connection] New job: xWiVdHS2tCC3QuDA (difficulty: 104660, target: 4da00000)
[2026-09-16T02:01:34Z INFO  minertim::pool_connection] Share accepted by pool
[2026-09-16T02:01:40Z INFO  minertim::pool_connection] New job: Hfz7pKkYzW18WBNE (difficulty: 156991, target: de6a0000)
[2026-09-16T02:01:43Z INFO  minertim] H/s 1m:2190.1 5m:2279.5 10m:2309.8 | Shares: 126/0 (found:126) | Diff: 156991 | 24s elapsed (since last share, avg 1m11s) | best=351 target=27358 (999%)
[2026-09-16T02:01:43Z INFO  minertim::miner] Worker 0 SHARE FOUND! job_id=Hfz7pKkYzW18WBNE, nonce=c0e80b01, hash_val=3299, difficulty=156991, hash=b000508dbc8db5bd94f48269d23f5b1cf5ceefc5b26bc58d0127f653e30c0000
[2026-09-16T02:01:53Z INFO  minertim] H/s 1m:2073.1 5m:2260.1 10m:2300.0 | Shares: 126/0 (found:127) | Diff: 156991 | 9s elapsed (since last share, avg 1m15s) | best=351 target=27358 (999%)
[2026-09-16T02:01:53Z INFO  minertim::pool_connection] New job: cu87t060Xku6KrmW (difficulty: 156991, target: de6a0000)
[2026-09-16T02:01:54Z INFO  minertim::pool_connection] Share accepted by pool
[2026-09-16T02:02:03Z INFO  minertim] H/s 1m:2072.5 5m:2260.9 10m:2299.9 | Shares: 127/0 (found:127) | Diff: 156991 | 19s elapsed (since last share, avg 1m15s) | best=351 target=27358 (999%)
[2026-09-16T02:02:10Z INFO  minertim::pool_connection] New job: A9Htiei3KBQDFcdN (difficulty: 235495, target: 3e470000)
[2026-09-16T02:02:13Z INFO  minertim] H/s 1m:2131.4 5m:2260.9 10m:2300.5 | Shares: 127/0 (found:127) | Diff: 235495 | 29s elapsed (since last share, avg 1m50s) | best=351 target=18238 (999%)
[2026-09-16T02:02:13Z INFO  minertim::pool_connection] New job: rzkXphdzO62b3SLP (difficulty: 235495, target: 3e470000)
[2026-09-16T02:02:23Z INFO  minertim] H/s 1m:2241.5 5m:2260.0 10m:2300.1 | Shares: 127/0 (found:127) | Diff: 235495 | 39s elapsed (since last share, avg 1m45s) | best=351 target=18238 (999%)
[2026-09-16T02:02:25Z INFO  minertim::pool_connection] New job: G71vHMkZbnFpnkcy (difficulty: 235495, target: 3e470000)
[2026-09-16T02:02:29Z INFO  minertim::miner] Worker 3 SHARE FOUND! job_id=G71vHMkZbnFpnkcy, nonce=db470c01, hash_val=4941, difficulty=235495, hash=d221e4fbc77e578463a0956b27b8a41ff54755681a4a9008d7f2c51c4d130000
[2026-09-16T02:02:30Z INFO  minertim::pool_connection] Share accepted by pool
[2026-09-16T02:02:33Z INFO  minertim] H/s 1m:2232.6 5m:2258.1 10m:2299.2 | Shares: 128/0 (found:128) | Diff: 235495 | 4s elapsed (since last share, avg 1m45s) | best=351 target=18238 (999%)
[2026-09-16T02:02:39Z INFO  minertim::pool_connection] New job: MQpz1vZwOeOL7O1L (difficulty: 235495, target: 3e470000)
[2026-09-16T02:02:43Z INFO  minertim] H/s 1m:2341.6 5m:2256.9 10m:2299.6 | Shares: 128/0 (found:128) | Diff: 235495 | 14s elapsed (since last share, avg 1m40s) | best=351 target=18238 (999%)
[2026-09-16T02:02:53Z INFO  minertim] H/s 1m:2336.4 5m:2256.9 10m:2302.2 | Shares: 128/0 (found:128) | Diff: 235495 | 24s elapsed (since last share, avg 1m40s) | best=351 target=18238 (999%)
[2026-09-16T02:02:58Z INFO  minertim::pool_connection] New job: 03KFjFfBjRPOOmJG (difficulty: 235495, target: 3e470000)
[2026-09-16T02:03:03Z INFO  minertim] H/s 1m:2335.8 5m:2257.0 10m:2302.9 | Shares: 128/0 (found:128) | Diff: 235495 | 34s elapsed (since last share, avg 1m40s) | best=351 target=18238 (999%)
[2026-09-16T02:03:13Z INFO  minertim] H/s 1m:2340.4 5m:2256.8 10m:2302.9 | Shares: 128/0 (found:128) | Diff: 235495 | 44s elapsed (since last share, avg 1m40s) | best=351 target=18238 (999%)
[2026-09-16T02:03:18Z INFO  minertim::pool_connection] New job: n5hc4XUvGsU37uvH (difficulty: 235495, target: 3e470000)
[2026-09-16T02:03:23Z INFO  minertim] H/s 1m:2351.3 5m:2256.8 10m:2303.0 | Shares: 128/0 (found:128) | Diff: 235495 | 54s elapsed (since last share, avg 1m40s) | best=351 target=18238 (999%)
[2026-09-16T02:03:33Z INFO  minertim] H/s 1m:2358.6 5m:2256.6 10m:2303.0 | Shares: 128/0 (found:128) | Diff: 235495 | 1m4s elapsed (since last share, avg 1m39s) | best=351 target=18238 (999%)
[2026-09-16T02:03:38Z INFO  minertim::pool_connection] New job: bmTZWYDNUit1rGeS (difficulty: 235495, target: 3e470000)
[2026-09-16T02:03:43Z INFO  minertim] H/s 1m:2358.3 5m:2256.9 10m:2302.8 | Shares: 128/0 (found:128) | Diff: 235495 | 1m14s elapsed (since last share, avg 1m39s) | best=351 target=18238 (999%)
[2026-09-16T02:03:53Z INFO  minertim] H/s 1m:2345.2 5m:2273.4 10m:2301.8 | Shares: 128/0 (found:128) | Diff: 235495 | 1m24s elapsed (since last share, avg 1m40s) | best=351 target=18238 (999%)
[2026-09-16T02:03:58Z INFO  minertim::pool_connection] New job: 7WfrSY7yrbpWCjGP (difficulty: 235495, target: 3e470000)
[2026-09-16T02:04:03Z INFO  minertim] H/s 1m:2331.1 5m:2290.0 10m:2300.6 | Shares: 128/0 (found:128) | Diff: 235495 | 1m34s elapsed (since last share, avg 1m41s) | best=351 target=18238 (999%)
[2026-09-16T02:04:10Z INFO  minertim::pool_connection] New job: xI0ayiy6Jv0moPcQ (difficulty: 154701, target: 736c0000)
[2026-09-16T02:04:13Z INFO  minertim] H/s 1m:2323.1 5m:2288.8 10m:2300.0 | Shares: 128/0 (found:128) | Diff: 154701 | 1m44s elapsed (since last share, avg 1m6s) | best=351 target=27763 (999%)
[2026-09-16T02:04:14Z INFO  minertim::miner] Worker 3 SHARE FOUND! job_id=xI0ayiy6Jv0moPcQ, nonce=07001001, hash_val=26338, difficulty=154701, hash=fba3748f1eddcdfd52ddf47b138d7deab2f906453d32a23580402053e2660000
[2026-09-16T02:04:18Z INFO  minertim::pool_connection] New job: fMPy1E7ycCIJSuDq (difficulty: 154701, target: 736c0000)
[2026-09-16T02:04:18Z INFO  minertim::pool_connection] Share accepted by pool
[2026-09-16T02:04:21Z INFO  minertim::pool_connection] New job: D09920bwvXHtZ1jy (difficulty: 154701, target: 736c0000)
[2026-09-16T02:04:23Z INFO  minertim] H/s 1m:2313.6 5m:2287.6 10m:2299.1 | Shares: 129/0 (found:129) | Diff: 154701 | 9s elapsed (since last share, avg 1m6s) | best=351 target=27763 (999%)
[2026-09-16T02:04:33Z INFO  minertim] H/s 1m:2320.1 5m:2289.1 10m:2299.2 | Shares: 129/0 (found:129) | Diff: 154701 | 19s elapsed (since last share, avg 1m6s) | best=351 target=27763 (999%)
[2026-09-16T02:04:40Z INFO  minertim::pool_connection] New job: 6xhYQg8UtH5Lio1R (difficulty: 232047, target: 4d480000)
[2026-09-16T02:04:41Z INFO  minertim::pool_connection] New job: ZBpWyTN9eomLgFsL (difficulty: 232047, target: 4d480000)
[2026-09-16T02:04:43Z INFO  minertim] H/s 1m:2334.4 5m:2289.4 10m:2299.3 | Shares: 129/0 (found:129) | Diff: 232047 | 29s elapsed (since last share, avg 1m39s) | best=351 target=18509 (999%)
[2026-09-16T02:04:53Z INFO  minertim] H/s 1m:2341.4 5m:2292.3 10m:2300.2 | Shares: 129/0 (found:129) | Diff: 232047 | 39s elapsed (since last share, avg 1m39s) | best=351 target=18509 (999%)
[2026-09-16T02:04:59Z INFO  minertim::pool_connection] New job: RQrQeP6o4vXGwELQ (difficulty: 232047, target: 4d480000)
[2026-09-16T02:05:03Z INFO  minertim] H/s 1m:2349.8 5m:2294.5 10m:2301.0 | Shares: 129/0 (found:129) | Diff: 232047 | 49s elapsed (since last share, avg 1m38s) | best=351 target=18509 (999%)
[2026-09-16T02:05:13Z INFO  minertim] H/s 1m:2358.9 5m:2294.3 10m:2302.3 | Shares: 129/0 (found:129) | Diff: 232047 | 59s elapsed (since last share, avg 1m38s) | best=351 target=18509 (999%)
[2026-09-16T02:05:19Z INFO  minertim::pool_connection] New job: E3dkzCdoTNlQeLRJ (difficulty: 232047, target: 4d480000)
[2026-09-16T02:05:23Z INFO  minertim] H/s 1m:2357.3 5m:2297.6 10m:2304.0 | Shares: 129/0 (found:129) | Diff: 232047 | 1m9s elapsed (since last share, avg 1m38s) | best=351 target=18509 (999%)
[2026-09-16T02:05:33Z INFO  minertim] H/s 1m:2355.9 5m:2298.7 10m:2304.3 | Shares: 129/0 (found:129) | Diff: 232047 | 1m19s elapsed (since last share, avg 1m38s) | best=351 target=18509 (999%)
[2026-09-16T02:05:39Z INFO  minertim::pool_connection] New job: NRfzbZt0HWOsq6ZT (difficulty: 232047, target: 4d480000)
[2026-09-16T02:05:40Z INFO  minertim::pool_connection] New job: xM1Kf6zkzU2j2b60 (difficulty: 127345, target: bf830000)
[2026-09-16T02:05:43Z INFO  minertim] H/s 1m:2363.4 5m:2299.5 10m:2304.8 | Shares: 129/0 (found:129) | Diff: 127345 | 1m29s elapsed (since last share, avg 53s) | best=351 target=33727 (999%)
[2026-09-16T02:05:52Z INFO  minertim::miner] Worker 3 SHARE FOUND! job_id=xM1Kf6zkzU2j2b60, nonce=ef621301, hash_val=10173, difficulty=127345, hash=20c46e08fdfb380827aac58ba51a2a105932905c3ad11a738b443356bd270000
[2026-09-16T02:05:53Z INFO  minertim] H/s 1m:2303.0 5m:2289.0 10m:2299.7 | Shares: 129/0 (found:130) | Diff: 127345 | 1s elapsed (since last share, avg 55s) | best=351 target=33727 (999%)
[2026-09-16T02:05:58Z INFO  minertim::pool_connection] New job: n0sGIy039HbeLoDg (difficulty: 127345, target: bf830000)
[2026-09-16T02:05:59Z INFO  minertim::pool_connection] Share accepted by pool
[2026-09-16T02:06:03Z INFO  minertim] H/s 1m:2232.8 5m:2276.8 10m:2293.7 | Shares: 130/0 (found:130) | Diff: 127345 | 11s elapsed (since last share, avg 57s) | best=351 target=33727 (999%)
[2026-09-16T02:06:10Z INFO  minertim::pool_connection] New job: K8mquN4RripmVVp2 (difficulty: 191023, target: d4570000)
[2026-09-16T02:06:13Z INFO  minertim] H/s 1m:2221.6 5m:2284.7 10m:2292.6 | Shares: 130/0 (found:130) | Diff: 191023 | 21s elapsed (since last share, avg 1m25s) | best=351 target=22484 (999%)
[2026-09-16T02:06:18Z INFO  minertim::pool_connection] New job: zu7euCDP7HGSF9Ak (difficulty: 191023, target: d4570000)
[2026-09-16T02:06:23Z INFO  minertim] H/s 1m:2222.0 5m:2304.7 10m:2293.3 | Shares: 130/0 (found:130) | Diff: 191023 | 31s elapsed (since last share, avg 1m25s) | best=351 target=22484 (999%)
[2026-09-16T02:06:33Z INFO  minertim] H/s 1m:2223.6 5m:2305.3 10m:2293.6 | Shares: 130/0 (found:130) | Diff: 191023 | 41s elapsed (since last share, avg 1m25s) | best=351 target=22484 (999%)
[2026-09-16T02:06:38Z INFO  minertim::pool_connection] New job: Yh5PG96tRzH0kZPk (difficulty: 191023, target: d4570000)
[2026-09-16T02:06:43Z INFO  minertim] H/s 1m:2283.9 5m:2325.4 10m:2293.6 | Shares: 130/0 (found:130) | Diff: 191023 | 51s elapsed (since last share, avg 1m23s) | best=351 target=22484 (999%)
[2026-09-16T02:06:53Z INFO  minertim] H/s 1m:2340.9 5m:2323.1 10m:2292.8 | Shares: 130/0 (found:130) | Diff: 191023 | 1m1s elapsed (since last share, avg 1m21s) | best=351 target=22484 (999%)
[2026-09-16T02:06:58Z INFO  minertim::pool_connection] New job: vdpYtsQIjHnITKSV (difficulty: 191023, target: d4570000)
[2026-09-16T02:07:03Z INFO  minertim] H/s 1m:2353.8 5m:2323.1 10m:2293.3 | Shares: 130/0 (found:130) | Diff: 191023 | 1m11s elapsed (since last share, avg 1m21s) | best=351 target=22484 (999%)
[2026-09-16T02:07:10Z INFO  minertim::pool_connection] New job: vdA46FGNL1p2RKE6 (difficulty: 121066, target: 948a0000)
[2026-09-16T02:07:13Z INFO  minertim] H/s 1m:2351.8 5m:2323.7 10m:2293.1 | Shares: 130/0 (found:130) | Diff: 121066 | 1m21s elapsed (since last share, avg 51s) | best=351 target=35476 (999%)
[2026-09-16T02:07:18Z INFO  minertim::pool_connection] New job: rMJwN21UNqTFUTxS (difficulty: 121066, target: 948a0000)
[2026-09-16T02:07:23Z INFO  minertim] H/s 1m:2350.4 5m:2325.6 10m:2293.1 | Shares: 130/0 (found:130) | Diff: 121066 | 1m31s elapsed (since last share, avg 51s) | best=351 target=35476 (999%)
[2026-09-16T02:07:33Z INFO  minertim] H/s 1m:2349.8 5m:2326.8 10m:2293.0 | Shares: 130/0 (found:130) | Diff: 121066 | 1m41s elapsed (since last share, avg 51s) | best=351 target=35476 (999%)
[2026-09-16T02:07:38Z INFO  minertim::pool_connection] New job: TAFmYtinTCftqxBz (difficulty: 121066, target: 948a0000)
[2026-09-16T02:07:43Z INFO  minertim] H/s 1m:2364.1 5m:2327.8 10m:2293.1 | Shares: 130/0 (found:130) | Diff: 121066 | 1m51s elapsed (since last share, avg 51s) | best=351 target=35476 (999%)
[2026-09-16T02:07:53Z INFO  minertim] H/s 1m:2364.5 5m:2328.0 10m:2293.7 | Shares: 130/0 (found:130) | Diff: 121066 | 2m1s elapsed (since last share, avg 51s) | best=351 target=35476 (999%)
[2026-09-16T02:07:58Z INFO  minertim::pool_connection] New job: LlZiXKknFIs0JFAo (difficulty: 121066, target: 948a0000)
[2026-09-16T02:08:03Z INFO  minertim] H/s 1m:2367.5 5m:2328.3 10m:2293.8 | Shares: 130/0 (found:130) | Diff: 121066 | 2m11s elapsed (since last share, avg 51s) | best=351 target=35476 (999%)
[2026-09-16T02:08:10Z INFO  minertim::pool_connection] New job: q6tq0XVGpMoQfS0o (difficulty: 90800, target: c5b80000)
[2026-09-16T02:08:13Z INFO  minertim] H/s 1m:2368.4 5m:2328.5 10m:2293.9 | Shares: 130/0 (found:130) | Diff: 90800 | 2m21s elapsed (since last share, avg 38s) | best=351 target=47301 (999%)
[2026-09-16T02:08:17Z INFO  minertim::pool_connection] New job: O6BVbNb9PBb1STKM (difficulty: 90800, target: c5b80000)
[2026-09-16T02:08:23Z INFO  minertim] H/s 1m:2369.8 5m:2328.7 10m:2294.0 | Shares: 130/0 (found:130) | Diff: 90800 | 2m31s elapsed (since last share, avg 38s) | best=351 target=47301 (999%)
[2026-09-16T02:08:33Z INFO  minertim] H/s 1m:2370.0 5m:2329.9 10m:2294.0 | Shares: 130/0 (found:130) | Diff: 90800 | 2m41s elapsed (since last share, avg 38s) | best=351 target=47301 (999%)
[2026-09-16T02:08:37Z INFO  minertim::pool_connection] New job: FDk5Re20UuWHCaJo (difficulty: 90800, target: c5b80000)
[2026-09-16T02:08:43Z INFO  minertim] H/s 1m:2369.6 5m:2332.2 10m:2294.6 | Shares: 130/0 (found:130) | Diff: 90800 | 2m51s elapsed (since last share, avg 38s) | best=351 target=47301 (999%)
[2026-09-16T02:08:53Z INFO  minertim] H/s 1m:2369.8 5m:2335.0 10m:2304.0 | Shares: 130/0 (found:130) | Diff: 90800 | 3m1s elapsed (since last share, avg 38s) | best=351 target=47301 (999%)
[2026-09-16T02:08:57Z INFO  minertim::pool_connection] New job: qF2XN7HUpER47WGX (difficulty: 90800, target: c5b80000)
[2026-09-16T02:09:03Z INFO  minertim] H/s 1m:2350.1 5m:2333.2 10m:2311.8 | Shares: 130/0 (found:130) | Diff: 90800 | 3m11s elapsed (since last share, avg 38s) | best=351 target=47301 (999%)
[2026-09-16T02:09:11Z INFO  minertim::pool_connection] New job: iwPMAtbDeC6D8FB0 (difficulty: 68100, target: 5cf60000)
[2026-09-16T02:09:13Z INFO  minertim] H/s 1m:2345.2 5m:2334.2 10m:2311.6 | Shares: 130/0 (found:130) | Diff: 68100 | 3m21s elapsed (since last share, avg 29s) | best=351 target=63068 (999%)
[2026-09-16T02:09:17Z INFO  minertim::pool_connection] New job: oSwHfz4g6r8wOzLj (difficulty: 68100, target: 5cf60000)
[2026-09-16T02:09:23Z INFO  minertim] H/s 1m:2344.7 5m:2334.1 10m:2311.8 | Shares: 130/0 (found:130) | Diff: 68100 | 3m31s elapsed (since last share, avg 29s) | best=351 target=63068 (999%)
[2026-09-16T02:09:33Z INFO  minertim] H/s 1m:2344.3 5m:2333.9 10m:2312.5 | Shares: 130/0 (found:130) | Diff: 68100 | 3m41s elapsed (since last share, avg 29s) | best=351 target=63068 (999%)
[2026-09-16T02:09:37Z INFO  minertim::pool_connection] New job: 6MdDO6dLEkiEU5vI (difficulty: 68100, target: 5cf60000)
[2026-09-16T02:09:43Z INFO  minertim] H/s 1m:2342.8 5m:2335.3 10m:2312.5 | Shares: 130/0 (found:130) | Diff: 68100 | 3m51s elapsed (since last share, avg 29s) | best=351 target=63068 (999%)
[2026-09-16T02:09:46Z INFO  minertim::miner] Worker 1 SHARE FOUND! job_id=6MdDO6dLEkiEU5vI, nonce=29152001, hash_val=6621, difficulty=68100, hash=d9679e19c27b8ec708363e800ca062b51bb0ca1e5ddd0fb80141b651dd190000
[2026-09-16T02:09:53Z INFO  minertim] H/s 1m:2292.1 5m:2323.2 10m:2308.8 | Shares: 130/0 (found:131) | Diff: 68100 | 7s elapsed (since last share, avg 29s) | best=351 target=63068 (999%)
[2026-09-16T02:09:57Z INFO  minertim::pool_connection] New job: OLN0ub2jeQ9dCeLM (difficulty: 68100, target: 5cf60000)
[2026-09-16T02:09:57Z INFO  minertim::pool_connection] Share accepted by pool
[2026-09-16T02:10:03Z INFO  minertim] H/s 1m:2260.2 5m:2317.2 10m:2306.8 | Shares: 131/0 (found:131) | Diff: 68100 | 17s elapsed (since last share, avg 30s) | best=351 target=63068 (999%)
[2026-09-16T02:10:13Z INFO  minertim] H/s 1m:2259.0 5m:2317.2 10m:2306.7 | Shares: 131/0 (found:131) | Diff: 68100 | 27s elapsed (since last share, avg 30s) | best=351 target=63068 (999%)
[2026-09-16T02:10:17Z INFO  minertim::pool_connection] New job: SypJ1oZJKnU02fhA (difficulty: 68100, target: 5cf60000)
[2026-09-16T02:10:21Z INFO  minertim::miner] Worker 3 SHARE FOUND! job_id=SypJ1oZJKnU02fhA, nonce=e7cf1c01, hash_val=44074, difficulty=68100, hash=9e1db3a13a9729fe3932481d07c543e4e94448975940ebbc0a9f668e2aac0000
[2026-09-16T02:10:23Z INFO  minertim] H/s 1m:2256.4 5m:2316.8 10m:2308.2 | Shares: 131/0 (found:132) | Diff: 68100 | 2s elapsed (since last share, avg 30s) | best=351 target=63068 (999%)
[2026-09-16T02:10:33Z INFO  minertim] H/s 1m:2120.5 5m:2293.4 10m:2297.2 | Shares: 131/0 (found:132) | Diff: 68100 | 12s elapsed (since last share, avg 32s) | best=351 target=63068 (999%)
[2026-09-16T02:10:37Z INFO  minertim::pool_connection] New job: 0JXlqmbed0mROagz (difficulty: 68100, target: 5cf60000)
[2026-09-16T02:10:38Z INFO  minertim::pool_connection] Share accepted by pool
[2026-09-16T02:10:43Z INFO  minertim] H/s 1m:2153.3 5m:2297.4 10m:2294.5 | Shares: 132/0 (found:132) | Diff: 68100 | 22s elapsed (since last share, avg 31s) | best=351 target=63068 (999%)
[2026-09-16T02:10:53Z INFO  minertim] H/s 1m:2189.0 5m:2309.6 10m:2294.4 | Shares: 132/0 (found:132) | Diff: 68100 | 32s elapsed (since last share, avg 31s) | best=351 target=63068 (999%)
[2026-09-16T02:10:57Z INFO  minertim::pool_connection] New job: XcEPuiq200j2PI9F (difficulty: 68100, target: 5cf60000)
[2026-09-16T02:11:03Z INFO  minertim] H/s 1m:2191.3 5m:2311.9 10m:2294.5 | Shares: 132/0 (found:132) | Diff: 68100 | 42s elapsed (since last share, avg 31s) | best=351 target=63068 (999%)
[2026-09-16T02:11:13Z INFO  minertim] H/s 1m:2194.2 5m:2312.0 10m:2299.5 | Shares: 132/0 (found:132) | Diff: 68100 | 52s elapsed (since last share, avg 31s) | best=351 target=63068 (999%)
[2026-09-16T02:11:17Z INFO  minertim::pool_connection] New job: oQwMjE7xYZGEaIgv (difficulty: 68100, target: 5cf60000)
[2026-09-16T02:11:19Z INFO  minertim::pool_connection] New job: IS0Njf7bqOgi4vPu (difficulty: 68100, target: 5cf60000)
[2026-09-16T02:11:23Z INFO  minertim] H/s 1m:2331.4 5m:2312.0 10m:2309.4 | Shares: 132/0 (found:132) | Diff: 68100 | 1m2s elapsed (since last share, avg 29s) | best=351 target=63068 (999%)
[2026-09-16T02:11:25Z INFO  minertim::miner] Worker 0 SHARE FOUND! job_id=IS0Njf7bqOgi4vPu, nonce=b86a2001, hash_val=11738, difficulty=68100, hash=a19636db250edf41d11060ed312fbf08a621f0d72aeb35ad139f77d2da2d0000
[2026-09-16T02:11:29Z INFO  minertim::pool_connection] Share accepted by pool
[2026-09-16T02:11:33Z INFO  minertim] H/s 1m:2328.3 5m:2305.1 10m:2306.2 | Shares: 133/0 (found:133) | Diff: 68100 | 8s elapsed (since last share, avg 29s) | best=351 target=63068 (999%)
[2026-09-16T02:11:39Z INFO  minertim::pool_connection] New job: Tk2aa36qgvqrhOUR (difficulty: 68100, target: 5cf60000)
[2026-09-16T02:11:43Z INFO  minertim] H/s 1m:2328.9 5m:2307.5 10m:2316.1 | Shares: 133/0 (found:133) | Diff: 68100 | 18s elapsed (since last share, avg 29s) | best=351 target=63068 (999%)
[2026-09-16T02:11:53Z INFO  minertim] H/s 1m:2328.7 5m:2307.6 10m:2316.2 | Shares: 133/0 (found:133) | Diff: 68100 | 28s elapsed (since last share, avg 29s) | best=351 target=63068 (999%)
[2026-09-16T02:11:59Z INFO  minertim::pool_connection] New job: tuxhQbhiG3KFGeZ0 (difficulty: 68100, target: 5cf60000)
[2026-09-16T02:12:03Z INFO  minertim::miner] Worker 0 SHARE FOUND! job_id=tuxhQbhiG3KFGeZ0, nonce=34a22101, hash_val=43867, difficulty=68100, hash=7ab9445741ac3c5c13161d7358896eaed889934654a3ee044d0b3ca35bab0000
[2026-09-16T02:12:03Z INFO  minertim] H/s 1m:2316.8 5m:2306.0 10m:2315.2 | Shares: 133/0 (found:134) | Diff: 68100 | 0s elapsed (since last share, avg 29s) | best=351 target=63068 (999%)
[2026-09-16T02:12:13Z INFO  minertim] H/s 1m:2199.1 5m:2285.9 10m:2305.8 | Shares: 133/0 (found:134) | Diff: 68100 | 10s elapsed (since last share, avg 30s) | best=351 target=63068 (999%)
[2026-09-16T02:12:19Z INFO  minertim::pool_connection] New job: D9vhLi2FUHPpQ8UU (difficulty: 68100, target: 5cf60000)
[2026-09-16T02:12:19Z INFO  minertim::pool_connection] Share accepted by pool
[2026-09-16T02:12:20Z INFO  minertim::miner] Worker 2 SHARE FOUND! job_id=D9vhLi2FUHPpQ8UU, nonce=e23d2001, hash_val=33228, difficulty=68100, hash=41e6519e07ca052899cb22c1f80f53df812a4190905f7949e14b0aa1cc810000
[2026-09-16T02:12:23Z INFO  minertim] H/s 1m:2168.7 5m:2273.8 10m:2300.8 | Shares: 134/0 (found:135) | Diff: 68100 | 2s elapsed (since last share, avg 31s) | best=351 target=63068 (999%)
[2026-09-16T02:12:33Z INFO  minertim] H/s 1m:2052.6 5m:2253.8 10m:2291.6 | Shares: 134/0 (found:135) | Diff: 68100 | 12s elapsed (since last share, avg 33s) | best=351 target=63068 (999%)
[2026-09-16T02:12:39Z INFO  minertim::pool_connection] New job: 0Crz0kXYH4cSsKNv (difficulty: 68100, target: 5cf60000)
[2026-09-16T02:12:39Z INFO  minertim::pool_connection] Share accepted by pool
[2026-09-16T02:12:43Z INFO  minertim] H/s 1m:1936.7 5m:2233.8 10m:2282.4 | Shares: 135/0 (found:135) | Diff: 68100 | 22s elapsed (since last share, avg 35s) | best=351 target=63068 (999%)
[2026-09-16T02:12:46Z INFO  minertim::miner] Worker 0 SHARE FOUND! job_id=0Crz0kXYH4cSsKNv, nonce=809f2201, hash_val=53837, difficulty=68100, hash=925920ad09149bccebdc20cdaf8733ee658414fb16db938387f222374dd20000
[2026-09-16T02:12:53Z INFO  minertim::pool_connection] New job: 9PbJMx04WiqhGz0G (difficulty: 68100, target: 5cf60000)
[2026-09-16T02:12:53Z INFO  minertim::pool_connection] Share accepted by pool
[2026-09-16T02:12:53Z INFO  minertim] H/s 1m:1916.7 5m:2228.2 10m:2279.7 | Shares: 136/0 (found:136) | Diff: 68100 | 7s elapsed (since last share, avg 35s) | best=351 target=63068 (999%)
[2026-09-16T02:13:03Z INFO  minertim] H/s 1m:2032.6 5m:2228.0 10m:2279.7 | Shares: 136/0 (found:136) | Diff: 68100 | 17s elapsed (since last share, avg 33s) | best=351 target=63068 (999%)
[2026-09-16T02:13:09Z INFO  minertim::miner] Worker 1 SHARE FOUND! job_id=9PbJMx04WiqhGz0G, nonce=05fd2601, hash_val=61781, difficulty=68100, hash=c06d782806c1a804de640bcaff1038dfdaa05479d98978494dc6818055f10000
[2026-09-16T02:13:13Z INFO  minertim::pool_connection] New job: n6xwIOuxsGsHO5OO (difficulty: 68100, target: 5cf60000)
[2026-09-16T02:13:13Z INFO  minertim::pool_connection] Share accepted by pool
[2026-09-16T02:13:13Z INFO  minertim] H/s 1m:2064.9 5m:2221.3 10m:2276.5 | Shares: 137/0 (found:137) | Diff: 68100 | 4s elapsed (since last share, avg 32s) | best=351 target=63068 (999%)
[2026-09-16T02:13:20Z INFO  minertim::miner] Worker 3 SHARE FOUND! job_id=n6xwIOuxsGsHO5OO, nonce=b7b12201, hash_val=37771, difficulty=68100, hash=8657ceef2a651ed8d34292f61263796628e00c2cf21b61933d4de7848b930000
[2026-09-16T02:13:23Z INFO  minertim] H/s 1m:2121.5 5m:2211.0 10m:2271.5 | Shares: 137/0 (found:138) | Diff: 68100 | 3s elapsed (since last share, avg 32s) | best=351 target=63068 (999%)
[2026-09-16T02:13:33Z INFO  minertim::pool_connection] New job: VPs7R2BTDPtESrYB (difficulty: 68100, target: 5cf60000)
[2026-09-16T02:13:33Z INFO  minertim::pool_connection] Share accepted by pool
[2026-09-16T02:13:33Z INFO  minertim] H/s 1m:2155.1 5m:2196.9 10m:2265.1 | Shares: 138/0 (found:138) | Diff: 68100 | 13s elapsed (since last share, avg 31s) | best=351 target=63068 (999%)
[2026-09-16T02:13:35Z INFO  minertim::miner] Worker 0 SHARE FOUND! job_id=VPs7R2BTDPtESrYB, nonce=84222401, hash_val=40895, difficulty=68100, hash=4e33ae1d1172505f878cbfd208507c8caf37313fcb3807f306812791bf9f0000
[2026-09-16T02:13:43Z INFO  minertim] H/s 1m:2059.9 5m:2174.8 10m:2255.5 | Shares: 138/0 (found:139) | Diff: 68100 | 8s elapsed (since last share, avg 33s) | best=351 target=63068 (999%)
[2026-09-16T02:13:53Z INFO  minertim::pool_connection] New job: eR4jXszrT7i2Ks32 (difficulty: 68100, target: 5cf60000)
[2026-09-16T02:13:53Z INFO  minertim::pool_connection] Share accepted by pool
[2026-09-16T02:13:53Z INFO  minertim] H/s 1m:1962.7 5m:2161.2 10m:2248.5 | Shares: 139/0 (found:139) | Diff: 68100 | 18s elapsed (since last share, avg 34s) | best=351 target=63068 (999%)
[2026-09-16T02:14:03Z INFO  minertim] H/s 1m:1999.2 5m:2161.6 10m:2249.1 | Shares: 139/0 (found:139) | Diff: 68100 | 28s elapsed (since last share, avg 34s) | best=351 target=63068 (999%)
[2026-09-16T02:14:07Z INFO  minertim::miner] Worker 0 SHARE FOUND! job_id=eR4jXszrT7i2Ks32, nonce=bca82401, hash_val=58110, difficulty=68100, hash=6f2138d29cf7fe0d38db1ee1d496c9e851e29e6f4fdaa3b5138e2bacfee20000
[2026-09-16T02:14:11Z INFO  minertim::pool_connection] New job: 0UtQKRebTYfBSdBv (difficulty: 97460, target: 25ac0000)
[2026-09-16T02:14:11Z INFO  minertim::pool_connection] Share accepted by pool
[2026-09-16T02:14:13Z INFO  minertim::pool_connection] New job: O0DUpkihTevvStcW (difficulty: 97460, target: 25ac0000)
[2026-09-16T02:14:13Z INFO  minertim] H/s 1m:1995.5 5m:2150.8 10m:2244.6 | Shares: 140/0 (found:140) | Diff: 97460 | 6s elapsed (since last share, avg 48s) | best=351 target=44069 (999%)
[2026-09-16T02:14:23Z INFO  minertim] H/s 1m:2077.9 5m:2150.9 10m:2244.6 | Shares: 140/0 (found:140) | Diff: 97460 | 16s elapsed (since last share, avg 46s) | best=351 target=44069 (999%)
[2026-09-16T02:14:33Z INFO  minertim::pool_connection] New job: N5w6jjWzII27Gqq1 (difficulty: 97460, target: 25ac0000)
[2026-09-16T02:14:33Z INFO  minertim] H/s 1m:2205.2 5m:2151.1 10m:2244.6 | Shares: 140/0 (found:140) | Diff: 97460 | 26s elapsed (since last share, avg 44s) | best=351 target=44069 (999%)
[2026-09-16T02:14:36Z INFO  minertim::pool_connection] New job: judFblibltlRm0iQ (difficulty: 97460, target: 25ac0000)
[2026-09-16T02:14:37Z INFO  minertim::miner] Worker 0 SHARE FOUND! job_id=judFblibltlRm0iQ, nonce=989b2501, hash_val=30849, difficulty=97460, hash=87a922d8d6e9f1763451f254af933c359c974304cb341b087f77831981780000
[2026-09-16T02:14:41Z INFO  minertim::pool_connection] New job: W0Xes4lEjt9S0zTX (difficulty: 146191, target: c3720000)
[2026-09-16T02:14:41Z INFO  minertim::pool_connection] Share accepted by pool
[2026-09-16T02:14:43Z INFO  minertim] H/s 1m:2260.2 5m:2155.7 10m:2241.6 | Shares: 141/0 (found:141) | Diff: 146191 | 6s elapsed (since last share, avg 1m4s) | best=351 target=29379 (999%)
[2026-09-16T02:14:53Z INFO  minertim] H/s 1m:2262.8 5m:2162.1 10m:2241.7 | Shares: 141/0 (found:141) | Diff: 146191 | 16s elapsed (since last share, avg 1m4s) | best=351 target=29379 (999%)
[2026-09-16T02:14:56Z INFO  minertim::pool_connection] New job: b400AtuSCOKQSzhl (difficulty: 146191, target: c3720000)
[2026-09-16T02:15:04Z INFO  minertim] H/s 1m:2326.0 5m:2162.3 10m:2241.8 | Shares: 141/0 (found:141) | Diff: 146191 | 26s elapsed (since last share, avg 1m2s) | best=351 target=29379 (999%)
[2026-09-16T02:15:11Z INFO  minertim::pool_connection] New job: rVqFqOdIglL8xxJi (difficulty: 219287, target: 824c0000)
[2026-09-16T02:15:14Z INFO  minertim] H/s 1m:2325.4 5m:2162.8 10m:2241.9 | Shares: 141/0 (found:141) | Diff: 219287 | 36s elapsed (since last share, avg 1m34s) | best=351 target=19586 (999%)
[2026-09-16T02:15:16Z INFO  minertim::pool_connection] New job: HnQQIt2omgBRmKmv (difficulty: 219287, target: 824c0000)
[2026-09-16T02:15:24Z INFO  minertim] H/s 1m:2314.4 5m:2184.5 10m:2241.1 | Shares: 141/0 (found:141) | Diff: 219287 | 46s elapsed (since last share, avg 1m34s) | best=351 target=19586 (999%)
[2026-09-16T02:15:34Z INFO  minertim] H/s 1m:2352.5 5m:2190.0 10m:2240.7 | Shares: 141/0 (found:141) | Diff: 219287 | 56s elapsed (since last share, avg 1m33s) | best=351 target=19586 (999%)
[2026-09-16T02:15:36Z INFO  minertim::pool_connection] New job: xH6bNzY7HNkNedbX (difficulty: 219287, target: 824c0000)
[2026-09-16T02:15:41Z INFO  minertim::pool_connection] New job: rRJ7Re4SXos0OyEG (difficulty: 164463, target: 03660000)
[2026-09-16T02:15:44Z INFO  minertim] H/s 1m:2347.7 5m:2189.4 10m:2245.5 | Shares: 141/0 (found:141) | Diff: 164463 | 1m6s elapsed (since last share, avg 1m10s) | best=351 target=26115 (999%)
[2026-09-16T02:15:54Z INFO  minertim] H/s 1m:2347.8 5m:2189.3 10m:2251.5 | Shares: 141/0 (found:141) | Diff: 164463 | 1m16s elapsed (since last share, avg 1m10s) | best=351 target=26115 (999%)
[2026-09-16T02:15:56Z INFO  minertim::pool_connection] New job: wV2z91xCOjKIVhA0 (difficulty: 164463, target: 03660000)
[2026-09-16T02:16:04Z INFO  minertim] H/s 1m:2346.7 5m:2189.1 10m:2252.5 | Shares: 141/0 (found:141) | Diff: 164463 | 1m26s elapsed (since last share, avg 1m10s) | best=351 target=26115 (999%)
[2026-09-16T02:16:14Z INFO  minertim] H/s 1m:2357.7 5m:2189.1 10m:2252.6 | Shares: 141/0 (found:141) | Diff: 164463 | 1m36s elapsed (since last share, avg 1m9s) | best=351 target=26115 (999%)
[2026-09-16T02:16:16Z INFO  minertim::pool_connection] New job: 5BYRBu7TUi93fNGe (difficulty: 164463, target: 03660000)
[2026-09-16T02:16:24Z INFO  minertim] H/s 1m:2363.2 5m:2196.1 10m:2252.5 | Shares: 141/0 (found:141) | Diff: 164463 | 1m46s elapsed (since last share, avg 1m9s) | best=351 target=26115 (999%)
[2026-09-16T02:16:34Z INFO  minertim] H/s 1m:2367.6 5m:2196.1 10m:2252.6 | Shares: 141/0 (found:141) | Diff: 164463 | 1m56s elapsed (since last share, avg 1m9s) | best=351 target=26115 (999%)
[2026-09-16T02:16:35Z INFO  minertim::pool_connection] New job: HDye6SGN3Jt0InSY (difficulty: 164463, target: 03660000)
[2026-09-16T02:16:41Z INFO  minertim::pool_connection] New job: dHbbnxAynBblqVj0 (difficulty: 123347, target: 04880000)
[2026-09-16T02:16:44Z INFO  minertim] H/s 1m:2364.9 5m:2195.5 10m:2253.6 | Shares: 141/0 (found:141) | Diff: 123347 | 2m6s elapsed (since last share, avg 52s) | best=351 target=34820 (999%)
[2026-09-16T02:16:54Z INFO  minertim] H/s 1m:2361.7 5m:2196.9 10m:2253.2 | Shares: 141/0 (found:141) | Diff: 123347 | 2m16s elapsed (since last share, avg 52s) | best=351 target=34820 (999%)
[2026-09-16T02:16:55Z INFO  minertim::pool_connection] New job: UdFROc49uqsQ6qGf (difficulty: 123347, target: 04880000)
[2026-09-16T02:17:04Z INFO  minertim] H/s 1m:2361.5 5m:2217.1 10m:2253.4 | Shares: 141/0 (found:141) | Diff: 123347 | 2m26s elapsed (since last share, avg 52s) | best=351 target=34820 (999%)
[2026-09-16T02:17:14Z INFO  minertim] H/s 1m:2362.1 5m:2229.4 10m:2253.5 | Shares: 141/0 (found:141) | Diff: 123347 | 2m36s elapsed (since last share, avg 52s) | best=351 target=34820 (999%)
[2026-09-16T02:17:15Z INFO  minertim::pool_connection] New job: 1GD0UQ6EF0g0OLe2 (difficulty: 123347, target: 04880000)
[2026-09-16T02:17:24Z INFO  minertim] H/s 1m:2362.8 5m:2249.6 10m:2253.7 | Shares: 141/0 (found:141) | Diff: 123347 | 2m46s elapsed (since last share, avg 52s) | best=351 target=34820 (999%)
[2026-09-16T02:17:34Z INFO  minertim] H/s 1m:2365.9 5m:2269.6 10m:2253.7 | Shares: 141/0 (found:141) | Diff: 123347 | 2m56s elapsed (since last share, avg 52s) | best=351 target=34820 (999%)
[2026-09-16T02:17:35Z INFO  minertim::pool_connection] New job: EwD5NpmGWw42C6Cb (difficulty: 123347, target: 04880000)
[2026-09-16T02:17:41Z INFO  minertim::pool_connection] New job: JjPJoJjA0hD2hP0v (difficulty: 92510, target: 5bb50000)
[2026-09-16T02:17:44Z INFO  minertim] H/s 1m:2370.4 5m:2275.1 10m:2253.7 | Shares: 141/0 (found:141) | Diff: 92510 | 3m6s elapsed (since last share, avg 39s) | best=351 target=46427 (999%)
[2026-09-16T02:17:49Z INFO  minertim::pool_connection] New job: rpnp3tpVTxXb0wW0 (difficulty: 92510, target: 5bb50000)
[2026-09-16T02:17:54Z INFO  minertim] H/s 1m:2370.6 5m:2275.3 10m:2253.7 | Shares: 141/0 (found:141) | Diff: 92510 | 3m16s elapsed (since last share, avg 39s) | best=351 target=46427 (999%)
[2026-09-16T02:18:04Z INFO  minertim] H/s 1m:2369.7 5m:2281.9 10m:2253.6 | Shares: 141/0 (found:141) | Diff: 92510 | 3m26s elapsed (since last share, avg 39s) | best=351 target=46427 (999%)
[2026-09-16T02:18:09Z INFO  minertim::pool_connection] New job: U0h94lHXtPgJIRuN (difficulty: 92510, target: 5bb50000)
[2026-09-16T02:18:14Z INFO  minertim] H/s 1m:2369.2 5m:2292.2 10m:2253.6 | Shares: 141/0 (found:141) | Diff: 92510 | 3m36s elapsed (since last share, avg 39s) | best=351 target=46427 (999%)
[2026-09-16T02:18:24Z INFO  minertim] H/s 1m:2369.0 5m:2306.4 10m:2253.6 | Shares: 141/0 (found:141) | Diff: 92510 | 3m46s elapsed (since last share, avg 39s) | best=351 target=46427 (999%)
[2026-09-16T02:18:29Z INFO  minertim::pool_connection] New job: 1OTWSGhvPJ0MZtMU (difficulty: 92510, target: 5bb50000)
[2026-09-16T02:18:34Z INFO  minertim] H/s 1m:2369.3 5m:2328.4 10m:2253.7 | Shares: 141/0 (found:141) | Diff: 92510 | 3m56s elapsed (since last share, avg 39s) | best=351 target=46427 (999%)
[2026-09-16T02:18:41Z INFO  minertim::pool_connection] New job: rXoIgI5CXJpD1RWA (difficulty: 69383, target: cef10000)
[2026-09-16T02:18:44Z INFO  minertim] H/s 1m:2369.7 5m:2345.5 10m:2253.6 | Shares: 141/0 (found:141) | Diff: 69383 | 4m6s elapsed (since last share, avg 29s) | best=351 target=61902 (999%)
[2026-09-16T02:18:46Z INFO  minertim::miner] Worker 2 SHARE FOUND! job_id=rXoIgI5CXJpD1RWA, nonce=a6822d01, hash_val=7626, difficulty=69383, hash=72672cae5f7ac7115620fdfc6f34d685b0e1508684e114a57578d303ca1d0000
[2026-09-16T02:18:49Z INFO  minertim::pool_connection] New job: EX0MZgqdveI4rOS0 (difficulty: 69383, target: cef10000)
[2026-09-16T02:18:49Z INFO  minertim::pool_connection] Share accepted by pool
[2026-09-16T02:18:54Z INFO  minertim] H/s 1m:2337.4 5m:2340.2 10m:2252.5 | Shares: 142/0 (found:142) | Diff: 69383 | 7s elapsed (since last share, avg 29s) | best=351 target=61902 (999%)
[2026-09-16T02:19:04Z INFO  minertim] H/s 1m:2337.5 5m:2351.2 10m:2253.0 | Shares: 142/0 (found:142) | Diff: 69383 | 17s elapsed (since last share, avg 29s) | best=351 target=61902 (999%)
[2026-09-16T02:19:09Z INFO  minertim::pool_connection] New job: GtYoI08dZB4Aa9q3 (difficulty: 69383, target: cef10000)
[2026-09-16T02:19:11Z INFO  minertim::pool_connection] New job: OnaG5mjZN0viOkAY (difficulty: 104075, target: 34a10000)
[2026-09-16T02:19:14Z INFO  minertim] H/s 1m:2335.1 5m:2350.8 10m:2252.8 | Shares: 142/0 (found:142) | Diff: 104075 | 27s elapsed (since last share, avg 44s) | best=351 target=41268 (999%)
[2026-09-16T02:19:18Z INFO  minertim::miner] Worker 1 SHARE FOUND! job_id=OnaG5mjZN0viOkAY, nonce=19243401, hash_val=9889, difficulty=104075, hash=5426735d988dbcfc0a966ed410d4e094e915cd4668fc8cbb9d8d5f36a1260000
[2026-09-16T02:19:24Z INFO  minertim] H/s 1m:2215.9 5m:2330.3 10m:2242.8 | Shares: 142/0 (found:143) | Diff: 104075 | 6s elapsed (since last share, avg 46s) | best=351 target=41268 (999%)
[2026-09-16T02:19:29Z INFO  minertim::pool_connection] New job: 3nIqZ1XOMpzgR5gJ (difficulty: 104075, target: 34a10000)
[2026-09-16T02:19:29Z INFO  minertim::pool_connection] Share accepted by pool
[2026-09-16T02:19:31Z INFO  minertim::miner] Worker 3 SHARE FOUND! job_id=3nIqZ1XOMpzgR5gJ, nonce=0b9a2f01, hash_val=11819, difficulty=104075, hash=275fad2e53027378eccfb0defce0b28e35b978a0eed923a5eb2848d92b2e0000
[2026-09-16T02:19:34Z INFO  minertim] H/s 1m:2153.3 5m:2327.1 10m:2237.6 | Shares: 143/0 (found:144) | Diff: 104075 | 3s elapsed (since last share, avg 48s) | best=351 target=41268 (999%)
[2026-09-16T02:19:44Z INFO  minertim] H/s 1m:2070.0 5m:2307.0 10m:2233.7 | Shares: 143/0 (found:144) | Diff: 104075 | 13s elapsed (since last share, avg 50s) | best=351 target=41268 (999%)
[2026-09-16T02:19:48Z INFO  minertim::pool_connection] New job: 0YXawU0pae6t5Wz5 (difficulty: 104075, target: 34a10000)
[2026-09-16T02:19:49Z INFO  minertim::pool_connection] Share accepted by pool
[2026-09-16T02:19:54Z INFO  minertim] H/s 1m:2042.9 5m:2302.4 10m:2234.5 | Shares: 144/0 (found:144) | Diff: 104075 | 23s elapsed (since last share, avg 50s) | best=351 target=41268 (999%)
[2026-09-16T02:20:04Z INFO  minertim] H/s 1m:2045.5 5m:2302.5 10m:2234.7 | Shares: 144/0 (found:144) | Diff: 104075 | 33s elapsed (since last share, avg 50s) | best=351 target=41268 (999%)
[2026-09-16T02:20:08Z INFO  minertim::pool_connection] New job: ZLugsj0g0IvA6nDz (difficulty: 104075, target: 34a10000)
[2026-09-16T02:20:11Z INFO  minertim::pool_connection] New job: 001YfkLKLvSkYIUR (difficulty: 156118, target: 776b0000)
[2026-09-16T02:20:14Z INFO  minertim] H/s 1m:2158.7 5m:2303.4 10m:2234.5 | Shares: 144/0 (found:144) | Diff: 156118 | 43s elapsed (since last share, avg 1m12s) | best=351 target=27511 (999%)
[2026-09-16T02:20:24Z INFO  minertim] H/s 1m:2195.7 5m:2300.0 10m:2244.0 | Shares: 144/0 (found:144) | Diff: 156118 | 53s elapsed (since last share, avg 1m11s) | best=351 target=27511 (999%)
[2026-09-16T02:20:28Z INFO  minertim::pool_connection] New job: 0TjndGC0M5x9YMBR (difficulty: 156118, target: 776b0000)
[2026-09-16T02:20:34Z INFO  minertim] H/s 1m:2302.8 5m:2299.3 10m:2246.4 | Shares: 144/0 (found:144) | Diff: 156118 | 1m3s elapsed (since last share, avg 1m7s) | best=351 target=27511 (999%)
[2026-09-16T02:20:44Z INFO  minertim] H/s 1m:2329.2 5m:2299.2 10m:2246.4 | Shares: 144/0 (found:144) | Diff: 156118 | 1m13s elapsed (since last share, avg 1m7s) | best=351 target=27511 (999%)
[2026-09-16T02:20:48Z INFO  minertim::pool_connection] New job: 7IqFcQHpK7K0UarP (difficulty: 156118, target: 776b0000)
[2026-09-16T02:20:54Z INFO  minertim] H/s 1m:2329.6 5m:2299.6 10m:2246.4 | Shares: 144/0 (found:144) | Diff: 156118 | 1m23s elapsed (since last share, avg 1m7s) | best=351 target=27511 (999%)
[2026-09-16T02:21:03Z INFO  minertim::miner] Worker 1 SHARE FOUND! job_id=7IqFcQHpK7K0UarP, nonce=f98a3701, hash_val=9150, difficulty=156118, hash=c551eb8f0a99f17ad151a119b07662f9b9f75f69378be7a4be5e33aebe230000
[2026-09-16T02:21:04Z INFO  minertim] H/s 1m:2276.4 5m:2289.4 10m:2241.5 | Shares: 144/0 (found:145) | Diff: 156118 | 0s elapsed (since last share, avg 1m8s) | best=351 target=27511 (999%)
[2026-09-16T02:21:08Z INFO  minertim::pool_connection] New job: tH6vIVofgUe3Na3E (difficulty: 156118, target: 776b0000)
[2026-09-16T02:21:08Z INFO  minertim::pool_connection] Share accepted by pool
[2026-09-16T02:21:11Z INFO  minertim::pool_connection] New job: P2kttGUaYmel96eZ (difficulty: 88926, target: aabc0000)
[2026-09-16T02:21:14Z INFO  minertim] H/s 1m:2299.2 5m:2289.0 10m:2241.2 | Shares: 145/0 (found:145) | Diff: 88926 | 10s elapsed (since last share, avg 38s) | best=351 target=48298 (999%)
[2026-09-16T02:21:22Z INFO  minertim::miner] Worker 1 SHARE FOUND! job_id=P2kttGUaYmel96eZ, nonce=410f3801, hash_val=1531, difficulty=88926, hash=5623fd7c2e414f21282beebf97947fe0040ef91039e0b690a3fac9e0fb050000
[2026-09-16T02:21:24Z INFO  minertim] H/s 1m:2247.5 5m:2278.6 10m:2239.5 | Shares: 145/0 (found:146) | Diff: 88926 | 1s elapsed (since last share, avg 39s) | best=351 target=48298 (999%)
[2026-09-16T02:21:28Z INFO  minertim::pool_connection] New job: f69J4plImliYA1m5 (difficulty: 88926, target: aabc0000)
[2026-09-16T02:21:28Z INFO  minertim::pool_connection] Share accepted by pool
[2026-09-16T02:21:34Z INFO  minertim] H/s 1m:2299.4 5m:2287.9 10m:2243.9 | Shares: 146/0 (found:146) | Diff: 88926 | 11s elapsed (since last share, avg 38s) | best=351 target=48298 (999%)
[2026-09-16T02:21:41Z INFO  minertim::pool_connection] New job: 3gkN4fdz7zWKEKtq (difficulty: 133388, target: c77d0000)
[2026-09-16T02:21:44Z INFO  minertim] H/s 1m:2299.1 5m:2288.8 10m:2243.9 | Shares: 146/0 (found:146) | Diff: 133388 | 21s elapsed (since last share, avg 58s) | best=351 target=32199 (999%)
[2026-09-16T02:21:48Z INFO  minertim::pool_connection] New job: F8MwhQY4EmlcvqH0 (difficulty: 133388, target: c77d0000)
[2026-09-16T02:21:54Z INFO  minertim] H/s 1m:2358.2 5m:2288.8 10m:2245.0 | Shares: 146/0 (found:146) | Diff: 133388 | 31s elapsed (since last share, avg 56s) | best=351 target=32199 (999%)
[2026-09-16T02:22:04Z INFO  minertim] H/s 1m:2361.2 5m:2288.8 10m:2255.0 | Shares: 146/0 (found:146) | Diff: 133388 | 41s elapsed (since last share, avg 56s) | best=351 target=32199 (999%)
[2026-09-16T02:22:08Z INFO  minertim::pool_connection] New job: 54dDhB537buXWreE (difficulty: 133388, target: c77d0000)
[2026-09-16T02:22:14Z INFO  minertim] H/s 1m:2421.5 5m:2288.7 10m:2261.0 | Shares: 146/0 (found:146) | Diff: 133388 | 51s elapsed (since last share, avg 55s) | best=351 target=32199 (999%)
[2026-09-16T02:22:24Z INFO  minertim] H/s 1m:2370.5 5m:2288.7 10m:2270.9 | Shares: 146/0 (found:146) | Diff: 133388 | 1m1s elapsed (since last share, avg 56s) | best=351 target=32199 (999%)
[2026-09-16T02:22:27Z INFO  minertim::pool_connection] New job: CdwI2fguLqicTrKM (difficulty: 133388, target: c77d0000)
[2026-09-16T02:22:28Z INFO  minertim::miner] Worker 0 SHARE FOUND! job_id=CdwI2fguLqicTrKM, nonce=d4763601, hash_val=688, difficulty=133388, hash=36948e14eea3f4b20373ffd856663fb174b3386afb5c74c60897dba0b0020000
[2026-09-16T02:22:30Z INFO  minertim::pool_connection] Share accepted by pool
[2026-09-16T02:22:34Z INFO  minertim] H/s 1m:2357.1 5m:2286.5 10m:2279.6 | Shares: 147/0 (found:147) | Diff: 133388 | 5s elapsed (since last share, avg 56s) | best=351 target=32199 (999%)
[2026-09-16T02:22:41Z INFO  minertim::pool_connection] New job: ejh3DH1rbSFtRcna (difficulty: 96814, target: 4bad0000)
[2026-09-16T02:22:44Z INFO  minertim] H/s 1m:2357.0 5m:2286.5 10m:2282.3 | Shares: 147/0 (found:147) | Diff: 96814 | 15s elapsed (since last share, avg 41s) | best=351 target=44363 (999%)
[2026-09-16T02:22:47Z INFO  minertim::pool_connection] New job: tj47wRt0RrovPUQ3 (difficulty: 96814, target: 4bad0000)
[2026-09-16T02:22:48Z INFO  minertim::miner] Worker 3 SHARE FOUND! job_id=tj47wRt0RrovPUQ3, nonce=1f0f3601, hash_val=9361, difficulty=96814, hash=c6b41e52a97c9d088cd450886c0cdfa7bffccd158aa6e6e51e69c07a91240000
[2026-09-16T02:22:54Z INFO  minertim] H/s 1m:2239.2 5m:2266.3 10m:2272.5 | Shares: 147/0 (found:148) | Diff: 96814 | 6s elapsed (since last share, avg 43s) | best=351 target=44363 (999%)
[2026-09-16T02:23:04Z INFO  minertim] H/s 1m:2123.7 5m:2246.4 10m:2265.9 | Shares: 147/0 (found:148) | Diff: 96814 | 16s elapsed (since last share, avg 45s) | best=351 target=44363 (999%)
[2026-09-16T02:23:07Z INFO  minertim::pool_connection] New job: XoxiLv0kHoxn39I0 (difficulty: 96814, target: 4bad0000)
[2026-09-16T02:23:08Z INFO  minertim::pool_connection] Share accepted by pool
[2026-09-16T02:23:14Z INFO  minertim] H/s 1m:2117.0 5m:2245.3 10m:2270.5 | Shares: 148/0 (found:148) | Diff: 96814 | 26s elapsed (since last share, avg 45s) | best=351 target=44363 (999%)
[2026-09-16T02:23:23Z INFO  minertim::miner] Worker 0 SHARE FOUND! job_id=XoxiLv0kHoxn39I0, nonce=206b3801, hash_val=15464, difficulty=96814, hash=6e5debe9cf036eb6463469eb0f347206186a47eb378d9c5133c3eb9b683c0000
[2026-09-16T02:23:24Z INFO  minertim] H/s 1m:2130.3 5m:2245.3 10m:2277.5 | Shares: 148/0 (found:149) | Diff: 96814 | 0s elapsed (since last share, avg 45s) | best=351 target=44363 (999%)
[2026-09-16T02:23:27Z INFO  minertim::pool_connection] New job: volY0hww01Q6iBA9 (difficulty: 96814, target: 4bad0000)
[2026-09-16T02:23:27Z INFO  minertim::pool_connection] Share accepted by pool
[2026-09-16T02:23:34Z INFO  minertim] H/s 1m:2100.3 5m:2240.0 10m:2285.7 | Shares: 149/0 (found:149) | Diff: 96814 | 10s elapsed (since last share, avg 46s) | best=351 target=44363 (999%)
[2026-09-16T02:23:41Z INFO  minertim::pool_connection] New job: fCAzaPaeTync1c3w (difficulty: 145222, target: 87730000)
[2026-09-16T02:23:44Z INFO  minertim] H/s 1m:2195.4 5m:2241.9 10m:2292.2 | Shares: 149/0 (found:149) | Diff: 145222 | 20s elapsed (since last share, avg 1m6s) | best=351 target=29575 (999%)
[2026-09-16T02:23:47Z INFO  minertim::pool_connection] New job: yCZsezBXZb05D6N4 (difficulty: 145222, target: 87730000)
[2026-09-16T02:23:54Z INFO  minertim] H/s 1m:2304.4 5m:2240.7 10m:2291.8 | Shares: 149/0 (found:149) | Diff: 145222 | 30s elapsed (since last share, avg 1m3s) | best=351 target=29575 (999%)
[2026-09-16T02:24:04Z INFO  minertim] H/s 1m:2310.2 5m:2241.0 10m:2297.1 | Shares: 149/0 (found:149) | Diff: 145222 | 40s elapsed (since last share, avg 1m2s) | best=351 target=29575 (999%)
[2026-09-16T02:24:07Z INFO  minertim::pool_connection] New job: fbvf0xqM0a6XwbIy (difficulty: 145222, target: 87730000)
[2026-09-16T02:24:14Z INFO  minertim] H/s 1m:2309.8 5m:2261.5 10m:2297.1 | Shares: 149/0 (found:149) | Diff: 145222 | 50s elapsed (since last share, avg 1m2s) | best=351 target=29575 (999%)
[2026-09-16T02:24:24Z INFO  minertim] H/s 1m:2339.9 5m:2272.2 10m:2297.1 | Shares: 149/0 (found:149) | Diff: 145222 | 1m0s elapsed (since last share, avg 1m2s) | best=351 target=29575 (999%)
[2026-09-16T02:24:27Z INFO  minertim::pool_connection] New job: 0JoiCbl8OwmvH3fa (difficulty: 145222, target: 87730000)
[2026-09-16T02:24:29Z INFO  minertim::miner] Worker 3 SHARE FOUND! job_id=0JoiCbl8OwmvH3fa, nonce=f3fe3801, hash_val=26991, difficulty=145222, hash=102acaa694f5232bbf110eb44960a8b790121094b5ccf4f0ec8409d76f690000
[2026-09-16T02:24:34Z INFO  minertim] H/s 1m:2303.7 5m:2282.2 10m:2295.9 | Shares: 149/0 (found:150) | Diff: 145222 | 4s elapsed (since last share, avg 1m3s) | best=351 target=29575 (999%)
[2026-09-16T02:24:41Z INFO  minertim::pool_connection] New job: Wmt71gJT2ptClKbz (difficulty: 88310, target: fbbd0000)
[2026-09-16T02:24:42Z INFO  minertim::pool_connection] Share accepted by pool
[2026-09-16T02:24:44Z INFO  minertim] H/s 1m:2216.3 5m:2270.6 10m:2287.9 | Shares: 150/0 (found:150) | Diff: 88310 | 14s elapsed (since last share, avg 39s) | best=351 target=48635 (999%)
[2026-09-16T02:24:47Z INFO  minertim::pool_connection] New job: 3FHJPPMDqbDu1gVm (difficulty: 88310, target: fbbd0000)
[2026-09-16T02:24:54Z INFO  minertim] H/s 1m:2217.0 5m:2270.5 10m:2287.9 | Shares: 150/0 (found:150) | Diff: 88310 | 24s elapsed (since last share, avg 39s) | best=351 target=48635 (999%)
[2026-09-16T02:25:04Z INFO  minertim] H/s 1m:2217.1 5m:2271.5 10m:2287.9 | Shares: 150/0 (found:150) | Diff: 88310 | 34s elapsed (since last share, avg 39s) | best=351 target=48635 (999%)
[2026-09-16T02:25:06Z INFO  minertim::pool_connection] New job: SyKx2uIytRFfQUfm (difficulty: 88310, target: fbbd0000)
[2026-09-16T02:25:11Z INFO  minertim::miner] Worker 1 SHARE FOUND! job_id=SyKx2uIytRFfQUfm, nonce=cd1b4001, hash_val=15644, difficulty=88310, hash=f3f9c7041c0c7197c79d9fd11354fe942b0c16251f73955bad5ee1c11c3d0000
[2026-09-16T02:25:11Z INFO  minertim::pool_connection] New job: mUM6l3vI8fslCZwa (difficulty: 132466, target: a77e0000)
[2026-09-16T02:25:12Z INFO  minertim::pool_connection] Share accepted by pool
[2026-09-16T02:25:14Z INFO  minertim] H/s 1m:2212.6 5m:2275.1 10m:2288.5 | Shares: 151/0 (found:151) | Diff: 132466 | 3s elapsed (since last share, avg 59s) | best=351 target=32423 (999%)
[2026-09-16T02:25:24Z INFO  minertim] H/s 1m:2271.2 5m:2276.7 10m:2289.0 | Shares: 151/0 (found:151) | Diff: 132466 | 13s elapsed (since last share, avg 58s) | best=351 target=32423 (999%)
[2026-09-16T02:25:26Z INFO  minertim::pool_connection] New job: 8z2VpqLY0p6hoLEk (difficulty: 132466, target: a77e0000)
[2026-09-16T02:25:34Z INFO  minertim] H/s 1m:2365.9 5m:2276.9 10m:2289.4 | Shares: 151/0 (found:151) | Diff: 132466 | 23s elapsed (since last share, avg 55s) | best=351 target=32423 (999%)
[2026-09-16T02:25:41Z INFO  minertim::pool_connection] New job: BnkOcuo1AvTAWARj (difficulty: 198703, target: 6f540000)
[2026-09-16T02:25:44Z INFO  minertim] H/s 1m:2365.7 5m:2276.8 10m:2289.4 | Shares: 151/0 (found:151) | Diff: 198703 | 33s elapsed (since last share, avg 1m23s) | best=351 target=21615 (999%)
[2026-09-16T02:25:46Z INFO  minertim::pool_connection] New job: 7NHgqgjIf1am6O11 (difficulty: 198703, target: 6f540000)
[2026-09-16T02:25:54Z INFO  minertim] H/s 1m:2350.3 5m:2284.3 10m:2288.2 | Shares: 151/0 (found:151) | Diff: 198703 | 43s elapsed (since last share, avg 1m24s) | best=351 target=21615 (999%)
[2026-09-16T02:26:04Z INFO  minertim] H/s 1m:2339.1 5m:2282.0 10m:2286.9 | Shares: 151/0 (found:151) | Diff: 198703 | 53s elapsed (since last share, avg 1m24s) | best=351 target=21615 (999%)
[2026-09-16T02:26:06Z INFO  minertim::pool_connection] New job: MI5lEhT5K5YK93eb (difficulty: 198703, target: 6f540000)
[2026-09-16T02:26:11Z INFO  minertim::pool_connection] New job: dpxGh0rcBq8qvHB6 (difficulty: 149027, target: 94700000)
[2026-09-16T02:26:14Z INFO  minertim] H/s 1m:2336.8 5m:2292.1 10m:2286.8 | Shares: 151/0 (found:151) | Diff: 149027 | 1m3s elapsed (since last share, avg 1m3s) | best=351 target=28820 (999%)
[2026-09-16T02:26:24Z INFO  minertim] H/s 1m:2336.5 5m:2283.3 10m:2286.8 | Shares: 151/0 (found:151) | Diff: 149027 | 1m13s elapsed (since last share, avg 1m3s) | best=351 target=28820 (999%)
[2026-09-16T02:26:26Z INFO  minertim::pool_connection] New job: Dzk6b6J0TYpbOAmf (difficulty: 149027, target: 94700000)
[2026-09-16T02:26:34Z INFO  minertim] H/s 1m:2329.5 5m:2282.0 10m:2286.4 | Shares: 151/0 (found:151) | Diff: 149027 | 1m23s elapsed (since last share, avg 1m3s) | best=351 target=28820 (999%)
[2026-09-16T02:26:44Z INFO  minertim] H/s 1m:2344.1 5m:2281.9 10m:2286.7 | Shares: 151/0 (found:151) | Diff: 149027 | 1m33s elapsed (since last share, avg 1m3s) | best=351 target=28820 (999%)
[2026-09-16T02:26:46Z INFO  minertim::pool_connection] New job: K9AI1eQmz5WB4QWY (difficulty: 149027, target: 94700000)
[2026-09-16T02:26:54Z INFO  minertim] H/s 1m:2359.7 5m:2281.8 10m:2286.8 | Shares: 151/0 (found:151) | Diff: 149027 | 1m43s elapsed (since last share, avg 1m3s) | best=351 target=28820 (999%)
[2026-09-16T02:27:04Z INFO  minertim] H/s 1m:2361.6 5m:2281.8 10m:2286.7 | Shares: 151/0 (found:151) | Diff: 149027 | 1m53s elapsed (since last share, avg 1m3s) | best=351 target=28820 (999%)
[2026-09-16T02:27:06Z INFO  minertim::pool_connection] New job: eCt1qQ3Vsgo7KkdW (difficulty: 149027, target: 94700000)
[2026-09-16T02:27:11Z INFO  minertim::pool_connection] New job: 4wa0e50dlNyDRxkK (difficulty: 111769, target: 1b960000)
[2026-09-16T02:27:14Z INFO  minertim] H/s 1m:2361.6 5m:2281.8 10m:2286.7 | Shares: 151/0 (found:151) | Diff: 111769 | 2m3s elapsed (since last share, avg 47s) | best=351 target=38427 (999%)
[2026-09-16T02:27:24Z INFO  minertim] H/s 1m:2368.6 5m:2284.0 10m:2286.6 | Shares: 151/0 (found:151) | Diff: 111769 | 2m13s elapsed (since last share, avg 47s) | best=351 target=38427 (999%)
[2026-09-16T02:27:25Z INFO  minertim::pool_connection] New job: QFAMNitgp3LnHcNh (difficulty: 111769, target: 1b960000)
[2026-09-16T02:27:34Z INFO  minertim] H/s 1m:2369.8 5m:2284.1 10m:2286.7 | Shares: 151/0 (found:151) | Diff: 111769 | 2m23s elapsed (since last share, avg 47s) | best=351 target=38427 (999%)
[2026-09-16T02:27:44Z INFO  minertim] H/s 1m:2351.4 5m:2301.1 10m:2285.1 | Shares: 151/0 (found:151) | Diff: 111769 | 2m33s elapsed (since last share, avg 47s) | best=351 target=38427 (999%)
[2026-09-16T02:27:45Z INFO  minertim::pool_connection] New job: XarEvyJ5p0xIqPa8 (difficulty: 111769, target: 1b960000)
[2026-09-16T02:27:54Z INFO  minertim] H/s 1m:2348.7 5m:2320.6 10m:2284.9 | Shares: 151/0 (found:151) | Diff: 111769 | 2m43s elapsed (since last share, avg 47s) | best=351 target=38427 (999%)
[2026-09-16T02:28:04Z INFO  minertim] H/s 1m:2349.2 5m:2321.8 10m:2285.0 | Shares: 151/0 (found:151) | Diff: 111769 | 2m53s elapsed (since last share, avg 47s) | best=351 target=38427 (999%)
[2026-09-16T02:28:05Z INFO  minertim::pool_connection] New job: X0lSxo6zxIslvy8x (difficulty: 111769, target: 1b960000)
[2026-09-16T02:28:11Z INFO  minertim::pool_connection] New job: kAOjObDrcLVMn4Tn (difficulty: 83827, target: 24c80000)
[2026-09-16T02:28:11Z INFO  minertim::miner] Worker 3 SHARE FOUND! job_id=kAOjObDrcLVMn4Tn, nonce=d78c4001, hash_val=28722, difficulty=83827, hash=f9d867465d67b416c82db73604f2a4b5859fa282b224d5b785365da732700000
[2026-09-16T02:28:14Z INFO  minertim] H/s 1m:2349.6 5m:2321.8 10m:2285.0 | Shares: 151/0 (found:152) | Diff: 83827 | 2s elapsed (since last share, avg 35s) | best=351 target=51236 (999%)
[2026-09-16T02:28:24Z INFO  minertim] H/s 1m:2232.9 5m:2306.9 10m:2275.1 | Shares: 151/0 (found:152) | Diff: 83827 | 12s elapsed (since last share, avg 37s) | best=351 target=51236 (999%)
[2026-09-16T02:28:25Z INFO  minertim::pool_connection] New job: 0cTkFOZNVyY0Bbhl (difficulty: 83827, target: 24c80000)
[2026-09-16T02:28:25Z INFO  minertim::pool_connection] Share accepted by pool
[2026-09-16T02:28:34Z INFO  minertim] H/s 1m:2194.9 5m:2301.0 10m:2270.3 | Shares: 152/0 (found:152) | Diff: 83827 | 22s elapsed (since last share, avg 38s) | best=351 target=51236 (999%)
[2026-09-16T02:28:41Z INFO  minertim::pool_connection] New job: UqriUisBMVKLizo7 (difficulty: 125741, target: 6d850000)
[2026-09-16T02:28:44Z INFO  minertim] H/s 1m:2192.2 5m:2301.2 10m:2272.6 | Shares: 152/0 (found:152) | Diff: 125741 | 32s elapsed (since last share, avg 57s) | best=351 target=34157 (999%)
[2026-09-16T02:28:45Z INFO  minertim::pool_connection] New job: a0FfjqSdjuPIkOJE (difficulty: 125741, target: 6d850000)
[2026-09-16T02:28:50Z INFO  minertim::miner] Worker 2 SHARE FOUND! job_id=a0FfjqSdjuPIkOJE, nonce=4a354301, hash_val=23552, difficulty=125741, hash=7ccdbd482f7da3d0d34fcd7c30fd1a6980a50fe7ab4e77c45e274e70005c0000
[2026-09-16T02:28:54Z INFO  minertim] H/s 1m:2124.9 5m:2289.8 10m:2267.0 | Shares: 152/0 (found:153) | Diff: 125741 | 4s elapsed (since last share, avg 59s) | best=351 target=34157 (999%)
[2026-09-16T02:28:55Z INFO  minertim::pool_connection] Share accepted by pool
[2026-09-16T02:29:04Z INFO  minertim] H/s 1m:2069.3 5m:2280.3 10m:2262.5 | Shares: 153/0 (found:153) | Diff: 125741 | 14s elapsed (since last share, avg 1m0s) | best=351 target=34157 (999%)
[2026-09-16T02:29:05Z INFO  minertim::pool_connection] New job: mSna23n6YJyQ3FGb (difficulty: 125741, target: 6d850000)
[2026-09-16T02:29:11Z INFO  minertim::miner] Worker 2 SHARE FOUND! job_id=mSna23n6YJyQ3FGb, nonce=8ac94301, hash_val=8062, difficulty=125741, hash=dcf600143bf084e5563eac3dc4967fe1287fd8d45c1bbe2e7e24435c7e1f0000
[2026-09-16T02:29:11Z INFO  minertim::pool_connection] New job: j34oNq6zArav8sgO (difficulty: 188615, target: f3580000)
[2026-09-16T02:29:12Z INFO  minertim::pool_connection] Share accepted by pool
[2026-09-16T02:29:14Z INFO  minertim] H/s 1m:2172.9 5m:2278.1 10m:2271.5 | Shares: 154/0 (found:154) | Diff: 188615 | 3s elapsed (since last share, avg 1m26s) | best=351 target=22771 (999%)
[2026-09-16T02:29:24Z INFO  minertim] H/s 1m:2201.3 5m:2283.3 10m:2274.4 | Shares: 154/0 (found:154) | Diff: 188615 | 13s elapsed (since last share, avg 1m25s) | best=351 target=22771 (999%)
[2026-09-16T02:29:25Z INFO  minertim::pool_connection] New job: HrR8i90y5BDohdXW (difficulty: 188615, target: f3580000)
[2026-09-16T02:29:34Z INFO  minertim] H/s 1m:2177.3 5m:2294.5 10m:2281.7 | Shares: 154/0 (found:154) | Diff: 188615 | 23s elapsed (since last share, avg 1m26s) | best=351 target=22771 (999%)
[2026-09-16T02:29:42Z INFO  minertim::pool_connection] New job: nb9803slflmF0CEn (difficulty: 282917, target: 4d3b0000)
[2026-09-16T02:29:44Z INFO  minertim] H/s 1m:2230.9 5m:2292.2 10m:2282.9 | Shares: 154/0 (found:154) | Diff: 282917 | 33s elapsed (since last share, avg 2m6s) | best=351 target=15181 (999%)
[2026-09-16T02:29:44Z INFO  minertim::pool_connection] New job: 7pHVkFOd0L9Ex4Lb (difficulty: 282917, target: 4d3b0000)
[2026-09-16T02:29:54Z INFO  minertim] H/s 1m:2282.4 5m:2291.6 10m:2282.6 | Shares: 154/0 (found:154) | Diff: 282917 | 43s elapsed (since last share, avg 2m3s) | best=351 target=15181 (999%)
[2026-09-16T02:30:00Z INFO  minertim::miner] Worker 3 SHARE FOUND! job_id=7pHVkFOd0L9Ex4Lb, nonce=33e44301, hash_val=4365, difficulty=282917, hash=d16d0aed88610482a8fd6237d19bda0f7831e266ea59a8d1a4128a9c0d110000
[2026-09-16T02:30:04Z INFO  minertim::pool_connection] New job: Wi9Qi9oOLwPnBjoE (difficulty: 282917, target: 4d3b0000)
[2026-09-16T02:30:04Z INFO  minertim] H/s 1m:2287.7 5m:2291.1 10m:2282.4 | Shares: 154/0 (found:155) | Diff: 282917 | 4s elapsed (since last share, avg 2m3s) | best=351 target=15181 (999%)
[2026-09-16T02:30:05Z INFO  minertim::pool_connection] Share accepted by pool
[2026-09-16T02:30:14Z INFO  minertim] H/s 1m:2295.3 5m:2287.5 10m:2282.8 | Shares: 155/0 (found:155) | Diff: 282917 | 14s elapsed (since last share, avg 2m3s) | best=351 target=15181 (999%)
[2026-09-16T02:30:24Z INFO  minertim::pool_connection] New job: 2CiqG50iJGSgffxU (difficulty: 282917, target: 4d3b0000)
[2026-09-16T02:30:24Z INFO  minertim] H/s 1m:2320.8 5m:2286.7 10m:2283.3 | Shares: 155/0 (found:155) | Diff: 282917 | 24s elapsed (since last share, avg 2m1s) | best=351 target=15181 (999%)
[2026-09-16T02:30:34Z INFO  minertim] H/s 1m:2333.4 5m:2286.7 10m:2283.3 | Shares: 155/0 (found:155) | Diff: 282917 | 34s elapsed (since last share, avg 2m1s) | best=351 target=15181 (999%)
[2026-09-16T02:30:40Z INFO  minertim::pool_connection] New job: 7TboM8lbfPX0gzt8 (difficulty: 282917, target: 4d3b0000)
[2026-09-16T02:30:44Z INFO  minertim] H/s 1m:2336.9 5m:2289.3 10m:2283.2 | Shares: 155/0 (found:155) | Diff: 282917 | 44s elapsed (since last share, avg 2m1s) | best=351 target=15181 (999%)
[2026-09-16T02:30:54Z INFO  minertim] H/s 1m:2334.8 5m:2290.3 10m:2287.4 | Shares: 155/0 (found:155) | Diff: 282917 | 54s elapsed (since last share, avg 2m1s) | best=351 target=15181 (999%)
[2026-09-16T02:31:00Z INFO  minertim::pool_connection] New job: YqFKfSHySLRL1bPk (difficulty: 282917, target: 4d3b0000)
[2026-09-16T02:31:04Z INFO  minertim] H/s 1m:2332.0 5m:2286.7 10m:2285.6 | Shares: 155/0 (found:155) | Diff: 282917 | 1m4s elapsed (since last share, avg 2m1s) | best=351 target=15181 (999%)
[2026-09-16T02:31:12Z INFO  minertim::pool_connection] New job: 7x7Z0PpUHNAKnlsK (difficulty: 213978, target: 684e0000)
[2026-09-16T02:31:14Z INFO  minertim] H/s 1m:2331.3 5m:2285.8 10m:2290.4 | Shares: 155/0 (found:155) | Diff: 213978 | 1m14s elapsed (since last share, avg 1m31s) | best=351 target=20072 (999%)
[2026-09-16T02:31:17Z INFO  minertim::miner] Worker 1 SHARE FOUND! job_id=7x7Z0PpUHNAKnlsK, nonce=91294d01, hash_val=3243, difficulty=213978, hash=5dad1a45b8958d0e0eb97a50735263abd583cf4b91fa61888dd5aa1cab0c0000
[2026-09-16T02:31:20Z INFO  minertim::pool_connection] New job: PciddiV8JXuyvBpA (difficulty: 213978, target: 684e0000)
[2026-09-16T02:31:20Z INFO  minertim::pool_connection] Share accepted by pool
[2026-09-16T02:31:24Z INFO  minertim] H/s 1m:2262.0 5m:2275.0 10m:2280.1 | Shares: 156/0 (found:156) | Diff: 213978 | 7s elapsed (since last share, avg 1m34s) | best=351 target=20072 (999%)
[2026-09-16T02:31:34Z INFO  minertim] H/s 1m:2245.0 5m:2272.2 10m:2278.6 | Shares: 156/0 (found:156) | Diff: 213978 | 17s elapsed (since last share, avg 1m35s) | best=351 target=20072 (999%)
[2026-09-16T02:31:40Z INFO  minertim::pool_connection] New job: YMSYQTaQK1Dz65GH (difficulty: 213978, target: 684e0000)
[2026-09-16T02:31:42Z INFO  minertim::pool_connection] New job: W03Wa5OlSNW5rmhD (difficulty: 320975, target: 45340000)
[2026-09-16T02:31:44Z INFO  minertim] H/s 1m:2252.7 5m:2271.9 10m:2278.4 | Shares: 156/0 (found:156) | Diff: 320975 | 27s elapsed (since last share, avg 2m22s) | best=351 target=13381 (999%)
[2026-09-16T02:31:54Z INFO  minertim] H/s 1m:2274.6 5m:2271.7 10m:2278.3 | Shares: 156/0 (found:156) | Diff: 320975 | 37s elapsed (since last share, avg 2m21s) | best=351 target=13381 (999%)
[2026-09-16T02:32:00Z INFO  minertim::pool_connection] New job: QZoZ2FtaemiefCbJ (difficulty: 320975, target: 45340000)
[2026-09-16T02:32:04Z INFO  minertim] H/s 1m:2278.8 5m:2271.6 10m:2278.3 | Shares: 156/0 (found:156) | Diff: 320975 | 47s elapsed (since last share, avg 2m20s) | best=351 target=13381 (999%)
[2026-09-16T02:32:14Z INFO  minertim] H/s 1m:2348.0 5m:2271.5 10m:2278.2 | Shares: 156/0 (found:156) | Diff: 320975 | 57s elapsed (since last share, avg 2m16s) | best=351 target=13381 (999%)
[2026-09-16T02:32:19Z INFO  minertim::pool_connection] New job: 0RRBhNoDh0ztflXT (difficulty: 320975, target: 45340000)
[2026-09-16T02:32:24Z INFO  minertim] H/s 1m:2363.8 5m:2271.2 10m:2279.2 | Shares: 156/0 (found:156) | Diff: 320975 | 1m7s elapsed (since last share, avg 2m15s) | best=351 target=13381 (999%)
[2026-09-16T02:32:34Z INFO  minertim] H/s 1m:2364.6 5m:2274.2 10m:2279.1 | Shares: 156/0 (found:156) | Diff: 320975 | 1m17s elapsed (since last share, avg 2m15s) | best=351 target=13381 (999%)
[2026-09-16T02:32:39Z INFO  minertim::pool_connection] New job: iWrK3mhf6hQGUSzM (difficulty: 320975, target: 45340000)
[2026-09-16T02:32:42Z INFO  minertim::pool_connection] New job: 0V4wd3WGzSSDiFZ5 (difficulty: 178310, target: 175e0000)
[2026-09-16T02:32:44Z INFO  minertim] H/s 1m:2365.0 5m:2274.5 10m:2288.9 | Shares: 156/0 (found:156) | Diff: 178310 | 1m27s elapsed (since last share, avg 1m15s) | best=351 target=24087 (999%)
[2026-09-16T02:32:54Z INFO  minertim] H/s 1m:2364.8 5m:2274.3 10m:2298.7 | Shares: 156/0 (found:156) | Diff: 178310 | 1m37s elapsed (since last share, avg 1m15s) | best=351 target=24087 (999%)
[2026-09-16T02:32:59Z INFO  minertim::pool_connection] New job: bW7WyA0c4068Qe7D (difficulty: 178310, target: 175e0000)
[2026-09-16T02:33:04Z INFO  minertim] H/s 1m:2364.1 5m:2274.0 10m:2299.1 | Shares: 156/0 (found:156) | Diff: 178310 | 1m47s elapsed (since last share, avg 1m15s) | best=351 target=24087 (999%)
[2026-09-16T02:33:14Z INFO  minertim] H/s 1m:2363.5 5m:2293.7 10m:2298.9 | Shares: 156/0 (found:156) | Diff: 178310 | 1m57s elapsed (since last share, avg 1m15s) | best=351 target=24087 (999%)
[2026-09-16T02:33:19Z INFO  minertim::pool_connection] New job: UJTg8PYzzCUtDtNF (difficulty: 178310, target: 175e0000)
[2026-09-16T02:33:24Z INFO  minertim] H/s 1m:2359.2 5m:2302.5 10m:2301.0 | Shares: 156/0 (found:156) | Diff: 178310 | 2m7s elapsed (since last share, avg 1m15s) | best=351 target=24087 (999%)
[2026-09-16T02:33:34Z INFO  minertim] H/s 1m:2360.0 5m:2303.4 10m:2302.9 | Shares: 156/0 (found:156) | Diff: 178310 | 2m17s elapsed (since last share, avg 1m15s) | best=351 target=24087 (999%)
[2026-09-16T02:33:39Z INFO  minertim::pool_connection] New job: 05I03swhg6WS1tiI (difficulty: 178310, target: 175e0000)
[2026-09-16T02:33:42Z INFO  minertim::pool_connection] New job: 7KbLAd05y00WBWtV (difficulty: 133732, target: 747d0000)
[2026-09-16T02:33:44Z INFO  minertim] H/s 1m:2360.7 5m:2314.9 10m:2303.5 | Shares: 156/0 (found:156) | Diff: 133732 | 2m27s elapsed (since last share, avg 56s) | best=351 target=32116 (999%)
[2026-09-16T02:33:54Z INFO  minertim] H/s 1m:2362.1 5m:2324.5 10m:2303.5 | Shares: 156/0 (found:156) | Diff: 133732 | 2m37s elapsed (since last share, avg 56s) | best=351 target=32116 (999%)
[2026-09-16T02:33:59Z INFO  minertim::pool_connection] New job: 0WelLYPBOT4o1S8Z (difficulty: 133732, target: 747d0000)
[2026-09-16T02:34:04Z INFO  minertim] H/s 1m:2364.4 5m:2326.7 10m:2303.6 | Shares: 156/0 (found:156) | Diff: 133732 | 2m47s elapsed (since last share, avg 56s) | best=351 target=32116 (999%)
[2026-09-16T02:34:05Z INFO  minertim::pool_connection] New job: 0AzfBUR79vfnGVDr (difficulty: 133732, target: 747d0000)
[2026-09-16T02:34:14Z INFO  minertim] H/s 1m:2368.8 5m:2331.4 10m:2303.5 | Shares: 156/0 (found:156) | Diff: 133732 | 2m57s elapsed (since last share, avg 56s) | best=351 target=32116 (999%)
[2026-09-16T02:34:25Z INFO  minertim] H/s 1m:2363.5 5m:2335.5 10m:2307.9 | Shares: 156/0 (found:156) | Diff: 133732 | 3m7s elapsed (since last share, avg 56s) | best=351 target=32116 (999%)
[2026-09-16T02:34:25Z INFO  minertim::pool_connection] New job: 19d0GzMJRCBTVWKo (difficulty: 133732, target: 747d0000)
[2026-09-16T02:34:35Z INFO  minertim] H/s 1m:2363.6 5m:2337.8 10m:2315.9 | Shares: 156/0 (found:156) | Diff: 133732 | 3m17s elapsed (since last share, avg 56s) | best=351 target=32116 (999%)
[2026-09-16T02:34:42Z INFO  minertim::pool_connection] New job: bjUJlycu3QnSGtay (difficulty: 98655, target: 0faa0000)
[2026-09-16T02:34:45Z INFO  minertim] H/s 1m:2348.2 5m:2335.8 10m:2314.6 | Shares: 156/0 (found:156) | Diff: 98655 | 3m27s elapsed (since last share, avg 42s) | best=351 target=43535 (999%)
[2026-09-16T02:34:45Z INFO  minertim::pool_connection] New job: oUlp0tOZhXGSc7jk (difficulty: 98655, target: 0faa0000)
[2026-09-16T02:34:50Z INFO  minertim::miner] Worker 0 SHARE FOUND! job_id=oUlp0tOZhXGSc7jk, nonce=84dc5001, hash_val=24651, difficulty=98655, hash=05748b748d06d106d5e98be0435c6f7eeb987045b7068b7ae0ed9e484b600000
[2026-09-16T02:34:55Z INFO  minertim] H/s 1m:2273.9 5m:2324.3 10m:2308.4 | Shares: 156/0 (found:157) | Diff: 98655 | 4s elapsed (since last share, avg 43s) | best=351 target=43535 (999%)
[2026-09-16T02:34:59Z INFO  minertim::pool_connection] New job: 46rRww0i5UcyvbIa (difficulty: 98655, target: 0faa0000)
[2026-09-16T02:34:59Z INFO  minertim::pool_connection] Share accepted by pool
[2026-09-16T02:35:05Z INFO  minertim] H/s 1m:2250.5 5m:2323.7 10m:2306.7 | Shares: 157/0 (found:157) | Diff: 98655 | 14s elapsed (since last share, avg 43s) | best=351 target=43535 (999%)
[2026-09-16T02:35:12Z INFO  minertim::pool_connection] New job: NuMrehYZq391wSqk (difficulty: 147984, target: 5f710000)
[2026-09-16T02:35:15Z INFO  minertim] H/s 1m:2255.0 5m:2324.2 10m:2306.6 | Shares: 157/0 (found:157) | Diff: 147984 | 24s elapsed (since last share, avg 1m5s) | best=351 target=29023 (999%)
[2026-09-16T02:35:19Z INFO  minertim::pool_connection] New job: LhLZBqk00W3NeSFl (difficulty: 147984, target: 5f710000)
[2026-09-16T02:35:25Z INFO  minertim] H/s 1m:2253.6 5m:2324.0 10m:2306.4 | Shares: 157/0 (found:157) | Diff: 147984 | 34s elapsed (since last share, avg 1m5s) | best=351 target=29023 (999%)
[2026-09-16T02:35:35Z INFO  minertim] H/s 1m:2268.2 5m:2324.0 10m:2306.4 | Shares: 157/0 (found:157) | Diff: 147984 | 44s elapsed (since last share, avg 1m5s) | best=351 target=29023 (999%)
[2026-09-16T02:35:39Z INFO  minertim::pool_connection] New job: XvnQQFiXxRnytC3n (difficulty: 147984, target: 5f710000)
[2026-09-16T02:35:45Z INFO  minertim] H/s 1m:2341.4 5m:2325.4 10m:2307.6 | Shares: 157/0 (found:157) | Diff: 147984 | 54s elapsed (since last share, avg 1m3s) | best=351 target=29023 (999%)
[2026-09-16T02:35:55Z INFO  minertim] H/s 1m:2364.8 5m:2329.3 10m:2308.9 | Shares: 157/0 (found:157) | Diff: 147984 | 1m4s elapsed (since last share, avg 1m2s) | best=351 target=29023 (999%)
[2026-09-16T02:35:59Z INFO  minertim::pool_connection] New job: onR0gzkC1VzVFYaa (difficulty: 147984, target: 5f710000)
[2026-09-16T02:36:05Z INFO  minertim] H/s 1m:2364.2 5m:2329.8 10m:2308.9 | Shares: 157/0 (found:157) | Diff: 147984 | 1m14s elapsed (since last share, avg 1m2s) | best=351 target=29023 (999%)
[2026-09-16T02:36:12Z INFO  minertim::pool_connection] New job: 8uZFlJyRmoqX4cew (difficulty: 91221, target: ebb70000)
[2026-09-16T02:36:15Z INFO  minertim] H/s 1m:2363.0 5m:2341.4 10m:2308.7 | Shares: 157/0 (found:157) | Diff: 91221 | 1m24s elapsed (since last share, avg 38s) | best=351 target=47083 (999%)
[2026-09-16T02:36:19Z INFO  minertim::pool_connection] New job: H0w0Qprg0se8RDgX (difficulty: 91221, target: ebb70000)
[2026-09-16T02:36:25Z INFO  minertim] H/s 1m:2363.0 5m:2344.3 10m:2309.2 | Shares: 157/0 (found:157) | Diff: 91221 | 1m34s elapsed (since last share, avg 38s) | best=351 target=47083 (999%)
[2026-09-16T02:36:35Z INFO  minertim] H/s 1m:2363.9 5m:2344.6 10m:2309.3 | Shares: 157/0 (found:157) | Diff: 91221 | 1m44s elapsed (since last share, avg 38s) | best=351 target=47083 (999%)
[2026-09-16T02:36:39Z INFO  minertim::pool_connection] New job: V99lGNQH5EKgdg0j (difficulty: 91221, target: ebb70000)
[2026-09-16T02:36:45Z INFO  minertim] H/s 1m:2360.7 5m:2344.2 10m:2308.9 | Shares: 157/0 (found:157) | Diff: 91221 | 1m54s elapsed (since last share, avg 38s) | best=351 target=47083 (999%)
[2026-09-16T02:36:55Z INFO  minertim] H/s 1m:2355.9 5m:2343.1 10m:2308.4 | Shares: 157/0 (found:157) | Diff: 91221 | 2m4s elapsed (since last share, avg 38s) | best=351 target=47083 (999%)
[2026-09-16T02:36:58Z INFO  minertim::pool_connection] New job: WcE24uzGRnHD0pNm (difficulty: 91221, target: ebb70000)
[2026-09-16T02:37:05Z INFO  minertim] H/s 1m:2352.1 5m:2342.1 10m:2307.9 | Shares: 157/0 (found:157) | Diff: 91221 | 2m14s elapsed (since last share, avg 38s) | best=351 target=47083 (999%)
[2026-09-16T02:37:12Z INFO  minertim::pool_connection] New job: jPWnodIsMTtgUMS9 (difficulty: 68416, target: 39f50000)
[2026-09-16T02:37:15Z INFO  minertim] H/s 1m:2350.1 5m:2341.9 10m:2307.7 | Shares: 157/0 (found:157) | Diff: 68416 | 2m24s elapsed (since last share, avg 29s) | best=351 target=62777 (999%)
[2026-09-16T02:37:18Z INFO  minertim::pool_connection] New job: ZpY4mZ7niuJNGgEq (difficulty: 68416, target: 39f50000)
[2026-09-16T02:37:22Z INFO  minertim::miner] Worker 3 SHARE FOUND! job_id=ZpY4mZ7niuJNGgEq, nonce=f7995301, hash_val=31821, difficulty=68416, hash=08c98b7f76d9ffef9526aab4cfeea7140af04782f4d52b308dadcda74d7c0000
[2026-09-16T02:37:25Z INFO  minertim] H/s 1m:2291.1 5m:2332.0 10m:2302.6 | Shares: 157/0 (found:158) | Diff: 68416 | 2s elapsed (since last share, avg 29s) | best=351 target=62777 (999%)
[2026-09-16T02:37:35Z INFO  minertim] H/s 1m:2178.7 5m:2312.1 10m:2294.3 | Shares: 157/0 (found:158) | Diff: 68416 | 12s elapsed (since last share, avg 31s) | best=351 target=62777 (999%)
[2026-09-16T02:37:35Z INFO  minertim::miner] Worker 0 SHARE FOUND! job_id=ZpY4mZ7niuJNGgEq, nonce=107c5601, hash_val=51159, difficulty=68416, hash=a3b980adb68218cce0cabafbbe333ea719f8aefad52d9bd472637929d7c70000
[2026-09-16T02:37:38Z INFO  minertim::pool_connection] New job: DvCAdi7fONl8oGgI (difficulty: 68416, target: 39f50000)
[2026-09-16T02:37:39Z INFO  minertim::pool_connection] Share accepted by pool
[2026-09-16T02:37:39Z INFO  minertim::pool_connection] Share accepted by pool
[2026-09-16T02:37:42Z INFO  minertim::pool_connection] New job: HDrxvy7UsKHpjIrB (difficulty: 102625, target: 7ba30000)
[2026-09-16T02:37:45Z INFO  minertim] H/s 1m:2124.5 5m:2301.7 10m:2289.4 | Shares: 159/0 (found:159) | Diff: 102625 | 9s elapsed (since last share, avg 48s) | best=351 target=41851 (999%)
[2026-09-16T02:37:53Z INFO  minertim::miner] Worker 2 SHARE FOUND! job_id=HDrxvy7UsKHpjIrB, nonce=d6845601, hash_val=34051, difficulty=102625, hash=b170bd7cb5c720de6709b5e2fa11fa0ca329f14cea1515f55ff5e09f03850000
[2026-09-16T02:37:55Z INFO  minertim] H/s 1m:2126.8 5m:2301.2 10m:2289.0 | Shares: 159/0 (found:160) | Diff: 102625 | 1s elapsed (since last share, avg 48s) | best=351 target=41851 (999%)
[2026-09-16T02:37:58Z INFO  minertim::pool_connection] New job: ff9rscu74AsCa0zt (difficulty: 102625, target: 7ba30000)
[2026-09-16T02:37:58Z INFO  minertim::pool_connection] Share accepted by pool
[2026-09-16T02:38:05Z INFO  minertim] H/s 1m:2111.2 5m:2298.5 10m:2287.5 | Shares: 160/0 (found:160) | Diff: 102625 | 11s elapsed (since last share, avg 48s) | best=351 target=41851 (999%)
[2026-09-16T02:38:12Z INFO  minertim::pool_connection] New job: bcZH1xrQ1JtDPq0O (difficulty: 153941, target: fc6c0000)
[2026-09-16T02:38:15Z INFO  minertim] H/s 1m:2169.5 5m:2299.3 10m:2297.3 | Shares: 160/0 (found:160) | Diff: 153941 | 21s elapsed (since last share, avg 1m10s) | best=351 target=27900 (999%)
[2026-09-16T02:38:18Z INFO  minertim::pool_connection] New job: lSyF5TirBYieYznw (difficulty: 153941, target: fc6c0000)
[2026-09-16T02:38:19Z INFO  minertim::miner] Worker 3 SHARE FOUND! job_id=lSyF5TirBYieYznw, nonce=7f0f5501, hash_val=18431, difficulty=153941, hash=2bb3ac8cc9e200c46f32b20e8ea33a1b1894156169c5dcdbffcbb3edff470000
[2026-09-16T02:38:25Z INFO  minertim] H/s 1m:2223.3 5m:2288.5 10m:2296.7 | Shares: 160/0 (found:161) | Diff: 153941 | 6s elapsed (since last share, avg 1m9s) | best=351 target=27900 (999%)
[2026-09-16T02:38:35Z INFO  minertim] H/s 1m:2164.4 5m:2267.8 10m:2287.1 | Shares: 160/0 (found:161) | Diff: 153941 | 16s elapsed (since last share, avg 1m11s) | best=351 target=27900 (999%)
[2026-09-16T02:38:38Z INFO  minertim::pool_connection] New job: yun8NM0Ms0dm0Dpg (difficulty: 153941, target: fc6c0000)
[2026-09-16T02:38:38Z INFO  minertim::pool_connection] Share accepted by pool
[2026-09-16T02:38:45Z INFO  minertim] H/s 1m:2108.9 5m:2257.6 10m:2287.7 | Shares: 161/0 (found:161) | Diff: 153941 | 26s elapsed (since last share, avg 1m12s) | best=351 target=27900 (999%)
[2026-09-16T02:38:55Z INFO  minertim] H/s 1m:2120.4 5m:2256.4 10m:2291.8 | Shares: 161/0 (found:161) | Diff: 153941 | 36s elapsed (since last share, avg 1m12s) | best=351 target=27900 (999%)
[2026-09-16T02:38:58Z INFO  minertim::pool_connection] New job: fBbmZCGKrV6z65ae (difficulty: 153941, target: fc6c0000)
[2026-09-16T02:39:05Z INFO  minertim] H/s 1m:2115.8 5m:2255.6 10m:2292.4 | Shares: 161/0 (found:161) | Diff: 153941 | 46s elapsed (since last share, avg 1m12s) | best=351 target=27900 (999%)
[2026-09-16T02:39:09Z INFO  minertim::miner] Worker 0 SHARE FOUND! job_id=fBbmZCGKrV6z65ae, nonce=00c05901, hash_val=9471, difficulty=153941, hash=6bb4de4c41ab6f5a490d777ac678267e64d69aa4814da71a78da5d36ff240000
[2026-09-16T02:39:15Z INFO  minertim] H/s 1m:2118.7 5m:2246.3 10m:2289.7 | Shares: 161/0 (found:162) | Diff: 153941 | 5s elapsed (since last share, avg 1m12s) | best=351 target=27900 (999%)
[2026-09-16T02:39:18Z INFO  minertim::pool_connection] New job: G45Q1TnYV0XdNz8D (difficulty: 153941, target: fc6c0000)
[2026-09-16T02:39:18Z INFO  minertim::pool_connection] Share accepted by pool
[2026-09-16T02:39:25Z INFO  minertim] H/s 1m:2176.3 5m:2235.5 10m:2287.0 | Shares: 162/0 (found:162) | Diff: 153941 | 15s elapsed (since last share, avg 1m10s) | best=351 target=27900 (999%)
[2026-09-16T02:39:35Z INFO  minertim] H/s 1m:2227.7 5m:2236.8 10m:2287.4 | Shares: 162/0 (found:162) | Diff: 153941 | 25s elapsed (since last share, avg 1m9s) | best=351 target=27900 (999%)
[2026-09-16T02:39:35Z INFO  minertim::pool_connection] New job: OY0x1lmT90LDNMXZ (difficulty: 153941, target: fc6c0000)
[2026-09-16T02:39:45Z INFO  minertim] H/s 1m:2232.7 5m:2249.3 10m:2287.6 | Shares: 162/0 (found:162) | Diff: 153941 | 35s elapsed (since last share, avg 1m8s) | best=351 target=27900 (999%)
[2026-09-16T02:39:55Z INFO  minertim] H/s 1m:2228.2 5m:2251.8 10m:2287.4 | Shares: 162/0 (found:162) | Diff: 153941 | 45s elapsed (since last share, avg 1m9s) | best=351 target=27900 (999%)
[2026-09-16T02:39:55Z INFO  minertim::pool_connection] New job: 3hHvEv4LCk0UrPey (difficulty: 153941, target: fc6c0000)
[2026-09-16T02:40:05Z INFO  minertim] H/s 1m:2287.4 5m:2251.9 10m:2289.1 | Shares: 162/0 (found:162) | Diff: 153941 | 55s elapsed (since last share, avg 1m7s) | best=351 target=27900 (999%)
[2026-09-16T02:40:15Z INFO  minertim] H/s 1m:2349.0 5m:2252.0 10m:2289.4 | Shares: 162/0 (found:162) | Diff: 153941 | 1m5s elapsed (since last share, avg 1m5s) | best=351 target=27900 (999%)
[2026-09-16T02:40:15Z INFO  minertim::pool_connection] New job: TvYlRfQoAHhSawYW (difficulty: 153941, target: fc6c0000)
[2026-09-16T02:40:25Z INFO  minertim] H/s 1m:2356.1 5m:2252.0 10m:2289.3 | Shares: 162/0 (found:162) | Diff: 153941 | 1m15s elapsed (since last share, avg 1m5s) | best=351 target=27900 (999%)
[2026-09-16T02:40:35Z INFO  minertim] H/s 1m:2357.2 5m:2252.0 10m:2289.3 | Shares: 162/0 (found:162) | Diff: 153941 | 1m25s elapsed (since last share, avg 1m5s) | best=351 target=27900 (999%)
[2026-09-16T02:40:35Z INFO  minertim::pool_connection] New job: JMuyy6cts9QqQdh9 (difficulty: 153941, target: fc6c0000)
[2026-09-16T02:40:44Z INFO  minertim::miner] Worker 2 SHARE FOUND! job_id=JMuyy6cts9QqQdh9, nonce=f2775c01, hash_val=22508, difficulty=153941, hash=c3d0762f98bb236ef09019df806a1faec4ba9e9f59e77bb79f21b865ec570000
[2026-09-16T02:40:45Z INFO  minertim] H/s 1m:2366.1 5m:2252.0 10m:2290.0 | Shares: 162/0 (found:163) | Diff: 153941 | 1s elapsed (since last share, avg 1m5s) | best=351 target=27900 (999%)
[2026-09-16T02:40:55Z INFO  minertim::pool_connection] New job: Xr0iUd5FpLlZH2i0 (difficulty: 153941, target: fc6c0000)
[2026-09-16T02:40:55Z INFO  minertim] H/s 1m:2256.1 5m:2233.2 10m:2282.6 | Shares: 162/0 (found:163) | Diff: 153941 | 11s elapsed (since last share, avg 1m8s) | best=351 target=27900 (999%)
[2026-09-16T02:40:55Z INFO  minertim::pool_connection] Share accepted by pool
[2026-09-16T02:41:03Z INFO  minertim::miner] Worker 0 SHARE FOUND! job_id=Xr0iUd5FpLlZH2i0, nonce=48905d01, hash_val=12973, difficulty=153941, hash=663a100f3535f0875e641e36452051d5c30407c2616b61844a9cd300ad320000
[2026-09-16T02:41:05Z INFO  minertim] H/s 1m:2256.4 5m:2233.6 10m:2283.0 | Shares: 163/0 (found:164) | Diff: 153941 | 1s elapsed (since last share, avg 1m8s) | best=351 target=27900 (999%)
[2026-09-16T02:41:12Z INFO  minertim::pool_connection] New job: IVG7WbT0EcG6ncmF (difficulty: 117409, target: e58e0000)
[2026-09-16T02:41:12Z INFO  minertim::pool_connection] Share accepted by pool
[2026-09-16T02:41:15Z INFO  minertim::pool_connection] New job: X0smAQGBhWdRXdpB (difficulty: 117409, target: e58e0000)
[2026-09-16T02:41:15Z INFO  minertim] H/s 1m:2149.5 5m:2215.1 10m:2279.8 | Shares: 164/0 (found:164) | Diff: 117409 | 11s elapsed (since last share, avg 54s) | best=351 target=36581 (999%)
[2026-09-16T02:41:22Z INFO  minertim::miner] Worker 1 SHARE FOUND! job_id=X0smAQGBhWdRXdpB, nonce=91d86201, hash_val=10160, difficulty=117409, hash=79eca3b9a1b85d9f7d841535d89c9ab2aaf20a289a45cca4844331c4b0270000
[2026-09-16T02:41:24Z INFO  minertim::miner] Worker 2 SHARE FOUND! job_id=X0smAQGBhWdRXdpB, nonce=568b5d01, hash_val=31411, difficulty=117409, hash=648225c10d4cdef092647ba75da3b5d8c0b2e1b0c1d91309a3c58921b37a0000
[2026-09-16T02:41:25Z INFO  minertim] H/s 1m:2088.1 5m:2204.4 10m:2276.0 | Shares: 164/0 (found:166) | Diff: 117409 | 0s elapsed (since last share, avg 56s) | best=351 target=36581 (999%)
[2026-09-16T02:41:35Z INFO  minertim::pool_connection] New job: oCSzRVroO9NOgxly (difficulty: 117409, target: e58e0000)
[2026-09-16T02:41:35Z INFO  minertim] H/s 1m:1934.7 5m:2178.6 10m:2263.1 | Shares: 164/0 (found:166) | Diff: 117409 | 10s elapsed (since last share, avg 1m0s) | best=351 target=36581 (999%)
[2026-09-16T02:41:35Z INFO  minertim::pool_connection] Share accepted by pool
[2026-09-16T02:41:35Z INFO  minertim::pool_connection] Share accepted by pool
[2026-09-16T02:41:42Z INFO  minertim::pool_connection] New job: 00CJHaun0M2O5til (difficulty: 176117, target: 435f0000)
[2026-09-16T02:41:45Z INFO  minertim] H/s 1m:2045.6 5m:2179.7 10m:2263.2 | Shares: 166/0 (found:166) | Diff: 176117 | 20s elapsed (since last share, avg 1m26s) | best=351 target=24387 (999%)
[2026-09-16T02:41:55Z INFO  minertim::pool_connection] New job: CEMr2PuGN8x68b7F (difficulty: 176117, target: 435f0000)
[2026-09-16T02:41:55Z INFO  minertim] H/s 1m:2045.5 5m:2180.8 10m:2263.2 | Shares: 166/0 (found:166) | Diff: 176117 | 30s elapsed (since last share, avg 1m26s) | best=351 target=24387 (999%)
[2026-09-16T02:42:05Z INFO  minertim] H/s 1m:2141.3 5m:2179.2 10m:2262.3 | Shares: 166/0 (found:166) | Diff: 176117 | 40s elapsed (since last share, avg 1m22s) | best=351 target=24387 (999%)
[2026-09-16T02:42:14Z INFO  minertim::pool_connection] New job: PXf3r8rAckSbmqF6 (difficulty: 176117, target: 435f0000)
[2026-09-16T02:42:15Z INFO  minertim] H/s 1m:2202.5 5m:2189.2 10m:2262.3 | Shares: 166/0 (found:166) | Diff: 176117 | 50s elapsed (since last share, avg 1m19s) | best=351 target=24387 (999%)
[2026-09-16T02:42:25Z INFO  minertim] H/s 1m:2356.7 5m:2209.3 10m:2262.4 | Shares: 166/0 (found:166) | Diff: 176117 | 1m0s elapsed (since last share, avg 1m14s) | best=351 target=24387 (999%)
[2026-09-16T02:42:28Z INFO  minertim::miner] Worker 3 SHARE FOUND! job_id=PXf3r8rAckSbmqF6, nonce=4b585d01, hash_val=14665, difficulty=176117, hash=26066becc2526472a89d0f7813683e0848db624c4d508cabe657309449390000
[2026-09-16T02:42:34Z INFO  minertim::pool_connection] New job: Z3NWawFuABdHHSm0 (difficulty: 176117, target: 435f0000)
[2026-09-16T02:42:35Z INFO  minertim::pool_connection] Share accepted by pool
[2026-09-16T02:42:35Z INFO  minertim] H/s 1m:2300.4 5m:2210.1 10m:2257.8 | Shares: 167/0 (found:167) | Diff: 176117 | 6s elapsed (since last share, avg 1m16s) | best=351 target=24387 (999%)
[2026-09-16T02:42:42Z INFO  minertim::pool_connection] New job: jnKd3LKdRwZWxFrM (difficulty: 134326, target: e67c0000)
[2026-09-16T02:42:42Z INFO  minertim::miner] Worker 0 SHARE FOUND! job_id=jnKd3LKdRwZWxFrM, nonce=84d46001, hash_val=29023, difficulty=134326, hash=46f393fd49f9127dd01982209ee8de21a7633c4ec007a132fadf26eb5f710000
[2026-09-16T02:42:45Z INFO  minertim::miner] Worker 3 SHARE FOUND! job_id=jnKd3LKdRwZWxFrM, nonce=6fba5d01, hash_val=20648, difficulty=134326, hash=2c07c36bb41b4d9b2421135f79f6c3da3c4242b0c3be6912331a67bca8500000
[2026-09-16T02:42:45Z INFO  minertim] H/s 1m:2301.7 5m:2210.9 10m:2257.9 | Shares: 167/0 (found:169) | Diff: 134326 | 0s elapsed (since last share, avg 58s) | best=351 target=31974 (999%)
[2026-09-16T02:42:53Z INFO  minertim::miner] Worker 2 SHARE FOUND! job_id=jnKd3LKdRwZWxFrM, nonce=4a636001, hash_val=27772, difficulty=134326, hash=2fb49a5c38bb04cda487dc50a165d868b67f65dd45aacde0bc314a4f7c6c0000
[2026-09-16T02:42:54Z INFO  minertim::pool_connection] New job: 8mKTrqC4Y7CRG6Yr (difficulty: 134326, target: e67c0000)
[2026-09-16T02:42:54Z INFO  minertim::pool_connection] Share accepted by pool
[2026-09-16T02:42:55Z INFO  minertim::pool_connection] Share accepted by pool
[2026-09-16T02:42:55Z INFO  minertim::pool_connection] Share accepted by pool
[2026-09-16T02:42:55Z INFO  minertim] H/s 1m:2082.6 5m:2174.2 10m:2238.4 | Shares: 170/0 (found:170) | Diff: 134326 | 1s elapsed (since last share, avg 1m4s) | best=351 target=31974 (999%)
[2026-09-16T02:43:05Z INFO  minertim] H/s 1m:2083.7 5m:2174.4 10m:2238.6 | Shares: 170/0 (found:170) | Diff: 134326 | 11s elapsed (since last share, avg 1m4s) | best=351 target=31974 (999%)
[2026-09-16T02:43:12Z INFO  minertim::pool_connection] New job: oOn93AQA88NH5znz (difficulty: 201490, target: 44530000)
[2026-09-16T02:43:14Z INFO  minertim::pool_connection] New job: yX80lU3yjZp0NHXR (difficulty: 201490, target: 44530000)
[2026-09-16T02:43:15Z INFO  minertim] H/s 1m:2083.8 5m:2185.2 10m:2239.1 | Shares: 170/0 (found:170) | Diff: 201490 | 21s elapsed (since last share, avg 1m36s) | best=351 target=21316 (999%)
[2026-09-16T02:43:25Z INFO  minertim] H/s 1m:2139.9 5m:2205.9 10m:2239.1 | Shares: 170/0 (found:170) | Diff: 201490 | 31s elapsed (since last share, avg 1m34s) | best=351 target=21316 (999%)
[2026-09-16T02:43:34Z INFO  minertim::pool_connection] New job: V0nb4RMgY3VNgEvF (difficulty: 201490, target: 44530000)
[2026-09-16T02:43:34Z INFO  minertim::miner] Worker 1 SHARE FOUND! job_id=V0nb4RMgY3VNgEvF, nonce=79296701, hash_val=18669, difficulty=201490, hash=c6b843caef661da0c0e2a8c44db2f81ca60d64aaefd4b1eaf0e52175ed480000
[2026-09-16T02:43:35Z INFO  minertim] H/s 1m:2079.9 5m:2205.9 10m:2234.1 | Shares: 170/0 (found:171) | Diff: 201490 | 0s elapsed (since last share, avg 1m36s) | best=351 target=21316 (999%)
[2026-09-16T02:43:45Z INFO  minertim] H/s 1m:2194.9 5m:2187.1 10m:2224.2 | Shares: 170/0 (found:171) | Diff: 201490 | 10s elapsed (since last share, avg 1m31s) | best=351 target=21316 (999%)
[2026-09-16T02:43:51Z INFO  minertim::pool_connection] New job: iT1qGqnd059cTmxx (difficulty: 201490, target: 44530000)
[2026-09-16T02:43:52Z INFO  minertim::pool_connection] Share accepted by pool
[2026-09-16T02:43:55Z INFO  minertim] H/s 1m:2129.8 5m:2176.8 10m:2218.7 | Shares: 171/0 (found:171) | Diff: 201490 | 20s elapsed (since last share, avg 1m34s) | best=351 target=21316 (999%)
[2026-09-16T02:44:05Z INFO  minertim] H/s 1m:2123.3 5m:2186.0 10m:2218.3 | Shares: 171/0 (found:171) | Diff: 201490 | 30s elapsed (since last share, avg 1m34s) | best=351 target=21316 (999%)
[2026-09-16T02:44:11Z INFO  minertim::pool_connection] New job: Y03BPM1KAQxFN6bG (difficulty: 201490, target: 44530000)
[2026-09-16T02:44:15Z INFO  minertim] H/s 1m:2123.8 5m:2196.8 10m:2218.8 | Shares: 171/0 (found:171) | Diff: 201490 | 40s elapsed (since last share, avg 1m34s) | best=351 target=21316 (999%)
[2026-09-16T02:44:25Z INFO  minertim] H/s 1m:2183.5 5m:2198.3 10m:2218.8 | Shares: 171/0 (found:171) | Diff: 201490 | 50s elapsed (since last share, avg 1m32s) | best=351 target=21316 (999%)
[2026-09-16T02:44:31Z INFO  minertim::pool_connection] New job: 0yXfBVzruzDFhpR4 (difficulty: 201490, target: 44530000)
[2026-09-16T02:44:35Z INFO  minertim] H/s 1m:2299.9 5m:2198.6 10m:2220.2 | Shares: 171/0 (found:171) | Diff: 201490 | 1m0s elapsed (since last share, avg 1m27s) | best=351 target=21316 (999%)
[2026-09-16T02:44:40Z INFO  minertim::miner] Worker 0 SHARE FOUND! job_id=0yXfBVzruzDFhpR4, nonce=f8ab6401, hash_val=17654, difficulty=201490, hash=e892f8187dc9adda0fe298f3a3b2a836e95d4d179b0fae70efa3c302f6440000
[2026-09-16T02:44:45Z INFO  minertim] H/s 1m:2306.3 5m:2190.2 10m:2221.5 | Shares: 171/0 (found:172) | Diff: 201490 | 4s elapsed (since last share, avg 1m27s) | best=351 target=21316 (999%)
[2026-09-16T02:44:51Z INFO  minertim::pool_connection] New job: l8Pc4jzTwcdG0oQ3 (difficulty: 201490, target: 44530000)
[2026-09-16T02:44:51Z INFO  minertim::pool_connection] Share accepted by pool
[2026-09-16T02:44:55Z INFO  minertim] H/s 1m:2211.2 5m:2172.9 10m:2214.9 | Shares: 172/0 (found:172) | Diff: 201490 | 14s elapsed (since last share, avg 1m31s) | best=351 target=21316 (999%)
[2026-09-16T02:45:05Z INFO  minertim] H/s 1m:2210.3 5m:2172.9 10m:2215.0 | Shares: 172/0 (found:172) | Diff: 201490 | 24s elapsed (since last share, avg 1m31s) | best=351 target=21316 (999%)
[2026-09-16T02:45:11Z INFO  minertim::pool_connection] New job: f6XsQ12GmgGyS114 (difficulty: 201490, target: 44530000)
[2026-09-16T02:45:15Z INFO  minertim::miner] Worker 0 SHARE FOUND! job_id=f6XsQ12GmgGyS114, nonce=18886501, hash_val=14317, difficulty=201490, hash=857fc5dcbe9557f14046b813e91803f72c7a663f4138273107da6687ed370000
[2026-09-16T02:45:15Z INFO  minertim] H/s 1m:2210.1 5m:2173.1 10m:2215.1 | Shares: 172/0 (found:173) | Diff: 201490 | 0s elapsed (since last share, avg 1m31s) | best=351 target=21316 (999%)
[2026-09-16T02:45:25Z INFO  minertim] H/s 1m:2092.9 5m:2153.1 10m:2205.3 | Shares: 172/0 (found:173) | Diff: 201490 | 10s elapsed (since last share, avg 1m36s) | best=351 target=21316 (999%)
[2026-09-16T02:45:31Z INFO  minertim::pool_connection] New job: FwuC8dSzuyKbrgUm (difficulty: 201490, target: 44530000)
[2026-09-16T02:45:31Z INFO  minertim::pool_connection] Share accepted by pool
[2026-09-16T02:45:35Z INFO  minertim] H/s 1m:2079.1 5m:2140.8 10m:2199.3 | Shares: 173/0 (found:173) | Diff: 201490 | 20s elapsed (since last share, avg 1m36s) | best=351 target=21316 (999%)
[2026-09-16T02:45:43Z INFO  minertim::miner] Worker 1 SHARE FOUND! job_id=FwuC8dSzuyKbrgUm, nonce=c5336b01, hash_val=4016, difficulty=201490, hash=2d6ad99e1319671f68980c28deaacc76f63a7252907085d1edc3ead3b00f0000
[2026-09-16T02:45:45Z INFO  minertim] H/s 1m:2181.4 5m:2160.0 10m:2199.4 | Shares: 173/0 (found:174) | Diff: 201490 | 2s elapsed (since last share, avg 1m32s) | best=351 target=21316 (999%)
[2026-09-16T02:45:51Z INFO  minertim::pool_connection] New job: gq7Qx8Y3mFrduAbj (difficulty: 201490, target: 44530000)
[2026-09-16T02:45:51Z INFO  minertim::pool_connection] Share accepted by pool
[2026-09-16T02:45:55Z INFO  minertim] H/s 1m:2083.7 5m:2143.1 10m:2191.2 | Shares: 174/0 (found:174) | Diff: 201490 | 12s elapsed (since last share, avg 1m36s) | best=351 target=21316 (999%)
[2026-09-16T02:46:05Z INFO  minertim] H/s 1m:2083.4 5m:2161.7 10m:2191.5 | Shares: 174/0 (found:174) | Diff: 201490 | 22s elapsed (since last share, avg 1m36s) | best=351 target=21316 (999%)
[2026-09-16T02:46:11Z INFO  minertim::pool_connection] New job: mENRps0aJE2ViEt3 (difficulty: 201490, target: 44530000)
[2026-09-16T02:46:15Z INFO  minertim] H/s 1m:2200.2 5m:2172.4 10m:2191.5 | Shares: 174/0 (found:174) | Diff: 201490 | 32s elapsed (since last share, avg 1m31s) | best=351 target=21316 (999%)
[2026-09-16T02:46:25Z INFO  minertim] H/s 1m:2272.5 5m:2199.0 10m:2191.5 | Shares: 174/0 (found:174) | Diff: 201490 | 42s elapsed (since last share, avg 1m28s) | best=351 target=21316 (999%)
[2026-09-16T02:46:30Z INFO  minertim::pool_connection] New job: XhPeBio3j8ijUBOE (difficulty: 201490, target: 44530000)
[2026-09-16T02:46:35Z INFO  minertim] H/s 1m:2271.7 5m:2198.9 10m:2191.8 | Shares: 174/0 (found:174) | Diff: 201490 | 52s elapsed (since last share, avg 1m28s) | best=351 target=21316 (999%)
[2026-09-16T02:46:45Z INFO  minertim] H/s 1m:2370.1 5m:2199.1 10m:2192.4 | Shares: 174/0 (found:174) | Diff: 201490 | 1m2s elapsed (since last share, avg 1m25s) | best=351 target=21316 (999%)
[2026-09-16T02:46:50Z INFO  minertim::pool_connection] New job: GHcdn3PtNKEe1HKD (difficulty: 201490, target: 44530000)
[2026-09-16T02:46:55Z INFO  minertim] H/s 1m:2370.5 5m:2201.2 10m:2193.0 | Shares: 174/0 (found:174) | Diff: 201490 | 1m12s elapsed (since last share, avg 1m25s) | best=351 target=21316 (999%)
[2026-09-16T02:47:05Z INFO  minertim] H/s 1m:2370.9 5m:2201.4 10m:2193.3 | Shares: 174/0 (found:174) | Diff: 201490 | 1m22s elapsed (since last share, avg 1m24s) | best=351 target=21316 (999%)
[2026-09-16T02:47:10Z INFO  minertim::pool_connection] New job: sqRp3O1jYvnUOhbw (difficulty: 201490, target: 44530000)
[2026-09-16T02:47:15Z INFO  minertim] H/s 1m:2371.3 5m:2201.5 10m:2198.3 | Shares: 174/0 (found:174) | Diff: 201490 | 1m32s elapsed (since last share, avg 1m24s) | best=351 target=21316 (999%)
[2026-09-16T02:47:18Z INFO  minertim::miner] Worker 2 SHARE FOUND! job_id=sqRp3O1jYvnUOhbw, nonce=7af26901, hash_val=8287, difficulty=201490, hash=4cebc37c49cbdae234f77e249ac942e7cd33aa796d2055f7bd5d32e25f200000
[2026-09-16T02:47:24Z INFO  minertim::pool_connection] New job: o6X6YmyflqpCRJhN (difficulty: 201490, target: 44530000)
[2026-09-16T02:47:24Z INFO  minertim::pool_connection] Share accepted by pool
[2026-09-16T02:47:25Z INFO  minertim] H/s 1m:2286.8 5m:2196.6 10m:2201.0 | Shares: 175/0 (found:175) | Diff: 201490 | 7s elapsed (since last share, avg 1m28s) | best=351 target=21316 (999%)
[2026-09-16T02:47:35Z INFO  minertim] H/s 1m:2286.9 5m:2196.5 10m:2206.2 | Shares: 175/0 (found:175) | Diff: 201490 | 17s elapsed (since last share, avg 1m28s) | best=351 target=21316 (999%)
[2026-09-16T02:47:43Z INFO  minertim::pool_connection] New job: hMnsxsd0ZQM1wcq7 (difficulty: 201490, target: 44530000)
[2026-09-16T02:47:45Z INFO  minertim] H/s 1m:2287.1 5m:2236.5 10m:2206.6 | Shares: 175/0 (found:175) | Diff: 201490 | 27s elapsed (since last share, avg 1m28s) | best=351 target=21316 (999%)
[2026-09-16T02:47:55Z INFO  minertim] H/s 1m:2287.0 5m:2236.5 10m:2208.2 | Shares: 175/0 (found:175) | Diff: 201490 | 37s elapsed (since last share, avg 1m28s) | best=351 target=21316 (999%)
[2026-09-16T02:48:03Z INFO  minertim::pool_connection] New job: 0K6x8RZq46zG8mGO (difficulty: 201490, target: 44530000)
[2026-09-16T02:48:05Z INFO  minertim] H/s 1m:2286.4 5m:2236.5 10m:2208.2 | Shares: 175/0 (found:175) | Diff: 201490 | 47s elapsed (since last share, avg 1m28s) | best=351 target=21316 (999%)
[2026-09-16T02:48:12Z INFO  minertim::pool_connection] New job: IGBAxKdFOMsgepzF (difficulty: 201490, target: 44530000)
[2026-09-16T02:48:15Z INFO  minertim] H/s 1m:2371.1 5m:2236.5 10m:2213.5 | Shares: 175/0 (found:175) | Diff: 201490 | 57s elapsed (since last share, avg 1m24s) | best=351 target=21316 (999%)
[2026-09-16T02:48:25Z INFO  minertim] H/s 1m:2370.5 5m:2246.6 10m:2223.7 | Shares: 175/0 (found:175) | Diff: 201490 | 1m7s elapsed (since last share, avg 1m25s) | best=351 target=21316 (999%)
[2026-09-16T02:48:32Z INFO  minertim::pool_connection] New job: Cph4GMTau91JcqUN (difficulty: 201490, target: 44530000)
[2026-09-16T02:48:35Z INFO  minertim] H/s 1m:2370.1 5m:2266.7 10m:2228.7 | Shares: 175/0 (found:175) | Diff: 201490 | 1m17s elapsed (since last share, avg 1m25s) | best=351 target=21316 (999%)
[2026-09-16T02:48:45Z INFO  minertim] H/s 1m:2370.0 5m:2277.9 10m:2229.3 | Shares: 175/0 (found:175) | Diff: 201490 | 1m27s elapsed (since last share, avg 1m25s) | best=351 target=21316 (999%)
[2026-09-16T02:48:52Z INFO  minertim::pool_connection] New job: ltG0lKrWQuDjarXy (difficulty: 201490, target: 44530000)
[2026-09-16T02:48:55Z INFO  minertim] H/s 1m:2370.3 5m:2279.0 10m:2229.8 | Shares: 175/0 (found:175) | Diff: 201490 | 1m37s elapsed (since last share, avg 1m25s) | best=351 target=21316 (999%)
[2026-09-16T02:49:05Z INFO  minertim] H/s 1m:2370.1 5m:2278.9 10m:2234.8 | Shares: 175/0 (found:175) | Diff: 201490 | 1m47s elapsed (since last share, avg 1m25s) | best=351 target=21316 (999%)
[2026-09-16T02:49:11Z INFO  minertim::pool_connection] New job: c8p3glMlKu9PEk5p (difficulty: 201490, target: 44530000)
[2026-09-16T02:49:12Z INFO  minertim::pool_connection] New job: UrAUfQUsTUZAUxBU (difficulty: 143923, target: 92740000)
[2026-09-16T02:49:15Z INFO  minertim] H/s 1m:2370.9 5m:2279.0 10m:2240.2 | Shares: 175/0 (found:175) | Diff: 143923 | 1m57s elapsed (since last share, avg 1m0s) | best=351 target=29842 (999%)
[2026-09-16T02:49:20Z INFO  minertim::pool_connection] New job: UiLTeci6CaD0csui (difficulty: 143923, target: 92740000)
[2026-09-16T02:49:25Z INFO  minertim] H/s 1m:2370.5 5m:2278.9 10m:2240.8 | Shares: 175/0 (found:175) | Diff: 143923 | 2m7s elapsed (since last share, avg 1m0s) | best=351 target=29842 (999%)
[2026-09-16T02:49:35Z INFO  minertim] H/s 1m:2370.5 5m:2289.0 10m:2241.0 | Shares: 175/0 (found:175) | Diff: 143923 | 2m17s elapsed (since last share, avg 1m0s) | best=351 target=29842 (999%)
[2026-09-16T02:49:39Z INFO  minertim::pool_connection] New job: 053J1ad7A2xRIDXv (difficulty: 143923, target: 92740000)
[2026-09-16T02:49:45Z INFO  minertim] H/s 1m:2370.8 5m:2306.6 10m:2241.9 | Shares: 175/0 (found:175) | Diff: 143923 | 2m27s elapsed (since last share, avg 1m0s) | best=351 target=29842 (999%)
[2026-09-16T02:49:55Z INFO  minertim] H/s 1m:2371.7 5m:2306.8 10m:2242.0 | Shares: 175/0 (found:175) | Diff: 143923 | 2m37s elapsed (since last share, avg 1m0s) | best=351 target=29842 (999%)
[2026-09-16T02:49:59Z INFO  minertim::pool_connection] New job: E3uJd1E48vtqRevP (difficulty: 143923, target: 92740000)
[2026-09-16T02:50:05Z INFO  minertim] H/s 1m:2370.8 5m:2306.7 10m:2242.0 | Shares: 175/0 (found:175) | Diff: 143923 | 2m47s elapsed (since last share, avg 1m0s) | best=351 target=29842 (999%)
[2026-09-16T02:50:12Z INFO  minertim::pool_connection] New job: HZ1kGOCqbFog5kbJ (difficulty: 107940, target: 6e9b0000)
[2026-09-16T02:50:15Z INFO  minertim] H/s 1m:2371.3 5m:2326.9 10m:2242.1 | Shares: 175/0 (found:175) | Diff: 107940 | 2m57s elapsed (since last share, avg 45s) | best=351 target=39790 (999%)
[2026-09-16T02:50:19Z INFO  minertim::pool_connection] New job: GAiz0sas10C0Q6yZ (difficulty: 107940, target: 6e9b0000)
[2026-09-16T02:50:25Z INFO  minertim] H/s 1m:2371.3 5m:2339.3 10m:2242.2 | Shares: 175/0 (found:175) | Diff: 107940 | 3m7s elapsed (since last share, avg 45s) | best=351 target=39790 (999%)
[2026-09-16T02:50:35Z INFO  minertim] H/s 1m:2370.8 5m:2339.2 10m:2242.3 | Shares: 175/0 (found:175) | Diff: 107940 | 3m17s elapsed (since last share, avg 45s) | best=351 target=39790 (999%)
[2026-09-16T02:50:39Z INFO  minertim::pool_connection] New job: 06kTCIAcNF0MWISh (difficulty: 107940, target: 6e9b0000)
[2026-09-16T02:50:45Z INFO  minertim] H/s 1m:2370.5 5m:2356.2 10m:2251.7 | Shares: 175/0 (found:175) | Diff: 107940 | 3m27s elapsed (since last share, avg 45s) | best=351 target=39790 (999%)
[2026-09-16T02:50:55Z INFO  minertim] H/s 1m:2370.5 5m:2356.2 10m:2251.7 | Shares: 175/0 (found:175) | Diff: 107940 | 3m37s elapsed (since last share, avg 45s) | best=351 target=39790 (999%)
[2026-09-16T02:50:59Z INFO  minertim::pool_connection] New job: V3Jdbt6NEwLnNjP4 (difficulty: 107940, target: 6e9b0000)
[2026-09-16T02:51:05Z INFO  minertim::miner] Worker 0 SHARE FOUND! job_id=V3Jdbt6NEwLnNjP4, nonce=aca17101, hash_val=9606, difficulty=107940, hash=2b15158b4419ec01258d99f9dac62f42907330337c1852100954261486250000
[2026-09-16T02:51:05Z INFO  minertim] H/s 1m:2368.5 5m:2355.9 10m:2260.7 | Shares: 175/0 (found:176) | Diff: 107940 | 0s elapsed (since last share, avg 45s) | best=351 target=39790 (999%)
[2026-09-16T02:51:12Z INFO  minertim::pool_connection] New job: eYxEDpHe6HYkSXPu (difficulty: 80954, target: 3ecf0000)
[2026-09-16T02:51:13Z INFO  minertim::pool_connection] Share accepted by pool
[2026-09-16T02:51:15Z INFO  minertim] H/s 1m:2302.2 5m:2344.5 10m:2260.3 | Shares: 176/0 (found:176) | Diff: 80954 | 10s elapsed (since last share, avg 35s) | best=351 target=53054 (999%)
[2026-09-16T02:51:19Z INFO  minertim::pool_connection] New job: I10aNDq6odZkQ6nT (difficulty: 80954, target: 3ecf0000)
[2026-09-16T02:51:25Z INFO  minertim] H/s 1m:2300.8 5m:2344.2 10m:2273.3 | Shares: 176/0 (found:176) | Diff: 80954 | 20s elapsed (since last share, avg 35s) | best=351 target=53054 (999%)
[2026-09-16T02:51:35Z INFO  minertim] H/s 1m:2300.5 5m:2344.2 10m:2273.3 | Shares: 176/0 (found:176) | Diff: 80954 | 30s elapsed (since last share, avg 35s) | best=351 target=53054 (999%)
[2026-09-16T02:51:39Z INFO  minertim::pool_connection] New job: yCMHM0KboA2jC3Dd (difficulty: 80954, target: 3ecf0000)
[2026-09-16T02:51:42Z INFO  minertim::pool_connection] New job: i7yDeNNizEHQQ0ZQ (difficulty: 121433, target: 298a0000)
[2026-09-16T02:51:45Z INFO  minertim::pool_connection] New job: UUsi0g9ZqpzFFvPu (difficulty: 121433, target: 298a0000)
[2026-09-16T02:51:45Z INFO  minertim] H/s 1m:2300.1 5m:2344.0 10m:2273.3 | Shares: 176/0 (found:176) | Diff: 121433 | 40s elapsed (since last share, avg 52s) | best=351 target=35369 (999%)
[2026-09-16T02:51:55Z INFO  minertim] H/s 1m:2302.0 5m:2344.0 10m:2274.3 | Shares: 176/0 (found:176) | Diff: 121433 | 50s elapsed (since last share, avg 52s) | best=351 target=35369 (999%)
[2026-09-16T02:52:05Z INFO  minertim::pool_connection] New job: H0jpQ4UL0wGOruHg (difficulty: 121433, target: 298a0000)
[2026-09-16T02:52:05Z INFO  minertim] H/s 1m:2368.5 5m:2344.0 10m:2274.4 | Shares: 176/0 (found:176) | Diff: 121433 | 1m0s elapsed (since last share, avg 51s) | best=351 target=35369 (999%)
[2026-09-16T02:52:12Z INFO  minertim::pool_connection] New job: St5NbsFYBfZgjv2e (difficulty: 91074, target: 37b80000)
[2026-09-16T02:52:15Z INFO  minertim] H/s 1m:2369.8 5m:2358.6 10m:2274.4 | Shares: 176/0 (found:176) | Diff: 91074 | 1m10s elapsed (since last share, avg 38s) | best=351 target=47159 (999%)
[2026-09-16T02:52:25Z INFO  minertim::pool_connection] New job: fcKYBsXyk97XaLIA (difficulty: 91074, target: 37b80000)
[2026-09-16T02:52:25Z INFO  minertim] H/s 1m:2369.8 5m:2358.5 10m:2279.1 | Shares: 176/0 (found:176) | Diff: 91074 | 1m20s elapsed (since last share, avg 38s) | best=351 target=47159 (999%)
[2026-09-16T02:52:35Z INFO  minertim] H/s 1m:2370.2 5m:2358.4 10m:2279.1 | Shares: 176/0 (found:176) | Diff: 91074 | 1m30s elapsed (since last share, avg 38s) | best=351 target=47159 (999%)
[2026-09-16T02:52:45Z INFO  minertim::pool_connection] New job: DCzPmkZvkX2R25WV (difficulty: 91074, target: 37b80000)
[2026-09-16T02:52:45Z INFO  minertim] H/s 1m:2362.0 5m:2356.9 10m:2298.0 | Shares: 176/0 (found:176) | Diff: 91074 | 1m40s elapsed (since last share, avg 38s) | best=351 target=47159 (999%)
[2026-09-16T02:52:55Z INFO  minertim] H/s 1m:2356.9 5m:2356.1 10m:2297.5 | Shares: 176/0 (found:176) | Diff: 91074 | 1m50s elapsed (since last share, avg 38s) | best=351 target=47159 (999%)
[2026-09-16T02:53:04Z INFO  minertim::pool_connection] New job: PmRDYr4FuxT6MWtU (difficulty: 91074, target: 37b80000)
[2026-09-16T02:53:05Z INFO  minertim] H/s 1m:2356.7 5m:2356.1 10m:2297.5 | Shares: 176/0 (found:176) | Diff: 91074 | 2m0s elapsed (since last share, avg 38s) | best=351 target=47159 (999%)
[2026-09-16T02:53:12Z INFO  minertim::pool_connection] New job: rU7VpQuAcGtyn07R (difficulty: 68305, target: 9ff50000)
[2026-09-16T02:53:15Z INFO  minertim] H/s 1m:2356.1 5m:2356.0 10m:2297.5 | Shares: 176/0 (found:176) | Diff: 68305 | 2m10s elapsed (since last share, avg 28s) | best=351 target=62879 (999%)
[2026-09-16T02:53:19Z INFO  minertim::miner] Worker 0 SHARE FOUND! job_id=rU7VpQuAcGtyn07R, nonce=98317601, hash_val=52639, difficulty=68305, hash=c4139e6e5980925187d220e298778eb11bffe2285caa6708d9c35b669fcd0000
[2026-09-16T02:53:24Z INFO  minertim::pool_connection] New job: 4v87bpOB8r4Q1RV0 (difficulty: 68305, target: 9ff50000)
[2026-09-16T02:53:25Z INFO  minertim::pool_connection] Share accepted by pool
[2026-09-16T02:53:25Z INFO  minertim] H/s 1m:2315.4 5m:2348.9 10m:2299.0 | Shares: 177/0 (found:177) | Diff: 68305 | 6s elapsed (since last share, avg 29s) | best=351 target=62879 (999%)
[2026-09-16T02:53:32Z INFO  minertim::miner] Worker 3 SHARE FOUND! job_id=4v87bpOB8r4Q1RV0, nonce=6fcd7401, hash_val=51495, difficulty=68305, hash=b4b65f28b20c9fa84c1efcb6278c798b7d03fdc375e052dc6614e8e527c90000
[2026-09-16T02:53:35Z INFO  minertim] H/s 1m:2264.6 5m:2338.8 10m:2303.9 | Shares: 177/0 (found:178) | Diff: 68305 | 3s elapsed (since last share, avg 30s) | best=351 target=62879 (999%)
[2026-09-16T02:53:42Z INFO  minertim::pool_connection] New job: CQBomXVOhd1e2VqV (difficulty: 102458, target: bfa30000)
[2026-09-16T02:53:43Z INFO  minertim::pool_connection] Share accepted by pool
[2026-09-16T02:53:44Z INFO  minertim::pool_connection] New job: 0IL3EMgqqMrxpWUL (difficulty: 102458, target: bfa30000)
[2026-09-16T02:53:45Z INFO  minertim] H/s 1m:2186.1 5m:2324.4 10m:2302.3 | Shares: 178/0 (found:178) | Diff: 102458 | 13s elapsed (since last share, avg 46s) | best=351 target=41919 (999%)
[2026-09-16T02:53:55Z INFO  minertim] H/s 1m:2186.0 5m:2324.3 10m:2302.8 | Shares: 178/0 (found:178) | Diff: 102458 | 23s elapsed (since last share, avg 46s) | best=351 target=41919 (999%)
[2026-09-16T02:53:57Z INFO  minertim::miner] Worker 3 SHARE FOUND! job_id=0IL3EMgqqMrxpWUL, nonce=9f567501, hash_val=41823, difficulty=102458, hash=020be99027856b3f6c3ab46dfd666c1cf18d954f275cd1a64374bf955fa30000
[2026-09-16T02:54:04Z INFO  minertim::pool_connection] New job: cEto71XkhQhmEREc (difficulty: 102458, target: bfa30000)
[2026-09-16T02:54:04Z INFO  minertim::pool_connection] Share accepted by pool
[2026-09-16T02:54:06Z INFO  minertim] H/s 1m:2121.0 5m:2312.9 10m:2297.2 | Shares: 179/0 (found:179) | Diff: 102458 | 8s elapsed (since last share, avg 48s) | best=351 target=41919 (999%)
[2026-09-16T02:54:12Z INFO  minertim::pool_connection] New job: VeCkPTe4WSq4ukZG (difficulty: 153688, target: 2a6d0000)
[2026-09-16T02:54:16Z INFO  minertim] H/s 1m:2160.6 5m:2312.7 10m:2297.1 | Shares: 179/0 (found:179) | Diff: 153688 | 18s elapsed (since last share, avg 1m11s) | best=351 target=27946 (999%)
[2026-09-16T02:54:24Z INFO  minertim::pool_connection] New job: rg05Lx0Rx209mT5V (difficulty: 153688, target: 2a6d0000)
[2026-09-16T02:54:26Z INFO  minertim] H/s 1m:2217.7 5m:2312.4 10m:2296.9 | Shares: 179/0 (found:179) | Diff: 153688 | 28s elapsed (since last share, avg 1m9s) | best=351 target=27946 (999%)
[2026-09-16T02:54:36Z INFO  minertim] H/s 1m:2293.2 5m:2311.0 10m:2301.2 | Shares: 179/0 (found:179) | Diff: 153688 | 38s elapsed (since last share, avg 1m7s) | best=351 target=27946 (999%)
[2026-09-16T02:54:38Z INFO  minertim::pool_connection] New job: GHBkVUlxPTHhzDAt (difficulty: 153688, target: 2a6d0000)
[2026-09-16T02:54:46Z INFO  minertim] H/s 1m:2285.9 5m:2309.5 10m:2309.2 | Shares: 179/0 (found:179) | Diff: 153688 | 48s elapsed (since last share, avg 1m7s) | best=351 target=27946 (999%)
[2026-09-16T02:54:56Z INFO  minertim] H/s 1m:2348.2 5m:2309.0 10m:2308.9 | Shares: 179/0 (found:179) | Diff: 153688 | 58s elapsed (since last share, avg 1m5s) | best=351 target=27946 (999%)
[2026-09-16T02:54:58Z INFO  minertim::pool_connection] New job: mPviYSyZEVUl6dFI (difficulty: 153688, target: 2a6d0000)
[2026-09-16T02:55:06Z INFO  minertim] H/s 1m:2349.0 5m:2308.9 10m:2308.9 | Shares: 179/0 (found:179) | Diff: 153688 | 1m8s elapsed (since last share, avg 1m5s) | best=351 target=27946 (999%)
[2026-09-16T02:55:13Z INFO  minertim::pool_connection] New job: 0F8ElFsee16LGdJi (difficulty: 101706, target: f5a40000)
[2026-09-16T02:55:16Z INFO  minertim] H/s 1m:2342.4 5m:2307.4 10m:2318.0 | Shares: 179/0 (found:179) | Diff: 101706 | 1m18s elapsed (since last share, avg 43s) | best=351 target=42229 (999%)
[2026-09-16T02:55:18Z INFO  minertim::pool_connection] New job: h00JrS70F3sn9yhG (difficulty: 101706, target: f5a40000)
[2026-09-16T02:55:26Z INFO  minertim] H/s 1m:2332.7 5m:2304.4 10m:2322.7 | Shares: 179/0 (found:179) | Diff: 101706 | 1m28s elapsed (since last share, avg 43s) | best=351 target=42229 (999%)
[2026-09-16T02:55:36Z INFO  minertim] H/s 1m:2336.7 5m:2303.7 10m:2322.3 | Shares: 179/0 (found:179) | Diff: 101706 | 1m38s elapsed (since last share, avg 43s) | best=351 target=42229 (999%)
[2026-09-16T02:55:38Z INFO  minertim::pool_connection] New job: vHfAm2nCZGWz9bHV (difficulty: 101706, target: f5a40000)
[2026-09-16T02:55:44Z INFO  minertim::miner] Worker 0 SHARE FOUND! job_id=vHfAm2nCZGWz9bHV, nonce=fc347b01, hash_val=5663, difficulty=101706, hash=fa9ff7bdb4480c38dfa919ebbe48706b0c24c1756ad816621470a8de1f160000
[2026-09-16T02:55:46Z INFO  minertim] H/s 1m:2273.4 5m:2292.2 10m:2325.0 | Shares: 179/0 (found:180) | Diff: 101706 | 1s elapsed (since last share, avg 44s) | best=351 target=42229 (999%)
[2026-09-16T02:55:56Z INFO  minertim] H/s 1m:2156.5 5m:2272.3 10m:2315.0 | Shares: 179/0 (found:180) | Diff: 101706 | 11s elapsed (since last share, avg 47s) | best=351 target=42229 (999%)
[2026-09-16T02:55:58Z INFO  minertim::pool_connection] New job: TFj0mBMVYjDDgzyi (difficulty: 101706, target: f5a40000)
[2026-09-16T02:55:58Z INFO  minertim::pool_connection] Share accepted by pool
[2026-09-16T02:56:06Z INFO  minertim] H/s 1m:2162.4 5m:2283.3 10m:2314.8 | Shares: 180/0 (found:180) | Diff: 101706 | 21s elapsed (since last share, avg 47s) | best=351 target=42229 (999%)
[2026-09-16T02:56:16Z INFO  minertim] H/s 1m:2178.8 5m:2283.4 10m:2314.8 | Shares: 180/0 (found:180) | Diff: 101706 | 31s elapsed (since last share, avg 46s) | best=351 target=42229 (999%)
[2026-09-16T02:56:18Z INFO  minertim::pool_connection] New job: kIM36xN3wfMxgSBX (difficulty: 101706, target: f5a40000)
[2026-09-16T02:56:24Z INFO  minertim::miner] Worker 1 SHARE FOUND! job_id=kIM36xN3wfMxgSBX, nonce=bd0a8201, hash_val=237, difficulty=101706, hash=e79b949b11538514f6a4fe91b03adbc2cd8e9709ebdc050c8e6ecf71ed000000
[2026-09-16T02:56:26Z INFO  minertim] H/s 1m:2181.9 5m:2283.3 10m:2314.7 | Shares: 180/0 (found:181) | Diff: 101706 | 1s elapsed (since last share, avg 46s) | best=237 target=42229 (999%)
[2026-09-16T02:56:36Z INFO  minertim] H/s 1m:2132.0 5m:2263.3 10m:2304.8 | Shares: 180/0 (found:181) | Diff: 101706 | 11s elapsed (since last share, avg 47s) | best=237 target=42229 (999%)
[2026-09-16T02:56:37Z INFO  minertim::miner] Worker 3 SHARE FOUND! job_id=kIM36xN3wfMxgSBX, nonce=37d27a01, hash_val=32382, difficulty=101706, hash=d51be3782ef8bf599a973977ae99fda706bca16be350ddc0108871447e7e0000
[2026-09-16T02:56:38Z INFO  minertim::pool_connection] New job: E09HIV58fKzOYTVJ (difficulty: 101706, target: f5a40000)
[2026-09-16T02:56:38Z INFO  minertim::pool_connection] Share accepted by pool
[2026-09-16T02:56:38Z INFO  minertim::pool_connection] Share accepted by pool
[2026-09-16T02:56:42Z INFO  minertim::pool_connection] New job: WJQH4GmQnO6ANR7s (difficulty: 152558, target: f96d0000)
[2026-09-16T02:56:46Z INFO  minertim] H/s 1m:2217.0 5m:2257.7 10m:2302.0 | Shares: 182/0 (found:182) | Diff: 152558 | 8s elapsed (since last share, avg 1m8s) | best=237 target=28153 (999%)
[2026-09-16T02:56:56Z INFO  minertim] H/s 1m:2196.7 5m:2253.7 10m:2300.1 | Shares: 182/0 (found:182) | Diff: 152558 | 18s elapsed (since last share, avg 1m9s) | best=237 target=28153 (999%)
[2026-09-16T02:56:58Z INFO  minertim::pool_connection] New job: obo0ankg08f2DWai (difficulty: 152558, target: f96d0000)
[2026-09-16T02:57:06Z INFO  minertim] H/s 1m:2192.5 5m:2252.8 10m:2299.6 | Shares: 182/0 (found:182) | Diff: 152558 | 28s elapsed (since last share, avg 1m9s) | best=237 target=28153 (999%)
[2026-09-16T02:57:16Z INFO  minertim] H/s 1m:2179.8 5m:2250.5 10m:2305.7 | Shares: 182/0 (found:182) | Diff: 152558 | 38s elapsed (since last share, avg 1m9s) | best=237 target=28153 (999%)
[2026-09-16T02:57:17Z INFO  minertim::pool_connection] New job: tngYOTa4suxPpKuV (difficulty: 152558, target: f96d0000)
[2026-09-16T02:57:26Z INFO  minertim] H/s 1m:2289.5 5m:2249.4 10m:2305.0 | Shares: 182/0 (found:182) | Diff: 152558 | 48s elapsed (since last share, avg 1m6s) | best=237 target=28153 (999%)
[2026-09-16T02:57:36Z INFO  minertim] H/s 1m:2298.8 5m:2246.8 10m:2303.0 | Shares: 182/0 (found:182) | Diff: 152558 | 58s elapsed (since last share, avg 1m6s) | best=237 target=28153 (999%)
[2026-09-16T02:57:37Z INFO  minertim::pool_connection] New job: yjQ66y5yeBoOPWzI (difficulty: 152558, target: f96d0000)
[2026-09-16T02:57:43Z INFO  minertim::pool_connection] New job: XUw2D77VqN0J0NGW (difficulty: 107269, target: 679c0000)
[2026-09-16T02:57:46Z INFO  minertim] H/s 1m:2310.4 5m:2245.7 10m:2302.1 | Shares: 182/0 (found:182) | Diff: 107269 | 1m8s elapsed (since last share, avg 46s) | best=237 target=40039 (999%)
[2026-09-16T02:57:56Z INFO  minertim] H/s 1m:2311.0 5m:2244.9 10m:2301.7 | Shares: 182/0 (found:182) | Diff: 107269 | 1m18s elapsed (since last share, avg 46s) | best=237 target=40039 (999%)
[2026-09-16T02:57:57Z INFO  minertim::pool_connection] New job: pb7elZqQk7DzBNOH (difficulty: 107269, target: 679c0000)
[2026-09-16T02:58:06Z INFO  minertim] H/s 1m:2319.7 5m:2244.2 10m:2301.3 | Shares: 182/0 (found:182) | Diff: 107269 | 1m28s elapsed (since last share, avg 46s) | best=237 target=40039 (999%)
[2026-09-16T02:58:16Z INFO  minertim] H/s 1m:2325.8 5m:2251.2 10m:2301.2 | Shares: 182/0 (found:182) | Diff: 107269 | 1m38s elapsed (since last share, avg 46s) | best=237 target=40039 (999%)
[2026-09-16T02:58:17Z INFO  minertim::pool_connection] New job: 7jMyweYFhR37Zdsn (difficulty: 107269, target: 679c0000)
[2026-09-16T02:58:26Z INFO  minertim] H/s 1m:2340.2 5m:2259.8 10m:2300.5 | Shares: 182/0 (found:182) | Diff: 107269 | 1m48s elapsed (since last share, avg 45s) | best=237 target=40039 (999%)
[2026-09-16T02:58:36Z INFO  minertim] H/s 1m:2348.1 5m:2273.6 10m:2300.2 | Shares: 182/0 (found:182) | Diff: 107269 | 1m58s elapsed (since last share, avg 45s) | best=237 target=40039 (999%)
[2026-09-16T02:58:37Z INFO  minertim::pool_connection] New job: UF7dXAShuAYMYgr0 (difficulty: 107269, target: 679c0000)
[2026-09-16T02:58:43Z INFO  minertim::pool_connection] New job: JgrJ0FYkZmJQzz0O (difficulty: 80451, target: 8ad00000)
[2026-09-16T02:58:46Z INFO  minertim] H/s 1m:2342.5 5m:2271.9 10m:2299.3 | Shares: 182/0 (found:182) | Diff: 80451 | 2m8s elapsed (since last share, avg 34s) | best=237 target=53386 (999%)
[2026-09-16T02:58:56Z INFO  minertim] H/s 1m:2334.2 5m:2281.0 10m:2298.2 | Shares: 182/0 (found:182) | Diff: 80451 | 2m18s elapsed (since last share, avg 34s) | best=237 target=53386 (999%)
[2026-09-16T02:58:57Z INFO  minertim::pool_connection] New job: PtVKpDXAYA83dS0j (difficulty: 80451, target: 8ad00000)
[2026-09-16T02:59:06Z INFO  minertim] H/s 1m:2330.2 5m:2280.4 10m:2297.8 | Shares: 182/0 (found:182) | Diff: 80451 | 2m28s elapsed (since last share, avg 34s) | best=237 target=53386 (999%)
[2026-09-16T02:59:16Z INFO  minertim] H/s 1m:2331.1 5m:2279.4 10m:2297.1 | Shares: 182/0 (found:182) | Diff: 80451 | 2m38s elapsed (since last share, avg 34s) | best=237 target=53386 (999%)
[2026-09-16T02:59:17Z INFO  minertim::pool_connection] New job: 0DNqW7sU806B1lyr (difficulty: 80451, target: 8ad00000)
[2026-09-16T02:59:26Z INFO  minertim] H/s 1m:2328.2 5m:2279.6 10m:2296.6 | Shares: 182/0 (found:182) | Diff: 80451 | 2m48s elapsed (since last share, avg 34s) | best=237 target=53386 (999%)
[2026-09-16T02:59:31Z INFO  minertim::miner] Worker 2 SHARE FOUND! job_id=0DNqW7sU806B1lyr, nonce=c2258401, hash_val=51308, difficulty=80451, hash=10acc24b5a92070aa56baac160f8f5121c009dd96773914e6ffe9d5b6cc80000
[2026-09-16T02:59:35Z INFO  minertim::pool_connection] Share accepted by pool
[2026-09-16T02:59:36Z INFO  minertim] H/s 1m:2308.2 5m:2275.7 10m:2294.0 | Shares: 183/0 (found:183) | Diff: 80451 | 4s elapsed (since last share, avg 34s) | best=237 target=53386 (999%)
[2026-09-16T02:59:36Z INFO  minertim::miner] Worker 0 SHARE FOUND! job_id=0DNqW7sU806B1lyr, nonce=e4f78201, hash_val=8621, difficulty=80451, hash=e31a4c3732930342c9e52cddc66d872fe77a13baa64d999c514e442bad210000
[2026-09-16T02:59:37Z INFO  minertim::pool_connection] New job: ICL4EuD7oLvLXgZu (difficulty: 80451, target: 8ad00000)
[2026-09-16T02:59:37Z INFO  minertim::pool_connection] Share accepted by pool
[2026-09-16T02:59:43Z INFO  minertim::pool_connection] New job: t6KSRyYSrd0SmaUD (difficulty: 120675, target: 078b0000)
[2026-09-16T02:59:46Z INFO  minertim] H/s 1m:2313.4 5m:2275.0 10m:2293.3 | Shares: 184/0 (found:184) | Diff: 120675 | 9s elapsed (since last share, avg 52s) | best=237 target=35591 (999%)
[2026-09-16T02:59:56Z INFO  minertim] H/s 1m:2318.4 5m:2275.1 10m:2293.3 | Shares: 184/0 (found:184) | Diff: 120675 | 19s elapsed (since last share, avg 52s) | best=237 target=35591 (999%)
[2026-09-16T02:59:56Z INFO  minertim::pool_connection] New job: ZFFcMlaGqAg81IqA (difficulty: 120675, target: 078b0000)
[2026-09-16T03:00:06Z INFO  minertim] H/s 1m:2324.9 5m:2276.4 10m:2293.2 | Shares: 184/0 (found:184) | Diff: 120675 | 29s elapsed (since last share, avg 51s) | best=237 target=35591 (999%)
[2026-09-16T03:00:16Z INFO  minertim] H/s 1m:2331.0 5m:2279.3 10m:2293.2 | Shares: 184/0 (found:184) | Diff: 120675 | 39s elapsed (since last share, avg 51s) | best=237 target=35591 (999%)
[2026-09-16T03:00:16Z INFO  minertim::pool_connection] New job: H04II0yTTVNfC0Nt (difficulty: 120675, target: 078b0000)
[2026-09-16T03:00:19Z INFO  minertim::pool_connection] New job: jf8V20CpJWPrWsjR (difficulty: 120675, target: 078b0000)
[2026-09-16T03:00:26Z INFO  minertim] H/s 1m:2361.0 5m:2279.9 10m:2293.2 | Shares: 184/0 (found:184) | Diff: 120675 | 49s elapsed (since last share, avg 51s) | best=237 target=35591 (999%)
[2026-09-16T03:00:26Z INFO  minertim::pool_connection] New job: W0QUerCUgZyNzc5I (difficulty: 120675, target: 078b0000)
[2026-09-16T03:00:26Z INFO  minertim::miner] Worker 0 SHARE FOUND! job_id=W0QUerCUgZyNzc5I, nonce=3cc48401, hash_val=27143, difficulty=120675, hash=98b5b95d89dedcf644c4ea1ea9707c68e92919537356a2521b9758bf076a0000
[2026-09-16T03:00:36Z INFO  minertim] H/s 1m:2251.8 5m:2271.3 10m:2283.2 | Shares: 184/0 (found:185) | Diff: 120675 | 9s elapsed (since last share, avg 53s) | best=237 target=35591 (999%)
[2026-09-16T03:00:43Z INFO  minertim::pool_connection] New job: gYXcWUgtohPMQse8 (difficulty: 82279, target: e8cb0000)
[2026-09-16T03:00:43Z INFO  minertim::pool_connection] Share accepted by pool
[2026-09-16T03:00:46Z INFO  minertim] H/s 1m:2173.2 5m:2278.0 10m:2276.6 | Shares: 185/0 (found:185) | Diff: 82279 | 19s elapsed (since last share, avg 37s) | best=237 target=52200 (999%)
[2026-09-16T03:00:46Z INFO  minertim::pool_connection] New job: 3VVxxvL2gNyI0RHf (difficulty: 82279, target: e8cb0000)
[2026-09-16T03:00:56Z INFO  minertim] H/s 1m:2174.4 5m:2278.4 10m:2276.8 | Shares: 185/0 (found:185) | Diff: 82279 | 29s elapsed (since last share, avg 37s) | best=237 target=52200 (999%)
[2026-09-16T03:01:06Z INFO  minertim] H/s 1m:2173.9 5m:2278.5 10m:2282.3 | Shares: 185/0 (found:185) | Diff: 82279 | 39s elapsed (since last share, avg 37s) | best=237 target=52200 (999%)
[2026-09-16T03:01:06Z INFO  minertim::pool_connection] New job: JcmKY99Mg0nBtZmg (difficulty: 82279, target: e8cb0000)
[2026-09-16T03:01:13Z INFO  minertim::pool_connection] New job: a5XGqd0ekgs7Clha (difficulty: 123418, target: f0870000)
[2026-09-16T03:01:16Z INFO  minertim] H/s 1m:2158.3 5m:2275.9 10m:2281.1 | Shares: 185/0 (found:185) | Diff: 123418 | 49s elapsed (since last share, avg 57s) | best=237 target=34800 (999%)
[2026-09-16T03:01:26Z INFO  minertim] H/s 1m:2275.6 5m:2296.0 10m:2281.1 | Shares: 185/0 (found:185) | Diff: 123418 | 59s elapsed (since last share, avg 54s) | best=237 target=34800 (999%)
[2026-09-16T03:01:26Z INFO  minertim::pool_connection] New job: 224yYYo1deKLsyxA (difficulty: 123418, target: f0870000)
[2026-09-16T03:01:28Z INFO  minertim::miner] Worker 2 SHARE FOUND! job_id=224yYYo1deKLsyxA, nonce=36408801, hash_val=16576, difficulty=123418, hash=42b9809261d3cd55357c6af303fcb3370ad259218e301feda4eeff62c0400000
[2026-09-16T03:01:36Z INFO  minertim] H/s 1m:2236.5 5m:2281.4 10m:2271.2 | Shares: 185/0 (found:186) | Diff: 123418 | 7s elapsed (since last share, avg 55s) | best=237 target=34800 (999%)
[2026-09-16T03:01:43Z INFO  minertim::pool_connection] New job: 00AGa4n0j5LlXbh0 (difficulty: 92563, target: 40b50000)
[2026-09-16T03:01:43Z INFO  minertim::pool_connection] Share accepted by pool
[2026-09-16T03:01:46Z INFO  minertim] H/s 1m:2160.8 5m:2272.3 10m:2264.8 | Shares: 186/0 (found:186) | Diff: 92563 | 17s elapsed (since last share, avg 42s) | best=237 target=46400 (999%)
[2026-09-16T03:01:46Z INFO  minertim::pool_connection] New job: AfOArPWZICTdt9IF (difficulty: 92563, target: 40b50000)
[2026-09-16T03:01:56Z INFO  minertim] H/s 1m:2161.6 5m:2273.2 10m:2264.8 | Shares: 186/0 (found:186) | Diff: 92563 | 27s elapsed (since last share, avg 42s) | best=237 target=46400 (999%)
[2026-09-16T03:02:06Z INFO  minertim::pool_connection] New job: OLP0nvP1OM1HsFNR (difficulty: 92563, target: 40b50000)
[2026-09-16T03:02:06Z INFO  minertim] H/s 1m:2177.4 5m:2275.5 10m:2264.8 | Shares: 186/0 (found:186) | Diff: 92563 | 37s elapsed (since last share, avg 42s) | best=237 target=46400 (999%)
[2026-09-16T03:02:13Z INFO  minertim::pool_connection] New job: e63p0qOSXRsk1FVk (difficulty: 138847, target: d5780000)
[2026-09-16T03:02:16Z INFO  minertim] H/s 1m:2176.8 5m:2276.6 10m:2264.8 | Shares: 186/0 (found:186) | Diff: 138847 | 47s elapsed (since last share, avg 1m3s) | best=237 target=30933 (999%)
[2026-09-16T03:02:19Z INFO  minertim::miner] Worker 3 SHARE FOUND! job_id=e63p0qOSXRsk1FVk, nonce=3f088701, hash_val=28071, difficulty=138847, hash=1e573b90c90eccc08be5c5584526652d7bab78968db4dd12674490d5a76d0000
[2026-09-16T03:02:26Z INFO  minertim::pool_connection] New job: 2zm5WqT2aGi361Bh (difficulty: 138847, target: d5780000)
[2026-09-16T03:02:26Z INFO  minertim] H/s 1m:2228.9 5m:2269.3 10m:2259.3 | Shares: 186/0 (found:187) | Diff: 138847 | 7s elapsed (since last share, avg 1m2s) | best=237 target=30933 (999%)
[2026-09-16T03:02:26Z INFO  minertim::pool_connection] Share accepted by pool
[2026-09-16T03:02:36Z INFO  minertim] H/s 1m:2305.3 5m:2271.4 10m:2260.0 | Shares: 187/0 (found:187) | Diff: 138847 | 17s elapsed (since last share, avg 1m0s) | best=237 target=30933 (999%)
[2026-09-16T03:02:46Z INFO  minertim::pool_connection] New job: F51ettGVeCqitHha (difficulty: 138847, target: d5780000)
[2026-09-16T03:02:46Z INFO  minertim] H/s 1m:2305.6 5m:2272.2 10m:2260.5 | Shares: 187/0 (found:187) | Diff: 138847 | 27s elapsed (since last share, avg 1m0s) | best=237 target=30933 (999%)
[2026-09-16T03:02:56Z INFO  minertim] H/s 1m:2305.6 5m:2273.1 10m:2260.5 | Shares: 187/0 (found:187) | Diff: 138847 | 37s elapsed (since last share, avg 1m0s) | best=237 target=30933 (999%)
[2026-09-16T03:03:06Z INFO  minertim::pool_connection] New job: h5reTG0bjbWTHWgQ (difficulty: 138847, target: d5780000)
[2026-09-16T03:03:06Z INFO  minertim] H/s 1m:2298.1 5m:2271.8 10m:2259.9 | Shares: 187/0 (found:187) | Diff: 138847 | 47s elapsed (since last share, avg 1m0s) | best=237 target=30933 (999%)
[2026-09-16T03:03:16Z INFO  minertim] H/s 1m:2361.5 5m:2273.0 10m:2263.2 | Shares: 187/0 (found:187) | Diff: 138847 | 57s elapsed (since last share, avg 58s) | best=237 target=30933 (999%)
[2026-09-16T03:03:25Z INFO  minertim::pool_connection] New job: kmobCHgtjuLq9XP0 (difficulty: 138847, target: d5780000)
[2026-09-16T03:03:26Z INFO  minertim] H/s 1m:2359.7 5m:2273.4 10m:2268.1 | Shares: 187/0 (found:187) | Diff: 138847 | 1m7s elapsed (since last share, avg 58s) | best=237 target=30933 (999%)
[2026-09-16T03:03:36Z INFO  minertim] H/s 1m:2358.8 5m:2275.1 10m:2275.1 | Shares: 187/0 (found:187) | Diff: 138847 | 1m17s elapsed (since last share, avg 58s) | best=237 target=30933 (999%)
[2026-09-16T03:03:43Z INFO  minertim::miner] Worker 2 SHARE FOUND! job_id=kmobCHgtjuLq9XP0, nonce=32978c01, hash_val=2961, difficulty=138847, hash=128bfd274a1e121b87fcbc074e880355488b3a2eb071af45860b3bdb910b0000
[2026-09-16T03:03:43Z INFO  minertim::pool_connection] New job: fEBh28fQSmMBQkJ0 (difficulty: 104135, target: 1ca10000)
[2026-09-16T03:03:43Z INFO  minertim::pool_connection] Share accepted by pool
[2026-09-16T03:03:45Z INFO  minertim::pool_connection] New job: cLrVyjDNmOKSkzK5 (difficulty: 104135, target: 1ca10000)
[2026-09-16T03:03:46Z INFO  minertim] H/s 1m:2358.4 5m:2277.2 10m:2275.1 | Shares: 188/0 (found:188) | Diff: 104135 | 3s elapsed (since last share, avg 44s) | best=237 target=41244 (999%)
[2026-09-16T03:03:56Z INFO  minertim] H/s 1m:2356.3 5m:2276.3 10m:2279.8 | Shares: 188/0 (found:188) | Diff: 104135 | 13s elapsed (since last share, avg 44s) | best=237 target=41244 (999%)
[2026-09-16T03:04:05Z INFO  minertim::pool_connection] New job: W0czmLIrV85qcyo2 (difficulty: 104135, target: 1ca10000)
[2026-09-16T03:04:06Z INFO  minertim] H/s 1m:2357.6 5m:2277.6 10m:2279.9 | Shares: 188/0 (found:188) | Diff: 104135 | 23s elapsed (since last share, avg 44s) | best=237 target=41244 (999%)
[2026-09-16T03:04:13Z INFO  minertim::pool_connection] New job: Tx8kttr4WAzrUteG (difficulty: 156203, target: 686b0000)
[2026-09-16T03:04:16Z INFO  minertim] H/s 1m:2359.1 5m:2278.7 10m:2280.0 | Shares: 188/0 (found:188) | Diff: 156203 | 33s elapsed (since last share, avg 1m6s) | best=237 target=27496 (999%)
[2026-09-16T03:04:25Z INFO  minertim::pool_connection] New job: eZsQldj4L70vmUW3 (difficulty: 156203, target: 686b0000)
[2026-09-16T03:04:26Z INFO  minertim] H/s 1m:2359.4 5m:2283.9 10m:2280.7 | Shares: 188/0 (found:188) | Diff: 156203 | 43s elapsed (since last share, avg 1m6s) | best=237 target=27496 (999%)
[2026-09-16T03:04:28Z INFO  minertim::pool_connection] New job: 8XKQtiRuayZSprZr (difficulty: 156203, target: 686b0000)
[2026-09-16T03:04:36Z INFO  minertim] H/s 1m:2359.9 5m:2285.2 10m:2281.4 | Shares: 188/0 (found:188) | Diff: 156203 | 53s elapsed (since last share, avg 1m6s) | best=237 target=27496 (999%)
[2026-09-16T03:04:43Z INFO  minertim::pool_connection] New job: M0y3aIdVY92j2xgp (difficulty: 117153, target: 358f0000)
[2026-09-16T03:04:46Z INFO  minertim] H/s 1m:2360.9 5m:2283.7 10m:2280.9 | Shares: 188/0 (found:188) | Diff: 117153 | 1m3s elapsed (since last share, avg 49s) | best=237 target=36661 (999%)
[2026-09-16T03:04:48Z INFO  minertim::pool_connection] New job: lW0X8WultUDc03wG (difficulty: 117153, target: 358f0000)
[2026-09-16T03:04:56Z INFO  minertim] H/s 1m:2357.3 5m:2283.2 10m:2280.6 | Shares: 188/0 (found:188) | Diff: 117153 | 1m13s elapsed (since last share, avg 49s) | best=237 target=36661 (999%)
[2026-09-16T03:05:06Z INFO  minertim] H/s 1m:2343.7 5m:2280.9 10m:2280.2 | Shares: 188/0 (found:188) | Diff: 117153 | 1m23s elapsed (since last share, avg 49s) | best=237 target=36661 (999%)
[2026-09-16T03:05:08Z INFO  minertim::pool_connection] New job: E4NHU7gAKvES6TQ7 (difficulty: 117153, target: 358f0000)
[2026-09-16T03:05:16Z INFO  minertim] H/s 1m:2343.6 5m:2280.9 10m:2281.6 | Shares: 188/0 (found:188) | Diff: 117153 | 1m33s elapsed (since last share, avg 49s) | best=237 target=36661 (999%)
[2026-09-16T03:05:26Z INFO  minertim] H/s 1m:2342.7 5m:2300.9 10m:2281.9 | Shares: 188/0 (found:188) | Diff: 117153 | 1m43s elapsed (since last share, avg 50s) | best=237 target=36661 (999%)
[2026-09-16T03:05:27Z INFO  minertim::pool_connection] New job: hIT9VqUO8yMwjoqZ (difficulty: 117153, target: 358f0000)
[2026-09-16T03:05:28Z INFO  minertim::miner] Worker 3 SHARE FOUND! job_id=hIT9VqUO8yMwjoqZ, nonce=a7948d01, hash_val=13206, difficulty=117153, hash=2b458cd1183969fcc6f8fd9e0551a4681f6ea3d118c1057123fe29a996330000
[2026-09-16T03:05:36Z INFO  minertim] H/s 1m:2234.0 5m:2294.1 10m:2277.5 | Shares: 188/0 (found:189) | Diff: 117153 | 8s elapsed (since last share, avg 52s) | best=237 target=36661 (999%)
[2026-09-16T03:05:43Z INFO  minertim::pool_connection] New job: 1aGzo6h3sn9wqVGo (difficulty: 87863, target: f2be0000)
[2026-09-16T03:05:43Z INFO  minertim::pool_connection] Share accepted by pool
[2026-09-16T03:05:46Z INFO  minertim] H/s 1m:2144.9 5m:2278.1 10m:2279.6 | Shares: 189/0 (found:189) | Diff: 87863 | 18s elapsed (since last share, avg 40s) | best=237 target=48882 (999%)
[2026-09-16T03:05:47Z INFO  minertim::pool_connection] New job: KNO2TSLf7iB3d8cU (difficulty: 87863, target: f2be0000)
[2026-09-16T03:05:49Z INFO  minertim::miner] Worker 3 SHARE FOUND! job_id=KNO2TSLf7iB3d8cU, nonce=ffca8d01, hash_val=10469, difficulty=87863, hash=fcbcf895c2987e142dd0a9b940b114bf6bd313b3ac4003fa82166970e5280000
[2026-09-16T03:05:56Z INFO  minertim] H/s 1m:2096.5 5m:2267.5 10m:2274.6 | Shares: 189/0 (found:190) | Diff: 87863 | 7s elapsed (since last share, avg 41s) | best=237 target=48882 (999%)
[2026-09-16T03:06:06Z INFO  minertim] H/s 1m:1980.0 5m:2250.1 10m:2264.8 | Shares: 189/0 (found:190) | Diff: 87863 | 17s elapsed (since last share, avg 44s) | best=237 target=48882 (999%)
[2026-09-16T03:06:07Z INFO  minertim::pool_connection] New job: zGoSwi4N0oem6nGe (difficulty: 87863, target: f2be0000)
[2026-09-16T03:06:08Z INFO  minertim::pool_connection] Share accepted by pool
[2026-09-16T03:06:13Z INFO  minertim::pool_connection] New job: x9rVcNUqBWa93qaa (difficulty: 131795, target: 4c7f0000)
[2026-09-16T03:06:16Z INFO  minertim] H/s 1m:1933.3 5m:2241.9 10m:2260.8 | Shares: 190/0 (found:190) | Diff: 131795 | 27s elapsed (since last share, avg 1m8s) | best=237 target=32588 (999%)
[2026-09-16T03:06:26Z INFO  minertim::pool_connection] Donation: mining to Author (donate-level 5%)
[2026-09-16T03:06:26Z INFO  minertim::pool_connection] Connecting to pool: monerohash.com:9999
[2026-09-16T03:06:26Z INFO  minertim] H/s 1m:2040.9 5m:2260.4 10m:2269.8 | Shares: 190/0 (found:190) | Diff: 131795 | 37s elapsed (since last share, avg 1m4s) | best=237 target=32588 (999%)
[2026-09-16T03:06:26Z INFO  minertim::pool_connection] Connected to pool (TLS): monerohash.com:9999
[2026-09-16T03:06:27Z INFO  minertim::pool_connection] Login successful, session id: c9hrvWsXVbvRUdID
[2026-09-16T03:06:27Z INFO  minertim::pool_connection] Initial job: bZuLSdep0R9FxItF (difficulty: 150000, target: d96f0000)
[2026-09-16T03:06:36Z INFO  minertim] H/s 1m:2070.2 5m:2262.4 10m:2267.2 | Shares: 190/0 (found:190) | Diff: 150000 | 47s elapsed (since last share, avg 1m12s) | best=237 target=28633 (999%)
[2026-09-16T03:06:46Z INFO  minertim] H/s 1m:2131.1 5m:2262.3 10m:2269.0 | Shares: 190/0 (found:190) | Diff: 150000 | 57s elapsed (since last share, avg 1m10s) | best=237 target=28633 (999%)
[2026-09-16T03:06:47Z INFO  minertim::pool_connection] New job: GqphT1rGXxmOiI0N (difficulty: 150000, target: d96f0000)
[2026-09-16T03:06:56Z INFO  minertim::miner] Worker 3 SHARE FOUND! job_id=GqphT1rGXxmOiI0N, nonce=177b8f01, hash_val=6640, difficulty=150000, hash=b35f9df503072d59c954d1793059ea6d9e551d5f986a74a743c01c74f0190000
[2026-09-16T03:06:56Z INFO  minertim] H/s 1m:2242.8 5m:2261.4 10m:2269.0 | Shares: 190/0 (found:191) | Diff: 150000 | 0s elapsed (since last share, avg 1m6s) | best=237 target=28633 (999%)
[2026-09-16T03:07:06Z INFO  minertim] H/s 1m:2170.0 5m:2240.7 10m:2260.0 | Shares: 190/0 (found:191) | Diff: 150000 | 10s elapsed (since last share, avg 1m9s) | best=237 target=28633 (999%)
[2026-09-16T03:07:07Z INFO  minertim::pool_connection] New job: O0rs0H0RUCFLZD0u (difficulty: 150000, target: d96f0000)
[2026-09-16T03:07:07Z INFO  minertim::pool_connection] Share accepted by pool
[2026-09-16T03:07:10Z INFO  minertim::miner] Worker 3 SHARE FOUND! job_id=O0rs0H0RUCFLZD0u, nonce=67968f01, hash_val=18407, difficulty=150000, hash=cad04e5f083a4ce0e003f482ce6ffc32464bd2b30660d55e67d90183e7470000
[2026-09-16T03:07:16Z INFO  minertim] H/s 1m:2100.6 5m:2238.3 10m:2253.8 | Shares: 191/0 (found:192) | Diff: 150000 | 6s elapsed (since last share, avg 1m11s) | best=237 target=28633 (999%)
[2026-09-16T03:07:26Z INFO  minertim] H/s 1m:2048.1 5m:2218.1 10m:2245.9 | Shares: 191/0 (found:192) | Diff: 150000 | 16s elapsed (since last share, avg 1m13s) | best=237 target=28633 (999%)
[2026-09-16T03:07:27Z INFO  minertim::pool_connection] New job: 7xtXWQ8M1ltRxSNp (difficulty: 150000, target: d96f0000)
[2026-09-16T03:07:27Z INFO  minertim::pool_connection] Share accepted by pool
[2026-09-16T03:07:33Z INFO  minertim::pool_connection] New job: SBb0P41mD4233B87 (difficulty: 225008, target: 904a0000)
[2026-09-16T03:07:36Z INFO  minertim] H/s 1m:2025.0 5m:2213.9 10m:2244.8 | Shares: 192/0 (found:192) | Diff: 225008 | 26s elapsed (since last share, avg 1m51s) | best=237 target=19088 (999%)
[2026-09-16T03:07:37Z INFO  minertim::pool_connection] New job: 5EI0dxpg512PsJPL (difficulty: 225008, target: 904a0000)
[2026-09-16T03:07:46Z INFO  minertim] H/s 1m:2028.3 5m:2213.6 10m:2245.1 | Shares: 192/0 (found:192) | Diff: 225008 | 36s elapsed (since last share, avg 1m50s) | best=237 target=19088 (999%)
[2026-09-16T03:07:56Z INFO  minertim] H/s 1m:2141.8 5m:2213.8 10m:2244.9 | Shares: 192/0 (found:192) | Diff: 225008 | 46s elapsed (since last share, avg 1m45s) | best=237 target=19088 (999%)
[2026-09-16T03:07:57Z INFO  minertim::pool_connection] New job: dZ0zkAWO2sQIDiwT (difficulty: 225008, target: 904a0000)
[2026-09-16T03:08:06Z INFO  minertim] H/s 1m:2219.5 5m:2213.8 10m:2244.8 | Shares: 192/0 (found:192) | Diff: 225008 | 56s elapsed (since last share, avg 1m41s) | best=237 target=19088 (999%)
[2026-09-16T03:08:07Z INFO  minertim::pool_connection] New job: xr0jXO5WjNK5BSQh (difficulty: 225008, target: 904a0000)
[2026-09-16T03:08:16Z INFO  minertim] H/s 1m:2333.9 5m:2213.6 10m:2245.4 | Shares: 192/0 (found:192) | Diff: 225008 | 1m6s elapsed (since last share, avg 1m36s) | best=237 target=19088 (999%)
[2026-09-16T03:08:26Z INFO  minertim] H/s 1m:2335.7 5m:2209.9 10m:2243.8 | Shares: 192/0 (found:192) | Diff: 225008 | 1m16s elapsed (since last share, avg 1m36s) | best=237 target=19088 (999%)
[2026-09-16T03:08:27Z INFO  minertim::pool_connection] New job: 4XoJkiR2jNkzDV3w (difficulty: 225008, target: 904a0000)
[2026-09-16T03:08:33Z INFO  minertim::pool_connection] New job: foaoEMy0IYm3Z0mm (difficulty: 153413, target: 5c6d0000)
[2026-09-16T03:08:36Z INFO  minertim] H/s 1m:2335.1 5m:2209.6 10m:2244.5 | Shares: 192/0 (found:192) | Diff: 153413 | 1m26s elapsed (since last share, avg 1m5s) | best=237 target=27996 (999%)
[2026-09-16T03:08:46Z INFO  minertim] H/s 1m:2340.2 5m:2211.0 10m:2245.4 | Shares: 192/0 (found:192) | Diff: 153413 | 1m36s elapsed (since last share, avg 1m5s) | best=237 target=27996 (999%)
[2026-09-16T03:08:47Z INFO  minertim::pool_connection] New job: pVEE9i7iwCDyqgT3 (difficulty: 153413, target: 5c6d0000)
[2026-09-16T03:08:56Z INFO  minertim::pool_connection] Donation: mining to Xmrig (donate-level 5%)
[2026-09-16T03:08:56Z INFO  minertim::pool_connection] Connecting to pool: monerohash.com:9999
[2026-09-16T03:08:56Z INFO  minertim] H/s 1m:2340.8 5m:2210.9 10m:2245.7 | Shares: 192/0 (found:192) | Diff: 153413 | 1m46s elapsed (since last share, avg 1m5s) | best=237 target=27996 (999%)
[2026-09-16T03:08:56Z INFO  minertim::pool_connection] Connected to pool (TLS): monerohash.com:9999
[2026-09-16T03:08:57Z INFO  minertim::pool_connection] Login successful, session id: uQHDj0px2D90DknY
[2026-09-16T03:08:57Z INFO  minertim::pool_connection] Initial job: RwUFCWvp0tnK51qc (difficulty: 150000, target: d96f0000)
[2026-09-16T03:09:06Z INFO  minertim] H/s 1m:2301.6 5m:2203.7 10m:2242.9 | Shares: 192/0 (found:192) | Diff: 150000 | 1m56s elapsed (since last share, avg 1m5s) | best=237 target=28633 (999%)
[2026-09-16T03:09:07Z INFO  minertim::pool_connection] New job: 2QaLaAi0S5IdHsOO (difficulty: 150000, target: d96f0000)
[2026-09-16T03:09:16Z INFO  minertim] H/s 1m:2322.6 5m:2203.6 10m:2243.3 | Shares: 192/0 (found:192) | Diff: 150000 | 2m6s elapsed (since last share, avg 1m4s) | best=237 target=28633 (999%)
[2026-09-16T03:09:26Z INFO  minertim] H/s 1m:2324.0 5m:2203.4 10m:2245.8 | Shares: 192/0 (found:192) | Diff: 150000 | 2m16s elapsed (since last share, avg 1m4s) | best=237 target=28633 (999%)
[2026-09-16T03:09:27Z INFO  minertim::pool_connection] New job: T1K7fF01iveVc5w4 (difficulty: 150000, target: d96f0000)
[2026-09-16T03:09:36Z INFO  minertim] H/s 1m:2325.5 5m:2204.9 10m:2246.4 | Shares: 192/0 (found:192) | Diff: 150000 | 2m26s elapsed (since last share, avg 1m4s) | best=237 target=28633 (999%)
[2026-09-16T03:09:46Z INFO  minertim] H/s 1m:2324.8 5m:2205.3 10m:2246.3 | Shares: 192/0 (found:192) | Diff: 150000 | 2m36s elapsed (since last share, avg 1m4s) | best=237 target=28633 (999%)
[2026-09-16T03:09:47Z INFO  minertim::pool_connection] New job: LG9Ii1hRG0kMhQFh (difficulty: 150000, target: d96f0000)
[2026-09-16T03:09:56Z INFO  minertim] H/s 1m:2348.7 5m:2204.6 10m:2244.9 | Shares: 192/0 (found:192) | Diff: 150000 | 2m46s elapsed (since last share, avg 1m3s) | best=237 target=28633 (999%)
[2026-09-16T03:09:57Z INFO  minertim::pool_connection] New job: ndWjepzPvPGU4MtS (difficulty: 150000, target: d96f0000)
[2026-09-16T03:10:06Z INFO  minertim] H/s 1m:2343.9 5m:2203.6 10m:2244.4 | Shares: 192/0 (found:192) | Diff: 150000 | 2m56s elapsed (since last share, avg 1m3s) | best=237 target=28633 (999%)
[2026-09-16T03:10:13Z INFO  minertim::pool_connection] New job: FpQREnN8I2psNeNR (difficulty: 88816, target: e6bc0000)
[2026-09-16T03:10:16Z INFO  minertim] H/s 1m:2344.4 5m:2203.7 10m:2244.4 | Shares: 192/0 (found:192) | Diff: 88816 | 3m6s elapsed (since last share, avg 37s) | best=237 target=48358 (999%)
[2026-09-16T03:10:18Z INFO  minertim::pool_connection] New job: qBAP0mQtT7PuI0JH (difficulty: 88816, target: e6bc0000)
[2026-09-16T03:10:26Z INFO  minertim] H/s 1m:2336.0 5m:2222.5 10m:2253.6 | Shares: 192/0 (found:192) | Diff: 88816 | 3m16s elapsed (since last share, avg 38s) | best=237 target=48358 (999%)
[2026-09-16T03:10:36Z INFO  minertim] H/s 1m:2312.2 5m:2234.2 10m:2258.0 | Shares: 192/0 (found:192) | Diff: 88816 | 3m26s elapsed (since last share, avg 38s) | best=237 target=48358 (999%)
[2026-09-16T03:10:38Z INFO  minertim::pool_connection] New job: Pkn1UEdlUNNkqKne (difficulty: 88816, target: e6bc0000)
[2026-09-16T03:10:46Z INFO  minertim] H/s 1m:2309.2 5m:2241.3 10m:2256.3 | Shares: 192/0 (found:192) | Diff: 88816 | 3m36s elapsed (since last share, avg 38s) | best=237 target=48358 (999%)
[2026-09-16T03:10:51Z INFO  minertim::miner] Worker 3 SHARE FOUND! job_id=Pkn1UEdlUNNkqKne, nonce=bfd39601, hash_val=15063, difficulty=88816, hash=933a2c8f8d37b0997774e7ca96d403fa05450cb4d68d063016f7f80cd73a0000
[2026-09-16T03:10:51Z INFO  minertim::miner] Worker 0 SHARE FOUND! job_id=Pkn1UEdlUNNkqKne, nonce=20879a01, hash_val=39983, difficulty=88816, hash=ab850f1e3f15f881f16fc181fc6d6fb1876bc49712e9da59e22b5e352f9c0000
[2026-09-16T03:10:55Z INFO  minertim::pool_connection] Share accepted by pool
[2026-09-16T03:10:55Z INFO  minertim::pool_connection] Share accepted by pool
[2026-09-16T03:10:56Z INFO  minertim] H/s 1m:2269.9 5m:2253.6 10m:2252.5 | Shares: 194/0 (found:194) | Diff: 88816 | 5s elapsed (since last share, avg 39s) | best=237 target=48358 (999%)
[2026-09-16T03:10:57Z INFO  minertim::pool_connection] New job: hXXXZnqu9TMRm421 (difficulty: 88816, target: e6bc0000)
[2026-09-16T03:11:06Z INFO  minertim] H/s 1m:2260.8 5m:2260.1 10m:2253.1 | Shares: 194/0 (found:194) | Diff: 88816 | 15s elapsed (since last share, avg 39s) | best=237 target=48358 (999%)
[2026-09-16T03:11:13Z INFO  minertim::pool_connection] New job: AaeuJ01vTvJ2Oy90 (difficulty: 133226, target: ee7d0000)
[2026-09-16T03:11:16Z INFO  minertim] H/s 1m:2262.5 5m:2260.7 10m:2252.5 | Shares: 194/0 (found:194) | Diff: 133226 | 25s elapsed (since last share, avg 58s) | best=237 target=32238 (999%)
[2026-09-16T03:11:17Z INFO  minertim::pool_connection] New job: A1VMw5H1ZK0IAWBC (difficulty: 133226, target: ee7d0000)
[2026-09-16T03:11:26Z INFO  minertim::pool_connection] Donation: mining to User (donate-level 5%)
[2026-09-16T03:11:26Z INFO  minertim::pool_connection] Connecting to pool: monerohash.com:9999
[2026-09-16T03:11:26Z INFO  minertim::pool_connection] Connected to pool (TLS): monerohash.com:9999
[2026-09-16T03:11:26Z INFO  minertim] H/s 1m:2287.2 5m:2271.6 10m:2262.3 | Shares: 194/0 (found:194) | Diff: 133226 | 35s elapsed (since last share, avg 58s) | best=237 target=32238 (999%)
[2026-09-16T03:11:27Z INFO  minertim::pool_connection] Login successful, session id: 4TXBn0mcVqO9pTHI
[2026-09-16T03:11:27Z INFO  minertim::pool_connection] Initial job: ZfuJ0BvHyF4y8Xqm (difficulty: 150000, target: d96f0000)
[2026-09-16T03:11:36Z INFO  minertim] H/s 1m:2259.4 5m:2263.4 10m:2264.7 | Shares: 194/0 (found:194) | Diff: 150000 | 45s elapsed (since last share, avg 1m6s) | best=237 target=28633 (999%)
[2026-09-16T03:11:37Z INFO  minertim::pool_connection] New job: S7jVPn4IsVbpIN0h (difficulty: 150000, target: d96f0000)
[2026-09-16T03:11:46Z INFO  minertim] H/s 1m:2298.9 5m:2263.3 10m:2264.2 | Shares: 194/0 (found:194) | Diff: 150000 | 55s elapsed (since last share, avg 1m5s) | best=237 target=28633 (999%)
[2026-09-16T03:11:56Z INFO  minertim] H/s 1m:2303.3 5m:2283.1 10m:2263.7 | Shares: 194/0 (found:194) | Diff: 150000 | 1m5s elapsed (since last share, avg 1m5s) | best=237 target=28633 (999%)
[2026-09-16T03:11:57Z INFO  minertim::pool_connection] New job: CHGTCkkESQBOzPsU (difficulty: 150000, target: d96f0000)
[2026-09-16T03:12:06Z INFO  minertim] H/s 1m:2299.8 5m:2295.0 10m:2262.9 | Shares: 194/0 (found:194) | Diff: 150000 | 1m15s elapsed (since last share, avg 1m5s) | best=237 target=28633 (999%)
[2026-09-16T03:12:16Z INFO  minertim] H/s 1m:2291.3 5m:2313.5 10m:2267.6 | Shares: 194/0 (found:194) | Diff: 150000 | 1m25s elapsed (since last share, avg 1m5s) | best=237 target=28633 (999%)
[2026-09-16T03:12:17Z INFO  minertim::pool_connection] New job: wHGIFswvQUUDrhPD (difficulty: 150000, target: d96f0000)
[2026-09-16T03:12:26Z INFO  minertim] H/s 1m:2337.5 5m:2317.3 10m:2267.4 | Shares: 194/0 (found:194) | Diff: 150000 | 1m35s elapsed (since last share, avg 1m4s) | best=237 target=28633 (999%)
[2026-09-16T03:12:31Z INFO  minertim::pool_connection] New job: rtpR8li1qoB3zw0D (difficulty: 105470, target: 129f0000)
[2026-09-16T03:12:36Z INFO  minertim] H/s 1m:2342.7 5m:2317.5 10m:2267.3 | Shares: 194/0 (found:194) | Diff: 105470 | 1m45s elapsed (since last share, avg 45s) | best=237 target=40722 (999%)
[2026-09-16T03:12:37Z INFO  minertim::pool_connection] New job: 0xVnkOvJqO39NUjh (difficulty: 105470, target: 129f0000)
[2026-09-16T03:12:43Z INFO  minertim::miner] Worker 2 SHARE FOUND! job_id=0xVnkOvJqO39NUjh, nonce=b6df9f01, hash_val=38270, difficulty=105470, hash=4c6eee0737df7946e03517e51b6115481d8542036e58bddb5874e86d7e950000
[2026-09-16T03:12:45Z INFO  minertim::pool_connection] New job: TZ0WjAUoQRAxdumW (difficulty: 105470, target: 129f0000)
[2026-09-16T03:12:46Z INFO  minertim::pool_connection] Share accepted by pool
[2026-09-16T03:12:46Z INFO  minertim] H/s 1m:2345.7 5m:2318.3 10m:2267.1 | Shares: 195/0 (found:195) | Diff: 105470 | 3s elapsed (since last share, avg 44s) | best=237 target=40722 (999%)
[2026-09-16T03:12:54Z INFO  minertim::miner] Worker 0 SHARE FOUND! job_id=TZ0WjAUoQRAxdumW, nonce=30c79e01, hash_val=13844, difficulty=105470, hash=7aaa4a2a70f4de6ebca061e2b86938423d69dd80e85c33bffb2fbb8114360000
[2026-09-16T03:12:56Z INFO  minertim] H/s 1m:2290.4 5m:2307.3 10m:2262.2 | Shares: 195/0 (found:196) | Diff: 105470 | 2s elapsed (since last share, avg 46s) | best=237 target=40722 (999%)
[2026-09-16T03:13:01Z INFO  minertim::pool_connection] New job: eNxId0L6ko7C1Af5 (difficulty: 158205, target: 0c6a0000)
[2026-09-16T03:13:02Z INFO  minertim::pool_connection] Share accepted by pool
[2026-09-16T03:13:05Z INFO  minertim::pool_connection] New job: GHDrxGq6TkTdocr7 (difficulty: 158205, target: 0c6a0000)
[2026-09-16T03:13:06Z INFO  minertim] H/s 1m:2294.8 5m:2306.7 10m:2262.0 | Shares: 196/0 (found:196) | Diff: 158205 | 12s elapsed (since last share, avg 1m8s) | best=237 target=27148 (999%)
[2026-09-16T03:13:17Z INFO  minertim] H/s 1m:2295.2 5m:2310.3 10m:2261.9 | Shares: 196/0 (found:196) | Diff: 158205 | 22s elapsed (since last share, avg 1m8s) | best=237 target=27148 (999%)
[2026-09-16T03:13:25Z INFO  minertim::pool_connection] New job: VtPb7Rrn2RgkqgRV (difficulty: 158205, target: 0c6a0000)
[2026-09-16T03:13:27Z INFO  minertim] H/s 1m:2293.5 5m:2310.3 10m:2261.8 | Shares: 196/0 (found:196) | Diff: 158205 | 32s elapsed (since last share, avg 1m8s) | best=237 target=27148 (999%)
[2026-09-16T03:13:31Z INFO  minertim::pool_connection] New job: ie01vis1gn72EYWp (difficulty: 237317, target: b2460000)
[2026-09-16T03:13:32Z INFO  minertim::pool_connection] New job: wqP62OWS4DEY202p (difficulty: 237317, target: b2460000)
[2026-09-16T03:13:37Z INFO  minertim] H/s 1m:2295.1 5m:2310.5 10m:2261.8 | Shares: 196/0 (found:196) | Diff: 237317 | 42s elapsed (since last share, avg 1m43s) | best=237 target=18098 (999%)
[2026-09-16T03:13:47Z INFO  minertim] H/s 1m:2360.6 5m:2310.7 10m:2262.6 | Shares: 196/0 (found:196) | Diff: 237317 | 52s elapsed (since last share, avg 1m40s) | best=237 target=18098 (999%)
[2026-09-16T03:13:52Z INFO  minertim::pool_connection] New job: 1tCKfzD96tgin23Z (difficulty: 237317, target: b2460000)
[2026-09-16T03:13:57Z INFO  minertim] H/s 1m:2365.4 5m:2317.8 10m:2262.6 | Shares: 196/0 (found:196) | Diff: 237317 | 1m2s elapsed (since last share, avg 1m40s) | best=237 target=18098 (999%)
[2026-09-16T03:14:01Z INFO  minertim::pool_connection] New job: 0zVGurr1dSzl4LR8 (difficulty: 181000, target: b15c0000)
[2026-09-16T03:14:02Z INFO  minertim::miner] Worker 3 SHARE FOUND! job_id=0zVGurr1dSzl4LR8, nonce=03889d01, hash_val=4286, difficulty=181000, hash=796156242acc40d63874ad3003f73f093a7209b5793478d22ba9c153be100000
[2026-09-16T03:14:07Z INFO  minertim] H/s 1m:2308.6 5m:2307.9 10m:2257.7 | Shares: 196/0 (found:197) | Diff: 181000 | 4s elapsed (since last share, avg 1m18s) | best=237 target=23729 (999%)
[2026-09-16T03:14:12Z INFO  minertim::pool_connection] New job: tOMyaTajfNPyf1mw (difficulty: 181000, target: b15c0000)
[2026-09-16T03:14:12Z INFO  minertim::pool_connection] Share accepted by pool
[2026-09-16T03:14:17Z INFO  minertim] H/s 1m:2226.0 5m:2293.4 10m:2250.5 | Shares: 197/0 (found:197) | Diff: 181000 | 14s elapsed (since last share, avg 1m21s) | best=237 target=23729 (999%)
[2026-09-16T03:14:27Z INFO  minertim] H/s 1m:2226.0 5m:2293.3 10m:2250.4 | Shares: 197/0 (found:197) | Diff: 181000 | 24s elapsed (since last share, avg 1m21s) | best=237 target=23729 (999%)
[2026-09-16T03:14:31Z INFO  minertim::pool_connection] New job: YZvYUaGDB5ZzNRvC (difficulty: 271506, target: cb3d0000)
[2026-09-16T03:14:32Z INFO  minertim::pool_connection] New job: s4Y3u5ZuuX0gSRXi (difficulty: 271506, target: cb3d0000)
[2026-09-16T03:14:37Z INFO  minertim] H/s 1m:2225.7 5m:2293.6 10m:2251.1 | Shares: 197/0 (found:197) | Diff: 271506 | 34s elapsed (since last share, avg 2m1s) | best=237 target=15819 (999%)
[2026-09-16T03:14:47Z INFO  minertim] H/s 1m:2220.4 5m:2295.6 10m:2251.0 | Shares: 197/0 (found:197) | Diff: 271506 | 44s elapsed (since last share, avg 2m2s) | best=237 target=15819 (999%)
[2026-09-16T03:14:52Z INFO  minertim::pool_connection] New job: 0lMkbZDfkdkthIns (difficulty: 271506, target: cb3d0000)
[2026-09-16T03:14:57Z INFO  minertim] H/s 1m:2277.8 5m:2296.5 10m:2252.1 | Shares: 197/0 (found:197) | Diff: 271506 | 54s elapsed (since last share, avg 1m59s) | best=237 target=15819 (999%)
[2026-09-16T03:15:07Z INFO  minertim] H/s 1m:2361.9 5m:2296.4 10m:2252.0 | Shares: 197/0 (found:197) | Diff: 271506 | 1m4s elapsed (since last share, avg 1m54s) | best=237 target=15819 (999%)
[2026-09-16T03:15:12Z INFO  minertim::pool_connection] New job: D9lEds0NiS9j3az6 (difficulty: 271506, target: cb3d0000)
[2026-09-16T03:15:17Z INFO  minertim] H/s 1m:2362.1 5m:2297.8 10m:2252.1 | Shares: 197/0 (found:197) | Diff: 271506 | 1m14s elapsed (since last share, avg 1m54s) | best=237 target=15819 (999%)
[2026-09-16T03:15:27Z INFO  minertim] H/s 1m:2362.5 5m:2302.3 10m:2262.0 | Shares: 197/0 (found:197) | Diff: 271506 | 1m24s elapsed (since last share, avg 1m54s) | best=237 target=15819 (999%)
[2026-09-16T03:15:31Z INFO  minertim::pool_connection] New job: ZYB1jqoL6YYhEk8B (difficulty: 154650, target: 7c6c0000)
[2026-09-16T03:15:32Z INFO  minertim::pool_connection] New job: 970Qh8UFEANh11NB (difficulty: 154650, target: 7c6c0000)
[2026-09-16T03:15:35Z INFO  minertim::miner] Worker 2 SHARE FOUND! job_id=970Qh8UFEANh11NB, nonce=a604a601, hash_val=799, difficulty=154650, hash=74fe8c0d1371b52894273c683870474ce449544ea9d5180b039295ea1f030000
[2026-09-16T03:15:37Z INFO  minertim] H/s 1m:2307.3 5m:2295.3 10m:2264.8 | Shares: 197/0 (found:198) | Diff: 154650 | 1s elapsed (since last share, avg 1m7s) | best=237 target=27772 (999%)
[2026-09-16T03:15:47Z INFO  minertim] H/s 1m:2191.1 5m:2282.9 10m:2260.1 | Shares: 197/0 (found:198) | Diff: 154650 | 11s elapsed (since last share, avg 1m10s) | best=237 target=27772 (999%)
[2026-09-16T03:15:52Z INFO  minertim::pool_connection] New job: eO37T0T8sPRpRlYn (difficulty: 154650, target: 7c6c0000)
[2026-09-16T03:15:52Z INFO  minertim::pool_connection] Share accepted by pool
[2026-09-16T03:15:57Z INFO  minertim] H/s 1m:2192.3 5m:2284.6 10m:2270.0 | Shares: 198/0 (found:198) | Diff: 154650 | 21s elapsed (since last share, avg 1m10s) | best=237 target=27772 (999%)
[2026-09-16T03:16:01Z INFO  minertim::pool_connection] New job: 4k5hFq93GqJpBEw7 (difficulty: 231972, target: 53480000)
[2026-09-16T03:16:07Z INFO  minertim] H/s 1m:2192.0 5m:2285.7 10m:2274.0 | Shares: 198/0 (found:198) | Diff: 231972 | 31s elapsed (since last share, avg 1m45s) | best=237 target=18515 (999%)
[2026-09-16T03:16:11Z INFO  minertim::pool_connection] New job: h2Styt7ZWvDSVetG (difficulty: 231972, target: 53480000)
[2026-09-16T03:16:17Z INFO  minertim] H/s 1m:2191.4 5m:2285.7 10m:2274.8 | Shares: 198/0 (found:198) | Diff: 231972 | 41s elapsed (since last share, avg 1m45s) | best=237 target=18515 (999%)
[2026-09-16T03:16:27Z INFO  minertim] H/s 1m:2251.7 5m:2294.0 10m:2280.2 | Shares: 198/0 (found:198) | Diff: 231972 | 51s elapsed (since last share, avg 1m43s) | best=237 target=18515 (999%)
[2026-09-16T03:16:29Z INFO  minertim::miner] Worker 1 SHARE FOUND! job_id=h2Styt7ZWvDSVetG, nonce=51b3ac01, hash_val=5520, difficulty=231972, hash=1d5a20a41e7af4a247087bfad9ac8ed1930b2db0cb90d56a1e40703f90150000
[2026-09-16T03:16:31Z INFO  minertim::pool_connection] New job: p1U1baEnJBlNVj7C (difficulty: 231972, target: 53480000)
[2026-09-16T03:16:32Z INFO  minertim::pool_connection] Share accepted by pool
[2026-09-16T03:16:37Z INFO  minertim] H/s 1m:2337.0 5m:2289.5 10m:2277.5 | Shares: 199/0 (found:199) | Diff: 231972 | 8s elapsed (since last share, avg 1m39s) | best=237 target=18515 (999%)
[2026-09-16T03:16:47Z INFO  minertim] H/s 1m:2336.6 5m:2290.4 10m:2278.0 | Shares: 199/0 (found:199) | Diff: 231972 | 18s elapsed (since last share, avg 1m39s) | best=237 target=18515 (999%)
[2026-09-16T03:16:51Z INFO  minertim::pool_connection] New job: rBYbtS9H0zOazctH (difficulty: 231972, target: 53480000)
[2026-09-16T03:16:57Z INFO  minertim] H/s 1m:2337.3 5m:2292.1 10m:2288.2 | Shares: 199/0 (found:199) | Diff: 231972 | 28s elapsed (since last share, avg 1m39s) | best=237 target=18515 (999%)
[2026-09-16T03:17:07Z INFO  minertim] H/s 1m:2336.9 5m:2293.6 10m:2294.8 | Shares: 199/0 (found:199) | Diff: 231972 | 38s elapsed (since last share, avg 1m39s) | best=237 target=18515 (999%)
[2026-09-16T03:17:11Z INFO  minertim::pool_connection] New job: FgZDVscAMtgjQGnG (difficulty: 231972, target: 53480000)
[2026-09-16T03:17:14Z INFO  minertim::miner] Worker 0 SHARE FOUND! job_id=FgZDVscAMtgjQGnG, nonce=a8e8a701, hash_val=1751, difficulty=231972, hash=7ec121e8bac906653e4d931320de7c563d7ee76cc7e2310f034e360dd7060000
[2026-09-16T03:17:17Z INFO  minertim] H/s 1m:2277.8 5m:2283.7 10m:2299.6 | Shares: 199/0 (found:200) | Diff: 231972 | 2s elapsed (since last share, avg 1m41s) | best=237 target=18515 (999%)
[2026-09-16T03:17:27Z INFO  minertim] H/s 1m:2192.7 5m:2263.6 10m:2291.8 | Shares: 199/0 (found:200) | Diff: 231972 | 12s elapsed (since last share, avg 1m45s) | best=237 target=18515 (999%)
[2026-09-16T03:17:31Z INFO  minertim::pool_connection] New job: BYjMX3G0BUB5QUAk (difficulty: 231972, target: 53480000)
[2026-09-16T03:17:31Z INFO  minertim::pool_connection] Share accepted by pool
[2026-09-16T03:17:37Z INFO  minertim] H/s 1m:2165.2 5m:2259.2 10m:2289.6 | Shares: 200/0 (found:200) | Diff: 231972 | 22s elapsed (since last share, avg 1m47s) | best=237 target=18515 (999%)
[2026-09-16T03:17:47Z INFO  minertim] H/s 1m:2159.8 5m:2269.6 10m:2289.7 | Shares: 200/0 (found:200) | Diff: 231972 | 32s elapsed (since last share, avg 1m47s) | best=237 target=18515 (999%)
[2026-09-16T03:17:51Z INFO  minertim::pool_connection] New job: nISf0IfwIJ246rLV (difficulty: 231972, target: 53480000)
[2026-09-16T03:17:57Z INFO  minertim] H/s 1m:2147.4 5m:2268.2 10m:2288.7 | Shares: 200/0 (found:200) | Diff: 231972 | 42s elapsed (since last share, avg 1m48s) | best=237 target=18515 (999%)
[2026-09-16T03:18:05Z INFO  minertim::miner] Worker 3 SHARE FOUND! job_id=nISf0IfwIJ246rLV, nonce=73f1a501, hash_val=13386, difficulty=231972, hash=8bc882fdfd054ef28013112ec6810f885c440db86e03fdcac4a4517a4a340000
[2026-09-16T03:18:07Z INFO  minertim] H/s 1m:2201.4 5m:2267.5 10m:2288.4 | Shares: 200/0 (found:201) | Diff: 231972 | 1s elapsed (since last share, avg 1m45s) | best=237 target=18515 (999%)
[2026-09-16T03:18:11Z INFO  minertim::pool_connection] New job: w3jEgxVa3z00Zp2g (difficulty: 231972, target: 53480000)
[2026-09-16T03:18:11Z INFO  minertim::pool_connection] Share accepted by pool
[2026-09-16T03:18:17Z INFO  minertim] H/s 1m:2295.0 5m:2263.9 10m:2288.3 | Shares: 201/0 (found:201) | Diff: 231972 | 11s elapsed (since last share, avg 1m41s) | best=237 target=18515 (999%)
[2026-09-16T03:18:27Z INFO  minertim] H/s 1m:2320.7 5m:2263.7 10m:2288.3 | Shares: 201/0 (found:201) | Diff: 231972 | 21s elapsed (since last share, avg 1m39s) | best=237 target=18515 (999%)
[2026-09-16T03:18:31Z INFO  minertim::pool_connection] New job: qJ4apLmctO90yso4 (difficulty: 231972, target: 53480000)
[2026-09-16T03:18:37Z INFO  minertim] H/s 1m:2323.8 5m:2263.2 10m:2288.3 | Shares: 201/0 (found:201) | Diff: 231972 | 31s elapsed (since last share, avg 1m39s) | best=237 target=18515 (999%)
[2026-09-16T03:18:47Z INFO  minertim] H/s 1m:2335.7 5m:2263.1 10m:2288.3 | Shares: 201/0 (found:201) | Diff: 231972 | 41s elapsed (since last share, avg 1m39s) | best=237 target=18515 (999%)
[2026-09-16T03:18:50Z INFO  minertim::pool_connection] New job: I8XuWeav00HRWkiU (difficulty: 231972, target: 53480000)
[2026-09-16T03:18:57Z INFO  minertim] H/s 1m:2340.7 5m:2273.0 10m:2291.7 | Shares: 201/0 (found:201) | Diff: 231972 | 51s elapsed (since last share, avg 1m39s) | best=237 target=18515 (999%)
[2026-09-16T03:19:07Z INFO  minertim] H/s 1m:2363.6 5m:2287.6 10m:2291.8 | Shares: 201/0 (found:201) | Diff: 231972 | 1m1s elapsed (since last share, avg 1m38s) | best=237 target=18515 (999%)
[2026-09-16T03:19:10Z INFO  minertim::pool_connection] New job: KKb055l0xRngeFLQ (difficulty: 231972, target: 53480000)
[2026-09-16T03:19:15Z INFO  minertim::miner] Worker 1 SHARE FOUND! job_id=KKb055l0xRngeFLQ, nonce=6d9eb201, hash_val=16708, difficulty=231972, hash=be90ef4fcf440338aa46e89409e8e3f60c3973ede271ce490d93cd2f44410000
[2026-09-16T03:19:17Z INFO  minertim] H/s 1m:2364.9 5m:2287.6 10m:2291.8 | Shares: 201/0 (found:202) | Diff: 231972 | 1s elapsed (since last share, avg 1m38s) | best=237 target=18515 (999%)
[2026-09-16T03:19:27Z INFO  minertim] H/s 1m:2250.9 5m:2267.6 10m:2282.0 | Shares: 201/0 (found:202) | Diff: 231972 | 11s elapsed (since last share, avg 1m43s) | best=237 target=18515 (999%)
[2026-09-16T03:19:30Z INFO  minertim::pool_connection] New job: qNg34Iasxrhp3t0A (difficulty: 231972, target: 53480000)
[2026-09-16T03:19:31Z INFO  minertim::pool_connection] Share accepted by pool
[2026-09-16T03:19:37Z INFO  minertim] H/s 1m:2224.1 5m:2263.7 10m:2279.7 | Shares: 202/0 (found:202) | Diff: 231972 | 21s elapsed (since last share, avg 1m44s) | best=237 target=18515 (999%)
[2026-09-16T03:19:44Z INFO  minertim::miner] Worker 0 SHARE FOUND! job_id=qNg34Iasxrhp3t0A, nonce=44b2ac01, hash_val=11284, difficulty=231972, hash=9f39e47e2a49843248fa2bc9bf09a64360be759d949a0ba51b2d5f01142c0000
[2026-09-16T03:19:47Z INFO  minertim] H/s 1m:2165.7 5m:2253.7 10m:2276.2 | Shares: 202/0 (found:203) | Diff: 231972 | 2s elapsed (since last share, avg 1m47s) | best=237 target=18515 (999%)
[2026-09-16T03:19:50Z INFO  minertim::pool_connection] New job: lh07tcywpTUv8ape (difficulty: 231972, target: 53480000)
[2026-09-16T03:19:50Z INFO  minertim::pool_connection] Share accepted by pool
[2026-09-16T03:19:57Z INFO  minertim] H/s 1m:2141.4 5m:2249.6 10m:2274.6 | Shares: 203/0 (found:203) | Diff: 231972 | 12s elapsed (since last share, avg 1m48s) | best=237 target=18515 (999%)
[2026-09-16T03:20:07Z INFO  minertim] H/s 1m:2141.2 5m:2249.5 10m:2274.6 | Shares: 203/0 (found:203) | Diff: 231972 | 22s elapsed (since last share, avg 1m48s) | best=237 target=18515 (999%)
[2026-09-16T03:20:10Z INFO  minertim::pool_connection] New job: tDeQ2Qo49aDWBK15 (difficulty: 231972, target: 53480000)
[2026-09-16T03:20:17Z INFO  minertim] H/s 1m:2247.1 5m:2247.7 10m:2274.4 | Shares: 203/0 (found:203) | Diff: 231972 | 32s elapsed (since last share, avg 1m43s) | best=237 target=18515 (999%)
[2026-09-16T03:20:26Z INFO  minertim::pool_connection] New job: bi81cHvvMx3Tr4Lo (difficulty: 231972, target: 53480000)
[2026-09-16T03:20:27Z INFO  minertim] H/s 1m:2271.0 5m:2257.4 10m:2276.2 | Shares: 203/0 (found:203) | Diff: 231972 | 42s elapsed (since last share, avg 1m42s) | best=237 target=18515 (999%)
[2026-09-16T03:20:37Z INFO  minertim] H/s 1m:2328.8 5m:2277.5 10m:2277.9 | Shares: 203/0 (found:203) | Diff: 231972 | 52s elapsed (since last share, avg 1m39s) | best=237 target=18515 (999%)
[2026-09-16T03:20:46Z INFO  minertim::pool_connection] New job: fnXxILzToha0mXHq (difficulty: 231972, target: 53480000)
[2026-09-16T03:20:47Z INFO  minertim] H/s 1m:2351.6 5m:2277.0 10m:2281.5 | Shares: 203/0 (found:203) | Diff: 231972 | 1m2s elapsed (since last share, avg 1m38s) | best=237 target=18515 (999%)
[2026-09-16T03:20:57Z INFO  minertim] H/s 1m:2333.7 5m:2274.0 10m:2280.8 | Shares: 203/0 (found:203) | Diff: 231972 | 1m12s elapsed (since last share, avg 1m39s) | best=237 target=18515 (999%)
[2026-09-16T03:21:06Z INFO  minertim::pool_connection] New job: lFtL9bCXnG7gq6qn (difficulty: 231972, target: 53480000)
[2026-09-16T03:21:07Z INFO  minertim] H/s 1m:2336.1 5m:2272.7 10m:2280.7 | Shares: 203/0 (found:203) | Diff: 231972 | 1m22s elapsed (since last share, avg 1m39s) | best=237 target=18515 (999%)
[2026-09-16T03:21:17Z INFO  minertim] H/s 1m:2332.6 5m:2271.4 10m:2280.1 | Shares: 203/0 (found:203) | Diff: 231972 | 1m32s elapsed (since last share, avg 1m39s) | best=237 target=18515 (999%)
[2026-09-16T03:21:26Z INFO  minertim::pool_connection] New job: QMrLD3PI6pQBysKW (difficulty: 231972, target: 53480000)
[2026-09-16T03:21:27Z INFO  minertim] H/s 1m:2319.0 5m:2274.4 10m:2282.9 | Shares: 203/0 (found:203) | Diff: 231972 | 1m43s elapsed (since last share, avg 1m40s) | best=237 target=18515 (999%)
[2026-09-16T03:21:37Z INFO  minertim] H/s 1m:2302.1 5m:2271.1 10m:2281.8 | Shares: 203/0 (found:203) | Diff: 231972 | 1m53s elapsed (since last share, avg 1m40s) | best=237 target=18515 (999%)
[2026-09-16T03:21:46Z INFO  minertim::pool_connection] New job: OqR00Z9uSINU8JTN (difficulty: 231972, target: 53480000)
[2026-09-16T03:21:47Z INFO  minertim] H/s 1m:2318.6 5m:2270.7 10m:2282.1 | Shares: 203/0 (found:203) | Diff: 231972 | 2m3s elapsed (since last share, avg 1m40s) | best=237 target=18515 (999%)
[2026-09-16T03:21:52Z INFO  minertim::pool_connection] New job: 4EHfKM9j7bPvSg3j (difficulty: 231972, target: 53480000)
[2026-09-16T03:21:57Z INFO  minertim] H/s 1m:2326.5 5m:2270.9 10m:2282.9 | Shares: 203/0 (found:203) | Diff: 231972 | 2m13s elapsed (since last share, avg 1m39s) | best=237 target=18515 (999%)
[2026-09-16T03:22:02Z INFO  minertim::pool_connection] New job: U4Xk3oyX9O0ryy9K (difficulty: 169279, target: 1c630000)
[2026-09-16T03:22:07Z INFO  minertim] H/s 1m:2333.1 5m:2280.9 10m:2283.6 | Shares: 203/0 (found:203) | Diff: 169279 | 2m23s elapsed (since last share, avg 1m12s) | best=237 target=25372 (999%)
[2026-09-16T03:22:09Z INFO  minertim::miner] Worker 2 SHARE FOUND! job_id=U4Xk3oyX9O0ryy9K, nonce=fa9fb301, hash_val=23804, difficulty=169279, hash=60db222d52553360efad54f593692ebd346a1c7ad6df6833ad2e5173fc5c0000
[2026-09-16T03:22:12Z INFO  minertim::pool_connection] New job: Hryto4U2tn4TyyHp (difficulty: 169279, target: 1c630000)
[2026-09-16T03:22:13Z INFO  minertim::pool_connection] Share accepted by pool
[2026-09-16T03:22:17Z INFO  minertim] H/s 1m:2257.0 5m:2285.4 10m:2276.1 | Shares: 204/0 (found:204) | Diff: 169279 | 7s elapsed (since last share, avg 1m15s) | best=237 target=25372 (999%)
[2026-09-16T03:22:27Z INFO  minertim] H/s 1m:2259.1 5m:2287.3 10m:2274.7 | Shares: 204/0 (found:204) | Diff: 169279 | 17s elapsed (since last share, avg 1m14s) | best=237 target=25372 (999%)
[2026-09-16T03:22:32Z INFO  minertim::pool_connection] New job: HYe9E9VRVsaaSoLt (difficulty: 253929, target: 12420000)
[2026-09-16T03:22:32Z INFO  minertim::pool_connection] New job: DF39lD5IKbpnj3pQ (difficulty: 253929, target: 12420000)
[2026-09-16T03:22:37Z INFO  minertim] H/s 1m:2259.0 5m:2287.8 10m:2274.7 | Shares: 204/0 (found:204) | Diff: 253929 | 27s elapsed (since last share, avg 1m52s) | best=237 target=16914 (999%)
[2026-09-16T03:22:47Z INFO  minertim] H/s 1m:2258.0 5m:2289.9 10m:2280.2 | Shares: 204/0 (found:204) | Diff: 253929 | 37s elapsed (since last share, avg 1m52s) | best=237 target=16914 (999%)
[2026-09-16T03:22:52Z INFO  minertim::pool_connection] New job: moVNOg9FBTdmXefR (difficulty: 253929, target: 12420000)
[2026-09-16T03:22:57Z INFO  minertim] H/s 1m:2256.8 5m:2290.5 10m:2280.4 | Shares: 204/0 (found:204) | Diff: 253929 | 47s elapsed (since last share, avg 1m52s) | best=237 target=16914 (999%)
[2026-09-16T03:23:07Z INFO  minertim] H/s 1m:2346.3 5m:2294.3 10m:2280.4 | Shares: 204/0 (found:204) | Diff: 253929 | 57s elapsed (since last share, avg 1m48s) | best=237 target=16914 (999%)
[2026-09-16T03:23:12Z INFO  minertim::pool_connection] New job: UQWXJQRQm0fr8hYa (difficulty: 253929, target: 12420000)
[2026-09-16T03:23:17Z INFO  minertim] H/s 1m:2363.0 5m:2294.6 10m:2280.6 | Shares: 204/0 (found:204) | Diff: 253929 | 1m7s elapsed (since last share, avg 1m47s) | best=237 target=16914 (999%)
[2026-09-16T03:23:27Z INFO  minertim] H/s 1m:2364.5 5m:2294.9 10m:2280.6 | Shares: 204/0 (found:204) | Diff: 253929 | 1m17s elapsed (since last share, avg 1m47s) | best=237 target=16914 (999%)
[2026-09-16T03:23:32Z INFO  minertim::pool_connection] New job: KloD2pzCZN04jDiL (difficulty: 142832, target: 76750000)
[2026-09-16T03:23:32Z INFO  minertim::pool_connection] New job: lZLs6UlCegMWnNGe (difficulty: 142832, target: 76750000)
[2026-09-16T03:23:37Z INFO  minertim] H/s 1m:2361.8 5m:2294.4 10m:2280.3 | Shares: 204/0 (found:204) | Diff: 142832 | 1m27s elapsed (since last share, avg 1m0s) | best=237 target=30070 (999%)
[2026-09-16T03:23:47Z INFO  minertim] H/s 1m:2363.2 5m:2294.3 10m:2280.2 | Shares: 204/0 (found:204) | Diff: 142832 | 1m37s elapsed (since last share, avg 1m0s) | best=237 target=30070 (999%)
[2026-09-16T03:23:52Z INFO  minertim::pool_connection] New job: nhzWzQZ0p6M0crq1 (difficulty: 142832, target: 76750000)
[2026-09-16T03:23:57Z INFO  minertim] H/s 1m:2364.1 5m:2294.4 10m:2285.1 | Shares: 204/0 (found:204) | Diff: 142832 | 1m47s elapsed (since last share, avg 1m0s) | best=237 target=30070 (999%)
[2026-09-16T03:24:07Z INFO  minertim] H/s 1m:2363.4 5m:2294.3 10m:2292.3 | Shares: 204/0 (found:204) | Diff: 142832 | 1m57s elapsed (since last share, avg 1m0s) | best=237 target=30070 (999%)
[2026-09-16T03:24:12Z INFO  minertim::pool_connection] New job: dImtLo13bKRjZU0T (difficulty: 142832, target: 76750000)
[2026-09-16T03:24:17Z INFO  minertim] H/s 1m:2364.0 5m:2314.4 10m:2292.3 | Shares: 204/0 (found:204) | Diff: 142832 | 2m7s elapsed (since last share, avg 1m0s) | best=237 target=30070 (999%)
[2026-09-16T03:24:26Z INFO  minertim::miner] Worker 1 SHARE FOUND! job_id=dImtLo13bKRjZU0T, nonce=2938bd01, hash_val=20351, difficulty=142832, hash=9e558caecc86a377b3b204ab2c0e522e4b2af677fcf4f81d20f974647f4f0000
[2026-09-16T03:24:27Z INFO  minertim] H/s 1m:2367.8 5m:2319.2 10m:2292.3 | Shares: 204/0 (found:205) | Diff: 142832 | 0s elapsed (since last share, avg 1m0s) | best=237 target=30070 (999%)
[2026-09-16T03:24:33Z INFO  minertim::pool_connection] New job: is5GfUPyodeqCqp7 (difficulty: 142832, target: 76750000)
[2026-09-16T03:24:33Z INFO  minertim::pool_connection] New job: NbnK4zOSlQzxn12W (difficulty: 107122, target: 9e9c0000)
[2026-09-16T03:24:34Z INFO  minertim::pool_connection] Share accepted by pool
[2026-09-16T03:24:37Z INFO  minertim] H/s 1m:2261.2 5m:2310.8 10m:2283.7 | Shares: 205/0 (found:205) | Diff: 107122 | 10s elapsed (since last share, avg 47s) | best=237 target=40094 (999%)
[2026-09-16T03:24:47Z INFO  minertim] H/s 1m:2261.3 5m:2315.1 10m:2283.7 | Shares: 205/0 (found:205) | Diff: 107122 | 20s elapsed (since last share, avg 47s) | best=237 target=40094 (999%)
[2026-09-16T03:24:51Z INFO  minertim::pool_connection] New job: 0g8bqpGN43UNUNWI (difficulty: 107122, target: 9e9c0000)
[2026-09-16T03:24:52Z INFO  minertim::miner] Worker 2 SHARE FOUND! job_id=0g8bqpGN43UNUNWI, nonce=9665b901, hash_val=37299, difficulty=107122, hash=37498c208bb9875b293e83e55ac05cc291708ef9c5e1114c8da7b6dfb3910000
[2026-09-16T03:24:55Z INFO  minertim::miner] Worker 0 SHARE FOUND! job_id=0g8bqpGN43UNUNWI, nonce=aca1b701, hash_val=33421, difficulty=107122, hash=7b195151b1259ca958561c3849bc07f0aeb10284d5e9f0ba2b271d448d820000
[2026-09-16T03:24:57Z INFO  minertim] H/s 1m:2203.0 5m:2305.0 10m:2278.8 | Shares: 205/0 (found:207) | Diff: 107122 | 1s elapsed (since last share, avg 48s) | best=237 target=40094 (999%)
[2026-09-16T03:25:02Z INFO  minertim::pool_connection] New job: aT17HtF02LZvbqNi (difficulty: 160685, target: 69680000)
[2026-09-16T03:25:02Z INFO  minertim::pool_connection] Share accepted by pool
[2026-09-16T03:25:02Z INFO  minertim::pool_connection] Share accepted by pool
[2026-09-16T03:25:07Z INFO  minertim] H/s 1m:2142.4 5m:2296.3 10m:2273.7 | Shares: 207/0 (found:207) | Diff: 160685 | 11s elapsed (since last share, avg 1m15s) | best=237 target=26729 (999%)
[2026-09-16T03:25:11Z INFO  minertim::pool_connection] New job: D00ZLT9rShS2uYVW (difficulty: 160685, target: 69680000)
[2026-09-16T03:25:17Z INFO  minertim] H/s 1m:2138.7 5m:2296.4 10m:2273.4 | Shares: 207/0 (found:207) | Diff: 160685 | 21s elapsed (since last share, avg 1m15s) | best=237 target=26729 (999%)
[2026-09-16T03:25:25Z INFO  minertim::miner] Worker 1 SHARE FOUND! job_id=D00ZLT9rShS2uYVW, nonce=a515bf01, hash_val=23353, difficulty=160685, hash=1a08b33a98480ef4cbcae24abfa1e2174701e7bd912c4773143c95ac395b0000
[2026-09-16T03:25:27Z INFO  minertim] H/s 1m:2246.7 5m:2296.6 10m:2278.5 | Shares: 207/0 (found:208) | Diff: 160685 | 2s elapsed (since last share, avg 1m11s) | best=237 target=26729 (999%)
[2026-09-16T03:25:31Z INFO  minertim::pool_connection] Share accepted by pool
[2026-09-16T03:25:31Z INFO  minertim::pool_connection] New job: yiSTT3VNrpToWHu2 (difficulty: 160685, target: 69680000)
[2026-09-16T03:25:32Z INFO  minertim::pool_connection] New job: MnK95g7Cm82r9PUz (difficulty: 241033, target: 9b450000)
[2026-09-16T03:25:37Z INFO  minertim] H/s 1m:2207.3 5m:2290.2 10m:2285.1 | Shares: 208/0 (found:208) | Diff: 241033 | 12s elapsed (since last share, avg 1m49s) | best=237 target=17819 (999%)
[2026-09-16T03:25:41Z INFO  minertim::miner] Worker 3 SHARE FOUND! job_id=MnK95g7Cm82r9PUz, nonce=a726b601, hash_val=3033, difficulty=241033, hash=42eb2260de0ae3207ac0cba0130b592c6b49a4c6a785406c8924bd09d90b0000
[2026-09-16T03:25:47Z INFO  minertim] H/s 1m:2208.1 5m:2283.3 10m:2280.1 | Shares: 208/0 (found:209) | Diff: 241033 | 5s elapsed (since last share, avg 1m49s) | best=237 target=17819 (999%)
[2026-09-16T03:25:51Z INFO  minertim::pool_connection] New job: j9GuS14aAX1CA9RQ (difficulty: 241033, target: 9b450000)
[2026-09-16T03:25:51Z INFO  minertim::pool_connection] Share accepted by pool
[2026-09-16T03:25:57Z INFO  minertim] H/s 1m:2217.6 5m:2275.9 10m:2275.8 | Shares: 209/0 (found:209) | Diff: 241033 | 15s elapsed (since last share, avg 1m48s) | best=237 target=17819 (999%)
[2026-09-16T03:26:02Z INFO  minertim::pool_connection] New job: g2Ml9EUfSnjrcKvF (difficulty: 361559, target: 672e0000)
[2026-09-16T03:26:07Z INFO  minertim] H/s 1m:2220.7 5m:2277.1 10m:2275.8 | Shares: 209/0 (found:209) | Diff: 361559 | 25s elapsed (since last share, avg 2m42s) | best=237 target=11879 (999%)
[2026-09-16T03:26:11Z INFO  minertim::pool_connection] New job: NdMQCtBn0hOOjmip (difficulty: 361559, target: 672e0000)
[2026-09-16T03:26:17Z INFO  minertim] H/s 1m:2220.3 5m:2279.6 10m:2275.9 | Shares: 209/0 (found:209) | Diff: 361559 | 35s elapsed (since last share, avg 2m42s) | best=237 target=11879 (999%)
[2026-09-16T03:26:27Z INFO  minertim] H/s 1m:2259.3 5m:2282.8 10m:2278.5 | Shares: 209/0 (found:209) | Diff: 361559 | 45s elapsed (since last share, avg 2m40s) | best=237 target=11879 (999%)
[2026-09-16T03:26:31Z INFO  minertim::pool_connection] New job: kB97cSEBrpWKu4X6 (difficulty: 361559, target: 672e0000)
[2026-09-16T03:26:37Z INFO  minertim] H/s 1m:2317.1 5m:2283.1 10m:2278.5 | Shares: 209/0 (found:209) | Diff: 361559 | 55s elapsed (since last share, avg 2m36s) | best=237 target=11879 (999%)
[2026-09-16T03:26:47Z INFO  minertim] H/s 1m:2367.7 5m:2283.0 10m:2278.4 | Shares: 209/0 (found:209) | Diff: 361559 | 1m5s elapsed (since last share, avg 2m32s) | best=237 target=11879 (999%)
[2026-09-16T03:26:51Z INFO  minertim::pool_connection] New job: BiKZsakYx6rIzmJ5 (difficulty: 361559, target: 672e0000)
[2026-09-16T03:26:57Z INFO  minertim] H/s 1m:2366.6 5m:2282.9 10m:2278.4 | Shares: 209/0 (found:209) | Diff: 361559 | 1m15s elapsed (since last share, avg 2m32s) | best=237 target=11879 (999%)
[2026-09-16T03:27:02Z INFO  minertim::pool_connection] New job: 2LWEICg8hkVd830T (difficulty: 229150, target: 37490000)
[2026-09-16T03:27:07Z INFO  minertim] H/s 1m:2366.5 5m:2298.5 10m:2283.4 | Shares: 209/0 (found:209) | Diff: 229150 | 1m25s elapsed (since last share, avg 1m36s) | best=237 target=18743 (999%)
[2026-09-16T03:27:10Z INFO  minertim::pool_connection] New job: C0mo7UGIVTKKSawS (difficulty: 229150, target: 37490000)
[2026-09-16T03:27:17Z INFO  minertim] H/s 1m:2366.6 5m:2301.3 10m:2293.3 | Shares: 209/0 (found:209) | Diff: 229150 | 1m35s elapsed (since last share, avg 1m36s) | best=237 target=18743 (999%)
[2026-09-16T03:27:24Z INFO  minertim::miner] Worker 0 SHARE FOUND! job_id=C0mo7UGIVTKKSawS, nonce=74c6bc01, hash_val=2352, difficulty=229150, hash=b0bcc8fc208d7a54536b31732d73db6577bf03cae3137f528adcf76130090000
[2026-09-16T03:27:27Z INFO  minertim] H/s 1m:2308.3 5m:2291.6 10m:2290.6 | Shares: 209/0 (found:210) | Diff: 229150 | 3s elapsed (since last share, avg 1m39s) | best=237 target=18743 (999%)
[2026-09-16T03:27:30Z INFO  minertim::pool_connection] New job: 4obOC0TNuJRrFPjf (difficulty: 229150, target: 37490000)
[2026-09-16T03:27:31Z INFO  minertim::pool_connection] Share accepted by pool
[2026-09-16T03:27:32Z INFO  minertim::pool_connection] New job: YydrbKgqoSPL1b9N (difficulty: 343734, target: cf300000)
[2026-09-16T03:27:37Z INFO  minertim] H/s 1m:2278.0 5m:2286.4 10m:2288.4 | Shares: 210/0 (found:210) | Diff: 343734 | 13s elapsed (since last share, avg 2m30s) | best=237 target=12495 (999%)
[2026-09-16T03:27:47Z INFO  minertim] H/s 1m:2279.3 5m:2286.8 10m:2289.5 | Shares: 210/0 (found:210) | Diff: 343734 | 23s elapsed (since last share, avg 2m30s) | best=237 target=12495 (999%)
[2026-09-16T03:27:50Z INFO  minertim::pool_connection] New job: 0HEeuSJByZq1Vd5H (difficulty: 343734, target: cf300000)
[2026-09-16T03:27:57Z INFO  minertim] H/s 1m:2279.1 5m:2286.9 10m:2290.0 | Shares: 210/0 (found:210) | Diff: 343734 | 33s elapsed (since last share, avg 2m30s) | best=237 target=12495 (999%)
[2026-09-16T03:28:07Z INFO  minertim] H/s 1m:2274.7 5m:2286.1 10m:2291.5 | Shares: 210/0 (found:210) | Diff: 343734 | 43s elapsed (since last share, avg 2m31s) | best=237 target=12495 (999%)
[2026-09-16T03:28:10Z INFO  minertim::pool_connection] New job: 8IZyZ4iy1JrrzTq9 (difficulty: 343734, target: cf300000)
[2026-09-16T03:28:17Z INFO  minertim] H/s 1m:2308.6 5m:2281.9 10m:2289.6 | Shares: 210/0 (found:210) | Diff: 343734 | 53s elapsed (since last share, avg 2m28s) | best=237 target=12495 (999%)
[2026-09-16T03:28:27Z INFO  minertim] H/s 1m:2316.7 5m:2278.6 10m:2287.8 | Shares: 210/0 (found:210) | Diff: 343734 | 1m3s elapsed (since last share, avg 2m28s) | best=237 target=12495 (999%)
[2026-09-16T03:28:30Z INFO  minertim::pool_connection] New job: 8plttjw0uf0wkNLg (difficulty: 343734, target: cf300000)
[2026-09-16T03:28:32Z INFO  minertim::pool_connection] New job: zEm0JBu1DMWWLLhq (difficulty: 249475, target: 40430000)
[2026-09-16T03:28:37Z INFO  minertim] H/s 1m:2314.4 5m:2278.4 10m:2287.7 | Shares: 210/0 (found:210) | Diff: 249475 | 1m13s elapsed (since last share, avg 1m47s) | best=237 target=17216 (999%)
[2026-09-16T03:28:47Z INFO  minertim] H/s 1m:2313.3 5m:2278.2 10m:2287.7 | Shares: 210/0 (found:210) | Diff: 249475 | 1m23s elapsed (since last share, avg 1m47s) | best=237 target=17216 (999%)
[2026-09-16T03:28:50Z INFO  minertim::pool_connection] New job: sOlwvaZdto0Xr3IO (difficulty: 249475, target: 40430000)
[2026-09-16T03:28:57Z INFO  minertim] H/s 1m:2308.6 5m:2276.7 10m:2286.9 | Shares: 210/0 (found:210) | Diff: 249475 | 1m33s elapsed (since last share, avg 1m48s) | best=237 target=17216 (999%)
[2026-09-16T03:29:07Z INFO  minertim] H/s 1m:2315.5 5m:2273.6 10m:2285.4 | Shares: 210/0 (found:210) | Diff: 249475 | 1m43s elapsed (since last share, avg 1m47s) | best=237 target=17216 (999%)
[2026-09-16T03:29:10Z INFO  minertim::pool_connection] New job: DEMkyuIIpNpklpzw (difficulty: 249475, target: 40430000)
[2026-09-16T03:29:17Z INFO  minertim] H/s 1m:2321.6 5m:2270.7 10m:2293.8 | Shares: 210/0 (found:210) | Diff: 249475 | 1m53s elapsed (since last share, avg 1m47s) | best=237 target=17216 (999%)
[2026-09-16T03:29:27Z INFO  minertim] H/s 1m:2302.7 5m:2285.5 10m:2294.4 | Shares: 210/0 (found:210) | Diff: 249475 | 2m3s elapsed (since last share, avg 1m48s) | best=237 target=17216 (999%)
[2026-09-16T03:29:30Z INFO  minertim::pool_connection] New job: OD4Gfp3KRJyC6SxM (difficulty: 249475, target: 40430000)
[2026-09-16T03:29:32Z INFO  minertim::pool_connection] New job: KwB5YBd1Gv1LWZER (difficulty: 187103, target: ab590000)
[2026-09-16T03:29:37Z INFO  minertim] H/s 1m:2283.8 5m:2282.0 10m:2297.7 | Shares: 210/0 (found:210) | Diff: 187103 | 2m13s elapsed (since last share, avg 1m21s) | best=237 target=22955 (999%)
[2026-09-16T03:29:47Z INFO  minertim] H/s 1m:2274.6 5m:2289.0 10m:2298.2 | Shares: 210/0 (found:210) | Diff: 187103 | 2m23s elapsed (since last share, avg 1m22s) | best=237 target=22955 (999%)
[2026-09-16T03:29:50Z INFO  minertim::pool_connection] New job: 1eWb7VMhl6ESiaPr (difficulty: 187103, target: ab590000)
[2026-09-16T03:29:57Z INFO  minertim] H/s 1m:2273.6 5m:2296.2 10m:2296.6 | Shares: 210/0 (found:210) | Diff: 187103 | 2m33s elapsed (since last share, avg 1m22s) | best=237 target=22955 (999%)
[2026-09-16T03:30:07Z INFO  minertim] H/s 1m:2262.9 5m:2292.1 10m:2295.2 | Shares: 210/0 (found:210) | Diff: 187103 | 2m43s elapsed (since last share, avg 1m22s) | best=237 target=22955 (999%)
[2026-09-16T03:30:10Z INFO  minertim::pool_connection] New job: GuuBg40w1r8w0meC (difficulty: 187103, target: ab590000)
[2026-09-16T03:30:17Z INFO  minertim] H/s 1m:2253.5 5m:2286.7 10m:2292.9 | Shares: 210/0 (found:210) | Diff: 187103 | 2m53s elapsed (since last share, avg 1m23s) | best=237 target=22955 (999%)
[2026-09-16T03:30:27Z INFO  minertim] H/s 1m:2255.9 5m:2290.4 10m:2291.5 | Shares: 210/0 (found:210) | Diff: 187103 | 3m3s elapsed (since last share, avg 1m22s) | best=237 target=22955 (999%)
[2026-09-16T03:30:29Z INFO  minertim::pool_connection] New job: PBVRikZ0CG7wbsCN (difficulty: 187103, target: ab590000)
[2026-09-16T03:30:32Z INFO  minertim::pool_connection] New job: AXVRLspjq07ZqjzJ (difficulty: 140330, target: 8e770000)
[2026-09-16T03:30:37Z INFO  minertim] H/s 1m:2254.3 5m:2297.0 10m:2289.9 | Shares: 210/0 (found:210) | Diff: 140330 | 3m13s elapsed (since last share, avg 1m2s) | best=237 target=30606 (999%)
[2026-09-16T03:30:47Z INFO  minertim] H/s 1m:2272.5 5m:2305.7 10m:2291.4 | Shares: 210/0 (found:210) | Diff: 140330 | 3m23s elapsed (since last share, avg 1m1s) | best=237 target=30606 (999%)
[2026-09-16T03:30:49Z INFO  minertim::pool_connection] New job: VvMbMh80wjKXRIqm (difficulty: 140330, target: 8e770000)
[2026-09-16T03:30:57Z INFO  minertim] H/s 1m:2298.8 5m:2305.5 10m:2292.0 | Shares: 210/0 (found:210) | Diff: 140330 | 3m33s elapsed (since last share, avg 1m1s) | best=237 target=30606 (999%)
[2026-09-16T03:31:07Z INFO  minertim] H/s 1m:2328.9 5m:2305.4 10m:2292.6 | Shares: 210/0 (found:210) | Diff: 140330 | 3m43s elapsed (since last share, avg 1m0s) | best=237 target=30606 (999%)
[2026-09-16T03:31:09Z INFO  minertim::pool_connection] New job: 42hkpAS1t5w2hbOP (difficulty: 140330, target: 8e770000)
[2026-09-16T03:31:17Z INFO  minertim] H/s 1m:2333.4 5m:2303.2 10m:2292.7 | Shares: 210/0 (found:210) | Diff: 140330 | 3m53s elapsed (since last share, avg 1m0s) | best=237 target=30606 (999%)
[2026-09-16T03:31:20Z INFO  minertim::miner] Worker 2 SHARE FOUND! job_id=42hkpAS1t5w2hbOP, nonce=f2dfc601, hash_val=24934, difficulty=140330, hash=687b06a4323eb288827dea353c4dc0fa227a255dd6c0fee5b5aca34666610000
[2026-09-16T03:31:27Z INFO  minertim] H/s 1m:2235.6 5m:2282.9 10m:2284.3 | Shares: 210/0 (found:211) | Diff: 140330 | 7s elapsed (since last share, avg 1m2s) | best=237 target=30606 (999%)
[2026-09-16T03:31:29Z INFO  minertim::pool_connection] New job: PiyM5KQsVR0FsWik (difficulty: 140330, target: 8e770000)
[2026-09-16T03:31:30Z INFO  minertim::pool_connection] Share accepted by pool
[2026-09-16T03:31:37Z INFO  minertim] H/s 1m:2215.8 5m:2279.5 10m:2282.7 | Shares: 211/0 (found:211) | Diff: 140330 | 17s elapsed (since last share, avg 1m3s) | best=237 target=30606 (999%)
[2026-09-16T03:31:47Z INFO  minertim] H/s 1m:2214.4 5m:2279.3 10m:2282.5 | Shares: 211/0 (found:211) | Diff: 140330 | 27s elapsed (since last share, avg 1m3s) | best=237 target=30606 (999%)
[2026-09-16T03:31:49Z INFO  minertim::pool_connection] New job: P7GlvtGU0KiMLEQ2 (difficulty: 140330, target: 8e770000)
[2026-09-16T03:31:57Z INFO  minertim] H/s 1m:2201.2 5m:2276.9 10m:2281.4 | Shares: 211/0 (found:211) | Diff: 140330 | 37s elapsed (since last share, avg 1m3s) | best=237 target=30606 (999%)
[2026-09-16T03:32:07Z INFO  minertim] H/s 1m:2196.7 5m:2273.9 10m:2287.6 | Shares: 211/0 (found:211) | Diff: 140330 | 47s elapsed (since last share, avg 1m3s) | best=237 target=30606 (999%)
[2026-09-16T03:32:09Z INFO  minertim::pool_connection] New job: KLGXe1Y9ShBHT8ri (difficulty: 140330, target: 8e770000)
[2026-09-16T03:32:14Z INFO  minertim::miner] Worker 3 SHARE FOUND! job_id=KLGXe1Y9ShBHT8ri, nonce=a3bfc301, hash_val=8878, difficulty=140330, hash=7d534dfa744210dc01d1c01185ec9b680f0eda6a45fddf2ac133deaeae220000
[2026-09-16T03:32:17Z INFO  minertim] H/s 1m:2255.0 5m:2273.7 10m:2283.9 | Shares: 211/0 (found:212) | Diff: 140330 | 3s elapsed (since last share, avg 1m2s) | best=237 target=30606 (999%)
[2026-09-16T03:32:27Z INFO  minertim] H/s 1m:2159.5 5m:2259.0 10m:2274.3 | Shares: 211/0 (found:212) | Diff: 140330 | 13s elapsed (since last share, avg 1m4s) | best=237 target=30606 (999%)
[2026-09-16T03:32:29Z INFO  minertim::pool_connection] New job: ObTlJQZnQBjM44iy (difficulty: 140330, target: 8e770000)
[2026-09-16T03:32:29Z INFO  minertim::pool_connection] Share accepted by pool
[2026-09-16T03:32:31Z INFO  minertim::miner] Worker 0 SHARE FOUND! job_id=ObTlJQZnQBjM44iy, nonce=2068c701, hash_val=21498, difficulty=140330, hash=8350cdb13844c18566892da4754f437194b12ddd2cc2e7e1bb73de83fa530000
[2026-09-16T03:32:31Z INFO  minertim::pool_connection] Share accepted by pool
[2026-09-16T03:32:37Z INFO  minertim] H/s 1m:2131.7 5m:2253.8 10m:2271.8 | Shares: 213/0 (found:213) | Diff: 140330 | 6s elapsed (since last share, avg 1m5s) | best=237 target=30606 (999%)
[2026-09-16T03:32:47Z INFO  minertim] H/s 1m:2145.4 5m:2253.9 10m:2272.0 | Shares: 213/0 (found:213) | Diff: 140330 | 16s elapsed (since last share, avg 1m5s) | best=237 target=30606 (999%)
[2026-09-16T03:32:49Z INFO  minertim::pool_connection] New job: 2EghNCXaxzHy7Gxl (difficulty: 140330, target: 8e770000)
[2026-09-16T03:32:50Z INFO  minertim::miner] Worker 0 SHARE FOUND! job_id=2EghNCXaxzHy7Gxl, nonce=381bc801, hash_val=18389, difficulty=140330, hash=e0dfb4edc57bb71c91e33694a6873eb96d225bc616f931ee9615e68cd5470000
[2026-09-16T03:32:58Z INFO  minertim] H/s 1m:2045.8 5m:2234.4 10m:2262.1 | Shares: 213/0 (found:214) | Diff: 140330 | 7s elapsed (since last share, avg 1m8s) | best=237 target=30606 (999%)
[2026-09-16T03:33:07Z INFO  minertim::pool_connection] Share accepted by pool
[2026-09-16T03:33:08Z INFO  minertim] H/s 1m:2044.9 5m:2228.3 10m:2257.0 | Shares: 214/0 (found:214) | Diff: 140330 | 17s elapsed (since last share, avg 1m8s) | best=237 target=30606 (999%)
[2026-09-16T03:33:09Z INFO  minertim::pool_connection] New job: GFWRJ0qH61sZsf2l (difficulty: 140330, target: 8e770000)
[2026-09-16T03:33:10Z INFO  minertim::pool_connection] New job: dtqvM4pob20WvCJr (difficulty: 140330, target: 8e770000)
[2026-09-16T03:33:15Z INFO  minertim::miner] Worker 2 SHARE FOUND! job_id=dtqvM4pob20WvCJr, nonce=f6b2ca01, hash_val=2653, difficulty=140330, hash=f699bed03d5861647fe015905562af85db762fb6234f18426546b7be5d0a0000
[2026-09-16T03:33:18Z INFO  minertim] H/s 1m:2152.8 5m:2230.8 10m:2256.3 | Shares: 214/0 (found:215) | Diff: 140330 | 2s elapsed (since last share, avg 1m5s) | best=237 target=30606 (999%)
[2026-09-16T03:33:28Z INFO  minertim] H/s 1m:2055.7 5m:2209.2 10m:2245.9 | Shares: 214/0 (found:215) | Diff: 140330 | 12s elapsed (since last share, avg 1m8s) | best=237 target=30606 (999%)
[2026-09-16T03:33:30Z INFO  minertim::pool_connection] New job: unNK09CUT5UEeZlF (difficulty: 140330, target: 8e770000)
[2026-09-16T03:33:31Z INFO  minertim::pool_connection] Share accepted by pool
[2026-09-16T03:33:38Z INFO  minertim] H/s 1m:2006.4 5m:2200.9 10m:2241.7 | Shares: 215/0 (found:215) | Diff: 140330 | 22s elapsed (since last share, avg 1m9s) | best=237 target=30606 (999%)
[2026-09-16T03:33:48Z INFO  minertim] H/s 1m:2122.4 5m:2202.3 10m:2241.6 | Shares: 215/0 (found:215) | Diff: 140330 | 32s elapsed (since last share, avg 1m6s) | best=237 target=30606 (999%)
[2026-09-16T03:33:50Z INFO  minertim::pool_connection] New job: YHFzw22N5aFfbQKI (difficulty: 140330, target: 8e770000)
[2026-09-16T03:33:58Z INFO  minertim] H/s 1m:2181.6 5m:2205.2 10m:2241.6 | Shares: 215/0 (found:215) | Diff: 140330 | 42s elapsed (since last share, avg 1m4s) | best=237 target=30606 (999%)
[2026-09-16T03:34:08Z INFO  minertim] H/s 1m:2186.7 5m:2207.5 10m:2241.3 | Shares: 215/0 (found:215) | Diff: 140330 | 52s elapsed (since last share, avg 1m4s) | best=237 target=30606 (999%)
[2026-09-16T03:34:10Z INFO  minertim::pool_connection] New job: ELvUtTNH1UQWrO5S (difficulty: 140330, target: 8e770000)
[2026-09-16T03:34:18Z INFO  minertim] H/s 1m:2308.6 5m:2210.2 10m:2240.8 | Shares: 215/0 (found:215) | Diff: 140330 | 1m2s elapsed (since last share, avg 1m0s) | best=237 target=30606 (999%)
[2026-09-16T03:34:28Z INFO  minertim] H/s 1m:2357.3 5m:2213.6 10m:2249.9 | Shares: 215/0 (found:215) | Diff: 140330 | 1m12s elapsed (since last share, avg 59s) | best=237 target=30606 (999%)
[2026-09-16T03:34:30Z INFO  minertim::pool_connection] New job: MWYDADylZ0iyZtgi (difficulty: 140330, target: 8e770000)
[2026-09-16T03:34:38Z INFO  minertim] H/s 1m:2355.3 5m:2216.2 10m:2249.6 | Shares: 215/0 (found:215) | Diff: 140330 | 1m22s elapsed (since last share, avg 59s) | best=237 target=30606 (999%)
[2026-09-16T03:34:48Z INFO  minertim] H/s 1m:2341.0 5m:2216.8 10m:2253.3 | Shares: 215/0 (found:215) | Diff: 140330 | 1m32s elapsed (since last share, avg 59s) | best=237 target=30606 (999%)
[2026-09-16T03:34:50Z INFO  minertim::pool_connection] New job: wCIjYJdF165NRbXa (difficulty: 140330, target: 8e770000)
[2026-09-16T03:34:58Z INFO  minertim] H/s 1m:2342.9 5m:2221.3 10m:2258.3 | Shares: 215/0 (found:215) | Diff: 140330 | 1m42s elapsed (since last share, avg 59s) | best=237 target=30606 (999%)
[2026-09-16T03:35:01Z INFO  minertim::pool_connection] New job: QCuET7ODG72XQdi7 (difficulty: 140330, target: 8e770000)
[2026-09-16T03:35:08Z INFO  minertim] H/s 1m:2348.1 5m:2226.5 10m:2258.6 | Shares: 215/0 (found:215) | Diff: 140330 | 1m52s elapsed (since last share, avg 59s) | best=237 target=30606 (999%)
[2026-09-16T03:35:18Z INFO  minertim] H/s 1m:2348.2 5m:2229.5 10m:2258.5 | Shares: 215/0 (found:215) | Diff: 140330 | 2m2s elapsed (since last share, avg 59s) | best=237 target=30606 (999%)
[2026-09-16T03:35:21Z INFO  minertim::pool_connection] New job: jRreiSZ3Mi49SDh0 (difficulty: 140330, target: 8e770000)
[2026-09-16T03:35:28Z INFO  minertim] H/s 1m:2351.6 5m:2233.0 10m:2261.8 | Shares: 215/0 (found:215) | Diff: 140330 | 2m12s elapsed (since last share, avg 59s) | best=237 target=30606 (999%)
[2026-09-16T03:35:38Z INFO  minertim] H/s 1m:2367.6 5m:2233.2 10m:2266.8 | Shares: 215/0 (found:215) | Diff: 140330 | 2m22s elapsed (since last share, avg 59s) | best=237 target=30606 (999%)
[2026-09-16T03:35:39Z INFO  minertim::pool_connection] New job: J02IUebisgvsREyF (difficulty: 140330, target: 8e770000)
[2026-09-16T03:35:48Z INFO  minertim] H/s 1m:2368.9 5m:2233.4 10m:2271.1 | Shares: 215/0 (found:215) | Diff: 140330 | 2m32s elapsed (since last share, avg 59s) | best=237 target=30606 (999%)
[2026-09-16T03:35:58Z INFO  minertim] H/s 1m:2369.6 5m:2233.6 10m:2271.2 | Shares: 215/0 (found:215) | Diff: 140330 | 2m42s elapsed (since last share, avg 59s) | best=237 target=30606 (999%)
[2026-09-16T03:35:59Z INFO  minertim::pool_connection] New job: PW3G0zI7VFU6uXL0 (difficulty: 140330, target: 8e770000)
[2026-09-16T03:36:05Z INFO  minertim::miner] Worker 2 SHARE FOUND! job_id=PW3G0zI7VFU6uXL0, nonce=9a42d001, hash_val=15634, difficulty=140330, hash=040fb2d21f3da5305e60b2a415c870d1db0285059a64d1b4ff62b1a5123d0000
[2026-09-16T03:36:08Z INFO  minertim] H/s 1m:2309.7 5m:2225.4 10m:2266.1 | Shares: 215/0 (found:216) | Diff: 140330 | 2s elapsed (since last share, avg 1m0s) | best=237 target=30606 (999%)
[2026-09-16T03:36:18Z INFO  minertim] H/s 1m:2192.8 5m:2225.6 10m:2256.2 | Shares: 215/0 (found:216) | Diff: 140330 | 12s elapsed (since last share, avg 1m3s) | best=237 target=30606 (999%)
[2026-09-16T03:36:19Z INFO  minertim::pool_connection] New job: 6UVfNid6sfVLRbEC (difficulty: 140330, target: 8e770000)
[2026-09-16T03:36:19Z INFO  minertim::pool_connection] Share accepted by pool
[2026-09-16T03:36:24Z INFO  minertim::miner] Worker 2 SHARE FOUND! job_id=6UVfNid6sfVLRbEC, nonce=5e6dd001, hash_val=21190, difficulty=140330, hash=e1223c339d6015725e0d4547f799190f4d547d2153607a4578adae67c6520000
[2026-09-16T03:36:28Z INFO  minertim] H/s 1m:2127.3 5m:2217.9 10m:2250.7 | Shares: 216/0 (found:217) | Diff: 140330 | 4s elapsed (since last share, avg 1m5s) | best=237 target=30606 (999%)
[2026-09-16T03:36:38Z INFO  minertim] H/s 1m:2010.2 5m:2198.2 10m:2240.8 | Shares: 216/0 (found:217) | Diff: 140330 | 14s elapsed (since last share, avg 1m9s) | best=237 target=30606 (999%)
[2026-09-16T03:36:39Z INFO  minertim::pool_connection] New job: PRpiEwH8Qx8bAkqe (difficulty: 140330, target: 8e770000)
[2026-09-16T03:36:39Z INFO  minertim::pool_connection] Share accepted by pool
[2026-09-16T03:36:48Z INFO  minertim] H/s 1m:2006.2 5m:2199.9 10m:2240.7 | Shares: 217/0 (found:217) | Diff: 140330 | 24s elapsed (since last share, avg 1m9s) | best=237 target=30606 (999%)
[2026-09-16T03:36:58Z INFO  minertim] H/s 1m:2066.4 5m:2203.0 10m:2240.6 | Shares: 217/0 (found:217) | Diff: 140330 | 34s elapsed (since last share, avg 1m7s) | best=237 target=30606 (999%)
[2026-09-16T03:36:59Z INFO  minertim::pool_connection] New job: nHwaXtXhFWf0Jbpb (difficulty: 140330, target: 8e770000)
[2026-09-16T03:37:08Z INFO  minertim] H/s 1m:2182.6 5m:2213.2 10m:2240.6 | Shares: 217/0 (found:217) | Diff: 140330 | 44s elapsed (since last share, avg 1m4s) | best=237 target=30606 (999%)
[2026-09-16T03:37:18Z INFO  minertim] H/s 1m:2233.6 5m:2230.7 10m:2244.4 | Shares: 217/0 (found:217) | Diff: 140330 | 54s elapsed (since last share, avg 1m2s) | best=237 target=30606 (999%)
[2026-09-16T03:37:19Z INFO  minertim::pool_connection] New job: mwMDmspWrcKFgkH0 (difficulty: 140330, target: 8e770000)
[2026-09-16T03:37:28Z INFO  minertim] H/s 1m:2327.4 5m:2231.9 10m:2245.0 | Shares: 217/0 (found:217) | Diff: 140330 | 1m4s elapsed (since last share, avg 1m0s) | best=237 target=30606 (999%)
[2026-09-16T03:37:38Z INFO  minertim] H/s 1m:2324.7 5m:2230.9 10m:2244.5 | Shares: 217/0 (found:217) | Diff: 140330 | 1m14s elapsed (since last share, avg 1m0s) | best=237 target=30606 (999%)
[2026-09-16T03:37:39Z INFO  minertim::pool_connection] New job: td5MhCchoJrpHTE9 (difficulty: 140330, target: 8e770000)
[2026-09-16T03:37:48Z INFO  minertim] H/s 1m:2324.8 5m:2251.1 10m:2244.5 | Shares: 217/0 (found:217) | Diff: 140330 | 1m24s elapsed (since last share, avg 1m0s) | best=237 target=30606 (999%)
[2026-09-16T03:37:58Z INFO  minertim] H/s 1m:2324.9 5m:2261.4 10m:2244.9 | Shares: 217/0 (found:217) | Diff: 140330 | 1m34s elapsed (since last share, avg 1m0s) | best=237 target=30606 (999%)
[2026-09-16T03:37:59Z INFO  minertim::pool_connection] New job: 0YMZ2GIVKR0My1i9 (difficulty: 140330, target: 8e770000)
[2026-09-16T03:38:08Z INFO  minertim] H/s 1m:2326.5 5m:2260.6 10m:2245.9 | Shares: 217/0 (found:217) | Diff: 140330 | 1m44s elapsed (since last share, avg 1m0s) | best=237 target=30606 (999%)
[2026-09-16T03:38:18Z INFO  minertim] H/s 1m:2348.5 5m:2282.4 10m:2247.7 | Shares: 217/0 (found:217) | Diff: 140330 | 1m54s elapsed (since last share, avg 59s) | best=237 target=30606 (999%)
[2026-09-16T03:38:19Z INFO  minertim::pool_connection] New job: cdSi8V4ssARJOVKA (difficulty: 140330, target: 8e770000)
[2026-09-16T03:38:28Z INFO  minertim] H/s 1m:2349.8 5m:2290.1 10m:2247.5 | Shares: 217/0 (found:217) | Diff: 140330 | 2m4s elapsed (since last share, avg 59s) | best=237 target=30606 (999%)
[2026-09-16T03:38:32Z INFO  minertim::pool_connection] New job: 0NdaArKaaSAZ5j9G (difficulty: 105245, target: 699f0000)
[2026-09-16T03:38:38Z INFO  minertim] H/s 1m:2324.8 5m:2286.0 10m:2245.5 | Shares: 217/0 (found:217) | Diff: 105245 | 2m14s elapsed (since last share, avg 45s) | best=237 target=40809 (999%)
[2026-09-16T03:38:38Z INFO  minertim::pool_connection] New job: 0a0LZx0kVZPMDifM (difficulty: 105245, target: 699f0000)
[2026-09-16T03:38:48Z INFO  minertim] H/s 1m:2301.7 5m:2282.1 10m:2244.3 | Shares: 217/0 (found:217) | Diff: 105245 | 2m24s elapsed (since last share, avg 45s) | best=237 target=40809 (999%)
[2026-09-16T03:38:58Z INFO  minertim] H/s 1m:2312.2 5m:2282.3 10m:2245.6 | Shares: 217/0 (found:217) | Diff: 105245 | 2m34s elapsed (since last share, avg 45s) | best=237 target=40809 (999%)
[2026-09-16T03:38:58Z INFO  minertim::pool_connection] New job: RAINAddDPtYXoW4U (difficulty: 105245, target: 699f0000)
[2026-09-16T03:39:08Z INFO  minertim] H/s 1m:2312.0 5m:2283.0 10m:2246.9 | Shares: 217/0 (found:217) | Diff: 105245 | 2m44s elapsed (since last share, avg 45s) | best=237 target=40809 (999%)
[2026-09-16T03:39:11Z INFO  minertim::miner] Worker 1 SHARE FOUND! job_id=RAINAddDPtYXoW4U, nonce=c158dc01, hash_val=25576, difficulty=105245, hash=4b65dc3682bf0d792b3dddede4f1800a69a94da0f6f79c40335381ace8630000
[2026-09-16T03:39:16Z INFO  minertim::miner] Worker 0 SHARE FOUND! job_id=RAINAddDPtYXoW4U, nonce=9050d501, hash_val=22023, difficulty=105245, hash=8a335bf9984da39777c6580b8e980f84c663b1ab79e8f4e905d8d61a07560000
[2026-09-16T03:39:18Z INFO  minertim] H/s 1m:2198.6 5m:2262.7 10m:2238.7 | Shares: 217/0 (found:219) | Diff: 105245 | 1s elapsed (since last share, avg 47s) | best=237 target=40809 (999%)
[2026-09-16T03:39:18Z INFO  minertim::pool_connection] New job: gBD6whHXagEfpi30 (difficulty: 105245, target: 699f0000)
[2026-09-16T03:39:19Z INFO  minertim::pool_connection] Share accepted by pool
[2026-09-16T03:39:19Z INFO  minertim::pool_connection] Share accepted by pool
[2026-09-16T03:39:28Z INFO  minertim] H/s 1m:2153.3 5m:2251.1 10m:2234.4 | Shares: 219/0 (found:219) | Diff: 105245 | 11s elapsed (since last share, avg 48s) | best=237 target=40809 (999%)
[2026-09-16T03:39:32Z INFO  minertim::pool_connection] New job: TEL72vWJGCTDC0co (difficulty: 157868, target: 466a0000)
[2026-09-16T03:39:38Z INFO  minertim] H/s 1m:2167.0 5m:2252.1 10m:2235.2 | Shares: 219/0 (found:219) | Diff: 157868 | 21s elapsed (since last share, avg 1m12s) | best=237 target=27206 (999%)
[2026-09-16T03:39:38Z INFO  minertim::pool_connection] New job: Kn54HrKa5CUlO33r (difficulty: 157868, target: 466a0000)
[2026-09-16T03:39:48Z INFO  minertim] H/s 1m:2163.8 5m:2251.4 10m:2236.3 | Shares: 219/0 (found:219) | Diff: 157868 | 31s elapsed (since last share, avg 1m12s) | best=237 target=27206 (999%)
[2026-09-16T03:39:58Z INFO  minertim] H/s 1m:2164.3 5m:2251.3 10m:2238.6 | Shares: 219/0 (found:219) | Diff: 157868 | 41s elapsed (since last share, avg 1m12s) | best=237 target=27206 (999%)
[2026-09-16T03:39:58Z INFO  minertim::pool_connection] New job: Itdx3NJvhwq0RU4U (difficulty: 157868, target: 466a0000)
[2026-09-16T03:40:08Z INFO  minertim] H/s 1m:2281.9 5m:2251.3 10m:2241.1 | Shares: 219/0 (found:219) | Diff: 157868 | 51s elapsed (since last share, avg 1m9s) | best=237 target=27206 (999%)
[2026-09-16T03:40:18Z INFO  minertim] H/s 1m:2351.2 5m:2251.1 10m:2242.5 | Shares: 219/0 (found:219) | Diff: 157868 | 1m1s elapsed (since last share, avg 1m7s) | best=237 target=27206 (999%)
[2026-09-16T03:40:18Z INFO  minertim::pool_connection] New job: phYiNiYdpRB01g1y (difficulty: 157868, target: 466a0000)
[2026-09-16T03:40:21Z INFO  minertim::miner] Worker 2 SHARE FOUND! job_id=phYiNiYdpRB01g1y, nonce=4664d801, hash_val=22476, difficulty=157868, hash=42496f322dd942d8ac652471d55043ed4806b102b887fdebe9958027cc570000
[2026-09-16T03:40:28Z INFO  minertim] H/s 1m:2301.3 5m:2240.7 10m:2239.1 | Shares: 219/0 (found:220) | Diff: 157868 | 6s elapsed (since last share, avg 1m8s) | best=237 target=27206 (999%)
[2026-09-16T03:40:32Z INFO  minertim::pool_connection] New job: 6LKNQGQpXG0VFPT2 (difficulty: 96002, target: c2ae0000)
[2026-09-16T03:40:33Z INFO  minertim::pool_connection] Share accepted by pool
[2026-09-16T03:40:38Z INFO  minertim] H/s 1m:2274.9 5m:2235.2 10m:2236.5 | Shares: 220/0 (found:220) | Diff: 96002 | 16s elapsed (since last share, avg 42s) | best=237 target=44738 (999%)
[2026-09-16T03:40:38Z INFO  minertim::pool_connection] New job: Ak3Zcd37U6o0wOAv (difficulty: 96002, target: c2ae0000)
[2026-09-16T03:40:48Z INFO  minertim] H/s 1m:2275.2 5m:2235.1 10m:2236.6 | Shares: 220/0 (found:220) | Diff: 96002 | 26s elapsed (since last share, avg 42s) | best=237 target=44738 (999%)
[2026-09-16T03:40:58Z INFO  minertim::pool_connection] New job: 9S2ZwPPBKx4uWgmd (difficulty: 96002, target: c2ae0000)
[2026-09-16T03:40:58Z INFO  minertim] H/s 1m:2275.3 5m:2245.4 10m:2236.5 | Shares: 220/0 (found:220) | Diff: 96002 | 36s elapsed (since last share, avg 42s) | best=237 target=44738 (999%)
[2026-09-16T03:40:59Z INFO  minertim::pool_connection] New job: Rvr5ow40jzoCA9H8 (difficulty: 96002, target: c2ae0000)
[2026-09-16T03:41:02Z INFO  minertim::miner] Worker 1 SHARE FOUND! job_id=Rvr5ow40jzoCA9H8, nonce=d114e001, hash_val=8783, difficulty=96002, hash=5929d3f285343dfc35a331cffac17dd86b7537b1cecb703409a66e2d4f220000
[2026-09-16T03:41:02Z INFO  minertim::pool_connection] New job: k8H006HhhapOlabt (difficulty: 144005, target: 81740000)
[2026-09-16T03:41:03Z INFO  minertim::pool_connection] Share accepted by pool
[2026-09-16T03:41:08Z INFO  minertim] H/s 1m:2270.8 5m:2264.5 10m:2237.2 | Shares: 221/0 (found:221) | Diff: 144005 | 5s elapsed (since last share, avg 1m3s) | best=237 target=29825 (999%)
[2026-09-16T03:41:18Z INFO  minertim] H/s 1m:2305.4 5m:2271.4 10m:2245.1 | Shares: 221/0 (found:221) | Diff: 144005 | 15s elapsed (since last share, avg 1m2s) | best=237 target=29825 (999%)
[2026-09-16T03:41:19Z INFO  minertim::pool_connection] New job: YcnAECkxuOPh0edd (difficulty: 144005, target: 81740000)
[2026-09-16T03:41:28Z INFO  minertim] H/s 1m:2318.6 5m:2288.4 10m:2245.2 | Shares: 221/0 (found:221) | Diff: 144005 | 25s elapsed (since last share, avg 1m2s) | best=237 target=29825 (999%)
[2026-09-16T03:41:32Z INFO  minertim::pool_connection] New job: 0dOIaHefL0fz0Us7 (difficulty: 216012, target: ab4d0000)
[2026-09-16T03:41:35Z INFO  minertim::miner] Worker 1 SHARE FOUND! job_id=0dOIaHefL0fz0Us7, nonce=8537e101, hash_val=3890, difficulty=216012, hash=5344f136f69c6df4c42b9acd7b5a9c33b5e9de28d92babe497f83663320f0000
[2026-09-16T03:41:38Z INFO  minertim] H/s 1m:2310.3 5m:2287.5 10m:2244.7 | Shares: 221/0 (found:222) | Diff: 216012 | 3s elapsed (since last share, avg 1m33s) | best=237 target=19883 (999%)
[2026-09-16T03:41:39Z INFO  minertim::pool_connection] New job: QisfPUjfaqtX3950 (difficulty: 216012, target: ab4d0000)
[2026-09-16T03:41:48Z INFO  minertim] H/s 1m:2182.9 5m:2265.5 10m:2235.0 | Shares: 221/0 (found:222) | Diff: 216012 | 13s elapsed (since last share, avg 1m38s) | best=237 target=19883 (999%)
[2026-09-16T03:41:50Z INFO  minertim::pool_connection] New job: 0Rw6eC1zB0V1OgO5 (difficulty: 216012, target: ab4d0000)
[2026-09-16T03:41:51Z INFO  minertim::pool_connection] Share accepted by pool
[2026-09-16T03:41:54Z INFO  minertim::miner] Worker 3 SHARE FOUND! job_id=0Rw6eC1zB0V1OgO5, nonce=9300d801, hash_val=13977, difficulty=216012, hash=3539663fe09af0261faf3adfcc90993c16326fce182a8f5b5d6d56a599360000
[2026-09-16T03:41:58Z INFO  minertim] H/s 1m:2146.5 5m:2258.3 10m:2232.9 | Shares: 222/0 (found:223) | Diff: 216012 | 4s elapsed (since last share, avg 1m40s) | best=237 target=19883 (999%)
[2026-09-16T03:42:08Z INFO  minertim] H/s 1m:2054.8 5m:2240.6 10m:2228.1 | Shares: 222/0 (found:223) | Diff: 216012 | 14s elapsed (since last share, avg 1m45s) | best=237 target=19883 (999%)
[2026-09-16T03:42:10Z INFO  minertim::pool_connection] New job: N5mUG3nNlSF188gR (difficulty: 216012, target: ab4d0000)
[2026-09-16T03:42:11Z INFO  minertim::pool_connection] Share accepted by pool
[2026-09-16T03:42:18Z INFO  minertim] H/s 1m:2008.0 5m:2233.3 10m:2232.4 | Shares: 223/0 (found:223) | Diff: 216012 | 24s elapsed (since last share, avg 1m47s) | best=237 target=19883 (999%)
[2026-09-16T03:42:28Z INFO  minertim] H/s 1m:2011.0 5m:2233.4 10m:2234.4 | Shares: 223/0 (found:223) | Diff: 216012 | 34s elapsed (since last share, avg 1m47s) | best=237 target=19883 (999%)
[2026-09-16T03:42:30Z INFO  minertim::pool_connection] New job: NEfxqNUkDB5U6SsM (difficulty: 216012, target: ab4d0000)
[2026-09-16T03:42:38Z INFO  minertim] H/s 1m:2136.9 5m:2233.1 10m:2234.3 | Shares: 223/0 (found:223) | Diff: 216012 | 44s elapsed (since last share, avg 1m41s) | best=237 target=19883 (999%)
[2026-09-16T03:42:48Z INFO  minertim] H/s 1m:2155.0 5m:2229.0 10m:2242.2 | Shares: 223/0 (found:223) | Diff: 216012 | 54s elapsed (since last share, avg 1m40s) | best=237 target=19883 (999%)
[2026-09-16T03:42:50Z INFO  minertim::pool_connection] New job: OXo7KuXate20BzGH (difficulty: 216012, target: ab4d0000)
[2026-09-16T03:42:58Z INFO  minertim] H/s 1m:2261.6 5m:2229.4 10m:2246.5 | Shares: 223/0 (found:223) | Diff: 216012 | 1m4s elapsed (since last share, avg 1m35s) | best=237 target=19883 (999%)
[2026-09-16T03:43:08Z INFO  minertim] H/s 1m:2321.8 5m:2228.7 10m:2246.7 | Shares: 223/0 (found:223) | Diff: 216012 | 1m14s elapsed (since last share, avg 1m33s) | best=237 target=19883 (999%)
[2026-09-16T03:43:10Z INFO  minertim::pool_connection] New job: raoIPQZ0V8I8LTuC (difficulty: 216012, target: ab4d0000)
[2026-09-16T03:43:18Z INFO  minertim] H/s 1m:2326.9 5m:2229.4 10m:2257.4 | Shares: 223/0 (found:223) | Diff: 216012 | 1m24s elapsed (since last share, avg 1m32s) | best=237 target=19883 (999%)
[2026-09-16T03:43:28Z INFO  minertim] H/s 1m:2328.1 5m:2233.6 10m:2261.5 | Shares: 223/0 (found:223) | Diff: 216012 | 1m34s elapsed (since last share, avg 1m32s) | best=237 target=19883 (999%)
[2026-09-16T03:43:30Z INFO  minertim::pool_connection] New job: Vuk6eJpxrFa7Yea6 (difficulty: 216012, target: ab4d0000)
[2026-09-16T03:43:37Z INFO  minertim::pool_connection] New job: qWcPsptG0pM85NI2 (difficulty: 216012, target: ab4d0000)
[2026-09-16T03:43:38Z INFO  minertim] H/s 1m:2351.9 5m:2237.6 10m:2261.6 | Shares: 223/0 (found:223) | Diff: 216012 | 1m44s elapsed (since last share, avg 1m31s) | best=237 target=19883 (999%)
[2026-09-16T03:43:48Z INFO  minertim] H/s 1m:2357.1 5m:2237.2 10m:2261.3 | Shares: 223/0 (found:223) | Diff: 216012 | 1m54s elapsed (since last share, avg 1m31s) | best=237 target=19883 (999%)
[2026-09-16T03:43:57Z INFO  minertim::pool_connection] New job: N0xKtU2JS33cx995 (difficulty: 216012, target: ab4d0000)
[2026-09-16T03:43:58Z INFO  minertim] H/s 1m:2352.8 5m:2235.8 10m:2260.8 | Shares: 223/0 (found:223) | Diff: 216012 | 2m4s elapsed (since last share, avg 1m31s) | best=237 target=19883 (999%)
[2026-09-16T03:44:03Z INFO  minertim::pool_connection] New job: oIIi19v2W42qk2s0 (difficulty: 162910, target: fc660000)
[2026-09-16T03:44:08Z INFO  minertim] H/s 1m:2343.8 5m:2254.5 10m:2260.4 | Shares: 223/0 (found:223) | Diff: 162910 | 2m14s elapsed (since last share, avg 1m9s) | best=237 target=26364 (999%)
[2026-09-16T03:44:17Z INFO  minertim::pool_connection] New job: WQl5WeXQy1YKaqmX (difficulty: 162910, target: fc660000)
[2026-09-16T03:44:18Z INFO  minertim] H/s 1m:2340.9 5m:2266.0 10m:2260.2 | Shares: 223/0 (found:223) | Diff: 162910 | 2m24s elapsed (since last share, avg 1m9s) | best=237 target=26364 (999%)
[2026-09-16T03:44:19Z INFO  minertim::miner] Worker 3 SHARE FOUND! job_id=WQl5WeXQy1YKaqmX, nonce=8b97dc01, hash_val=10179, difficulty=162910, hash=310cf1411a575250d3c752b7b8ea7039618af5dae196984cf4845850c3270000
[2026-09-16T03:44:28Z INFO  minertim] H/s 1m:2224.3 5m:2247.5 10m:2250.5 | Shares: 223/0 (found:224) | Diff: 162910 | 9s elapsed (since last share, avg 1m13s) | best=237 target=26364 (999%)
[2026-09-16T03:44:37Z INFO  minertim::pool_connection] New job: VX0UKz6s2nkOS39p (difficulty: 162910, target: fc660000)
[2026-09-16T03:44:38Z INFO  minertim::pool_connection] Share accepted by pool
[2026-09-16T03:44:38Z INFO  minertim] H/s 1m:2153.9 5m:2235.5 10m:2245.5 | Shares: 224/0 (found:224) | Diff: 162910 | 19s elapsed (since last share, avg 1m15s) | best=237 target=26364 (999%)
[2026-09-16T03:44:46Z INFO  minertim::miner] Worker 2 SHARE FOUND! job_id=VX0UKz6s2nkOS39p, nonce=8a71e101, hash_val=10569, difficulty=162910, hash=f26369945fbda12dce471707d257b550461f261ea64fbebfc6a9aee149290000
[2026-09-16T03:44:48Z INFO  minertim] H/s 1m:2103.7 5m:2225.3 10m:2240.5 | Shares: 224/0 (found:225) | Diff: 162910 | 2s elapsed (since last share, avg 1m17s) | best=237 target=26364 (999%)
[2026-09-16T03:44:57Z INFO  minertim::pool_connection] New job: eXiQVyaCtmOGpDDI (difficulty: 162910, target: fc660000)
[2026-09-16T03:44:57Z INFO  minertim::pool_connection] Share accepted by pool
[2026-09-16T03:44:58Z INFO  minertim] H/s 1m:2034.3 5m:2211.8 10m:2233.8 | Shares: 225/0 (found:225) | Diff: 162910 | 12s elapsed (since last share, avg 1m20s) | best=237 target=26364 (999%)
[2026-09-16T03:45:03Z INFO  minertim::pool_connection] New job: 4y7Ez8vOQA1697fN (difficulty: 244365, target: a8440000)
[2026-09-16T03:45:08Z INFO  minertim] H/s 1m:2018.4 5m:2208.6 10m:2232.2 | Shares: 225/0 (found:225) | Diff: 244365 | 22s elapsed (since last share, avg 2m1s) | best=237 target=17576 (999%)
[2026-09-16T03:45:11Z INFO  minertim::pool_connection] New job: bEx1V0wgSHMs8wmB (difficulty: 244365, target: a8440000)
[2026-09-16T03:45:18Z INFO  minertim] H/s 1m:2120.0 5m:2216.3 10m:2230.9 | Shares: 225/0 (found:225) | Diff: 244365 | 32s elapsed (since last share, avg 1m55s) | best=237 target=17576 (999%)
[2026-09-16T03:45:22Z INFO  minertim::pool_connection] New job: 2900u0muqw3SZF3B (difficulty: 244365, target: a8440000)
[2026-09-16T03:45:28Z INFO  minertim] H/s 1m:2193.4 5m:2221.4 10m:2230.7 | Shares: 225/0 (found:225) | Diff: 244365 | 42s elapsed (since last share, avg 1m51s) | best=237 target=17576 (999%)
[2026-09-16T03:45:38Z INFO  minertim] H/s 1m:2250.7 5m:2221.1 10m:2230.5 | Shares: 225/0 (found:225) | Diff: 244365 | 52s elapsed (since last share, avg 1m48s) | best=237 target=17576 (999%)
[2026-09-16T03:45:42Z INFO  minertim::pool_connection] New job: pInPd5hfihAf1c51 (difficulty: 244365, target: a8440000)
[2026-09-16T03:45:48Z INFO  minertim] H/s 1m:2320.7 5m:2219.6 10m:2229.7 | Shares: 225/0 (found:225) | Diff: 244365 | 1m2s elapsed (since last share, avg 1m45s) | best=237 target=17576 (999%)
[2026-09-16T03:45:58Z INFO  minertim] H/s 1m:2338.6 5m:2220.3 10m:2234.7 | Shares: 225/0 (found:225) | Diff: 244365 | 1m12s elapsed (since last share, avg 1m44s) | best=237 target=17576 (999%)
[2026-09-16T03:46:01Z INFO  minertim::pool_connection] New job: 0yqUDqT0AIcxWcEI (difficulty: 244365, target: a8440000)
[2026-09-16T03:46:03Z INFO  minertim::pool_connection] New job: j9OuHm8u2QbnEDdT (difficulty: 169173, target: 2c630000)
[2026-09-16T03:46:08Z INFO  minertim] H/s 1m:2346.1 5m:2223.3 10m:2243.9 | Shares: 225/0 (found:225) | Diff: 169173 | 1m22s elapsed (since last share, avg 1m12s) | best=237 target=25388 (999%)
[2026-09-16T03:46:18Z INFO  minertim] H/s 1m:2343.3 5m:2225.7 10m:2249.0 | Shares: 225/0 (found:225) | Diff: 169173 | 1m32s elapsed (since last share, avg 1m12s) | best=237 target=25388 (999%)
[2026-09-16T03:46:21Z INFO  minertim::pool_connection] New job: 8sQ4mKHWXot2l6IA (difficulty: 169173, target: 2c630000)
[2026-09-16T03:46:28Z INFO  minertim] H/s 1m:2343.2 5m:2226.8 10m:2258.7 | Shares: 225/0 (found:225) | Diff: 169173 | 1m42s elapsed (since last share, avg 1m12s) | best=237 target=25388 (999%)
[2026-09-16T03:46:38Z INFO  minertim] H/s 1m:2344.7 5m:2247.5 10m:2258.4 | Shares: 225/0 (found:225) | Diff: 169173 | 1m52s elapsed (since last share, avg 1m12s) | best=237 target=25388 (999%)
[2026-09-16T03:46:41Z INFO  minertim::pool_connection] New job: QleKJmR00CT7N3YZ (difficulty: 169173, target: 2c630000)
[2026-09-16T03:46:48Z INFO  minertim] H/s 1m:2344.4 5m:2254.4 10m:2258.2 | Shares: 225/0 (found:225) | Diff: 169173 | 2m2s elapsed (since last share, avg 1m12s) | best=237 target=25388 (999%)
[2026-09-16T03:46:58Z INFO  minertim] H/s 1m:2347.4 5m:2273.7 10m:2257.9 | Shares: 225/0 (found:225) | Diff: 169173 | 2m12s elapsed (since last share, avg 1m12s) | best=237 target=25388 (999%)
[2026-09-16T03:47:01Z INFO  minertim::pool_connection] New job: jSWrs0dIDtE8dFbW (difficulty: 169173, target: 2c630000)
[2026-09-16T03:47:03Z INFO  minertim::pool_connection] New job: JCdOUEgiIuIn6Iri (difficulty: 126882, target: 3a840000)
[2026-09-16T03:47:07Z INFO  minertim::miner] Worker 2 SHARE FOUND! job_id=JCdOUEgiIuIn6Iri, nonce=da11e601, hash_val=6848, difficulty=126882, hash=63362b7af7c6d533b54971e3c431581e94b31e0adb3286570ef1c542c01a0000
[2026-09-16T03:47:08Z INFO  minertim] H/s 1m:2271.7 5m:2271.1 10m:2252.3 | Shares: 225/0 (found:226) | Diff: 126882 | 1s elapsed (since last share, avg 55s) | best=237 target=33850 (999%)
[2026-09-16T03:47:18Z INFO  minertim] H/s 1m:2147.2 5m:2250.3 10m:2243.5 | Shares: 225/0 (found:226) | Diff: 126882 | 11s elapsed (since last share, avg 59s) | best=237 target=33850 (999%)
[2026-09-16T03:47:21Z INFO  minertim::pool_connection] New job: cQz0PK65pvLsZl1A (difficulty: 126882, target: 3a840000)
[2026-09-16T03:47:21Z INFO  minertim::pool_connection] Share accepted by pool
[2026-09-16T03:47:28Z INFO  minertim] H/s 1m:2147.7 5m:2249.4 10m:2243.4 | Shares: 226/0 (found:226) | Diff: 126882 | 21s elapsed (since last share, avg 59s) | best=237 target=33850 (999%)
[2026-09-16T03:47:33Z INFO  minertim::pool_connection] New job: Zd0CLW4bRQtcK4fU (difficulty: 190320, target: 27580000)
[2026-09-16T03:47:38Z INFO  minertim] H/s 1m:2142.3 5m:2252.2 10m:2242.8 | Shares: 226/0 (found:226) | Diff: 190320 | 31s elapsed (since last share, avg 1m28s) | best=237 target=22567 (999%)
[2026-09-16T03:47:41Z INFO  minertim::pool_connection] New job: hPXaJbKRvPlSu1Ex (difficulty: 190320, target: 27580000)
[2026-09-16T03:47:44Z INFO  minertim::miner] Worker 0 SHARE FOUND! job_id=hPXaJbKRvPlSu1Ex, nonce=145ce701, hash_val=22279, difficulty=190320, hash=c61f3e8425ddd39fd6f7c4a29293d9aa0ed1590a6ae8df0d3a0c879c07570000
[2026-09-16T03:47:48Z INFO  minertim] H/s 1m:2132.9 5m:2251.5 10m:2241.6 | Shares: 226/0 (found:227) | Diff: 190320 | 4s elapsed (since last share, avg 1m29s) | best=237 target=22567 (999%)
[2026-09-16T03:47:58Z INFO  minertim] H/s 1m:2096.5 5m:2232.3 10m:2232.8 | Shares: 226/0 (found:227) | Diff: 190320 | 14s elapsed (since last share, avg 1m30s) | best=237 target=22567 (999%)
[2026-09-16T03:48:01Z INFO  minertim::pool_connection] New job: NGm0Ui0SSsr001Mb (difficulty: 190320, target: 27580000)
[2026-09-16T03:48:01Z INFO  minertim::pool_connection] Share accepted by pool
[2026-09-16T03:48:08Z INFO  minertim] H/s 1m:2167.1 5m:2222.7 10m:2228.1 | Shares: 227/0 (found:227) | Diff: 190320 | 24s elapsed (since last share, avg 1m27s) | best=237 target=22567 (999%)
[2026-09-16T03:48:18Z INFO  minertim] H/s 1m:2168.7 5m:2221.9 10m:2228.0 | Shares: 227/0 (found:227) | Diff: 190320 | 34s elapsed (since last share, avg 1m27s) | best=237 target=22567 (999%)
[2026-09-16T03:48:21Z INFO  minertim::pool_connection] New job: BJsCKk2MSRAgSs0o (difficulty: 190320, target: 27580000)
[2026-09-16T03:48:28Z INFO  minertim] H/s 1m:2172.9 5m:2221.4 10m:2229.9 | Shares: 227/0 (found:227) | Diff: 190320 | 44s elapsed (since last share, avg 1m27s) | best=237 target=22567 (999%)
[2026-09-16T03:48:31Z INFO  minertim::pool_connection] New job: AiTF2Gy0wROVSAlu (difficulty: 190320, target: 27580000)
[2026-09-16T03:48:38Z INFO  minertim] H/s 1m:2186.8 5m:2222.2 10m:2231.9 | Shares: 227/0 (found:227) | Diff: 190320 | 54s elapsed (since last share, avg 1m27s) | best=237 target=22567 (999%)
[2026-09-16T03:48:48Z INFO  minertim] H/s 1m:2303.1 5m:2223.7 10m:2232.0 | Shares: 227/0 (found:227) | Diff: 190320 | 1m4s elapsed (since last share, avg 1m22s) | best=237 target=22567 (999%)
[2026-09-16T03:48:50Z INFO  minertim::pool_connection] New job: KvgKpfAtOgIPSKew (difficulty: 190320, target: 27580000)
[2026-09-16T03:48:58Z INFO  minertim] H/s 1m:2353.3 5m:2224.4 10m:2231.6 | Shares: 227/0 (found:227) | Diff: 190320 | 1m14s elapsed (since last share, avg 1m20s) | best=237 target=22567 (999%)
[2026-09-16T03:49:08Z INFO  minertim] H/s 1m:2356.0 5m:2224.5 10m:2241.4 | Shares: 227/0 (found:227) | Diff: 190320 | 1m24s elapsed (since last share, avg 1m20s) | best=237 target=22567 (999%)
[2026-09-16T03:49:10Z INFO  minertim::pool_connection] New job: UfOVAUY58hkoh9dB (difficulty: 190320, target: 27580000)
[2026-09-16T03:49:18Z INFO  minertim] H/s 1m:2358.8 5m:2244.5 10m:2247.3 | Shares: 227/0 (found:227) | Diff: 190320 | 1m34s elapsed (since last share, avg 1m20s) | best=237 target=22567 (999%)
[2026-09-16T03:49:28Z INFO  minertim] H/s 1m:2358.4 5m:2257.4 10m:2248.1 | Shares: 227/0 (found:227) | Diff: 190320 | 1m44s elapsed (since last share, avg 1m20s) | best=237 target=22567 (999%)
[2026-09-16T03:49:30Z INFO  minertim::pool_connection] New job: 10FwdxVoANy75n0u (difficulty: 190320, target: 27580000)
[2026-09-16T03:49:33Z INFO  minertim::pool_connection] New job: enXIW5DjGFknTSic (difficulty: 129765, target: 4a810000)
[2026-09-16T03:49:37Z INFO  minertim::miner] Worker 2 SHARE FOUND! job_id=enXIW5DjGFknTSic, nonce=a2f1ea01, hash_val=12000, difficulty=129765, hash=6e58a68cfca6d77e41ebdbe1530d303c782a7fc0c2ade087d5070e81e02e0000
[2026-09-16T03:49:38Z INFO  minertim] H/s 1m:2351.1 5m:2266.4 10m:2247.9 | Shares: 227/0 (found:228) | Diff: 129765 | 1s elapsed (since last share, avg 55s) | best=237 target=33098 (999%)
[2026-09-16T03:49:48Z INFO  minertim] H/s 1m:2231.9 5m:2258.4 10m:2237.3 | Shares: 227/0 (found:228) | Diff: 129765 | 11s elapsed (since last share, avg 58s) | best=237 target=33098 (999%)
[2026-09-16T03:49:50Z INFO  minertim::pool_connection] New job: QFR1dx3GGSBsgrAG (difficulty: 129765, target: 4a810000)
[2026-09-16T03:49:50Z INFO  minertim::pool_connection] Share accepted by pool
[2026-09-16T03:49:58Z INFO  minertim] H/s 1m:2181.7 5m:2252.7 10m:2232.9 | Shares: 228/0 (found:228) | Diff: 129765 | 21s elapsed (since last share, avg 59s) | best=237 target=33098 (999%)
[2026-09-16T03:50:00Z INFO  minertim::pool_connection] New job: QYho1gbjlk2lwt0O (difficulty: 129765, target: 4a810000)
[2026-09-16T03:50:03Z INFO  minertim::pool_connection] New job: VL9jKhPXuMzUUQSZ (difficulty: 194650, target: 31560000)
[2026-09-16T03:50:08Z INFO  minertim] H/s 1m:2181.7 5m:2255.2 10m:2232.9 | Shares: 228/0 (found:228) | Diff: 194650 | 31s elapsed (since last share, avg 1m29s) | best=237 target=22065 (999%)
[2026-09-16T03:50:18Z INFO  minertim] H/s 1m:2181.7 5m:2255.4 10m:2237.9 | Shares: 228/0 (found:228) | Diff: 194650 | 41s elapsed (since last share, avg 1m29s) | best=237 target=22065 (999%)
[2026-09-16T03:50:20Z INFO  minertim::pool_connection] New job: pi2CJr62QDAJtXR2 (difficulty: 194650, target: 31560000)
[2026-09-16T03:50:22Z INFO  minertim::miner] Worker 0 SHARE FOUND! job_id=pi2CJr62QDAJtXR2, nonce=bc6fec01, hash_val=12302, difficulty=194650, hash=ed665b3f675f28365f42723207b522054859928a016eab120026a6c60e300000
[2026-09-16T03:50:23Z INFO  minertim::pool_connection] New job: 9IbkZNSPgwT9Nicj (difficulty: 194650, target: 31560000)
[2026-09-16T03:50:23Z INFO  minertim::pool_connection] Share accepted by pool
[2026-09-16T03:50:28Z INFO  minertim] H/s 1m:2179.6 5m:2254.1 10m:2239.8 | Shares: 229/0 (found:229) | Diff: 194650 | 6s elapsed (since last share, avg 1m29s) | best=237 target=22065 (999%)
[2026-09-16T03:50:37Z INFO  minertim::miner] Worker 3 SHARE FOUND! job_id=9IbkZNSPgwT9Nicj, nonce=4b7ee901, hash_val=12713, difficulty=194650, hash=5429202cc8bc70f52225f4b11b844e5d0d5586b5fa0f17b19e3106e5a9310000
[2026-09-16T03:50:38Z INFO  minertim] H/s 1m:2244.8 5m:2245.3 10m:2234.7 | Shares: 229/0 (found:230) | Diff: 194650 | 1s elapsed (since last share, avg 1m26s) | best=237 target=22065 (999%)
[2026-09-16T03:50:43Z INFO  minertim::pool_connection] New job: p5aKtr7Ryy9NqMcJ (difficulty: 194650, target: 31560000)
[2026-09-16T03:50:43Z INFO  minertim::pool_connection] Share accepted by pool
[2026-09-16T03:50:48Z INFO  minertim] H/s 1m:2297.7 5m:2245.6 10m:2234.8 | Shares: 230/0 (found:230) | Diff: 194650 | 11s elapsed (since last share, avg 1m24s) | best=237 target=22065 (999%)
[2026-09-16T03:50:58Z INFO  minertim::miner] Worker 0 SHARE FOUND! job_id=p5aKtr7Ryy9NqMcJ, nonce=ccb5ed01, hash_val=19217, difficulty=194650, hash=3359999a5a492113849abf753a35e5b7e6c895f570205fdd69ee22cc114b0000
[2026-09-16T03:50:58Z INFO  minertim] H/s 1m:2290.6 5m:2245.6 10m:2234.6 | Shares: 230/0 (found:231) | Diff: 194650 | 0s elapsed (since last share, avg 1m24s) | best=237 target=22065 (999%)
[2026-09-16T03:51:03Z INFO  minertim::pool_connection] New job: BdrbVg91q6KNqqSE (difficulty: 194650, target: 31560000)
[2026-09-16T03:51:03Z INFO  minertim::pool_connection] New job: RP5Sau7ZMh2zt0JQ (difficulty: 291976, target: 76390000)
[2026-09-16T03:51:03Z INFO  minertim::pool_connection] Share accepted by pool
[2026-09-16T03:51:08Z INFO  minertim] H/s 1m:2263.1 5m:2241.6 10m:2234.4 | Shares: 231/0 (found:231) | Diff: 291976 | 10s elapsed (since last share, avg 2m9s) | best=237 target=14710 (999%)
[2026-09-16T03:51:18Z INFO  minertim] H/s 1m:2266.4 5m:2240.9 10m:2235.4 | Shares: 231/0 (found:231) | Diff: 291976 | 20s elapsed (since last share, avg 2m8s) | best=237 target=14710 (999%)
[2026-09-16T03:51:23Z INFO  minertim::pool_connection] New job: HRrplhqfmKyq2iqU (difficulty: 291976, target: 76390000)
[2026-09-16T03:51:28Z INFO  minertim] H/s 1m:2324.4 5m:2241.8 10m:2235.9 | Shares: 231/0 (found:231) | Diff: 291976 | 30s elapsed (since last share, avg 2m5s) | best=237 target=14710 (999%)
[2026-09-16T03:51:33Z INFO  minertim::pool_connection] New job: aWLlKBNqJqd3e2rt (difficulty: 437993, target: 4e260000)
[2026-09-16T03:51:38Z INFO  minertim] H/s 1m:2316.3 5m:2240.8 10m:2246.1 | Shares: 231/0 (found:231) | Diff: 437993 | 40s elapsed (since last share, avg 3m9s) | best=237 target=9806 (999%)
[2026-09-16T03:51:43Z INFO  minertim::pool_connection] New job: ZWtEjFUeWg0B7Kk7 (difficulty: 437993, target: 4e260000)
[2026-09-16T03:51:46Z INFO  minertim::pool_connection] New job: 1yDOd0Vz6JcMPIM1 (difficulty: 437993, target: 4e260000)
[2026-09-16T03:51:48Z INFO  minertim] H/s 1m:2312.8 5m:2239.6 10m:2248.7 | Shares: 231/0 (found:231) | Diff: 437993 | 50s elapsed (since last share, avg 3m9s) | best=237 target=9806 (999%)
[2026-09-16T03:51:58Z INFO  minertim] H/s 1m:2339.5 5m:2253.3 10m:2258.5 | Shares: 231/0 (found:231) | Diff: 437993 | 1m0s elapsed (since last share, avg 3m7s) | best=237 target=9806 (999%)
[2026-09-16T03:52:03Z INFO  minertim::pool_connection] New job: DKxFuTz11BrYLIg9 (difficulty: 328486, target: 13330000)
[2026-09-16T03:52:06Z INFO  minertim::pool_connection] New job: UDpxe9FC9dvhmscc (difficulty: 328486, target: 13330000)
[2026-09-16T03:52:08Z INFO  minertim] H/s 1m:2345.5 5m:2275.1 10m:2264.0 | Shares: 231/0 (found:231) | Diff: 328486 | 1m10s elapsed (since last share, avg 2m20s) | best=237 target=13075 (999%)
[2026-09-16T03:52:18Z INFO  minertim] H/s 1m:2347.2 5m:2276.2 10m:2264.4 | Shares: 231/0 (found:231) | Diff: 328486 | 1m20s elapsed (since last share, avg 2m19s) | best=237 target=13075 (999%)
[2026-09-16T03:52:26Z INFO  minertim::pool_connection] New job: 9OLKYfrW6HP9gFfH (difficulty: 328486, target: 13330000)
[2026-09-16T03:52:28Z INFO  minertim] H/s 1m:2355.3 5m:2277.5 10m:2264.6 | Shares: 231/0 (found:231) | Diff: 328486 | 1m30s elapsed (since last share, avg 2m19s) | best=237 target=13075 (999%)
[2026-09-16T03:52:39Z INFO  minertim] H/s 1m:2366.4 5m:2279.9 10m:2266.6 | Shares: 231/0 (found:231) | Diff: 328486 | 1m40s elapsed (since last share, avg 2m18s) | best=237 target=13075 (999%)
[2026-09-16T03:52:45Z INFO  minertim::miner] Worker 3 SHARE FOUND! job_id=9OLKYfrW6HP9gFfH, nonce=efe0ed01, hash_val=4642, difficulty=328486, hash=22c3d02309e3277f892a3bdb64b3cd7b1c8da34639b90afb052805f222120000
[2026-09-16T03:52:46Z INFO  minertim::pool_connection] New job: PIhwpHkvfpvofFmn (difficulty: 328486, target: 13330000)
[2026-09-16T03:52:46Z INFO  minertim::pool_connection] Share accepted by pool
[2026-09-16T03:52:49Z INFO  minertim] H/s 1m:2354.5 5m:2297.8 10m:2266.4 | Shares: 232/0 (found:232) | Diff: 328486 | 3s elapsed (since last share, avg 2m19s) | best=237 target=13075 (999%)
[2026-09-16T03:52:58Z INFO  minertim::miner] Worker 1 SHARE FOUND! job_id=PIhwpHkvfpvofFmn, nonce=5920f901, hash_val=2211, difficulty=328486, hash=dd806b29fabfab37c0224f326bc4f6f0644227fb323053b583749cd0a3080000
[2026-09-16T03:52:59Z INFO  minertim] H/s 1m:2355.4 5m:2307.5 10m:2266.8 | Shares: 232/0 (found:233) | Diff: 328486 | 0s elapsed (since last share, avg 2m19s) | best=237 target=13075 (999%)
[2026-09-16T03:53:06Z INFO  minertim::pool_connection] New job: HJFqPxs46z05Bl3p (difficulty: 328486, target: 13330000)
[2026-09-16T03:53:06Z INFO  minertim::pool_connection] Share accepted by pool
[2026-09-16T03:53:09Z INFO  minertim] H/s 1m:2273.4 5m:2294.2 10m:2259.9 | Shares: 233/0 (found:233) | Diff: 328486 | 10s elapsed (since last share, avg 2m24s) | best=237 target=13075 (999%)
[2026-09-16T03:53:19Z INFO  minertim] H/s 1m:2273.2 5m:2294.8 10m:2259.9 | Shares: 233/0 (found:233) | Diff: 328486 | 20s elapsed (since last share, avg 2m24s) | best=237 target=13075 (999%)
[2026-09-16T03:53:26Z INFO  minertim::pool_connection] New job: j1HEuR5UIme61qt2 (difficulty: 328486, target: 13330000)
[2026-09-16T03:53:29Z INFO  minertim] H/s 1m:2273.9 5m:2294.9 10m:2260.0 | Shares: 233/0 (found:233) | Diff: 328486 | 30s elapsed (since last share, avg 2m24s) | best=237 target=13075 (999%)
[2026-09-16T03:53:39Z INFO  minertim] H/s 1m:2286.9 5m:2295.0 10m:2260.4 | Shares: 233/0 (found:233) | Diff: 328486 | 40s elapsed (since last share, avg 2m23s) | best=237 target=13075 (999%)
[2026-09-16T03:53:46Z INFO  minertim::pool_connection] New job: cbfgEELWC1y061O7 (difficulty: 328486, target: 13330000)
[2026-09-16T03:53:49Z INFO  minertim] H/s 1m:2269.6 5m:2293.1 10m:2259.8 | Shares: 233/0 (found:233) | Diff: 328486 | 50s elapsed (since last share, avg 2m24s) | best=237 target=13075 (999%)
[2026-09-16T03:53:57Z INFO  minertim::miner] Worker 3 SHARE FOUND! job_id=cbfgEELWC1y061O7, nonce=536bf001, hash_val=2262, difficulty=328486, hash=e401ee7cf162537914f61ec239631e15b2f42f0fa65b071224bd5b48d6080000
[2026-09-16T03:53:59Z INFO  minertim] H/s 1m:2274.7 5m:2280.2 10m:2254.0 | Shares: 233/0 (found:234) | Diff: 328486 | 1s elapsed (since last share, avg 2m24s) | best=237 target=13075 (999%)
[2026-09-16T03:54:06Z INFO  minertim::pool_connection] New job: O5UFrUE31ssXbgnw (difficulty: 328486, target: 13330000)
[2026-09-16T03:54:06Z INFO  minertim::pool_connection] Share accepted by pool
[2026-09-16T03:54:09Z INFO  minertim] H/s 1m:2199.8 5m:2267.4 10m:2248.0 | Shares: 234/0 (found:234) | Diff: 328486 | 11s elapsed (since last share, avg 2m29s) | best=237 target=13075 (999%)
[2026-09-16T03:54:19Z INFO  minertim] H/s 1m:2197.2 5m:2267.1 10m:2257.7 | Shares: 234/0 (found:234) | Diff: 328486 | 21s elapsed (since last share, avg 2m29s) | best=237 target=13075 (999%)
[2026-09-16T03:54:26Z INFO  minertim::pool_connection] New job: F09q4mUa0iMn8WU4 (difficulty: 328486, target: 13330000)
[2026-09-16T03:54:29Z INFO  minertim] H/s 1m:2196.2 5m:2268.2 10m:2264.0 | Shares: 234/0 (found:234) | Diff: 328486 | 31s elapsed (since last share, avg 2m29s) | best=237 target=13075 (999%)
[2026-09-16T03:54:39Z INFO  minertim] H/s 1m:2212.6 5m:2289.8 10m:2269.0 | Shares: 234/0 (found:234) | Diff: 328486 | 41s elapsed (since last share, avg 2m28s) | best=237 target=13075 (999%)
[2026-09-16T03:54:46Z INFO  minertim::pool_connection] New job: GkqUk0A26vPYGKqT (difficulty: 328486, target: 13330000)
[2026-09-16T03:54:49Z INFO  minertim] H/s 1m:2289.0 5m:2298.7 10m:2275.6 | Shares: 234/0 (found:234) | Diff: 328486 | 51s elapsed (since last share, avg 2m23s) | best=237 target=13075 (999%)
[2026-09-16T03:54:59Z INFO  minertim] H/s 1m:2363.0 5m:2298.6 10m:2277.2 | Shares: 234/0 (found:234) | Diff: 328486 | 1m1s elapsed (since last share, avg 2m19s) | best=237 target=13075 (999%)
[2026-09-16T03:55:06Z INFO  minertim::pool_connection] New job: RsgJIkfeac03ADbt (difficulty: 328486, target: 13330000)
[2026-09-16T03:55:09Z INFO  minertim] H/s 1m:2363.9 5m:2298.5 10m:2278.4 | Shares: 234/0 (found:234) | Diff: 328486 | 1m11s elapsed (since last share, avg 2m18s) | best=237 target=13075 (999%)
[2026-09-16T03:55:18Z INFO  minertim::miner] Worker 1 SHARE FOUND! job_id=RsgJIkfeac03ADbt, nonce=01d8fd01, hash_val=11157, difficulty=328486, hash=3863ed89d18fb6009ad9f9536b918661579b730a620e71573f8b22fb952b0000
[2026-09-16T03:55:19Z INFO  minertim] H/s 1m:2358.5 5m:2299.1 10m:2278.0 | Shares: 234/0 (found:235) | Diff: 328486 | 0s elapsed (since last share, avg 2m19s) | best=237 target=13075 (999%)
[2026-09-16T03:55:25Z INFO  minertim::pool_connection] New job: 4uBaESj9KsNcBIXs (difficulty: 328486, target: 13330000)
[2026-09-16T03:55:26Z INFO  minertim::pool_connection] Share accepted by pool
[2026-09-16T03:55:29Z INFO  minertim] H/s 1m:2263.5 5m:2293.0 10m:2270.1 | Shares: 235/0 (found:235) | Diff: 328486 | 10s elapsed (since last share, avg 2m25s) | best=237 target=13075 (999%)
[2026-09-16T03:55:39Z INFO  minertim] H/s 1m:2262.2 5m:2292.6 10m:2270.7 | Shares: 235/0 (found:235) | Diff: 328486 | 20s elapsed (since last share, avg 2m25s) | best=237 target=13075 (999%)
[2026-09-16T03:55:45Z INFO  minertim::pool_connection] New job: Y8OhIWYIDZc4G5dq (difficulty: 328486, target: 13330000)
[2026-09-16T03:55:49Z INFO  minertim] H/s 1m:2261.5 5m:2293.6 10m:2270.6 | Shares: 235/0 (found:235) | Diff: 328486 | 30s elapsed (since last share, avg 2m25s) | best=237 target=13075 (999%)
[2026-09-16T03:55:59Z INFO  minertim] H/s 1m:2261.6 5m:2298.3 10m:2271.2 | Shares: 235/0 (found:235) | Diff: 328486 | 40s elapsed (since last share, avg 2m25s) | best=237 target=13075 (999%)
[2026-09-16T03:56:05Z INFO  minertim::pool_connection] New job: ATWFUS1b0TJ8GHmt (difficulty: 328486, target: 13330000)
[2026-09-16T03:56:09Z INFO  minertim] H/s 1m:2266.8 5m:2299.2 10m:2271.5 | Shares: 235/0 (found:235) | Diff: 328486 | 50s elapsed (since last share, avg 2m24s) | best=237 target=13075 (999%)
[2026-09-16T03:56:19Z INFO  minertim] H/s 1m:2362.2 5m:2299.5 10m:2271.7 | Shares: 235/0 (found:235) | Diff: 328486 | 1m0s elapsed (since last share, avg 2m19s) | best=237 target=13075 (999%)
[2026-09-16T03:56:25Z INFO  minertim::pool_connection] New job: Uj9kksDjhbUTOxwu (difficulty: 328486, target: 13330000)
[2026-09-16T03:56:29Z INFO  minertim] H/s 1m:2364.9 5m:2301.0 10m:2272.4 | Shares: 235/0 (found:235) | Diff: 328486 | 1m10s elapsed (since last share, avg 2m18s) | best=237 target=13075 (999%)
[2026-09-16T03:56:39Z INFO  minertim] H/s 1m:2366.2 5m:2302.8 10m:2272.5 | Shares: 235/0 (found:235) | Diff: 328486 | 1m20s elapsed (since last share, avg 2m18s) | best=237 target=13075 (999%)
[2026-09-16T03:56:45Z INFO  minertim::pool_connection] New job: 4KdYMKkyofB1hZUb (difficulty: 328486, target: 13330000)
[2026-09-16T03:56:49Z INFO  minertim] H/s 1m:2367.5 5m:2303.1 10m:2272.9 | Shares: 235/0 (found:235) | Diff: 328486 | 1m30s elapsed (since last share, avg 2m18s) | best=237 target=13075 (999%)
[2026-09-16T03:56:59Z INFO  minertim] H/s 1m:2365.0 5m:2302.5 10m:2279.4 | Shares: 235/0 (found:235) | Diff: 328486 | 1m40s elapsed (since last share, avg 2m18s) | best=237 target=13075 (999%)
[2026-09-16T03:57:03Z INFO  minertim::pool_connection] New job: REnK1ByjCgd1F821 (difficulty: 246355, target: 1a440000)
[2026-09-16T03:57:05Z INFO  minertim::pool_connection] New job: WumuA1urwmthvzw2 (difficulty: 246355, target: 1a440000)
[2026-09-16T03:57:09Z INFO  minertim] H/s 1m:2358.1 5m:2301.4 10m:2289.6 | Shares: 235/0 (found:235) | Diff: 246355 | 1m50s elapsed (since last share, avg 1m44s) | best=237 target=17434 (999%)
[2026-09-16T03:57:19Z INFO  minertim] H/s 1m:2349.9 5m:2300.1 10m:2289.5 | Shares: 235/0 (found:235) | Diff: 246355 | 2m0s elapsed (since last share, avg 1m44s) | best=237 target=17434 (999%)
[2026-09-16T03:57:25Z INFO  minertim::pool_connection] New job: 4wTosbLDBoe363jQ (difficulty: 246355, target: 1a440000)
[2026-09-16T03:57:29Z INFO  minertim] H/s 1m:2326.0 5m:2295.9 10m:2288.1 | Shares: 235/0 (found:235) | Diff: 246355 | 2m10s elapsed (since last share, avg 1m45s) | best=237 target=17434 (999%)
[2026-09-16T03:57:39Z INFO  minertim] H/s 1m:2320.6 5m:2297.2 10m:2288.8 | Shares: 235/0 (found:235) | Diff: 246355 | 2m20s elapsed (since last share, avg 1m46s) | best=237 target=17434 (999%)
[2026-09-16T03:57:45Z INFO  minertim::pool_connection] New job: ZYGMMKmqA4OszYII (difficulty: 246355, target: 1a440000)
[2026-09-16T03:57:49Z INFO  minertim] H/s 1m:2323.5 5m:2297.0 10m:2298.6 | Shares: 235/0 (found:235) | Diff: 246355 | 2m30s elapsed (since last share, avg 1m46s) | best=237 target=17434 (999%)
[2026-09-16T03:57:59Z INFO  minertim] H/s 1m:2329.2 5m:2311.1 10m:2303.3 | Shares: 235/0 (found:235) | Diff: 246355 | 2m40s elapsed (since last share, avg 1m45s) | best=237 target=17434 (999%)
[2026-09-16T03:58:01Z INFO  minertim::miner] Worker 2 SHARE FOUND! job_id=ZYGMMKmqA4OszYII, nonce=829bfc01, hash_val=6123, difficulty=246355, hash=4e31f92d02aef81e0ca182b2c877e29bebf4df615ffe1df1b7dee16deb170000
[2026-09-16T03:58:03Z INFO  minertim::pool_connection] New job: 1lqJjIIH3mIWEJNn (difficulty: 184769, target: cd5a0000)
[2026-09-16T03:58:03Z INFO  minertim::pool_connection] Share accepted by pool
[2026-09-16T03:58:05Z INFO  minertim::pool_connection] New job: KrSWkiU0YuLzx396 (difficulty: 184769, target: cd5a0000)
[2026-09-16T03:58:09Z INFO  minertim] H/s 1m:2308.0 5m:2306.1 10m:2301.3 | Shares: 236/0 (found:236) | Diff: 184769 | 8s elapsed (since last share, avg 1m20s) | best=237 target=23245 (999%)
[2026-09-16T03:58:12Z INFO  minertim::miner] Worker 1 SHARE FOUND! job_id=KrSWkiU0YuLzx396, nonce=11cf0302, hash_val=485, difficulty=184769, hash=9ab4feca924252a5e79af415edb909db6b2f59fabca9c38c3f292b0de5010000
[2026-09-16T03:58:19Z INFO  minertim] H/s 1m:2272.9 5m:2295.7 10m:2296.5 | Shares: 236/0 (found:237) | Diff: 184769 | 7s elapsed (since last share, avg 1m21s) | best=237 target=23245 (999%)
[2026-09-16T03:58:25Z INFO  minertim::pool_connection] New job: Fp6Q5HurlIKwIN94 (difficulty: 184769, target: cd5a0000)
[2026-09-16T03:58:25Z INFO  minertim::pool_connection] Share accepted by pool
[2026-09-16T03:58:28Z INFO  minertim::miner] Worker 3 SHARE FOUND! job_id=Fp6Q5HurlIKwIN94, nonce=17d3f901, hash_val=10318, difficulty=184769, hash=4113979ec8848e4506c946e5a02fc52e34ab87cd7dfde57c274462bc4e280000
[2026-09-16T03:58:29Z INFO  minertim] H/s 1m:2171.9 5m:2277.4 10m:2287.6 | Shares: 237/0 (found:238) | Diff: 184769 | 1s elapsed (since last share, avg 1m25s) | best=237 target=23245 (999%)
[2026-09-16T03:58:33Z INFO  minertim::pool_connection] New job: S5UFsTwGXvCWXM1a (difficulty: 277148, target: 893c0000)
[2026-09-16T03:58:33Z INFO  minertim::pool_connection] Share accepted by pool
[2026-09-16T03:58:39Z INFO  minertim] H/s 1m:2128.2 5m:2272.6 10m:2283.8 | Shares: 238/0 (found:238) | Diff: 277148 | 11s elapsed (since last share, avg 2m10s) | best=237 target=15497 (999%)
[2026-09-16T03:58:45Z INFO  minertim::pool_connection] New job: hDUL00uJzj4kPci9 (difficulty: 277148, target: 893c0000)
[2026-09-16T03:58:49Z INFO  minertim] H/s 1m:2125.3 5m:2285.3 10m:2284.0 | Shares: 238/0 (found:238) | Diff: 277148 | 21s elapsed (since last share, avg 2m10s) | best=237 target=15497 (999%)
[2026-09-16T03:58:59Z INFO  minertim] H/s 1m:2149.7 5m:2297.4 10m:2283.8 | Shares: 238/0 (found:238) | Diff: 277148 | 31s elapsed (since last share, avg 2m8s) | best=237 target=15497 (999%)
[2026-09-16T03:59:03Z INFO  minertim::pool_connection] New job: 5JnYnxHx0430RpJP (difficulty: 415735, target: 5b280000)
[2026-09-16T03:59:04Z INFO  minertim::pool_connection] New job: jBDJ2xZFCRwMSVuc (difficulty: 415735, target: 5b280000)
[2026-09-16T03:59:09Z INFO  minertim] H/s 1m:2207.6 5m:2297.5 10m:2283.7 | Shares: 238/0 (found:238) | Diff: 415735 | 41s elapsed (since last share, avg 3m8s) | best=237 target=10331 (999%)
[2026-09-16T03:59:19Z INFO  minertim] H/s 1m:2313.3 5m:2297.6 10m:2283.7 | Shares: 238/0 (found:238) | Diff: 415735 | 51s elapsed (since last share, avg 2m59s) | best=237 target=10331 (999%)
[2026-09-16T03:59:24Z INFO  minertim::pool_connection] New job: eMQfCi5qUTYAW0Y1 (difficulty: 415735, target: 5b280000)
[2026-09-16T03:59:29Z INFO  minertim] H/s 1m:2351.4 5m:2296.6 10m:2283.8 | Shares: 238/0 (found:238) | Diff: 415735 | 1m1s elapsed (since last share, avg 2m56s) | best=237 target=10331 (999%)
[2026-09-16T03:59:33Z INFO  minertim::pool_connection] New job: 97Ijum7SRagEin3T (difficulty: 311794, target: cf350000)
[2026-09-16T03:59:39Z INFO  minertim] H/s 1m:2354.4 5m:2296.6 10m:2294.4 | Shares: 238/0 (found:238) | Diff: 311794 | 1m11s elapsed (since last share, avg 2m12s) | best=237 target=13775 (999%)
[2026-09-16T03:59:44Z INFO  minertim::pool_connection] New job: qDtJvQZf8UA8Ya4v (difficulty: 311794, target: cf350000)
[2026-09-16T03:59:49Z INFO  minertim] H/s 1m:2357.5 5m:2296.5 10m:2298.7 | Shares: 238/0 (found:238) | Diff: 311794 | 1m21s elapsed (since last share, avg 2m12s) | best=237 target=13775 (999%)
[2026-09-16T03:59:59Z INFO  minertim] H/s 1m:2359.0 5m:2296.6 10m:2298.8 | Shares: 238/0 (found:238) | Diff: 311794 | 1m31s elapsed (since last share, avg 2m12s) | best=237 target=13775 (999%)
[2026-09-16T04:00:04Z INFO  minertim::pool_connection] New job: Pm956wBLbXLdSgb1 (difficulty: 311794, target: cf350000)
[2026-09-16T04:00:09Z INFO  minertim] H/s 1m:2351.3 5m:2296.4 10m:2298.1 | Shares: 238/0 (found:238) | Diff: 311794 | 1m41s elapsed (since last share, avg 2m12s) | best=237 target=13775 (999%)
[2026-09-16T04:00:19Z INFO  minertim] H/s 1m:2349.2 5m:2311.3 10m:2298.2 | Shares: 238/0 (found:238) | Diff: 311794 | 1m51s elapsed (since last share, avg 2m12s) | best=237 target=13775 (999%)
[2026-09-16T04:00:24Z INFO  minertim::pool_connection] New job: tTj0v3a6nWp3ueCu (difficulty: 311794, target: cf350000)
[2026-09-16T04:00:29Z INFO  minertim] H/s 1m:2343.7 5m:2310.6 10m:2302.8 | Shares: 238/0 (found:238) | Diff: 311794 | 2m1s elapsed (since last share, avg 2m13s) | best=237 target=13775 (999%)
[2026-09-16T04:00:33Z INFO  minertim::pool_connection] New job: McfkCYsIUfKGrbwP (difficulty: 233854, target: be470000)
[2026-09-16T04:00:39Z INFO  minertim] H/s 1m:2344.4 5m:2310.8 10m:2302.7 | Shares: 238/0 (found:238) | Diff: 233854 | 2m11s elapsed (since last share, avg 1m39s) | best=237 target=18366 (999%)
[2026-09-16T04:00:44Z INFO  minertim::pool_connection] New job: 00M6ZNiWWFXiqku1 (difficulty: 233854, target: be470000)
[2026-09-16T04:00:46Z INFO  minertim::miner] Worker 1 SHARE FOUND! job_id=00M6ZNiWWFXiqku1, nonce=c9e00802, hash_val=9651, difficulty=233854, hash=3de411010dcb0d748384d186c077e04c615faec2f3bde173fd1b4928b3250000
[2026-09-16T04:00:49Z INFO  minertim] H/s 1m:2343.4 5m:2310.7 10m:2303.2 | Shares: 238/0 (found:239) | Diff: 233854 | 2s elapsed (since last share, avg 1m39s) | best=237 target=18366 (999%)
[2026-09-16T04:00:59Z INFO  minertim] H/s 1m:2235.2 5m:2290.9 10m:2295.7 | Shares: 238/0 (found:239) | Diff: 233854 | 12s elapsed (since last share, avg 1m44s) | best=237 target=18366 (999%)
[2026-09-16T04:01:04Z INFO  minertim::pool_connection] New job: akifDSfybhmILpsH (difficulty: 233854, target: be470000)
[2026-09-16T04:01:04Z INFO  minertim::pool_connection] Share accepted by pool
[2026-09-16T04:01:09Z INFO  minertim] H/s 1m:2142.0 5m:2273.4 10m:2287.7 | Shares: 239/0 (found:239) | Diff: 233854 | 22s elapsed (since last share, avg 1m49s) | best=237 target=18366 (999%)
[2026-09-16T04:01:19Z INFO  minertim] H/s 1m:2138.7 5m:2271.6 10m:2287.0 | Shares: 239/0 (found:239) | Diff: 233854 | 32s elapsed (since last share, avg 1m49s) | best=237 target=18366 (999%)
[2026-09-16T04:01:24Z INFO  minertim::pool_connection] New job: oIGMEyZ2tUQKDKru (difficulty: 233854, target: be470000)
[2026-09-16T04:01:29Z INFO  minertim] H/s 1m:2138.9 5m:2271.6 10m:2287.6 | Shares: 239/0 (found:239) | Diff: 233854 | 42s elapsed (since last share, avg 1m49s) | best=237 target=18366 (999%)
[2026-09-16T04:01:33Z INFO  minertim::pool_connection] New job: gFTpBoy5sW9jk7fa (difficulty: 339469, target: 6c310000)
[2026-09-16T04:01:39Z INFO  minertim] H/s 1m:2136.4 5m:2270.9 10m:2288.3 | Shares: 239/0 (found:239) | Diff: 339469 | 52s elapsed (since last share, avg 2m38s) | best=237 target=12652 (999%)
[2026-09-16T04:01:44Z INFO  minertim::pool_connection] New job: dDNPxo4y441mw4KI (difficulty: 339469, target: 6c310000)
[2026-09-16T04:01:49Z INFO  minertim] H/s 1m:2284.6 5m:2277.0 10m:2291.1 | Shares: 239/0 (found:239) | Diff: 339469 | 1m2s elapsed (since last share, avg 2m28s) | best=237 target=12652 (999%)
[2026-09-16T04:01:59Z INFO  minertim] H/s 1m:2382.6 5m:2277.6 10m:2290.8 | Shares: 239/0 (found:239) | Diff: 339469 | 1m12s elapsed (since last share, avg 2m22s) | best=237 target=12652 (999%)
[2026-09-16T04:02:03Z INFO  minertim::pool_connection] New job: Mbcf8E2S4pBkXT25 (difficulty: 258904, target: cd400000)
[2026-09-16T04:02:04Z INFO  minertim::pool_connection] New job: n9iMUDrgotRyku6x (difficulty: 258904, target: cd400000)
[2026-09-16T04:02:09Z INFO  minertim] H/s 1m:2391.5 5m:2278.8 10m:2290.8 | Shares: 239/0 (found:239) | Diff: 258904 | 1m22s elapsed (since last share, avg 1m48s) | best=237 target=16589 (999%)
[2026-09-16T04:02:16Z INFO  minertim::pool_connection] New job: eVBC5WDoHa8qAjIW (difficulty: 258904, target: cd400000)
[2026-09-16T04:02:19Z INFO  minertim] H/s 1m:2385.7 5m:2281.9 10m:2290.2 | Shares: 239/0 (found:239) | Diff: 258904 | 1m32s elapsed (since last share, avg 1m48s) | best=237 target=16589 (999%)
[2026-09-16T04:02:20Z INFO  minertim::miner] Worker 1 SHARE FOUND! job_id=eVBC5WDoHa8qAjIW, nonce=59970b02, hash_val=2529, difficulty=258904, hash=005ba059808f4b8cc6bbde7b06010c7fd2c06891f359749dfccf834ae1090000
[2026-09-16T04:02:29Z INFO  minertim] H/s 1m:2272.8 5m:2262.7 10m:2280.3 | Shares: 239/0 (found:240) | Diff: 258904 | 8s elapsed (since last share, avg 1m53s) | best=237 target=16589 (999%)
[2026-09-16T04:02:32Z INFO  minertim::pool_connection] Share accepted by pool
[2026-09-16T04:02:33Z INFO  minertim::pool_connection] New job: lYGolPpA4gYKv3YH (difficulty: 388368, target: 332b0000)
[2026-09-16T04:02:36Z INFO  minertim::pool_connection] New job: n9aZ8Sn0zMjLMEAs (difficulty: 388368, target: 332b0000)
[2026-09-16T04:02:39Z INFO  minertim] H/s 1m:2196.0 5m:2255.1 10m:2277.7 | Shares: 240/0 (found:240) | Diff: 388368 | 18s elapsed (since last share, avg 2m56s) | best=237 target=11059 (999%)
[2026-09-16T04:02:49Z INFO  minertim] H/s 1m:2199.7 5m:2255.3 10m:2277.6 | Shares: 240/0 (found:240) | Diff: 388368 | 28s elapsed (since last share, avg 2m56s) | best=237 target=11059 (999%)
[2026-09-16T04:02:56Z INFO  minertim::pool_connection] New job: M0MWctbUz7QGCXvA (difficulty: 388368, target: 332b0000)
[2026-09-16T04:02:59Z INFO  minertim] H/s 1m:2200.4 5m:2260.2 10m:2284.6 | Shares: 240/0 (found:240) | Diff: 388368 | 38s elapsed (since last share, avg 2m56s) | best=237 target=11059 (999%)
[2026-09-16T04:03:09Z INFO  minertim] H/s 1m:2206.8 5m:2270.5 10m:2284.6 | Shares: 240/0 (found:240) | Diff: 388368 | 48s elapsed (since last share, avg 2m55s) | best=237 target=11059 (999%)
[2026-09-16T04:03:16Z INFO  minertim::pool_connection] New job: p6qOfeP1pa0JLdFF (difficulty: 388368, target: 332b0000)
[2026-09-16T04:03:19Z INFO  minertim] H/s 1m:2323.7 5m:2288.8 10m:2284.6 | Shares: 240/0 (found:240) | Diff: 388368 | 58s elapsed (since last share, avg 2m47s) | best=237 target=11059 (999%)
[2026-09-16T04:03:29Z INFO  minertim] H/s 1m:2362.5 5m:2295.5 10m:2284.1 | Shares: 240/0 (found:240) | Diff: 388368 | 1m8s elapsed (since last share, avg 2m44s) | best=237 target=11059 (999%)
[2026-09-16T04:03:33Z INFO  minertim::pool_connection] New job: CaoBoHA3IyIeduCr (difficulty: 286503, target: 8f3a0000)
[2026-09-16T04:03:36Z INFO  minertim::pool_connection] New job: XIgw4h6MfwdlMzEs (difficulty: 286503, target: 8f3a0000)
[2026-09-16T04:03:37Z INFO  minertim::pool_connection] New job: h1Hui0EpToE7lnCP (difficulty: 286503, target: 8f3a0000)
[2026-09-16T04:03:39Z INFO  minertim] H/s 1m:2358.3 5m:2295.4 10m:2285.1 | Shares: 240/0 (found:240) | Diff: 286503 | 1m18s elapsed (since last share, avg 2m1s) | best=237 target=14991 (999%)
[2026-09-16T04:03:49Z INFO  minertim] H/s 1m:2349.1 5m:2294.6 10m:2290.9 | Shares: 240/0 (found:240) | Diff: 286503 | 1m28s elapsed (since last share, avg 2m1s) | best=237 target=14991 (999%)
[2026-09-16T04:03:56Z INFO  minertim::pool_connection] New job: fbYFa6p0BbXkrJAS (difficulty: 286503, target: 8f3a0000)
[2026-09-16T04:03:59Z INFO  minertim] H/s 1m:2347.3 5m:2294.6 10m:2297.1 | Shares: 240/0 (found:240) | Diff: 286503 | 1m38s elapsed (since last share, avg 2m2s) | best=237 target=14991 (999%)
[2026-09-16T04:04:09Z INFO  minertim] H/s 1m:2345.5 5m:2294.4 10m:2297.1 | Shares: 240/0 (found:240) | Diff: 286503 | 1m49s elapsed (since last share, avg 2m2s) | best=237 target=14991 (999%)
[2026-09-16T04:04:14Z INFO  minertim::pool_connection] New job: lFKmLtd7E0A3M6rm (difficulty: 286503, target: 8f3a0000)
[2026-09-16T04:04:16Z INFO  minertim::miner] Worker 3 SHARE FOUND! job_id=lFKmLtd7E0A3M6rm, nonce=5b260602, hash_val=7170, difficulty=286503, hash=057795b5e34640d36c8f9f62269d5bf960487492ffab9592439b3cac021c0000
[2026-09-16T04:04:19Z INFO  minertim] H/s 1m:2291.1 5m:2285.1 10m:2292.1 | Shares: 240/0 (found:241) | Diff: 286503 | 2s elapsed (since last share, avg 2m5s) | best=237 target=14991 (999%)
[2026-09-16T04:04:29Z INFO  minertim] H/s 1m:2179.3 5m:2265.2 10m:2282.3 | Shares: 240/0 (found:241) | Diff: 286503 | 12s elapsed (since last share, avg 2m11s) | best=237 target=14991 (999%)
[2026-09-16T04:04:30Z INFO  minertim::pool_connection] Share accepted by pool
[2026-09-16T04:04:34Z INFO  minertim::pool_connection] New job: OdPH0IsRLwBoXzoS (difficulty: 286503, target: 8f3a0000)
[2026-09-16T04:04:39Z INFO  minertim] H/s 1m:2167.2 5m:2261.8 10m:2280.6 | Shares: 241/0 (found:241) | Diff: 286503 | 22s elapsed (since last share, avg 2m12s) | best=237 target=14991 (999%)
[2026-09-16T04:04:49Z INFO  minertim] H/s 1m:2168.3 5m:2261.7 10m:2280.6 | Shares: 241/0 (found:241) | Diff: 286503 | 32s elapsed (since last share, avg 2m12s) | best=237 target=14991 (999%)
[2026-09-16T04:04:53Z INFO  minertim::pool_connection] New job: ob0fNoME4YOa0evS (difficulty: 286503, target: 8f3a0000)
[2026-09-16T04:04:59Z INFO  minertim] H/s 1m:2169.2 5m:2263.0 10m:2280.6 | Shares: 241/0 (found:241) | Diff: 286503 | 42s elapsed (since last share, avg 2m12s) | best=237 target=14991 (999%)
[2026-09-16T04:05:09Z INFO  minertim] H/s 1m:2229.2 5m:2264.4 10m:2281.1 | Shares: 241/0 (found:241) | Diff: 286503 | 52s elapsed (since last share, avg 2m8s) | best=237 target=14991 (999%)
[2026-09-16T04:05:10Z INFO  minertim::pool_connection] New job: 0ndxu4htx80zl0gJ (difficulty: 286503, target: 8f3a0000)
[2026-09-16T04:05:19Z INFO  minertim] H/s 1m:2343.7 5m:2265.2 10m:2289.1 | Shares: 241/0 (found:241) | Diff: 286503 | 1m2s elapsed (since last share, avg 2m2s) | best=237 target=14991 (999%)
[2026-09-16T04:05:29Z INFO  minertim] H/s 1m:2364.3 5m:2265.3 10m:2289.2 | Shares: 241/0 (found:241) | Diff: 286503 | 1m12s elapsed (since last share, avg 2m1s) | best=237 target=14991 (999%)
[2026-09-16T04:05:30Z INFO  minertim::pool_connection] New job: PYBrw0KtICN7PG0H (difficulty: 286503, target: 8f3a0000)
[2026-09-16T04:05:32Z INFO  minertim::pool_connection] New job: 39C1dNTQIMNduP5S (difficulty: 286503, target: 8f3a0000)
[2026-09-16T04:05:33Z INFO  minertim::pool_connection] New job: mU02xxtmA2bkdWyR (difficulty: 214877, target: 144e0000)
[2026-09-16T04:05:39Z INFO  minertim] H/s 1m:2365.1 5m:2265.4 10m:2289.4 | Shares: 241/0 (found:241) | Diff: 214877 | 1m22s elapsed (since last share, avg 1m30s) | best=237 target=19988 (999%)
[2026-09-16T04:05:49Z INFO  minertim] H/s 1m:2365.9 5m:2285.5 10m:2289.5 | Shares: 241/0 (found:241) | Diff: 214877 | 1m32s elapsed (since last share, avg 1m30s) | best=237 target=19988 (999%)
[2026-09-16T04:05:52Z INFO  minertim::pool_connection] New job: yeYWk1jvD1wglXJF (difficulty: 214877, target: 144e0000)
[2026-09-16T04:05:59Z INFO  minertim] H/s 1m:2365.7 5m:2303.0 10m:2289.5 | Shares: 241/0 (found:241) | Diff: 214877 | 1m42s elapsed (since last share, avg 1m30s) | best=237 target=19988 (999%)
[2026-09-16T04:06:09Z INFO  minertim] H/s 1m:2367.3 5m:2304.7 10m:2289.5 | Shares: 241/0 (found:241) | Diff: 214877 | 1m52s elapsed (since last share, avg 1m30s) | best=237 target=19988 (999%)
[2026-09-16T04:06:11Z INFO  minertim::pool_connection] New job: rAXk0pbQXubTbAUP (difficulty: 214877, target: 144e0000)
[2026-09-16T04:06:19Z INFO  minertim] H/s 1m:2357.5 5m:2303.0 10m:2288.6 | Shares: 241/0 (found:241) | Diff: 214877 | 2m2s elapsed (since last share, avg 1m31s) | best=237 target=19988 (999%)
[2026-09-16T04:06:29Z INFO  minertim] H/s 1m:2349.6 5m:2302.2 10m:2288.0 | Shares: 241/0 (found:241) | Diff: 214877 | 2m12s elapsed (since last share, avg 1m31s) | best=237 target=19988 (999%)
[2026-09-16T04:06:31Z INFO  minertim::pool_connection] New job: 0IvxJqgLM1lHFPEw (difficulty: 214877, target: 144e0000)
[2026-09-16T04:06:33Z INFO  minertim::pool_connection] New job: YMZVcytro6Rk5A6Q (difficulty: 161155, target: 1b680000)
[2026-09-16T04:06:39Z INFO  minertim] H/s 1m:2341.0 5m:2295.2 10m:2287.2 | Shares: 241/0 (found:241) | Diff: 161155 | 2m22s elapsed (since last share, avg 1m8s) | best=237 target=26651 (999%)
[2026-09-16T04:06:49Z INFO  minertim] H/s 1m:2338.3 5m:2295.3 10m:2287.3 | Shares: 241/0 (found:241) | Diff: 161155 | 2m32s elapsed (since last share, avg 1m8s) | best=237 target=26651 (999%)
[2026-09-16T04:06:51Z INFO  minertim::pool_connection] New job: nrca5VkSsaDOcGo2 (difficulty: 161155, target: 1b680000)
[2026-09-16T04:06:59Z INFO  minertim::miner] Worker 2 SHARE FOUND! job_id=nrca5VkSsaDOcGo2, nonce=c6e10f02, hash_val=21394, difficulty=161155, hash=23e4b88873dc7a552d4fd357e785018f63574de1e69d482105a7d97d92530000
[2026-09-16T04:06:59Z INFO  minertim] H/s 1m:2337.4 5m:2295.3 10m:2287.8 | Shares: 241/0 (found:242) | Diff: 161155 | 0s elapsed (since last share, avg 1m8s) | best=237 target=26651 (999%)
[2026-09-16T04:07:05Z INFO  minertim::pool_connection] New job: iQDHDTpOwjjtKqB3 (difficulty: 161155, target: 1b680000)
[2026-09-16T04:07:06Z INFO  minertim::pool_connection] Share accepted by pool
[2026-09-16T04:07:09Z INFO  minertim] H/s 1m:2268.1 5m:2282.7 10m:2281.7 | Shares: 242/0 (found:242) | Diff: 161155 | 10s elapsed (since last share, avg 1m11s) | best=237 target=26651 (999%)
[2026-09-16T04:07:19Z INFO  minertim] H/s 1m:2253.1 5m:2298.8 10m:2281.8 | Shares: 242/0 (found:242) | Diff: 161155 | 20s elapsed (since last share, avg 1m11s) | best=237 target=26651 (999%)
[2026-09-16T04:07:25Z INFO  minertim::pool_connection] New job: ze5SqNBUsxzxM0vn (difficulty: 161155, target: 1b680000)
[2026-09-16T04:07:27Z INFO  minertim::pool_connection] New job: 6gvguNdcvFma7mRe (difficulty: 161155, target: 1b680000)
[2026-09-16T04:07:29Z INFO  minertim] H/s 1m:2251.5 5m:2304.8 10m:2281.4 | Shares: 242/0 (found:242) | Diff: 161155 | 30s elapsed (since last share, avg 1m11s) | best=237 target=26651 (999%)
[2026-09-16T04:07:39Z INFO  minertim] H/s 1m:2253.0 5m:2304.5 10m:2281.3 | Shares: 242/0 (found:242) | Diff: 161155 | 40s elapsed (since last share, avg 1m11s) | best=237 target=26651 (999%)
[2026-09-16T04:07:40Z INFO  minertim::pool_connection] New job: Gtjp8u698PZwZs2o (difficulty: 161155, target: 1b680000)
[2026-09-16T04:07:49Z INFO  minertim] H/s 1m:2252.5 5m:2304.3 10m:2281.3 | Shares: 242/0 (found:242) | Diff: 161155 | 50s elapsed (since last share, avg 1m11s) | best=237 target=26651 (999%)
[2026-09-16T04:07:51Z INFO  minertim::pool_connection] New job: nbVOtF7dIvtrksed (difficulty: 161155, target: 1b680000)
[2026-09-16T04:07:54Z INFO  minertim::miner] Worker 2 SHARE FOUND! job_id=nbVOtF7dIvtrksed, nonce=3ea11102, hash_val=20627, difficulty=161155, hash=f52a8a72a18ab0f0b374fa7e382031103200d47511aa6ff80fceb1a293500000
[2026-09-16T04:07:59Z INFO  minertim] H/s 1m:2273.7 5m:2294.2 10m:2278.8 | Shares: 242/0 (found:243) | Diff: 161155 | 4s elapsed (since last share, avg 1m10s) | best=237 target=26651 (999%)
[2026-09-16T04:08:01Z INFO  minertim::miner] Worker 0 SHARE FOUND! job_id=nbVOtF7dIvtrksed, nonce=c0401202, hash_val=19476, difficulty=161155, hash=3bcac5cf4bc7736fb27f7b266673e7a33e4027fbbef0ffc0a9d1f74f144c0000
[2026-09-16T04:08:09Z INFO  minertim] H/s 1m:2062.3 5m:2253.7 10m:2263.9 | Shares: 242/0 (found:244) | Diff: 161155 | 8s elapsed (since last share, avg 1m18s) | best=237 target=26651 (999%)
[2026-09-16T04:08:11Z INFO  minertim::pool_connection] New job: pMbApeHaqDRvt527 (difficulty: 161155, target: 1b680000)
[2026-09-16T04:08:11Z INFO  minertim::pool_connection] Share accepted by pool
[2026-09-16T04:08:11Z INFO  minertim::pool_connection] Share accepted by pool
[2026-09-16T04:08:14Z INFO  minertim::miner] Worker 1 SHARE FOUND! job_id=pMbApeHaqDRvt527, nonce=2deb1702, hash_val=22648, difficulty=161155, hash=79b940022d9c4e3606ac086200375a9ad1692be03df8df83aa1493ad78580000
[2026-09-16T04:08:19Z INFO  minertim] H/s 1m:1978.2 5m:2238.5 10m:2264.9 | Shares: 244/0 (found:245) | Diff: 161155 | 4s elapsed (since last share, avg 1m21s) | best=237 target=26651 (999%)
[2026-09-16T04:08:29Z INFO  minertim] H/s 1m:1863.9 5m:2219.3 10m:2258.9 | Shares: 244/0 (found:245) | Diff: 161155 | 14s elapsed (since last share, avg 1m26s) | best=237 target=26651 (999%)
[2026-09-16T04:08:31Z INFO  minertim::pool_connection] New job: sboXopkzyJQ0iTtV (difficulty: 161155, target: 1b680000)
[2026-09-16T04:08:31Z INFO  minertim::pool_connection] Share accepted by pool
[2026-09-16T04:08:33Z INFO  minertim::pool_connection] New job: XLp4fSqs7ox20ufD (difficulty: 241738, target: 67450000)
[2026-09-16T04:08:37Z INFO  minertim::miner] Worker 2 SHARE FOUND! job_id=XLp4fSqs7ox20ufD, nonce=7a921202, hash_val=3345, difficulty=241738, hash=c67c4d7218cafb2c2b49a891306402a6e50988aca4588f68feaafdbb110d0000
[2026-09-16T04:08:39Z INFO  minertim] H/s 1m:1838.7 5m:2216.3 10m:2257.0 | Shares: 245/0 (found:246) | Diff: 241738 | 2s elapsed (since last share, avg 2m11s) | best=237 target=17767 (999%)
[2026-09-16T04:08:49Z INFO  minertim] H/s 1m:1780.7 5m:2196.5 10m:2247.5 | Shares: 245/0 (found:246) | Diff: 241738 | 12s elapsed (since last share, avg 2m15s) | best=237 target=17767 (999%)
[2026-09-16T04:08:50Z INFO  minertim::pool_connection] New job: gfokSqx0VcekxcBm (difficulty: 241738, target: 67450000)
[2026-09-16T04:08:51Z INFO  minertim::pool_connection] Share accepted by pool
[2026-09-16T04:08:59Z INFO  minertim] H/s 1m:1967.6 5m:2188.6 10m:2243.6 | Shares: 246/0 (found:246) | Diff: 241738 | 22s elapsed (since last share, avg 2m2s) | best=237 target=17767 (999%)
[2026-09-16T04:09:03Z INFO  minertim::pool_connection] New job: 2OBB51aN25pexP9F (difficulty: 362597, target: 452e0000)
[2026-09-16T04:09:09Z INFO  minertim] H/s 1m:2061.0 5m:2198.9 10m:2243.6 | Shares: 246/0 (found:246) | Diff: 362597 | 32s elapsed (since last share, avg 2m55s) | best=237 target=11845 (999%)
[2026-09-16T04:09:10Z INFO  minertim::pool_connection] New job: H0lFLp0HnVe04n08 (difficulty: 362597, target: 452e0000)
[2026-09-16T04:09:19Z INFO  minertim] H/s 1m:2168.7 5m:2217.5 10m:2243.4 | Shares: 246/0 (found:246) | Diff: 362597 | 42s elapsed (since last share, avg 2m47s) | best=237 target=11845 (999%)
[2026-09-16T04:09:29Z INFO  minertim] H/s 1m:2194.5 5m:2221.0 10m:2243.4 | Shares: 246/0 (found:246) | Diff: 362597 | 52s elapsed (since last share, avg 2m45s) | best=237 target=11845 (999%)
[2026-09-16T04:09:30Z INFO  minertim::pool_connection] New job: V5Wlob0mjLojrY7B (difficulty: 362597, target: 452e0000)
[2026-09-16T04:09:39Z INFO  minertim::miner] Worker 2 SHARE FOUND! job_id=V5Wlob0mjLojrY7B, nonce=0a511402, hash_val=7056, difficulty=362597, hash=eeed0d27ea8068544edd8b01497a4bdfc51939d4dca2f0bdbb19c2f4901b0000
[2026-09-16T04:09:39Z INFO  minertim] H/s 1m:2307.9 5m:2220.6 10m:2243.3 | Shares: 246/0 (found:247) | Diff: 362597 | 0s elapsed (since last share, avg 2m37s) | best=237 target=11845 (999%)
[2026-09-16T04:09:49Z INFO  minertim] H/s 1m:2237.7 5m:2200.4 10m:2233.3 | Shares: 246/0 (found:247) | Diff: 362597 | 10s elapsed (since last share, avg 2m42s) | best=237 target=11845 (999%)
[2026-09-16T04:09:50Z INFO  minertim::pool_connection] New job: unkixN28VACGoXJE (difficulty: 362597, target: 452e0000)
[2026-09-16T04:09:50Z INFO  minertim::pool_connection] Share accepted by pool
[2026-09-16T04:09:59Z INFO  minertim] H/s 1m:2220.2 5m:2197.3 10m:2232.4 | Shares: 247/0 (found:247) | Diff: 362597 | 20s elapsed (since last share, avg 2m43s) | best=237 target=11845 (999%)
[2026-09-16T04:10:04Z INFO  minertim::pool_connection] New job: UvAv0EWRQr0rQTQY (difficulty: 276559, target: aa3c0000)
[2026-09-16T04:10:09Z INFO  minertim] H/s 1m:2227.0 5m:2197.3 10m:2233.1 | Shares: 247/0 (found:247) | Diff: 276559 | 30s elapsed (since last share, avg 2m4s) | best=237 target=15530 (999%)
[2026-09-16T04:10:10Z INFO  minertim::pool_connection] New job: Ew6v8Bnf8G11CsVS (difficulty: 276559, target: aa3c0000)
[2026-09-16T04:10:17Z INFO  minertim::miner] Worker 1 SHARE FOUND! job_id=Ew6v8Bnf8G11CsVS, nonce=8dc51b02, hash_val=14521, difficulty=276559, hash=e532ee8213b67dab3a6abd2085309494463cc87c40d5a62c7cfa4805b9380000
[2026-09-16T04:10:19Z INFO  minertim] H/s 1m:2226.4 5m:2197.2 10m:2233.5 | Shares: 247/0 (found:248) | Diff: 276559 | 1s elapsed (since last share, avg 2m4s) | best=237 target=15530 (999%)
[2026-09-16T04:10:28Z INFO  minertim::pool_connection] Share accepted by pool
[2026-09-16T04:10:29Z INFO  minertim] H/s 1m:2135.9 5m:2181.1 10m:2225.6 | Shares: 248/0 (found:248) | Diff: 276559 | 11s elapsed (since last share, avg 2m9s) | best=237 target=15530 (999%)
[2026-09-16T04:10:30Z INFO  minertim::pool_connection] New job: trNpi0Dn8Ogr0J21 (difficulty: 276559, target: aa3c0000)
[2026-09-16T04:10:39Z INFO  minertim] H/s 1m:2254.2 5m:2181.1 10m:2225.8 | Shares: 248/0 (found:248) | Diff: 276559 | 21s elapsed (since last share, avg 2m2s) | best=237 target=15530 (999%)
[2026-09-16T04:10:49Z INFO  minertim] H/s 1m:2273.0 5m:2181.3 10m:2235.7 | Shares: 248/0 (found:248) | Diff: 276559 | 31s elapsed (since last share, avg 2m1s) | best=237 target=15530 (999%)
[2026-09-16T04:10:50Z INFO  minertim::pool_connection] New job: 655MJcDvGEjMdpbj (difficulty: 276559, target: aa3c0000)
[2026-09-16T04:10:59Z INFO  minertim] H/s 1m:2274.5 5m:2181.3 10m:2244.3 | Shares: 248/0 (found:248) | Diff: 276559 | 41s elapsed (since last share, avg 2m1s) | best=237 target=15530 (999%)
[2026-09-16T04:11:09Z INFO  minertim] H/s 1m:2276.0 5m:2183.2 10m:2245.1 | Shares: 248/0 (found:248) | Diff: 276559 | 51s elapsed (since last share, avg 2m1s) | best=237 target=15530 (999%)
[2026-09-16T04:11:10Z INFO  minertim::pool_connection] New job: GumE10HsjisLXQcG (difficulty: 276559, target: aa3c0000)
[2026-09-16T04:11:19Z INFO  minertim] H/s 1m:2369.5 5m:2184.5 10m:2245.2 | Shares: 248/0 (found:248) | Diff: 276559 | 1m1s elapsed (since last share, avg 1m56s) | best=237 target=15530 (999%)
[2026-09-16T04:11:29Z INFO  minertim] H/s 1m:2368.7 5m:2185.9 10m:2245.5 | Shares: 248/0 (found:248) | Diff: 276559 | 1m12s elapsed (since last share, avg 1m56s) | best=237 target=15530 (999%)
[2026-09-16T04:11:30Z INFO  minertim::pool_connection] New job: LKwzoRSGFt22Uj4a (difficulty: 276559, target: aa3c0000)
[2026-09-16T04:11:39Z INFO  minertim] H/s 1m:2368.8 5m:2186.6 10m:2242.8 | Shares: 248/0 (found:248) | Diff: 276559 | 1m22s elapsed (since last share, avg 1m56s) | best=237 target=15530 (999%)
[2026-09-16T04:11:48Z INFO  minertim::pool_connection] New job: P2egULctFsQUOz3j (difficulty: 276559, target: aa3c0000)
[2026-09-16T04:11:49Z INFO  minertim] H/s 1m:2364.0 5m:2185.9 10m:2242.7 | Shares: 248/0 (found:248) | Diff: 276559 | 1m32s elapsed (since last share, avg 1m56s) | best=237 target=15530 (999%)
[2026-09-16T04:11:59Z INFO  minertim] H/s 1m:2352.1 5m:2197.6 10m:2241.8 | Shares: 248/0 (found:248) | Diff: 276559 | 1m42s elapsed (since last share, avg 1m57s) | best=237 target=15530 (999%)
[2026-09-16T04:12:04Z INFO  minertim::pool_connection] New job: GgaGZZvDP0fdzKuh (difficulty: 187144, target: a6590000)
[2026-09-16T04:12:07Z INFO  minertim::miner] Worker 2 SHARE FOUND! job_id=GgaGZZvDP0fdzKuh, nonce=7e3f1902, hash_val=16576, difficulty=187144, hash=1e89af0ce48c9cf14f64df313b98a16af1fc6d64edc528bb08e05f0fc0400000
[2026-09-16T04:12:08Z INFO  minertim::pool_connection] New job: KboD4SBhi00sVGrj (difficulty: 187144, target: a6590000)
[2026-09-16T04:12:08Z INFO  minertim::pool_connection] Share accepted by pool
[2026-09-16T04:12:10Z INFO  minertim] H/s 1m:2351.3 5m:2201.4 10m:2242.2 | Shares: 249/0 (found:249) | Diff: 187144 | 2s elapsed (since last share, avg 1m19s) | best=237 target=22950 (999%)
[2026-09-16T04:12:20Z INFO  minertim] H/s 1m:2331.3 5m:2199.7 10m:2250.4 | Shares: 249/0 (found:249) | Diff: 187144 | 12s elapsed (since last share, avg 1m20s) | best=237 target=22950 (999%)
[2026-09-16T04:12:28Z INFO  minertim::pool_connection] New job: VzDetNGIgHniIRR0 (difficulty: 187144, target: a6590000)
[2026-09-16T04:12:30Z INFO  minertim] H/s 1m:2327.0 5m:2199.3 10m:2253.9 | Shares: 249/0 (found:249) | Diff: 187144 | 22s elapsed (since last share, avg 1m20s) | best=237 target=22950 (999%)
[2026-09-16T04:12:34Z INFO  minertim::pool_connection] New job: S1R5wy2RKUb0S40d (difficulty: 280716, target: c43b0000)
[2026-09-16T04:12:40Z INFO  minertim] H/s 1m:2328.7 5m:2199.1 10m:2253.7 | Shares: 249/0 (found:249) | Diff: 280716 | 32s elapsed (since last share, avg 2m0s) | best=237 target=15300 (999%)
[2026-09-16T04:12:48Z INFO  minertim::pool_connection] New job: fvtZGGGh8P8gUiCm (difficulty: 280716, target: c43b0000)
[2026-09-16T04:12:50Z INFO  minertim] H/s 1m:2339.2 5m:2208.9 10m:2253.5 | Shares: 249/0 (found:249) | Diff: 280716 | 42s elapsed (since last share, avg 2m0s) | best=237 target=15300 (999%)
[2026-09-16T04:13:00Z INFO  minertim] H/s 1m:2339.9 5m:2249.3 10m:2253.5 | Shares: 249/0 (found:249) | Diff: 280716 | 52s elapsed (since last share, avg 1m59s) | best=237 target=15300 (999%)
[2026-09-16T04:13:08Z INFO  minertim::pool_connection] New job: VCsvwiHf0ydTwgQO (difficulty: 280716, target: c43b0000)
[2026-09-16T04:13:10Z INFO  minertim] H/s 1m:2419.1 5m:2275.7 10m:2258.5 | Shares: 249/0 (found:249) | Diff: 280716 | 1m2s elapsed (since last share, avg 1m56s) | best=237 target=15300 (999%)
[2026-09-16T04:13:11Z INFO  minertim::pool_connection] New job: xbM13TphmKqdKDE2 (difficulty: 280716, target: c43b0000)
[2026-09-16T04:13:20Z INFO  minertim] H/s 1m:2423.9 5m:2295.9 10m:2259.1 | Shares: 249/0 (found:249) | Diff: 280716 | 1m12s elapsed (since last share, avg 1m55s) | best=237 target=15300 (999%)
[2026-09-16T04:13:30Z INFO  minertim] H/s 1m:2426.7 5m:2300.4 10m:2259.5 | Shares: 249/0 (found:249) | Diff: 280716 | 1m22s elapsed (since last share, avg 1m55s) | best=237 target=15300 (999%)
[2026-09-16T04:13:31Z INFO  minertim::pool_connection] New job: 5Mm60lmpoD0gopb6 (difficulty: 280716, target: c43b0000)
[2026-09-16T04:13:34Z INFO  minertim::pool_connection] New job: MqAWaXMiQlwAIo1x (difficulty: 148614, target: e4700000)
[2026-09-16T04:13:40Z INFO  minertim] H/s 1m:2428.9 5m:2320.7 10m:2260.3 | Shares: 249/0 (found:249) | Diff: 148614 | 1m32s elapsed (since last share, avg 1m1s) | best=237 target=28900 (999%)
[2026-09-16T04:13:50Z INFO  minertim] H/s 1m:2429.3 5m:2328.9 10m:2260.5 | Shares: 249/0 (found:249) | Diff: 148614 | 1m42s elapsed (since last share, avg 1m1s) | best=237 target=28900 (999%)
[2026-09-16T04:13:51Z INFO  minertim::pool_connection] New job: 4Tzr5QbCQgXA6nrk (difficulty: 148614, target: e4700000)
[2026-09-16T04:14:00Z INFO  minertim] H/s 1m:2371.1 5m:2329.2 10m:2260.7 | Shares: 249/0 (found:249) | Diff: 148614 | 1m52s elapsed (since last share, avg 1m2s) | best=237 target=28900 (999%)
[2026-09-16T04:14:10Z INFO  minertim] H/s 1m:2369.9 5m:2330.6 10m:2265.8 | Shares: 249/0 (found:249) | Diff: 148614 | 2m2s elapsed (since last share, avg 1m2s) | best=237 target=28900 (999%)
[2026-09-16T04:14:11Z INFO  minertim::pool_connection] New job: jXzrNr8LvKoz7dV5 (difficulty: 148614, target: e4700000)
[2026-09-16T04:14:20Z INFO  minertim] H/s 1m:2370.5 5m:2330.8 10m:2275.7 | Shares: 249/0 (found:249) | Diff: 148614 | 2m13s elapsed (since last share, avg 1m2s) | best=237 target=28900 (999%)
[2026-09-16T04:14:30Z INFO  minertim] H/s 1m:2370.6 5m:2331.5 10m:2277.5 | Shares: 249/0 (found:249) | Diff: 148614 | 2m23s elapsed (since last share, avg 1m2s) | best=237 target=28900 (999%)
[2026-09-16T04:14:31Z INFO  minertim::pool_connection] New job: 2MZSuq0MkdGfl7Cw (difficulty: 148614, target: e4700000)
[2026-09-16T04:14:34Z INFO  minertim::pool_connection] New job: lw08rozz6gKuOnwJ (difficulty: 109632, target: 08990000)
[2026-09-16T04:14:35Z INFO  minertim::pool_connection] New job: NhTNP72PbaWV0MCd (difficulty: 109632, target: 08990000)
[2026-09-16T04:14:40Z INFO  minertim] H/s 1m:2370.4 5m:2351.8 10m:2277.6 | Shares: 249/0 (found:249) | Diff: 109632 | 2m33s elapsed (since last share, avg 46s) | best=237 target=39176 (999%)
[2026-09-16T04:14:50Z INFO  minertim] H/s 1m:2369.2 5m:2354.9 10m:2277.6 | Shares: 249/0 (found:249) | Diff: 109632 | 2m43s elapsed (since last share, avg 46s) | best=237 target=39176 (999%)
[2026-09-16T04:14:55Z INFO  minertim::pool_connection] New job: 01pGrPU46pXpQfjc (difficulty: 109632, target: 08990000)
[2026-09-16T04:15:00Z INFO  minertim] H/s 1m:2369.6 5m:2355.1 10m:2277.7 | Shares: 249/0 (found:249) | Diff: 109632 | 2m53s elapsed (since last share, avg 46s) | best=237 target=39176 (999%)
[2026-09-16T04:15:10Z INFO  minertim] H/s 1m:2368.7 5m:2355.3 10m:2277.8 | Shares: 249/0 (found:249) | Diff: 109632 | 3m3s elapsed (since last share, avg 46s) | best=237 target=39176 (999%)
[2026-09-16T04:15:15Z INFO  minertim::pool_connection] New job: IYxf0jYX6WXhKIoB (difficulty: 109632, target: 08990000)
[2026-09-16T04:15:20Z INFO  minertim] H/s 1m:2368.1 5m:2371.5 10m:2277.9 | Shares: 249/0 (found:249) | Diff: 109632 | 3m13s elapsed (since last share, avg 46s) | best=237 target=39176 (999%)
[2026-09-16T04:15:30Z INFO  minertim] H/s 1m:2361.1 5m:2370.2 10m:2277.3 | Shares: 249/0 (found:249) | Diff: 109632 | 3m23s elapsed (since last share, avg 46s) | best=237 target=39176 (999%)
[2026-09-16T04:15:33Z INFO  minertim::miner] Worker 2 SHARE FOUND! job_id=IYxf0jYX6WXhKIoB, nonce=52aa2002, hash_val=16455, difficulty=109632, hash=d5260aba538c2965a19122428f332ccd6218d1cd38565f48386d6fbc47400000
[2026-09-16T04:15:34Z INFO  minertim::pool_connection] New job: JXYiEw8OuZkKjxO1 (difficulty: 82223, target: 0bcc0000)
[2026-09-16T04:15:34Z INFO  minertim::pool_connection] Share accepted by pool
[2026-09-16T04:15:35Z INFO  minertim::pool_connection] New job: uyayha0zhVexGbOI (difficulty: 82223, target: 0bcc0000)
[2026-09-16T04:15:40Z INFO  minertim] H/s 1m:2347.3 5m:2367.7 10m:2276.1 | Shares: 250/0 (found:250) | Diff: 82223 | 6s elapsed (since last share, avg 35s) | best=237 target=52235 (999%)
[2026-09-16T04:15:40Z INFO  minertim::miner] Worker 1 SHARE FOUND! job_id=uyayha0zhVexGbOI, nonce=b5102702, hash_val=51220, difficulty=82223, hash=06ea3999cdbcd33c4c9fef090aeb3bc6bf546dbbe1d60fb76ee1ed6d14c80000
[2026-09-16T04:15:50Z INFO  minertim] H/s 1m:2229.9 5m:2347.5 10m:2266.2 | Shares: 250/0 (found:251) | Diff: 82223 | 9s elapsed (since last share, avg 36s) | best=237 target=52235 (999%)
[2026-09-16T04:15:55Z INFO  minertim::pool_connection] New job: f0Oc9Gioujhrkkc4 (difficulty: 82223, target: 0bcc0000)
[2026-09-16T04:15:55Z INFO  minertim::pool_connection] Share accepted by pool
[2026-09-16T04:16:00Z INFO  minertim] H/s 1m:2208.8 5m:2343.7 10m:2264.3 | Shares: 251/0 (found:251) | Diff: 82223 | 19s elapsed (since last share, avg 37s) | best=237 target=52235 (999%)
[2026-09-16T04:16:04Z INFO  minertim::pool_connection] New job: rMc1SR9nhECRsQnU (difficulty: 123337, target: 07880000)
[2026-09-16T04:16:10Z INFO  minertim] H/s 1m:2208.4 5m:2343.8 10m:2265.2 | Shares: 251/0 (found:251) | Diff: 123337 | 29s elapsed (since last share, avg 55s) | best=237 target=34823 (999%)
[2026-09-16T04:16:14Z INFO  minertim::pool_connection] New job: ujP92QmLgd2OBwFP (difficulty: 123337, target: 07880000)
[2026-09-16T04:16:20Z INFO  minertim] H/s 1m:2216.4 5m:2343.9 10m:2266.0 | Shares: 251/0 (found:251) | Diff: 123337 | 39s elapsed (since last share, avg 55s) | best=237 target=34823 (999%)
[2026-09-16T04:16:30Z INFO  minertim] H/s 1m:2230.8 5m:2343.9 10m:2266.7 | Shares: 251/0 (found:251) | Diff: 123337 | 49s elapsed (since last share, avg 55s) | best=237 target=34823 (999%)
[2026-09-16T04:16:34Z INFO  minertim::pool_connection] New job: qrj0dAWMww9T7hvj (difficulty: 123337, target: 07880000)
[2026-09-16T04:16:38Z INFO  minertim::pool_connection] New job: vNEUq9lWbcayYv0v (difficulty: 123337, target: 07880000)
[2026-09-16T04:16:40Z INFO  minertim] H/s 1m:2348.3 5m:2344.7 10m:2267.0 | Shares: 251/0 (found:251) | Diff: 123337 | 59s elapsed (since last share, avg 52s) | best=237 target=34823 (999%)
[2026-09-16T04:16:50Z INFO  minertim] H/s 1m:2369.5 5m:2346.8 10m:2267.1 | Shares: 251/0 (found:251) | Diff: 123337 | 1m9s elapsed (since last share, avg 52s) | best=237 target=34823 (999%)
[2026-09-16T04:16:58Z INFO  minertim::pool_connection] New job: 5N0lmaqcpW85f5b2 (difficulty: 123337, target: 07880000)
[2026-09-16T04:17:00Z INFO  minertim] H/s 1m:2370.2 5m:2347.0 10m:2273.9 | Shares: 251/0 (found:251) | Diff: 123337 | 1m19s elapsed (since last share, avg 52s) | best=237 target=34823 (999%)
[2026-09-16T04:17:04Z INFO  minertim::pool_connection] New job: 1Y380aCI747pKt1X (difficulty: 80436, target: 94d00000)
[2026-09-16T04:17:08Z INFO  minertim::miner] Worker 1 SHARE FOUND! job_id=1Y380aCI747pKt1X, nonce=b5ba2902, hash_val=18886, difficulty=80436, hash=a7cac56371a49768d9245d2b2b6ecd3351710944bc55ed120ca4348bc6490000
[2026-09-16T04:17:09Z INFO  minertim::miner] Worker 0 SHARE FOUND! job_id=1Y380aCI747pKt1X, nonce=fca92502, hash_val=52369, difficulty=80436, hash=fbed8846c98f8b0a037098a0d2309701980b6cc58482e592556a779691cc0000
[2026-09-16T04:17:10Z INFO  minertim] H/s 1m:2310.5 5m:2340.3 10m:2270.8 | Shares: 251/0 (found:253) | Diff: 80436 | 0s elapsed (since last share, avg 34s) | best=237 target=53396 (999%)
[2026-09-16T04:17:18Z INFO  minertim::pool_connection] New job: fKIQqpKLqgIU5qsX (difficulty: 80436, target: 94d00000)
[2026-09-16T04:17:18Z INFO  minertim::pool_connection] Share accepted by pool
[2026-09-16T04:17:19Z INFO  minertim::pool_connection] Share accepted by pool
[2026-09-16T04:17:20Z INFO  minertim] H/s 1m:2155.6 5m:2314.4 10m:2258.6 | Shares: 253/0 (found:253) | Diff: 80436 | 10s elapsed (since last share, avg 37s) | best=237 target=53396 (999%)
[2026-09-16T04:17:27Z INFO  minertim::miner] Worker 3 SHARE FOUND! job_id=fKIQqpKLqgIU5qsX, nonce=4f342202, hash_val=35058, difficulty=80436, hash=0736506a6e9fcd685bf17f3bcfdcd8f10794a9f9e491d03e8a5b733cf2880000
[2026-09-16T04:17:30Z INFO  minertim] H/s 1m:2096.9 5m:2304.8 10m:2253.8 | Shares: 253/0 (found:254) | Diff: 80436 | 2s elapsed (since last share, avg 38s) | best=237 target=53396 (999%)
[2026-09-16T04:17:34Z INFO  minertim::pool_connection] New job: SFQ7zWqst8oyO1Mc (difficulty: 120655, target: 0d8b0000)
[2026-09-16T04:17:34Z INFO  minertim::pool_connection] Share accepted by pool
[2026-09-16T04:17:38Z INFO  minertim::pool_connection] New job: teOUtRY6Uz8h6dJP (difficulty: 120655, target: 0d8b0000)
[2026-09-16T04:17:40Z INFO  minertim] H/s 1m:2070.4 5m:2300.4 10m:2251.6 | Shares: 254/0 (found:254) | Diff: 120655 | 12s elapsed (since last share, avg 58s) | best=237 target=35597 (999%)
[2026-09-16T04:17:50Z INFO  minertim] H/s 1m:2069.9 5m:2300.5 10m:2256.6 | Shares: 254/0 (found:254) | Diff: 120655 | 22s elapsed (since last share, avg 58s) | best=237 target=35597 (999%)
[2026-09-16T04:17:52Z INFO  minertim::miner] Worker 3 SHARE FOUND! job_id=teOUtRY6Uz8h6dJP, nonce=efe12202, hash_val=11108, difficulty=120655, hash=e990615aef6c4711b2ca3a0378ba63813a96b67a9b26ac2d82d97c33642b0000
[2026-09-16T04:17:58Z INFO  minertim::pool_connection] New job: KAxom9hCKZOIWT8e (difficulty: 120655, target: 0d8b0000)
[2026-09-16T04:17:58Z INFO  minertim::pool_connection] Share accepted by pool
[2026-09-16T04:18:00Z INFO  minertim] H/s 1m:2055.3 5m:2277.6 10m:2270.2 | Shares: 255/0 (found:255) | Diff: 120655 | 7s elapsed (since last share, avg 58s) | best=237 target=35597 (999%)
[2026-09-16T04:18:04Z INFO  minertim::pool_connection] New job: qv0jJxr99UJmpvKZ (difficulty: 180985, target: b35c0000)
[2026-09-16T04:18:10Z INFO  minertim] H/s 1m:2210.2 5m:2277.5 10m:2278.3 | Shares: 255/0 (found:255) | Diff: 180985 | 17s elapsed (since last share, avg 1m21s) | best=237 target=23731 (999%)
[2026-09-16T04:18:15Z INFO  minertim::pool_connection] New job: 4ORLMuxgwviDXBgg (difficulty: 180985, target: b35c0000)
[2026-09-16T04:18:18Z INFO  minertim::pool_connection] New job: ay9tNfliW09EDFNj (difficulty: 180985, target: b35c0000)
[2026-09-16T04:18:20Z INFO  minertim] H/s 1m:2268.9 5m:2277.6 10m:2288.1 | Shares: 255/0 (found:255) | Diff: 180985 | 27s elapsed (since last share, avg 1m19s) | best=237 target=23731 (999%)
[2026-09-16T04:18:30Z INFO  minertim] H/s 1m:2295.7 5m:2277.4 10m:2290.4 | Shares: 255/0 (found:255) | Diff: 180985 | 37s elapsed (since last share, avg 1m18s) | best=237 target=23731 (999%)
[2026-09-16T04:18:38Z INFO  minertim::pool_connection] New job: Jhy4nZ0XIBmNL08W (difficulty: 180985, target: b35c0000)
[2026-09-16T04:18:40Z INFO  minertim] H/s 1m:2295.6 5m:2277.4 10m:2300.2 | Shares: 255/0 (found:255) | Diff: 180985 | 47s elapsed (since last share, avg 1m18s) | best=237 target=23731 (999%)
[2026-09-16T04:18:50Z INFO  minertim] H/s 1m:2369.1 5m:2277.3 10m:2304.3 | Shares: 255/0 (found:255) | Diff: 180985 | 57s elapsed (since last share, avg 1m16s) | best=237 target=23731 (999%)
[2026-09-16T04:18:58Z INFO  minertim::pool_connection] New job: 8R2r0tpFRtYLhU7w (difficulty: 180985, target: b35c0000)
[2026-09-16T04:19:00Z INFO  minertim] H/s 1m:2368.5 5m:2277.3 10m:2304.3 | Shares: 255/0 (found:255) | Diff: 180985 | 1m7s elapsed (since last share, avg 1m16s) | best=237 target=23731 (999%)
[2026-09-16T04:19:03Z INFO  minertim::miner] Worker 0 SHARE FOUND! job_id=8R2r0tpFRtYLhU7w, nonce=c4722902, hash_val=13833, difficulty=180985, hash=69a9094f47facfd7f684c4d7c9d84d7438a913e6c9cf5b903970dd2509360000
[2026-09-16T04:19:04Z INFO  minertim::pool_connection] New job: 0ZmGUJzzp4PV13Bw (difficulty: 123397, target: f6870000)
[2026-09-16T04:19:04Z INFO  minertim::pool_connection] Share accepted by pool
[2026-09-16T04:19:10Z INFO  minertim] H/s 1m:2363.8 5m:2276.4 10m:2304.6 | Shares: 256/0 (found:256) | Diff: 123397 | 7s elapsed (since last share, avg 52s) | best=237 target=34806 (999%)
[2026-09-16T04:19:18Z INFO  minertim::pool_connection] New job: CUELf20dlcQxrwsg (difficulty: 123397, target: f6870000)
[2026-09-16T04:19:20Z INFO  minertim] H/s 1m:2363.5 5m:2276.2 10m:2304.7 | Shares: 256/0 (found:256) | Diff: 123397 | 17s elapsed (since last share, avg 52s) | best=237 target=34806 (999%)
[2026-09-16T04:19:30Z INFO  minertim] H/s 1m:2363.0 5m:2276.1 10m:2304.9 | Shares: 256/0 (found:256) | Diff: 123397 | 27s elapsed (since last share, avg 52s) | best=237 target=34806 (999%)
[2026-09-16T04:19:34Z INFO  minertim::pool_connection] New job: hr80JUGh1JuOUKng (difficulty: 185095, target: a45a0000)
[2026-09-16T04:19:38Z INFO  minertim::pool_connection] New job: q0l71piX9dVwGFV2 (difficulty: 185095, target: a45a0000)
[2026-09-16T04:19:40Z INFO  minertim] H/s 1m:2339.4 5m:2272.1 10m:2312.9 | Shares: 256/0 (found:256) | Diff: 185095 | 37s elapsed (since last share, avg 1m19s) | best=237 target=23204 (999%)
[2026-09-16T04:19:45Z INFO  minertim::miner] Worker 0 SHARE FOUND! job_id=q0l71piX9dVwGFV2, nonce=c0e62a02, hash_val=18694, difficulty=185095, hash=ebab04b2ff4e96ccba80f39d86dbd6eec73faebd8339fac6eccc905a06490000
[2026-09-16T04:19:50Z INFO  minertim] H/s 1m:2274.8 5m:2260.9 10m:2308.9 | Shares: 256/0 (found:257) | Diff: 185095 | 5s elapsed (since last share, avg 1m21s) | best=237 target=23204 (999%)
[2026-09-16T04:19:58Z INFO  minertim::pool_connection] New job: RihSQ0c00CGUbh5P (difficulty: 185095, target: a45a0000)
[2026-09-16T04:19:58Z INFO  minertim::pool_connection] Share accepted by pool
[2026-09-16T04:20:00Z INFO  minertim] H/s 1m:2172.7 5m:2242.6 10m:2300.0 | Shares: 257/0 (found:257) | Diff: 185095 | 15s elapsed (since last share, avg 1m25s) | best=237 target=23204 (999%)
[2026-09-16T04:20:10Z INFO  minertim] H/s 1m:2166.2 5m:2241.4 10m:2299.6 | Shares: 257/0 (found:257) | Diff: 185095 | 25s elapsed (since last share, avg 1m25s) | best=237 target=23204 (999%)
[2026-09-16T04:20:18Z INFO  minertim::pool_connection] New job: JQgEkXW0ra1c08Hu (difficulty: 185095, target: a45a0000)
[2026-09-16T04:20:20Z INFO  minertim] H/s 1m:2161.2 5m:2241.7 10m:2307.1 | Shares: 257/0 (found:257) | Diff: 185095 | 35s elapsed (since last share, avg 1m25s) | best=237 target=23204 (999%)
[2026-09-16T04:20:30Z INFO  minertim] H/s 1m:2184.3 5m:2244.0 10m:2307.0 | Shares: 257/0 (found:257) | Diff: 185095 | 45s elapsed (since last share, avg 1m24s) | best=237 target=23204 (999%)
[2026-09-16T04:20:38Z INFO  minertim::pool_connection] New job: 0D77kqa0Dieeej01 (difficulty: 185095, target: a45a0000)
[2026-09-16T04:20:40Z INFO  minertim] H/s 1m:2248.6 5m:2264.1 10m:2306.9 | Shares: 257/0 (found:257) | Diff: 185095 | 55s elapsed (since last share, avg 1m22s) | best=237 target=23204 (999%)
[2026-09-16T04:20:45Z INFO  minertim::miner] Worker 1 SHARE FOUND! job_id=0D77kqa0Dieeej01, nonce=bd2b3102, hash_val=8414, difficulty=185095, hash=57fd894d6070c77a56e9a9389fb8fb6b83c5ca7492dcb611c9960942de200000
[2026-09-16T04:20:50Z INFO  minertim] H/s 1m:2296.0 5m:2257.7 10m:2301.8 | Shares: 257/0 (found:258) | Diff: 185095 | 5s elapsed (since last share, avg 1m20s) | best=237 target=23204 (999%)
[2026-09-16T04:20:58Z INFO  minertim::pool_connection] New job: EJQe01G8s9BsYIYt (difficulty: 185095, target: a45a0000)
[2026-09-16T04:20:58Z INFO  minertim::pool_connection] Share accepted by pool
[2026-09-16T04:21:00Z INFO  minertim] H/s 1m:2207.8 5m:2241.3 10m:2293.8 | Shares: 258/0 (found:258) | Diff: 185095 | 15s elapsed (since last share, avg 1m23s) | best=237 target=23204 (999%)
[2026-09-16T04:21:10Z INFO  minertim] H/s 1m:2212.1 5m:2240.9 10m:2293.7 | Shares: 258/0 (found:258) | Diff: 185095 | 25s elapsed (since last share, avg 1m23s) | best=237 target=23204 (999%)
[2026-09-16T04:21:18Z INFO  minertim::pool_connection] New job: Upb2nQ0Zbx8jJdBG (difficulty: 185095, target: a45a0000)
[2026-09-16T04:21:20Z INFO  minertim] H/s 1m:2211.9 5m:2240.8 10m:2293.7 | Shares: 258/0 (found:258) | Diff: 185095 | 35s elapsed (since last share, avg 1m23s) | best=237 target=23204 (999%)
[2026-09-16T04:21:28Z INFO  minertim::pool_connection] New job: 8nDQY59y6wwNDk7z (difficulty: 185095, target: a45a0000)
[2026-09-16T04:21:30Z INFO  minertim] H/s 1m:2212.2 5m:2240.7 10m:2293.6 | Shares: 258/0 (found:258) | Diff: 185095 | 45s elapsed (since last share, avg 1m23s) | best=237 target=23204 (999%)
[2026-09-16T04:21:40Z INFO  minertim::pool_connection] New job: U5T6zYb4t5RH4Pid (difficulty: 185095, target: a45a0000)
[2026-09-16T04:21:40Z INFO  minertim] H/s 1m:2271.3 5m:2240.7 10m:2294.0 | Shares: 258/0 (found:258) | Diff: 185095 | 55s elapsed (since last share, avg 1m21s) | best=237 target=23204 (999%)
[2026-09-16T04:21:50Z INFO  minertim] H/s 1m:2365.6 5m:2240.5 10m:2294.9 | Shares: 258/0 (found:258) | Diff: 185095 | 1m5s elapsed (since last share, avg 1m18s) | best=237 target=23204 (999%)
[2026-09-16T04:22:00Z INFO  minertim::pool_connection] New job: lFiw630DIbEOoO0w (difficulty: 185095, target: a45a0000)
[2026-09-16T04:22:00Z INFO  minertim] H/s 1m:2366.5 5m:2250.6 10m:2295.0 | Shares: 258/0 (found:258) | Diff: 185095 | 1m15s elapsed (since last share, avg 1m18s) | best=237 target=23204 (999%)
[2026-09-16T04:22:04Z INFO  minertim::pool_connection] New job: O3GnJoP0Gd35e6Dz (difficulty: 138824, target: da780000)
[2026-09-16T04:22:10Z INFO  minertim] H/s 1m:2361.2 5m:2276.2 10m:2296.2 | Shares: 258/0 (found:258) | Diff: 138824 | 1m25s elapsed (since last share, avg 58s) | best=237 target=30938 (999%)
[2026-09-16T04:22:20Z INFO  minertim::pool_connection] New job: s49SikQ8f1ri0aWB (difficulty: 138824, target: da780000)
[2026-09-16T04:22:20Z INFO  minertim] H/s 1m:2354.8 5m:2285.2 10m:2296.0 | Shares: 258/0 (found:258) | Diff: 138824 | 1m35s elapsed (since last share, avg 58s) | best=237 target=30938 (999%)
[2026-09-16T04:22:30Z INFO  minertim::miner] Worker 2 SHARE FOUND! job_id=s49SikQ8f1ri0aWB, nonce=3ab52f02, hash_val=24613, difficulty=138824, hash=9a91be2e85fe6215c18dc205a6f2454d82d324724197dd54996ca15b25600000
[2026-09-16T04:22:30Z INFO  minertim] H/s 1m:2347.6 5m:2288.5 10m:2295.6 | Shares: 258/0 (found:259) | Diff: 138824 | 0s elapsed (since last share, avg 59s) | best=237 target=30938 (999%)
[2026-09-16T04:22:40Z INFO  minertim::pool_connection] New job: mk4UJcKmRdzHZVaR (difficulty: 138824, target: da780000)
[2026-09-16T04:22:40Z INFO  minertim] H/s 1m:2273.7 5m:2275.6 10m:2289.4 | Shares: 258/0 (found:259) | Diff: 138824 | 10s elapsed (since last share, avg 1m1s) | best=237 target=30938 (999%)
[2026-09-16T04:22:40Z INFO  minertim::pool_connection] Share accepted by pool
[2026-09-16T04:22:50Z INFO  minertim] H/s 1m:2268.6 5m:2287.4 10m:2289.0 | Shares: 259/0 (found:259) | Diff: 138824 | 20s elapsed (since last share, avg 1m1s) | best=237 target=30938 (999%)
[2026-09-16T04:23:00Z INFO  minertim::pool_connection] New job: 0pAWzTTWbDoNMIsZ (difficulty: 138824, target: da780000)
[2026-09-16T04:23:00Z INFO  minertim] H/s 1m:2274.4 5m:2287.3 10m:2283.9 | Shares: 259/0 (found:259) | Diff: 138824 | 30s elapsed (since last share, avg 1m1s) | best=237 target=30938 (999%)
[2026-09-16T04:23:07Z INFO  minertim::miner] Worker 3 SHARE FOUND! job_id=0pAWzTTWbDoNMIsZ, nonce=57022e02, hash_val=26108, difficulty=138824, hash=217f1d443bfffcaaed1c09b2a3b632c50bad07a4d0ec89380204c813fc650000
[2026-09-16T04:23:10Z INFO  minertim] H/s 1m:2221.4 5m:2277.0 10m:2278.8 | Shares: 259/0 (found:260) | Diff: 138824 | 3s elapsed (since last share, avg 1m2s) | best=237 target=30938 (999%)
[2026-09-16T04:23:15Z INFO  minertim::pool_connection] Share accepted by pool
[2026-09-16T04:23:19Z INFO  minertim::pool_connection] New job: qobCFdiLBWSHFcoT (difficulty: 138824, target: da780000)
[2026-09-16T04:23:20Z INFO  minertim] H/s 1m:2220.6 5m:2275.6 10m:2278.1 | Shares: 260/0 (found:260) | Diff: 138824 | 13s elapsed (since last share, avg 1m2s) | best=237 target=30938 (999%)
[2026-09-16T04:23:30Z INFO  minertim] H/s 1m:2290.6 5m:2274.8 10m:2277.7 | Shares: 260/0 (found:260) | Diff: 138824 | 23s elapsed (since last share, avg 1m0s) | best=237 target=30938 (999%)
[2026-09-16T04:23:39Z INFO  minertim::pool_connection] New job: k0xoYrKdasauxdjB (difficulty: 138824, target: da780000)
[2026-09-16T04:23:40Z INFO  minertim] H/s 1m:2290.8 5m:2273.9 10m:2277.2 | Shares: 260/0 (found:260) | Diff: 138824 | 33s elapsed (since last share, avg 1m0s) | best=237 target=30938 (999%)
[2026-09-16T04:23:42Z INFO  minertim::pool_connection] New job: WRH840BywOXf9RxI (difficulty: 138824, target: da780000)
[2026-09-16T04:23:42Z INFO  minertim::miner] Worker 2 SHARE FOUND! job_id=WRH840BywOXf9RxI, nonce=4ef73102, hash_val=18493, difficulty=138824, hash=2877aa8385ecd97b3da41c5fb2cb0d1cbff4a003b3d69bb28a322cd93d480000
[2026-09-16T04:23:50Z INFO  minertim] H/s 1m:2173.2 5m:2253.6 10m:2267.2 | Shares: 260/0 (found:261) | Diff: 138824 | 7s elapsed (since last share, avg 1m3s) | best=237 target=30938 (999%)
[2026-09-16T04:23:59Z INFO  minertim::miner] Worker 0 SHARE FOUND! job_id=WRH840BywOXf9RxI, nonce=ac8d3302, hash_val=23880, difficulty=138824, hash=6e966564ebfa9cc25adc7b4e8a0f651aecac80040e8b46031f688607485d0000
[2026-09-16T04:24:00Z INFO  minertim] H/s 1m:2116.3 5m:2234.3 10m:2257.3 | Shares: 260/0 (found:262) | Diff: 138824 | 1s elapsed (since last share, avg 1m5s) | best=237 target=30938 (999%)
[2026-09-16T04:24:02Z INFO  minertim::pool_connection] New job: L3god09lsNzjkWW2 (difficulty: 138824, target: da780000)
[2026-09-16T04:24:02Z INFO  minertim::pool_connection] Share accepted by pool
[2026-09-16T04:24:02Z INFO  minertim::pool_connection] Share accepted by pool
[2026-09-16T04:24:04Z INFO  minertim::pool_connection] New job: 8z4zN6Cz0kN7OxyH (difficulty: 208240, target: 91500000)
[2026-09-16T04:24:10Z INFO  minertim] H/s 1m:2059.2 5m:2223.1 10m:2251.7 | Shares: 262/0 (found:262) | Diff: 208240 | 11s elapsed (since last share, avg 1m41s) | best=237 target=20625 (999%)
[2026-09-16T04:24:20Z INFO  minertim] H/s 1m:2062.7 5m:2223.0 10m:2251.6 | Shares: 262/0 (found:262) | Diff: 208240 | 21s elapsed (since last share, avg 1m40s) | best=237 target=20625 (999%)
[2026-09-16T04:24:22Z INFO  minertim::pool_connection] New job: aCNvqsHB5xpBRqNY (difficulty: 208240, target: 91500000)
[2026-09-16T04:24:30Z INFO  minertim] H/s 1m:2067.0 5m:2226.9 10m:2251.5 | Shares: 262/0 (found:262) | Diff: 208240 | 31s elapsed (since last share, avg 1m40s) | best=237 target=20625 (999%)
[2026-09-16T04:24:40Z INFO  minertim] H/s 1m:2182.0 5m:2237.6 10m:2251.3 | Shares: 262/0 (found:262) | Diff: 208240 | 41s elapsed (since last share, avg 1m35s) | best=237 target=20625 (999%)
[2026-09-16T04:24:41Z INFO  minertim::pool_connection] New job: OOR5fz6W9vWQO0Zs (difficulty: 208240, target: 91500000)
[2026-09-16T04:24:50Z INFO  minertim] H/s 1m:2289.2 5m:2254.4 10m:2250.5 | Shares: 262/0 (found:262) | Diff: 208240 | 51s elapsed (since last share, avg 1m30s) | best=237 target=20625 (999%)
[2026-09-16T04:25:00Z INFO  minertim] H/s 1m:2352.1 5m:2255.2 10m:2250.3 | Shares: 262/0 (found:262) | Diff: 208240 | 1m1s elapsed (since last share, avg 1m28s) | best=237 target=20625 (999%)
[2026-09-16T04:25:00Z INFO  minertim::miner] Worker 3 SHARE FOUND! job_id=OOR5fz6W9vWQO0Zs, nonce=7bd43102, hash_val=16928, difficulty=208240, hash=d21cf79eb31263df1997a5e54cbe2a3909180fd97798b5cdbc83830e20420000
[2026-09-16T04:25:01Z INFO  minertim::pool_connection] New job: NXXO3rF3Ql3i2T8h (difficulty: 208240, target: 91500000)
[2026-09-16T04:25:02Z INFO  minertim::pool_connection] Share accepted by pool
[2026-09-16T04:25:04Z INFO  minertim::pool_connection] New job: iUJ1tM8P8Y9673hh (difficulty: 158825, target: a2690000)
[2026-09-16T04:25:10Z INFO  minertim] H/s 1m:2341.4 5m:2254.1 10m:2249.3 | Shares: 263/0 (found:263) | Diff: 158825 | 9s elapsed (since last share, avg 1m7s) | best=237 target=27042 (999%)
[2026-09-16T04:25:20Z INFO  minertim] H/s 1m:2316.9 5m:2249.8 10m:2247.8 | Shares: 263/0 (found:263) | Diff: 158825 | 19s elapsed (since last share, avg 1m8s) | best=237 target=27042 (999%)
[2026-09-16T04:25:21Z INFO  minertim::pool_connection] New job: AYQzYJhGhvUpACNA (difficulty: 158825, target: a2690000)
[2026-09-16T04:25:22Z INFO  minertim::miner] Worker 3 SHARE FOUND! job_id=AYQzYJhGhvUpACNA, nonce=1f933202, hash_val=1608, difficulty=158825, hash=cb52a76e6b6b8fdaf428b87bab50438c4456598101750892fab1a0cb48060000
[2026-09-16T04:25:30Z INFO  minertim] H/s 1m:2194.8 5m:2228.4 10m:2238.4 | Shares: 263/0 (found:264) | Diff: 158825 | 7s elapsed (since last share, avg 1m12s) | best=237 target=27042 (999%)
[2026-09-16T04:25:32Z INFO  minertim::miner] Worker 2 SHARE FOUND! job_id=AYQzYJhGhvUpACNA, nonce=72323502, hash_val=1366, difficulty=158825, hash=051d331d58d09c4f7cc10f1346d0a936cb3ce4dd8eda9e41781393cd56050000
[2026-09-16T04:25:33Z INFO  minertim::pool_connection] Share accepted by pool
[2026-09-16T04:25:33Z INFO  minertim::pool_connection] Share accepted by pool
[2026-09-16T04:25:34Z INFO  minertim::pool_connection] New job: xd3TqhXL0AFtyJ0E (difficulty: 238238, target: 6c460000)
[2026-09-16T04:25:40Z INFO  minertim] H/s 1m:2178.5 5m:2234.1 10m:2246.1 | Shares: 265/0 (found:265) | Diff: 238238 | 8s elapsed (since last share, avg 1m49s) | best=237 target=18028 (999%)
[2026-09-16T04:25:41Z INFO  minertim::pool_connection] New job: IJjWmW0V7vdfQdSs (difficulty: 238238, target: 6c460000)
[2026-09-16T04:25:50Z INFO  minertim] H/s 1m:2180.1 5m:2250.4 10m:2247.9 | Shares: 265/0 (found:265) | Diff: 238238 | 18s elapsed (since last share, avg 1m49s) | best=237 target=18028 (999%)
[2026-09-16T04:26:00Z INFO  minertim] H/s 1m:2191.6 5m:2250.5 10m:2247.9 | Shares: 265/0 (found:265) | Diff: 238238 | 28s elapsed (since last share, avg 1m48s) | best=237 target=18028 (999%)
[2026-09-16T04:26:01Z INFO  minertim::pool_connection] New job: Penc0wRBEsKdYTYP (difficulty: 238238, target: 6c460000)
[2026-09-16T04:26:10Z INFO  minertim] H/s 1m:2215.9 5m:2250.5 10m:2247.7 | Shares: 265/0 (found:265) | Diff: 238238 | 38s elapsed (since last share, avg 1m47s) | best=237 target=18028 (999%)
[2026-09-16T04:26:13Z INFO  minertim::miner] Worker 2 SHARE FOUND! job_id=Penc0wRBEsKdYTYP, nonce=e6ab3602, hash_val=16550, difficulty=238238, hash=57d516ee0b7f709ba8e29ad0bede7bbdaf0fa392aaac7b99fc4c4ecea6400000
[2026-09-16T04:26:20Z INFO  minertim] H/s 1m:2274.0 5m:2239.0 10m:2242.0 | Shares: 265/0 (found:266) | Diff: 238238 | 6s elapsed (since last share, avg 1m44s) | best=237 target=18028 (999%)
[2026-09-16T04:26:21Z INFO  minertim::pool_connection] New job: ookapR0sVD1oWqQs (difficulty: 238238, target: 6c460000)
[2026-09-16T04:26:21Z INFO  minertim::pool_connection] Share accepted by pool
[2026-09-16T04:26:22Z INFO  minertim::miner] Worker 1 SHARE FOUND! job_id=ookapR0sVD1oWqQs, nonce=7dd23c02, hash_val=5336, difficulty=238238, hash=b774571a17ccee336a2d1c0dab14c0f9919932f82265c27bd295eeb6d8140000
[2026-09-16T04:26:30Z INFO  minertim] H/s 1m:2142.1 5m:2211.9 10m:2228.7 | Shares: 266/0 (found:267) | Diff: 238238 | 7s elapsed (since last share, avg 1m51s) | best=237 target=18028 (999%)
[2026-09-16T04:26:40Z INFO  minertim] H/s 1m:2026.7 5m:2191.9 10m:2218.8 | Shares: 266/0 (found:267) | Diff: 238238 | 17s elapsed (since last share, avg 1m57s) | best=237 target=18028 (999%)
[2026-09-16T04:26:41Z INFO  minertim::pool_connection] New job: DpIedqbLmBgKmWWL (difficulty: 238238, target: 6c460000)
[2026-09-16T04:26:41Z INFO  minertim::pool_connection] Share accepted by pool
[2026-09-16T04:26:50Z INFO  minertim] H/s 1m:2023.3 5m:2191.3 10m:2218.5 | Shares: 267/0 (found:267) | Diff: 238238 | 27s elapsed (since last share, avg 1m57s) | best=237 target=18028 (999%)
[2026-09-16T04:27:00Z INFO  minertim] H/s 1m:2024.2 5m:2192.3 10m:2223.5 | Shares: 267/0 (found:267) | Diff: 238238 | 37s elapsed (since last share, avg 1m57s) | best=237 target=18028 (999%)
[2026-09-16T04:27:01Z INFO  minertim::pool_connection] New job: GQxnAUoMOh6Pc4rK (difficulty: 238238, target: 6c460000)
[2026-09-16T04:27:10Z INFO  minertim] H/s 1m:2090.2 5m:2193.4 10m:2236.5 | Shares: 267/0 (found:267) | Diff: 238238 | 47s elapsed (since last share, avg 1m53s) | best=237 target=18028 (999%)
[2026-09-16T04:27:20Z INFO  minertim] H/s 1m:2247.6 5m:2194.6 10m:2241.5 | Shares: 267/0 (found:267) | Diff: 238238 | 57s elapsed (since last share, avg 1m45s) | best=237 target=18028 (999%)
[2026-09-16T04:27:20Z INFO  minertim::pool_connection] New job: M8I75kOAyNB5N8QF (difficulty: 238238, target: 6c460000)
[2026-09-16T04:27:30Z INFO  minertim] H/s 1m:2362.4 5m:2207.2 10m:2243.6 | Shares: 267/0 (found:267) | Diff: 238238 | 1m7s elapsed (since last share, avg 1m40s) | best=237 target=18028 (999%)
[2026-09-16T04:27:40Z INFO  minertim] H/s 1m:2365.5 5m:2208.1 10m:2243.5 | Shares: 267/0 (found:267) | Diff: 238238 | 1m17s elapsed (since last share, avg 1m40s) | best=237 target=18028 (999%)
[2026-09-16T04:27:41Z INFO  minertim::pool_connection] New job: KBR8h5b2ck32QMok (difficulty: 238238, target: 6c460000)
[2026-09-16T04:27:50Z INFO  minertim] H/s 1m:2364.6 5m:2207.9 10m:2249.7 | Shares: 267/0 (found:267) | Diff: 238238 | 1m27s elapsed (since last share, avg 1m40s) | best=237 target=18028 (999%)
[2026-09-16T04:28:00Z INFO  minertim] H/s 1m:2348.1 5m:2215.2 10m:2248.2 | Shares: 267/0 (found:267) | Diff: 238238 | 1m37s elapsed (since last share, avg 1m41s) | best=237 target=18028 (999%)
[2026-09-16T04:28:00Z INFO  minertim::pool_connection] New job: olY6QsQ13clwQcbI (difficulty: 238238, target: 6c460000)
[2026-09-16T04:28:10Z INFO  minertim] H/s 1m:2340.9 5m:2215.4 10m:2247.6 | Shares: 267/0 (found:267) | Diff: 238238 | 1m47s elapsed (since last share, avg 1m41s) | best=237 target=18028 (999%)
[2026-09-16T04:28:20Z INFO  minertim] H/s 1m:2333.7 5m:2214.7 10m:2246.8 | Shares: 267/0 (found:267) | Diff: 238238 | 1m57s elapsed (since last share, avg 1m42s) | best=237 target=18028 (999%)
[2026-09-16T04:28:20Z INFO  minertim::pool_connection] New job: TEuDI4epLGzkcVz6 (difficulty: 238238, target: 6c460000)
[2026-09-16T04:28:30Z INFO  minertim] H/s 1m:2329.1 5m:2214.7 10m:2246.4 | Shares: 267/0 (found:267) | Diff: 238238 | 2m7s elapsed (since last share, avg 1m42s) | best=237 target=18028 (999%)
[2026-09-16T04:28:34Z INFO  minertim::pool_connection] New job: 1zs7aTC81HHIp16J (difficulty: 177690, target: 6b5e0000)
[2026-09-16T04:28:40Z INFO  minertim::pool_connection] New job: 2ox1WniDvdY6oIiw (difficulty: 177690, target: 6b5e0000)
[2026-09-16T04:28:40Z INFO  minertim] H/s 1m:2329.3 5m:2234.8 10m:2246.3 | Shares: 267/0 (found:267) | Diff: 177690 | 2m17s elapsed (since last share, avg 1m16s) | best=237 target=24171 (999%)
[2026-09-16T04:28:50Z INFO  minertim] H/s 1m:2334.1 5m:2252.8 10m:2245.3 | Shares: 267/0 (found:267) | Diff: 177690 | 2m27s elapsed (since last share, avg 1m16s) | best=237 target=24171 (999%)
[2026-09-16T04:29:00Z INFO  minertim::pool_connection] New job: 7aNgC3a4VgrRx2vz (difficulty: 177690, target: 6b5e0000)
[2026-09-16T04:29:00Z INFO  minertim] H/s 1m:2334.8 5m:2262.9 10m:2245.1 | Shares: 267/0 (found:267) | Diff: 177690 | 2m37s elapsed (since last share, avg 1m16s) | best=237 target=24171 (999%)
[2026-09-16T04:29:10Z INFO  minertim] H/s 1m:2341.5 5m:2262.7 10m:2244.9 | Shares: 267/0 (found:267) | Diff: 177690 | 2m47s elapsed (since last share, avg 1m15s) | best=237 target=24171 (999%)
[2026-09-16T04:29:19Z INFO  minertim::miner] Worker 2 SHARE FOUND! job_id=7aNgC3a4VgrRx2vz, nonce=560c3d02, hash_val=6580, difficulty=177690, hash=e0c0dd98aa5552b04f1b5b3a7e626dd1e42184db789ff6a568a5c654b4190000
[2026-09-16T04:29:20Z INFO  minertim::pool_connection] New job: ua7SpOaXNS60zMnc (difficulty: 177690, target: 6b5e0000)
[2026-09-16T04:29:20Z INFO  minertim] H/s 1m:2330.2 5m:2260.0 10m:2243.6 | Shares: 267/0 (found:268) | Diff: 177690 | 1s elapsed (since last share, avg 1m16s) | best=237 target=24171 (999%)
[2026-09-16T04:29:21Z INFO  minertim::miner] Worker 0 SHARE FOUND! job_id=ua7SpOaXNS60zMnc, nonce=88fc3e02, hash_val=11189, difficulty=177690, hash=f988b9c5f96f6ac1e076f04309227c0f5e8131fe6904d3d3d4a8b1c2b52b0000
[2026-09-16T04:29:21Z INFO  minertim::pool_connection] Share accepted by pool
[2026-09-16T04:29:21Z INFO  minertim::pool_connection] Share accepted by pool
[2026-09-16T04:29:30Z INFO  minertim] H/s 1m:2297.5 5m:2254.7 10m:2242.7 | Shares: 269/0 (found:269) | Diff: 177690 | 9s elapsed (since last share, avg 1m17s) | best=237 target=24171 (999%)
[2026-09-16T04:29:34Z INFO  minertim::pool_connection] New job: YMqWnYyMjphPU9KZ (difficulty: 266536, target: f23e0000)
[2026-09-16T04:29:40Z INFO  minertim::pool_connection] New job: mIbzY8KxnJTEItVC (difficulty: 266536, target: f23e0000)
[2026-09-16T04:29:40Z INFO  minertim] H/s 1m:2285.3 5m:2252.1 10m:2246.2 | Shares: 269/0 (found:269) | Diff: 266536 | 19s elapsed (since last share, avg 1m56s) | best=237 target=16114 (999%)
[2026-09-16T04:29:50Z INFO  minertim] H/s 1m:2264.3 5m:2247.7 10m:2252.8 | Shares: 269/0 (found:269) | Diff: 266536 | 29s elapsed (since last share, avg 1m57s) | best=237 target=16114 (999%)
[2026-09-16T04:30:00Z INFO  minertim::pool_connection] New job: 9n03ucepMiK5Cs4w (difficulty: 266536, target: f23e0000)
[2026-09-16T04:30:00Z INFO  minertim] H/s 1m:2248.9 5m:2246.8 10m:2252.0 | Shares: 269/0 (found:269) | Diff: 266536 | 39s elapsed (since last share, avg 1m58s) | best=237 target=16114 (999%)
[2026-09-16T04:30:03Z INFO  minertim::pool_connection] New job: 4WPOvEy6MEDYl2dB (difficulty: 266536, target: f23e0000)
[2026-09-16T04:30:07Z INFO  minertim::pool_connection] New job: WteKeeOaZnVFu04I (difficulty: 266536, target: f23e0000)
[2026-09-16T04:30:10Z INFO  minertim] H/s 1m:2251.9 5m:2248.8 10m:2251.3 | Shares: 269/0 (found:269) | Diff: 266536 | 49s elapsed (since last share, avg 1m58s) | best=237 target=16114 (999%)
[2026-09-16T04:30:20Z INFO  minertim] H/s 1m:2254.6 5m:2265.0 10m:2248.7 | Shares: 269/0 (found:269) | Diff: 266536 | 59s elapsed (since last share, avg 1m58s) | best=237 target=16114 (999%)
[2026-09-16T04:30:27Z INFO  minertim::pool_connection] New job: 0pDFmEUNsOt3QQle (difficulty: 266536, target: f23e0000)
[2026-09-16T04:30:30Z INFO  minertim] H/s 1m:2256.5 5m:2265.5 10m:2246.8 | Shares: 269/0 (found:269) | Diff: 266536 | 1m9s elapsed (since last share, avg 1m58s) | best=237 target=16114 (999%)
[2026-09-16T04:30:34Z INFO  minertim::pool_connection] New job: 0Jfjk9YsGQaQLQHq (difficulty: 164300, target: 1d660000)
[2026-09-16T04:30:40Z INFO  minertim] H/s 1m:2278.9 5m:2264.8 10m:2251.4 | Shares: 269/0 (found:269) | Diff: 164300 | 1m19s elapsed (since last share, avg 1m12s) | best=237 target=26141 (999%)
[2026-09-16T04:30:46Z INFO  minertim::pool_connection] New job: GkR0tALOLvl22spP (difficulty: 164300, target: 1d660000)
[2026-09-16T04:30:50Z INFO  minertim] H/s 1m:2290.3 5m:2263.8 10m:2258.9 | Shares: 269/0 (found:269) | Diff: 164300 | 1m29s elapsed (since last share, avg 1m11s) | best=237 target=26141 (999%)
[2026-09-16T04:31:00Z INFO  minertim] H/s 1m:2300.1 5m:2263.4 10m:2258.7 | Shares: 269/0 (found:269) | Diff: 164300 | 1m39s elapsed (since last share, avg 1m11s) | best=237 target=26141 (999%)
[2026-09-16T04:31:06Z INFO  minertim::pool_connection] New job: tOgIhWg4CRhi6bvC (difficulty: 164300, target: 1d660000)
[2026-09-16T04:31:10Z INFO  minertim] H/s 1m:2318.2 5m:2272.6 10m:2257.7 | Shares: 269/0 (found:269) | Diff: 164300 | 1m49s elapsed (since last share, avg 1m10s) | best=237 target=26141 (999%)
[2026-09-16T04:31:12Z INFO  minertim::miner] Worker 2 SHARE FOUND! job_id=tOgIhWg4CRhi6bvC, nonce=96f14002, hash_val=10970, difficulty=164300, hash=539faf455246596cdccb253ac252aac2a744103d3030e5f201a91f3dda2a0000
[2026-09-16T04:31:20Z INFO  minertim] H/s 1m:2274.9 5m:2288.4 10m:2252.1 | Shares: 269/0 (found:270) | Diff: 164300 | 8s elapsed (since last share, avg 1m12s) | best=237 target=26141 (999%)
[2026-09-16T04:31:26Z INFO  minertim::pool_connection] New job: fNr4IHBEdUSjQs1Y (difficulty: 164300, target: 1d660000)
[2026-09-16T04:31:27Z INFO  minertim::pool_connection] Share accepted by pool
[2026-09-16T04:31:27Z INFO  minertim::pool_connection] New job: lxwp44VRRGmj864i (difficulty: 164300, target: 1d660000)
[2026-09-16T04:31:30Z INFO  minertim] H/s 1m:2175.4 5m:2290.4 10m:2243.3 | Shares: 270/0 (found:270) | Diff: 164300 | 18s elapsed (since last share, avg 1m15s) | best=237 target=26141 (999%)
[2026-09-16T04:31:31Z INFO  minertim::pool_connection] New job: qHvhQmJfX90Ar2NG (difficulty: 164300, target: 1d660000)
[2026-09-16T04:31:38Z INFO  minertim::miner] Worker 1 SHARE FOUND! job_id=qHvhQmJfX90Ar2NG, nonce=11594702, hash_val=10840, difficulty=164300, hash=a947611e19e2411f43de6f625c32b42df40d3f281a7f11f9339b7a5b582a0000
[2026-09-16T04:31:40Z INFO  minertim] H/s 1m:2181.6 5m:2291.1 10m:2243.4 | Shares: 270/0 (found:271) | Diff: 164300 | 2s elapsed (since last share, avg 1m15s) | best=237 target=26141 (999%)
[2026-09-16T04:31:42Z INFO  minertim::pool_connection] Share accepted by pool
[2026-09-16T04:31:50Z INFO  minertim] H/s 1m:2149.8 5m:2285.0 10m:2240.4 | Shares: 271/0 (found:271) | Diff: 164300 | 12s elapsed (since last share, avg 1m16s) | best=237 target=26141 (999%)
[2026-09-16T04:31:51Z INFO  minertim::pool_connection] New job: r3WgLNUB26cic66A (difficulty: 164300, target: 1d660000)
[2026-09-16T04:32:00Z INFO  minertim] H/s 1m:2163.1 5m:2285.2 10m:2240.9 | Shares: 271/0 (found:271) | Diff: 164300 | 22s elapsed (since last share, avg 1m15s) | best=237 target=26141 (999%)
[2026-09-16T04:32:10Z INFO  minertim] H/s 1m:2229.1 5m:2285.2 10m:2241.5 | Shares: 271/0 (found:271) | Diff: 164300 | 32s elapsed (since last share, avg 1m13s) | best=237 target=26141 (999%)
[2026-09-16T04:32:11Z INFO  minertim::pool_connection] New job: 8urCq1DNDWY2kHWI (difficulty: 164300, target: 1d660000)
[2026-09-16T04:32:20Z INFO  minertim] H/s 1m:2328.6 5m:2284.6 10m:2241.7 | Shares: 271/0 (found:271) | Diff: 164300 | 42s elapsed (since last share, avg 1m10s) | best=237 target=26141 (999%)
[2026-09-16T04:32:28Z INFO  minertim::miner] Worker 1 SHARE FOUND! job_id=8urCq1DNDWY2kHWI, nonce=bdfc4802, hash_val=2305, difficulty=164300, hash=64b2d4f95b478d772333cbb095c5e6679531283253ff4265892919ca01090000
[2026-09-16T04:32:30Z INFO  minertim] H/s 1m:2327.3 5m:2284.5 10m:2247.9 | Shares: 271/0 (found:272) | Diff: 164300 | 2s elapsed (since last share, avg 1m10s) | best=237 target=26141 (999%)
[2026-09-16T04:32:31Z INFO  minertim::pool_connection] New job: zYv39i7sDqxVCfJq (difficulty: 164300, target: 1d660000)
[2026-09-16T04:32:31Z INFO  minertim::pool_connection] Share accepted by pool
[2026-09-16T04:32:40Z INFO  minertim] H/s 1m:2321.7 5m:2277.6 10m:2244.9 | Shares: 272/0 (found:272) | Diff: 164300 | 12s elapsed (since last share, avg 1m10s) | best=237 target=26141 (999%)
[2026-09-16T04:32:50Z INFO  minertim] H/s 1m:2319.9 5m:2280.3 10m:2244.8 | Shares: 272/0 (found:272) | Diff: 164300 | 22s elapsed (since last share, avg 1m10s) | best=237 target=26141 (999%)
[2026-09-16T04:32:51Z INFO  minertim::pool_connection] New job: b0yEgE6ro2cpBRDs (difficulty: 164300, target: 1d660000)
[2026-09-16T04:32:59Z INFO  minertim::pool_connection] New job: CRtOvZGccGFkkP0W (difficulty: 164300, target: 1d660000)
[2026-09-16T04:33:00Z INFO  minertim] H/s 1m:2318.9 5m:2281.5 10m:2249.8 | Shares: 272/0 (found:272) | Diff: 164300 | 32s elapsed (since last share, avg 1m10s) | best=237 target=26141 (999%)
[2026-09-16T04:33:10Z INFO  minertim] H/s 1m:2323.7 5m:2282.9 10m:2250.4 | Shares: 272/0 (found:272) | Diff: 164300 | 42s elapsed (since last share, avg 1m10s) | best=237 target=26141 (999%)
[2026-09-16T04:33:19Z INFO  minertim::pool_connection] New job: TAAm96E4LWGIVrj8 (difficulty: 164300, target: 1d660000)
[2026-09-16T04:33:20Z INFO  minertim] H/s 1m:2323.5 5m:2283.5 10m:2250.7 | Shares: 272/0 (found:272) | Diff: 164300 | 52s elapsed (since last share, avg 1m10s) | best=237 target=26141 (999%)
[2026-09-16T04:33:30Z INFO  minertim] H/s 1m:2339.4 5m:2279.4 10m:2249.0 | Shares: 272/0 (found:272) | Diff: 164300 | 1m2s elapsed (since last share, avg 1m10s) | best=237 target=26141 (999%)
[2026-09-16T04:33:39Z INFO  minertim::pool_connection] New job: 07L0Qmr4ly4k2OdA (difficulty: 164300, target: 1d660000)
[2026-09-16T04:33:41Z INFO  minertim] H/s 1m:2320.3 5m:2278.0 10m:2257.2 | Shares: 272/0 (found:272) | Diff: 164300 | 1m12s elapsed (since last share, avg 1m10s) | best=237 target=26141 (999%)
[2026-09-16T04:33:51Z INFO  minertim] H/s 1m:2319.0 5m:2278.7 10m:2266.9 | Shares: 272/0 (found:272) | Diff: 164300 | 1m22s elapsed (since last share, avg 1m10s) | best=237 target=26141 (999%)
[2026-09-16T04:33:59Z INFO  minertim::pool_connection] New job: MKIIRhmhwgPvTuM7 (difficulty: 164300, target: 1d660000)
[2026-09-16T04:34:01Z INFO  minertim] H/s 1m:2318.3 5m:2278.9 10m:2272.4 | Shares: 272/0 (found:272) | Diff: 164300 | 1m32s elapsed (since last share, avg 1m10s) | best=237 target=26141 (999%)
[2026-09-16T04:34:11Z INFO  minertim] H/s 1m:2318.1 5m:2281.5 10m:2272.3 | Shares: 272/0 (found:272) | Diff: 164300 | 1m42s elapsed (since last share, avg 1m10s) | best=237 target=26141 (999%)
[2026-09-16T04:34:19Z INFO  minertim::pool_connection] New job: 07N00y1d0GFqqNFD (difficulty: 164300, target: 1d660000)
[2026-09-16T04:34:21Z INFO  minertim] H/s 1m:2342.0 5m:2287.1 10m:2272.3 | Shares: 272/0 (found:272) | Diff: 164300 | 1m52s elapsed (since last share, avg 1m10s) | best=237 target=26141 (999%)
[2026-09-16T04:34:31Z INFO  minertim] H/s 1m:2362.2 5m:2291.2 10m:2272.5 | Shares: 272/0 (found:272) | Diff: 164300 | 2m2s elapsed (since last share, avg 1m9s) | best=237 target=26141 (999%)
[2026-09-16T04:34:34Z INFO  minertim::pool_connection] New job: VnDf2CHTiFraOnWl (difficulty: 123227, target: 26880000)
[2026-09-16T04:34:39Z INFO  minertim::pool_connection] New job: KzrTkuXocor9JhXa (difficulty: 123227, target: 26880000)
[2026-09-16T04:34:41Z INFO  minertim] H/s 1m:2364.0 5m:2295.9 10m:2273.3 | Shares: 272/0 (found:272) | Diff: 123227 | 2m12s elapsed (since last share, avg 52s) | best=237 target=34854 (999%)
[2026-09-16T04:34:51Z INFO  minertim] H/s 1m:2364.4 5m:2298.8 10m:2273.4 | Shares: 272/0 (found:272) | Diff: 123227 | 2m22s elapsed (since last share, avg 52s) | best=237 target=34854 (999%)
[2026-09-16T04:34:58Z INFO  minertim::pool_connection] New job: XaoOwDptPf8SR70a (difficulty: 123227, target: 26880000)
[2026-09-16T04:35:01Z INFO  minertim] H/s 1m:2365.4 5m:2301.0 10m:2274.4 | Shares: 272/0 (found:272) | Diff: 123227 | 2m32s elapsed (since last share, avg 52s) | best=237 target=34854 (999%)
[2026-09-16T04:35:03Z INFO  minertim::miner] Worker 0 SHARE FOUND! job_id=XaoOwDptPf8SR70a, nonce=502b4b02, hash_val=28498, difficulty=123227, hash=d5a2fb2c181ee86afef7d37453b3e8c4eb3822a73de9cc95c190c954526f0000
[2026-09-16T04:35:11Z INFO  minertim] H/s 1m:2308.0 5m:2296.3 10m:2271.5 | Shares: 272/0 (found:273) | Diff: 123227 | 7s elapsed (since last share, avg 53s) | best=237 target=34854 (999%)
[2026-09-16T04:35:18Z INFO  minertim::pool_connection] New job: 5jvNk0sEk3SVlmxx (difficulty: 123227, target: 26880000)
[2026-09-16T04:35:19Z INFO  minertim::pool_connection] Share accepted by pool
[2026-09-16T04:35:21Z INFO  minertim] H/s 1m:2193.9 5m:2280.4 10m:2272.4 | Shares: 273/0 (found:273) | Diff: 123227 | 17s elapsed (since last share, avg 56s) | best=237 target=34854 (999%)
[2026-09-16T04:35:31Z INFO  minertim] H/s 1m:2188.9 5m:2280.4 10m:2274.1 | Shares: 273/0 (found:273) | Diff: 123227 | 27s elapsed (since last share, avg 56s) | best=237 target=34854 (999%)
[2026-09-16T04:35:38Z INFO  minertim::pool_connection] New job: mA4nKiR6nqkvbJxv (difficulty: 123227, target: 26880000)
[2026-09-16T04:35:41Z INFO  minertim] H/s 1m:2184.6 5m:2280.5 10m:2273.8 | Shares: 273/0 (found:273) | Diff: 123227 | 37s elapsed (since last share, avg 56s) | best=237 target=34854 (999%)
[2026-09-16T04:35:51Z INFO  minertim] H/s 1m:2184.2 5m:2281.0 10m:2273.7 | Shares: 273/0 (found:273) | Diff: 123227 | 47s elapsed (since last share, avg 56s) | best=237 target=34854 (999%)
[2026-09-16T04:35:58Z INFO  minertim::pool_connection] New job: 1OKbMaq9e0TYIHou (difficulty: 123227, target: 26880000)
[2026-09-16T04:36:01Z INFO  minertim] H/s 1m:2241.8 5m:2283.1 10m:2273.7 | Shares: 273/0 (found:273) | Diff: 123227 | 57s elapsed (since last share, avg 54s) | best=237 target=34854 (999%)
[2026-09-16T04:36:11Z INFO  minertim] H/s 1m:2351.9 5m:2293.7 10m:2279.0 | Shares: 273/0 (found:273) | Diff: 123227 | 1m7s elapsed (since last share, avg 52s) | best=237 target=34854 (999%)
[2026-09-16T04:36:18Z INFO  minertim::pool_connection] New job: WnnZ0u05TojzOWPH (difficulty: 123227, target: 26880000)
[2026-09-16T04:36:21Z INFO  minertim] H/s 1m:2350.9 5m:2310.6 10m:2291.8 | Shares: 273/0 (found:273) | Diff: 123227 | 1m17s elapsed (since last share, avg 52s) | best=237 target=34854 (999%)
[2026-09-16T04:36:31Z INFO  minertim] H/s 1m:2355.0 5m:2310.4 10m:2301.6 | Shares: 273/0 (found:273) | Diff: 123227 | 1m27s elapsed (since last share, avg 52s) | best=237 target=34854 (999%)
[2026-09-16T04:36:34Z INFO  minertim::pool_connection] New job: IiEUDEIJE07RQz0z (difficulty: 92420, target: 88b50000)
[2026-09-16T04:36:38Z INFO  minertim::pool_connection] New job: sohvoQ5lK1PxL87Q (difficulty: 92420, target: 88b50000)
[2026-09-16T04:36:41Z INFO  minertim] H/s 1m:2354.6 5m:2316.4 10m:2301.8 | Shares: 273/0 (found:273) | Diff: 92420 | 1m37s elapsed (since last share, avg 39s) | best=237 target=46472 (999%)
[2026-09-16T04:36:51Z INFO  minertim] H/s 1m:2334.5 5m:2312.6 10m:2300.0 | Shares: 273/0 (found:273) | Diff: 92420 | 1m47s elapsed (since last share, avg 39s) | best=237 target=46472 (999%)
[2026-09-16T04:36:53Z INFO  minertim::miner] Worker 1 SHARE FOUND! job_id=sohvoQ5lK1PxL87Q, nonce=915b5202, hash_val=43696, difficulty=92420, hash=c489d02d5d9819fb8a7620b236b0a975cdda75f847a5d7619fd3eaa2b0aa0000
[2026-09-16T04:36:58Z INFO  minertim::pool_connection] New job: ugXAEcoTAbR6JCJl (difficulty: 92420, target: 88b50000)
[2026-09-16T04:36:58Z INFO  minertim::pool_connection] Share accepted by pool
[2026-09-16T04:37:01Z INFO  minertim] H/s 1m:2283.5 5m:2303.1 10m:2295.4 | Shares: 274/0 (found:274) | Diff: 92420 | 8s elapsed (since last share, avg 40s) | best=237 target=46472 (999%)
[2026-09-16T04:37:04Z INFO  minertim::pool_connection] New job: qwOhEHRMWPzBHUNu (difficulty: 138632, target: 05790000)
[2026-09-16T04:37:11Z INFO  minertim] H/s 1m:2288.6 5m:2303.8 10m:2295.3 | Shares: 274/0 (found:274) | Diff: 138632 | 18s elapsed (since last share, avg 1m0s) | best=237 target=30981 (999%)
[2026-09-16T04:37:18Z INFO  minertim::pool_connection] New job: zEMXeF1M4Jvax4k4 (difficulty: 138632, target: 05790000)
[2026-09-16T04:37:21Z INFO  minertim] H/s 1m:2289.1 5m:2303.9 10m:2295.4 | Shares: 274/0 (found:274) | Diff: 138632 | 28s elapsed (since last share, avg 1m0s) | best=237 target=30981 (999%)
[2026-09-16T04:37:31Z INFO  minertim] H/s 1m:2281.1 5m:2309.3 10m:2294.7 | Shares: 274/0 (found:274) | Diff: 138632 | 38s elapsed (since last share, avg 1m0s) | best=237 target=30981 (999%)
[2026-09-16T04:37:35Z INFO  minertim::pool_connection] New job: QXriLFZ7lXpPImNy (difficulty: 138632, target: 05790000)
[2026-09-16T04:37:41Z INFO  minertim] H/s 1m:2290.3 5m:2307.5 10m:2293.7 | Shares: 274/0 (found:274) | Diff: 138632 | 48s elapsed (since last share, avg 1m0s) | best=237 target=30981 (999%)
[2026-09-16T04:37:44Z INFO  minertim::pool_connection] New job: i3lJAtQQ9Pxt02t0 (difficulty: 138632, target: 05790000)
[2026-09-16T04:37:51Z INFO  minertim] H/s 1m:2345.1 5m:2307.6 10m:2295.2 | Shares: 274/0 (found:274) | Diff: 138632 | 58s elapsed (since last share, avg 59s) | best=237 target=30981 (999%)
[2026-09-16T04:38:01Z INFO  minertim] H/s 1m:2346.1 5m:2307.6 10m:2295.7 | Shares: 274/0 (found:274) | Diff: 138632 | 1m8s elapsed (since last share, avg 59s) | best=237 target=30981 (999%)
[2026-09-16T04:38:04Z INFO  minertim::pool_connection] New job: cQfH1kWpM5bSMtyk (difficulty: 138632, target: 05790000)
[2026-09-16T04:38:04Z INFO  minertim::pool_connection] New job: LzLamwb0ElnGhZtJ (difficulty: 94521, target: 7fb10000)
[2026-09-16T04:38:09Z INFO  minertim::miner] Worker 3 SHARE FOUND! job_id=LzLamwb0ElnGhZtJ, nonce=7ba64d02, hash_val=21306, difficulty=94521, hash=b8e98f61dbb0ff366a15756280725f48759ae127a92bad427f492d3b3a530000
[2026-09-16T04:38:10Z INFO  minertim::pool_connection] New job: 050lvDW0GOIM0vpv (difficulty: 94521, target: 7fb10000)
[2026-09-16T04:38:11Z INFO  minertim] H/s 1m:2347.0 5m:2307.9 10m:2296.5 | Shares: 274/0 (found:275) | Diff: 94521 | 2s elapsed (since last share, avg 40s) | best=237 target=45439 (999%)
[2026-09-16T04:38:11Z INFO  minertim::pool_connection] Share accepted by pool
[2026-09-16T04:38:21Z INFO  minertim] H/s 1m:2333.9 5m:2308.4 10m:2295.1 | Shares: 275/0 (found:275) | Diff: 94521 | 12s elapsed (since last share, avg 40s) | best=237 target=45439 (999%)
[2026-09-16T04:38:30Z INFO  minertim::pool_connection] New job: etZFbapRakTQAlB4 (difficulty: 94521, target: 7fb10000)
[2026-09-16T04:38:31Z INFO  minertim] H/s 1m:2341.4 5m:2311.2 10m:2294.8 | Shares: 275/0 (found:275) | Diff: 94521 | 22s elapsed (since last share, avg 40s) | best=237 target=45439 (999%)
[2026-09-16T04:38:32Z INFO  minertim::pool_connection] New job: f0BE17FE5Sya7qcs (difficulty: 94521, target: 7fb10000)
[2026-09-16T04:38:34Z INFO  minertim::pool_connection] New job: JIicEaz0DlNrowa8 (difficulty: 141780, target: 55760000)
[2026-09-16T04:38:41Z INFO  minertim] H/s 1m:2341.8 5m:2311.6 10m:2295.8 | Shares: 275/0 (found:275) | Diff: 141780 | 32s elapsed (since last share, avg 1m0s) | best=237 target=30293 (999%)
[2026-09-16T04:38:51Z INFO  minertim] H/s 1m:2342.2 5m:2311.7 10m:2296.4 | Shares: 275/0 (found:275) | Diff: 141780 | 42s elapsed (since last share, avg 1m0s) | best=237 target=30293 (999%)
[2026-09-16T04:38:52Z INFO  minertim::pool_connection] New job: 6aotloXdel7tQIwd (difficulty: 141780, target: 55760000)
[2026-09-16T04:38:57Z INFO  minertim::pool_connection] New job: AdSAqhfxnYCA043W (difficulty: 141780, target: 55760000)
[2026-09-16T04:39:01Z INFO  minertim] H/s 1m:2332.0 5m:2310.3 10m:2295.7 | Shares: 275/0 (found:275) | Diff: 141780 | 52s elapsed (since last share, avg 1m0s) | best=237 target=30293 (999%)
[2026-09-16T04:39:11Z INFO  minertim] H/s 1m:2346.8 5m:2309.2 10m:2296.5 | Shares: 275/0 (found:275) | Diff: 141780 | 1m2s elapsed (since last share, avg 1m0s) | best=237 target=30293 (999%)
[2026-09-16T04:39:17Z INFO  minertim::pool_connection] New job: ksaelxyIIn0xVj8X (difficulty: 141780, target: 55760000)
[2026-09-16T04:39:21Z INFO  minertim] H/s 1m:2351.3 5m:2309.3 10m:2299.3 | Shares: 275/0 (found:275) | Diff: 141780 | 1m12s elapsed (since last share, avg 1m0s) | best=237 target=30293 (999%)
[2026-09-16T04:39:27Z INFO  minertim::pool_connection] New job: PIaRvuAXGH623R3c (difficulty: 141780, target: 55760000)
[2026-09-16T04:39:31Z INFO  minertim] H/s 1m:2346.0 5m:2308.5 10m:2301.0 | Shares: 275/0 (found:275) | Diff: 141780 | 1m22s elapsed (since last share, avg 1m0s) | best=237 target=30293 (999%)
[2026-09-16T04:39:34Z INFO  minertim::pool_connection] New job: BRbEEnDoRO0OUPMI (difficulty: 76870, target: 41da0000)
[2026-09-16T04:39:41Z INFO  minertim] H/s 1m:2334.4 5m:2306.6 10m:2302.3 | Shares: 275/0 (found:275) | Diff: 76870 | 1m32s elapsed (since last share, avg 32s) | best=237 target=55873 (999%)
[2026-09-16T04:39:42Z INFO  minertim::miner] Worker 2 SHARE FOUND! job_id=BRbEEnDoRO0OUPMI, nonce=d2c15202, hash_val=8290, difficulty=76870, hash=bd461ff25dfa01cb8332da2bc3361deb1801e7be6c178df59447375462200000
[2026-09-16T04:39:47Z INFO  minertim::pool_connection] New job: LhLepZqlVjqVA5eW (difficulty: 76870, target: 41da0000)
[2026-09-16T04:39:47Z INFO  minertim::pool_connection] Share accepted by pool
[2026-09-16T04:39:48Z INFO  minertim::miner] Worker 2 SHARE FOUND! job_id=LhLepZqlVjqVA5eW, nonce=6aca5202, hash_val=22061, difficulty=76870, hash=4636bbc2a2b42b3a07b18d483273ad3e525b6cc7268ad7ff80f79dfd2d560000
[2026-09-16T04:39:51Z INFO  minertim] H/s 1m:2291.7 5m:2297.6 10m:2299.3 | Shares: 276/0 (found:277) | Diff: 76870 | 3s elapsed (since last share, avg 33s) | best=237 target=55873 (999%)
[2026-09-16T04:40:01Z INFO  minertim] H/s 1m:2183.0 5m:2287.7 10m:2290.6 | Shares: 276/0 (found:277) | Diff: 76870 | 13s elapsed (since last share, avg 35s) | best=237 target=55873 (999%)
[2026-09-16T04:40:04Z INFO  minertim::pool_connection] New job: ldeXTvCHxwlOvFv0 (difficulty: 115304, target: 81910000)
[2026-09-16T04:40:05Z INFO  minertim::pool_connection] Share accepted by pool
[2026-09-16T04:40:05Z INFO  minertim::miner] Worker 0 SHARE FOUND! job_id=ldeXTvCHxwlOvFv0, nonce=40725502, hash_val=33847, difficulty=115304, hash=203847d0d1fc57a4750883b84cc219fbf252d48e021fd6782723220e37840000
[2026-09-16T04:40:07Z INFO  minertim::pool_connection] New job: ZHbfkh5cWke0PuLH (difficulty: 115304, target: 81910000)
[2026-09-16T04:40:07Z INFO  minertim::pool_connection] Share accepted by pool
[2026-09-16T04:40:11Z INFO  minertim] H/s 1m:2115.7 5m:2295.8 10m:2287.6 | Shares: 278/0 (found:278) | Diff: 115304 | 5s elapsed (since last share, avg 54s) | best=237 target=37249 (999%)
[2026-09-16T04:40:21Z INFO  minertim] H/s 1m:2121.5 5m:2296.8 10m:2289.5 | Shares: 278/0 (found:278) | Diff: 115304 | 15s elapsed (since last share, avg 54s) | best=237 target=37249 (999%)
[2026-09-16T04:40:27Z INFO  minertim::pool_connection] New job: 6Kst5GMn9l3OBqzW (difficulty: 115304, target: 81910000)
[2026-09-16T04:40:31Z INFO  minertim] H/s 1m:2133.6 5m:2297.8 10m:2290.0 | Shares: 278/0 (found:278) | Diff: 115304 | 25s elapsed (since last share, avg 54s) | best=237 target=37249 (999%)
[2026-09-16T04:40:34Z INFO  minertim::pool_connection] New job: 2LGnINOMuPTjTx45 (difficulty: 172960, target: 00610000)
[2026-09-16T04:40:41Z INFO  minertim] H/s 1m:2185.7 5m:2297.9 10m:2290.5 | Shares: 278/0 (found:278) | Diff: 172960 | 35s elapsed (since last share, avg 1m19s) | best=237 target=24832 (999%)
[2026-09-16T04:40:47Z INFO  minertim::pool_connection] New job: YNx7xFzSN51RrIpy (difficulty: 172960, target: 00610000)
[2026-09-16T04:40:51Z INFO  minertim] H/s 1m:2301.9 5m:2298.0 10m:2290.8 | Shares: 278/0 (found:278) | Diff: 172960 | 45s elapsed (since last share, avg 1m15s) | best=237 target=24832 (999%)
[2026-09-16T04:41:01Z INFO  minertim] H/s 1m:2362.3 5m:2297.6 10m:2291.3 | Shares: 278/0 (found:278) | Diff: 172960 | 55s elapsed (since last share, avg 1m13s) | best=237 target=24832 (999%)
[2026-09-16T04:41:05Z INFO  minertim::miner] Worker 1 SHARE FOUND! job_id=YNx7xFzSN51RrIpy, nonce=793c5b02, hash_val=15706, difficulty=172960, hash=d1150efd03036f89ef5bd9d95106afc0e35a2ed4f11b5519f2f005605a3d0000
[2026-09-16T04:41:06Z INFO  minertim::pool_connection] New job: 0Vslhd2OqJebI49V (difficulty: 172960, target: 00610000)
[2026-09-16T04:41:07Z INFO  minertim::pool_connection] Share accepted by pool
[2026-09-16T04:41:11Z INFO  minertim] H/s 1m:2331.7 5m:2293.5 10m:2294.3 | Shares: 279/0 (found:279) | Diff: 172960 | 6s elapsed (since last share, avg 1m14s) | best=237 target=24832 (999%)
[2026-09-16T04:41:21Z INFO  minertim] H/s 1m:2328.0 5m:2293.1 10m:2302.9 | Shares: 279/0 (found:279) | Diff: 172960 | 16s elapsed (since last share, avg 1m14s) | best=237 target=24832 (999%)
[2026-09-16T04:41:26Z INFO  minertim::pool_connection] New job: BiHc2K4DwzPt0xph (difficulty: 172960, target: 00610000)
[2026-09-16T04:41:31Z INFO  minertim] H/s 1m:2316.1 5m:2291.2 10m:2301.9 | Shares: 279/0 (found:279) | Diff: 172960 | 26s elapsed (since last share, avg 1m14s) | best=237 target=24832 (999%)
[2026-09-16T04:41:34Z INFO  minertim::pool_connection] New job: KGhtq95XVqOBnxDj (difficulty: 129718, target: 56810000)
[2026-09-16T04:41:41Z INFO  minertim] H/s 1m:2314.9 5m:2294.7 10m:2304.8 | Shares: 279/0 (found:279) | Diff: 129718 | 36s elapsed (since last share, avg 56s) | best=237 target=33110 (999%)
[2026-09-16T04:41:46Z INFO  minertim::pool_connection] New job: Eg0mV0mBJIeOrQWj (difficulty: 129718, target: 56810000)
[2026-09-16T04:41:51Z INFO  minertim] H/s 1m:2320.3 5m:2303.9 10m:2304.6 | Shares: 279/0 (found:279) | Diff: 129718 | 46s elapsed (since last share, avg 55s) | best=237 target=33110 (999%)
[2026-09-16T04:42:01Z INFO  minertim] H/s 1m:2350.1 5m:2304.1 10m:2304.6 | Shares: 279/0 (found:279) | Diff: 129718 | 56s elapsed (since last share, avg 55s) | best=237 target=33110 (999%)
[2026-09-16T04:42:06Z INFO  minertim::pool_connection] New job: E2ucR0bETjdFPKhT (difficulty: 129718, target: 56810000)
[2026-09-16T04:42:11Z INFO  minertim] H/s 1m:2330.9 5m:2300.3 10m:2303.1 | Shares: 279/0 (found:279) | Diff: 129718 | 1m6s elapsed (since last share, avg 55s) | best=237 target=33110 (999%)
[2026-09-16T04:42:11Z INFO  minertim::miner] Worker 1 SHARE FOUND! job_id=E2ucR0bETjdFPKhT, nonce=298a5d02, hash_val=17239, difficulty=129718, hash=a42a7e0345cd94ccd81c2304845e12f19a72ac890911270108de93e457430000
[2026-09-16T04:42:21Z INFO  minertim] H/s 1m:2213.1 5m:2279.5 10m:2292.2 | Shares: 279/0 (found:280) | Diff: 129718 | 9s elapsed (since last share, avg 58s) | best=237 target=33110 (999%)
[2026-09-16T04:42:26Z INFO  minertim::pool_connection] New job: mBBtZJ1E5bPJLNXP (difficulty: 129718, target: 56810000)
[2026-09-16T04:42:26Z INFO  minertim::pool_connection] Share accepted by pool
[2026-09-16T04:42:31Z INFO  minertim] H/s 1m:2194.9 5m:2278.2 10m:2294.0 | Shares: 280/0 (found:280) | Diff: 129718 | 19s elapsed (since last share, avg 59s) | best=237 target=33110 (999%)
[2026-09-16T04:42:34Z INFO  minertim::pool_connection] New job: rMQRYVmBs9TD4d2q (difficulty: 73889, target: 0fe30000)
[2026-09-16T04:42:41Z INFO  minertim] H/s 1m:2195.0 5m:2278.0 10m:2294.0 | Shares: 280/0 (found:280) | Diff: 73889 | 29s elapsed (since last share, avg 33s) | best=237 target=58127 (999%)
[2026-09-16T04:42:46Z INFO  minertim::pool_connection] New job: BjWrg4YDmEM8faIN (difficulty: 73889, target: 0fe30000)
[2026-09-16T04:42:51Z INFO  minertim] H/s 1m:2193.7 5m:2277.9 10m:2294.0 | Shares: 280/0 (found:280) | Diff: 73889 | 39s elapsed (since last share, avg 33s) | best=237 target=58127 (999%)
[2026-09-16T04:43:00Z INFO  minertim::miner] Worker 2 SHARE FOUND! job_id=BjWrg4YDmEM8faIN, nonce=66175902, hash_val=6487, difficulty=73889, hash=62b64cea03389b7d82586e9e835269847d4ab3771165403f76b4d8e257190000
[2026-09-16T04:43:01Z INFO  minertim] H/s 1m:2215.6 5m:2277.7 10m:2294.0 | Shares: 280/0 (found:281) | Diff: 73889 | 1s elapsed (since last share, avg 33s) | best=237 target=58127 (999%)
[2026-09-16T04:43:06Z INFO  minertim::pool_connection] New job: J1cM0AgEm9C802Pq (difficulty: 73889, target: 0fe30000)
[2026-09-16T04:43:06Z INFO  minertim::pool_connection] Share accepted by pool
[2026-09-16T04:43:11Z INFO  minertim] H/s 1m:2291.8 5m:2272.3 10m:2289.5 | Shares: 281/0 (found:281) | Diff: 73889 | 11s elapsed (since last share, avg 32s) | best=237 target=58127 (999%)
[2026-09-16T04:43:21Z INFO  minertim] H/s 1m:2311.3 5m:2273.0 10m:2291.6 | Shares: 281/0 (found:281) | Diff: 73889 | 21s elapsed (since last share, avg 31s) | best=237 target=58127 (999%)
[2026-09-16T04:43:23Z INFO  minertim::pool_connection] New job: mQ5T3yiCfp02Q9r4 (difficulty: 73889, target: 0fe30000)
[2026-09-16T04:43:28Z INFO  minertim::miner] Worker 3 SHARE FOUND! job_id=mQ5T3yiCfp02Q9r4, nonce=c70b5902, hash_val=38683, difficulty=73889, hash=f222dce85a65365f1a968a86dbbb2cf4e74c0af8e757dd7d6067c2ff1b970000
[2026-09-16T04:43:31Z INFO  minertim] H/s 1m:2312.9 5m:2273.1 10m:2293.4 | Shares: 281/0 (found:282) | Diff: 73889 | 2s elapsed (since last share, avg 31s) | best=237 target=58127 (999%)
[2026-09-16T04:43:41Z INFO  minertim] H/s 1m:2199.2 5m:2253.2 10m:2283.8 | Shares: 281/0 (found:282) | Diff: 73889 | 12s elapsed (since last share, avg 33s) | best=237 target=58127 (999%)
[2026-09-16T04:43:43Z INFO  minertim::pool_connection] New job: xLdiCSZv8P77nLfF (difficulty: 73889, target: 0fe30000)
[2026-09-16T04:43:44Z INFO  minertim::pool_connection] Share accepted by pool
[2026-09-16T04:43:51Z INFO  minertim] H/s 1m:2147.9 5m:2245.9 10m:2279.5 | Shares: 282/0 (found:282) | Diff: 73889 | 22s elapsed (since last share, avg 34s) | best=237 target=58127 (999%)
[2026-09-16T04:44:01Z INFO  minertim] H/s 1m:2201.5 5m:2247.2 10m:2279.6 | Shares: 282/0 (found:282) | Diff: 73889 | 32s elapsed (since last share, avg 33s) | best=237 target=58127 (999%)
[2026-09-16T04:44:03Z INFO  minertim::pool_connection] New job: LtPGO41FRZDDvKFC (difficulty: 73889, target: 0fe30000)
[2026-09-16T04:44:07Z INFO  minertim::miner] Worker 0 SHARE FOUND! job_id=LtPGO41FRZDDvKFC, nonce=c4155e02, hash_val=1644, difficulty=73889, hash=137721ade6286ab4745fcfaf73feb1494cb650d1bedbf56b059d4e1a6c060000
[2026-09-16T04:44:11Z INFO  minertim] H/s 1m:2139.5 5m:2236.5 10m:2274.5 | Shares: 282/0 (found:283) | Diff: 73889 | 3s elapsed (since last share, avg 34s) | best=237 target=58127 (999%)
[2026-09-16T04:44:21Z INFO  minertim] H/s 1m:2022.6 5m:2217.3 10m:2264.6 | Shares: 282/0 (found:283) | Diff: 73889 | 13s elapsed (since last share, avg 36s) | best=237 target=58127 (999%)
[2026-09-16T04:44:23Z INFO  minertim::pool_connection] New job: mDVfW8jYCzXFmc3T (difficulty: 73889, target: 0fe30000)
[2026-09-16T04:44:23Z INFO  minertim::pool_connection] Share accepted by pool
[2026-09-16T04:44:31Z INFO  minertim] H/s 1m:2122.0 5m:2216.6 10m:2263.3 | Shares: 283/0 (found:283) | Diff: 73889 | 23s elapsed (since last share, avg 34s) | best=237 target=58127 (999%)
[2026-09-16T04:44:41Z INFO  minertim] H/s 1m:2174.2 5m:2225.7 10m:2263.4 | Shares: 283/0 (found:283) | Diff: 73889 | 33s elapsed (since last share, avg 33s) | best=237 target=58127 (999%)
[2026-09-16T04:44:43Z INFO  minertim::pool_connection] New job: qCfgSQxHoS1X8jfX (difficulty: 73889, target: 0fe30000)
[2026-09-16T04:44:51Z INFO  minertim] H/s 1m:2174.0 5m:2245.7 10m:2263.4 | Shares: 283/0 (found:283) | Diff: 73889 | 43s elapsed (since last share, avg 33s) | best=237 target=58127 (999%)
[2026-09-16T04:44:52Z INFO  minertim::miner] Worker 2 SHARE FOUND! job_id=qCfgSQxHoS1X8jfX, nonce=62f45c02, hash_val=52266, difficulty=73889, hash=bbeb9e1eba8d48e6bdfabe744ad5e91346a21961a769bc3517ca3d352acc0000
[2026-09-16T04:45:01Z INFO  minertim] H/s 1m:2118.5 5m:2237.0 10m:2258.4 | Shares: 283/0 (found:284) | Diff: 73889 | 8s elapsed (since last share, avg 34s) | best=237 target=58127 (999%)
[2026-09-16T04:45:03Z INFO  minertim::pool_connection] New job: LsRy8UMQANzAu7Pc (difficulty: 73889, target: 0fe30000)
[2026-09-16T04:45:03Z INFO  minertim::pool_connection] Share accepted by pool
[2026-09-16T04:45:11Z INFO  minertim] H/s 1m:2192.4 5m:2229.5 10m:2264.5 | Shares: 284/0 (found:284) | Diff: 73889 | 18s elapsed (since last share, avg 33s) | best=237 target=58127 (999%)
[2026-09-16T04:45:12Z INFO  minertim::miner] Worker 3 SHARE FOUND! job_id=LsRy8UMQANzAu7Pc, nonce=833f5c02, hash_val=18307, difficulty=73889, hash=00055d95a99b42498904085c71f376cb5b7a1eef8efc0828c1eeba1d83470000
[2026-09-16T04:45:21Z INFO  minertim] H/s 1m:2091.2 5m:2209.3 10m:2255.0 | Shares: 284/0 (found:285) | Diff: 73889 | 9s elapsed (since last share, avg 35s) | best=237 target=58127 (999%)
[2026-09-16T04:45:22Z INFO  minertim::miner] Worker 2 SHARE FOUND! job_id=LsRy8UMQANzAu7Pc, nonce=7aa55d02, hash_val=5650, difficulty=73889, hash=7296c7cbb34ab9cd962d54962a2e133bea523f832456a896df75851812160000
[2026-09-16T04:45:23Z INFO  minertim::pool_connection] New job: QUGBnK7qmAo03RZ6 (difficulty: 73889, target: 0fe30000)
[2026-09-16T04:45:23Z INFO  minertim::pool_connection] Share accepted by pool
[2026-09-16T04:45:23Z INFO  minertim::pool_connection] Share accepted by pool
[2026-09-16T04:45:31Z INFO  minertim] H/s 1m:2064.6 5m:2204.8 10m:2253.3 | Shares: 286/0 (found:286) | Diff: 73889 | 9s elapsed (since last share, avg 35s) | best=237 target=58127 (999%)
[2026-09-16T04:45:33Z INFO  minertim::miner] Worker 3 SHARE FOUND! job_id=QUGBnK7qmAo03RZ6, nonce=67a15c02, hash_val=17875, difficulty=73889, hash=978fde745063ac6635677563a5a288da5eafa1ae5db044e4176a2c88d3450000
[2026-09-16T04:45:35Z INFO  minertim::pool_connection] New job: 7rWq0kkTIyqjrxJq (difficulty: 110835, target: 5f970000)
[2026-09-16T04:45:35Z INFO  minertim::pool_connection] Share accepted by pool
[2026-09-16T04:45:41Z INFO  minertim] H/s 1m:2047.4 5m:2201.8 10m:2251.8 | Shares: 287/0 (found:287) | Diff: 110835 | 7s elapsed (since last share, avg 54s) | best=237 target=38751 (999%)
[2026-09-16T04:45:42Z INFO  minertim::pool_connection] New job: AlCi7qEc67aZJLr0 (difficulty: 110835, target: 5f970000)
[2026-09-16T04:45:51Z INFO  minertim] H/s 1m:2164.5 5m:2202.9 10m:2251.9 | Shares: 287/0 (found:287) | Diff: 110835 | 17s elapsed (since last share, avg 51s) | best=237 target=38751 (999%)
[2026-09-16T04:46:01Z INFO  minertim] H/s 1m:2206.9 5m:2208.0 10m:2252.2 | Shares: 287/0 (found:287) | Diff: 110835 | 27s elapsed (since last share, avg 50s) | best=237 target=38751 (999%)
[2026-09-16T04:46:02Z INFO  minertim::pool_connection] New job: sHdMiCOOGMKmcDZQ (difficulty: 110835, target: 5f970000)
[2026-09-16T04:46:05Z INFO  minertim::pool_connection] New job: sWB14aSaFCmIbGup (difficulty: 166252, target: ea640000)
[2026-09-16T04:46:11Z INFO  minertim] H/s 1m:2321.3 5m:2208.1 10m:2252.5 | Shares: 287/0 (found:287) | Diff: 166252 | 37s elapsed (since last share, avg 1m11s) | best=237 target=25834 (999%)
[2026-09-16T04:46:12Z INFO  minertim::miner] Worker 0 SHARE FOUND! job_id=sWB14aSaFCmIbGup, nonce=70066202, hash_val=14909, difficulty=166252, hash=33ef78df408a973ac2394eefdec9d636ec922e5203cb429e1db0ad2c3d3a0000
[2026-09-16T04:46:21Z INFO  minertim] H/s 1m:2211.3 5m:2186.7 10m:2241.1 | Shares: 287/0 (found:288) | Diff: 166252 | 8s elapsed (since last share, avg 1m15s) | best=237 target=25834 (999%)
[2026-09-16T04:46:22Z INFO  minertim::pool_connection] New job: o9OQL35df4eudtPa (difficulty: 166252, target: ea640000)
[2026-09-16T04:46:23Z INFO  minertim::pool_connection] Share accepted by pool
[2026-09-16T04:46:26Z INFO  minertim::pool_connection] Donation: mining to Author (donate-level 5%)
[2026-09-16T04:46:26Z INFO  minertim::pool_connection] Connecting to pool: monerohash.com:9999
[2026-09-16T04:46:26Z INFO  minertim::pool_connection] Connected to pool (TLS): monerohash.com:9999
[2026-09-16T04:46:27Z INFO  minertim::pool_connection] Login successful, session id: sonDwO2M4BR3wz37
[2026-09-16T04:46:27Z INFO  minertim::pool_connection] Initial job: w5p56P0dTjd28LzJ (difficulty: 150000, target: d96f0000)
[2026-09-16T04:46:31Z INFO  minertim] H/s 1m:2150.9 5m:2173.5 10m:2234.6 | Shares: 288/0 (found:288) | Diff: 150000 | 18s elapsed (since last share, avg 1m9s) | best=237 target=28633 (999%)
[2026-09-16T04:46:41Z INFO  minertim] H/s 1m:2144.0 5m:2172.5 10m:2235.7 | Shares: 288/0 (found:288) | Diff: 150000 | 28s elapsed (since last share, avg 1m9s) | best=237 target=28633 (999%)
[2026-09-16T04:46:42Z INFO  minertim::pool_connection] New job: J4zvitjXa80SdOZs (difficulty: 150000, target: d96f0000)
[2026-09-16T04:46:51Z INFO  minertim] H/s 1m:2135.2 5m:2171.0 10m:2239.7 | Shares: 288/0 (found:288) | Diff: 150000 | 38s elapsed (since last share, avg 1m10s) | best=237 target=28633 (999%)
[2026-09-16T04:47:01Z INFO  minertim] H/s 1m:2135.5 5m:2174.4 10m:2239.6 | Shares: 288/0 (found:288) | Diff: 150000 | 48s elapsed (since last share, avg 1m10s) | best=237 target=28633 (999%)
[2026-09-16T04:47:02Z INFO  minertim::pool_connection] New job: F0aHwh7J8E4dolCN (difficulty: 150000, target: d96f0000)
[2026-09-16T04:47:11Z INFO  minertim] H/s 1m:2270.4 5m:2196.6 10m:2239.5 | Shares: 288/0 (found:288) | Diff: 150000 | 58s elapsed (since last share, avg 1m6s) | best=237 target=28633 (999%)
[2026-09-16T04:47:19Z INFO  minertim::miner] Worker 1 SHARE FOUND! job_id=F0aHwh7J8E4dolCN, nonce=2d0d6802, hash_val=21256, difficulty=150000, hash=35d0fa01d4a0bba2d077b03305e32910a8b59923a28e15ee8d3e632808530000
[2026-09-16T04:47:21Z INFO  minertim] H/s 1m:2274.0 5m:2187.2 10m:2234.0 | Shares: 288/0 (found:289) | Diff: 150000 | 1s elapsed (since last share, avg 1m5s) | best=237 target=28633 (999%)
[2026-09-16T04:47:22Z INFO  minertim::pool_connection] New job: 7qPnRr09XuajPv0r (difficulty: 150000, target: d96f0000)
[2026-09-16T04:47:22Z INFO  minertim::pool_connection] Share accepted by pool
[2026-09-16T04:47:31Z INFO  minertim] H/s 1m:2240.2 5m:2180.3 10m:2231.5 | Shares: 289/0 (found:289) | Diff: 150000 | 11s elapsed (since last share, avg 1m6s) | best=237 target=28633 (999%)
[2026-09-16T04:47:37Z INFO  minertim::pool_connection] New job: 7jeiXdKYrzC0RnOD (difficulty: 150000, target: d96f0000)
[2026-09-16T04:47:41Z INFO  minertim] H/s 1m:2242.1 5m:2179.3 10m:2230.9 | Shares: 289/0 (found:289) | Diff: 150000 | 21s elapsed (since last share, avg 1m6s) | best=237 target=28633 (999%)
[2026-09-16T04:47:51Z INFO  minertim] H/s 1m:2244.1 5m:2179.3 10m:2230.9 | Shares: 289/0 (found:289) | Diff: 150000 | 31s elapsed (since last share, avg 1m6s) | best=237 target=28633 (999%)
[2026-09-16T04:47:57Z INFO  minertim::pool_connection] New job: cUWlHjcNI2hMUfIc (difficulty: 150000, target: d96f0000)
[2026-09-16T04:48:00Z INFO  minertim::miner] Worker 2 SHARE FOUND! job_id=cUWlHjcNI2hMUfIc, nonce=9e366302, hash_val=7721, difficulty=150000, hash=47fb863d26b6c09295b777bba6f6c9eeb48cf12d75f6cb0bb1902b94291e0000
[2026-09-16T04:48:01Z INFO  minertim] H/s 1m:2244.0 5m:2188.4 10m:2230.8 | Shares: 289/0 (found:290) | Diff: 150000 | 1s elapsed (since last share, avg 1m6s) | best=237 target=28633 (999%)
[2026-09-16T04:48:11Z INFO  minertim::pool_connection] Share accepted by pool
[2026-09-16T04:48:11Z INFO  minertim] H/s 1m:2223.2 5m:2172.0 10m:2224.6 | Shares: 290/0 (found:290) | Diff: 150000 | 11s elapsed (since last share, avg 1m7s) | best=237 target=28633 (999%)
[2026-09-16T04:48:16Z INFO  minertim::pool_connection] New job: 085ZUHAnzrxRDhzT (difficulty: 150000, target: d96f0000)
[2026-09-16T04:48:21Z INFO  minertim] H/s 1m:2260.8 5m:2171.3 10m:2224.7 | Shares: 290/0 (found:290) | Diff: 150000 | 21s elapsed (since last share, avg 1m6s) | best=237 target=28633 (999%)
[2026-09-16T04:48:31Z INFO  minertim] H/s 1m:2266.5 5m:2190.9 10m:2224.5 | Shares: 290/0 (found:290) | Diff: 150000 | 31s elapsed (since last share, avg 1m6s) | best=237 target=28633 (999%)
[2026-09-16T04:48:36Z INFO  minertim::pool_connection] New job: EbBnnUhKzZ4DFEGR (difficulty: 150000, target: d96f0000)
[2026-09-16T04:48:41Z INFO  minertim] H/s 1m:2266.0 5m:2199.7 10m:2224.5 | Shares: 290/0 (found:290) | Diff: 150000 | 41s elapsed (since last share, avg 1m6s) | best=237 target=28633 (999%)
[2026-09-16T04:48:51Z INFO  minertim] H/s 1m:2267.0 5m:2199.6 10m:2225.3 | Shares: 290/0 (found:290) | Diff: 150000 | 51s elapsed (since last share, avg 1m6s) | best=237 target=28633 (999%)
[2026-09-16T04:48:55Z INFO  minertim::miner] Worker 1 SHARE FOUND! job_id=EbBnnUhKzZ4DFEGR, nonce=f9606b02, hash_val=11168, difficulty=150000, hash=858e0eda8070e8c7066feb554e99d8351d74c51b3f448a4134b4ee15a02b0000
[2026-09-16T04:48:56Z INFO  minertim::pool_connection] Donation: mining to Xmrig (donate-level 5%)
[2026-09-16T04:48:56Z INFO  minertim::pool_connection] Connecting to pool: monerohash.com:9999
[2026-09-16T04:48:56Z INFO  minertim::pool_connection] Connected to pool (TLS): monerohash.com:9999
[2026-09-16T04:48:57Z INFO  minertim::pool_connection] Login successful, session id: oIqeh0LEkEExyJmu
[2026-09-16T04:48:57Z INFO  minertim::pool_connection] Initial job: uggznfEh8FpVA6V0 (difficulty: 150000, target: d96f0000)
[2026-09-16T04:48:57Z INFO  minertim::miner] Worker 0 SHARE FOUND! job_id=uggznfEh8FpVA6V0, nonce=88786702, hash_val=4084, difficulty=150000, hash=0537331d32c2885aaed895005239a7746c4e4ba5c6b7ca82a62e4636f40f0000
[2026-09-16T04:49:01Z INFO  minertim] H/s 1m:2255.8 5m:2192.0 10m:2216.9 | Shares: 290/0 (found:292) | Diff: 150000 | 4s elapsed (since last share, avg 1m6s) | best=237 target=28633 (999%)
[2026-09-16T04:49:11Z INFO  minertim] H/s 1m:2142.7 5m:2192.0 10m:2207.0 | Shares: 290/0 (found:292) | Diff: 150000 | 14s elapsed (since last share, avg 1m10s) | best=237 target=28633 (999%)
[2026-09-16T04:49:16Z INFO  minertim::pool_connection] New job: EMBBOYeyMYqP3lMZ (difficulty: 150000, target: d96f0000)
[2026-09-16T04:49:16Z INFO  minertim::pool_connection] Share accepted by pool
[2026-09-16T04:49:21Z INFO  minertim] H/s 1m:2131.5 5m:2192.6 10m:2206.4 | Shares: 291/0 (found:292) | Diff: 150000 | 24s elapsed (since last share, avg 1m10s) | best=237 target=28633 (999%)
[2026-09-16T04:49:31Z INFO  minertim] H/s 1m:2124.6 5m:2191.1 10m:2206.7 | Shares: 291/0 (found:292) | Diff: 150000 | 34s elapsed (since last share, avg 1m10s) | best=237 target=28633 (999%)
[2026-09-16T04:49:35Z INFO  minertim::pool_connection] New job: kev3O0WkMv1LV1dl (difficulty: 225008, target: 904a0000)
[2026-09-16T04:49:36Z INFO  minertim::pool_connection] New job: 9wKxT6NG0oE0MUPo (difficulty: 225008, target: 904a0000)
[2026-09-16T04:49:41Z INFO  minertim] H/s 1m:2117.5 5m:2189.9 10m:2210.5 | Shares: 291/0 (found:292) | Diff: 225008 | 44s elapsed (since last share, avg 1m46s) | best=237 target=19088 (999%)
[2026-09-16T04:49:51Z INFO  minertim] H/s 1m:2220.4 5m:2209.6 10m:2220.0 | Shares: 291/0 (found:292) | Diff: 225008 | 54s elapsed (since last share, avg 1m41s) | best=237 target=19088 (999%)
[2026-09-16T04:49:56Z INFO  minertim::pool_connection] New job: 5TjHRYsCpDKQErvJ (difficulty: 225008, target: 904a0000)
[2026-09-16T04:50:01Z INFO  minertim] H/s 1m:2336.4 5m:2216.8 10m:2225.7 | Shares: 291/0 (found:292) | Diff: 225008 | 1m4s elapsed (since last share, avg 1m36s) | best=237 target=19088 (999%)
[2026-09-16T04:50:11Z INFO  minertim] H/s 1m:2348.5 5m:2236.9 10m:2225.6 | Shares: 291/0 (found:292) | Diff: 225008 | 1m14s elapsed (since last share, avg 1m35s) | best=237 target=19088 (999%)
[2026-09-16T04:50:16Z INFO  minertim::pool_connection] New job: KGG3c0X8utksx1mC (difficulty: 225008, target: 904a0000)
[2026-09-16T04:50:21Z INFO  minertim] H/s 1m:2355.8 5m:2241.3 10m:2225.5 | Shares: 291/0 (found:292) | Diff: 225008 | 1m24s elapsed (since last share, avg 1m35s) | best=237 target=19088 (999%)
[2026-09-16T04:50:31Z INFO  minertim] H/s 1m:2361.5 5m:2244.1 10m:2225.4 | Shares: 291/0 (found:292) | Diff: 225008 | 1m34s elapsed (since last share, avg 1m35s) | best=237 target=19088 (999%)
[2026-09-16T04:50:35Z INFO  minertim::pool_connection] New job: tdJ8rbrIMRHXfzvk (difficulty: 128165, target: e7820000)
[2026-09-16T04:50:36Z INFO  minertim::pool_connection] New job: StDD0fsxQiUU1Jaa (difficulty: 128165, target: e7820000)
[2026-09-16T04:50:40Z INFO  minertim::miner] Worker 0 SHARE FOUND! job_id=StDD0fsxQiUU1Jaa, nonce=c87d6a02, hash_val=8019, difficulty=128165, hash=d10dd75743b9589e40536c2766b5d3c999c96a34740d696d36b516ed531f0000
[2026-09-16T04:50:41Z INFO  minertim] H/s 1m:2291.2 5m:2231.4 10m:2219.1 | Shares: 291/0 (found:293) | Diff: 128165 | 1s elapsed (since last share, avg 55s) | best=237 target=33511 (999%)
[2026-09-16T04:50:51Z INFO  minertim] H/s 1m:2174.1 5m:2211.2 10m:2209.8 | Shares: 291/0 (found:293) | Diff: 128165 | 11s elapsed (since last share, avg 58s) | best=237 target=33511 (999%)
[2026-09-16T04:50:55Z INFO  minertim::pool_connection] New job: rhr00lwE8F9rGDRu (difficulty: 128165, target: e7820000)
[2026-09-16T04:50:56Z INFO  minertim::pool_connection] Share accepted by pool
[2026-09-16T04:50:59Z INFO  minertim::miner] Worker 3 SHARE FOUND! job_id=rhr00lwE8F9rGDRu, nonce=83266802, hash_val=2240, difficulty=128165, hash=82eeec80a9708e65e66a0d5cedf74ad811a84de8c01dacffce1b3adcc0080000
[2026-09-16T04:51:01Z INFO  minertim] H/s 1m:2166.4 5m:2210.2 10m:2211.6 | Shares: 292/0 (found:294) | Diff: 128165 | 2s elapsed (since last share, avg 59s) | best=237 target=33511 (999%)
[2026-09-16T04:51:05Z INFO  minertim::pool_connection] New job: 8n0b2QgJ8StZmfXF (difficulty: 192254, target: 44570000)
[2026-09-16T04:51:05Z INFO  minertim::pool_connection] Share accepted by pool
[2026-09-16T04:51:11Z INFO  minertim] H/s 1m:2122.6 5m:2226.0 10m:2208.1 | Shares: 293/0 (found:294) | Diff: 192254 | 12s elapsed (since last share, avg 1m30s) | best=237 target=22340 (999%)
[2026-09-16T04:51:15Z INFO  minertim::pool_connection] New job: WehN6jq4KhNbFsTv (difficulty: 192254, target: 44570000)
[2026-09-16T04:51:21Z INFO  minertim] H/s 1m:2120.6 5m:2238.8 10m:2208.8 | Shares: 293/0 (found:294) | Diff: 192254 | 22s elapsed (since last share, avg 1m30s) | best=237 target=22340 (999%)
[2026-09-16T04:51:26Z INFO  minertim::pool_connection] Donation: mining to User (donate-level 5%)
[2026-09-16T04:51:26Z INFO  minertim::pool_connection] Connecting to pool: monerohash.com:9999
[2026-09-16T04:51:26Z INFO  minertim::pool_connection] Connected to pool (TLS): monerohash.com:9999
[2026-09-16T04:51:27Z INFO  minertim::pool_connection] Login successful, session id: LYrbSg0jZkXIr0rd
[2026-09-16T04:51:27Z INFO  minertim::pool_connection] Initial job: 4MfoysipGSpT7n5w (difficulty: 150000, target: d96f0000)
[2026-09-16T04:51:31Z INFO  minertim] H/s 1m:2128.7 5m:2228.8 10m:2203.4 | Shares: 293/0 (found:294) | Diff: 150000 | 32s elapsed (since last share, avg 1m10s) | best=237 target=28633 (999%)
[2026-09-16T04:51:35Z INFO  minertim::pool_connection] New job: 1Am2Osu8UHCpDDpZ (difficulty: 150000, target: d96f0000)
[2026-09-16T04:51:41Z INFO  minertim] H/s 1m:2243.8 5m:2229.9 10m:2203.3 | Shares: 293/0 (found:294) | Diff: 150000 | 42s elapsed (since last share, avg 1m6s) | best=237 target=28633 (999%)
[2026-09-16T04:51:51Z INFO  minertim] H/s 1m:2251.3 5m:2230.2 10m:2203.2 | Shares: 293/0 (found:294) | Diff: 150000 | 52s elapsed (since last share, avg 1m6s) | best=237 target=28633 (999%)
[2026-09-16T04:51:55Z INFO  minertim::pool_connection] New job: zI98ZgCPrxBizb7T (difficulty: 150000, target: d96f0000)
[2026-09-16T04:52:01Z INFO  minertim] H/s 1m:2296.3 5m:2230.5 10m:2205.2 | Shares: 293/0 (found:294) | Diff: 150000 | 1m2s elapsed (since last share, avg 1m5s) | best=237 target=28633 (999%)
[2026-09-16T04:52:11Z INFO  minertim] H/s 1m:2294.2 5m:2242.3 10m:2215.7 | Shares: 293/0 (found:294) | Diff: 150000 | 1m12s elapsed (since last share, avg 1m5s) | best=237 target=28633 (999%)
[2026-09-16T04:52:13Z INFO  minertim::miner] Worker 3 SHARE FOUND! job_id=zI98ZgCPrxBizb7T, nonce=cb896a02, hash_val=27056, difficulty=150000, hash=d175436d07e3e683ea0a5874142b1caa05f081c4e793d5882ad59f58b0690000
[2026-09-16T04:52:15Z INFO  minertim::pool_connection] New job: rFKxpeDu4rByI509 (difficulty: 150000, target: d96f0000)
[2026-09-16T04:52:15Z INFO  minertim::pool_connection] Share accepted by pool
[2026-09-16T04:52:18Z INFO  minertim::miner] Worker 2 SHARE FOUND! job_id=rFKxpeDu4rByI509, nonce=16056c02, hash_val=6755, difficulty=150000, hash=870317f1478e41a19f023e2cac15afb19b9ff9c4331521f3b72e6c2c631a0000
[2026-09-16T04:52:21Z INFO  minertim] H/s 1m:2265.2 5m:2233.1 10m:2209.3 | Shares: 294/0 (found:296) | Diff: 150000 | 3s elapsed (since last share, avg 1m6s) | best=237 target=28633 (999%)
[2026-09-16T04:52:31Z INFO  minertim] H/s 1m:2146.4 5m:2213.4 10m:2199.2 | Shares: 294/0 (found:296) | Diff: 150000 | 13s elapsed (since last share, avg 1m9s) | best=237 target=28633 (999%)
[2026-09-16T04:52:33Z INFO  minertim::pool_connection] Share accepted by pool
[2026-09-16T04:52:34Z INFO  minertim::pool_connection] New job: nvgPhm01G4cNePII (difficulty: 150000, target: d96f0000)
[2026-09-16T04:52:41Z INFO  minertim] H/s 1m:2108.0 5m:2206.8 10m:2196.0 | Shares: 295/0 (found:296) | Diff: 150000 | 23s elapsed (since last share, avg 1m11s) | best=237 target=28633 (999%)
[2026-09-16T04:52:51Z INFO  minertim] H/s 1m:2107.6 5m:2207.0 10m:2196.0 | Shares: 295/0 (found:296) | Diff: 150000 | 33s elapsed (since last share, avg 1m11s) | best=237 target=28633 (999%)
[2026-09-16T04:52:53Z INFO  minertim::pool_connection] New job: tc7VzTfYKEMG17gY (difficulty: 150000, target: d96f0000)
[2026-09-16T04:53:01Z INFO  minertim] H/s 1m:2112.1 5m:2223.2 10m:2200.5 | Shares: 295/0 (found:296) | Diff: 150000 | 43s elapsed (since last share, avg 1m11s) | best=237 target=28633 (999%)
[2026-09-16T04:53:11Z INFO  minertim] H/s 1m:2206.3 5m:2223.7 10m:2200.4 | Shares: 295/0 (found:296) | Diff: 150000 | 53s elapsed (since last share, avg 1m7s) | best=237 target=28633 (999%)
[2026-09-16T04:53:13Z INFO  minertim::pool_connection] New job: ET6gb1uwduyocyJF (difficulty: 150000, target: d96f0000)
[2026-09-16T04:53:21Z INFO  minertim] H/s 1m:2326.1 5m:2223.7 10m:2200.3 | Shares: 295/0 (found:296) | Diff: 150000 | 1m3s elapsed (since last share, avg 1m4s) | best=237 target=28633 (999%)
[2026-09-16T04:53:31Z INFO  minertim] H/s 1m:2358.7 5m:2222.7 10m:2209.5 | Shares: 295/0 (found:296) | Diff: 150000 | 1m13s elapsed (since last share, avg 1m3s) | best=237 target=28633 (999%)
[2026-09-16T04:53:33Z INFO  minertim::pool_connection] New job: nhbFEKC3jdFeae0v (difficulty: 150000, target: d96f0000)
[2026-09-16T04:53:41Z INFO  minertim] H/s 1m:2344.5 5m:2220.3 10m:2212.7 | Shares: 295/0 (found:296) | Diff: 150000 | 1m23s elapsed (since last share, avg 1m3s) | best=237 target=28633 (999%)
[2026-09-16T04:53:50Z INFO  minertim::miner] Worker 2 SHARE FOUND! job_id=nhbFEKC3jdFeae0v, nonce=8ecd6e02, hash_val=27304, difficulty=150000, hash=e227911d7780483ee9c79faf6aa86850a7a9d1d6736437d449a8fa52a86a0000
[2026-09-16T04:53:51Z INFO  minertim] H/s 1m:2338.7 5m:2237.5 10m:2212.1 | Shares: 295/0 (found:297) | Diff: 150000 | 1s elapsed (since last share, avg 1m4s) | best=237 target=28633 (999%)
[2026-09-16T04:53:53Z INFO  minertim::pool_connection] New job: 21TTb4ELXq65z27p (difficulty: 150000, target: d96f0000)
[2026-09-16T04:53:53Z INFO  minertim::pool_connection] Share accepted by pool
[2026-09-16T04:54:01Z INFO  minertim] H/s 1m:2289.3 5m:2249.0 10m:2213.1 | Shares: 296/0 (found:297) | Diff: 150000 | 11s elapsed (since last share, avg 1m5s) | best=237 target=28633 (999%)
[2026-09-16T04:54:07Z INFO  minertim::miner] Worker 2 SHARE FOUND! job_id=21TTb4ELXq65z27p, nonce=c24f6f02, hash_val=9432, difficulty=150000, hash=0067f2aab9ee610bb6540e4bd1ccb707937f0f4c47a647e33118cb96d8240000
[2026-09-16T04:54:11Z INFO  minertim] H/s 1m:2229.8 5m:2240.6 10m:2217.8 | Shares: 296/0 (found:298) | Diff: 150000 | 4s elapsed (since last share, avg 1m7s) | best=237 target=28633 (999%)
[2026-09-16T04:54:13Z INFO  minertim::pool_connection] New job: kfmGuIflsF5kb805 (difficulty: 150000, target: d96f0000)
[2026-09-16T04:54:13Z INFO  minertim::pool_connection] Share accepted by pool
[2026-09-16T04:54:21Z INFO  minertim] H/s 1m:2223.1 5m:2239.7 10m:2218.1 | Shares: 297/0 (found:298) | Diff: 150000 | 14s elapsed (since last share, avg 1m7s) | best=237 target=28633 (999%)
[2026-09-16T04:54:31Z INFO  minertim] H/s 1m:2224.7 5m:2238.8 10m:2216.9 | Shares: 297/0 (found:298) | Diff: 150000 | 24s elapsed (since last share, avg 1m7s) | best=237 target=28633 (999%)
[2026-09-16T04:54:32Z INFO  minertim::pool_connection] New job: ja9aAggRIzqLx0u4 (difficulty: 150000, target: d96f0000)
[2026-09-16T04:54:42Z INFO  minertim] H/s 1m:2226.3 5m:2238.5 10m:2216.5 | Shares: 297/0 (found:298) | Diff: 150000 | 34s elapsed (since last share, avg 1m7s) | best=237 target=28633 (999%)
[2026-09-16T04:54:52Z INFO  minertim] H/s 1m:2275.8 5m:2238.5 10m:2226.5 | Shares: 297/0 (found:298) | Diff: 150000 | 44s elapsed (since last share, avg 1m5s) | best=237 target=28633 (999%)
[2026-09-16T04:54:52Z INFO  minertim::pool_connection] New job: vk0jIRMvAEG5S7my (difficulty: 150000, target: d96f0000)
[2026-09-16T04:55:02Z INFO  minertim] H/s 1m:2336.6 5m:2238.6 10m:2230.0 | Shares: 297/0 (found:298) | Diff: 150000 | 54s elapsed (since last share, avg 1m4s) | best=237 target=28633 (999%)
[2026-09-16T04:55:12Z INFO  minertim] H/s 1m:2341.1 5m:2237.2 10m:2239.2 | Shares: 297/0 (found:298) | Diff: 150000 | 1m4s elapsed (since last share, avg 1m4s) | best=237 target=28633 (999%)
[2026-09-16T04:55:12Z INFO  minertim::pool_connection] New job: zwAZX2AKNcwFrVWZ (difficulty: 150000, target: d96f0000)
[2026-09-16T04:55:22Z INFO  minertim] H/s 1m:2351.0 5m:2237.0 10m:2241.2 | Shares: 297/0 (found:298) | Diff: 150000 | 1m14s elapsed (since last share, avg 1m3s) | best=237 target=28633 (999%)
[2026-09-16T04:55:32Z INFO  minertim] H/s 1m:2355.4 5m:2249.5 10m:2242.6 | Shares: 297/0 (found:298) | Diff: 150000 | 1m24s elapsed (since last share, avg 1m3s) | best=237 target=28633 (999%)
[2026-09-16T04:55:32Z INFO  minertim::pool_connection] New job: VG0MDMHyNgsugg3l (difficulty: 150000, target: d96f0000)
[2026-09-16T04:55:37Z INFO  minertim::miner] Worker 0 SHARE FOUND! job_id=VG0MDMHyNgsugg3l, nonce=20847402, hash_val=15331, difficulty=150000, hash=357fbee2c3184ba02805cc259329f699de026316c8ca88b14170a565e33b0000
[2026-09-16T04:55:39Z INFO  minertim::pool_connection] Share accepted by pool
[2026-09-16T04:55:42Z INFO  minertim] H/s 1m:2329.6 5m:2265.3 10m:2240.4 | Shares: 298/0 (found:299) | Diff: 150000 | 4s elapsed (since last share, avg 1m4s) | best=237 target=28633 (999%)
[2026-09-16T04:55:52Z INFO  minertim] H/s 1m:2330.2 5m:2266.8 10m:2240.5 | Shares: 298/0 (found:299) | Diff: 150000 | 14s elapsed (since last share, avg 1m4s) | best=237 target=28633 (999%)
[2026-09-16T04:55:52Z INFO  minertim::pool_connection] New job: dlHqCfWYwHhdu0sD (difficulty: 150000, target: d96f0000)
[2026-09-16T04:56:02Z INFO  minertim] H/s 1m:2339.1 5m:2274.5 10m:2240.7 | Shares: 298/0 (found:299) | Diff: 150000 | 24s elapsed (since last share, avg 1m4s) | best=237 target=28633 (999%)
[2026-09-16T04:56:12Z INFO  minertim] H/s 1m:2341.9 5m:2275.1 10m:2252.3 | Shares: 298/0 (found:299) | Diff: 150000 | 34s elapsed (since last share, avg 1m4s) | best=237 target=28633 (999%)
[2026-09-16T04:56:12Z INFO  minertim::pool_connection] New job: qXLc914VMHeGaXPF (difficulty: 150000, target: d96f0000)
[2026-09-16T04:56:22Z INFO  minertim] H/s 1m:2343.0 5m:2286.5 10m:2258.9 | Shares: 298/0 (found:299) | Diff: 150000 | 44s elapsed (since last share, avg 1m4s) | best=237 target=28633 (999%)
[2026-09-16T04:56:32Z INFO  minertim] H/s 1m:2369.2 5m:2287.0 10m:2259.5 | Shares: 298/0 (found:299) | Diff: 150000 | 54s elapsed (since last share, avg 1m3s) | best=237 target=28633 (999%)
[2026-09-16T04:56:32Z INFO  minertim::pool_connection] New job: wBMLv0YYYCN2r9O0 (difficulty: 150000, target: d96f0000)
[2026-09-16T04:56:42Z INFO  minertim] H/s 1m:2368.6 5m:2287.0 10m:2260.3 | Shares: 298/0 (found:299) | Diff: 150000 | 1m4s elapsed (since last share, avg 1m3s) | best=237 target=28633 (999%)
[2026-09-16T04:56:52Z INFO  minertim] H/s 1m:2368.4 5m:2287.0 10m:2260.5 | Shares: 298/0 (found:299) | Diff: 150000 | 1m14s elapsed (since last share, avg 1m3s) | best=237 target=28633 (999%)
[2026-09-16T04:56:52Z INFO  minertim::pool_connection] New job: fEkfq4p13MiMMjkT (difficulty: 150000, target: d96f0000)
[2026-09-16T04:57:02Z INFO  minertim] H/s 1m:2368.1 5m:2287.9 10m:2260.6 | Shares: 298/0 (found:299) | Diff: 150000 | 1m24s elapsed (since last share, avg 1m3s) | best=237 target=28633 (999%)
[2026-09-16T04:57:11Z INFO  minertim::pool_connection] New job: rOAn08fLLvg0Uljd (difficulty: 150000, target: d96f0000)
[2026-09-16T04:57:12Z INFO  minertim] H/s 1m:2368.0 5m:2304.2 10m:2266.9 | Shares: 298/0 (found:299) | Diff: 150000 | 1m34s elapsed (since last share, avg 1m3s) | best=237 target=28633 (999%)
[2026-09-16T04:57:22Z INFO  minertim] H/s 1m:2367.4 5m:2325.1 10m:2270.3 | Shares: 298/0 (found:299) | Diff: 150000 | 1m44s elapsed (since last share, avg 1m3s) | best=237 target=28633 (999%)
[2026-09-16T04:57:31Z INFO  minertim::pool_connection] New job: vY7ZhSWZ3wSACKtk (difficulty: 150000, target: d96f0000)
[2026-09-16T04:57:32Z INFO  minertim] H/s 1m:2368.4 5m:2331.9 10m:2271.0 | Shares: 298/0 (found:299) | Diff: 150000 | 1m54s elapsed (since last share, avg 1m3s) | best=237 target=28633 (999%)
[2026-09-16T04:57:35Z INFO  minertim::pool_connection] New job: wrNXl6OJuPgZWR80 (difficulty: 110056, target: 71980000)
[2026-09-16T04:57:42Z INFO  minertim] H/s 1m:2368.3 5m:2331.9 10m:2271.0 | Shares: 298/0 (found:299) | Diff: 110056 | 2m4s elapsed (since last share, avg 46s) | best=237 target=39025 (999%)
[2026-09-16T04:57:51Z INFO  minertim::pool_connection] New job: 2V3baPByQv5VPF3F (difficulty: 110056, target: 71980000)
[2026-09-16T04:57:52Z INFO  minertim] H/s 1m:2368.7 5m:2332.1 10m:2271.1 | Shares: 298/0 (found:299) | Diff: 110056 | 2m14s elapsed (since last share, avg 46s) | best=237 target=39025 (999%)
[2026-09-16T04:57:55Z INFO  minertim::miner] Worker 0 SHARE FOUND! job_id=2V3baPByQv5VPF3F, nonce=38697902, hash_val=128, difficulty=110056, hash=e5967fe87b58cee565fec36e837479b33fceccddb4f3dd5b07d3f90980000000
[2026-09-16T04:57:55Z INFO  minertim::miner] Worker 1 SHARE FOUND! job_id=2V3baPByQv5VPF3F, nonce=61ac7e02, hash_val=34308, difficulty=110056, hash=f3ea6568510315dc8be861a6184dc77a38c672cc3e91f055db1e7a8d04860000
[2026-09-16T04:58:02Z INFO  minertim] H/s 1m:2192.3 5m:2301.8 10m:2264.2 | Shares: 298/0 (found:301) | Diff: 110056 | 6s elapsed (since last share, avg 50s) | best=128 target=39025 (999%)
[2026-09-16T04:58:11Z INFO  minertim::pool_connection] New job: P0CtHE4dMPmJUPo6 (difficulty: 110056, target: 71980000)
[2026-09-16T04:58:11Z INFO  minertim::pool_connection] Share accepted by pool
[2026-09-16T04:58:12Z INFO  minertim] H/s 1m:2042.4 5m:2276.2 10m:2251.8 | Shares: 299/0 (found:301) | Diff: 110056 | 16s elapsed (since last share, avg 53s) | best=128 target=39025 (999%)
[2026-09-16T04:58:12Z INFO  minertim::pool_connection] Share accepted by pool
[2026-09-16T04:58:22Z INFO  minertim] H/s 1m:2042.6 5m:2277.4 10m:2252.0 | Shares: 300/0 (found:301) | Diff: 110056 | 26s elapsed (since last share, avg 53s) | best=128 target=39025 (999%)
[2026-09-16T04:58:31Z INFO  minertim::pool_connection] New job: FZLktuBLV8nlyz0T (difficulty: 110056, target: 71980000)
[2026-09-16T04:58:32Z INFO  minertim] H/s 1m:2030.9 5m:2277.8 10m:2251.1 | Shares: 300/0 (found:301) | Diff: 110056 | 36s elapsed (since last share, avg 54s) | best=128 target=39025 (999%)
[2026-09-16T04:58:35Z INFO  minertim::pool_connection] New job: uOLP0fexKYcH3XzL (difficulty: 165083, target: a1650000)
[2026-09-16T04:58:42Z INFO  minertim] H/s 1m:2026.6 5m:2278.3 10m:2250.7 | Shares: 300/0 (found:301) | Diff: 165083 | 46s elapsed (since last share, avg 1m21s) | best=128 target=26017 (999%)
[2026-09-16T04:58:47Z INFO  minertim::miner] Worker 1 SHARE FOUND! job_id=uOLP0fexKYcH3XzL, nonce=0df37f02, hash_val=19339, difficulty=165083, hash=640179aaa35292029efe8e2b847b3e78c50863412bbead8eddb53a2c8b4b0000
[2026-09-16T04:58:51Z INFO  minertim::pool_connection] New job: oRgkVBa9sgYcEaTN (difficulty: 165083, target: a1650000)
[2026-09-16T04:58:51Z INFO  minertim::pool_connection] Share accepted by pool
[2026-09-16T04:58:52Z INFO  minertim] H/s 1m:2152.3 5m:2278.2 10m:2255.5 | Shares: 301/0 (found:302) | Diff: 165083 | 5s elapsed (since last share, avg 1m16s) | best=128 target=26017 (999%)
[2026-09-16T04:59:02Z INFO  minertim] H/s 1m:2295.0 5m:2287.4 10m:2264.7 | Shares: 301/0 (found:302) | Diff: 165083 | 15s elapsed (since last share, avg 1m11s) | best=128 target=26017 (999%)
[2026-09-16T04:59:06Z INFO  minertim::pool_connection] New job: 0z8LUdpl8yo67xX5 (difficulty: 165083, target: a1650000)
[2026-09-16T04:59:12Z INFO  minertim] H/s 1m:2292.6 5m:2289.4 10m:2265.6 | Shares: 301/0 (found:302) | Diff: 165083 | 25s elapsed (since last share, avg 1m12s) | best=128 target=26017 (999%)
[2026-09-16T04:59:19Z INFO  minertim::miner] Worker 2 SHARE FOUND! job_id=0z8LUdpl8yo67xX5, nonce=c2627a02, hash_val=212, difficulty=165083, hash=3ac355e46dd37ef50a90e2218cdb333412a89d4d960bcedf4d132f7fd4000000
[2026-09-16T04:59:22Z INFO  minertim] H/s 1m:2302.8 5m:2291.3 10m:2266.2 | Shares: 301/0 (found:303) | Diff: 165083 | 2s elapsed (since last share, avg 1m11s) | best=128 target=26017 (999%)
[2026-09-16T04:59:26Z INFO  minertim::pool_connection] New job: 0bq7hpJbc8WxxCmZ (difficulty: 165083, target: a1650000)
[2026-09-16T04:59:26Z INFO  minertim::pool_connection] Share accepted by pool
[2026-09-16T04:59:32Z INFO  minertim] H/s 1m:2270.0 5m:2285.8 10m:2263.7 | Shares: 302/0 (found:303) | Diff: 165083 | 12s elapsed (since last share, avg 1m12s) | best=128 target=26017 (999%)
[2026-09-16T04:59:42Z INFO  minertim] H/s 1m:2301.4 5m:2282.6 10m:2262.3 | Shares: 302/0 (found:303) | Diff: 165083 | 22s elapsed (since last share, avg 1m11s) | best=128 target=26017 (999%)
[2026-09-16T04:59:46Z INFO  minertim::pool_connection] New job: 8dbsajXCbzer9moD (difficulty: 165083, target: a1650000)
[2026-09-16T04:59:52Z INFO  minertim] H/s 1m:2306.2 5m:2282.2 10m:2262.2 | Shares: 302/0 (found:303) | Diff: 165083 | 32s elapsed (since last share, avg 1m11s) | best=128 target=26017 (999%)
[2026-09-16T05:00:02Z INFO  minertim] H/s 1m:2305.8 5m:2283.3 10m:2262.0 | Shares: 302/0 (found:303) | Diff: 165083 | 42s elapsed (since last share, avg 1m11s) | best=128 target=26017 (999%)
[2026-09-16T05:00:06Z INFO  minertim::pool_connection] New job: jlHCTbfODeeJY0nx (difficulty: 165083, target: a1650000)
[2026-09-16T05:00:12Z INFO  minertim] H/s 1m:2304.2 5m:2283.2 10m:2261.8 | Shares: 302/0 (found:303) | Diff: 165083 | 52s elapsed (since last share, avg 1m11s) | best=128 target=26017 (999%)
[2026-09-16T05:00:20Z INFO  minertim::miner] Worker 2 SHARE FOUND! job_id=jlHCTbfODeeJY0nx, nonce=8e4c7c02, hash_val=25943, difficulty=165083, hash=98b579276f702dff9fb0d360aa7126a66cad7c91c986f99b0dce458f57650000
[2026-09-16T05:00:22Z INFO  minertim] H/s 1m:2280.2 5m:2272.9 10m:2256.8 | Shares: 302/0 (found:304) | Diff: 165083 | 2s elapsed (since last share, avg 1m12s) | best=128 target=26017 (999%)
[2026-09-16T05:00:26Z INFO  minertim::pool_connection] New job: QWhPTob4JMUFdeMT (difficulty: 165083, target: a1650000)
[2026-09-16T05:00:26Z INFO  minertim::pool_connection] Share accepted by pool
[2026-09-16T05:00:32Z INFO  minertim] H/s 1m:2282.9 5m:2274.5 10m:2261.6 | Shares: 303/0 (found:304) | Diff: 165083 | 12s elapsed (since last share, avg 1m12s) | best=128 target=26017 (999%)
[2026-09-16T05:00:42Z INFO  minertim] H/s 1m:2284.6 5m:2274.3 10m:2271.5 | Shares: 303/0 (found:304) | Diff: 165083 | 22s elapsed (since last share, avg 1m12s) | best=128 target=26017 (999%)
[2026-09-16T05:00:46Z INFO  minertim::pool_connection] New job: uutvG8THuHt2i8Xd (difficulty: 165083, target: a1650000)
[2026-09-16T05:00:52Z INFO  minertim] H/s 1m:2284.2 5m:2273.8 10m:2272.0 | Shares: 303/0 (found:304) | Diff: 165083 | 32s elapsed (since last share, avg 1m12s) | best=128 target=26017 (999%)
[2026-09-16T05:01:02Z INFO  minertim] H/s 1m:2283.9 5m:2273.2 10m:2275.5 | Shares: 303/0 (found:304) | Diff: 165083 | 42s elapsed (since last share, avg 1m12s) | best=128 target=26017 (999%)
[2026-09-16T05:01:05Z INFO  minertim::pool_connection] New job: eq08Wg3xkKNonpd3 (difficulty: 165083, target: a1650000)
[2026-09-16T05:01:07Z INFO  minertim::miner] Worker 3 SHARE FOUND! job_id=eq08Wg3xkKNonpd3, nonce=47b17d02, hash_val=15398, difficulty=165083, hash=b775653df6b288f676cd369ba6cd08287bf5e074822cffe6d170558c263c0000
[2026-09-16T05:01:12Z INFO  minertim] H/s 1m:2276.8 5m:2261.5 10m:2270.0 | Shares: 303/0 (found:305) | Diff: 165083 | 4s elapsed (since last share, avg 1m12s) | best=128 target=26017 (999%)
[2026-09-16T05:01:14Z INFO  minertim::pool_connection] Share accepted by pool
[2026-09-16T05:01:22Z INFO  minertim] H/s 1m:2258.1 5m:2255.4 10m:2272.6 | Shares: 304/0 (found:305) | Diff: 165083 | 14s elapsed (since last share, avg 1m13s) | best=128 target=26017 (999%)
[2026-09-16T05:01:25Z INFO  minertim::pool_connection] New job: emhUXX8mcCa7jqrl (difficulty: 165083, target: a1650000)
[2026-09-16T05:01:32Z INFO  minertim] H/s 1m:2257.6 5m:2255.2 10m:2272.7 | Shares: 304/0 (found:305) | Diff: 165083 | 24s elapsed (since last share, avg 1m13s) | best=128 target=26017 (999%)
[2026-09-16T05:01:42Z INFO  minertim] H/s 1m:2250.1 5m:2253.4 10m:2271.9 | Shares: 304/0 (found:305) | Diff: 165083 | 34s elapsed (since last share, avg 1m13s) | best=128 target=26017 (999%)
[2026-09-16T05:01:45Z INFO  minertim::pool_connection] New job: XrsCCddv5BUj0hln (difficulty: 165083, target: a1650000)
[2026-09-16T05:01:52Z INFO  minertim] H/s 1m:2252.2 5m:2253.3 10m:2271.8 | Shares: 304/0 (found:305) | Diff: 165083 | 44s elapsed (since last share, avg 1m13s) | best=128 target=26017 (999%)
[2026-09-16T05:02:02Z INFO  minertim] H/s 1m:2319.7 5m:2253.1 10m:2272.2 | Shares: 304/0 (found:305) | Diff: 165083 | 54s elapsed (since last share, avg 1m11s) | best=128 target=26017 (999%)
[2026-09-16T05:02:05Z INFO  minertim::pool_connection] New job: LvSu909wD6phCg0n (difficulty: 165083, target: a1650000)
[2026-09-16T05:02:12Z INFO  minertim] H/s 1m:2354.6 5m:2253.2 10m:2280.2 | Shares: 304/0 (found:305) | Diff: 165083 | 1m4s elapsed (since last share, avg 1m10s) | best=128 target=26017 (999%)
[2026-09-16T05:02:20Z INFO  minertim::miner] Worker 3 SHARE FOUND! job_id=LvSu909wD6phCg0n, nonce=ab128002, hash_val=19796, difficulty=165083, hash=a9cba25781a21b966fe4f21e89ec1482118a7cfafce97e9f59872f88544d0000
[2026-09-16T05:02:22Z INFO  minertim] H/s 1m:2356.4 5m:2253.1 10m:2290.5 | Shares: 304/0 (found:306) | Diff: 165083 | 1s elapsed (since last share, avg 1m10s) | best=128 target=26017 (999%)
[2026-09-16T05:02:25Z INFO  minertim::pool_connection] New job: 1RGJf6xVVAorNr7y (difficulty: 165083, target: a1650000)
[2026-09-16T05:02:25Z INFO  minertim::pool_connection] Share accepted by pool
[2026-09-16T05:02:32Z INFO  minertim] H/s 1m:2324.0 5m:2245.8 10m:2290.2 | Shares: 305/0 (found:306) | Diff: 165083 | 11s elapsed (since last share, avg 1m11s) | best=128 target=26017 (999%)
[2026-09-16T05:02:42Z INFO  minertim] H/s 1m:2325.0 5m:2245.7 10m:2290.2 | Shares: 305/0 (found:306) | Diff: 165083 | 21s elapsed (since last share, avg 1m11s) | best=128 target=26017 (999%)
[2026-09-16T05:02:45Z INFO  minertim::pool_connection] New job: FiVYC65AknNcBuRQ (difficulty: 165083, target: a1650000)
[2026-09-16T05:02:52Z INFO  minertim] H/s 1m:2325.5 5m:2276.1 10m:2290.3 | Shares: 305/0 (found:306) | Diff: 165083 | 31s elapsed (since last share, avg 1m10s) | best=128 target=26017 (999%)
[2026-09-16T05:03:02Z INFO  minertim] H/s 1m:2325.6 5m:2302.0 10m:2290.3 | Shares: 305/0 (found:306) | Diff: 165083 | 41s elapsed (since last share, avg 1m10s) | best=128 target=26017 (999%)
[2026-09-16T05:03:05Z INFO  minertim::pool_connection] New job: ZK0Te7KKZ8bqKznp (difficulty: 165083, target: a1650000)
[2026-09-16T05:03:05Z INFO  minertim::miner] Worker 3 SHARE FOUND! job_id=ZK0Te7KKZ8bqKznp, nonce=7b838102, hash_val=11299, difficulty=165083, hash=9181a852f54059e005fdb345c53c7b7d3bb815a5597b7a400a691f6a232c0000
[2026-09-16T05:03:12Z INFO  minertim] H/s 1m:2208.7 5m:2281.7 10m:2280.5 | Shares: 305/0 (found:307) | Diff: 165083 | 7s elapsed (since last share, avg 1m14s) | best=128 target=26017 (999%)
[2026-09-16T05:03:22Z INFO  minertim] H/s 1m:2135.0 5m:2263.7 10m:2271.2 | Shares: 305/0 (found:307) | Diff: 165083 | 17s elapsed (since last share, avg 1m17s) | best=128 target=26017 (999%)
[2026-09-16T05:03:25Z INFO  minertim::pool_connection] New job: ti0v0Lr04PeyZgLC (difficulty: 165083, target: a1650000)
[2026-09-16T05:03:25Z INFO  minertim::pool_connection] Share accepted by pool
[2026-09-16T05:03:32Z INFO  minertim] H/s 1m:2133.8 5m:2264.2 10m:2272.3 | Shares: 306/0 (found:307) | Diff: 165083 | 27s elapsed (since last share, avg 1m17s) | best=128 target=26017 (999%)
[2026-09-16T05:03:37Z INFO  minertim::pool_connection] New job: RwRDgNILVnEAVI6D (difficulty: 165083, target: a1650000)
[2026-09-16T05:03:42Z INFO  minertim] H/s 1m:2120.1 5m:2270.6 10m:2271.7 | Shares: 306/0 (found:307) | Diff: 165083 | 37s elapsed (since last share, avg 1m17s) | best=128 target=26017 (999%)
[2026-09-16T05:03:52Z INFO  minertim] H/s 1m:2120.1 5m:2271.8 10m:2275.9 | Shares: 306/0 (found:307) | Diff: 165083 | 47s elapsed (since last share, avg 1m17s) | best=128 target=26017 (999%)
[2026-09-16T05:03:57Z INFO  minertim::pool_connection] New job: R3kziwCFfWHVshC9 (difficulty: 165083, target: a1650000)
[2026-09-16T05:04:01Z INFO  minertim::miner] Worker 1 SHARE FOUND! job_id=R3kziwCFfWHVshC9, nonce=d91a8b02, hash_val=14011, difficulty=165083, hash=ab5f75104d2656ec2609039a71b606cb5a86b5f73fd3045f3eb1af02bb360000
[2026-09-16T05:04:02Z INFO  minertim] H/s 1m:2232.6 5m:2271.4 10m:2280.8 | Shares: 306/0 (found:308) | Diff: 165083 | 0s elapsed (since last share, avg 1m13s) | best=128 target=26017 (999%)
[2026-09-16T05:04:12Z INFO  minertim] H/s 1m:2228.3 5m:2250.9 10m:2271.7 | Shares: 306/0 (found:308) | Diff: 165083 | 10s elapsed (since last share, avg 1m14s) | best=128 target=26017 (999%)
[2026-09-16T05:04:17Z INFO  minertim::pool_connection] New job: zSUA9O0vD1042ggP (difficulty: 165083, target: a1650000)
[2026-09-16T05:04:17Z INFO  minertim::pool_connection] Share accepted by pool
[2026-09-16T05:04:22Z INFO  minertim] H/s 1m:2173.3 5m:2247.6 10m:2268.0 | Shares: 307/0 (found:308) | Diff: 165083 | 20s elapsed (since last share, avg 1m15s) | best=128 target=26017 (999%)
[2026-09-16T05:04:32Z INFO  minertim] H/s 1m:2186.5 5m:2250.7 10m:2268.4 | Shares: 307/0 (found:308) | Diff: 165083 | 30s elapsed (since last share, avg 1m15s) | best=128 target=26017 (999%)
[2026-09-16T05:04:36Z INFO  minertim::pool_connection] New job: owQllsk6B5S58phF (difficulty: 165083, target: a1650000)
[2026-09-16T05:04:42Z INFO  minertim] H/s 1m:2186.8 5m:2251.2 10m:2268.4 | Shares: 307/0 (found:308) | Diff: 165083 | 40s elapsed (since last share, avg 1m15s) | best=128 target=26017 (999%)
[2026-09-16T05:04:48Z INFO  minertim::pool_connection] New job: CparnkRstx827LY0 (difficulty: 165083, target: a1650000)
[2026-09-16T05:04:52Z INFO  minertim] H/s 1m:2190.8 5m:2251.6 10m:2268.4 | Shares: 307/0 (found:308) | Diff: 165083 | 50s elapsed (since last share, avg 1m15s) | best=128 target=26017 (999%)
[2026-09-16T05:05:01Z INFO  minertim::miner] Worker 1 SHARE FOUND! job_id=CparnkRstx827LY0, nonce=31b38c02, hash_val=16877, difficulty=165083, hash=3046fc632a1a105aafcead928fe1deca72099c1f1b95523aa095b790ed410000
[2026-09-16T05:05:02Z INFO  minertim] H/s 1m:2251.5 5m:2241.8 10m:2264.1 | Shares: 307/0 (found:309) | Diff: 165083 | 1s elapsed (since last share, avg 1m13s) | best=128 target=26017 (999%)
[2026-09-16T05:05:08Z INFO  minertim::pool_connection] New job: wGKah5JUrzxYDBel (difficulty: 165083, target: a1650000)
[2026-09-16T05:05:08Z INFO  minertim::pool_connection] Share accepted by pool
[2026-09-16T05:05:12Z INFO  minertim] H/s 1m:2240.8 5m:2240.8 10m:2258.6 | Shares: 308/0 (found:309) | Diff: 165083 | 11s elapsed (since last share, avg 1m13s) | best=128 target=26017 (999%)
[2026-09-16T05:05:22Z INFO  minertim] H/s 1m:2240.8 5m:2243.5 10m:2258.6 | Shares: 308/0 (found:309) | Diff: 165083 | 21s elapsed (since last share, avg 1m13s) | best=128 target=26017 (999%)
[2026-09-16T05:05:28Z INFO  minertim::pool_connection] New job: rCvtrDOpfuzPKL1K (difficulty: 165083, target: a1650000)
[2026-09-16T05:05:32Z INFO  minertim] H/s 1m:2216.4 5m:2239.5 10m:2258.8 | Shares: 308/0 (found:309) | Diff: 165083 | 31s elapsed (since last share, avg 1m14s) | best=128 target=26017 (999%)
[2026-09-16T05:05:42Z INFO  minertim] H/s 1m:2206.2 5m:2238.1 10m:2257.9 | Shares: 308/0 (found:309) | Diff: 165083 | 41s elapsed (since last share, avg 1m14s) | best=128 target=26017 (999%)
[2026-09-16T05:05:48Z INFO  minertim::pool_connection] New job: scR0HwXcFdRqlIh9 (difficulty: 165083, target: a1650000)
[2026-09-16T05:05:52Z INFO  minertim] H/s 1m:2261.7 5m:2238.0 10m:2257.5 | Shares: 308/0 (found:309) | Diff: 165083 | 51s elapsed (since last share, avg 1m12s) | best=128 target=26017 (999%)
[2026-09-16T05:06:02Z INFO  minertim] H/s 1m:2326.7 5m:2249.4 10m:2257.4 | Shares: 308/0 (found:309) | Diff: 165083 | 1m1s elapsed (since last share, avg 1m10s) | best=128 target=26017 (999%)
[2026-09-16T05:06:05Z INFO  minertim::miner] Worker 1 SHARE FOUND! job_id=scR0HwXcFdRqlIh9, nonce=4dbb8e02, hash_val=15812, difficulty=165083, hash=ab2c9cdffb4b942921f5f0214064ddc5044a2547c0ca3ac4aae7cda9c43d0000
[2026-09-16T05:06:08Z INFO  minertim::pool_connection] New job: jkC6LdoVsFmpRvpt (difficulty: 165083, target: a1650000)
[2026-09-16T05:06:08Z INFO  minertim::pool_connection] Share accepted by pool
[2026-09-16T05:06:12Z INFO  minertim] H/s 1m:2295.9 5m:2250.0 10m:2254.7 | Shares: 309/0 (found:310) | Diff: 165083 | 6s elapsed (since last share, avg 1m11s) | best=128 target=26017 (999%)
[2026-09-16T05:06:14Z INFO  minertim::miner] Worker 2 SHARE FOUND! job_id=jkC6LdoVsFmpRvpt, nonce=66d78802, hash_val=18477, difficulty=165083, hash=5bf01d8accf9b10b490e414390dd1f97d00df1561221b75a63b25ba32d480000
[2026-09-16T05:06:15Z INFO  minertim::pool_connection] Share accepted by pool
[2026-09-16T05:06:22Z INFO  minertim] H/s 1m:2312.7 5m:2249.0 10m:2254.0 | Shares: 310/0 (found:311) | Diff: 165083 | 7s elapsed (since last share, avg 1m11s) | best=128 target=26017 (999%)
[2026-09-16T05:06:22Z INFO  minertim::miner] Worker 2 SHARE FOUND! job_id=jkC6LdoVsFmpRvpt, nonce=421e8902, hash_val=11796, difficulty=165083, hash=36c0688d81ed2cab646a5bbc9c36ad04b85410f1b8776cbdb0354796142e0000
[2026-09-16T05:06:28Z INFO  minertim::pool_connection] New job: uJxX5N7oif90HhVT (difficulty: 165083, target: a1650000)
[2026-09-16T05:06:28Z INFO  minertim::pool_connection] Share accepted by pool
[2026-09-16T05:06:32Z INFO  minertim] H/s 1m:2224.3 5m:2233.7 10m:2245.7 | Shares: 311/0 (found:312) | Diff: 165083 | 9s elapsed (since last share, avg 1m14s) | best=128 target=26017 (999%)
[2026-09-16T05:06:42Z INFO  minertim] H/s 1m:2226.3 5m:2233.5 10m:2245.5 | Shares: 311/0 (found:312) | Diff: 165083 | 19s elapsed (since last share, avg 1m14s) | best=128 target=26017 (999%)
[2026-09-16T05:06:48Z INFO  minertim::pool_connection] New job: prON0ngWn6UsXIMO (difficulty: 165083, target: a1650000)
[2026-09-16T05:06:52Z INFO  minertim] H/s 1m:2227.5 5m:2233.5 10m:2245.4 | Shares: 311/0 (found:312) | Diff: 165083 | 29s elapsed (since last share, avg 1m14s) | best=128 target=26017 (999%)
[2026-09-16T05:06:59Z INFO  minertim::miner] Worker 0 SHARE FOUND! job_id=prON0ngWn6UsXIMO, nonce=80608c02, hash_val=23791, difficulty=165083, hash=c59eadbba0a4a3d94552ed0c7c80920070393ba0d9e41d96550bb0f6ef5c0000
[2026-09-16T05:07:02Z INFO  minertim] H/s 1m:2198.7 5m:2223.1 10m:2240.3 | Shares: 311/0 (found:313) | Diff: 165083 | 3s elapsed (since last share, avg 1m15s) | best=128 target=26017 (999%)
[2026-09-16T05:07:07Z INFO  minertim::pool_connection] New job: nEKaj8Ia9HLTG0tE (difficulty: 165083, target: a1650000)
[2026-09-16T05:07:08Z INFO  minertim::pool_connection] Share accepted by pool
[2026-09-16T05:07:12Z INFO  minertim] H/s 1m:2106.0 5m:2205.8 10m:2231.9 | Shares: 312/0 (found:313) | Diff: 165083 | 13s elapsed (since last share, avg 1m18s) | best=128 target=26017 (999%)
[2026-09-16T05:07:22Z INFO  minertim] H/s 1m:2198.4 5m:2212.0 10m:2231.3 | Shares: 312/0 (found:313) | Diff: 165083 | 23s elapsed (since last share, avg 1m15s) | best=128 target=26017 (999%)
[2026-09-16T05:07:27Z INFO  minertim::pool_connection] New job: T0mCA530bBZFomnB (difficulty: 165083, target: a1650000)
[2026-09-16T05:07:32Z INFO  minertim] H/s 1m:2197.3 5m:2211.5 10m:2231.0 | Shares: 312/0 (found:313) | Diff: 165083 | 33s elapsed (since last share, avg 1m15s) | best=128 target=26017 (999%)
[2026-09-16T05:07:42Z INFO  minertim] H/s 1m:2196.6 5m:2211.2 10m:2230.8 | Shares: 312/0 (found:313) | Diff: 165083 | 43s elapsed (since last share, avg 1m15s) | best=128 target=26017 (999%)
[2026-09-16T05:07:47Z INFO  minertim::pool_connection] New job: G7FC22aZdvd2wWCM (difficulty: 165083, target: a1650000)
[2026-09-16T05:07:48Z INFO  minertim::miner] Worker 1 SHARE FOUND! job_id=G7FC22aZdvd2wWCM, nonce=4d599202, hash_val=18858, difficulty=165083, hash=efdbb2c0d49de2bc04abc5d9afbebb6cd82db68ac10d7dc713ce13c6aa490000
[2026-09-16T05:07:52Z INFO  minertim] H/s 1m:2255.4 5m:2211.0 10m:2245.7 | Shares: 312/0 (found:314) | Diff: 165083 | 3s elapsed (since last share, avg 1m13s) | best=128 target=26017 (999%)
[2026-09-16T05:08:02Z INFO  minertim] H/s 1m:2239.1 5m:2211.1 10m:2248.5 | Shares: 312/0 (found:314) | Diff: 165083 | 13s elapsed (since last share, avg 1m13s) | best=128 target=26017 (999%)
[2026-09-16T05:08:07Z INFO  minertim::pool_connection] New job: LK5memHJYEw022Ux (difficulty: 165083, target: a1650000)
[2026-09-16T05:08:07Z INFO  minertim::pool_connection] Share accepted by pool
[2026-09-16T05:08:12Z INFO  minertim] H/s 1m:2189.3 5m:2221.4 10m:2243.7 | Shares: 313/0 (found:314) | Diff: 165083 | 23s elapsed (since last share, avg 1m15s) | best=128 target=26017 (999%)
[2026-09-16T05:08:22Z INFO  minertim] H/s 1m:2191.4 5m:2221.4 10m:2244.6 | Shares: 313/0 (found:314) | Diff: 165083 | 33s elapsed (since last share, avg 1m15s) | best=128 target=26017 (999%)
[2026-09-16T05:08:27Z INFO  minertim::pool_connection] New job: WvE00B0HMD9SAXBG (difficulty: 165083, target: a1650000)
[2026-09-16T05:08:32Z INFO  minertim] H/s 1m:2192.3 5m:2223.7 10m:2244.9 | Shares: 313/0 (found:314) | Diff: 165083 | 43s elapsed (since last share, avg 1m15s) | best=128 target=26017 (999%)
[2026-09-16T05:08:42Z INFO  minertim] H/s 1m:2191.7 5m:2223.4 10m:2249.0 | Shares: 313/0 (found:314) | Diff: 165083 | 53s elapsed (since last share, avg 1m15s) | best=128 target=26017 (999%)
[2026-09-16T05:08:45Z INFO  minertim::miner] Worker 1 SHARE FOUND! job_id=WvE00B0HMD9SAXBG, nonce=e9bb9302, hash_val=5129, difficulty=165083, hash=219a737e779d80f7e6f8edb6aba3ba1f5564d2a0fe6b0457b34165ac09140000
[2026-09-16T05:08:47Z INFO  minertim::pool_connection] New job: DtnA0zuI7kWGdpm7 (difficulty: 165083, target: a1650000)
[2026-09-16T05:08:47Z INFO  minertim::pool_connection] Share accepted by pool
[2026-09-16T05:08:52Z INFO  minertim] H/s 1m:2294.3 5m:2221.7 10m:2248.5 | Shares: 314/0 (found:315) | Diff: 165083 | 6s elapsed (since last share, avg 1m11s) | best=128 target=26017 (999%)
[2026-09-16T05:08:59Z INFO  minertim::miner] Worker 0 SHARE FOUND! job_id=DtnA0zuI7kWGdpm7, nonce=14689002, hash_val=10560, difficulty=165083, hash=757a48cb0283fb7a99427506106ace70918729ce353f9db0c85a7f8740290000
[2026-09-16T05:09:02Z INFO  minertim] H/s 1m:2350.1 5m:2242.4 10m:2248.6 | Shares: 314/0 (found:316) | Diff: 165083 | 3s elapsed (since last share, avg 1m10s) | best=128 target=26017 (999%)
[2026-09-16T05:09:06Z INFO  minertim::pool_connection] New job: 9ODRah4fjwQ2wwQc (difficulty: 165083, target: a1650000)
[2026-09-16T05:09:07Z INFO  minertim::pool_connection] Share accepted by pool
[2026-09-16T05:09:12Z INFO  minertim] H/s 1m:2312.5 5m:2245.4 10m:2245.4 | Shares: 315/0 (found:316) | Diff: 165083 | 13s elapsed (since last share, avg 1m11s) | best=128 target=26017 (999%)
[2026-09-16T05:09:22Z INFO  minertim] H/s 1m:2312.1 5m:2245.4 10m:2248.5 | Shares: 315/0 (found:316) | Diff: 165083 | 23s elapsed (since last share, avg 1m11s) | best=128 target=26017 (999%)
[2026-09-16T05:09:26Z INFO  minertim::pool_connection] New job: ER78f6LBXPVvfJy4 (difficulty: 165083, target: a1650000)
[2026-09-16T05:09:32Z INFO  minertim] H/s 1m:2296.3 5m:2242.3 10m:2248.6 | Shares: 315/0 (found:316) | Diff: 165083 | 33s elapsed (since last share, avg 1m11s) | best=128 target=26017 (999%)
[2026-09-16T05:09:42Z INFO  minertim] H/s 1m:2285.8 5m:2238.1 10m:2246.7 | Shares: 315/0 (found:316) | Diff: 165083 | 43s elapsed (since last share, avg 1m12s) | best=128 target=26017 (999%)
[2026-09-16T05:09:46Z INFO  minertim::pool_connection] New job: e3RqqFs4fn040l21 (difficulty: 165083, target: a1650000)
[2026-09-16T05:09:49Z INFO  minertim::pool_connection] New job: HQB4pSOBk1R7b4nF (difficulty: 165083, target: a1650000)
[2026-09-16T05:09:52Z INFO  minertim] H/s 1m:2273.9 5m:2246.2 10m:2245.9 | Shares: 315/0 (found:316) | Diff: 165083 | 53s elapsed (since last share, avg 1m12s) | best=128 target=26017 (999%)
[2026-09-16T05:10:02Z INFO  minertim] H/s 1m:2311.1 5m:2257.6 10m:2246.0 | Shares: 315/0 (found:316) | Diff: 165083 | 1m3s elapsed (since last share, avg 1m11s) | best=128 target=26017 (999%)
[2026-09-16T05:10:09Z INFO  minertim::pool_connection] New job: 9gJ0JyrSfzpD1lm0 (difficulty: 165083, target: a1650000)
[2026-09-16T05:10:12Z INFO  minertim] H/s 1m:2311.6 5m:2257.6 10m:2251.1 | Shares: 315/0 (found:316) | Diff: 165083 | 1m13s elapsed (since last share, avg 1m11s) | best=128 target=26017 (999%)
[2026-09-16T05:10:22Z INFO  minertim] H/s 1m:2328.6 5m:2261.6 10m:2252.5 | Shares: 315/0 (found:316) | Diff: 165083 | 1m23s elapsed (since last share, avg 1m10s) | best=128 target=26017 (999%)
[2026-09-16T05:10:29Z INFO  minertim::pool_connection] New job: 50pnG2KDUZGAKwlr (difficulty: 165083, target: a1650000)
[2026-09-16T05:10:32Z INFO  minertim] H/s 1m:2341.8 5m:2261.5 10m:2251.6 | Shares: 315/0 (found:316) | Diff: 165083 | 1m33s elapsed (since last share, avg 1m10s) | best=128 target=26017 (999%)
[2026-09-16T05:10:36Z INFO  minertim::pool_connection] New job: 8OYkq1bYpug8c3e1 (difficulty: 165083, target: a1650000)
[2026-09-16T05:10:42Z INFO  minertim] H/s 1m:2349.1 5m:2261.3 10m:2251.4 | Shares: 315/0 (found:316) | Diff: 165083 | 1m43s elapsed (since last share, avg 1m10s) | best=128 target=26017 (999%)
[2026-09-16T05:10:52Z INFO  minertim] H/s 1m:2350.2 5m:2261.6 10m:2251.6 | Shares: 315/0 (found:316) | Diff: 165083 | 1m53s elapsed (since last share, avg 1m10s) | best=128 target=26017 (999%)
[2026-09-16T05:10:55Z INFO  minertim::pool_connection] New job: 4feuI6hSt7Ilw5te (difficulty: 165083, target: a1650000)
[2026-09-16T05:11:02Z INFO  minertim::miner] Worker 3 SHARE FOUND! job_id=4feuI6hSt7Ilw5te, nonce=e3e69102, hash_val=324, difficulty=165083, hash=92dd6e05fc2b3455462dea11c3e0ded4fef0ea6a0b68e55f50af878544010000
[2026-09-16T05:11:02Z INFO  minertim] H/s 1m:2344.9 5m:2266.0 10m:2256.9 | Shares: 315/0 (found:317) | Diff: 165083 | 0s elapsed (since last share, avg 1m10s) | best=128 target=26017 (999%)
[2026-09-16T05:11:10Z INFO  minertim::miner] Worker 0 SHARE FOUND! job_id=4feuI6hSt7Ilw5te, nonce=cccd9402, hash_val=22508, difficulty=165083, hash=ff34e11e0b8eaf62399993454537ceb38af417fbd3cde559567361d3ec570000
[2026-09-16T05:11:12Z INFO  minertim] H/s 1m:2169.4 5m:2236.9 10m:2244.9 | Shares: 315/0 (found:318) | Diff: 165083 | 2s elapsed (since last share, avg 1m16s) | best=128 target=26017 (999%)
[2026-09-16T05:11:15Z INFO  minertim::pool_connection] New job: r1qUeXw7bCS9psGW (difficulty: 165083, target: a1650000)
[2026-09-16T05:11:15Z INFO  minertim::pool_connection] Share accepted by pool
[2026-09-16T05:11:16Z INFO  minertim::pool_connection] Share accepted by pool
[2026-09-16T05:11:20Z INFO  minertim::miner] Worker 0 SHARE FOUND! job_id=r1qUeXw7bCS9psGW, nonce=04fd9402, hash_val=2779, difficulty=165083, hash=5c93ef723d45182e61cfc299fb8693634d82187c802f713f2d0d2aeddb0a0000
[2026-09-16T05:11:22Z INFO  minertim] H/s 1m:2128.7 5m:2245.0 10m:2240.7 | Shares: 317/0 (found:319) | Diff: 165083 | 2s elapsed (since last share, avg 1m17s) | best=128 target=26017 (999%)
[2026-09-16T05:11:32Z INFO  minertim] H/s 1m:2017.4 5m:2225.3 10m:2231.7 | Shares: 317/0 (found:319) | Diff: 165083 | 12s elapsed (since last share, avg 1m21s) | best=128 target=26017 (999%)
[2026-09-16T05:11:35Z INFO  minertim::pool_connection] New job: bc8vD1sQ402CG5p7 (difficulty: 165083, target: a1650000)
[2026-09-16T05:11:35Z INFO  minertim::pool_connection] Share accepted by pool
[2026-09-16T05:11:42Z INFO  minertim] H/s 1m:1959.2 5m:2215.4 10m:2226.8 | Shares: 318/0 (found:319) | Diff: 165083 | 22s elapsed (since last share, avg 1m24s) | best=128 target=26017 (999%)
[2026-09-16T05:11:52Z INFO  minertim] H/s 1m:1949.2 5m:2223.0 10m:2225.5 | Shares: 318/0 (found:319) | Diff: 165083 | 32s elapsed (since last share, avg 1m24s) | best=128 target=26017 (999%)
[2026-09-16T05:11:55Z INFO  minertim::pool_connection] New job: ZgzE47Yj0Et0QgzG (difficulty: 165083, target: a1650000)
[2026-09-16T05:12:02Z INFO  minertim] H/s 1m:2119.8 5m:2239.3 10m:2225.0 | Shares: 318/0 (found:319) | Diff: 165083 | 42s elapsed (since last share, avg 1m17s) | best=128 target=26017 (999%)
[2026-09-16T05:12:12Z INFO  minertim] H/s 1m:2169.1 5m:2239.9 10m:2224.8 | Shares: 318/0 (found:319) | Diff: 165083 | 52s elapsed (since last share, avg 1m16s) | best=128 target=26017 (999%)
[2026-09-16T05:12:15Z INFO  minertim::pool_connection] New job: DV9ALz4XxDPS0oeQ (difficulty: 165083, target: a1650000)
[2026-09-16T05:12:22Z INFO  minertim] H/s 1m:2283.2 5m:2240.1 10m:2228.2 | Shares: 318/0 (found:319) | Diff: 165083 | 1m2s elapsed (since last share, avg 1m12s) | best=128 target=26017 (999%)
[2026-09-16T05:12:32Z INFO  minertim] H/s 1m:2341.2 5m:2240.3 10m:2228.2 | Shares: 318/0 (found:319) | Diff: 165083 | 1m12s elapsed (since last share, avg 1m10s) | best=128 target=26017 (999%)
[2026-09-16T05:12:35Z INFO  minertim::pool_connection] New job: bg5mOyMOX98L1Atu (difficulty: 165083, target: a1650000)
[2026-09-16T05:12:42Z INFO  minertim] H/s 1m:2357.2 5m:2240.5 10m:2228.2 | Shares: 318/0 (found:319) | Diff: 165083 | 1m22s elapsed (since last share, avg 1m10s) | best=128 target=26017 (999%)
[2026-09-16T05:12:52Z INFO  minertim] H/s 1m:2362.0 5m:2260.5 10m:2228.1 | Shares: 318/0 (found:319) | Diff: 165083 | 1m32s elapsed (since last share, avg 1m9s) | best=128 target=26017 (999%)
[2026-09-16T05:12:55Z INFO  minertim::pool_connection] New job: ApoBoQYBgv0In9P0 (difficulty: 165083, target: a1650000)
[2026-09-16T05:13:02Z INFO  minertim] H/s 1m:2342.4 5m:2266.3 10m:2236.1 | Shares: 318/0 (found:319) | Diff: 165083 | 1m42s elapsed (since last share, avg 1m10s) | best=128 target=26017 (999%)
[2026-09-16T05:13:12Z INFO  minertim] H/s 1m:2337.6 5m:2265.3 10m:2245.4 | Shares: 318/0 (found:319) | Diff: 165083 | 1m52s elapsed (since last share, avg 1m10s) | best=128 target=26017 (999%)
[2026-09-16T05:13:15Z INFO  minertim::pool_connection] New job: TSKnYd77nU1oPe0C (difficulty: 165083, target: a1650000)
[2026-09-16T05:13:22Z INFO  minertim::miner] Worker 0 SHARE FOUND! job_id=TSKnYd77nU1oPe0C, nonce=b4cd9802, hash_val=21662, difficulty=165083, hash=8ff9b8ebce9ce170a27734af1a89833645869404cc2d8291e09827b59e540000
[2026-09-16T05:13:22Z INFO  minertim] H/s 1m:2324.2 5m:2263.0 10m:2244.3 | Shares: 318/0 (found:320) | Diff: 165083 | 0s elapsed (since last share, avg 1m11s) | best=128 target=26017 (999%)
[2026-09-16T05:13:32Z INFO  minertim] H/s 1m:2205.1 5m:2242.8 10m:2235.4 | Shares: 318/0 (found:320) | Diff: 165083 | 10s elapsed (since last share, avg 1m14s) | best=128 target=26017 (999%)
[2026-09-16T05:13:34Z INFO  minertim::pool_connection] New job: nHrszxIkWLlWxjGO (difficulty: 165083, target: a1650000)
[2026-09-16T05:13:35Z INFO  minertim::pool_connection] Share accepted by pool
[2026-09-16T05:13:42Z INFO  minertim] H/s 1m:2171.2 5m:2239.2 10m:2232.4 | Shares: 319/0 (found:320) | Diff: 165083 | 20s elapsed (since last share, avg 1m16s) | best=128 target=26017 (999%)
[2026-09-16T05:13:46Z INFO  minertim::miner] Worker 2 SHARE FOUND! job_id=nHrszxIkWLlWxjGO, nonce=f6d19802, hash_val=4231, difficulty=165083, hash=aeb2e15eab0b61362f65620c23e0ba2209776ad68b3bca9fb6d014e787100000
[2026-09-16T05:13:52Z INFO  minertim] H/s 1m:2134.9 5m:2229.2 10m:2227.8 | Shares: 319/0 (found:321) | Diff: 165083 | 6s elapsed (since last share, avg 1m17s) | best=128 target=26017 (999%)
[2026-09-16T05:13:54Z INFO  minertim::pool_connection] New job: EktEPVnDohc4Kfh3 (difficulty: 165083, target: a1650000)
[2026-09-16T05:13:55Z INFO  minertim::pool_connection] Share accepted by pool
[2026-09-16T05:14:02Z INFO  minertim] H/s 1m:2107.3 5m:2229.9 10m:2235.1 | Shares: 320/0 (found:321) | Diff: 165083 | 16s elapsed (since last share, avg 1m18s) | best=128 target=26017 (999%)
[2026-09-16T05:14:12Z INFO  minertim] H/s 1m:2112.4 5m:2228.6 10m:2239.1 | Shares: 320/0 (found:321) | Diff: 165083 | 26s elapsed (since last share, avg 1m18s) | best=128 target=26017 (999%)
[2026-09-16T05:14:14Z INFO  minertim::pool_connection] New job: wJsYloN0dhxgSX15 (difficulty: 165083, target: a1650000)
[2026-09-16T05:14:22Z INFO  minertim] H/s 1m:2229.4 5m:2231.3 10m:2239.0 | Shares: 320/0 (found:321) | Diff: 165083 | 36s elapsed (since last share, avg 1m14s) | best=128 target=26017 (999%)
[2026-09-16T05:14:32Z INFO  minertim] H/s 1m:2263.6 5m:2235.4 10m:2239.0 | Shares: 320/0 (found:321) | Diff: 165083 | 46s elapsed (since last share, avg 1m12s) | best=128 target=26017 (999%)
[2026-09-16T05:14:34Z INFO  minertim::pool_connection] New job: ikWwIySARjlbSIZr (difficulty: 165083, target: a1650000)
[2026-09-16T05:14:42Z INFO  minertim] H/s 1m:2322.1 5m:2237.5 10m:2239.0 | Shares: 320/0 (found:321) | Diff: 165083 | 56s elapsed (since last share, avg 1m11s) | best=128 target=26017 (999%)
[2026-09-16T05:14:53Z INFO  minertim] H/s 1m:2351.9 5m:2236.9 10m:2243.6 | Shares: 320/0 (found:321) | Diff: 165083 | 1m6s elapsed (since last share, avg 1m10s) | best=128 target=26017 (999%)
[2026-09-16T05:14:54Z INFO  minertim::pool_connection] New job: utKU4Q7FW4xFPLOm (difficulty: 165083, target: a1650000)
[2026-09-16T05:15:03Z INFO  minertim] H/s 1m:2357.9 5m:2236.6 10m:2249.1 | Shares: 320/0 (found:321) | Diff: 165083 | 1m16s elapsed (since last share, avg 1m10s) | best=128 target=26017 (999%)
[2026-09-16T05:15:07Z INFO  minertim::pool_connection] New job: 4PmQa7qkGAm66Rui (difficulty: 165083, target: a1650000)
[2026-09-16T05:15:13Z INFO  minertim] H/s 1m:2350.7 5m:2235.1 10m:2248.3 | Shares: 320/0 (found:321) | Diff: 165083 | 1m26s elapsed (since last share, avg 1m10s) | best=128 target=26017 (999%)
[2026-09-16T05:15:23Z INFO  minertim] H/s 1m:2329.3 5m:2233.2 10m:2248.5 | Shares: 320/0 (found:321) | Diff: 165083 | 1m36s elapsed (since last share, avg 1m10s) | best=128 target=26017 (999%)
[2026-09-16T05:15:25Z INFO  minertim::miner] Worker 2 SHARE FOUND! job_id=4PmQa7qkGAm66Rui, nonce=fe109c02, hash_val=25175, difficulty=165083, hash=a9c51733b05f294f5a217c3b44760d4bf45daf93e15074e32cee3e1b57620000
[2026-09-16T05:15:27Z INFO  minertim::pool_connection] New job: xpNBr1w7zRIr2X0i (difficulty: 165083, target: a1650000)
[2026-09-16T05:15:27Z INFO  minertim::pool_connection] Share accepted by pool
[2026-09-16T05:15:33Z INFO  minertim] H/s 1m:2303.3 5m:2229.6 10m:2247.2 | Shares: 321/0 (found:322) | Diff: 165083 | 7s elapsed (since last share, avg 1m11s) | best=128 target=26017 (999%)
[2026-09-16T05:15:43Z INFO  minertim] H/s 1m:2306.8 5m:2229.5 10m:2247.4 | Shares: 321/0 (found:322) | Diff: 165083 | 17s elapsed (since last share, avg 1m11s) | best=128 target=26017 (999%)
[2026-09-16T05:15:47Z INFO  minertim::pool_connection] New job: sMZGvl180zk9Oyk0 (difficulty: 165083, target: a1650000)
[2026-09-16T05:15:53Z INFO  minertim] H/s 1m:2308.6 5m:2230.3 10m:2247.5 | Shares: 321/0 (found:322) | Diff: 165083 | 27s elapsed (since last share, avg 1m11s) | best=128 target=26017 (999%)
[2026-09-16T05:16:03Z INFO  minertim] H/s 1m:2317.2 5m:2260.6 10m:2250.1 | Shares: 321/0 (found:322) | Diff: 165083 | 37s elapsed (since last share, avg 1m11s) | best=128 target=26017 (999%)
[2026-09-16T05:16:05Z INFO  minertim::miner] Worker 1 SHARE FOUND! job_id=sMZGvl180zk9Oyk0, nonce=7d6fa302, hash_val=13382, difficulty=165083, hash=303ea81cccb46a75d442112e926dcd67e21f0529f9cf080d4d9a18cc46340000
[2026-09-16T05:16:07Z INFO  minertim::pool_connection] New job: mCNcheDfv8AuUci1 (difficulty: 165083, target: a1650000)
[2026-09-16T05:16:07Z INFO  minertim::pool_connection] Share accepted by pool
[2026-09-16T05:16:13Z INFO  minertim] H/s 1m:2323.1 5m:2266.8 10m:2249.4 | Shares: 322/0 (found:323) | Diff: 165083 | 7s elapsed (since last share, avg 1m11s) | best=128 target=26017 (999%)
[2026-09-16T05:16:23Z INFO  minertim] H/s 1m:2347.9 5m:2286.6 10m:2257.7 | Shares: 322/0 (found:323) | Diff: 165083 | 17s elapsed (since last share, avg 1m10s) | best=128 target=26017 (999%)
[2026-09-16T05:16:27Z INFO  minertim::pool_connection] New job: eg6x4AC5VduevQs0 (difficulty: 165083, target: a1650000)
[2026-09-16T05:16:33Z INFO  minertim] H/s 1m:2348.6 5m:2296.6 10m:2257.8 | Shares: 322/0 (found:323) | Diff: 165083 | 27s elapsed (since last share, avg 1m10s) | best=128 target=26017 (999%)
[2026-09-16T05:16:43Z INFO  minertim] H/s 1m:2343.5 5m:2298.3 10m:2257.4 | Shares: 322/0 (found:323) | Diff: 165083 | 37s elapsed (since last share, avg 1m10s) | best=128 target=26017 (999%)
[2026-09-16T05:16:47Z INFO  minertim::pool_connection] New job: grrafm4pTbGQkCpu (difficulty: 165083, target: a1650000)
[2026-09-16T05:16:53Z INFO  minertim] H/s 1m:2343.6 5m:2299.2 10m:2262.4 | Shares: 322/0 (found:323) | Diff: 165083 | 47s elapsed (since last share, avg 1m10s) | best=128 target=26017 (999%)
[2026-09-16T05:17:03Z INFO  minertim::pool_connection] New job: CIu01c2mH68UY6uu (difficulty: 165083, target: a1650000)
[2026-09-16T05:17:03Z INFO  minertim] H/s 1m:2347.1 5m:2297.4 10m:2269.8 | Shares: 322/0 (found:323) | Diff: 165083 | 57s elapsed (since last share, avg 1m10s) | best=128 target=26017 (999%)
[2026-09-16T05:17:13Z INFO  minertim] H/s 1m:2323.5 5m:2293.6 10m:2268.3 | Shares: 322/0 (found:323) | Diff: 165083 | 1m7s elapsed (since last share, avg 1m11s) | best=128 target=26017 (999%)
[2026-09-16T05:17:23Z INFO  minertim::pool_connection] New job: f81vyGMsoM59WjH2 (difficulty: 165083, target: a1650000)
[2026-09-16T05:17:23Z INFO  minertim] H/s 1m:2311.4 5m:2291.5 10m:2267.5 | Shares: 322/0 (found:323) | Diff: 165083 | 1m17s elapsed (since last share, avg 1m11s) | best=128 target=26017 (999%)
[2026-09-16T05:17:33Z INFO  minertim] H/s 1m:2312.8 5m:2290.7 10m:2267.2 | Shares: 322/0 (found:323) | Diff: 165083 | 1m27s elapsed (since last share, avg 1m11s) | best=128 target=26017 (999%)
[2026-09-16T05:17:42Z INFO  minertim::pool_connection] New job: eVYgX4kB3bbb99Zu (difficulty: 165083, target: a1650000)
[2026-09-16T05:17:43Z INFO  minertim] H/s 1m:2311.5 5m:2290.5 10m:2267.2 | Shares: 322/0 (found:323) | Diff: 165083 | 1m37s elapsed (since last share, avg 1m11s) | best=128 target=26017 (999%)
[2026-09-16T05:17:53Z INFO  minertim] H/s 1m:2323.9 5m:2294.3 10m:2277.0 | Shares: 322/0 (found:323) | Diff: 165083 | 1m47s elapsed (since last share, avg 1m11s) | best=128 target=26017 (999%)
[2026-09-16T05:18:02Z INFO  minertim::pool_connection] New job: ghU4LJ900UnBe2Df (difficulty: 165083, target: a1650000)
[2026-09-16T05:18:03Z INFO  minertim] H/s 1m:2347.4 5m:2295.3 10m:2281.7 | Shares: 322/0 (found:323) | Diff: 165083 | 1m57s elapsed (since last share, avg 1m10s) | best=128 target=26017 (999%)
[2026-09-16T05:18:13Z INFO  minertim] H/s 1m:2351.0 5m:2296.1 10m:2281.0 | Shares: 322/0 (found:323) | Diff: 165083 | 2m7s elapsed (since last share, avg 1m10s) | best=128 target=26017 (999%)
[2026-09-16T05:18:22Z INFO  minertim::pool_connection] New job: kDEqlRoYBA9Bz0wN (difficulty: 165083, target: a1650000)
[2026-09-16T05:18:23Z INFO  minertim] H/s 1m:2354.7 5m:2316.5 10m:2281.0 | Shares: 322/0 (found:323) | Diff: 165083 | 2m17s elapsed (since last share, avg 1m10s) | best=128 target=26017 (999%)
[2026-09-16T05:18:27Z INFO  minertim::miner] Worker 2 SHARE FOUND! job_id=kDEqlRoYBA9Bz0wN, nonce=da81a202, hash_val=15117, difficulty=165083, hash=87390148f670f5a3533078b7983d467b1927df563b1d997d2b2b5c360d3b0000
[2026-09-16T05:18:28Z INFO  minertim::miner] Worker 3 SHARE FOUND! job_id=kDEqlRoYBA9Bz0wN, nonce=3f5fa102, hash_val=19441, difficulty=165083, hash=1d0e8087f1b31380ddf39ba1fad4d6143ddd4058063ba725e7db1c0df14b0000
[2026-09-16T05:18:33Z INFO  minertim] H/s 1m:2239.4 5m:2302.2 10m:2271.2 | Shares: 322/0 (found:325) | Diff: 165083 | 5s elapsed (since last share, avg 1m13s) | best=128 target=26017 (999%)
[2026-09-16T05:18:34Z INFO  minertim::pool_connection] Share accepted by pool
[2026-09-16T05:18:34Z INFO  minertim::pool_connection] Share accepted by pool
[2026-09-16T05:18:42Z INFO  minertim::pool_connection] New job: l822g10zWhTuYcbj (difficulty: 165083, target: a1650000)
[2026-09-16T05:18:43Z INFO  minertim] H/s 1m:2168.2 5m:2300.0 10m:2266.3 | Shares: 324/0 (found:325) | Diff: 165083 | 15s elapsed (since last share, avg 1m16s) | best=128 target=26017 (999%)
[2026-09-16T05:18:53Z INFO  minertim] H/s 1m:2161.3 5m:2304.6 10m:2265.7 | Shares: 324/0 (found:325) | Diff: 165083 | 25s elapsed (since last share, avg 1m16s) | best=128 target=26017 (999%)
[2026-09-16T05:19:02Z INFO  minertim::pool_connection] New job: AaXbRng1omILVAs6 (difficulty: 165083, target: a1650000)
[2026-09-16T05:19:03Z INFO  minertim] H/s 1m:2163.2 5m:2304.9 10m:2268.3 | Shares: 324/0 (found:325) | Diff: 165083 | 35s elapsed (since last share, avg 1m16s) | best=128 target=26017 (999%)
[2026-09-16T05:19:13Z INFO  minertim] H/s 1m:2147.9 5m:2302.4 10m:2267.1 | Shares: 324/0 (found:325) | Diff: 165083 | 45s elapsed (since last share, avg 1m16s) | best=128 target=26017 (999%)
[2026-09-16T05:19:15Z INFO  minertim::pool_connection] New job: 7HzGVHKyM6KH8yYJ (difficulty: 165083, target: a1650000)
[2026-09-16T05:19:23Z INFO  minertim] H/s 1m:2262.7 5m:2302.1 10m:2268.4 | Shares: 324/0 (found:325) | Diff: 165083 | 55s elapsed (since last share, avg 1m12s) | best=128 target=26017 (999%)
[2026-09-16T05:19:33Z INFO  minertim] H/s 1m:2334.8 5m:2302.2 10m:2270.5 | Shares: 324/0 (found:325) | Diff: 165083 | 1m5s elapsed (since last share, avg 1m10s) | best=128 target=26017 (999%)
[2026-09-16T05:19:35Z INFO  minertim::pool_connection] New job: gBDt420Vjlbrr00M (difficulty: 165083, target: a1650000)
[2026-09-16T05:19:43Z INFO  minertim] H/s 1m:2342.7 5m:2303.0 10m:2271.5 | Shares: 324/0 (found:325) | Diff: 165083 | 1m15s elapsed (since last share, avg 1m10s) | best=128 target=26017 (999%)
[2026-09-16T05:19:53Z INFO  minertim] H/s 1m:2349.7 5m:2303.4 10m:2271.6 | Shares: 324/0 (found:325) | Diff: 165083 | 1m25s elapsed (since last share, avg 1m10s) | best=128 target=26017 (999%)
[2026-09-16T05:19:55Z INFO  minertim::pool_connection] New job: u6YyPWXDdOiHrZig (difficulty: 165083, target: a1650000)
[2026-09-16T05:20:03Z INFO  minertim] H/s 1m:2366.5 5m:2305.1 10m:2271.7 | Shares: 324/0 (found:325) | Diff: 165083 | 1m35s elapsed (since last share, avg 1m9s) | best=128 target=26017 (999%)
[2026-09-16T05:20:13Z INFO  minertim] H/s 1m:2369.5 5m:2309.0 10m:2271.8 | Shares: 324/0 (found:325) | Diff: 165083 | 1m45s elapsed (since last share, avg 1m9s) | best=128 target=26017 (999%)
[2026-09-16T05:20:15Z INFO  minertim::pool_connection] New job: 4OCfkD151tV7M5fd (difficulty: 165083, target: a1650000)
[2026-09-16T05:20:23Z INFO  minertim] H/s 1m:2369.0 5m:2313.5 10m:2272.8 | Shares: 324/0 (found:325) | Diff: 165083 | 1m55s elapsed (since last share, avg 1m9s) | best=128 target=26017 (999%)
[2026-09-16T05:20:33Z INFO  minertim] H/s 1m:2369.6 5m:2313.8 10m:2273.2 | Shares: 324/0 (found:325) | Diff: 165083 | 2m5s elapsed (since last share, avg 1m9s) | best=128 target=26017 (999%)
[2026-09-16T05:20:35Z INFO  minertim::pool_connection] New job: pYTIaGMCWBDeYSgt (difficulty: 165083, target: a1650000)
[2026-09-16T05:20:38Z INFO  minertim::miner] Worker 3 SHARE FOUND! job_id=pYTIaGMCWBDeYSgt, nonce=23daa502, hash_val=20253, difficulty=165083, hash=20ed86b1e9710533810616c5de8ad04b43bd6f9f463e2374c541a4491d4f0000
[2026-09-16T05:20:43Z INFO  minertim] H/s 1m:2310.7 5m:2303.8 10m:2268.3 | Shares: 324/0 (found:326) | Diff: 165083 | 4s elapsed (since last share, avg 1m11s) | best=128 target=26017 (999%)
[2026-09-16T05:20:53Z INFO  minertim] H/s 1m:2194.7 5m:2284.0 10m:2259.0 | Shares: 324/0 (found:326) | Diff: 165083 | 14s elapsed (since last share, avg 1m15s) | best=128 target=26017 (999%)
[2026-09-16T05:20:55Z INFO  minertim::pool_connection] New job: wQSXkz30UKjOvlh8 (difficulty: 165083, target: a1650000)
[2026-09-16T05:20:55Z INFO  minertim::pool_connection] Share accepted by pool
[2026-09-16T05:21:03Z INFO  minertim] H/s 1m:2193.3 5m:2286.6 10m:2273.9 | Shares: 325/0 (found:326) | Diff: 165083 | 24s elapsed (since last share, avg 1m15s) | best=128 target=26017 (999%)
[2026-09-16T05:21:13Z INFO  minertim] H/s 1m:2192.9 5m:2286.8 10m:2278.2 | Shares: 325/0 (found:326) | Diff: 165083 | 34s elapsed (since last share, avg 1m15s) | best=128 target=26017 (999%)
[2026-09-16T05:21:15Z INFO  minertim::pool_connection] New job: IHIZ0xeeLpdFsEIp (difficulty: 165083, target: a1650000)
[2026-09-16T05:21:23Z INFO  minertim] H/s 1m:2192.9 5m:2287.0 10m:2288.1 | Shares: 325/0 (found:326) | Diff: 165083 | 44s elapsed (since last share, avg 1m15s) | best=128 target=26017 (999%)
[2026-09-16T05:21:33Z INFO  minertim] H/s 1m:2251.7 5m:2288.0 10m:2293.1 | Shares: 325/0 (found:326) | Diff: 165083 | 54s elapsed (since last share, avg 1m13s) | best=128 target=26017 (999%)
[2026-09-16T05:21:34Z INFO  minertim::pool_connection] New job: TVhVoYF81lECxg0s (difficulty: 165083, target: a1650000)
[2026-09-16T05:21:43Z INFO  minertim] H/s 1m:2367.4 5m:2288.1 10m:2294.4 | Shares: 325/0 (found:326) | Diff: 165083 | 1m4s elapsed (since last share, avg 1m9s) | best=128 target=26017 (999%)
[2026-09-16T05:21:53Z INFO  minertim] H/s 1m:2368.7 5m:2290.4 10m:2294.9 | Shares: 325/0 (found:326) | Diff: 165083 | 1m14s elapsed (since last share, avg 1m9s) | best=128 target=26017 (999%)
[2026-09-16T05:21:54Z INFO  minertim::pool_connection] New job: o00d9DSQHkHwnmSn (difficulty: 165083, target: a1650000)
[2026-09-16T05:22:03Z INFO  minertim] H/s 1m:2369.1 5m:2294.6 10m:2295.2 | Shares: 325/0 (found:326) | Diff: 165083 | 1m24s elapsed (since last share, avg 1m9s) | best=128 target=26017 (999%)
[2026-09-16T05:22:13Z INFO  minertim] H/s 1m:2369.0 5m:2296.9 10m:2295.4 | Shares: 325/0 (found:326) | Diff: 165083 | 1m34s elapsed (since last share, avg 1m9s) | best=128 target=26017 (999%)
[2026-09-16T05:22:14Z INFO  minertim::pool_connection] New job: tn7wvqQOqJkocWY8 (difficulty: 165083, target: a1650000)
[2026-09-16T05:22:23Z INFO  minertim] H/s 1m:2368.8 5m:2297.6 10m:2295.4 | Shares: 325/0 (found:326) | Diff: 165083 | 1m44s elapsed (since last share, avg 1m9s) | best=128 target=26017 (999%)
[2026-09-16T05:22:33Z INFO  minertim] H/s 1m:2368.7 5m:2298.0 10m:2295.4 | Shares: 325/0 (found:326) | Diff: 165083 | 1m54s elapsed (since last share, avg 1m9s) | best=128 target=26017 (999%)
[2026-09-16T05:22:34Z INFO  minertim::pool_connection] New job: kmd8BBgn1uLCf6o5 (difficulty: 165083, target: a1650000)
[2026-09-16T05:22:43Z INFO  minertim] H/s 1m:2368.2 5m:2298.0 10m:2295.5 | Shares: 325/0 (found:326) | Diff: 165083 | 2m4s elapsed (since last share, avg 1m9s) | best=128 target=26017 (999%)
[2026-09-16T05:22:53Z INFO  minertim] H/s 1m:2367.7 5m:2298.1 10m:2297.3 | Shares: 325/0 (found:326) | Diff: 165083 | 2m14s elapsed (since last share, avg 1m9s) | best=128 target=26017 (999%)
[2026-09-16T05:22:54Z INFO  minertim::pool_connection] New job: vpuoAeife0aaciKt (difficulty: 165083, target: a1650000)
[2026-09-16T05:23:03Z INFO  minertim] H/s 1m:2367.7 5m:2299.8 10m:2297.9 | Shares: 325/0 (found:326) | Diff: 165083 | 2m24s elapsed (since last share, avg 1m9s) | best=128 target=26017 (999%)
[2026-09-16T05:23:06Z INFO  minertim::pool_connection] New job: C23y3bhPC0EWHTT6 (difficulty: 124056, target: 3d870000)
[2026-09-16T05:23:13Z INFO  minertim] H/s 1m:2368.4 5m:2300.0 10m:2299.2 | Shares: 325/0 (found:326) | Diff: 124056 | 2m34s elapsed (since last share, avg 52s) | best=128 target=34621 (999%)
[2026-09-16T05:23:14Z INFO  minertim::pool_connection] New job: BlwWjxYPQ02koJVz (difficulty: 124056, target: 3d870000)
[2026-09-16T05:23:23Z INFO  minertim] H/s 1m:2369.0 5m:2320.3 10m:2309.3 | Shares: 325/0 (found:326) | Diff: 124056 | 2m44s elapsed (since last share, avg 52s) | best=128 target=34621 (999%)
[2026-09-16T05:23:33Z INFO  minertim] H/s 1m:2369.4 5m:2332.7 10m:2312.3 | Shares: 325/0 (found:326) | Diff: 124056 | 2m54s elapsed (since last share, avg 52s) | best=128 target=34621 (999%)
[2026-09-16T05:23:34Z INFO  minertim::pool_connection] New job: BGnNq77QcFUuHYV2 (difficulty: 124056, target: 3d870000)
[2026-09-16T05:23:38Z INFO  minertim::miner] Worker 0 SHARE FOUND! job_id=BGnNq77QcFUuHYV2, nonce=bc75ae02, hash_val=28462, difficulty=124056, hash=64a6bbb74675a3552eb18f261c30e0cc18682c425ce17a9daed48d402e6f0000
[2026-09-16T05:23:43Z INFO  minertim] H/s 1m:2311.4 5m:2324.0 10m:2312.3 | Shares: 325/0 (found:327) | Diff: 124056 | 5s elapsed (since last share, avg 53s) | best=128 target=34621 (999%)
[2026-09-16T05:23:51Z INFO  minertim::pool_connection] Share accepted by pool
[2026-09-16T05:23:53Z INFO  minertim] H/s 1m:2229.4 5m:2311.2 10m:2308.3 | Shares: 326/0 (found:327) | Diff: 124056 | 15s elapsed (since last share, avg 55s) | best=128 target=34621 (999%)
[2026-09-16T05:23:54Z INFO  minertim::pool_connection] New job: FjQBhFl04sRiSVQz (difficulty: 124056, target: 3d870000)
[2026-09-16T05:24:03Z INFO  minertim] H/s 1m:2228.8 5m:2314.0 10m:2309.0 | Shares: 326/0 (found:327) | Diff: 124056 | 25s elapsed (since last share, avg 55s) | best=128 target=34621 (999%)
[2026-09-16T05:24:13Z INFO  minertim] H/s 1m:2228.0 5m:2314.3 10m:2309.2 | Shares: 326/0 (found:327) | Diff: 124056 | 35s elapsed (since last share, avg 55s) | best=128 target=34621 (999%)
[2026-09-16T05:24:14Z INFO  minertim::pool_connection] New job: 3W77D9vWxdUz7UGI (difficulty: 124056, target: 3d870000)
[2026-09-16T05:24:17Z INFO  minertim::pool_connection] New job: UyzbOzbhTNmnFgGn (difficulty: 124056, target: 3d870000)
[2026-09-16T05:24:23Z INFO  minertim] H/s 1m:2227.8 5m:2314.3 10m:2309.2 | Shares: 326/0 (found:327) | Diff: 124056 | 45s elapsed (since last share, avg 55s) | best=128 target=34621 (999%)
[2026-09-16T05:24:33Z INFO  minertim] H/s 1m:2286.1 5m:2314.3 10m:2309.2 | Shares: 326/0 (found:327) | Diff: 124056 | 55s elapsed (since last share, avg 54s) | best=128 target=34621 (999%)
[2026-09-16T05:24:37Z INFO  minertim::pool_connection] New job: WHkrUpSZpj004csZ (difficulty: 124056, target: 3d870000)
[2026-09-16T05:24:40Z INFO  minertim::miner] Worker 3 SHARE FOUND! job_id=WHkrUpSZpj004csZ, nonce=c3fbad02, hash_val=7828, difficulty=124056, hash=41afe3fc667650e2fbd6a0584302cb894679100b1a69b3dfd693dbc4941e0000
[2026-09-16T05:24:43Z INFO  minertim] H/s 1m:2349.5 5m:2311.1 10m:2308.1 | Shares: 326/0 (found:328) | Diff: 124056 | 3s elapsed (since last share, avg 52s) | best=128 target=34621 (999%)
[2026-09-16T05:24:53Z INFO  minertim] H/s 1m:2222.6 5m:2289.2 10m:2297.6 | Shares: 326/0 (found:328) | Diff: 124056 | 13s elapsed (since last share, avg 55s) | best=128 target=34621 (999%)
[2026-09-16T05:24:57Z INFO  minertim::pool_connection] New job: vJvrMvX003rcPfg4 (difficulty: 124056, target: 3d870000)
[2026-09-16T05:24:58Z INFO  minertim::pool_connection] Share accepted by pool
[2026-09-16T05:25:03Z INFO  minertim] H/s 1m:2164.4 5m:2279.0 10m:2293.4 | Shares: 327/0 (found:328) | Diff: 124056 | 23s elapsed (since last share, avg 57s) | best=128 target=34621 (999%)
[2026-09-16T05:25:03Z INFO  minertim::miner] Worker 2 SHARE FOUND! job_id=vJvrMvX003rcPfg4, nonce=f295b002, hash_val=29720, difficulty=124056, hash=1327e608e7bdc6276f9999d2105cdc21fb7070ee3be6f5755c70789818740000
[2026-09-16T05:25:13Z INFO  minertim] H/s 1m:2046.1 5m:2258.6 10m:2285.2 | Shares: 327/0 (found:329) | Diff: 124056 | 9s elapsed (since last share, avg 1m0s) | best=128 target=34621 (999%)
[2026-09-16T05:25:14Z INFO  minertim::pool_connection] Share accepted by pool
[2026-09-16T05:25:17Z INFO  minertim::pool_connection] New job: k0WiEnGQo9iuNey9 (difficulty: 124056, target: 3d870000)
[2026-09-16T05:25:23Z INFO  minertim] H/s 1m:2044.2 5m:2258.2 10m:2287.3 | Shares: 328/0 (found:329) | Diff: 124056 | 19s elapsed (since last share, avg 1m0s) | best=128 target=34621 (999%)
[2026-09-16T05:25:33Z INFO  minertim] H/s 1m:2061.2 5m:2268.1 10m:2287.3 | Shares: 328/0 (found:329) | Diff: 124056 | 29s elapsed (since last share, avg 1m0s) | best=128 target=34621 (999%)
[2026-09-16T05:25:37Z INFO  minertim::pool_connection] New job: ErmxO1Akw7PK2CgR (difficulty: 124056, target: 3d870000)
[2026-09-16T05:25:43Z INFO  minertim] H/s 1m:2187.4 5m:2287.9 10m:2287.3 | Shares: 328/0 (found:329) | Diff: 124056 | 40s elapsed (since last share, avg 56s) | best=128 target=34621 (999%)
[2026-09-16T05:25:53Z INFO  minertim] H/s 1m:2246.5 5m:2288.1 10m:2287.4 | Shares: 328/0 (found:329) | Diff: 124056 | 50s elapsed (since last share, avg 55s) | best=128 target=34621 (999%)
[2026-09-16T05:25:57Z INFO  minertim::pool_connection] New job: zVoNO7fxqbXW7Bra (difficulty: 124056, target: 3d870000)
[2026-09-16T05:26:03Z INFO  minertim::miner] Worker 1 SHARE FOUND! job_id=zVoNO7fxqbXW7Bra, nonce=2de2b802, hash_val=32036, difficulty=124056, hash=897b5d6b53e486d06c35f13e5ae5625a471a5f874fb9892170f341af247d0000
[2026-09-16T05:26:03Z INFO  minertim] H/s 1m:2365.1 5m:2288.3 10m:2288.8 | Shares: 328/0 (found:330) | Diff: 124056 | 0s elapsed (since last share, avg 52s) | best=128 target=34621 (999%)
[2026-09-16T05:26:13Z INFO  minertim] H/s 1m:2250.3 5m:2268.1 10m:2279.0 | Shares: 328/0 (found:330) | Diff: 124056 | 10s elapsed (since last share, avg 55s) | best=128 target=34621 (999%)
[2026-09-16T05:26:17Z INFO  minertim::pool_connection] New job: GJuEJsF34TyCsuVB (difficulty: 124056, target: 3d870000)
[2026-09-16T05:26:17Z INFO  minertim::pool_connection] Share accepted by pool
[2026-09-16T05:26:23Z INFO  minertim] H/s 1m:2191.8 5m:2257.8 10m:2274.0 | Shares: 329/0 (found:330) | Diff: 124056 | 20s elapsed (since last share, avg 56s) | best=128 target=34621 (999%)
[2026-09-16T05:26:33Z INFO  minertim] H/s 1m:2184.2 5m:2256.3 10m:2273.8 | Shares: 329/0 (found:330) | Diff: 124056 | 30s elapsed (since last share, avg 56s) | best=128 target=34621 (999%)
[2026-09-16T05:26:36Z INFO  minertim::pool_connection] New job: JkotgZ62uvWp8D8u (difficulty: 124056, target: 3d870000)
[2026-09-16T05:26:43Z INFO  minertim] H/s 1m:2173.1 5m:2254.4 10m:2272.9 | Shares: 329/0 (found:330) | Diff: 124056 | 40s elapsed (since last share, avg 57s) | best=128 target=34621 (999%)
[2026-09-16T05:26:44Z INFO  minertim::miner] Worker 2 SHARE FOUND! job_id=JkotgZ62uvWp8D8u, nonce=06dab302, hash_val=24570, difficulty=124056, hash=902377a765703f2d721ad71daf8b1322a05554d39da535008ac2a5e1fa5f0000
[2026-09-16T05:26:53Z INFO  minertim] H/s 1m:2113.4 5m:2244.2 10m:2269.0 | Shares: 329/0 (found:331) | Diff: 124056 | 8s elapsed (since last share, avg 58s) | best=128 target=34621 (999%)
[2026-09-16T05:26:56Z INFO  minertim::pool_connection] New job: xTzq5yi8DDwQVoJ8 (difficulty: 124056, target: 3d870000)
[2026-09-16T05:26:57Z INFO  minertim::pool_connection] Share accepted by pool
[2026-09-16T05:27:02Z INFO  minertim::pool_connection] New job: ulwWLV3QKgsoG1Ms (difficulty: 124056, target: 3d870000)
[2026-09-16T05:27:03Z INFO  minertim] H/s 1m:2182.5 5m:2235.9 10m:2267.1 | Shares: 330/0 (found:331) | Diff: 124056 | 18s elapsed (since last share, avg 56s) | best=128 target=34621 (999%)
[2026-09-16T05:27:13Z INFO  minertim] H/s 1m:2243.1 5m:2236.1 10m:2268.2 | Shares: 330/0 (found:331) | Diff: 124056 | 28s elapsed (since last share, avg 55s) | best=128 target=34621 (999%)
[2026-09-16T05:27:22Z INFO  minertim::pool_connection] New job: nsElcc0puh8EGKca (difficulty: 124056, target: 3d870000)
[2026-09-16T05:27:23Z INFO  minertim] H/s 1m:2251.4 5m:2236.1 10m:2268.6 | Shares: 330/0 (found:331) | Diff: 124056 | 38s elapsed (since last share, avg 55s) | best=128 target=34621 (999%)
[2026-09-16T05:27:33Z INFO  minertim] H/s 1m:2261.8 5m:2236.1 10m:2268.7 | Shares: 330/0 (found:331) | Diff: 124056 | 48s elapsed (since last share, avg 54s) | best=128 target=34621 (999%)
[2026-09-16T05:27:41Z INFO  minertim::pool_connection] New job: ilV0M2zxQDuWL2Xp (difficulty: 124056, target: 3d870000)
[2026-09-16T05:27:43Z INFO  minertim] H/s 1m:2321.1 5m:2236.1 10m:2268.8 | Shares: 330/0 (found:331) | Diff: 124056 | 58s elapsed (since last share, avg 53s) | best=128 target=34621 (999%)
[2026-09-16T05:27:53Z INFO  minertim] H/s 1m:2356.8 5m:2234.0 10m:2267.8 | Shares: 330/0 (found:331) | Diff: 124056 | 1m9s elapsed (since last share, avg 52s) | best=128 target=34621 (999%)
[2026-09-16T05:28:01Z INFO  minertim::pool_connection] New job: ZZDIlc3wZDobK4z6 (difficulty: 124056, target: 3d870000)
[2026-09-16T05:28:03Z INFO  minertim] H/s 1m:2341.8 5m:2231.5 10m:2267.4 | Shares: 330/0 (found:331) | Diff: 124056 | 1m19s elapsed (since last share, avg 52s) | best=128 target=34621 (999%)
[2026-09-16T05:28:13Z INFO  minertim] H/s 1m:2340.3 5m:2231.1 10m:2267.4 | Shares: 330/0 (found:331) | Diff: 124056 | 1m29s elapsed (since last share, avg 53s) | best=128 target=34621 (999%)
[2026-09-16T05:28:16Z INFO  minertim::pool_connection] New job: TCCoJoLVAL0dzpHF (difficulty: 124056, target: 3d870000)
[2026-09-16T05:28:18Z INFO  minertim::pool_connection] New job: ve2JlDIGFpKclJsl (difficulty: 124056, target: 3d870000)
[2026-09-16T05:28:22Z INFO  minertim::miner] Worker 2 SHARE FOUND! job_id=ve2JlDIGFpKclJsl, nonce=5ef1b602, hash_val=29308, difficulty=124056, hash=344b1e173bef97e664cee68de2bd7fd76961b22c6d0a8439a06609527c720000
[2026-09-16T05:28:23Z INFO  minertim] H/s 1m:2338.5 5m:2230.7 10m:2277.1 | Shares: 330/0 (found:332) | Diff: 124056 | 1s elapsed (since last share, avg 53s) | best=128 target=34621 (999%)
[2026-09-16T05:28:33Z INFO  minertim] H/s 1m:2221.5 5m:2220.6 10m:2273.3 | Shares: 330/0 (found:332) | Diff: 124056 | 11s elapsed (since last share, avg 55s) | best=128 target=34621 (999%)
[2026-09-16T05:28:34Z INFO  minertim::pool_connection] Share accepted by pool
[2026-09-16T05:28:38Z INFO  minertim::pool_connection] New job: HMtWgIveCVpzi8n2 (difficulty: 124056, target: 3d870000)
[2026-09-16T05:28:43Z INFO  minertim] H/s 1m:2186.0 5m:2226.6 10m:2269.9 | Shares: 331/0 (found:332) | Diff: 124056 | 21s elapsed (since last share, avg 56s) | best=128 target=34621 (999%)
[2026-09-16T05:28:53Z INFO  minertim] H/s 1m:2200.6 5m:2226.6 10m:2270.6 | Shares: 331/0 (found:332) | Diff: 124056 | 31s elapsed (since last share, avg 56s) | best=128 target=34621 (999%)
[2026-09-16T05:28:57Z INFO  minertim::pool_connection] New job: os0JFfwauYahubtw (difficulty: 124056, target: 3d870000)
[2026-09-16T05:29:03Z INFO  minertim] H/s 1m:2202.2 5m:2226.7 10m:2272.0 | Shares: 331/0 (found:332) | Diff: 124056 | 41s elapsed (since last share, avg 56s) | best=128 target=34621 (999%)
[2026-09-16T05:29:13Z INFO  minertim] H/s 1m:2201.1 5m:2226.1 10m:2271.9 | Shares: 331/0 (found:332) | Diff: 124056 | 51s elapsed (since last share, avg 56s) | best=128 target=34621 (999%)
[2026-09-16T05:29:16Z INFO  minertim::miner] Worker 0 SHARE FOUND! job_id=os0JFfwauYahubtw, nonce=6024ba02, hash_val=21104, difficulty=124056, hash=5418927221840386db81695ecb04406ddaee7ba9b1cef8afdcb3433270520000
[2026-09-16T05:29:17Z INFO  minertim::pool_connection] New job: 0BNgr5QUsPVQzIUo (difficulty: 124056, target: 3d870000)
[2026-09-16T05:29:18Z INFO  minertim::pool_connection] Share accepted by pool
[2026-09-16T05:29:23Z INFO  minertim] H/s 1m:2314.4 5m:2225.5 10m:2271.5 | Shares: 332/0 (found:333) | Diff: 124056 | 7s elapsed (since last share, avg 53s) | best=128 target=34621 (999%)
[2026-09-16T05:29:33Z INFO  minertim] H/s 1m:2348.3 5m:2226.3 10m:2270.4 | Shares: 332/0 (found:333) | Diff: 124056 | 17s elapsed (since last share, avg 52s) | best=128 target=34621 (999%)
[2026-09-16T05:29:37Z INFO  minertim::pool_connection] New job: Cfpj1Xn6jGpcdIgS (difficulty: 124056, target: 3d870000)
[2026-09-16T05:29:43Z INFO  minertim] H/s 1m:2336.4 5m:2246.2 10m:2269.4 | Shares: 332/0 (found:333) | Diff: 124056 | 27s elapsed (since last share, avg 53s) | best=128 target=34621 (999%)
[2026-09-16T05:29:51Z INFO  minertim::miner] Worker 2 SHARE FOUND! job_id=Cfpj1Xn6jGpcdIgS, nonce=66b9b902, hash_val=15002, difficulty=124056, hash=2abcf3ebc79658d75af217e151b7baa21c1eca6bd10280cfb1d7bef39a3a0000
[2026-09-16T05:29:53Z INFO  minertim] H/s 1m:2310.2 5m:2251.8 10m:2267.2 | Shares: 332/0 (found:334) | Diff: 124056 | 2s elapsed (since last share, avg 53s) | best=128 target=34621 (999%)
[2026-09-16T05:29:57Z INFO  minertim::pool_connection] New job: 9xXvu0dkGgZlgUSY (difficulty: 124056, target: 3d870000)
[2026-09-16T05:29:57Z INFO  minertim::pool_connection] Share accepted by pool
[2026-09-16T05:30:03Z INFO  minertim] H/s 1m:2265.3 5m:2263.9 10m:2263.1 | Shares: 333/0 (found:334) | Diff: 124056 | 12s elapsed (since last share, avg 54s) | best=128 target=34621 (999%)
[2026-09-16T05:30:13Z INFO  minertim] H/s 1m:2251.1 5m:2261.2 10m:2261.6 | Shares: 333/0 (found:334) | Diff: 124056 | 22s elapsed (since last share, avg 55s) | best=128 target=34621 (999%)
[2026-09-16T05:30:17Z INFO  minertim::pool_connection] New job: VfIPPGm4lFMqdg68 (difficulty: 124056, target: 3d870000)
[2026-09-16T05:30:17Z INFO  minertim::miner] Worker 0 SHARE FOUND! job_id=VfIPPGm4lFMqdg68, nonce=543cbc02, hash_val=18528, difficulty=124056, hash=35c59f1deed949001e2379ebe12acb735b39a176e3a18e294da0622860480000
[2026-09-16T05:30:23Z INFO  minertim::miner] Worker 1 SHARE FOUND! job_id=VfIPPGm4lFMqdg68, nonce=01a5c102, hash_val=12832, difficulty=124056, hash=9ce852f50864568b1fdf11f9192d0c787583c997e8cff2893198b2f420320000
[2026-09-16T05:30:23Z INFO  minertim] H/s 1m:2129.4 5m:2238.1 10m:2250.1 | Shares: 333/0 (found:336) | Diff: 124056 | 0s elapsed (since last share, avg 58s) | best=128 target=34621 (999%)
[2026-09-16T05:30:29Z INFO  minertim::pool_connection] Share accepted by pool
[2026-09-16T05:30:29Z INFO  minertim::pool_connection] Share accepted by pool
[2026-09-16T05:30:33Z INFO  minertim] H/s 1m:2082.2 5m:2228.1 10m:2250.1 | Shares: 335/0 (found:336) | Diff: 124056 | 10s elapsed (since last share, avg 59s) | best=128 target=34621 (999%)
[2026-09-16T05:30:37Z INFO  minertim::pool_connection] New job: vmdO7c600JjV4Gjo (difficulty: 124056, target: 3d870000)
[2026-09-16T05:30:43Z INFO  minertim] H/s 1m:2106.3 5m:2227.7 10m:2259.7 | Shares: 335/0 (found:336) | Diff: 124056 | 20s elapsed (since last share, avg 58s) | best=128 target=34621 (999%)
[2026-09-16T05:30:50Z INFO  minertim::pool_connection] New job: 0AbLTfM9x86B04c8 (difficulty: 124056, target: 3d870000)
[2026-09-16T05:30:53Z INFO  minertim] H/s 1m:2142.0 5m:2225.5 10m:2258.7 | Shares: 335/0 (found:336) | Diff: 124056 | 30s elapsed (since last share, avg 57s) | best=128 target=34621 (999%)
[2026-09-16T05:31:03Z INFO  minertim] H/s 1m:2159.5 5m:2245.5 10m:2258.7 | Shares: 335/0 (found:336) | Diff: 124056 | 40s elapsed (since last share, avg 57s) | best=128 target=34621 (999%)
[2026-09-16T05:31:10Z INFO  minertim::pool_connection] New job: suWME2YFk05T0kWp (difficulty: 124056, target: 3d870000)
[2026-09-16T05:31:14Z INFO  minertim] H/s 1m:2295.0 5m:2255.9 10m:2258.7 | Shares: 335/0 (found:336) | Diff: 124056 | 50s elapsed (since last share, avg 54s) | best=128 target=34621 (999%)
[2026-09-16T05:31:24Z INFO  minertim] H/s 1m:2339.3 5m:2254.9 10m:2257.5 | Shares: 335/0 (found:336) | Diff: 124056 | 1m0s elapsed (since last share, avg 53s) | best=128 target=34621 (999%)
[2026-09-16T05:31:25Z INFO  minertim::miner] Worker 0 SHARE FOUND! job_id=suWME2YFk05T0kWp, nonce=503bbe02, hash_val=6838, difficulty=124056, hash=4e8af306df76b4987ff9623423419d962f91f1cc2a2d10439b88083ab61a0000
[2026-09-16T05:31:30Z INFO  minertim::pool_connection] New job: In0F2tq4OriKVPnj (difficulty: 124056, target: 3d870000)
[2026-09-16T05:31:30Z INFO  minertim::pool_connection] Share accepted by pool
[2026-09-16T05:31:34Z INFO  minertim] H/s 1m:2235.8 5m:2238.5 10m:2248.5 | Shares: 336/0 (found:337) | Diff: 124056 | 8s elapsed (since last share, avg 55s) | best=128 target=34621 (999%)
[2026-09-16T05:31:44Z INFO  minertim] H/s 1m:2242.8 5m:2247.8 10m:2248.1 | Shares: 336/0 (found:337) | Diff: 124056 | 18s elapsed (since last share, avg 55s) | best=128 target=34621 (999%)
[2026-09-16T05:31:50Z INFO  minertim::pool_connection] New job: BsY09xJ0zHtDv7MG (difficulty: 124056, target: 3d870000)
[2026-09-16T05:31:54Z INFO  minertim] H/s 1m:2224.2 5m:2252.7 10m:2246.4 | Shares: 336/0 (found:337) | Diff: 124056 | 28s elapsed (since last share, avg 55s) | best=128 target=34621 (999%)
[2026-09-16T05:32:04Z INFO  minertim] H/s 1m:2214.0 5m:2250.9 10m:2245.6 | Shares: 336/0 (found:337) | Diff: 124056 | 38s elapsed (since last share, avg 56s) | best=128 target=34621 (999%)
[2026-09-16T05:32:08Z INFO  minertim::pool_connection] New job: AKD7BIxfDnKdpjUb (difficulty: 124056, target: 3d870000)
[2026-09-16T05:32:14Z INFO  minertim] H/s 1m:2223.9 5m:2250.1 10m:2245.2 | Shares: 336/0 (found:337) | Diff: 124056 | 49s elapsed (since last share, avg 55s) | best=128 target=34621 (999%)
[2026-09-16T05:32:24Z INFO  minertim] H/s 1m:2328.7 5m:2250.0 10m:2245.2 | Shares: 336/0 (found:337) | Diff: 124056 | 59s elapsed (since last share, avg 53s) | best=128 target=34621 (999%)
[2026-09-16T05:32:28Z INFO  minertim::pool_connection] New job: vKOkp3hp7AjgtP09 (difficulty: 124056, target: 3d870000)
[2026-09-16T05:32:33Z INFO  minertim] H/s 1m:2333.2 5m:2249.9 10m:2245.1 | Shares: 336/0 (found:337) | Diff: 124056 | 1m8s elapsed (since last share, avg 53s) | best=128 target=34621 (999%)
[2026-09-16T05:32:43Z INFO  minertim] H/s 1m:2351.3 5m:2251.8 10m:2245.0 | Shares: 336/0 (found:337) | Diff: 124056 | 1m18s elapsed (since last share, avg 52s) | best=128 target=34621 (999%)
[2026-09-16T05:32:48Z INFO  minertim::pool_connection] New job: taP5hfhtWQx3KzwJ (difficulty: 124056, target: 3d870000)
[2026-09-16T05:32:51Z INFO  minertim::miner] Worker 0 SHARE FOUND! job_id=taP5hfhtWQx3KzwJ, nonce=3c1dc102, hash_val=31651, difficulty=124056, hash=fd4704a4d9f6a708bb81760685207602575f997cb06c79cb6813ebaea37b0000
[2026-09-16T05:32:54Z INFO  minertim] H/s 1m:2360.4 5m:2254.1 10m:2245.0 | Shares: 336/0 (found:338) | Diff: 124056 | 2s elapsed (since last share, avg 52s) | best=128 target=34621 (999%)
[2026-09-16T05:33:04Z INFO  minertim] H/s 1m:2248.4 5m:2234.3 10m:2235.0 | Shares: 336/0 (found:338) | Diff: 124056 | 12s elapsed (since last share, avg 55s) | best=128 target=34621 (999%)
[2026-09-16T05:33:07Z INFO  minertim::pool_connection] New job: 6GIhnp6WYvKU56ob (difficulty: 124056, target: 3d870000)
[2026-09-16T05:33:08Z INFO  minertim::pool_connection] Share accepted by pool
[2026-09-16T05:33:14Z INFO  minertim] H/s 1m:2194.7 5m:2225.2 10m:2230.4 | Shares: 337/0 (found:338) | Diff: 124056 | 22s elapsed (since last share, avg 56s) | best=128 target=34621 (999%)
[2026-09-16T05:33:24Z INFO  minertim] H/s 1m:2173.4 5m:2241.6 10m:2228.5 | Shares: 337/0 (found:338) | Diff: 124056 | 32s elapsed (since last share, avg 57s) | best=128 target=34621 (999%)
[2026-09-16T05:33:27Z INFO  minertim::pool_connection] New job: wxoGNymqmrptECis (difficulty: 124056, target: 3d870000)
[2026-09-16T05:33:34Z INFO  minertim] H/s 1m:2170.3 5m:2249.1 10m:2233.1 | Shares: 337/0 (found:338) | Diff: 124056 | 42s elapsed (since last share, avg 57s) | best=128 target=34621 (999%)
[2026-09-16T05:33:44Z INFO  minertim] H/s 1m:2170.5 5m:2248.9 10m:2240.0 | Shares: 337/0 (found:338) | Diff: 124056 | 52s elapsed (since last share, avg 57s) | best=128 target=34621 (999%)
[2026-09-16T05:33:47Z INFO  minertim::pool_connection] New job: gBxxDKCx1fW3qn54 (difficulty: 124056, target: 3d870000)
[2026-09-16T05:33:54Z INFO  minertim] H/s 1m:2286.9 5m:2248.8 10m:2240.0 | Shares: 337/0 (found:338) | Diff: 124056 | 1m2s elapsed (since last share, avg 54s) | best=128 target=34621 (999%)
[2026-09-16T05:34:04Z INFO  minertim] H/s 1m:2341.4 5m:2249.4 10m:2240.0 | Shares: 337/0 (found:338) | Diff: 124056 | 1m12s elapsed (since last share, avg 52s) | best=128 target=34621 (999%)
[2026-09-16T05:34:07Z INFO  minertim::pool_connection] New job: hPjpWHrL4VP7PNnX (difficulty: 124056, target: 3d870000)
[2026-09-16T05:34:14Z INFO  minertim] H/s 1m:2363.5 5m:2250.0 10m:2240.0 | Shares: 337/0 (found:338) | Diff: 124056 | 1m22s elapsed (since last share, avg 52s) | best=128 target=34621 (999%)
[2026-09-16T05:34:24Z INFO  minertim] H/s 1m:2362.9 5m:2251.6 10m:2239.6 | Shares: 337/0 (found:338) | Diff: 124056 | 1m32s elapsed (since last share, avg 52s) | best=128 target=34621 (999%)
[2026-09-16T05:34:27Z INFO  minertim::pool_connection] New job: I4Nw2m8J4rEIIEf6 (difficulty: 124056, target: 3d870000)
[2026-09-16T05:34:34Z INFO  minertim] H/s 1m:2362.9 5m:2253.5 10m:2241.1 | Shares: 337/0 (found:338) | Diff: 124056 | 1m42s elapsed (since last share, avg 52s) | best=128 target=34621 (999%)
[2026-09-16T05:34:44Z INFO  minertim] H/s 1m:2362.5 5m:2257.9 10m:2251.8 | Shares: 337/0 (found:338) | Diff: 124056 | 1m52s elapsed (since last share, avg 52s) | best=128 target=34621 (999%)
[2026-09-16T05:34:47Z INFO  minertim::pool_connection] New job: qu18kZ10R1VrQG99 (difficulty: 124056, target: 3d870000)
[2026-09-16T05:34:54Z INFO  minertim] H/s 1m:2361.3 5m:2265.9 10m:2256.7 | Shares: 337/0 (found:338) | Diff: 124056 | 2m2s elapsed (since last share, avg 52s) | best=128 target=34621 (999%)
[2026-09-16T05:35:04Z INFO  minertim] H/s 1m:2348.9 5m:2266.9 10m:2265.6 | Shares: 337/0 (found:338) | Diff: 124056 | 2m12s elapsed (since last share, avg 52s) | best=128 target=34621 (999%)
[2026-09-16T05:35:07Z INFO  minertim::pool_connection] New job: HN6H6nZ5y1MwN0Wr (difficulty: 124056, target: 3d870000)
[2026-09-16T05:35:14Z INFO  minertim] H/s 1m:2345.0 5m:2288.8 10m:2265.1 | Shares: 337/0 (found:338) | Diff: 124056 | 2m22s elapsed (since last share, avg 52s) | best=128 target=34621 (999%)
[2026-09-16T05:35:24Z INFO  minertim::pool_connection] New job: VopZpyHavBS3d7mP (difficulty: 124056, target: 3d870000)
[2026-09-16T05:35:24Z INFO  minertim] H/s 1m:2340.0 5m:2297.9 10m:2264.7 | Shares: 337/0 (found:338) | Diff: 124056 | 2m32s elapsed (since last share, avg 53s) | best=128 target=34621 (999%)
[2026-09-16T05:35:34Z INFO  minertim] H/s 1m:2336.7 5m:2297.6 10m:2264.5 | Shares: 337/0 (found:338) | Diff: 124056 | 2m42s elapsed (since last share, avg 53s) | best=128 target=34621 (999%)
[2026-09-16T05:35:44Z INFO  minertim::pool_connection] New job: 0SBNkrAV0Ee9nhxy (difficulty: 124056, target: 3d870000)
[2026-09-16T05:35:44Z INFO  minertim] H/s 1m:2337.4 5m:2299.6 10m:2264.4 | Shares: 337/0 (found:338) | Diff: 124056 | 2m52s elapsed (since last share, avg 53s) | best=128 target=34621 (999%)
[2026-09-16T05:35:54Z INFO  minertim] H/s 1m:2347.5 5m:2299.3 10m:2264.2 | Shares: 337/0 (found:338) | Diff: 124056 | 3m2s elapsed (since last share, avg 52s) | best=128 target=34621 (999%)
[2026-09-16T05:36:03Z INFO  minertim::pool_connection] New job: WKxdJPJuhx4IgvMW (difficulty: 124056, target: 3d870000)
[2026-09-16T05:36:04Z INFO  minertim] H/s 1m:2354.4 5m:2299.0 10m:2273.9 | Shares: 337/0 (found:338) | Diff: 124056 | 3m12s elapsed (since last share, avg 52s) | best=128 target=34621 (999%)
[2026-09-16T05:36:04Z INFO  minertim::pool_connection] New job: bpDXgTjStkWQoIa2 (difficulty: 124056, target: 3d870000)
[2026-09-16T05:36:06Z INFO  minertim::pool_connection] New job: D3fzKM2xhYX2dD2t (difficulty: 93041, target: 52b40000)
[2026-09-16T05:36:14Z INFO  minertim] H/s 1m:2358.2 5m:2301.2 10m:2278.8 | Shares: 337/0 (found:338) | Diff: 93041 | 3m22s elapsed (since last share, avg 39s) | best=128 target=46162 (999%)
[2026-09-16T05:36:24Z INFO  minertim] H/s 1m:2355.0 5m:2318.2 10m:2278.9 | Shares: 337/0 (found:338) | Diff: 93041 | 3m32s elapsed (since last share, avg 39s) | best=128 target=46162 (999%)
[2026-09-16T05:36:24Z INFO  minertim::pool_connection] New job: iLsbrV4kcMNqnfWU (difficulty: 93041, target: 52b40000)
[2026-09-16T05:36:28Z INFO  minertim::pool_connection] New job: yRAyLL0BnJf6UZnG (difficulty: 93041, target: 52b40000)
[2026-09-16T05:36:34Z INFO  minertim] H/s 1m:2355.0 5m:2319.0 10m:2279.8 | Shares: 337/0 (found:338) | Diff: 93041 | 3m42s elapsed (since last share, avg 39s) | best=128 target=46162 (999%)
[2026-09-16T05:36:35Z INFO  minertim::miner] Worker 3 SHARE FOUND! job_id=yRAyLL0BnJf6UZnG, nonce=37f6c602, hash_val=45854, difficulty=93041, hash=2fcbba7426dd3b182c6db2cd14c09beba1ef29c645950684b3b066b71eb30000
[2026-09-16T05:36:44Z INFO  minertim] H/s 1m:2240.4 5m:2302.1 10m:2274.9 | Shares: 337/0 (found:339) | Diff: 93041 | 8s elapsed (since last share, avg 41s) | best=128 target=46162 (999%)
[2026-09-16T05:36:48Z INFO  minertim::pool_connection] New job: igFibxaTx0dFjsDr (difficulty: 93041, target: 52b40000)
[2026-09-16T05:36:48Z INFO  minertim::pool_connection] Share accepted by pool
[2026-09-16T05:36:54Z INFO  minertim] H/s 1m:2218.9 5m:2299.8 10m:2277.0 | Shares: 338/0 (found:339) | Diff: 93041 | 18s elapsed (since last share, avg 41s) | best=128 target=46162 (999%)
[2026-09-16T05:36:55Z INFO  minertim::miner] Worker 0 SHARE FOUND! job_id=igFibxaTx0dFjsDr, nonce=8445c902, hash_val=27124, difficulty=93041, hash=1bbb78a2c3a0af3d4a2768ee9af9bd36c131097e4c23d3ac125e041ff4690000
[2026-09-16T05:36:59Z INFO  minertim::pool_connection] New job: F10N0MKAoCCr4ltr (difficulty: 93041, target: 52b40000)
[2026-09-16T05:36:59Z INFO  minertim::pool_connection] Share accepted by pool
[2026-09-16T05:37:04Z INFO  minertim] H/s 1m:2187.0 5m:2294.8 10m:2274.1 | Shares: 339/0 (found:340) | Diff: 93041 | 8s elapsed (since last share, avg 42s) | best=128 target=46162 (999%)
[2026-09-16T05:37:07Z INFO  minertim::pool_connection] New job: ZxZtOgXSxONHGoHa (difficulty: 139564, target: 36780000)
[2026-09-16T05:37:14Z INFO  minertim] H/s 1m:2178.8 5m:2292.3 10m:2272.8 | Shares: 339/0 (found:340) | Diff: 139564 | 18s elapsed (since last share, avg 1m4s) | best=128 target=30774 (999%)
[2026-09-16T05:37:19Z INFO  minertim::pool_connection] New job: J2BQ2FCeLt6GfeVP (difficulty: 139564, target: 36780000)
[2026-09-16T05:37:24Z INFO  minertim] H/s 1m:2171.9 5m:2291.2 10m:2272.2 | Shares: 339/0 (found:340) | Diff: 139564 | 28s elapsed (since last share, avg 1m4s) | best=128 target=30774 (999%)
[2026-09-16T05:37:34Z INFO  minertim] H/s 1m:2287.1 5m:2291.0 10m:2272.0 | Shares: 339/0 (found:340) | Diff: 139564 | 38s elapsed (since last share, avg 1m1s) | best=128 target=30774 (999%)
[2026-09-16T05:37:38Z INFO  minertim::pool_connection] New job: EQcO773mIA4mOpN2 (difficulty: 139564, target: 36780000)
[2026-09-16T05:37:44Z INFO  minertim] H/s 1m:2310.2 5m:2291.2 10m:2273.0 | Shares: 339/0 (found:340) | Diff: 139564 | 48s elapsed (since last share, avg 1m0s) | best=128 target=30774 (999%)
[2026-09-16T05:37:53Z INFO  minertim::pool_connection] New job: Lf9Nt03355LOFJep (difficulty: 139564, target: 36780000)
[2026-09-16T05:37:54Z INFO  minertim] H/s 1m:2343.3 5m:2311.2 10m:2274.2 | Shares: 339/0 (found:340) | Diff: 139564 | 58s elapsed (since last share, avg 59s) | best=128 target=30774 (999%)
[2026-09-16T05:37:55Z INFO  minertim::miner] Worker 1 SHARE FOUND! job_id=Lf9Nt03355LOFJep, nonce=39a7d102, hash_val=17146, difficulty=139564, hash=918c67c5e758fc1141e548e09a835fc5864fa9949c4f3b29c85a413efa420000
[2026-09-16T05:38:04Z INFO  minertim] H/s 1m:2242.0 5m:2300.5 10m:2264.4 | Shares: 339/0 (found:341) | Diff: 139564 | 8s elapsed (since last share, avg 1m2s) | best=128 target=30774 (999%)
[2026-09-16T05:38:06Z INFO  minertim::pool_connection] New job: 677WjnQI1kX0ltwC (difficulty: 93737, target: fbb20000)
[2026-09-16T05:38:07Z INFO  minertim::pool_connection] Share accepted by pool
[2026-09-16T05:38:13Z INFO  minertim::pool_connection] New job: JDNs3q0NvhAc8w1r (difficulty: 93737, target: fbb20000)
[2026-09-16T05:38:14Z INFO  minertim] H/s 1m:2212.2 5m:2297.8 10m:2261.5 | Shares: 340/0 (found:341) | Diff: 93737 | 18s elapsed (since last share, avg 42s) | best=128 target=45819 (999%)
[2026-09-16T05:38:24Z INFO  minertim] H/s 1m:2213.5 5m:2298.5 10m:2271.3 | Shares: 340/0 (found:341) | Diff: 93737 | 28s elapsed (since last share, avg 42s) | best=128 target=45819 (999%)
[2026-09-16T05:38:33Z INFO  minertim::pool_connection] New job: yUQ3uKy8HfmI5ovI (difficulty: 93737, target: fbb20000)
[2026-09-16T05:38:34Z INFO  minertim] H/s 1m:2213.2 5m:2298.6 10m:2275.4 | Shares: 340/0 (found:341) | Diff: 93737 | 38s elapsed (since last share, avg 42s) | best=128 target=45819 (999%)
[2026-09-16T05:38:36Z INFO  minertim::pool_connection] New job: GwSuPDMBkPwN8rlV (difficulty: 140606, target: 52770000)
[2026-09-16T05:38:44Z INFO  minertim] H/s 1m:2213.5 5m:2298.6 10m:2275.3 | Shares: 340/0 (found:341) | Diff: 140606 | 48s elapsed (since last share, avg 1m3s) | best=128 target=30546 (999%)
[2026-09-16T05:38:53Z INFO  minertim::pool_connection] New job: Bo5eL113ynEhWR3l (difficulty: 140606, target: 52770000)
[2026-09-16T05:38:54Z INFO  minertim] H/s 1m:2329.7 5m:2298.4 10m:2275.3 | Shares: 340/0 (found:341) | Diff: 140606 | 58s elapsed (since last share, avg 1m0s) | best=128 target=30546 (999%)
[2026-09-16T05:39:04Z INFO  minertim] H/s 1m:2359.3 5m:2297.1 10m:2274.9 | Shares: 340/0 (found:341) | Diff: 140606 | 1m8s elapsed (since last share, avg 59s) | best=128 target=30546 (999%)
[2026-09-16T05:39:07Z INFO  minertim::pool_connection] New job: ICi0Zc8tyEbN08zz (difficulty: 107240, target: 729c0000)
[2026-09-16T05:39:13Z INFO  minertim::pool_connection] New job: 0xndBtrPJykF3PF3 (difficulty: 107240, target: 729c0000)
[2026-09-16T05:39:14Z INFO  minertim] H/s 1m:2358.3 5m:2297.7 10m:2275.1 | Shares: 340/0 (found:341) | Diff: 107240 | 1m18s elapsed (since last share, avg 45s) | best=128 target=40050 (999%)
[2026-09-16T05:39:15Z INFO  minertim::miner] Worker 0 SHARE FOUND! job_id=0xndBtrPJykF3PF3, nonce=8c29ce02, hash_val=2790, difficulty=107240, hash=c3075d0589639b3989489a381835989e6731504f70806ee20242f21ae60a0000
[2026-09-16T05:39:24Z INFO  minertim] H/s 1m:2241.4 5m:2277.6 10m:2266.3 | Shares: 340/0 (found:342) | Diff: 107240 | 9s elapsed (since last share, avg 47s) | best=128 target=40050 (999%)
[2026-09-16T05:39:33Z INFO  minertim::pool_connection] New job: rwIx03PoFWF6csl0 (difficulty: 107240, target: 729c0000)
[2026-09-16T05:39:33Z INFO  minertim::pool_connection] Share accepted by pool
[2026-09-16T05:39:34Z INFO  minertim] H/s 1m:2138.4 5m:2259.9 10m:2258.5 | Shares: 341/0 (found:342) | Diff: 107240 | 19s elapsed (since last share, avg 50s) | best=128 target=40050 (999%)
[2026-09-16T05:39:37Z INFO  minertim::pool_connection] New job: beP04MWwayw1bkMY (difficulty: 160860, target: 4c680000)
[2026-09-16T05:39:44Z INFO  minertim] H/s 1m:2136.4 5m:2259.7 10m:2260.5 | Shares: 341/0 (found:342) | Diff: 160860 | 29s elapsed (since last share, avg 1m15s) | best=128 target=26700 (999%)
[2026-09-16T05:39:53Z INFO  minertim::pool_connection] New job: 67qpRBaXaTzrldK1 (difficulty: 160860, target: 4c680000)
[2026-09-16T05:39:54Z INFO  minertim] H/s 1m:2135.0 5m:2260.3 10m:2263.8 | Shares: 341/0 (found:342) | Diff: 160860 | 39s elapsed (since last share, avg 1m15s) | best=128 target=26700 (999%)
[2026-09-16T05:40:04Z INFO  minertim] H/s 1m:2136.1 5m:2261.6 10m:2265.3 | Shares: 341/0 (found:342) | Diff: 160860 | 49s elapsed (since last share, avg 1m15s) | best=128 target=26700 (999%)
[2026-09-16T05:40:13Z INFO  minertim::pool_connection] New job: 32zDpGgfk7o05ZDk (difficulty: 160860, target: 4c680000)
[2026-09-16T05:40:14Z INFO  minertim] H/s 1m:2239.9 5m:2260.3 10m:2275.7 | Shares: 341/0 (found:342) | Diff: 160860 | 59s elapsed (since last share, avg 1m11s) | best=128 target=26700 (999%)
[2026-09-16T05:40:24Z INFO  minertim] H/s 1m:2341.9 5m:2260.8 10m:2280.5 | Shares: 341/0 (found:342) | Diff: 160860 | 1m9s elapsed (since last share, avg 1m8s) | best=128 target=26700 (999%)
[2026-09-16T05:40:26Z INFO  minertim::miner] Worker 2 SHARE FOUND! job_id=32zDpGgfk7o05ZDk, nonce=2a4dd002, hash_val=10756, difficulty=160860, hash=5493c977a8274c2f99079e4601bf4e437aa4604e57833f3c0fdc8fd7042a0000
[2026-09-16T05:40:33Z INFO  minertim::pool_connection] New job: mIjOEMsrUcINkEDh (difficulty: 160860, target: 4c680000)
[2026-09-16T05:40:33Z INFO  minertim::pool_connection] Share accepted by pool
[2026-09-16T05:40:34Z INFO  minertim] H/s 1m:2276.0 5m:2249.1 10m:2274.9 | Shares: 342/0 (found:343) | Diff: 160860 | 7s elapsed (since last share, avg 1m10s) | best=128 target=26700 (999%)
[2026-09-16T05:40:37Z INFO  minertim::pool_connection] New job: Ds617dvCSfZMkCJT (difficulty: 120645, target: 108b0000)
[2026-09-16T05:40:44Z INFO  minertim] H/s 1m:2284.4 5m:2249.4 10m:2275.9 | Shares: 342/0 (found:343) | Diff: 120645 | 17s elapsed (since last share, avg 52s) | best=128 target=35600 (999%)
[2026-09-16T05:40:50Z INFO  minertim::pool_connection] New job: g0vW6Z9KlM4fvGET (difficulty: 120645, target: 108b0000)
[2026-09-16T05:40:54Z INFO  minertim] H/s 1m:2278.5 5m:2248.6 10m:2275.4 | Shares: 342/0 (found:343) | Diff: 120645 | 27s elapsed (since last share, avg 52s) | best=128 target=35600 (999%)
[2026-09-16T05:41:04Z INFO  minertim] H/s 1m:2290.8 5m:2248.7 10m:2275.3 | Shares: 342/0 (found:343) | Diff: 120645 | 37s elapsed (since last share, avg 52s) | best=128 target=35600 (999%)
[2026-09-16T05:41:10Z INFO  minertim::pool_connection] New job: nLIqeQcSWEz1HzyH (difficulty: 120645, target: 108b0000)
[2026-09-16T05:41:14Z INFO  minertim] H/s 1m:2270.8 5m:2246.3 10m:2274.7 | Shares: 342/0 (found:343) | Diff: 120645 | 47s elapsed (since last share, avg 53s) | best=128 target=35600 (999%)
[2026-09-16T05:41:23Z INFO  minertim::pool_connection] New job: 3BCfMuXKa1TgoVFp (difficulty: 120645, target: 108b0000)
[2026-09-16T05:41:24Z INFO  minertim] H/s 1m:2325.3 5m:2244.0 10m:2282.5 | Shares: 342/0 (found:343) | Diff: 120645 | 57s elapsed (since last share, avg 51s) | best=128 target=35600 (999%)
[2026-09-16T05:41:34Z INFO  minertim] H/s 1m:2318.3 5m:2262.8 10m:2282.3 | Shares: 342/0 (found:343) | Diff: 120645 | 1m7s elapsed (since last share, avg 52s) | best=128 target=35600 (999%)
[2026-09-16T05:41:35Z INFO  minertim::miner] Worker 1 SHARE FOUND! job_id=3BCfMuXKa1TgoVFp, nonce=2923d902, hash_val=1914, difficulty=120645, hash=1f297cfaacc2a7217a0a31dc275f15caf06505df1f12841475100d657a070000
[2026-09-16T05:41:37Z INFO  minertim::pool_connection] New job: RBf5VbHLwL9NnEaB (difficulty: 84830, target: c6c50000)
[2026-09-16T05:41:37Z INFO  minertim::pool_connection] Share accepted by pool
[2026-09-16T05:41:37Z INFO  minertim::pool_connection] New job: uFuJVa5T5Bfd003Q (difficulty: 84830, target: c6c50000)
[2026-09-16T05:41:41Z INFO  minertim::miner] Worker 3 SHARE FOUND! job_id=uFuJVa5T5Bfd003Q, nonce=337ed102, hash_val=29268, difficulty=84830, hash=7157986f6644f63db8dcc9f12fd3ea1b46af050b277be973761a549e54720000
[2026-09-16T05:41:44Z INFO  minertim] H/s 1m:2246.0 5m:2253.3 10m:2277.3 | Shares: 343/0 (found:345) | Diff: 84830 | 2s elapsed (since last share, avg 37s) | best=128 target=50630 (999%)
[2026-09-16T05:41:54Z INFO  minertim] H/s 1m:2131.2 5m:2239.1 10m:2268.3 | Shares: 343/0 (found:345) | Diff: 84830 | 12s elapsed (since last share, avg 39s) | best=128 target=50630 (999%)
[2026-09-16T05:41:57Z INFO  minertim::pool_connection] New job: zUp2b2AA2AS2Z0Gj (difficulty: 84830, target: c6c50000)
[2026-09-16T05:41:57Z INFO  minertim::pool_connection] Share accepted by pool
[2026-09-16T05:42:04Z INFO  minertim] H/s 1m:2135.8 5m:2238.9 10m:2267.3 | Shares: 344/0 (found:345) | Diff: 84830 | 22s elapsed (since last share, avg 39s) | best=128 target=50630 (999%)
[2026-09-16T05:42:07Z INFO  minertim::pool_connection] New job: JwoTfJPNx19GYWnQ (difficulty: 127246, target: d9830000)
[2026-09-16T05:42:14Z INFO  minertim] H/s 1m:2146.7 5m:2239.6 10m:2267.1 | Shares: 344/0 (found:345) | Diff: 127246 | 32s elapsed (since last share, avg 59s) | best=128 target=33753 (999%)
[2026-09-16T05:42:17Z INFO  minertim::pool_connection] New job: bboYlxXgR58Y36ou (difficulty: 127246, target: d9830000)
[2026-09-16T05:42:24Z INFO  minertim] H/s 1m:2153.4 5m:2239.8 10m:2267.1 | Shares: 344/0 (found:345) | Diff: 127246 | 42s elapsed (since last share, avg 59s) | best=128 target=33753 (999%)
[2026-09-16T05:42:34Z INFO  minertim] H/s 1m:2214.8 5m:2236.8 10m:2265.7 | Shares: 344/0 (found:345) | Diff: 127246 | 52s elapsed (since last share, avg 57s) | best=128 target=33753 (999%)
[2026-09-16T05:42:37Z INFO  minertim::pool_connection] New job: 3Mg88Vzwn8NpkYOF (difficulty: 127246, target: d9830000)
[2026-09-16T05:42:44Z INFO  minertim] H/s 1m:2316.1 5m:2234.4 10m:2264.5 | Shares: 344/0 (found:345) | Diff: 127246 | 1m2s elapsed (since last share, avg 54s) | best=128 target=33753 (999%)
[2026-09-16T05:42:54Z INFO  minertim] H/s 1m:2327.7 5m:2253.7 10m:2274.0 | Shares: 344/0 (found:345) | Diff: 127246 | 1m12s elapsed (since last share, avg 54s) | best=128 target=33753 (999%)
[2026-09-16T05:42:57Z INFO  minertim::pool_connection] New job: xfXOZOePozERpudH (difficulty: 127246, target: d9830000)
[2026-09-16T05:43:04Z INFO  minertim] H/s 1m:2330.4 5m:2260.0 10m:2278.6 | Shares: 344/0 (found:345) | Diff: 127246 | 1m22s elapsed (since last share, avg 54s) | best=128 target=33753 (999%)
[2026-09-16T05:43:07Z INFO  minertim::pool_connection] New job: pA0MnwvSn7FjhuH0 (difficulty: 81801, target: 19cd0000)
[2026-09-16T05:43:14Z INFO  minertim] H/s 1m:2330.1 5m:2259.9 10m:2280.3 | Shares: 344/0 (found:345) | Diff: 81801 | 1m32s elapsed (since last share, avg 35s) | best=128 target=52505 (999%)
[2026-09-16T05:43:16Z INFO  minertim::pool_connection] New job: LnVJVNiAwXWA8kca (difficulty: 81801, target: 19cd0000)
[2026-09-16T05:43:20Z INFO  minertim::miner] Worker 0 SHARE FOUND! job_id=LnVJVNiAwXWA8kca, nonce=d043d602, hash_val=14892, difficulty=81801, hash=7e1338bed3262a9ce582790b017733821eef6d4582680f760320d6102c3a0000
[2026-09-16T05:43:22Z INFO  minertim::miner] Worker 1 SHARE FOUND! job_id=LnVJVNiAwXWA8kca, nonce=0df0dc02, hash_val=22415, difficulty=81801, hash=c0627428b7dc61bec9b3dc03a0703408bca733155e453ed97c7f340a8f570000
[2026-09-16T05:43:24Z INFO  minertim] H/s 1m:2288.1 5m:2249.7 10m:2275.7 | Shares: 344/0 (found:347) | Diff: 81801 | 1s elapsed (since last share, avg 35s) | best=128 target=52505 (999%)
[2026-09-16T05:43:34Z INFO  minertim] H/s 1m:2069.4 5m:2209.6 10m:2256.0 | Shares: 344/0 (found:347) | Diff: 81801 | 11s elapsed (since last share, avg 39s) | best=128 target=52505 (999%)
[2026-09-16T05:43:36Z INFO  minertim::pool_connection] New job: min40L7SOuFvWqJY (difficulty: 81801, target: 19cd0000)
[2026-09-16T05:43:37Z INFO  minertim::pool_connection] Share accepted by pool
[2026-09-16T05:43:37Z INFO  minertim::pool_connection] Share accepted by pool
[2026-09-16T05:43:37Z INFO  minertim::pool_connection] New job: b0V6Svq5GAbHNx2O (difficulty: 122702, target: bb880000)
[2026-09-16T05:43:44Z INFO  minertim] H/s 1m:1986.5 5m:2194.5 10m:2248.5 | Shares: 346/0 (found:347) | Diff: 122702 | 21s elapsed (since last share, avg 1m1s) | best=128 target=35003 (999%)
[2026-09-16T05:43:54Z INFO  minertim] H/s 1m:1986.5 5m:2195.7 10m:2248.5 | Shares: 346/0 (found:347) | Diff: 122702 | 31s elapsed (since last share, avg 1m1s) | best=128 target=35003 (999%)
[2026-09-16T05:43:56Z INFO  minertim::pool_connection] New job: WBDL8rYDJSalKOiP (difficulty: 122702, target: bb880000)
[2026-09-16T05:44:04Z INFO  minertim] H/s 1m:1970.7 5m:2193.1 10m:2247.1 | Shares: 346/0 (found:347) | Diff: 122702 | 41s elapsed (since last share, avg 1m2s) | best=128 target=35003 (999%)
[2026-09-16T05:44:14Z INFO  minertim] H/s 1m:2012.8 5m:2210.3 10m:2246.0 | Shares: 346/0 (found:347) | Diff: 122702 | 51s elapsed (since last share, avg 1m0s) | best=128 target=35003 (999%)
[2026-09-16T05:44:15Z INFO  minertim::miner] Worker 1 SHARE FOUND! job_id=WBDL8rYDJSalKOiP, nonce=394cde02, hash_val=5367, difficulty=122702, hash=859d6c3ab39a35d5ac0c07ab3332a1f0ebff702f7609b6b86bf1f72ff7140000
[2026-09-16T05:44:16Z INFO  minertim::pool_connection] New job: 6Z0pTBp7bfYjFxJv (difficulty: 122702, target: bb880000)
[2026-09-16T05:44:16Z INFO  minertim::pool_connection] Share accepted by pool
[2026-09-16T05:44:24Z INFO  minertim] H/s 1m:2227.1 5m:2224.8 10m:2244.5 | Shares: 347/0 (found:348) | Diff: 122702 | 9s elapsed (since last share, avg 55s) | best=128 target=35003 (999%)
[2026-09-16T05:44:34Z INFO  minertim] H/s 1m:2314.9 5m:2225.3 10m:2244.5 | Shares: 347/0 (found:348) | Diff: 122702 | 19s elapsed (since last share, avg 53s) | best=128 target=35003 (999%)
[2026-09-16T05:44:36Z INFO  minertim::pool_connection] New job: EkWrP3v0TrvSSAGg (difficulty: 122702, target: bb880000)
[2026-09-16T05:44:44Z INFO  minertim] H/s 1m:2314.6 5m:2226.7 10m:2244.5 | Shares: 347/0 (found:348) | Diff: 122702 | 29s elapsed (since last share, avg 53s) | best=128 target=35003 (999%)
[2026-09-16T05:44:47Z INFO  minertim::pool_connection] New job: VFGBLw50bR6u2v04 (difficulty: 122702, target: bb880000)
[2026-09-16T05:44:54Z INFO  minertim] H/s 1m:2330.8 5m:2226.6 10m:2245.5 | Shares: 347/0 (found:348) | Diff: 122702 | 39s elapsed (since last share, avg 52s) | best=128 target=35003 (999%)
[2026-09-16T05:45:04Z INFO  minertim] H/s 1m:2346.5 5m:2228.7 10m:2246.1 | Shares: 347/0 (found:348) | Diff: 122702 | 49s elapsed (since last share, avg 52s) | best=128 target=35003 (999%)
[2026-09-16T05:45:07Z INFO  minertim::pool_connection] New job: Owxl3R8zDaIkTa09 (difficulty: 122702, target: bb880000)
[2026-09-16T05:45:12Z INFO  minertim::pool_connection] New job: fdpYobSeZUd0Kv1G (difficulty: 122702, target: bb880000)
[2026-09-16T05:45:14Z INFO  minertim] H/s 1m:2364.9 5m:2228.8 10m:2246.6 | Shares: 347/0 (found:348) | Diff: 122702 | 59s elapsed (since last share, avg 51s) | best=128 target=35003 (999%)
[2026-09-16T05:45:24Z INFO  minertim] H/s 1m:2363.4 5m:2240.3 10m:2246.8 | Shares: 347/0 (found:348) | Diff: 122702 | 1m9s elapsed (since last share, avg 51s) | best=128 target=35003 (999%)
[2026-09-16T05:45:30Z INFO  minertim::miner] Worker 0 SHARE FOUND! job_id=fdpYobSeZUd0Kv1G, nonce=1450da02, hash_val=23465, difficulty=122702, hash=37c642363c5f5287095ee6bb5c1933018888bf7df53e2a62577c519aa95b0000
[2026-09-16T05:45:32Z INFO  minertim::pool_connection] New job: 20WnDRScc2UIjGrK (difficulty: 122702, target: bb880000)
[2026-09-16T05:45:32Z INFO  minertim::pool_connection] Share accepted by pool
[2026-09-16T05:45:34Z INFO  minertim] H/s 1m:2325.9 5m:2233.9 10m:2243.6 | Shares: 348/0 (found:349) | Diff: 122702 | 4s elapsed (since last share, avg 52s) | best=128 target=35003 (999%)
[2026-09-16T05:45:44Z INFO  minertim] H/s 1m:2308.4 5m:2231.8 10m:2242.2 | Shares: 348/0 (found:349) | Diff: 122702 | 14s elapsed (since last share, avg 53s) | best=128 target=35003 (999%)
[2026-09-16T05:45:52Z INFO  minertim::pool_connection] New job: 26TmoTuDZobaH7xq (difficulty: 122702, target: bb880000)
[2026-09-16T05:45:54Z INFO  minertim] H/s 1m:2304.0 5m:2231.0 10m:2241.9 | Shares: 348/0 (found:349) | Diff: 122702 | 24s elapsed (since last share, avg 53s) | best=128 target=35003 (999%)
[2026-09-16T05:45:58Z INFO  minertim::pool_connection] New job: VPG6DG7KjGK3nfHn (difficulty: 122702, target: bb880000)
[2026-09-16T05:46:04Z INFO  minertim] H/s 1m:2299.3 5m:2233.7 10m:2241.6 | Shares: 348/0 (found:349) | Diff: 122702 | 34s elapsed (since last share, avg 53s) | best=128 target=35003 (999%)
[2026-09-16T05:46:14Z INFO  minertim] H/s 1m:2300.7 5m:2236.1 10m:2242.2 | Shares: 348/0 (found:349) | Diff: 122702 | 44s elapsed (since last share, avg 53s) | best=128 target=35003 (999%)
[2026-09-16T05:46:18Z INFO  minertim::pool_connection] New job: BiohHIYPWDm7qVJu (difficulty: 122702, target: bb880000)
[2026-09-16T05:46:24Z INFO  minertim] H/s 1m:2329.4 5m:2235.7 10m:2241.4 | Shares: 348/0 (found:349) | Diff: 122702 | 54s elapsed (since last share, avg 52s) | best=128 target=35003 (999%)
[2026-09-16T05:46:34Z INFO  minertim] H/s 1m:2323.0 5m:2245.1 10m:2249.2 | Shares: 348/0 (found:349) | Diff: 122702 | 1m4s elapsed (since last share, avg 52s) | best=128 target=35003 (999%)
[2026-09-16T05:46:37Z INFO  minertim::pool_connection] New job: nHo1epqP0b4b0S2O (difficulty: 92026, target: 4fb60000)
[2026-09-16T05:46:38Z INFO  minertim::pool_connection] New job: TN3k1FKwbsQjt72E (difficulty: 92026, target: 4fb60000)
[2026-09-16T05:46:44Z INFO  minertim] H/s 1m:2314.6 5m:2262.6 10m:2250.0 | Shares: 348/0 (found:349) | Diff: 92026 | 1m14s elapsed (since last share, avg 39s) | best=128 target=46671 (999%)
[2026-09-16T05:46:54Z INFO  minertim] H/s 1m:2316.3 5m:2264.9 10m:2252.5 | Shares: 348/0 (found:349) | Diff: 92026 | 1m24s elapsed (since last share, avg 39s) | best=128 target=46671 (999%)
[2026-09-16T05:46:58Z INFO  minertim::pool_connection] New job: TF0Wl2VsV4T0fHqs (difficulty: 92026, target: 4fb60000)
[2026-09-16T05:47:04Z INFO  minertim] H/s 1m:2310.5 5m:2264.3 10m:2253.3 | Shares: 348/0 (found:349) | Diff: 92026 | 1m34s elapsed (since last share, avg 39s) | best=128 target=46671 (999%)
[2026-09-16T05:47:14Z INFO  minertim] H/s 1m:2317.8 5m:2264.1 10m:2253.8 | Shares: 348/0 (found:349) | Diff: 92026 | 1m44s elapsed (since last share, avg 39s) | best=128 target=46671 (999%)
[2026-09-16T05:47:18Z INFO  minertim::pool_connection] New job: nZRfINVfjcf8SIU0 (difficulty: 92026, target: 4fb60000)
[2026-09-16T05:47:24Z INFO  minertim] H/s 1m:2342.3 5m:2267.0 10m:2253.9 | Shares: 348/0 (found:349) | Diff: 92026 | 1m54s elapsed (since last share, avg 39s) | best=128 target=46671 (999%)
[2026-09-16T05:47:28Z INFO  minertim::pool_connection] New job: Hp4cdaf9SGuWGpIC (difficulty: 92026, target: 4fb60000)
[2026-09-16T05:47:34Z INFO  minertim] H/s 1m:2349.4 5m:2268.3 10m:2253.3 | Shares: 348/0 (found:349) | Diff: 92026 | 2m4s elapsed (since last share, avg 39s) | best=128 target=46671 (999%)
[2026-09-16T05:47:37Z INFO  minertim::pool_connection] New job: Fzh0kaemjbSpKchd (difficulty: 69019, target: 14f30000)
[2026-09-16T05:47:44Z INFO  minertim] H/s 1m:2350.3 5m:2268.8 10m:2253.1 | Shares: 348/0 (found:349) | Diff: 69019 | 2m14s elapsed (since last share, avg 29s) | best=128 target=62228 (999%)
[2026-09-16T05:47:48Z INFO  minertim::pool_connection] New job: h9NTcyfXYRTb70ws (difficulty: 69019, target: 14f30000)
[2026-09-16T05:47:54Z INFO  minertim] H/s 1m:2356.6 5m:2268.8 10m:2263.0 | Shares: 348/0 (found:349) | Diff: 69019 | 2m24s elapsed (since last share, avg 29s) | best=128 target=62228 (999%)
[2026-09-16T05:48:04Z INFO  minertim] H/s 1m:2357.9 5m:2268.9 10m:2266.1 | Shares: 348/0 (found:349) | Diff: 69019 | 2m34s elapsed (since last share, avg 29s) | best=128 target=62228 (999%)
[2026-09-16T05:48:08Z INFO  minertim::pool_connection] New job: hpROAA0jdkizlIw0 (difficulty: 69019, target: 14f30000)
[2026-09-16T05:48:14Z INFO  minertim] H/s 1m:2358.0 5m:2279.1 10m:2266.1 | Shares: 348/0 (found:349) | Diff: 69019 | 2m44s elapsed (since last share, avg 29s) | best=128 target=62228 (999%)
[2026-09-16T05:48:19Z INFO  minertim::pool_connection] New job: zy7pLq2BukoQuuqZ (difficulty: 69019, target: 14f30000)
[2026-09-16T05:48:24Z INFO  minertim] H/s 1m:2358.6 5m:2318.2 10m:2265.6 | Shares: 348/0 (found:349) | Diff: 69019 | 2m54s elapsed (since last share, avg 29s) | best=128 target=62228 (999%)
[2026-09-16T05:48:34Z INFO  minertim] H/s 1m:2359.6 5m:2333.1 10m:2265.5 | Shares: 348/0 (found:349) | Diff: 69019 | 3m4s elapsed (since last share, avg 29s) | best=128 target=62228 (999%)
[2026-09-16T05:48:37Z INFO  minertim::pool_connection] New job: VVyyc8hZy1mzqR7t (difficulty: 51764, target: 1c440100)
[2026-09-16T05:48:39Z INFO  minertim::pool_connection] New job: V0YRyA0Juuaauu5X (difficulty: 51764, target: 1c440100)
[2026-09-16T05:48:44Z INFO  minertim] H/s 1m:2358.4 5m:2333.0 10m:2265.5 | Shares: 348/0 (found:349) | Diff: 51764 | 3m14s elapsed (since last share, avg 21s) | best=128 target=82972 (999%)
[2026-09-16T05:48:51Z INFO  minertim::miner] Worker 3 SHARE FOUND! job_id=V0YRyA0Juuaauu5X, nonce=8f4ee002, hash_val=60248, difficulty=51764, hash=c93a3301e4be9229a8710ca03c87f2429cb82ed8c0de74e98a0ffc0b58eb0000
[2026-09-16T05:48:54Z INFO  minertim] H/s 1m:2300.5 5m:2325.8 10m:2261.1 | Shares: 348/0 (found:350) | Diff: 51764 | 3s elapsed (since last share, avg 22s) | best=128 target=82972 (999%)
[2026-09-16T05:48:59Z INFO  minertim::pool_connection] New job: cw2MlG0l08EdTPlh (difficulty: 51764, target: 1c440100)
[2026-09-16T05:48:59Z INFO  minertim::pool_connection] Share accepted by pool
[2026-09-16T05:49:04Z INFO  minertim] H/s 1m:2289.1 5m:2326.7 10m:2260.3 | Shares: 349/0 (found:350) | Diff: 51764 | 13s elapsed (since last share, avg 22s) | best=128 target=82972 (999%)
[2026-09-16T05:49:07Z INFO  minertim::pool_connection] New job: MDCs4eogqcCgaDx4 (difficulty: 77647, target: 12d80000)
[2026-09-16T05:49:14Z INFO  minertim] H/s 1m:2292.9 5m:2329.5 10m:2270.0 | Shares: 349/0 (found:350) | Diff: 77647 | 23s elapsed (since last share, avg 33s) | best=128 target=55314 (999%)
[2026-09-16T05:49:18Z INFO  minertim::pool_connection] New job: snwxM75ZEaMfBb8S (difficulty: 77647, target: 12d80000)
[2026-09-16T05:49:24Z INFO  minertim] H/s 1m:2290.7 5m:2328.9 10m:2278.4 | Shares: 349/0 (found:350) | Diff: 77647 | 33s elapsed (since last share, avg 33s) | best=128 target=55314 (999%)
[2026-09-16T05:49:34Z INFO  minertim] H/s 1m:2291.7 5m:2329.0 10m:2278.6 | Shares: 349/0 (found:350) | Diff: 77647 | 43s elapsed (since last share, avg 33s) | best=128 target=55314 (999%)
[2026-09-16T05:49:38Z INFO  minertim::miner] Worker 1 SHARE FOUND! job_id=snwxM75ZEaMfBb8S, nonce=81cbe902, hash_val=13971, difficulty=77647, hash=28d2373db475b733fbdb4f12bcc83c5094d9284b99a1d9ea7f384ac893360000
[2026-09-16T05:49:38Z INFO  minertim::pool_connection] New job: Ehpu5hqtkK7ehIFZ (difficulty: 77647, target: 12d80000)
[2026-09-16T05:49:39Z INFO  minertim::pool_connection] Share accepted by pool
[2026-09-16T05:49:45Z INFO  minertim] H/s 1m:2332.5 5m:2326.0 10m:2277.9 | Shares: 350/0 (found:351) | Diff: 77647 | 6s elapsed (since last share, avg 33s) | best=128 target=55314 (999%)
[2026-09-16T05:49:53Z INFO  minertim::miner] Worker 2 SHARE FOUND! job_id=Ehpu5hqtkK7ehIFZ, nonce=0a66e402, hash_val=54600, difficulty=77647, hash=1971e2210b96395cd3b79bb7d295ca1fc89323e2cefc30120965b3c248d50000
[2026-09-16T05:49:55Z INFO  minertim] H/s 1m:2339.4 5m:2325.5 10m:2277.5 | Shares: 350/0 (found:352) | Diff: 77647 | 1s elapsed (since last share, avg 33s) | best=128 target=55314 (999%)
[2026-09-16T05:49:58Z INFO  minertim::pool_connection] New job: RmqFz5eSR50mkNZb (difficulty: 77647, target: 12d80000)
[2026-09-16T05:49:58Z INFO  minertim::pool_connection] Share accepted by pool
[2026-09-16T05:50:05Z INFO  minertim] H/s 1m:2287.4 5m:2316.2 10m:2274.0 | Shares: 351/0 (found:352) | Diff: 77647 | 11s elapsed (since last share, avg 33s) | best=128 target=55314 (999%)
[2026-09-16T05:50:07Z INFO  minertim::pool_connection] New job: C8W9ki7U1CTsLP9R (difficulty: 116470, target: 0c900000)
[2026-09-16T05:50:14Z INFO  minertim::miner] Worker 3 SHARE FOUND! job_id=C8W9ki7U1CTsLP9R, nonce=b308e302, hash_val=35602, difficulty=116470, hash=121bad2746a919d8faa674f61c1b154d92997f60b8b90e2bccb0212f128b0000
[2026-09-16T05:50:15Z INFO  minertim] H/s 1m:2291.4 5m:2316.5 10m:2274.1 | Shares: 351/0 (found:353) | Diff: 116470 | 0s elapsed (since last share, avg 50s) | best=128 target=36876 (999%)
[2026-09-16T05:50:18Z INFO  minertim::pool_connection] New job: todKQj9Hf304Eivy (difficulty: 116470, target: 0c900000)
[2026-09-16T05:50:18Z INFO  minertim::pool_connection] Share accepted by pool
[2026-09-16T05:50:25Z INFO  minertim] H/s 1m:2249.7 5m:2315.9 10m:2276.4 | Shares: 352/0 (found:353) | Diff: 116470 | 10s elapsed (since last share, avg 51s) | best=128 target=36876 (999%)
[2026-09-16T05:50:28Z INFO  minertim::miner] Worker 3 SHARE FOUND! job_id=todKQj9Hf304Eivy, nonce=ff64e302, hash_val=14812, difficulty=116470, hash=a6229eb390046719b538d13f9a88c37630470fb602082ce89ac59f96dc390000
[2026-09-16T05:50:35Z INFO  minertim] H/s 1m:2150.0 5m:2298.7 10m:2266.5 | Shares: 352/0 (found:354) | Diff: 116470 | 6s elapsed (since last share, avg 54s) | best=128 target=36876 (999%)
[2026-09-16T05:50:37Z INFO  minertim::pool_connection] New job: Zy42R1XP0yrQifbJ (difficulty: 174705, target: 08600000)
[2026-09-16T05:50:37Z INFO  minertim::pool_connection] Share accepted by pool
[2026-09-16T05:50:38Z INFO  minertim::pool_connection] New job: 0FJitu1kzhtvI3fw (difficulty: 174705, target: 08600000)
[2026-09-16T05:50:45Z INFO  minertim] H/s 1m:2143.3 5m:2297.8 10m:2266.1 | Shares: 353/0 (found:354) | Diff: 174705 | 16s elapsed (since last share, avg 1m21s) | best=128 target=24584 (999%)
[2026-09-16T05:50:55Z INFO  minertim] H/s 1m:2189.9 5m:2297.3 10m:2265.5 | Shares: 353/0 (found:354) | Diff: 174705 | 26s elapsed (since last share, avg 1m19s) | best=128 target=24584 (999%)
[2026-09-16T05:50:58Z INFO  minertim::pool_connection] New job: QnnLpah0g9cJZEK8 (difficulty: 174705, target: 08600000)
[2026-09-16T05:51:05Z INFO  minertim] H/s 1m:2184.6 5m:2296.5 10m:2266.8 | Shares: 353/0 (found:354) | Diff: 174705 | 36s elapsed (since last share, avg 1m19s) | best=128 target=24584 (999%)
[2026-09-16T05:51:07Z INFO  minertim::pool_connection] New job: XxgWqMCxGLePgQgh (difficulty: 262064, target: 05400000)
[2026-09-16T05:51:15Z INFO  minertim] H/s 1m:2225.2 5m:2297.9 10m:2267.9 | Shares: 353/0 (found:354) | Diff: 262064 | 46s elapsed (since last share, avg 1m57s) | best=128 target=16389 (999%)
[2026-09-16T05:51:16Z INFO  minertim::miner] Worker 1 SHARE FOUND! job_id=XxgWqMCxGLePgQgh, nonce=994ced02, hash_val=5488, difficulty=262064, hash=879c9606193eb2e5077751f5f61ef054e890ef2eae8587517ad9d18470150000
[2026-09-16T05:51:18Z INFO  minertim::pool_connection] New job: DOCd7ZRG0UMwZJXN (difficulty: 262064, target: 05400000)
[2026-09-16T05:51:18Z INFO  minertim::pool_connection] Share accepted by pool
[2026-09-16T05:51:25Z INFO  minertim] H/s 1m:2334.6 5m:2300.7 10m:2267.9 | Shares: 354/0 (found:355) | Diff: 262064 | 8s elapsed (since last share, avg 1m52s) | best=128 target=16389 (999%)
=== 21600s elapsed; stopping (SIGINT) at 15:51:25 ===

Shutting down...
[2026-09-16T05:51:25Z INFO  minertim::miner] Worker 3 stopped
[2026-09-16T05:51:25Z INFO  minertim::miner] Worker 2 stopped
[2026-09-16T05:51:25Z INFO  minertim::miner] Worker 0 stopped
[2026-09-16T05:51:25Z INFO  minertim::miner] Worker 1 stopped
[2026-09-16T05:51:33Z INFO  minertim::pool_connection] New job: 65hYp3yJsqc0q08x (difficulty: 262064, target: 05400000)
[2026-09-16T05:51:35Z INFO  minertim::miner] All mining workers stopped
[2026-09-16T05:51:35Z INFO  minertim] Miner stopped. Final stats: 354 accepted, 0 rejected
=== stopped 2026-09-16T05:51:35Z UTC ===
