[2026-10-04T00:50:11Z INFO  minertim] Native-loop JIT: on (requested) | share verification: on — requested state only; each worker reports its own effective state once its VM is built
[2026-10-04T00:50:11Z INFO  minertim] Donation: donate-level 5% of mining time, split 50/50 between the MinerTim author and XMRig. MinerTim is an AI-assisted Rust translation of XMRig. Adjust with --donate-level (minimum 1); see README.
[2026-10-04T00:50:11Z INFO  minertim] Connecting to monerohash.com:2222...
[2026-10-04T00:50:11Z INFO  minertim::pool_connection] Connecting to pool: monerohash.com:2222
[2026-10-04T00:50:12Z INFO  minertim::pool_connection] Connected to pool (plain TCP): monerohash.com:2222
[2026-10-04T00:50:12Z INFO  minertim::pool_connection] Login successful, session id: h7hg5GVTBEBJnIF2
[2026-10-04T00:50:12Z INFO  minertim::pool_connection] Initial job: KHGNNROPfrkUrwqW (difficulty: 50000, target: 8b4f0100)
[2026-10-04T00:50:12Z INFO  minertim::miner] Miner initialized: pool=monerohash.com:2222, threads=4
[2026-10-04T00:50:12Z INFO  minertim::miner] Starting in full mode (2 GiB dataset, shared across workers)
[2026-10-04T00:50:12Z INFO  minertim::miner] Started 4 mining worker threads
[2026-10-04T00:50:12Z INFO  minertim] Mining started with 4 threads. Press Ctrl+C to stop.
[2026-10-04T00:50:12Z INFO  minertim::miner] Worker 3 started
[2026-10-04T00:50:12Z INFO  minertim::miner] Worker 0 started
[2026-10-04T00:50:12Z INFO  minertim::miner] Worker 3 generating full RandomX dataset (~2 GiB)...
[2026-10-04T00:50:12Z INFO  minertim::miner] Worker 1 started
[2026-10-04T00:50:12Z INFO  minertim::miner] Worker 2 started
[2026-10-04T00:50:19Z INFO  minertim::pool_connection] New job: rdCkGEY0Mzg4mC2m (difficulty: 50000, target: 8b4f0100)
[2026-10-04T00:50:20Z INFO  minertim::randomx::dataset] Dataset generation: 16.1%
[2026-10-04T00:50:22Z INFO  minertim] H/s 1m:- 5m:- 10m:- | Shares: 0/0 (found:0) | Diff: 0 | 10s elapsed (no shares yet, avg ?) | waiting
[2026-10-04T00:50:28Z INFO  minertim::randomx::dataset] Dataset generation: 33.7%
[2026-10-04T00:50:32Z INFO  minertim] H/s 1m:0.0 5m:0.0 10m:0.0 | Shares: 0/0 (found:0) | Diff: 0 | 20s elapsed (no shares yet, avg ?) | waiting
[2026-10-04T00:50:35Z INFO  minertim::randomx::dataset] Dataset generation: 49.9%
[2026-10-04T00:50:38Z INFO  minertim::pool_connection] New job: HjUMKfrvgAR012HH (difficulty: 50000, target: 8b4f0100)
[2026-10-04T00:50:42Z INFO  minertim] H/s 1m:0.0 5m:0.0 10m:0.0 | Shares: 0/0 (found:0) | Diff: 0 | 30s elapsed (no shares yet, avg ?) | waiting
[2026-10-04T00:50:43Z INFO  minertim::randomx::dataset] Dataset generation: 63.1%
[2026-10-04T00:50:51Z INFO  minertim::randomx::dataset] Dataset generation: 85.1%
[2026-10-04T00:50:52Z INFO  minertim] H/s 1m:0.0 5m:0.0 10m:0.0 | Shares: 0/0 (found:0) | Diff: 0 | 40s elapsed (no shares yet, avg ?) | waiting
[2026-10-04T00:50:56Z INFO  minertim::miner] Dataset generated in 43.9s
[2026-10-04T00:50:56Z INFO  minertim::miner] Worker 3 ready with full dataset
[2026-10-04T00:50:56Z INFO  minertim::miner] Worker 0 ready with full dataset
[2026-10-04T00:50:56Z INFO  minertim::miner] Worker 2 ready with full dataset
[2026-10-04T00:50:56Z INFO  minertim::miner] Worker 1 ready with full dataset
[2026-10-04T00:50:56Z INFO  minertim::miner] Worker 3: native-loop JIT on | share verification on
[2026-10-04T00:50:56Z INFO  minertim::miner] Worker 0: native-loop JIT on | share verification on
[2026-10-04T00:50:56Z INFO  minertim::miner] Worker 1: native-loop JIT on | share verification on
[2026-10-04T00:50:56Z INFO  minertim::miner] Worker 2: native-loop JIT on | share verification on
[2026-10-04T00:50:58Z INFO  minertim::miner] Worker 2 SHARE FOUND! job_id=HjUMKfrvgAR012HH, nonce=7e150000, hash_val=71752, difficulty=50000, hash=a1843472e000b5321401e86df9cb30a53e8cf1be9280209c9f77557448180100
[2026-10-04T00:50:58Z INFO  minertim::pool_connection] Share submitted: rpc_id=2 job_id=HjUMKfrvgAR012HH nonce=7e150000 lock_wait_ms=6.558 write_ms=0.088
[2026-10-04T00:50:58Z INFO  minertim::miner] Worker 2 share timing: job_id=HjUMKfrvgAR012HH nonce=7e150000 verdict=SubmitVerified verify_ms=2.632 submit_call_ms=6.698 found_to_submit_ms=9.384
[2026-10-04T00:50:58Z INFO  minertim::pool_connection] New job: 6YdsgFdpZdbT0Xby (difficulty: 50000, target: 8b4f0100)
[2026-10-04T00:50:58Z INFO  minertim::pool_connection] Share accepted: rpc_id=2 job_id=HjUMKfrvgAR012HH nonce=7e150000 latency_ms=298
[2026-10-04T00:51:02Z INFO  minertim] H/s 1m:288.7 5m:288.7 10m:288.7 | Shares: 1/0 (found:1) | Diff: 50000 | 3s elapsed (since last share, avg 2m53s) | best=71752 target=85899 (120%)
[2026-10-04T00:51:11Z INFO  minertim::miner] Worker 0 SHARE FOUND! job_id=6YdsgFdpZdbT0Xby, nonce=788d0000, hash_val=37620, difficulty=50000, hash=8a386f5d94b64f83232dc12171998c21cdd350536a567bdd49a99750f4920000
[2026-10-04T00:51:12Z INFO  minertim::pool_connection] Share submitted: rpc_id=3 job_id=6YdsgFdpZdbT0Xby nonce=788d0000 lock_wait_ms=43.849 write_ms=0.082
[2026-10-04T00:51:12Z INFO  minertim::miner] Worker 0 share timing: job_id=6YdsgFdpZdbT0Xby nonce=788d0000 verdict=SubmitVerified verify_ms=2.738 submit_call_ms=43.975 found_to_submit_ms=46.758
[2026-10-04T00:51:12Z INFO  minertim::pool_connection] Share accepted: rpc_id=3 job_id=6YdsgFdpZdbT0Xby nonce=788d0000 latency_ms=260
[2026-10-04T00:51:12Z INFO  minertim] H/s 1m:696.1 5m:696.1 10m:696.1 | Shares: 2/0 (found:2) | Diff: 50000 | 0s elapsed (since last share, avg 1m11s) | best=37620 target=85899 (228%)
[2026-10-04T00:51:18Z INFO  minertim::pool_connection] New job: pLZ1JDKX28oCgVIO (difficulty: 50000, target: 8b4f0100)
[2026-10-04T00:51:20Z INFO  minertim::pool_connection] New job: e8dwlRlR3o0eY6nG (difficulty: 75000, target: b2df0000)
[2026-10-04T00:51:22Z INFO  minertim] H/s 1m:1161.1 5m:967.7 10m:967.7 | Shares: 2/0 (found:2) | Diff: 75000 | 10s elapsed (since last share, avg 1m4s) | best=37620 target=57266 (152%)
[2026-10-04T00:51:32Z INFO  minertim] H/s 1m:1628.6 5m:1163.4 10m:1163.4 | Shares: 2/0 (found:2) | Diff: 75000 | 20s elapsed (since last share, avg 46s) | best=37620 target=57266 (152%)
[2026-10-04T00:51:38Z INFO  minertim::pool_connection] New job: lyK2DKk6gSXPFvVh (difficulty: 75000, target: b2df0000)
[2026-10-04T00:51:42Z INFO  minertim] H/s 1m:2096.4 5m:1310.4 10m:1310.4 | Shares: 2/0 (found:2) | Diff: 75000 | 30s elapsed (since last share, avg 35s) | best=37620 target=57266 (152%)
[2026-10-04T00:51:52Z INFO  minertim] H/s 1m:2327.7 5m:1421.6 10m:1421.6 | Shares: 2/0 (found:2) | Diff: 75000 | 40s elapsed (since last share, avg 32s) | best=37620 target=57266 (152%)
[2026-10-04T00:51:58Z INFO  minertim::pool_connection] New job: VeeM0yAhb05dXdUh (difficulty: 75000, target: b2df0000)
[2026-10-04T00:52:02Z INFO  minertim] H/s 1m:2324.7 5m:1510.4 10m:1510.4 | Shares: 2/0 (found:2) | Diff: 75000 | 50s elapsed (since last share, avg 32s) | best=37620 target=57266 (152%)
[2026-10-04T00:52:12Z INFO  minertim] H/s 1m:2324.4 5m:1584.4 10m:1584.4 | Shares: 2/0 (found:2) | Diff: 75000 | 1m0s elapsed (since last share, avg 32s) | best=37620 target=57266 (152%)
[2026-10-04T00:52:18Z INFO  minertim::pool_connection] New job: iwv6hOXQmh9lrETh (difficulty: 75000, target: b2df0000)
[2026-10-04T00:52:20Z INFO  minertim::pool_connection] New job: ldd1ipnb2gy7mn21 (difficulty: 50000, target: 8b4f0100)
[2026-10-04T00:52:22Z INFO  minertim] H/s 1m:2322.8 5m:1646.5 10m:1646.5 | Shares: 2/0 (found:2) | Diff: 50000 | 1m10s elapsed (since last share, avg 21s) | best=37620 target=85899 (228%)
[2026-10-04T00:52:29Z INFO  minertim::pool_connection] New job: WVwjEQoRgmfjw4xX (difficulty: 50000, target: 8b4f0100)
[2026-10-04T00:52:32Z INFO  minertim] H/s 1m:2321.9 5m:1699.5 10m:1699.5 | Shares: 2/0 (found:2) | Diff: 50000 | 1m20s elapsed (since last share, avg 21s) | best=37620 target=85899 (228%)
[2026-10-04T00:52:42Z INFO  minertim] H/s 1m:2323.7 5m:1743.8 10m:1743.8 | Shares: 2/0 (found:2) | Diff: 50000 | 1m30s elapsed (since last share, avg 21s) | best=37620 target=85899 (228%)
[2026-10-04T00:52:49Z INFO  minertim::pool_connection] New job: REuQYWjdPzmtFGLC (difficulty: 50000, target: 8b4f0100)
[2026-10-04T00:52:51Z INFO  minertim::miner] Worker 3 SHARE FOUND! job_id=REuQYWjdPzmtFGLC, nonce=03300400, hash_val=66724, difficulty=50000, hash=00a3c7a7ec4a7306e67b4d94f54e36e3caa1224206e9b26d6a5ede8ea4040100
[2026-10-04T00:52:51Z INFO  minertim::pool_connection] Share submitted: rpc_id=6 job_id=REuQYWjdPzmtFGLC nonce=03300400 lock_wait_ms=46.171 write_ms=0.101
[2026-10-04T00:52:51Z INFO  minertim::miner] Worker 3 share timing: job_id=REuQYWjdPzmtFGLC nonce=03300400 verdict=SubmitVerified verify_ms=2.282 submit_call_ms=46.312 found_to_submit_ms=48.641
[2026-10-04T00:52:51Z INFO  minertim::pool_connection] Share accepted: rpc_id=6 job_id=REuQYWjdPzmtFGLC nonce=03300400 latency_ms=251
[2026-10-04T00:52:52Z INFO  minertim] H/s 1m:2323.3 5m:1781.4 10m:1781.4 | Shares: 3/0 (found:3) | Diff: 50000 | 0s elapsed (since last share, avg 21s) | best=37620 target=85899 (228%)
[2026-10-04T00:52:54Z INFO  minertim::miner] Worker 0 SHARE FOUND! job_id=REuQYWjdPzmtFGLC, nonce=1c2a0400, hash_val=44627, difficulty=50000, hash=faf6f02fd145ac7c12674bfec9b66f2bcd8245c40b9cf07d8ecbdb9853ae0000
[2026-10-04T00:52:54Z INFO  minertim::pool_connection] Share submitted: rpc_id=7 job_id=REuQYWjdPzmtFGLC nonce=1c2a0400 lock_wait_ms=15.348 write_ms=0.078
[2026-10-04T00:52:54Z INFO  minertim::miner] Worker 0 share timing: job_id=REuQYWjdPzmtFGLC nonce=1c2a0400 verdict=SubmitVerified verify_ms=1.817 submit_call_ms=15.464 found_to_submit_ms=17.327
[2026-10-04T00:52:55Z INFO  minertim::pool_connection] Share accepted: rpc_id=7 job_id=REuQYWjdPzmtFGLC nonce=1c2a0400 latency_ms=337
[2026-10-04T00:52:56Z INFO  minertim::miner] Worker 0 SHARE FOUND! job_id=REuQYWjdPzmtFGLC, nonce=34390400, hash_val=15360, difficulty=50000, hash=1b5c598c2c2347a58de89f09f4ba97e9730c29ae3225e1887a01ea77003c0000
[2026-10-04T00:52:56Z INFO  minertim::pool_connection] Share submitted: rpc_id=8 job_id=REuQYWjdPzmtFGLC nonce=34390400 lock_wait_ms=31.824 write_ms=0.086
[2026-10-04T00:52:56Z INFO  minertim::miner] Worker 0 share timing: job_id=REuQYWjdPzmtFGLC nonce=34390400 verdict=SubmitVerified verify_ms=1.791 submit_call_ms=31.954 found_to_submit_ms=33.779
[2026-10-04T00:52:56Z INFO  minertim::pool_connection] Share accepted: rpc_id=8 job_id=REuQYWjdPzmtFGLC nonce=34390400 latency_ms=254
[2026-10-04T00:53:02Z INFO  minertim] H/s 1m:2318.5 5m:1813.8 10m:1813.8 | Shares: 5/0 (found:5) | Diff: 50000 | 5s elapsed (since last share, avg 21s) | best=15360 target=85899 (559%)
[2026-10-04T00:53:09Z INFO  minertim::pool_connection] New job: 93k6AezEk1SW7Pfg (difficulty: 50000, target: 8b4f0100)
[2026-10-04T00:53:12Z INFO  minertim] H/s 1m:2316.1 5m:1843.5 10m:1843.5 | Shares: 5/0 (found:5) | Diff: 50000 | 15s elapsed (since last share, avg 21s) | best=15360 target=85899 (559%)
[2026-10-04T00:53:20Z INFO  minertim::pool_connection] New job: 3E3Rw1oI0z7KoQ6P (difficulty: 75000, target: b2df0000)
[2026-10-04T00:53:22Z INFO  minertim] H/s 1m:2315.4 5m:1870.6 10m:1870.6 | Shares: 5/0 (found:5) | Diff: 75000 | 25s elapsed (since last share, avg 32s) | best=15360 target=57266 (373%)
[2026-10-04T00:53:29Z INFO  minertim::pool_connection] New job: POBum6mwVfpkii5R (difficulty: 75000, target: b2df0000)
[2026-10-04T00:53:32Z INFO  minertim] H/s 1m:2317.6 5m:1894.8 10m:1894.8 | Shares: 5/0 (found:5) | Diff: 75000 | 35s elapsed (since last share, avg 32s) | best=15360 target=57266 (373%)
[2026-10-04T00:53:42Z INFO  minertim] H/s 1m:2321.7 5m:1916.5 10m:1916.5 | Shares: 5/0 (found:5) | Diff: 75000 | 45s elapsed (since last share, avg 32s) | best=15360 target=57266 (373%)
[2026-10-04T00:53:49Z INFO  minertim::pool_connection] New job: Sb316Vb9ABPNOx9q (difficulty: 75000, target: b2df0000)
[2026-10-04T00:53:52Z INFO  minertim] H/s 1m:2324.5 5m:1935.4 10m:1935.4 | Shares: 5/0 (found:5) | Diff: 75000 | 55s elapsed (since last share, avg 32s) | best=15360 target=57266 (373%)
[2026-10-04T00:54:02Z INFO  minertim] H/s 1m:2322.9 5m:1952.4 10m:1952.4 | Shares: 5/0 (found:5) | Diff: 75000 | 1m5s elapsed (since last share, avg 32s) | best=15360 target=57266 (373%)
[2026-10-04T00:54:04Z INFO  minertim::miner] Worker 1 SHARE FOUND! job_id=Sb316Vb9ABPNOx9q, nonce=f19e0600, hash_val=52420, difficulty=75000, hash=6222de781174a4eca276b3a8cf382f27443dd89799b2008dd7966cb8c4cc0000
[2026-10-04T00:54:04Z INFO  minertim::pool_connection] Share submitted: rpc_id=10 job_id=Sb316Vb9ABPNOx9q nonce=f19e0600 lock_wait_ms=2.270 write_ms=0.079
[2026-10-04T00:54:04Z INFO  minertim::miner] Worker 1 share timing: job_id=Sb316Vb9ABPNOx9q nonce=f19e0600 verdict=SubmitVerified verify_ms=2.490 submit_call_ms=2.387 found_to_submit_ms=4.945
[2026-10-04T00:54:04Z INFO  minertim::pool_connection] Share accepted: rpc_id=10 job_id=Sb316Vb9ABPNOx9q nonce=f19e0600 latency_ms=274
[2026-10-04T00:54:08Z INFO  minertim::pool_connection] New job: 2R7kVMO6cBwaUD8d (difficulty: 75000, target: b2df0000)
[2026-10-04T00:54:12Z INFO  minertim] H/s 1m:2315.9 5m:1967.4 10m:1967.4 | Shares: 6/0 (found:6) | Diff: 75000 | 7s elapsed (since last share, avg 32s) | best=15360 target=57266 (373%)
[2026-10-04T00:54:20Z INFO  minertim::pool_connection] New job: 4UXYuW9zD4ST09rZ (difficulty: 50000, target: 8b4f0100)
[2026-10-04T00:54:22Z INFO  minertim::miner] Worker 1 SHARE FOUND! job_id=4UXYuW9zD4ST09rZ, nonce=81400700, hash_val=69791, difficulty=50000, hash=c04f4e2483376e873006761d3bd3071d07058ea854d784ff954d674e9f100100
[2026-10-04T00:54:22Z INFO  minertim::pool_connection] Share submitted: rpc_id=12 job_id=4UXYuW9zD4ST09rZ nonce=81400700 lock_wait_ms=26.207 write_ms=0.080
[2026-10-04T00:54:22Z INFO  minertim::miner] Worker 1 share timing: job_id=4UXYuW9zD4ST09rZ nonce=81400700 verdict=SubmitVerified verify_ms=2.039 submit_call_ms=26.332 found_to_submit_ms=28.426
[2026-10-04T00:54:22Z INFO  minertim] H/s 1m:2316.4 5m:1982.6 10m:1982.6 | Shares: 6/0 (pending:1) (found:7) | Diff: 50000 | 0s elapsed (since last share, avg 21s) | best=15360 target=85899 (559%)
[2026-10-04T00:54:22Z INFO  minertim::pool_connection] Share accepted: rpc_id=12 job_id=4UXYuW9zD4ST09rZ nonce=81400700 latency_ms=271
[2026-10-04T00:54:28Z INFO  minertim::pool_connection] New job: IRYKgF2KFL7sGGV7 (difficulty: 50000, target: 8b4f0100)
[2026-10-04T00:54:32Z INFO  minertim] H/s 1m:2314.7 5m:1996.1 10m:1996.1 | Shares: 7/0 (found:7) | Diff: 50000 | 10s elapsed (since last share, avg 21s) | best=15360 target=85899 (559%)
[2026-10-04T00:54:35Z INFO  minertim::miner] Worker 2 SHARE FOUND! job_id=IRYKgF2KFL7sGGV7, nonce=7ab50700, hash_val=12285, difficulty=50000, hash=59cfe05854e978c5df0f6229e72e7f952542d14da376e567c7c4b042fd2f0000
[2026-10-04T00:54:35Z INFO  minertim::pool_connection] Share submitted: rpc_id=13 job_id=IRYKgF2KFL7sGGV7 nonce=7ab50700 lock_wait_ms=24.153 write_ms=0.081
[2026-10-04T00:54:35Z INFO  minertim::miner] Worker 2 share timing: job_id=IRYKgF2KFL7sGGV7 nonce=7ab50700 verdict=SubmitVerified verify_ms=2.284 submit_call_ms=24.278 found_to_submit_ms=26.619
[2026-10-04T00:54:35Z INFO  minertim::pool_connection] Share accepted: rpc_id=13 job_id=IRYKgF2KFL7sGGV7 nonce=7ab50700 latency_ms=348
[2026-10-04T00:54:39Z INFO  minertim::miner] Worker 2 SHARE FOUND! job_id=IRYKgF2KFL7sGGV7, nonce=52d90700, hash_val=67075, difficulty=50000, hash=e8e941a514519cab2d98aea451dc135a16e1ed8b04476eec7135fcaf03060100
[2026-10-04T00:54:39Z INFO  minertim::pool_connection] Share submitted: rpc_id=14 job_id=IRYKgF2KFL7sGGV7 nonce=52d90700 lock_wait_ms=5.853 write_ms=0.076
[2026-10-04T00:54:39Z INFO  minertim::miner] Worker 2 share timing: job_id=IRYKgF2KFL7sGGV7 nonce=52d90700 verdict=SubmitVerified verify_ms=1.935 submit_call_ms=5.973 found_to_submit_ms=7.960
[2026-10-04T00:54:39Z INFO  minertim::pool_connection] Share accepted: rpc_id=14 job_id=IRYKgF2KFL7sGGV7 nonce=52d90700 latency_ms=252
[2026-10-04T00:54:42Z INFO  minertim] H/s 1m:2314.7 5m:2008.3 10m:2008.3 | Shares: 9/0 (found:9) | Diff: 50000 | 3s elapsed (since last share, avg 21s) | best=12285 target=85899 (699%)
[2026-10-04T00:54:48Z INFO  minertim::pool_connection] New job: Jt4lKhwUDYLTCa8O (difficulty: 50000, target: 8b4f0100)
[2026-10-04T00:54:49Z INFO  minertim::miner] Worker 0 SHARE FOUND! job_id=Jt4lKhwUDYLTCa8O, nonce=a8300800, hash_val=19748, difficulty=50000, hash=5959203f3e02dd4e3228b1db183b61e34ae58ab9d102b73d17f459a8244d0000
[2026-10-04T00:54:49Z INFO  minertim::pool_connection] Share submitted: rpc_id=15 job_id=Jt4lKhwUDYLTCa8O nonce=a8300800 lock_wait_ms=36.551 write_ms=0.077
[2026-10-04T00:54:49Z INFO  minertim::miner] Worker 0 share timing: job_id=Jt4lKhwUDYLTCa8O nonce=a8300800 verdict=SubmitVerified verify_ms=2.002 submit_call_ms=36.667 found_to_submit_ms=38.726
[2026-10-04T00:54:50Z INFO  minertim::pool_connection] Share accepted: rpc_id=15 job_id=Jt4lKhwUDYLTCa8O nonce=a8300800 latency_ms=260
[2026-10-04T00:54:50Z INFO  minertim::pool_connection] New job: I07uMJauS2MHqvAe (difficulty: 75000, target: b2df0000)
[2026-10-04T00:54:52Z INFO  minertim] H/s 1m:2314.2 5m:2019.4 10m:2019.4 | Shares: 10/0 (found:10) | Diff: 75000 | 2s elapsed (since last share, avg 32s) | best=12285 target=57266 (466%)
[2026-10-04T00:55:02Z INFO  minertim] H/s 1m:2316.7 5m:2029.8 10m:2029.8 | Shares: 10/0 (found:10) | Diff: 75000 | 12s elapsed (since last share, avg 32s) | best=12285 target=57266 (466%)
[2026-10-04T00:55:08Z INFO  minertim::pool_connection] New job: B2RnPmI3G3A7Njga (difficulty: 75000, target: b2df0000)
[2026-10-04T00:55:12Z INFO  minertim] H/s 1m:2311.9 5m:2039.4 10m:2039.4 | Shares: 10/0 (found:10) | Diff: 75000 | 22s elapsed (since last share, avg 32s) | best=12285 target=57266 (466%)
[2026-10-04T00:55:22Z INFO  minertim] H/s 1m:2311.2 5m:2119.3 10m:2048.7 | Shares: 10/0 (found:10) | Diff: 75000 | 32s elapsed (since last share, avg 32s) | best=12285 target=57266 (466%)
[2026-10-04T00:55:24Z INFO  minertim::miner] Worker 3 SHARE FOUND! job_id=B2RnPmI3G3A7Njga, nonce=efb40900, hash_val=38710, difficulty=75000, hash=1b62f3176b135ae8dad2f7303877ec8661218b45e29ffd0fbb3a8f0836970000
[2026-10-04T00:55:24Z INFO  minertim::pool_connection] Share submitted: rpc_id=17 job_id=B2RnPmI3G3A7Njga nonce=efb40900 lock_wait_ms=34.454 write_ms=0.089
[2026-10-04T00:55:24Z INFO  minertim::miner] Worker 3 share timing: job_id=B2RnPmI3G3A7Njga nonce=efb40900 verdict=SubmitVerified verify_ms=1.786 submit_call_ms=34.598 found_to_submit_ms=36.434
[2026-10-04T00:55:24Z INFO  minertim::pool_connection] Share accepted: rpc_id=17 job_id=B2RnPmI3G3A7Njga nonce=efb40900 latency_ms=319
[2026-10-04T00:55:28Z INFO  minertim::pool_connection] New job: wc5UFQhZ1mo9dZo9 (difficulty: 75000, target: b2df0000)
[2026-10-04T00:55:32Z INFO  minertim] H/s 1m:2312.3 5m:2199.2 10m:2057.4 | Shares: 11/0 (found:11) | Diff: 75000 | 8s elapsed (since last share, avg 32s) | best=12285 target=57266 (466%)
[2026-10-04T00:55:42Z INFO  minertim] H/s 1m:2314.8 5m:2279.2 10m:2065.6 | Shares: 11/0 (found:11) | Diff: 75000 | 18s elapsed (since last share, avg 32s) | best=12285 target=57266 (466%)
[2026-10-04T00:55:48Z INFO  minertim::pool_connection] New job: ud0HqiEjc1RbOn40 (difficulty: 75000, target: b2df0000)
[2026-10-04T00:55:52Z INFO  minertim] H/s 1m:2316.0 5m:2319.2 10m:2073.2 | Shares: 11/0 (found:11) | Diff: 75000 | 28s elapsed (since last share, avg 32s) | best=12285 target=57266 (466%)
[2026-10-04T00:56:02Z INFO  minertim] H/s 1m:2315.5 5m:2318.6 10m:2080.0 | Shares: 11/0 (found:11) | Diff: 75000 | 38s elapsed (since last share, avg 32s) | best=12285 target=57266 (466%)
[2026-10-04T00:56:08Z INFO  minertim::pool_connection] New job: pmCUUOGxapOIRzWy (difficulty: 75000, target: b2df0000)
[2026-10-04T00:56:09Z INFO  minertim::miner] Worker 3 SHARE FOUND! job_id=pmCUUOGxapOIRzWy, nonce=b3590b00, hash_val=21499, difficulty=75000, hash=9547ff3d23b5a12aa2399a4b06bf7a4643ad6c71af103f0f84202bfdfb530000
[2026-10-04T00:56:09Z INFO  minertim::pool_connection] Share submitted: rpc_id=18 job_id=pmCUUOGxapOIRzWy nonce=b3590b00 lock_wait_ms=35.472 write_ms=0.085
[2026-10-04T00:56:09Z INFO  minertim::miner] Worker 3 share timing: job_id=pmCUUOGxapOIRzWy nonce=b3590b00 verdict=SubmitVerified verify_ms=1.642 submit_call_ms=35.608 found_to_submit_ms=37.301
[2026-10-04T00:56:09Z INFO  minertim::pool_connection] Share accepted: rpc_id=18 job_id=pmCUUOGxapOIRzWy nonce=b3590b00 latency_ms=253
[2026-10-04T00:56:12Z INFO  minertim] H/s 1m:2313.8 5m:2318.0 10m:2086.5 | Shares: 12/0 (found:12) | Diff: 75000 | 2s elapsed (since last share, avg 32s) | best=12285 target=57266 (466%)
[2026-10-04T00:56:12Z INFO  minertim::miner] Worker 0 SHARE FOUND! job_id=pmCUUOGxapOIRzWy, nonce=54150b00, hash_val=56773, difficulty=75000, hash=2963bd079dfde0888840321e7e6052cbd69f7a33d723965ac449aa9dc5dd0000
[2026-10-04T00:56:12Z INFO  minertim::pool_connection] Share submitted: rpc_id=20 job_id=pmCUUOGxapOIRzWy nonce=54150b00 lock_wait_ms=10.304 write_ms=0.078
[2026-10-04T00:56:12Z INFO  minertim::miner] Worker 0 share timing: job_id=pmCUUOGxapOIRzWy nonce=54150b00 verdict=SubmitVerified verify_ms=1.770 submit_call_ms=10.415 found_to_submit_ms=12.226
[2026-10-04T00:56:12Z INFO  minertim::pool_connection] Share accepted: rpc_id=20 job_id=pmCUUOGxapOIRzWy nonce=54150b00 latency_ms=350
[2026-10-04T00:56:20Z INFO  minertim::pool_connection] New job: PIJq9d0PCyd9nTiR (difficulty: 112501, target: 21950000)
[2026-10-04T00:56:22Z INFO  minertim] H/s 1m:2314.4 5m:2317.4 10m:2093.1 | Shares: 13/0 (found:13) | Diff: 112501 | 9s elapsed (since last share, avg 48s) | best=12285 target=38177 (311%)
[2026-10-04T00:56:27Z INFO  minertim::pool_connection] New job: HB0fJI0T0BUvpC7o (difficulty: 112501, target: 21950000)
[2026-10-04T00:56:32Z INFO  minertim] H/s 1m:2314.5 5m:2316.8 10m:2099.2 | Shares: 13/0 (found:13) | Diff: 112501 | 19s elapsed (since last share, avg 48s) | best=12285 target=38177 (311%)
[2026-10-04T00:56:42Z INFO  minertim] H/s 1m:2316.8 5m:2317.3 10m:2105.2 | Shares: 13/0 (found:13) | Diff: 112501 | 30s elapsed (since last share, avg 48s) | best=12285 target=38177 (311%)
[2026-10-04T00:56:47Z INFO  minertim::pool_connection] New job: kDMtkKfNJDeb0C0U (difficulty: 112501, target: 21950000)
[2026-10-04T00:56:52Z INFO  minertim] H/s 1m:2317.6 5m:2317.3 10m:2110.5 | Shares: 13/0 (found:13) | Diff: 112501 | 40s elapsed (since last share, avg 48s) | best=12285 target=38177 (311%)
[2026-10-04T00:57:02Z INFO  minertim] H/s 1m:2316.3 5m:2316.6 10m:2115.3 | Shares: 13/0 (found:13) | Diff: 112501 | 50s elapsed (since last share, avg 48s) | best=12285 target=38177 (311%)
[2026-10-04T00:57:07Z INFO  minertim::pool_connection] New job: pwbkSp0JAwINamNf (difficulty: 112501, target: 21950000)
[2026-10-04T00:57:12Z INFO  minertim] H/s 1m:2315.7 5m:2316.2 10m:2120.2 | Shares: 13/0 (found:13) | Diff: 112501 | 1m0s elapsed (since last share, avg 48s) | best=12285 target=38177 (311%)
[2026-10-04T00:57:19Z INFO  minertim::miner] Worker 2 SHARE FOUND! job_id=pwbkSp0JAwINamNf, nonce=4e760d00, hash_val=21014, difficulty=112501, hash=5049ddfce1575e2aab42f9ad47d94e09b69c3cb8628bef2ab5b08fd716520000
[2026-10-04T00:57:19Z INFO  minertim::pool_connection] Share submitted: rpc_id=22 job_id=pwbkSp0JAwINamNf nonce=4e760d00 lock_wait_ms=25.336 write_ms=0.081
[2026-10-04T00:57:19Z INFO  minertim::miner] Worker 2 share timing: job_id=pwbkSp0JAwINamNf nonce=4e760d00 verdict=SubmitVerified verify_ms=1.875 submit_call_ms=25.469 found_to_submit_ms=27.392
[2026-10-04T00:57:19Z INFO  minertim::pool_connection] Share accepted: rpc_id=22 job_id=pwbkSp0JAwINamNf nonce=4e760d00 latency_ms=275
[2026-10-04T00:57:20Z INFO  minertim::pool_connection] New job: DCKC7rpG2gSC9Oaz (difficulty: 75561, target: 09de0000)
[2026-10-04T00:57:22Z INFO  minertim] H/s 1m:2316.9 5m:2315.9 10m:2125.2 | Shares: 14/0 (found:14) | Diff: 75561 | 3s elapsed (since last share, avg 32s) | best=12285 target=56841 (463%)
[2026-10-04T00:57:27Z INFO  minertim::pool_connection] New job: re9kc9KNoPYyWNo7 (difficulty: 75561, target: 09de0000)
[2026-10-04T00:57:32Z INFO  minertim] H/s 1m:2316.7 5m:2316.1 10m:2129.8 | Shares: 14/0 (found:14) | Diff: 75561 | 13s elapsed (since last share, avg 32s) | best=12285 target=56841 (463%)
[2026-10-04T00:57:32Z INFO  minertim::miner] Worker 3 SHARE FOUND! job_id=re9kc9KNoPYyWNo7, nonce=af5c0e00, hash_val=39759, difficulty=75561, hash=05ec8a6dd14ee81eef6515eaf44f5e7f0e2550c5303ab3f6c4ce7ed94f9b0000
[2026-10-04T00:57:32Z INFO  minertim::pool_connection] Share submitted: rpc_id=23 job_id=re9kc9KNoPYyWNo7 nonce=af5c0e00 lock_wait_ms=42.151 write_ms=0.088
[2026-10-04T00:57:32Z INFO  minertim::miner] Worker 3 share timing: job_id=re9kc9KNoPYyWNo7 nonce=af5c0e00 verdict=SubmitVerified verify_ms=1.692 submit_call_ms=42.284 found_to_submit_ms=44.023
[2026-10-04T00:57:33Z INFO  minertim::pool_connection] Share accepted: rpc_id=23 job_id=re9kc9KNoPYyWNo7 nonce=af5c0e00 latency_ms=254
[2026-10-04T00:57:42Z INFO  minertim] H/s 1m:2317.8 5m:2316.4 10m:2134.0 | Shares: 15/0 (found:15) | Diff: 75561 | 9s elapsed (since last share, avg 32s) | best=12285 target=56841 (463%)
[2026-10-04T00:57:42Z INFO  minertim::miner] Worker 2 SHARE FOUND! job_id=re9kc9KNoPYyWNo7, nonce=ae4a0e00, hash_val=10658, difficulty=75561, hash=98d8b222ee709c624380c57872ca641ee10e75268c976d1e20aad526a2290000
[2026-10-04T00:57:42Z INFO  minertim::pool_connection] Share submitted: rpc_id=24 job_id=re9kc9KNoPYyWNo7 nonce=ae4a0e00 lock_wait_ms=10.989 write_ms=0.072
[2026-10-04T00:57:42Z INFO  minertim::miner] Worker 2 share timing: job_id=re9kc9KNoPYyWNo7 nonce=ae4a0e00 verdict=SubmitVerified verify_ms=1.638 submit_call_ms=11.097 found_to_submit_ms=12.763
[2026-10-04T00:57:42Z INFO  minertim::pool_connection] Share accepted: rpc_id=24 job_id=re9kc9KNoPYyWNo7 nonce=ae4a0e00 latency_ms=254
[2026-10-04T00:57:47Z INFO  minertim::pool_connection] New job: ACChQWLAq2eSX1vC (difficulty: 75561, target: 09de0000)
[2026-10-04T00:57:50Z INFO  minertim::pool_connection] New job: NgM3ELYwNirRs750 (difficulty: 113341, target: 06940000)
[2026-10-04T00:57:52Z INFO  minertim] H/s 1m:2321.1 5m:2317.1 10m:2138.2 | Shares: 16/0 (found:16) | Diff: 113341 | 9s elapsed (since last share, avg 48s) | best=10658 target=37894 (356%)
[2026-10-04T00:58:02Z INFO  minertim] H/s 1m:2317.7 5m:2316.5 10m:2141.7 | Shares: 16/0 (found:16) | Diff: 113341 | 19s elapsed (since last share, avg 48s) | best=10658 target=37894 (356%)
[2026-10-04T00:58:04Z INFO  minertim::miner] Worker 1 SHARE FOUND! job_id=NgM3ELYwNirRs750, nonce=850b0f00, hash_val=21567, difficulty=113341, hash=1b223043802580e9c510e6e55bded244f80dedc6cb0dcf9d031e17273f540000
[2026-10-04T00:58:04Z INFO  minertim::pool_connection] Share submitted: rpc_id=25 job_id=NgM3ELYwNirRs750 nonce=850b0f00 lock_wait_ms=33.875 write_ms=0.080
[2026-10-04T00:58:04Z INFO  minertim::miner] Worker 1 share timing: job_id=NgM3ELYwNirRs750 nonce=850b0f00 verdict=SubmitVerified verify_ms=1.819 submit_call_ms=34.010 found_to_submit_ms=35.881
[2026-10-04T00:58:04Z INFO  minertim::pool_connection] Share accepted: rpc_id=25 job_id=NgM3ELYwNirRs750 nonce=850b0f00 latency_ms=267
[2026-10-04T00:58:07Z INFO  minertim::pool_connection] New job: bmc4Qe2kbAlYsWtj (difficulty: 113341, target: 06940000)
[2026-10-04T00:58:12Z INFO  minertim] H/s 1m:2313.6 5m:2315.6 10m:2145.2 | Shares: 17/0 (found:17) | Diff: 113341 | 8s elapsed (since last share, avg 48s) | best=10658 target=37894 (356%)
[2026-10-04T00:58:20Z INFO  minertim::pool_connection] New job: wKuOLTVaHSlR70tW (difficulty: 170010, target: af620000)
[2026-10-04T00:58:22Z INFO  minertim] H/s 1m:2312.6 5m:2315.3 10m:2148.9 | Shares: 17/0 (found:17) | Diff: 170010 | 18s elapsed (since last share, avg 1m13s) | best=10658 target=25263 (237%)
[2026-10-04T00:58:27Z INFO  minertim::pool_connection] New job: O9BJqfQnebA8QQ07 (difficulty: 170010, target: af620000)
[2026-10-04T00:58:32Z INFO  minertim] H/s 1m:2313.6 5m:2315.0 10m:2152.4 | Shares: 17/0 (found:17) | Diff: 170010 | 28s elapsed (since last share, avg 1m13s) | best=10658 target=25263 (237%)
[2026-10-04T00:58:40Z INFO  minertim::pool_connection] New job: sEhs3h6Ljw6SXX0p (difficulty: 170010, target: af620000)
[2026-10-04T00:58:42Z INFO  minertim] H/s 1m:2314.0 5m:2315.2 10m:2155.7 | Shares: 17/0 (found:17) | Diff: 170010 | 38s elapsed (since last share, avg 1m13s) | best=10658 target=25263 (237%)
[2026-10-04T00:58:52Z INFO  minertim] H/s 1m:2316.3 5m:2315.4 10m:2158.8 | Shares: 17/0 (found:17) | Diff: 170010 | 48s elapsed (since last share, avg 1m13s) | best=10658 target=25263 (237%)
[2026-10-04T00:59:00Z INFO  minertim::pool_connection] New job: x6RM2xDc8x0qA6oG (difficulty: 170010, target: af620000)
[2026-10-04T00:59:02Z INFO  minertim] H/s 1m:2315.6 5m:2315.6 10m:2161.6 | Shares: 17/0 (found:17) | Diff: 170010 | 58s elapsed (since last share, avg 1m13s) | best=10658 target=25263 (237%)
[2026-10-04T00:59:06Z INFO  minertim::pool_connection] New job: 11fpN0eo5nuZfqBF (difficulty: 170010, target: af620000)
[2026-10-04T00:59:12Z INFO  minertim] H/s 1m:2313.8 5m:2314.8 10m:2164.4 | Shares: 17/0 (found:17) | Diff: 170010 | 1m8s elapsed (since last share, avg 1m13s) | best=10658 target=25263 (237%)
[2026-10-04T00:59:20Z INFO  minertim::pool_connection] New job: 6h1pb3oSCIfsqXMO (difficulty: 100664, target: aaa60000)
[2026-10-04T00:59:22Z INFO  minertim] H/s 1m:2315.2 5m:2315.1 10m:2167.5 | Shares: 17/0 (found:17) | Diff: 100664 | 1m18s elapsed (since last share, avg 43s) | best=10658 target=42666 (400%)
[2026-10-04T00:59:26Z INFO  minertim::pool_connection] New job: UYMhCwLPaI8imK0A (difficulty: 100664, target: aaa60000)
[2026-10-04T00:59:32Z INFO  minertim] H/s 1m:2315.8 5m:2315.4 10m:2170.3 | Shares: 17/0 (found:17) | Diff: 100664 | 1m28s elapsed (since last share, avg 43s) | best=10658 target=42666 (400%)
[2026-10-04T00:59:42Z INFO  minertim] H/s 1m:2317.5 5m:2315.9 10m:2173.0 | Shares: 17/0 (found:17) | Diff: 100664 | 1m38s elapsed (since last share, avg 43s) | best=10658 target=42666 (400%)
[2026-10-04T00:59:46Z INFO  minertim::pool_connection] New job: 77VMHQkGeHVLOgfX (difficulty: 100664, target: aaa60000)
[2026-10-04T00:59:52Z INFO  minertim] H/s 1m:2321.6 5m:2316.4 10m:2175.6 | Shares: 17/0 (found:17) | Diff: 100664 | 1m48s elapsed (since last share, avg 43s) | best=10658 target=42666 (400%)
[2026-10-04T01:00:02Z INFO  minertim] H/s 1m:2321.3 5m:2316.5 10m:2178.0 | Shares: 17/0 (found:17) | Diff: 100664 | 1m58s elapsed (since last share, avg 43s) | best=10658 target=42666 (400%)
[2026-10-04T01:00:06Z INFO  minertim::pool_connection] New job: 1IvUrtyJCBK3gGT3 (difficulty: 100664, target: aaa60000)
[2026-10-04T01:00:12Z INFO  minertim] H/s 1m:2319.1 5m:2316.4 10m:2180.3 | Shares: 17/0 (found:17) | Diff: 100664 | 2m8s elapsed (since last share, avg 43s) | best=10658 target=42666 (400%)
[2026-10-04T01:00:20Z INFO  minertim::pool_connection] New job: KFdCI9xVZl0LEUmB (difficulty: 75498, target: 38de0000)
[2026-10-04T01:00:22Z INFO  minertim] H/s 1m:2319.4 5m:2316.7 10m:2219.7 | Shares: 17/0 (found:17) | Diff: 75498 | 2m18s elapsed (since last share, avg 32s) | best=10658 target=56888 (534%)
[2026-10-04T01:00:26Z INFO  minertim::pool_connection] New job: daurDhXMNAzGT8PN (difficulty: 75498, target: 38de0000)
[2026-10-04T01:00:32Z INFO  minertim] H/s 1m:2318.9 5m:2316.6 10m:2259.0 | Shares: 17/0 (found:17) | Diff: 75498 | 2m28s elapsed (since last share, avg 32s) | best=10658 target=56888 (534%)
[2026-10-04T01:00:42Z INFO  minertim] H/s 1m:2319.1 5m:2316.9 10m:2298.4 | Shares: 17/0 (found:17) | Diff: 75498 | 2m38s elapsed (since last share, avg 32s) | best=10658 target=56888 (534%)
[2026-10-04T01:00:46Z INFO  minertim::pool_connection] New job: PtqkrYX5knnHwKAI (difficulty: 75498, target: 38de0000)
[2026-10-04T01:00:52Z INFO  minertim] H/s 1m:2319.2 5m:2317.1 10m:2318.0 | Shares: 17/0 (found:17) | Diff: 75498 | 2m48s elapsed (since last share, avg 32s) | best=10658 target=56888 (534%)
[2026-10-04T01:01:02Z INFO  minertim] H/s 1m:2317.8 5m:2317.1 10m:2317.7 | Shares: 17/0 (found:17) | Diff: 75498 | 2m58s elapsed (since last share, avg 32s) | best=10658 target=56888 (534%)
[2026-10-04T01:01:06Z INFO  minertim::pool_connection] New job: 6i0DAOrvLUEdGN8O (difficulty: 75498, target: 38de0000)
[2026-10-04T01:01:10Z INFO  minertim::miner] Worker 1 SHARE FOUND! job_id=6i0DAOrvLUEdGN8O, nonce=01931500, hash_val=16550, difficulty=75498, hash=0ba0ae9aa20780e866912df87e7284a4d5131de59546a7fee6988d1fa6400000
[2026-10-04T01:01:10Z INFO  minertim::pool_connection] Share submitted: rpc_id=29 job_id=6i0DAOrvLUEdGN8O nonce=01931500 lock_wait_ms=7.725 write_ms=0.081
[2026-10-04T01:01:10Z INFO  minertim::miner] Worker 1 share timing: job_id=6i0DAOrvLUEdGN8O nonce=01931500 verdict=SubmitVerified verify_ms=1.874 submit_call_ms=7.849 found_to_submit_ms=9.774
[2026-10-04T01:01:10Z INFO  minertim::pool_connection] Share accepted: rpc_id=29 job_id=6i0DAOrvLUEdGN8O nonce=01931500 latency_ms=380
[2026-10-04T01:01:12Z INFO  minertim] H/s 1m:2313.6 5m:2316.5 10m:2317.3 | Shares: 18/0 (found:18) | Diff: 75498 | 2s elapsed (since last share, avg 32s) | best=10658 target=56888 (534%)
[2026-10-04T01:01:22Z INFO  minertim] H/s 1m:2314.1 5m:2316.6 10m:2317.1 | Shares: 18/0 (found:18) | Diff: 75498 | 12s elapsed (since last share, avg 32s) | best=10658 target=56888 (534%)
[2026-10-04T01:01:26Z INFO  minertim::pool_connection] New job: gIlqCBEuUO4LOJYm (difficulty: 75498, target: 38de0000)
[2026-10-04T01:01:32Z INFO  minertim] H/s 1m:2314.3 5m:2316.5 10m:2316.8 | Shares: 18/0 (found:18) | Diff: 75498 | 22s elapsed (since last share, avg 32s) | best=10658 target=56888 (534%)
[2026-10-04T01:01:42Z INFO  minertim] H/s 1m:2315.2 5m:2316.7 10m:2316.9 | Shares: 18/0 (found:18) | Diff: 75498 | 32s elapsed (since last share, avg 32s) | best=10658 target=56888 (534%)
[2026-10-04T01:01:46Z INFO  minertim::pool_connection] New job: 0vw0J5tzGSf72QAQ (difficulty: 75498, target: 38de0000)
[2026-10-04T01:01:52Z INFO  minertim] H/s 1m:2316.8 5m:2317.2 10m:2317.0 | Shares: 18/0 (found:18) | Diff: 75498 | 42s elapsed (since last share, avg 32s) | best=10658 target=56888 (534%)
[2026-10-04T01:02:02Z INFO  minertim] H/s 1m:2318.5 5m:2317.0 10m:2316.8 | Shares: 18/0 (found:18) | Diff: 75498 | 52s elapsed (since last share, avg 32s) | best=10658 target=56888 (534%)
[2026-10-04T01:02:06Z INFO  minertim::pool_connection] New job: qO8PTJLOiFAzSB10 (difficulty: 75498, target: 38de0000)
[2026-10-04T01:02:12Z INFO  minertim] H/s 1m:2315.5 5m:2316.3 10m:2316.4 | Shares: 18/0 (found:18) | Diff: 75498 | 1m2s elapsed (since last share, avg 32s) | best=10658 target=56888 (534%)
[2026-10-04T01:02:20Z INFO  minertim::pool_connection] New job: hXBAYWsFaWaHHRqn (difficulty: 56624, target: 4a280100)
[2026-10-04T01:02:22Z INFO  minertim] H/s 1m:2314.7 5m:2316.1 10m:2316.2 | Shares: 18/0 (found:18) | Diff: 56624 | 1m12s elapsed (since last share, avg 24s) | best=10658 target=75850 (712%)
[2026-10-04T01:02:25Z INFO  minertim::pool_connection] New job: q2ZEYNmJpJq0T3bN (difficulty: 56624, target: 4a280100)
[2026-10-04T01:02:32Z INFO  minertim] H/s 1m:2316.9 5m:2316.5 10m:2316.3 | Shares: 18/0 (found:18) | Diff: 56624 | 1m22s elapsed (since last share, avg 24s) | best=10658 target=75850 (712%)
[2026-10-04T01:02:42Z INFO  minertim] H/s 1m:2315.1 5m:2316.2 10m:2316.3 | Shares: 18/0 (found:18) | Diff: 56624 | 1m32s elapsed (since last share, avg 24s) | best=10658 target=75850 (712%)
[2026-10-04T01:02:45Z INFO  minertim::pool_connection] New job: s0IBq5qNJzAGr1Y7 (difficulty: 56624, target: 4a280100)
[2026-10-04T01:02:52Z INFO  minertim] H/s 1m:2315.4 5m:2316.6 10m:2316.6 | Shares: 18/0 (found:18) | Diff: 56624 | 1m42s elapsed (since last share, avg 24s) | best=10658 target=75850 (712%)
[2026-10-04T01:03:02Z INFO  minertim] H/s 1m:2315.1 5m:2316.6 10m:2316.4 | Shares: 18/0 (found:18) | Diff: 56624 | 1m52s elapsed (since last share, avg 24s) | best=10658 target=75850 (712%)
[2026-10-04T01:03:05Z INFO  minertim::pool_connection] New job: cEt2hm1E0JrwfXDp (difficulty: 56624, target: 4a280100)
[2026-10-04T01:03:11Z INFO  minertim::miner] Worker 1 SHARE FOUND! job_id=cEt2hm1E0JrwfXDp, nonce=91d71900, hash_val=68380, difficulty=56624, hash=fc4b3420bb91d4fd6047cbaba6764fd0bc2eca4d92bb45a9a0788bde1c0b0100
[2026-10-04T01:03:11Z INFO  minertim::pool_connection] Share submitted: rpc_id=32 job_id=cEt2hm1E0JrwfXDp nonce=91d71900 lock_wait_ms=30.151 write_ms=0.079
[2026-10-04T01:03:11Z INFO  minertim::miner] Worker 1 share timing: job_id=cEt2hm1E0JrwfXDp nonce=91d71900 verdict=SubmitVerified verify_ms=1.751 submit_call_ms=30.283 found_to_submit_ms=32.086
[2026-10-04T01:03:12Z INFO  minertim::pool_connection] Share accepted: rpc_id=32 job_id=cEt2hm1E0JrwfXDp nonce=91d71900 latency_ms=357
[2026-10-04T01:03:12Z INFO  minertim] H/s 1m:2311.6 5m:2316.0 10m:2315.9 | Shares: 19/0 (found:19) | Diff: 56624 | 1s elapsed (since last share, avg 24s) | best=10658 target=75850 (712%)
[2026-10-04T01:03:22Z INFO  minertim] H/s 1m:2310.6 5m:2316.0 10m:2315.7 | Shares: 19/0 (found:19) | Diff: 56624 | 11s elapsed (since last share, avg 24s) | best=10658 target=75850 (712%)
[2026-10-04T01:03:25Z INFO  minertim::pool_connection] New job: QHIZjy6oCgdmWP2k (difficulty: 56624, target: 4a280100)
[2026-10-04T01:03:26Z INFO  minertim::miner] Worker 3 SHARE FOUND! job_id=QHIZjy6oCgdmWP2k, nonce=332b1b00, hash_val=9097, difficulty=56624, hash=86ae47ac8740d1c613e7ae4706877dccd5665566c6d094bc715ec22e89230000
[2026-10-04T01:03:26Z INFO  minertim::pool_connection] Share submitted: rpc_id=34 job_id=QHIZjy6oCgdmWP2k nonce=332b1b00 lock_wait_ms=46.519 write_ms=0.085
[2026-10-04T01:03:26Z INFO  minertim::miner] Worker 3 share timing: job_id=QHIZjy6oCgdmWP2k nonce=332b1b00 verdict=SubmitVerified verify_ms=1.716 submit_call_ms=46.648 found_to_submit_ms=48.413
[2026-10-04T01:03:27Z INFO  minertim::pool_connection] Share accepted: rpc_id=34 job_id=QHIZjy6oCgdmWP2k nonce=332b1b00 latency_ms=288
[2026-10-04T01:03:32Z INFO  minertim] H/s 1m:2314.1 5m:2316.2 10m:2315.7 | Shares: 20/0 (found:20) | Diff: 56624 | 6s elapsed (since last share, avg 24s) | best=9097 target=75850 (834%)
[2026-10-04T01:03:42Z INFO  minertim] H/s 1m:2315.7 5m:2316.5 10m:2315.8 | Shares: 20/0 (found:20) | Diff: 56624 | 16s elapsed (since last share, avg 24s) | best=9097 target=75850 (834%)
[2026-10-04T01:03:44Z INFO  minertim::miner] Worker 1 SHARE FOUND! job_id=QHIZjy6oCgdmWP2k, nonce=45021b00, hash_val=52124, difficulty=56624, hash=ef4f5be36df295d12ace520b6fa01611c65cadcebc4c7bac045e0c879ccb0000
[2026-10-04T01:03:44Z INFO  minertim::pool_connection] Share submitted: rpc_id=35 job_id=QHIZjy6oCgdmWP2k nonce=45021b00 lock_wait_ms=32.591 write_ms=0.069
[2026-10-04T01:03:44Z INFO  minertim::miner] Worker 1 share timing: job_id=QHIZjy6oCgdmWP2k nonce=45021b00 verdict=SubmitVerified verify_ms=1.952 submit_call_ms=32.714 found_to_submit_ms=34.721
[2026-10-04T01:03:45Z INFO  minertim::pool_connection] New job: 1lEdcumRFaWBjOAd (difficulty: 56624, target: 4a280100)
[2026-10-04T01:03:45Z INFO  minertim::pool_connection] Share accepted: rpc_id=35 job_id=QHIZjy6oCgdmWP2k nonce=45021b00 latency_ms=362
[2026-10-04T01:03:47Z INFO  minertim::miner] Worker 3 SHARE FOUND! job_id=1lEdcumRFaWBjOAd, nonce=07ed1b00, hash_val=69188, difficulty=56624, hash=a902ef585f14eda49542326dbeec1fc2c66d6cf3ed06354774077d76440e0100
[2026-10-04T01:03:47Z INFO  minertim::pool_connection] Share submitted: rpc_id=36 job_id=1lEdcumRFaWBjOAd nonce=07ed1b00 lock_wait_ms=17.219 write_ms=0.089
[2026-10-04T01:03:47Z INFO  minertim::miner] Worker 3 share timing: job_id=1lEdcumRFaWBjOAd nonce=07ed1b00 verdict=SubmitVerified verify_ms=1.826 submit_call_ms=17.356 found_to_submit_ms=19.229
[2026-10-04T01:03:47Z INFO  minertim::pool_connection] Share accepted: rpc_id=36 job_id=1lEdcumRFaWBjOAd nonce=07ed1b00 latency_ms=261
[2026-10-04T01:03:50Z INFO  minertim::pool_connection] New job: 3yNuk4Oy2E28cMZt (difficulty: 84936, target: 87c50000)
[2026-10-04T01:03:52Z INFO  minertim] H/s 1m:2317.2 5m:2316.9 10m:2315.9 | Shares: 22/0 (found:22) | Diff: 84936 | 5s elapsed (since last share, avg 36s) | best=9097 target=50567 (556%)
[2026-10-04T01:04:00Z INFO  minertim::miner] Worker 3 SHARE FOUND! job_id=3yNuk4Oy2E28cMZt, nonce=c7601c00, hash_val=16804, difficulty=84936, hash=73318ed4f79ebdd111454ef7cba9db27db0d13c0a2deab95dc01e963a4410000
[2026-10-04T01:04:00Z INFO  minertim::pool_connection] Share submitted: rpc_id=37 job_id=3yNuk4Oy2E28cMZt nonce=c7601c00 lock_wait_ms=31.512 write_ms=0.076
[2026-10-04T01:04:00Z INFO  minertim::miner] Worker 3 share timing: job_id=3yNuk4Oy2E28cMZt nonce=c7601c00 verdict=SubmitVerified verify_ms=1.785 submit_call_ms=31.646 found_to_submit_ms=33.490
[2026-10-04T01:04:00Z INFO  minertim::pool_connection] Share accepted: rpc_id=37 job_id=3yNuk4Oy2E28cMZt nonce=c7601c00 latency_ms=344
[2026-10-04T01:04:02Z INFO  minertim] H/s 1m:2315.6 5m:2316.3 10m:2315.9 | Shares: 23/0 (found:23) | Diff: 84936 | 2s elapsed (since last share, avg 36s) | best=9097 target=50567 (556%)
[2026-10-04T01:04:05Z INFO  minertim::pool_connection] New job: g4LFA0JMGnnI68H9 (difficulty: 84936, target: 87c50000)
[2026-10-04T01:04:12Z INFO  minertim] H/s 1m:2310.1 5m:2315.1 10m:2315.2 | Shares: 23/0 (found:23) | Diff: 84936 | 12s elapsed (since last share, avg 36s) | best=9097 target=50567 (556%)
[2026-10-04T01:04:18Z INFO  minertim::miner] Worker 3 SHARE FOUND! job_id=g4LFA0JMGnnI68H9, nonce=83071d00, hash_val=42650, difficulty=84936, hash=643f013b7de4f28b404b2dde3db9ea188ad59486d972d5eeda61901d9aa60000
[2026-10-04T01:04:18Z INFO  minertim::pool_connection] Share submitted: rpc_id=39 job_id=g4LFA0JMGnnI68H9 nonce=83071d00 lock_wait_ms=24.860 write_ms=0.076
[2026-10-04T01:04:18Z INFO  minertim::miner] Worker 3 share timing: job_id=g4LFA0JMGnnI68H9 nonce=83071d00 verdict=SubmitVerified verify_ms=1.663 submit_call_ms=24.981 found_to_submit_ms=26.702
[2026-10-04T01:04:18Z INFO  minertim::pool_connection] Share accepted: rpc_id=39 job_id=g4LFA0JMGnnI68H9 nonce=83071d00 latency_ms=255
[2026-10-04T01:04:20Z INFO  minertim::pool_connection] New job: OnvCOSlKuryf1A7S (difficulty: 127405, target: af830000)
[2026-10-04T01:04:22Z INFO  minertim] H/s 1m:2309.3 5m:2315.1 10m:2315.2 | Shares: 24/0 (found:24) | Diff: 127405 | 4s elapsed (since last share, avg 55s) | best=9097 target=33711 (371%)
[2026-10-04T01:04:25Z INFO  minertim::pool_connection] New job: JTVXe1qESPWUjlHP (difficulty: 127405, target: af830000)
[2026-10-04T01:04:32Z INFO  minertim] H/s 1m:2307.6 5m:2314.8 10m:2315.2 | Shares: 24/0 (found:24) | Diff: 127405 | 14s elapsed (since last share, avg 55s) | best=9097 target=33711 (371%)
[2026-10-04T01:04:42Z INFO  minertim] H/s 1m:2306.5 5m:2314.3 10m:2315.2 | Shares: 24/0 (found:24) | Diff: 127405 | 24s elapsed (since last share, avg 55s) | best=9097 target=33711 (371%)
[2026-10-04T01:04:45Z INFO  minertim::pool_connection] New job: 7T8pBEsEtVut6V2p (difficulty: 127405, target: af830000)
[2026-10-04T01:04:52Z INFO  minertim] H/s 1m:2311.1 5m:2314.5 10m:2315.4 | Shares: 24/0 (found:24) | Diff: 127405 | 34s elapsed (since last share, avg 55s) | best=9097 target=33711 (371%)
[2026-10-04T01:05:02Z INFO  minertim] H/s 1m:2312.9 5m:2314.1 10m:2315.3 | Shares: 24/0 (found:24) | Diff: 127405 | 44s elapsed (since last share, avg 55s) | best=9097 target=33711 (371%)
[2026-10-04T01:05:05Z INFO  minertim::pool_connection] New job: RGCPmyLl7Qr54zYm (difficulty: 127405, target: af830000)
[2026-10-04T01:05:13Z INFO  minertim] H/s 1m:2310.9 5m:2313.6 10m:2315.2 | Shares: 24/0 (found:24) | Diff: 127405 | 54s elapsed (since last share, avg 55s) | best=9097 target=33711 (371%)
[2026-10-04T01:05:20Z INFO  minertim::pool_connection] New job: a3JaGwL4gumOTwLz (difficulty: 92472, target: 6eb50000)
[2026-10-04T01:05:23Z INFO  minertim] H/s 1m:2311.2 5m:2313.5 10m:2315.1 | Shares: 24/0 (found:24) | Diff: 92472 | 1m4s elapsed (since last share, avg 40s) | best=9097 target=46446 (511%)
[2026-10-04T01:05:25Z INFO  minertim::pool_connection] New job: uD8U3sf6YMIC4xN0 (difficulty: 92472, target: 6eb50000)
[2026-10-04T01:05:27Z INFO  minertim::miner] Worker 0 SHARE FOUND! job_id=uD8U3sf6YMIC4xN0, nonce=40821e00, hash_val=30669, difficulty=92472, hash=2ba0c337737f987d8cf8a19e1df0d42c1ef3b60164fd1ceaf2a3d7e1cd770000
[2026-10-04T01:05:27Z INFO  minertim::pool_connection] Share submitted: rpc_id=41 job_id=uD8U3sf6YMIC4xN0 nonce=40821e00 lock_wait_ms=35.564 write_ms=0.077
[2026-10-04T01:05:27Z INFO  minertim::miner] Worker 0 share timing: job_id=uD8U3sf6YMIC4xN0 nonce=40821e00 verdict=SubmitVerified verify_ms=1.924 submit_call_ms=35.696 found_to_submit_ms=37.672
[2026-10-04T01:05:27Z INFO  minertim::pool_connection] Share accepted: rpc_id=41 job_id=uD8U3sf6YMIC4xN0 nonce=40821e00 latency_ms=292
[2026-10-04T01:05:30Z INFO  minertim::miner] Worker 2 SHARE FOUND! job_id=uD8U3sf6YMIC4xN0, nonce=4ab51e00, hash_val=15298, difficulty=92472, hash=8c1b200d83c29294f92ba761fbf9e0869380a330e2f9a188c36f02e3c23b0000
[2026-10-04T01:05:30Z INFO  minertim::pool_connection] Share submitted: rpc_id=42 job_id=uD8U3sf6YMIC4xN0 nonce=4ab51e00 lock_wait_ms=43.405 write_ms=0.083
[2026-10-04T01:05:30Z INFO  minertim::miner] Worker 2 share timing: job_id=uD8U3sf6YMIC4xN0 nonce=4ab51e00 verdict=SubmitVerified verify_ms=1.659 submit_call_ms=43.548 found_to_submit_ms=45.259
[2026-10-04T01:05:30Z INFO  minertim::pool_connection] Share accepted: rpc_id=42 job_id=uD8U3sf6YMIC4xN0 nonce=4ab51e00 latency_ms=319
[2026-10-04T01:05:33Z INFO  minertim] H/s 1m:2314.6 5m:2313.5 10m:2315.2 | Shares: 26/0 (found:26) | Diff: 92472 | 2s elapsed (since last share, avg 39s) | best=9097 target=46446 (511%)
[2026-10-04T01:05:38Z INFO  minertim::miner] Worker 1 SHARE FOUND! job_id=uD8U3sf6YMIC4xN0, nonce=b9011f00, hash_val=539, difficulty=92472, hash=1dccb3b75407ca47b1081ec5ccce3fdc4eb00c9ff8fa97b8d95a2f661b020000
[2026-10-04T01:05:38Z INFO  minertim::pool_connection] Share submitted: rpc_id=43 job_id=uD8U3sf6YMIC4xN0 nonce=b9011f00 lock_wait_ms=24.859 write_ms=0.091
[2026-10-04T01:05:38Z INFO  minertim::miner] Worker 1 share timing: job_id=uD8U3sf6YMIC4xN0 nonce=b9011f00 verdict=SubmitVerified verify_ms=2.011 submit_call_ms=24.999 found_to_submit_ms=27.051
[2026-10-04T01:05:39Z INFO  minertim::pool_connection] Share accepted: rpc_id=43 job_id=uD8U3sf6YMIC4xN0 nonce=b9011f00 latency_ms=340
[2026-10-04T01:05:43Z INFO  minertim] H/s 1m:2315.0 5m:2313.8 10m:2315.3 | Shares: 27/0 (found:27) | Diff: 92472 | 4s elapsed (since last share, avg 39s) | best=539 target=46446 (999%)
[2026-10-04T01:05:44Z INFO  minertim::pool_connection] New job: 5j0C0LTprW14zk62 (difficulty: 92472, target: 6eb50000)
[2026-10-04T01:05:50Z INFO  minertim::pool_connection] New job: r0heJou9rZ3RFquN (difficulty: 138708, target: f4780000)
[2026-10-04T01:05:53Z INFO  minertim] H/s 1m:2317.4 5m:2314.0 10m:2315.5 | Shares: 27/0 (found:27) | Diff: 138708 | 14s elapsed (since last share, avg 59s) | best=539 target=30964 (999%)
[2026-10-04T01:06:03Z INFO  minertim] H/s 1m:2316.7 5m:2314.1 10m:2315.4 | Shares: 27/0 (found:27) | Diff: 138708 | 24s elapsed (since last share, avg 59s) | best=539 target=30964 (999%)
[2026-10-04T01:06:05Z INFO  minertim::pool_connection] New job: PlQ0FCwgImKjhsaW (difficulty: 138708, target: f4780000)
[2026-10-04T01:06:13Z INFO  minertim] H/s 1m:2310.4 5m:2312.8 10m:2314.8 | Shares: 27/0 (found:27) | Diff: 138708 | 34s elapsed (since last share, avg 1m0s) | best=539 target=30964 (999%)
[2026-10-04T01:06:23Z INFO  minertim] H/s 1m:2293.3 5m:2309.9 10m:2313.4 | Shares: 27/0 (found:27) | Diff: 138708 | 44s elapsed (since last share, avg 1m0s) | best=539 target=30964 (999%)
[2026-10-04T01:06:24Z INFO  minertim::pool_connection] New job: 6YR37swm1Y6lIwt0 (difficulty: 138708, target: f4780000)
[2026-10-04T01:06:33Z INFO  minertim] H/s 1m:2277.6 5m:2307.3 10m:2312.0 | Shares: 27/0 (found:27) | Diff: 138708 | 54s elapsed (since last share, avg 1m0s) | best=539 target=30964 (999%)
[2026-10-04T01:06:35Z INFO  minertim::miner] Worker 1 SHARE FOUND! job_id=6YR37swm1Y6lIwt0, nonce=15f52000, hash_val=20332, difficulty=138708, hash=0c7012351841de524375e62019fd216eff10801c8a8b8621fb5830bc6c4f0000
[2026-10-04T01:06:35Z INFO  minertim::pool_connection] Share submitted: rpc_id=45 job_id=6YR37swm1Y6lIwt0 nonce=15f52000 lock_wait_ms=4.595 write_ms=0.144
[2026-10-04T01:06:35Z INFO  minertim::miner] Worker 1 share timing: job_id=6YR37swm1Y6lIwt0 nonce=15f52000 verdict=SubmitVerified verify_ms=1.873 submit_call_ms=4.779 found_to_submit_ms=6.698
[2026-10-04T01:06:35Z INFO  minertim::pool_connection] Share accepted: rpc_id=45 job_id=6YR37swm1Y6lIwt0 nonce=15f52000 latency_ms=353
[2026-10-04T01:06:43Z INFO  minertim] H/s 1m:2266.3 5m:2305.3 10m:2311.1 | Shares: 28/0 (found:28) | Diff: 138708 | 7s elapsed (since last share, avg 1m1s) | best=539 target=30964 (999%)
[2026-10-04T01:06:44Z INFO  minertim::pool_connection] New job: 70ejDaxkFYsq07qs (difficulty: 138708, target: f4780000)
[2026-10-04T01:06:51Z INFO  minertim::miner] Worker 0 SHARE FOUND! job_id=70ejDaxkFYsq07qs, nonce=606a2100, hash_val=20851, difficulty=138708, hash=35ed8e65f39f6413044d8389cdb6c19182b84cc437098c4ccb21581673510000
[2026-10-04T01:06:51Z INFO  minertim::pool_connection] Share submitted: rpc_id=46 job_id=70ejDaxkFYsq07qs nonce=606a2100 lock_wait_ms=10.026 write_ms=0.146
[2026-10-04T01:06:51Z INFO  minertim::miner] Worker 0 share timing: job_id=70ejDaxkFYsq07qs nonce=606a2100 verdict=SubmitVerified verify_ms=1.823 submit_call_ms=10.228 found_to_submit_ms=12.102
[2026-10-04T01:06:52Z INFO  minertim::pool_connection] Share accepted: rpc_id=46 job_id=70ejDaxkFYsq07qs nonce=606a2100 latency_ms=312
[2026-10-04T01:06:53Z INFO  minertim] H/s 1m:2250.0 5m:2302.3 10m:2309.8 | Shares: 29/0 (found:29) | Diff: 138708 | 1s elapsed (since last share, avg 1m1s) | best=539 target=30964 (999%)
[2026-10-04T01:06:58Z INFO  minertim::miner] Worker 0 SHARE FOUND! job_id=70ejDaxkFYsq07qs, nonce=14a32100, hash_val=12162, difficulty=138708, hash=7e9332c1d59f96d1ba8f820e91b0fdbccc61d2cf2e16c3489c232358822f0000
[2026-10-04T01:06:58Z INFO  minertim::pool_connection] Share submitted: rpc_id=47 job_id=70ejDaxkFYsq07qs nonce=14a32100 lock_wait_ms=1.043 write_ms=0.077
[2026-10-04T01:06:58Z INFO  minertim::miner] Worker 0 share timing: job_id=70ejDaxkFYsq07qs nonce=14a32100 verdict=SubmitVerified verify_ms=1.838 submit_call_ms=1.156 found_to_submit_ms=3.039
[2026-10-04T01:06:58Z INFO  minertim::pool_connection] Share accepted: rpc_id=47 job_id=70ejDaxkFYsq07qs nonce=14a32100 latency_ms=341
[2026-10-04T01:07:03Z INFO  minertim] H/s 1m:2244.5 5m:2300.6 10m:2308.8 | Shares: 30/0 (found:30) | Diff: 138708 | 4s elapsed (since last share, avg 1m1s) | best=539 target=30964 (999%)
[2026-10-04T01:07:04Z INFO  minertim::pool_connection] New job: qIyc0s4j3szM01DL (difficulty: 138708, target: f4780000)
[2026-10-04T01:07:13Z INFO  minertim] H/s 1m:2243.0 5m:2297.5 10m:2307.2 | Shares: 30/0 (found:30) | Diff: 138708 | 14s elapsed (since last share, avg 1m1s) | best=539 target=30964 (999%)
[2026-10-04T01:07:20Z INFO  minertim::pool_connection] New job: 27VMiXAXKL40cnnj (difficulty: 208069, target: a2500000)
[2026-10-04T01:07:23Z INFO  minertim] H/s 1m:2244.8 5m:2294.9 10m:2305.9 | Shares: 30/0 (found:30) | Diff: 208069 | 24s elapsed (since last share, avg 1m32s) | best=539 target=20642 (999%)
[2026-10-04T01:07:24Z INFO  minertim::pool_connection] New job: fco4hPVA7jUjyCxF (difficulty: 208069, target: a2500000)
[2026-10-04T01:07:33Z INFO  minertim] H/s 1m:2236.1 5m:2291.7 10m:2304.2 | Shares: 30/0 (found:30) | Diff: 208069 | 35s elapsed (since last share, avg 1m33s) | best=539 target=20642 (999%)
[2026-10-04T01:07:35Z INFO  minertim::miner] Worker 0 SHARE FOUND! job_id=fco4hPVA7jUjyCxF, nonce=94e22200, hash_val=19138, difficulty=208069, hash=47a7f443a64037720545e3b4c3860d8fbf03ba6ab06e43d18ff2b95bc24a0000
[2026-10-04T01:07:35Z INFO  minertim::pool_connection] Share submitted: rpc_id=49 job_id=fco4hPVA7jUjyCxF nonce=94e22200 lock_wait_ms=46.860 write_ms=0.070
[2026-10-04T01:07:35Z INFO  minertim::miner] Worker 0 share timing: job_id=fco4hPVA7jUjyCxF nonce=94e22200 verdict=SubmitVerified verify_ms=1.778 submit_call_ms=46.966 found_to_submit_ms=48.943
[2026-10-04T01:07:35Z INFO  minertim::pool_connection] Share accepted: rpc_id=49 job_id=fco4hPVA7jUjyCxF nonce=94e22200 latency_ms=332
[2026-10-04T01:07:38Z INFO  minertim::pool_connection] New job: NzY2YpsHbGYOeHuf (difficulty: 208069, target: a2500000)
[2026-10-04T01:07:43Z INFO  minertim] H/s 1m:2238.3 5m:2289.0 10m:2302.8 | Shares: 31/0 (found:31) | Diff: 208069 | 7s elapsed (since last share, avg 1m32s) | best=539 target=20642 (999%)
[2026-10-04T01:07:53Z INFO  minertim] H/s 1m:2239.6 5m:2287.6 10m:2302.1 | Shares: 31/0 (found:31) | Diff: 208069 | 17s elapsed (since last share, avg 1m32s) | best=539 target=20642 (999%)
[2026-10-04T01:07:58Z INFO  minertim::pool_connection] New job: DDj04nezJevzb0QB (difficulty: 208069, target: a2500000)
[2026-10-04T01:08:03Z INFO  minertim] H/s 1m:2241.7 5m:2285.5 10m:2301.1 | Shares: 31/0 (found:31) | Diff: 208069 | 27s elapsed (since last share, avg 1m32s) | best=539 target=20642 (999%)
[2026-10-04T01:08:13Z INFO  minertim] H/s 1m:2241.8 5m:2283.0 10m:2299.9 | Shares: 31/0 (found:31) | Diff: 208069 | 37s elapsed (since last share, avg 1m32s) | best=539 target=20642 (999%)
[2026-10-04T01:08:18Z INFO  minertim::pool_connection] New job: NcfzIrkrv3lqpBof (difficulty: 208069, target: a2500000)
[2026-10-04T01:08:23Z INFO  minertim] H/s 1m:2251.4 5m:2280.9 10m:2298.9 | Shares: 31/0 (found:31) | Diff: 208069 | 47s elapsed (since last share, avg 1m32s) | best=539 target=20642 (999%)
[2026-10-04T01:08:33Z INFO  minertim] H/s 1m:2258.0 5m:2279.1 10m:2298.1 | Shares: 31/0 (found:31) | Diff: 208069 | 57s elapsed (since last share, avg 1m32s) | best=539 target=20642 (999%)
[2026-10-04T01:08:38Z INFO  minertim::pool_connection] New job: Z7P0s0lsJD7ralrZ (difficulty: 208069, target: a2500000)
[2026-10-04T01:08:40Z INFO  minertim::miner] Worker 2 SHARE FOUND! job_id=Z7P0s0lsJD7ralrZ, nonce=96332500, hash_val=16820, difficulty=208069, hash=5704006c707a2cac7fc78b05e25cdddae85dc5792ff546c64063ad9eb4410000
[2026-10-04T01:08:40Z INFO  minertim::pool_connection] Share submitted: rpc_id=51 job_id=Z7P0s0lsJD7ralrZ nonce=96332500 lock_wait_ms=21.527 write_ms=0.068
[2026-10-04T01:08:40Z INFO  minertim::miner] Worker 2 share timing: job_id=Z7P0s0lsJD7ralrZ nonce=96332500 verdict=SubmitVerified verify_ms=1.768 submit_call_ms=21.640 found_to_submit_ms=23.452
[2026-10-04T01:08:40Z INFO  minertim::pool_connection] Share accepted: rpc_id=51 job_id=Z7P0s0lsJD7ralrZ nonce=96332500 latency_ms=231
[2026-10-04T01:08:43Z INFO  minertim] H/s 1m:2259.9 5m:2277.7 10m:2297.4 | Shares: 32/0 (found:32) | Diff: 208069 | 2s elapsed (since last share, avg 1m32s) | best=539 target=20642 (999%)
[2026-10-04T01:08:53Z INFO  minertim] H/s 1m:2262.2 5m:2276.3 10m:2296.5 | Shares: 32/0 (found:32) | Diff: 208069 | 12s elapsed (since last share, avg 1m31s) | best=539 target=20642 (999%)
[2026-10-04T01:08:58Z INFO  minertim::pool_connection] New job: PNq7wZGS2QbQ77nS (difficulty: 208069, target: a2500000)
[2026-10-04T01:09:03Z INFO  minertim] H/s 1m:2262.7 5m:2274.8 10m:2295.5 | Shares: 32/0 (found:32) | Diff: 208069 | 22s elapsed (since last share, avg 1m31s) | best=539 target=20642 (999%)
[2026-10-04T01:09:13Z INFO  minertim] H/s 1m:2260.2 5m:2272.4 10m:2294.2 | Shares: 32/0 (found:32) | Diff: 208069 | 32s elapsed (since last share, avg 1m32s) | best=539 target=20642 (999%)
[2026-10-04T01:09:18Z INFO  minertim::pool_connection] New job: 0xCJg0i9JCsxtoeV (difficulty: 208069, target: a2500000)
[2026-10-04T01:09:23Z INFO  minertim] H/s 1m:2259.5 5m:2270.8 10m:2293.3 | Shares: 32/0 (found:32) | Diff: 208069 | 42s elapsed (since last share, avg 1m32s) | best=539 target=20642 (999%)
[2026-10-04T01:09:33Z INFO  minertim] H/s 1m:2259.3 5m:2269.6 10m:2292.4 | Shares: 32/0 (found:32) | Diff: 208069 | 52s elapsed (since last share, avg 1m32s) | best=539 target=20642 (999%)
[2026-10-04T01:09:34Z INFO  minertim::miner] Worker 1 SHARE FOUND! job_id=0xCJg0i9JCsxtoeV, nonce=cd082700, hash_val=10436, difficulty=208069, hash=ab6d2ff1201b366f60fadf0544a7e962fb0393c80ffe4e4bf3f97588c4280000
[2026-10-04T01:09:34Z INFO  minertim::pool_connection] Share submitted: rpc_id=53 job_id=0xCJg0i9JCsxtoeV nonce=cd082700 lock_wait_ms=6.121 write_ms=0.069
[2026-10-04T01:09:34Z INFO  minertim::miner] Worker 1 share timing: job_id=0xCJg0i9JCsxtoeV nonce=cd082700 verdict=SubmitVerified verify_ms=1.816 submit_call_ms=6.224 found_to_submit_ms=8.087
[2026-10-04T01:09:35Z INFO  minertim::pool_connection] Share accepted: rpc_id=53 job_id=0xCJg0i9JCsxtoeV nonce=cd082700 latency_ms=332
[2026-10-04T01:09:38Z INFO  minertim::pool_connection] New job: CXRnkOKdplBzreSq (difficulty: 208069, target: a2500000)
[2026-10-04T01:09:43Z INFO  minertim] H/s 1m:2261.3 5m:2267.7 10m:2291.4 | Shares: 33/0 (found:33) | Diff: 208069 | 8s elapsed (since last share, avg 1m32s) | best=539 target=20642 (999%)
[2026-10-04T01:09:53Z INFO  minertim] H/s 1m:2262.4 5m:2266.1 10m:2290.5 | Shares: 33/0 (found:33) | Diff: 208069 | 18s elapsed (since last share, avg 1m31s) | best=539 target=20642 (999%)
[2026-10-04T01:09:57Z INFO  minertim::pool_connection] New job: cuprQZMMiglGxHEY (difficulty: 208069, target: a2500000)
[2026-10-04T01:10:03Z INFO  minertim] H/s 1m:2262.5 5m:2264.0 10m:2289.5 | Shares: 33/0 (found:33) | Diff: 208069 | 28s elapsed (since last share, avg 1m31s) | best=539 target=20642 (999%)
[2026-10-04T01:10:13Z INFO  minertim] H/s 1m:2259.5 5m:2261.9 10m:2288.2 | Shares: 33/0 (found:33) | Diff: 208069 | 38s elapsed (since last share, avg 1m32s) | best=539 target=20642 (999%)
[2026-10-04T01:10:17Z INFO  minertim::pool_connection] New job: WIjBgXIrf2wohQWl (difficulty: 208069, target: a2500000)
[2026-10-04T01:10:23Z INFO  minertim] H/s 1m:2258.6 5m:2259.9 10m:2287.3 | Shares: 33/0 (found:33) | Diff: 208069 | 48s elapsed (since last share, avg 1m32s) | best=539 target=20642 (999%)
[2026-10-04T01:10:33Z INFO  minertim] H/s 1m:2257.8 5m:2257.8 10m:2286.2 | Shares: 33/0 (found:33) | Diff: 208069 | 58s elapsed (since last share, avg 1m32s) | best=539 target=20642 (999%)
[2026-10-04T01:10:38Z INFO  minertim::pool_connection] New job: 2EwbjeqiONpwiRPm (difficulty: 208069, target: a2500000)
[2026-10-04T01:10:43Z INFO  minertim] H/s 1m:2261.1 5m:2256.4 10m:2285.6 | Shares: 33/0 (found:33) | Diff: 208069 | 1m8s elapsed (since last share, avg 1m32s) | best=539 target=20642 (999%)
[2026-10-04T01:10:53Z INFO  minertim] H/s 1m:2264.7 5m:2255.1 10m:2284.9 | Shares: 33/0 (found:33) | Diff: 208069 | 1m18s elapsed (since last share, avg 1m31s) | best=539 target=20642 (999%)
[2026-10-04T01:10:57Z INFO  minertim::pool_connection] New job: 9qcHGvqTqE6yIOX2 (difficulty: 208069, target: a2500000)
[2026-10-04T01:11:03Z INFO  minertim] H/s 1m:2273.2 5m:2255.5 10m:2284.8 | Shares: 33/0 (found:33) | Diff: 208069 | 1m28s elapsed (since last share, avg 1m31s) | best=539 target=20642 (999%)
[2026-10-04T01:11:13Z INFO  minertim] H/s 1m:2281.7 5m:2257.9 10m:2284.6 | Shares: 33/0 (found:33) | Diff: 208069 | 1m38s elapsed (since last share, avg 1m31s) | best=539 target=20642 (999%)
[2026-10-04T01:11:17Z INFO  minertim::pool_connection] New job: i9CC48Hhh0AFfzYw (difficulty: 208069, target: a2500000)
[2026-10-04T01:11:21Z INFO  minertim::pool_connection] New job: hSO3nDYtarrLHoIh (difficulty: 142401, target: d1750000)
[2026-10-04T01:11:23Z INFO  minertim] H/s 1m:2294.9 5m:2260.8 10m:2284.6 | Shares: 33/0 (found:33) | Diff: 142401 | 1m48s elapsed (since last share, avg 1m2s) | best=539 target=30161 (999%)
[2026-10-04T01:11:33Z INFO  minertim] H/s 1m:2305.9 5m:2263.2 10m:2284.8 | Shares: 33/0 (found:33) | Diff: 142401 | 1m58s elapsed (since last share, avg 1m1s) | best=539 target=30161 (999%)
[2026-10-04T01:11:37Z INFO  minertim::pool_connection] New job: G0QBDmEayDntKBNa (difficulty: 142401, target: d1750000)
[2026-10-04T01:11:43Z INFO  minertim] H/s 1m:2315.4 5m:2266.4 10m:2284.8 | Shares: 33/0 (found:33) | Diff: 142401 | 2m8s elapsed (since last share, avg 1m1s) | best=539 target=30161 (999%)
[2026-10-04T01:11:53Z INFO  minertim] H/s 1m:2318.0 5m:2268.1 10m:2284.7 | Shares: 33/0 (found:33) | Diff: 142401 | 2m18s elapsed (since last share, avg 1m1s) | best=539 target=30161 (999%)
[2026-10-04T01:11:57Z INFO  minertim::pool_connection] New job: fkv5lQhLWG8L9orA (difficulty: 142401, target: d1750000)
[2026-10-04T01:12:01Z INFO  minertim::miner] Worker 2 SHARE FOUND! job_id=fkv5lQhLWG8L9orA, nonce=c61d2c00, hash_val=11550, difficulty=142401, hash=ff1a65b053938d29c6bc014dc7ad7eabc6490c6df6ea0550ac2f73c71e2d0000
[2026-10-04T01:12:01Z INFO  minertim::pool_connection] Share submitted: rpc_id=56 job_id=fkv5lQhLWG8L9orA nonce=c61d2c00 lock_wait_ms=7.013 write_ms=0.080
[2026-10-04T01:12:01Z INFO  minertim::miner] Worker 2 share timing: job_id=fkv5lQhLWG8L9orA nonce=c61d2c00 verdict=SubmitVerified verify_ms=1.859 submit_call_ms=7.139 found_to_submit_ms=9.051
[2026-10-04T01:12:01Z INFO  minertim::pool_connection] Share accepted: rpc_id=56 job_id=fkv5lQhLWG8L9orA nonce=c61d2c00 latency_ms=363
[2026-10-04T01:12:03Z INFO  minertim] H/s 1m:2315.3 5m:2270.4 10m:2284.6 | Shares: 34/0 (found:34) | Diff: 142401 | 2s elapsed (since last share, avg 1m1s) | best=539 target=30161 (999%)
[2026-10-04T01:12:13Z INFO  minertim] H/s 1m:2310.1 5m:2272.1 10m:2284.2 | Shares: 34/0 (found:34) | Diff: 142401 | 12s elapsed (since last share, avg 1m1s) | best=539 target=30161 (999%)
[2026-10-04T01:12:17Z INFO  minertim::pool_connection] New job: 0GOoqB0XlVImkvzK (difficulty: 142401, target: d1750000)
[2026-10-04T01:12:23Z INFO  minertim] H/s 1m:2310.3 5m:2276.1 10m:2284.3 | Shares: 34/0 (found:34) | Diff: 142401 | 22s elapsed (since last share, avg 1m1s) | best=539 target=30161 (999%)
[2026-10-04T01:12:33Z INFO  minertim] H/s 1m:2311.5 5m:2279.0 10m:2284.5 | Shares: 34/0 (found:34) | Diff: 142401 | 32s elapsed (since last share, avg 1m1s) | best=539 target=30161 (999%)
[2026-10-04T01:12:37Z INFO  minertim::pool_connection] New job: NMVqUiQ98V375is1 (difficulty: 142401, target: d1750000)
[2026-10-04T01:12:42Z INFO  minertim::miner] Worker 1 SHARE FOUND! job_id=NMVqUiQ98V375is1, nonce=65882d00, hash_val=10036, difficulty=142401, hash=ebafe6b6ecb32888d18358e2175911297ef81e4e8bf65455722db02a34270000
[2026-10-04T01:12:42Z INFO  minertim::pool_connection] Share submitted: rpc_id=58 job_id=NMVqUiQ98V375is1 nonce=65882d00 lock_wait_ms=49.251 write_ms=0.081
[2026-10-04T01:12:42Z INFO  minertim::miner] Worker 1 share timing: job_id=NMVqUiQ98V375is1 nonce=65882d00 verdict=SubmitVerified verify_ms=1.707 submit_call_ms=49.375 found_to_submit_ms=51.128
[2026-10-04T01:12:42Z INFO  minertim::pool_connection] Share accepted: rpc_id=58 job_id=NMVqUiQ98V375is1 nonce=65882d00 latency_ms=227
[2026-10-04T01:12:43Z INFO  minertim] H/s 1m:2315.5 5m:2281.2 10m:2284.8 | Shares: 35/0 (found:35) | Diff: 142401 | 1s elapsed (since last share, avg 1m1s) | best=539 target=30161 (999%)
[2026-10-04T01:12:53Z INFO  minertim::pool_connection] New job: BMWRUHnQWLKbClmm (difficulty: 142401, target: d1750000)
[2026-10-04T01:12:53Z INFO  minertim] H/s 1m:2316.6 5m:2283.3 10m:2284.7 | Shares: 35/0 (found:35) | Diff: 142401 | 11s elapsed (since last share, avg 1m1s) | best=539 target=30161 (999%)
[2026-10-04T01:13:03Z INFO  minertim] H/s 1m:2319.1 5m:2285.4 10m:2284.8 | Shares: 35/0 (found:35) | Diff: 142401 | 21s elapsed (since last share, avg 1m1s) | best=539 target=30161 (999%)
[2026-10-04T01:13:13Z INFO  minertim::pool_connection] New job: HMddkm241H5LifuF (difficulty: 142401, target: d1750000)
[2026-10-04T01:13:13Z INFO  minertim] H/s 1m:2317.0 5m:2287.4 10m:2284.8 | Shares: 35/0 (found:35) | Diff: 142401 | 31s elapsed (since last share, avg 1m1s) | best=539 target=30161 (999%)
[2026-10-04T01:13:23Z INFO  minertim] H/s 1m:2317.8 5m:2289.3 10m:2284.8 | Shares: 35/0 (found:35) | Diff: 142401 | 41s elapsed (since last share, avg 1m1s) | best=539 target=30161 (999%)
[2026-10-04T01:13:33Z INFO  minertim::pool_connection] New job: sc9PLJUwLrsTL0zc (difficulty: 142401, target: d1750000)
[2026-10-04T01:13:33Z INFO  minertim] H/s 1m:2316.5 5m:2291.0 10m:2284.8 | Shares: 35/0 (found:35) | Diff: 142401 | 51s elapsed (since last share, avg 1m1s) | best=539 target=30161 (999%)
[2026-10-04T01:13:40Z INFO  minertim::miner] Worker 2 SHARE FOUND! job_id=sc9PLJUwLrsTL0zc, nonce=029c2f00, hash_val=11870, difficulty=142401, hash=b744b4dca547a91d32c44780ab47875d8568a6193ac757b0539c3bda5e2e0000
[2026-10-04T01:13:40Z INFO  minertim::pool_connection] Share submitted: rpc_id=60 job_id=sc9PLJUwLrsTL0zc nonce=029c2f00 lock_wait_ms=20.807 write_ms=0.076
[2026-10-04T01:13:40Z INFO  minertim::miner] Worker 2 share timing: job_id=sc9PLJUwLrsTL0zc nonce=029c2f00 verdict=SubmitVerified verify_ms=1.700 submit_call_ms=20.935 found_to_submit_ms=22.687
[2026-10-04T01:13:40Z INFO  minertim::pool_connection] Share accepted: rpc_id=60 job_id=sc9PLJUwLrsTL0zc nonce=029c2f00 latency_ms=304
[2026-10-04T01:13:43Z INFO  minertim] H/s 1m:2321.2 5m:2293.4 10m:2285.0 | Shares: 36/0 (found:36) | Diff: 142401 | 3s elapsed (since last share, avg 1m1s) | best=539 target=30161 (999%)
[2026-10-04T01:13:51Z INFO  minertim::miner] Worker 2 SHARE FOUND! job_id=sc9PLJUwLrsTL0zc, nonce=f2ff2f00, hash_val=29597, difficulty=142401, hash=922e309ebb3a5e1c450bc7e0cc41e4d9ee8800c125dc336ae54bfdee9d730000
[2026-10-04T01:13:51Z INFO  minertim::pool_connection] Share submitted: rpc_id=61 job_id=sc9PLJUwLrsTL0zc nonce=f2ff2f00 lock_wait_ms=23.828 write_ms=0.078
[2026-10-04T01:13:51Z INFO  minertim::miner] Worker 2 share timing: job_id=sc9PLJUwLrsTL0zc nonce=f2ff2f00 verdict=SubmitVerified verify_ms=1.884 submit_call_ms=23.948 found_to_submit_ms=25.875
[2026-10-04T01:13:51Z INFO  minertim::pool_connection] Share accepted: rpc_id=61 job_id=sc9PLJUwLrsTL0zc nonce=f2ff2f00 latency_ms=293
[2026-10-04T01:13:53Z INFO  minertim::pool_connection] New job: t00b5KwcQAh4Oj4t (difficulty: 142401, target: d1750000)
[2026-10-04T01:13:53Z INFO  minertim] H/s 1m:2320.3 5m:2295.3 10m:2285.2 | Shares: 37/0 (found:37) | Diff: 142401 | 1s elapsed (since last share, avg 1m1s) | best=539 target=30161 (999%)
[2026-10-04T01:14:03Z INFO  minertim] H/s 1m:2316.6 5m:2297.1 10m:2285.4 | Shares: 37/0 (found:37) | Diff: 142401 | 11s elapsed (since last share, avg 1m1s) | best=539 target=30161 (999%)
[2026-10-04T01:14:13Z INFO  minertim::pool_connection] New job: fD5Bnrn9xrLaDoX2 (difficulty: 142401, target: d1750000)
[2026-10-04T01:14:13Z INFO  minertim] H/s 1m:2313.7 5m:2298.6 10m:2285.2 | Shares: 37/0 (found:37) | Diff: 142401 | 21s elapsed (since last share, avg 1m1s) | best=539 target=30161 (999%)
[2026-10-04T01:14:19Z INFO  minertim::miner] Worker 1 SHARE FOUND! job_id=fD5Bnrn9xrLaDoX2, nonce=99f13000, hash_val=16217, difficulty=142401, hash=269a93243436376acb7715cdc6936fe3f65cc9a5c591cfbc062a5e2c593f0000
[2026-10-04T01:14:19Z INFO  minertim::pool_connection] Share submitted: rpc_id=63 job_id=fD5Bnrn9xrLaDoX2 nonce=99f13000 lock_wait_ms=11.397 write_ms=0.086
[2026-10-04T01:14:19Z INFO  minertim::miner] Worker 1 share timing: job_id=fD5Bnrn9xrLaDoX2 nonce=99f13000 verdict=SubmitVerified verify_ms=1.789 submit_call_ms=11.533 found_to_submit_ms=13.378
[2026-10-04T01:14:19Z INFO  minertim::pool_connection] Share accepted: rpc_id=63 job_id=fD5Bnrn9xrLaDoX2 nonce=99f13000 latency_ms=250
[2026-10-04T01:14:23Z INFO  minertim] H/s 1m:2313.0 5m:2300.2 10m:2285.3 | Shares: 38/0 (found:38) | Diff: 142401 | 4s elapsed (since last share, avg 1m1s) | best=539 target=30161 (999%)
[2026-10-04T01:14:32Z INFO  minertim::pool_connection] New job: L0R00cCJrshLGwlG (difficulty: 142401, target: d1750000)
[2026-10-04T01:14:33Z INFO  minertim] H/s 1m:2313.3 5m:2302.4 10m:2285.6 | Shares: 38/0 (found:38) | Diff: 142401 | 14s elapsed (since last share, avg 1m1s) | best=539 target=30161 (999%)
[2026-10-04T01:14:43Z INFO  minertim] H/s 1m:2317.1 5m:2304.7 10m:2285.7 | Shares: 38/0 (found:38) | Diff: 142401 | 24s elapsed (since last share, avg 1m1s) | best=539 target=30161 (999%)
[2026-10-04T01:14:52Z INFO  minertim::pool_connection] New job: Yzb26HsNF7Anqx6x (difficulty: 142401, target: d1750000)
[2026-10-04T01:14:53Z INFO  minertim] H/s 1m:2318.9 5m:2306.8 10m:2285.9 | Shares: 38/0 (found:38) | Diff: 142401 | 34s elapsed (since last share, avg 1m1s) | best=539 target=30161 (999%)
[2026-10-04T01:15:03Z INFO  minertim] H/s 1m:2314.9 5m:2308.2 10m:2285.5 | Shares: 38/0 (found:38) | Diff: 142401 | 44s elapsed (since last share, avg 1m1s) | best=539 target=30161 (999%)
[2026-10-04T01:15:12Z INFO  minertim::pool_connection] New job: s1eWq5jbsLCmqftv (difficulty: 142401, target: d1750000)
[2026-10-04T01:15:13Z INFO  minertim] H/s 1m:2314.2 5m:2309.8 10m:2285.5 | Shares: 38/0 (found:38) | Diff: 142401 | 54s elapsed (since last share, avg 1m1s) | best=539 target=30161 (999%)
[2026-10-04T01:15:23Z INFO  minertim] H/s 1m:2312.2 5m:2311.8 10m:2285.4 | Shares: 38/0 (found:38) | Diff: 142401 | 1m4s elapsed (since last share, avg 1m1s) | best=539 target=30161 (999%)
[2026-10-04T01:15:32Z INFO  minertim::pool_connection] New job: 4btfJT04S0aunTSc (difficulty: 142401, target: d1750000)
[2026-10-04T01:15:33Z INFO  minertim] H/s 1m:2313.4 5m:2313.7 10m:2285.6 | Shares: 38/0 (found:38) | Diff: 142401 | 1m14s elapsed (since last share, avg 1m1s) | best=539 target=30161 (999%)
[2026-10-04T01:15:43Z INFO  minertim] H/s 1m:2316.9 5m:2315.8 10m:2285.8 | Shares: 38/0 (found:38) | Diff: 142401 | 1m24s elapsed (since last share, avg 1m1s) | best=539 target=30161 (999%)
[2026-10-04T01:15:48Z INFO  minertim::miner] Worker 1 SHARE FOUND! job_id=4btfJT04S0aunTSc, nonce=71113400, hash_val=10454, difficulty=142401, hash=44df5f22c451e052682bebda2bcbd0338e504888fa8152e93636017ad6280000
[2026-10-04T01:15:48Z INFO  minertim::pool_connection] Share submitted: rpc_id=65 job_id=4btfJT04S0aunTSc nonce=71113400 lock_wait_ms=51.321 write_ms=0.101
[2026-10-04T01:15:48Z INFO  minertim::miner] Worker 1 share timing: job_id=4btfJT04S0aunTSc nonce=71113400 verdict=SubmitVerified verify_ms=2.158 submit_call_ms=51.466 found_to_submit_ms=53.686
[2026-10-04T01:15:48Z INFO  minertim::pool_connection] Share accepted: rpc_id=65 job_id=4btfJT04S0aunTSc nonce=71113400 latency_ms=281
[2026-10-04T01:15:52Z INFO  minertim::pool_connection] New job: GOuqI8PxC7OhHJ27 (difficulty: 142401, target: d1750000)
[2026-10-04T01:15:53Z INFO  minertim] H/s 1m:2321.1 5m:2316.4 10m:2285.9 | Shares: 39/0 (found:39) | Diff: 142401 | 5s elapsed (since last share, avg 1m1s) | best=539 target=30161 (999%)
[2026-10-04T01:16:03Z INFO  minertim] H/s 1m:2317.2 5m:2316.0 10m:2286.1 | Shares: 39/0 (found:39) | Diff: 142401 | 15s elapsed (since last share, avg 1m1s) | best=539 target=30161 (999%)
[2026-10-04T01:16:12Z INFO  minertim::pool_connection] New job: PKWaAWOQZ13BgysT (difficulty: 142401, target: d1750000)
[2026-10-04T01:16:13Z INFO  minertim] H/s 1m:2317.7 5m:2315.7 10m:2287.5 | Shares: 39/0 (found:39) | Diff: 142401 | 25s elapsed (since last share, avg 1m1s) | best=539 target=30161 (999%)
[2026-10-04T01:16:23Z INFO  minertim] H/s 1m:2316.8 5m:2315.6 10m:2288.9 | Shares: 39/0 (found:39) | Diff: 142401 | 35s elapsed (since last share, avg 1m1s) | best=539 target=30161 (999%)
[2026-10-04T01:16:32Z INFO  minertim::pool_connection] New job: DHmus6J8olOrtt22 (difficulty: 142401, target: d1750000)
[2026-10-04T01:16:33Z INFO  minertim] H/s 1m:2315.7 5m:2315.9 10m:2290.0 | Shares: 39/0 (found:39) | Diff: 142401 | 45s elapsed (since last share, avg 1m1s) | best=539 target=30161 (999%)
[2026-10-04T01:16:43Z INFO  minertim] H/s 1m:2317.8 5m:2316.4 10m:2291.7 | Shares: 39/0 (found:39) | Diff: 142401 | 55s elapsed (since last share, avg 1m1s) | best=539 target=30161 (999%)
[2026-10-04T01:16:52Z INFO  minertim::pool_connection] New job: BAYlcrH1d0l9uPBK (difficulty: 142401, target: d1750000)
[2026-10-04T01:16:53Z INFO  minertim] H/s 1m:2319.4 5m:2316.7 10m:2292.5 | Shares: 39/0 (found:39) | Diff: 142401 | 1m5s elapsed (since last share, avg 1m1s) | best=539 target=30161 (999%)
[2026-10-04T01:17:03Z INFO  minertim] H/s 1m:2316.5 5m:2316.8 10m:2293.7 | Shares: 39/0 (found:39) | Diff: 142401 | 1m15s elapsed (since last share, avg 1m1s) | best=539 target=30161 (999%)
[2026-10-04T01:17:12Z INFO  minertim::pool_connection] New job: r0wP3XYAKxhWheVh (difficulty: 142401, target: d1750000)
[2026-10-04T01:17:13Z INFO  minertim] H/s 1m:2313.9 5m:2316.2 10m:2294.8 | Shares: 39/0 (found:39) | Diff: 142401 | 1m25s elapsed (since last share, avg 1m1s) | best=539 target=30161 (999%)
[2026-10-04T01:17:23Z INFO  minertim] H/s 1m:2313.9 5m:2316.3 10m:2296.6 | Shares: 39/0 (found:39) | Diff: 142401 | 1m35s elapsed (since last share, avg 1m1s) | best=539 target=30161 (999%)
[2026-10-04T01:17:29Z INFO  minertim::pool_connection] New job: LeKOMZcGsXMcV4bk (difficulty: 142401, target: d1750000)
[2026-10-04T01:17:33Z INFO  minertim] H/s 1m:2312.8 5m:2315.9 10m:2298.0 | Shares: 39/0 (found:39) | Diff: 142401 | 1m45s elapsed (since last share, avg 1m1s) | best=539 target=30161 (999%)
[2026-10-04T01:17:43Z INFO  minertim] H/s 1m:2317.8 5m:2316.9 10m:2299.1 | Shares: 39/0 (found:39) | Diff: 142401 | 1m55s elapsed (since last share, avg 1m1s) | best=539 target=30161 (999%)
[2026-10-04T01:17:49Z INFO  minertim::pool_connection] New job: 0T7pTnnyF6vst2Tp (difficulty: 142401, target: d1750000)
[2026-10-04T01:17:53Z INFO  minertim] H/s 1m:2319.4 5m:2316.9 10m:2300.3 | Shares: 39/0 (found:39) | Diff: 142401 | 2m5s elapsed (since last share, avg 1m1s) | best=539 target=30161 (999%)
[2026-10-04T01:18:03Z INFO  minertim] H/s 1m:2318.5 5m:2316.5 10m:2301.3 | Shares: 39/0 (found:39) | Diff: 142401 | 2m15s elapsed (since last share, avg 1m1s) | best=539 target=30161 (999%)
[2026-10-04T01:18:09Z INFO  minertim::pool_connection] New job: 0l0wJh0jglp3B0Bp (difficulty: 142401, target: d1750000)
[2026-10-04T01:18:13Z INFO  minertim] H/s 1m:2315.1 5m:2315.8 10m:2302.0 | Shares: 39/0 (found:39) | Diff: 142401 | 2m25s elapsed (since last share, avg 1m1s) | best=539 target=30161 (999%)
[2026-10-04T01:18:18Z INFO  minertim::pool_connection] New job: 6qdWwhaXJ52YuVNW (difficulty: 142401, target: d1750000)
[2026-10-04T01:18:21Z INFO  minertim::pool_connection] New job: GVqA5MwXnj2pZF38 (difficulty: 106800, target: 179d0000)
[2026-10-04T01:18:23Z INFO  minertim] H/s 1m:2316.0 5m:2315.9 10m:2302.9 | Shares: 39/0 (found:39) | Diff: 106800 | 2m35s elapsed (since last share, avg 46s) | best=539 target=40215 (999%)
[2026-10-04T01:18:33Z INFO  minertim] H/s 1m:2316.3 5m:2316.0 10m:2303.9 | Shares: 39/0 (found:39) | Diff: 106800 | 2m45s elapsed (since last share, avg 46s) | best=539 target=40215 (999%)
[2026-10-04T01:18:38Z INFO  minertim::pool_connection] New job: 0V0HZEeAmWpHA0vw (difficulty: 106800, target: 179d0000)
[2026-10-04T01:18:43Z INFO  minertim] H/s 1m:2319.5 5m:2316.8 10m:2305.1 | Shares: 39/0 (found:39) | Diff: 106800 | 2m55s elapsed (since last share, avg 46s) | best=539 target=40215 (999%)
[2026-10-04T01:18:53Z INFO  minertim] H/s 1m:2321.6 5m:2317.4 10m:2306.3 | Shares: 39/0 (found:39) | Diff: 106800 | 3m5s elapsed (since last share, avg 46s) | best=539 target=40215 (999%)
[2026-10-04T01:18:59Z INFO  minertim::pool_connection] New job: AIGRB0tiuq7F3g9M (difficulty: 106800, target: 179d0000)
[2026-10-04T01:19:03Z INFO  minertim] H/s 1m:2322.1 5m:2317.3 10m:2307.3 | Shares: 39/0 (found:39) | Diff: 106800 | 3m15s elapsed (since last share, avg 45s) | best=539 target=40215 (999%)
[2026-10-04T01:19:13Z INFO  minertim] H/s 1m:2317.2 5m:2316.6 10m:2307.8 | Shares: 39/0 (found:39) | Diff: 106800 | 3m25s elapsed (since last share, avg 46s) | best=539 target=40215 (999%)
[2026-10-04T01:19:18Z INFO  minertim::pool_connection] New job: pQ1c06xCq0xnQfJ4 (difficulty: 106800, target: 179d0000)
[2026-10-04T01:19:21Z INFO  minertim::pool_connection] New job: s2aNNYOYnFQIgI81 (difficulty: 80100, target: 74d10000)
[2026-10-04T01:19:23Z INFO  minertim] H/s 1m:2313.5 5m:2316.1 10m:2308.5 | Shares: 39/0 (found:39) | Diff: 80100 | 3m35s elapsed (since last share, avg 34s) | best=539 target=53620 (999%)
[2026-10-04T01:19:33Z INFO  minertim] H/s 1m:2313.8 5m:2316.2 10m:2309.6 | Shares: 39/0 (found:39) | Diff: 80100 | 3m45s elapsed (since last share, avg 34s) | best=539 target=53620 (999%)
[2026-10-04T01:19:38Z INFO  minertim::pool_connection] New job: gsZeVxLannwzgmmC (difficulty: 80100, target: 74d10000)
[2026-10-04T01:19:43Z INFO  minertim] H/s 1m:2312.8 5m:2316.3 10m:2310.5 | Shares: 39/0 (found:39) | Diff: 80100 | 3m55s elapsed (since last share, avg 34s) | best=539 target=53620 (999%)
[2026-10-04T01:19:53Z INFO  minertim] H/s 1m:2313.9 5m:2317.1 10m:2311.6 | Shares: 39/0 (found:39) | Diff: 80100 | 4m5s elapsed (since last share, avg 34s) | best=539 target=53620 (999%)
[2026-10-04T01:19:55Z INFO  minertim::miner] Worker 2 SHARE FOUND! job_id=gsZeVxLannwzgmmC, nonce=82c83c00, hash_val=20987, difficulty=80100, hash=65897016925090ef1cc52ba29af378aab1886c7f5d8cc70b098d3409fb510000
[2026-10-04T01:19:55Z INFO  minertim::pool_connection] Share submitted: rpc_id=70 job_id=gsZeVxLannwzgmmC nonce=82c83c00 lock_wait_ms=45.049 write_ms=0.081
[2026-10-04T01:19:55Z INFO  minertim::miner] Worker 2 share timing: job_id=gsZeVxLannwzgmmC nonce=82c83c00 verdict=SubmitVerified verify_ms=1.883 submit_call_ms=45.170 found_to_submit_ms=47.087
[2026-10-04T01:19:55Z INFO  minertim::pool_connection] Share accepted: rpc_id=70 job_id=gsZeVxLannwzgmmC nonce=82c83c00 latency_ms=332
[2026-10-04T01:19:58Z INFO  minertim::pool_connection] New job: rP3psIFonfDOOwT2 (difficulty: 80100, target: 74d10000)
[2026-10-04T01:20:03Z INFO  minertim] H/s 1m:2313.4 5m:2316.4 10m:2312.3 | Shares: 40/0 (found:40) | Diff: 80100 | 8s elapsed (since last share, avg 34s) | best=539 target=53620 (999%)
[2026-10-04T01:20:13Z INFO  minertim] H/s 1m:2313.8 5m:2316.3 10m:2313.1 | Shares: 40/0 (found:40) | Diff: 80100 | 18s elapsed (since last share, avg 34s) | best=539 target=53620 (999%)
[2026-10-04T01:20:15Z INFO  minertim::pool_connection] New job: mOqdaha4x4B0HABh (difficulty: 80100, target: 74d10000)
[2026-10-04T01:20:23Z INFO  minertim] H/s 1m:2312.3 5m:2316.0 10m:2314.2 | Shares: 40/0 (found:40) | Diff: 80100 | 28s elapsed (since last share, avg 34s) | best=539 target=53620 (999%)
[2026-10-04T01:20:33Z INFO  minertim] H/s 1m:2313.8 5m:2315.8 10m:2315.0 | Shares: 40/0 (found:40) | Diff: 80100 | 38s elapsed (since last share, avg 34s) | best=539 target=53620 (999%)
[2026-10-04T01:20:35Z INFO  minertim::pool_connection] New job: XeoMMRAyeJ6qSUfU (difficulty: 80100, target: 74d10000)
[2026-10-04T01:20:43Z INFO  minertim] H/s 1m:2315.1 5m:2316.1 10m:2315.9 | Shares: 40/0 (found:40) | Diff: 80100 | 48s elapsed (since last share, avg 34s) | best=539 target=53620 (999%)
[2026-10-04T01:20:52Z INFO  minertim::miner] Worker 0 SHARE FOUND! job_id=XeoMMRAyeJ6qSUfU, nonce=909f3e00, hash_val=10768, difficulty=80100, hash=10b52654ff997aa33d9207cb878e778b7c170312f6729ccda074ac51102a0000
[2026-10-04T01:20:52Z INFO  minertim::pool_connection] Share submitted: rpc_id=72 job_id=XeoMMRAyeJ6qSUfU nonce=909f3e00 lock_wait_ms=18.073 write_ms=0.084
[2026-10-04T01:20:52Z INFO  minertim::miner] Worker 0 share timing: job_id=XeoMMRAyeJ6qSUfU nonce=909f3e00 verdict=SubmitVerified verify_ms=2.000 submit_call_ms=18.200 found_to_submit_ms=20.253
[2026-10-04T01:20:52Z INFO  minertim::pool_connection] Share accepted: rpc_id=72 job_id=XeoMMRAyeJ6qSUfU nonce=909f3e00 latency_ms=232
[2026-10-04T01:20:53Z INFO  minertim] H/s 1m:2319.3 5m:2316.8 10m:2316.3 | Shares: 41/0 (found:41) | Diff: 80100 | 1s elapsed (since last share, avg 34s) | best=539 target=53620 (999%)
[2026-10-04T01:20:55Z INFO  minertim::pool_connection] New job: 5ETzwSgPEyXfhOT0 (difficulty: 80100, target: 74d10000)
[2026-10-04T01:21:03Z INFO  minertim] H/s 1m:2317.0 5m:2316.2 10m:2316.1 | Shares: 41/0 (found:41) | Diff: 80100 | 11s elapsed (since last share, avg 34s) | best=539 target=53620 (999%)
[2026-10-04T01:21:13Z INFO  minertim] H/s 1m:2313.6 5m:2315.5 10m:2315.8 | Shares: 41/0 (found:41) | Diff: 80100 | 21s elapsed (since last share, avg 34s) | best=539 target=53620 (999%)
[2026-10-04T01:21:15Z INFO  minertim::pool_connection] New job: 7UwUmcpUV6scA04y (difficulty: 80100, target: 74d10000)
[2026-10-04T01:21:23Z INFO  minertim] H/s 1m:2313.4 5m:2315.4 10m:2315.6 | Shares: 41/0 (found:41) | Diff: 80100 | 31s elapsed (since last share, avg 34s) | best=539 target=53620 (999%)
[2026-10-04T01:21:33Z INFO  minertim] H/s 1m:2311.0 5m:2314.9 10m:2315.5 | Shares: 41/0 (found:41) | Diff: 80100 | 41s elapsed (since last share, avg 34s) | best=539 target=53620 (999%)
[2026-10-04T01:21:35Z INFO  minertim::pool_connection] New job: F1I1eHPw316HidNe (difficulty: 80100, target: 74d10000)
[2026-10-04T01:21:38Z INFO  minertim::miner] Worker 0 SHARE FOUND! job_id=F1I1eHPw316HidNe, nonce=083a4000, hash_val=33867, difficulty=80100, hash=60c88056d2670f64821be907ff35e3a0f9df51cef9e2e534d703a47b4b840000
[2026-10-04T01:21:38Z INFO  minertim::pool_connection] Share submitted: rpc_id=74 job_id=F1I1eHPw316HidNe nonce=083a4000 lock_wait_ms=12.451 write_ms=0.082
[2026-10-04T01:21:38Z INFO  minertim::miner] Worker 0 share timing: job_id=F1I1eHPw316HidNe nonce=083a4000 verdict=SubmitVerified verify_ms=1.868 submit_call_ms=12.583 found_to_submit_ms=14.494
[2026-10-04T01:21:38Z INFO  minertim::pool_connection] Share accepted: rpc_id=74 job_id=F1I1eHPw316HidNe nonce=083a4000 latency_ms=308
[2026-10-04T01:21:43Z INFO  minertim] H/s 1m:2310.6 5m:2315.3 10m:2315.6 | Shares: 42/0 (found:42) | Diff: 80100 | 5s elapsed (since last share, avg 34s) | best=539 target=53620 (999%)
[2026-10-04T01:21:46Z INFO  minertim::miner] Worker 0 SHARE FOUND! job_id=F1I1eHPw316HidNe, nonce=4c844000, hash_val=19174, difficulty=80100, hash=09da06063a4618958d48c5e710f5529afa91c935b5555b9f60aae09ce64a0000
[2026-10-04T01:21:46Z INFO  minertim::pool_connection] Share submitted: rpc_id=75 job_id=F1I1eHPw316HidNe nonce=4c844000 lock_wait_ms=8.419 write_ms=0.083
[2026-10-04T01:21:46Z INFO  minertim::miner] Worker 0 share timing: job_id=F1I1eHPw316HidNe nonce=4c844000 verdict=SubmitVerified verify_ms=1.751 submit_call_ms=8.551 found_to_submit_ms=10.354
[2026-10-04T01:21:47Z INFO  minertim::pool_connection] Share accepted: rpc_id=75 job_id=F1I1eHPw316HidNe nonce=4c844000 latency_ms=232
[2026-10-04T01:21:53Z INFO  minertim] H/s 1m:2312.2 5m:2315.5 10m:2315.9 | Shares: 43/0 (found:43) | Diff: 80100 | 7s elapsed (since last share, avg 34s) | best=539 target=53620 (999%)
[2026-10-04T01:21:55Z INFO  minertim::pool_connection] New job: BJNnszGnt4Xzte5F (difficulty: 80100, target: 74d10000)
[2026-10-04T01:22:03Z INFO  minertim] H/s 1m:2310.4 5m:2314.9 10m:2315.8 | Shares: 43/0 (found:43) | Diff: 80100 | 17s elapsed (since last share, avg 34s) | best=539 target=53620 (999%)
[2026-10-04T01:22:13Z INFO  minertim] H/s 1m:2310.6 5m:2314.8 10m:2315.7 | Shares: 43/0 (found:43) | Diff: 80100 | 27s elapsed (since last share, avg 34s) | best=539 target=53620 (999%)
[2026-10-04T01:22:15Z INFO  minertim::pool_connection] New job: 0EqqNgVccAI7Q7S7 (difficulty: 80100, target: 74d10000)
[2026-10-04T01:22:23Z INFO  minertim] H/s 1m:2312.0 5m:2314.8 10m:2315.6 | Shares: 43/0 (found:43) | Diff: 80100 | 37s elapsed (since last share, avg 34s) | best=539 target=53620 (999%)
[2026-10-04T01:22:33Z INFO  minertim] H/s 1m:2314.4 5m:2314.7 10m:2315.5 | Shares: 43/0 (found:43) | Diff: 80100 | 47s elapsed (since last share, avg 34s) | best=539 target=53620 (999%)
[2026-10-04T01:22:35Z INFO  minertim::pool_connection] New job: wRLr0XIAS9OyPjJP (difficulty: 80100, target: 74d10000)
[2026-10-04T01:22:43Z INFO  minertim] H/s 1m:2318.2 5m:2315.3 10m:2316.0 | Shares: 43/0 (found:43) | Diff: 80100 | 57s elapsed (since last share, avg 34s) | best=539 target=53620 (999%)
[2026-10-04T01:22:53Z INFO  minertim::miner] Worker 3 SHARE FOUND! job_id=wRLr0XIAS9OyPjJP, nonce=473f4500, hash_val=19458, difficulty=80100, hash=9551d6372543a9473e8a5e1ce7cffee35f3754868bf8e675bd01aed2024c0000
[2026-10-04T01:22:53Z INFO  minertim::pool_connection] Share submitted: rpc_id=77 job_id=wRLr0XIAS9OyPjJP nonce=473f4500 lock_wait_ms=17.847 write_ms=0.085
[2026-10-04T01:22:53Z INFO  minertim::miner] Worker 3 share timing: job_id=wRLr0XIAS9OyPjJP nonce=473f4500 verdict=SubmitVerified verify_ms=1.702 submit_call_ms=17.976 found_to_submit_ms=19.731
[2026-10-04T01:22:53Z INFO  minertim::pool_connection] Share accepted: rpc_id=77 job_id=wRLr0XIAS9OyPjJP nonce=473f4500 latency_ms=255
[2026-10-04T01:22:53Z INFO  minertim] H/s 1m:2320.4 5m:2315.2 10m:2315.9 | Shares: 44/0 (found:44) | Diff: 80100 | 0s elapsed (since last share, avg 34s) | best=539 target=53620 (999%)
[2026-10-04T01:22:55Z INFO  minertim::pool_connection] New job: 3X86iZSTeJhu4d0N (difficulty: 80100, target: 74d10000)
[2026-10-04T01:23:03Z INFO  minertim] H/s 1m:2315.3 5m:2314.8 10m:2315.5 | Shares: 44/0 (found:44) | Diff: 80100 | 10s elapsed (since last share, avg 34s) | best=539 target=53620 (999%)
[2026-10-04T01:23:14Z INFO  minertim] H/s 1m:2314.8 5m:2314.6 10m:2315.3 | Shares: 44/0 (found:44) | Diff: 80100 | 20s elapsed (since last share, avg 34s) | best=539 target=53620 (999%)
[2026-10-04T01:23:15Z INFO  minertim::pool_connection] New job: pDtmywFO7hFPe204 (difficulty: 80100, target: 74d10000)
[2026-10-04T01:23:24Z INFO  minertim] H/s 1m:2312.9 5m:2314.1 10m:2315.2 | Shares: 44/0 (found:44) | Diff: 80100 | 30s elapsed (since last share, avg 34s) | best=539 target=53620 (999%)
[2026-10-04T01:23:34Z INFO  minertim] H/s 1m:2308.3 5m:2313.3 10m:2314.9 | Shares: 44/0 (found:44) | Diff: 80100 | 40s elapsed (since last share, avg 34s) | best=539 target=53620 (999%)
[2026-10-04T01:23:35Z INFO  minertim::pool_connection] New job: nV6H60debU61bnZI (difficulty: 80100, target: 74d10000)
[2026-10-04T01:23:44Z INFO  minertim] H/s 1m:2309.6 5m:2313.1 10m:2315.0 | Shares: 44/0 (found:44) | Diff: 80100 | 50s elapsed (since last share, avg 34s) | best=539 target=53620 (999%)
[2026-10-04T01:23:48Z INFO  minertim::miner] Worker 1 SHARE FOUND! job_id=nV6H60debU61bnZI, nonce=d9ef4400, hash_val=21402, difficulty=80100, hash=235a1f64df0647b01025abe6855a1608ee027c305827713ed53bf3489a530000
[2026-10-04T01:23:48Z INFO  minertim::pool_connection] Share submitted: rpc_id=79 job_id=nV6H60debU61bnZI nonce=d9ef4400 lock_wait_ms=46.823 write_ms=0.072
[2026-10-04T01:23:48Z INFO  minertim::miner] Worker 1 share timing: job_id=nV6H60debU61bnZI nonce=d9ef4400 verdict=SubmitVerified verify_ms=1.987 submit_call_ms=46.944 found_to_submit_ms=48.980
[2026-10-04T01:23:49Z INFO  minertim::pool_connection] Share accepted: rpc_id=79 job_id=nV6H60debU61bnZI nonce=d9ef4400 latency_ms=281
[2026-10-04T01:23:54Z INFO  minertim] H/s 1m:2311.0 5m:2312.9 10m:2315.0 | Shares: 45/0 (found:45) | Diff: 80100 | 5s elapsed (since last share, avg 34s) | best=539 target=53620 (999%)
[2026-10-04T01:23:55Z INFO  minertim::pool_connection] New job: Me2KToQLRFSHdsiA (difficulty: 80100, target: 74d10000)
[2026-10-04T01:24:04Z INFO  minertim] H/s 1m:2308.9 5m:2313.1 10m:2314.9 | Shares: 45/0 (found:45) | Diff: 80100 | 15s elapsed (since last share, avg 34s) | best=539 target=53620 (999%)
[2026-10-04T01:24:07Z INFO  minertim::miner] Worker 3 SHARE FOUND! job_id=Me2KToQLRFSHdsiA, nonce=0ff14700, hash_val=19363, difficulty=80100, hash=a186ec0fd98d7dbf9a88b053d4e6044584fa0f837112c435ffc530b0a34b0000
[2026-10-04T01:24:07Z INFO  minertim::pool_connection] Share submitted: rpc_id=80 job_id=Me2KToQLRFSHdsiA nonce=0ff14700 lock_wait_ms=21.034 write_ms=0.088
[2026-10-04T01:24:07Z INFO  minertim::miner] Worker 3 share timing: job_id=Me2KToQLRFSHdsiA nonce=0ff14700 verdict=SubmitVerified verify_ms=1.634 submit_call_ms=21.163 found_to_submit_ms=22.836
[2026-10-04T01:24:08Z INFO  minertim::pool_connection] Share accepted: rpc_id=80 job_id=Me2KToQLRFSHdsiA nonce=0ff14700 latency_ms=323
[2026-10-04T01:24:08Z INFO  minertim::pool_connection] New job: rn8tmsOWiSBDhHlB (difficulty: 80100, target: 74d10000)
[2026-10-04T01:24:14Z INFO  minertim] H/s 1m:2308.8 5m:2313.3 10m:2314.9 | Shares: 46/0 (found:46) | Diff: 80100 | 6s elapsed (since last share, avg 34s) | best=539 target=53620 (999%)
[2026-10-04T01:24:24Z INFO  minertim] H/s 1m:2310.3 5m:2312.7 10m:2314.7 | Shares: 46/0 (found:46) | Diff: 80100 | 16s elapsed (since last share, avg 34s) | best=539 target=53620 (999%)
[2026-10-04T01:24:28Z INFO  minertim::pool_connection] New job: 9mENONjR0tUWWdDc (difficulty: 80100, target: 74d10000)
[2026-10-04T01:24:28Z INFO  minertim::miner] Worker 3 SHARE FOUND! job_id=9mENONjR0tUWWdDc, nonce=bbb34800, hash_val=12588, difficulty=80100, hash=971e2d5708221b6a3935b0cc79f25005f5396d1176310eb4ba928c0a2c310000
[2026-10-04T01:24:29Z INFO  minertim::pool_connection] Share submitted: rpc_id=82 job_id=9mENONjR0tUWWdDc nonce=bbb34800 lock_wait_ms=24.332 write_ms=0.093
[2026-10-04T01:24:29Z INFO  minertim::miner] Worker 3 share timing: job_id=9mENONjR0tUWWdDc nonce=bbb34800 verdict=SubmitVerified verify_ms=1.489 submit_call_ms=24.468 found_to_submit_ms=26.007
[2026-10-04T01:24:29Z INFO  minertim::pool_connection] Share accepted: rpc_id=82 job_id=9mENONjR0tUWWdDc nonce=bbb34800 latency_ms=252
[2026-10-04T01:24:29Z INFO  minertim::miner] Worker 1 SHARE FOUND! job_id=9mENONjR0tUWWdDc, nonce=6d5d4600, hash_val=8308, difficulty=80100, hash=5106a2ef7461df72cc97251d3be08340e9c774327cad83a43c8b750f74200000
[2026-10-04T01:24:29Z INFO  minertim::pool_connection] Share submitted: rpc_id=83 job_id=9mENONjR0tUWWdDc nonce=6d5d4600 lock_wait_ms=42.951 write_ms=0.063
[2026-10-04T01:24:29Z INFO  minertim::miner] Worker 1 share timing: job_id=9mENONjR0tUWWdDc nonce=6d5d4600 verdict=SubmitVerified verify_ms=1.700 submit_call_ms=43.065 found_to_submit_ms=44.810
[2026-10-04T01:24:30Z INFO  minertim::pool_connection] Share accepted: rpc_id=83 job_id=9mENONjR0tUWWdDc nonce=6d5d4600 latency_ms=226
[2026-10-04T01:24:30Z INFO  minertim::miner] Worker 2 SHARE FOUND! job_id=9mENONjR0tUWWdDc, nonce=4e704600, hash_val=21314, difficulty=80100, hash=219e986fccea90658f1a4cd974629b31d0859745bd032ca27cc1a52d42530000
[2026-10-04T01:24:30Z INFO  minertim::pool_connection] Share submitted: rpc_id=84 job_id=9mENONjR0tUWWdDc nonce=4e704600 lock_wait_ms=19.975 write_ms=0.063
[2026-10-04T01:24:30Z INFO  minertim::miner] Worker 2 share timing: job_id=9mENONjR0tUWWdDc nonce=4e704600 verdict=SubmitVerified verify_ms=1.970 submit_call_ms=20.085 found_to_submit_ms=22.106
[2026-10-04T01:24:31Z INFO  minertim::pool_connection] Share accepted: rpc_id=84 job_id=9mENONjR0tUWWdDc nonce=4e704600 latency_ms=328
[2026-10-04T01:24:32Z INFO  minertim::miner] Worker 2 SHARE FOUND! job_id=9mENONjR0tUWWdDc, nonce=de7e4600, hash_val=18544, difficulty=80100, hash=12c6d259f995ff18b7241982a7bbdfcb5a8c15954f78387cb691f56f70480000
[2026-10-04T01:24:32Z INFO  minertim::pool_connection] Share submitted: rpc_id=85 job_id=9mENONjR0tUWWdDc nonce=de7e4600 lock_wait_ms=15.356 write_ms=0.074
[2026-10-04T01:24:32Z INFO  minertim::miner] Worker 2 share timing: job_id=9mENONjR0tUWWdDc nonce=de7e4600 verdict=SubmitVerified verify_ms=1.947 submit_call_ms=15.476 found_to_submit_ms=17.479
[2026-10-04T01:24:32Z INFO  minertim::pool_connection] Share accepted: rpc_id=85 job_id=9mENONjR0tUWWdDc nonce=de7e4600 latency_ms=255
[2026-10-04T01:24:34Z INFO  minertim] H/s 1m:2310.6 5m:2312.7 10m:2314.5 | Shares: 50/0 (found:50) | Diff: 80100 | 1s elapsed (since last share, avg 34s) | best=539 target=53620 (999%)
[2026-10-04T01:24:44Z INFO  minertim] H/s 1m:2312.5 5m:2312.7 10m:2314.5 | Shares: 50/0 (found:50) | Diff: 80100 | 11s elapsed (since last share, avg 34s) | best=539 target=53620 (999%)
[2026-10-04T01:24:48Z INFO  minertim::miner] Worker 2 SHARE FOUND! job_id=9mENONjR0tUWWdDc, nonce=960c4700, hash_val=52925, difficulty=80100, hash=33dd6d41b9bd325f8072de5b2f1a5b5c63dbbfb08c57c7026e753653bdce0000
[2026-10-04T01:24:48Z INFO  minertim::pool_connection] Share submitted: rpc_id=86 job_id=9mENONjR0tUWWdDc nonce=960c4700 lock_wait_ms=6.966 write_ms=0.081
[2026-10-04T01:24:48Z INFO  minertim::miner] Worker 2 share timing: job_id=9mENONjR0tUWWdDc nonce=960c4700 verdict=SubmitVerified verify_ms=1.884 submit_call_ms=7.091 found_to_submit_ms=9.030
[2026-10-04T01:24:48Z INFO  minertim::pool_connection] New job: 6Xvqkh90cFapOhpO (difficulty: 80100, target: 74d10000)
[2026-10-04T01:24:48Z INFO  minertim::pool_connection] Share accepted: rpc_id=86 job_id=9mENONjR0tUWWdDc nonce=960c4700 latency_ms=348
[2026-10-04T01:24:51Z INFO  minertim::pool_connection] New job: HM805NNbr2HNdBgA (difficulty: 120149, target: a38b0000)
[2026-10-04T01:24:54Z INFO  minertim] H/s 1m:2314.2 5m:2313.2 10m:2314.8 | Shares: 51/0 (found:51) | Diff: 120149 | 6s elapsed (since last share, avg 51s) | best=539 target=35747 (999%)
[2026-10-04T01:25:04Z INFO  minertim] H/s 1m:2311.5 5m:2312.9 10m:2314.6 | Shares: 51/0 (found:51) | Diff: 120149 | 16s elapsed (since last share, avg 51s) | best=539 target=35747 (999%)
[2026-10-04T01:25:08Z INFO  minertim::pool_connection] New job: VIXvMbIefo42tpMD (difficulty: 120149, target: a38b0000)
[2026-10-04T01:25:14Z INFO  minertim] H/s 1m:2311.7 5m:2312.6 10m:2314.6 | Shares: 51/0 (found:51) | Diff: 120149 | 26s elapsed (since last share, avg 51s) | best=539 target=35747 (999%)
[2026-10-04T01:25:24Z INFO  minertim] H/s 1m:2313.0 5m:2312.6 10m:2314.5 | Shares: 51/0 (found:51) | Diff: 120149 | 36s elapsed (since last share, avg 51s) | best=539 target=35747 (999%)
[2026-10-04T01:25:28Z INFO  minertim::pool_connection] New job: 7j2E1oYXw7jVUBUn (difficulty: 120149, target: a38b0000)
[2026-10-04T01:25:34Z INFO  minertim] H/s 1m:2314.5 5m:2312.6 10m:2314.3 | Shares: 51/0 (found:51) | Diff: 120149 | 46s elapsed (since last share, avg 51s) | best=539 target=35747 (999%)
[2026-10-04T01:25:44Z INFO  minertim] H/s 1m:2314.7 5m:2312.5 10m:2314.3 | Shares: 51/0 (found:51) | Diff: 120149 | 56s elapsed (since last share, avg 51s) | best=539 target=35747 (999%)
[2026-10-04T01:25:47Z INFO  minertim::pool_connection] New job: Asreb0fwGJR05ZqP (difficulty: 120149, target: a38b0000)
[2026-10-04T01:25:51Z INFO  minertim::pool_connection] New job: yE6hrbWSpmxUZpjG (difficulty: 85822, target: 7dc30000)
[2026-10-04T01:25:54Z INFO  minertim] H/s 1m:2317.0 5m:2312.9 10m:2314.6 | Shares: 51/0 (found:51) | Diff: 85822 | 1m6s elapsed (since last share, avg 37s) | best=539 target=50045 (999%)
[2026-10-04T01:26:02Z INFO  minertim::miner] Worker 0 SHARE FOUND! job_id=yE6hrbWSpmxUZpjG, nonce=94754900, hash_val=40685, difficulty=85822, hash=30e13e8c73f080a4cff6ea81edf41545553bcbfa5b937444a300aa1eed9e0000
[2026-10-04T01:26:02Z INFO  minertim::pool_connection] Share submitted: rpc_id=88 job_id=yE6hrbWSpmxUZpjG nonce=94754900 lock_wait_ms=9.203 write_ms=0.084
[2026-10-04T01:26:02Z INFO  minertim::miner] Worker 0 share timing: job_id=yE6hrbWSpmxUZpjG nonce=94754900 verdict=SubmitVerified verify_ms=1.821 submit_call_ms=9.336 found_to_submit_ms=11.215
[2026-10-04T01:26:02Z INFO  minertim::pool_connection] Share accepted: rpc_id=88 job_id=yE6hrbWSpmxUZpjG nonce=94754900 latency_ms=254
[2026-10-04T01:26:04Z INFO  minertim] H/s 1m:2316.2 5m:2313.1 10m:2314.5 | Shares: 52/0 (found:52) | Diff: 85822 | 1s elapsed (since last share, avg 37s) | best=539 target=50045 (999%)
[2026-10-04T01:26:08Z INFO  minertim::pool_connection] New job: cXHUtMRZ9iDAw80F (difficulty: 85822, target: 7dc30000)
[2026-10-04T01:26:13Z INFO  minertim::miner] Worker 3 SHARE FOUND! job_id=cXHUtMRZ9iDAw80F, nonce=5b7d4c00, hash_val=3626, difficulty=85822, hash=6af6356a6d7b2ce75378a32f2464f1b461bafa06bb36b9e2fe02b6652a0e0000
[2026-10-04T01:26:13Z INFO  minertim::pool_connection] Share submitted: rpc_id=90 job_id=cXHUtMRZ9iDAw80F nonce=5b7d4c00 lock_wait_ms=44.167 write_ms=0.091
[2026-10-04T01:26:13Z INFO  minertim::miner] Worker 3 share timing: job_id=cXHUtMRZ9iDAw80F nonce=5b7d4c00 verdict=SubmitVerified verify_ms=1.836 submit_call_ms=44.304 found_to_submit_ms=46.195
[2026-10-04T01:26:14Z INFO  minertim::pool_connection] Share accepted: rpc_id=90 job_id=cXHUtMRZ9iDAw80F nonce=5b7d4c00 latency_ms=259
[2026-10-04T01:26:14Z INFO  minertim] H/s 1m:2315.3 5m:2312.9 10m:2314.3 | Shares: 53/0 (found:53) | Diff: 85822 | 0s elapsed (since last share, avg 37s) | best=539 target=50045 (999%)
[2026-10-04T01:26:21Z INFO  minertim::pool_connection] New job: Yo80CYCSGmiQOQjS (difficulty: 128734, target: 53820000)
[2026-10-04T01:26:24Z INFO  minertim] H/s 1m:2313.9 5m:2313.1 10m:2314.2 | Shares: 53/0 (found:53) | Diff: 128734 | 10s elapsed (since last share, avg 55s) | best=539 target=33363 (999%)
[2026-10-04T01:26:25Z INFO  minertim::miner] Worker 1 SHARE FOUND! job_id=Yo80CYCSGmiQOQjS, nonce=4d6f4a00, hash_val=22282, difficulty=128734, hash=e41d96d3030cf476491e3a0e376156affbe0eb6cc1c22c77b19ce6f70a570000
[2026-10-04T01:26:25Z INFO  minertim::pool_connection] Share submitted: rpc_id=91 job_id=Yo80CYCSGmiQOQjS nonce=4d6f4a00 lock_wait_ms=1.257 write_ms=0.084
[2026-10-04T01:26:25Z INFO  minertim::miner] Worker 1 share timing: job_id=Yo80CYCSGmiQOQjS nonce=4d6f4a00 verdict=SubmitVerified verify_ms=2.041 submit_call_ms=1.381 found_to_submit_ms=3.472
[2026-10-04T01:26:25Z INFO  minertim::pool_connection] Share accepted: rpc_id=91 job_id=Yo80CYCSGmiQOQjS nonce=4d6f4a00 latency_ms=251
[2026-10-04T01:26:27Z INFO  minertim::pool_connection] New job: wATCxcVhv0kcy7Z3 (difficulty: 128734, target: 53820000)
[2026-10-04T01:26:34Z INFO  minertim] H/s 1m:2316.6 5m:2313.5 10m:2314.2 | Shares: 54/0 (found:54) | Diff: 128734 | 8s elapsed (since last share, avg 55s) | best=539 target=33363 (999%)
[2026-10-04T01:26:34Z INFO  minertim::miner] Worker 1 SHARE FOUND! job_id=wATCxcVhv0kcy7Z3, nonce=39c14a00, hash_val=21832, difficulty=128734, hash=8b8ed972f5f8a3fc7fbfe3441d13d522f36367ce6e88b3408e2364d048550000
[2026-10-04T01:26:34Z INFO  minertim::pool_connection] Share submitted: rpc_id=92 job_id=wATCxcVhv0kcy7Z3 nonce=39c14a00 lock_wait_ms=49.319 write_ms=0.076
[2026-10-04T01:26:34Z INFO  minertim::miner] Worker 1 share timing: job_id=wATCxcVhv0kcy7Z3 nonce=39c14a00 verdict=SubmitVerified verify_ms=1.840 submit_call_ms=49.441 found_to_submit_ms=51.329
[2026-10-04T01:26:35Z INFO  minertim::pool_connection] Share accepted: rpc_id=92 job_id=wATCxcVhv0kcy7Z3 nonce=39c14a00 latency_ms=271
[2026-10-04T01:26:44Z INFO  minertim] H/s 1m:2316.5 5m:2313.6 10m:2314.4 | Shares: 55/0 (found:55) | Diff: 128734 | 9s elapsed (since last share, avg 55s) | best=539 target=33363 (999%)
[2026-10-04T01:26:47Z INFO  minertim::pool_connection] New job: WolzepuCCv06Bn10 (difficulty: 128734, target: 53820000)
[2026-10-04T01:26:51Z INFO  minertim::pool_connection] New job: h104fQpp1qS6hSyv (difficulty: 193101, target: e2560000)
[2026-10-04T01:26:54Z INFO  minertim] H/s 1m:2315.8 5m:2314.0 10m:2314.4 | Shares: 55/0 (found:55) | Diff: 193101 | 19s elapsed (since last share, avg 1m23s) | best=539 target=22242 (999%)
[2026-10-04T01:27:04Z INFO  minertim] H/s 1m:2312.5 5m:2313.3 10m:2314.2 | Shares: 55/0 (found:55) | Diff: 193101 | 29s elapsed (since last share, avg 1m23s) | best=539 target=22242 (999%)
[2026-10-04T01:27:07Z INFO  minertim::pool_connection] New job: 6WK3VXJJpRdxIUey (difficulty: 193101, target: e2560000)
[2026-10-04T01:27:13Z INFO  minertim::miner] Worker 3 SHARE FOUND! job_id=6WK3VXJJpRdxIUey, nonce=7fa64e00, hash_val=6050, difficulty=193101, hash=dec246fe02e870d89b78898fb974ae778559dc2464623745a7ab0f8da2170000
[2026-10-04T01:27:13Z INFO  minertim::pool_connection] Share submitted: rpc_id=94 job_id=6WK3VXJJpRdxIUey nonce=7fa64e00 lock_wait_ms=23.656 write_ms=0.086
[2026-10-04T01:27:13Z INFO  minertim::miner] Worker 3 share timing: job_id=6WK3VXJJpRdxIUey nonce=7fa64e00 verdict=SubmitVerified verify_ms=1.686 submit_call_ms=23.794 found_to_submit_ms=25.535
[2026-10-04T01:27:13Z INFO  minertim::pool_connection] Share accepted: rpc_id=94 job_id=6WK3VXJJpRdxIUey nonce=7fa64e00 latency_ms=226
[2026-10-04T01:27:14Z INFO  minertim] H/s 1m:2313.6 5m:2313.3 10m:2314.1 | Shares: 56/0 (found:56) | Diff: 193101 | 0s elapsed (since last share, avg 1m23s) | best=539 target=22242 (999%)
[2026-10-04T01:27:24Z INFO  minertim] H/s 1m:2311.7 5m:2313.0 10m:2314.1 | Shares: 56/0 (found:56) | Diff: 193101 | 10s elapsed (since last share, avg 1m23s) | best=539 target=22242 (999%)
[2026-10-04T01:27:26Z INFO  minertim::pool_connection] New job: Y2L80EfsI08mc9rL (difficulty: 193101, target: e2560000)
[2026-10-04T01:27:34Z INFO  minertim] H/s 1m:2315.0 5m:2313.1 10m:2314.1 | Shares: 56/0 (found:56) | Diff: 193101 | 20s elapsed (since last share, avg 1m23s) | best=539 target=22242 (999%)
[2026-10-04T01:27:44Z INFO  minertim] H/s 1m:2316.4 5m:2313.3 10m:2314.2 | Shares: 56/0 (found:56) | Diff: 193101 | 30s elapsed (since last share, avg 1m23s) | best=539 target=22242 (999%)
[2026-10-04T01:27:46Z INFO  minertim::pool_connection] New job: QToClBatRwp6Jdw1 (difficulty: 193101, target: e2560000)
[2026-10-04T01:27:54Z INFO  minertim] H/s 1m:2317.8 5m:2313.7 10m:2314.1 | Shares: 56/0 (found:56) | Diff: 193101 | 40s elapsed (since last share, avg 1m23s) | best=539 target=22242 (999%)
[2026-10-04T01:28:04Z INFO  minertim] H/s 1m:2316.3 5m:2313.6 10m:2314.2 | Shares: 56/0 (found:56) | Diff: 193101 | 50s elapsed (since last share, avg 1m23s) | best=539 target=22242 (999%)
[2026-10-04T01:28:06Z INFO  minertim::pool_connection] New job: A1uF6YgML9Qutc9r (difficulty: 193101, target: e2560000)
[2026-10-04T01:28:08Z INFO  minertim::miner] Worker 0 SHARE FOUND! job_id=A1uF6YgML9Qutc9r, nonce=c0de4d00, hash_val=657, difficulty=193101, hash=b995a4862445c9ed5b18d412c4d2fd1440c6fa7698b08fe634ad813891020000
[2026-10-04T01:28:08Z INFO  minertim::pool_connection] Share submitted: rpc_id=95 job_id=A1uF6YgML9Qutc9r nonce=c0de4d00 lock_wait_ms=16.505 write_ms=0.078
[2026-10-04T01:28:08Z INFO  minertim::miner] Worker 0 share timing: job_id=A1uF6YgML9Qutc9r nonce=c0de4d00 verdict=SubmitVerified verify_ms=1.858 submit_call_ms=16.625 found_to_submit_ms=18.531
[2026-10-04T01:28:08Z INFO  minertim::pool_connection] Share accepted: rpc_id=95 job_id=A1uF6YgML9Qutc9r nonce=c0de4d00 latency_ms=230
[2026-10-04T01:28:14Z INFO  minertim] H/s 1m:2316.0 5m:2313.6 10m:2314.1 | Shares: 57/0 (found:57) | Diff: 193101 | 6s elapsed (since last share, avg 1m23s) | best=539 target=22242 (999%)
[2026-10-04T01:28:24Z INFO  minertim] H/s 1m:2315.8 5m:2314.4 10m:2314.1 | Shares: 57/0 (found:57) | Diff: 193101 | 16s elapsed (since last share, avg 1m23s) | best=539 target=22242 (999%)
[2026-10-04T01:28:26Z INFO  minertim::pool_connection] New job: ta8N1fakS0myl2MF (difficulty: 193101, target: e2560000)
[2026-10-04T01:28:34Z INFO  minertim] H/s 1m:2317.8 5m:2314.7 10m:2314.0 | Shares: 57/0 (found:57) | Diff: 193101 | 26s elapsed (since last share, avg 1m23s) | best=539 target=22242 (999%)
[2026-10-04T01:28:44Z INFO  minertim] H/s 1m:2319.6 5m:2315.2 10m:2314.0 | Shares: 57/0 (found:57) | Diff: 193101 | 36s elapsed (since last share, avg 1m23s) | best=539 target=22242 (999%)
[2026-10-04T01:28:46Z INFO  minertim::pool_connection] New job: QDGU9i5L9sn4pHN0 (difficulty: 193101, target: e2560000)
[2026-10-04T01:28:54Z INFO  minertim] H/s 1m:2319.1 5m:2315.4 10m:2314.0 | Shares: 57/0 (found:57) | Diff: 193101 | 46s elapsed (since last share, avg 1m23s) | best=539 target=22242 (999%)
[2026-10-04T01:29:04Z INFO  minertim] H/s 1m:2315.7 5m:2314.8 10m:2314.0 | Shares: 57/0 (found:57) | Diff: 193101 | 56s elapsed (since last share, avg 1m23s) | best=539 target=22242 (999%)
[2026-10-04T01:29:05Z INFO  minertim::pool_connection] New job: OIqnjD3cA0zxEyv8 (difficulty: 193101, target: e2560000)
[2026-10-04T01:29:14Z INFO  minertim] H/s 1m:2314.4 5m:2315.1 10m:2314.2 | Shares: 57/0 (found:57) | Diff: 193101 | 1m6s elapsed (since last share, avg 1m23s) | best=539 target=22242 (999%)
[2026-10-04T01:29:24Z INFO  minertim] H/s 1m:2313.4 5m:2315.2 10m:2314.0 | Shares: 57/0 (found:57) | Diff: 193101 | 1m16s elapsed (since last share, avg 1m23s) | best=539 target=22242 (999%)
[2026-10-04T01:29:25Z INFO  minertim::pool_connection] New job: XyXYezV1u0OUcq0r (difficulty: 193101, target: e2560000)
[2026-10-04T01:29:34Z INFO  minertim] H/s 1m:2313.5 5m:2315.4 10m:2314.0 | Shares: 57/0 (found:57) | Diff: 193101 | 1m26s elapsed (since last share, avg 1m23s) | best=539 target=22242 (999%)
[2026-10-04T01:29:44Z INFO  minertim] H/s 1m:2316.1 5m:2315.7 10m:2314.2 | Shares: 57/0 (found:57) | Diff: 193101 | 1m36s elapsed (since last share, avg 1m23s) | best=539 target=22242 (999%)
[2026-10-04T01:29:45Z INFO  minertim::pool_connection] New job: fM0mFEkgnK6FK0f0 (difficulty: 193101, target: e2560000)
[2026-10-04T01:29:52Z INFO  minertim::pool_connection] New job: sgHVE9RpG10nmK0M (difficulty: 133004, target: 247e0000)
[2026-10-04T01:29:54Z INFO  minertim] H/s 1m:2318.3 5m:2316.0 10m:2314.4 | Shares: 57/0 (found:57) | Diff: 133004 | 1m46s elapsed (since last share, avg 57s) | best=539 target=32292 (999%)
[2026-10-04T01:30:04Z INFO  minertim::pool_connection] New job: 80JU25V0oDyKjrlM (difficulty: 133004, target: 247e0000)
[2026-10-04T01:30:04Z INFO  minertim] H/s 1m:2312.5 5m:2315.2 10m:2314.1 | Shares: 57/0 (found:57) | Diff: 133004 | 1m56s elapsed (since last share, avg 57s) | best=539 target=32292 (999%)
[2026-10-04T01:30:07Z INFO  minertim::miner] Worker 3 SHARE FOUND! job_id=80JU25V0oDyKjrlM, nonce=cbf25400, hash_val=26735, difficulty=133004, hash=80359872dd99ebea2f4b50396efcb16d3d844d613390286bf16889916f680000
[2026-10-04T01:30:07Z INFO  minertim::pool_connection] Share submitted: rpc_id=98 job_id=80JU25V0oDyKjrlM nonce=cbf25400 lock_wait_ms=42.638 write_ms=0.090
[2026-10-04T01:30:07Z INFO  minertim::miner] Worker 3 share timing: job_id=80JU25V0oDyKjrlM nonce=cbf25400 verdict=SubmitVerified verify_ms=1.599 submit_call_ms=42.779 found_to_submit_ms=44.426
[2026-10-04T01:30:07Z INFO  minertim::pool_connection] Share accepted: rpc_id=98 job_id=80JU25V0oDyKjrlM nonce=cbf25400 latency_ms=255
[2026-10-04T01:30:11Z INFO  minertim::miner] Worker 1 SHARE FOUND! job_id=80JU25V0oDyKjrlM, nonce=595b5200, hash_val=27899, difficulty=133004, hash=76633764fac81577c64e1a46f1ddef5c4145f9427dd76d1f194af2b8fb6c0000
[2026-10-04T01:30:11Z INFO  minertim::pool_connection] Share submitted: rpc_id=99 job_id=80JU25V0oDyKjrlM nonce=595b5200 lock_wait_ms=43.216 write_ms=0.082
[2026-10-04T01:30:11Z INFO  minertim::miner] Worker 1 share timing: job_id=80JU25V0oDyKjrlM nonce=595b5200 verdict=SubmitVerified verify_ms=1.846 submit_call_ms=43.349 found_to_submit_ms=45.248
[2026-10-04T01:30:11Z INFO  minertim::pool_connection] Share accepted: rpc_id=99 job_id=80JU25V0oDyKjrlM nonce=595b5200 latency_ms=347
[2026-10-04T01:30:14Z INFO  minertim] H/s 1m:2309.7 5m:2314.6 10m:2313.8 | Shares: 59/0 (found:59) | Diff: 133004 | 2s elapsed (since last share, avg 57s) | best=539 target=32292 (999%)
[2026-10-04T01:30:15Z INFO  minertim::miner] Worker 0 SHARE FOUND! job_id=80JU25V0oDyKjrlM, nonce=e4555200, hash_val=11190, difficulty=133004, hash=92dd943e18d5013b93c2135cba19d4cc978c9c290f77ce30ac680b46b62b0000
[2026-10-04T01:30:15Z INFO  minertim::pool_connection] Share submitted: rpc_id=101 job_id=80JU25V0oDyKjrlM nonce=e4555200 lock_wait_ms=8.419 write_ms=0.081
[2026-10-04T01:30:15Z INFO  minertim::miner] Worker 0 share timing: job_id=80JU25V0oDyKjrlM nonce=e4555200 verdict=SubmitVerified verify_ms=1.886 submit_call_ms=8.542 found_to_submit_ms=10.474
[2026-10-04T01:30:16Z INFO  minertim::pool_connection] Share accepted: rpc_id=101 job_id=80JU25V0oDyKjrlM nonce=e4555200 latency_ms=266
[2026-10-04T01:30:22Z INFO  minertim::pool_connection] New job: TDvKuY26tIPiir9e (difficulty: 199506, target: 18540000)
[2026-10-04T01:30:24Z INFO  minertim::pool_connection] New job: qyircnxh6p2uoHYq (difficulty: 199506, target: 18540000)
[2026-10-04T01:30:24Z INFO  minertim] H/s 1m:2311.6 5m:2314.8 10m:2313.8 | Shares: 60/0 (found:60) | Diff: 199506 | 8s elapsed (since last share, avg 1m26s) | best=539 target=21528 (999%)
[2026-10-04T01:30:34Z INFO  minertim] H/s 1m:2311.0 5m:2315.1 10m:2313.8 | Shares: 60/0 (found:60) | Diff: 199506 | 18s elapsed (since last share, avg 1m26s) | best=539 target=21528 (999%)
[2026-10-04T01:30:43Z INFO  minertim::pool_connection] New job: iOaQi5n5bqh2CL9E (difficulty: 199506, target: 18540000)
[2026-10-04T01:30:44Z INFO  minertim] H/s 1m:2314.5 5m:2315.5 10m:2314.0 | Shares: 60/0 (found:60) | Diff: 199506 | 28s elapsed (since last share, avg 1m26s) | best=539 target=21528 (999%)
[2026-10-04T01:30:54Z INFO  minertim] H/s 1m:2319.1 5m:2315.7 10m:2314.2 | Shares: 60/0 (found:60) | Diff: 199506 | 38s elapsed (since last share, avg 1m26s) | best=539 target=21528 (999%)
[2026-10-04T01:31:03Z INFO  minertim::pool_connection] New job: F3Joftck6gp0jrzo (difficulty: 199506, target: 18540000)
[2026-10-04T01:31:04Z INFO  minertim] H/s 1m:2318.8 5m:2315.2 10m:2314.2 | Shares: 60/0 (found:60) | Diff: 199506 | 48s elapsed (since last share, avg 1m26s) | best=539 target=21528 (999%)
[2026-10-04T01:31:14Z INFO  minertim] H/s 1m:2316.5 5m:2315.3 10m:2314.1 | Shares: 60/0 (found:60) | Diff: 199506 | 58s elapsed (since last share, avg 1m26s) | best=539 target=21528 (999%)
[2026-10-04T01:31:21Z INFO  minertim::pool_connection] New job: nnb849RqHr4crTjE (difficulty: 199506, target: 18540000)
[2026-10-04T01:31:22Z INFO  minertim::pool_connection] New job: 60zEUz3U0AJbKzYF (difficulty: 136024, target: 577b0000)
[2026-10-04T01:31:24Z INFO  minertim] H/s 1m:2316.5 5m:2315.0 10m:2314.3 | Shares: 60/0 (found:60) | Diff: 136024 | 1m8s elapsed (since last share, avg 58s) | best=539 target=31575 (999%)
[2026-10-04T01:31:34Z INFO  minertim] H/s 1m:2318.3 5m:2315.8 10m:2314.7 | Shares: 60/0 (found:60) | Diff: 136024 | 1m18s elapsed (since last share, avg 58s) | best=539 target=31575 (999%)
[2026-10-04T01:31:41Z INFO  minertim::pool_connection] New job: e5A7OdU57pU8FWG0 (difficulty: 136024, target: 577b0000)
[2026-10-04T01:31:44Z INFO  minertim] H/s 1m:2319.4 5m:2316.3 10m:2314.9 | Shares: 60/0 (found:60) | Diff: 136024 | 1m28s elapsed (since last share, avg 58s) | best=539 target=31575 (999%)
[2026-10-04T01:31:46Z INFO  minertim::pool_connection] New job: Y451fgxgRe1PwKPj (difficulty: 136024, target: 577b0000)
[2026-10-04T01:31:54Z INFO  minertim] H/s 1m:2321.3 5m:2316.7 10m:2315.1 | Shares: 60/0 (found:60) | Diff: 136024 | 1m38s elapsed (since last share, avg 58s) | best=539 target=31575 (999%)
[2026-10-04T01:32:04Z INFO  minertim] H/s 1m:2318.1 5m:2316.1 10m:2314.8 | Shares: 60/0 (found:60) | Diff: 136024 | 1m48s elapsed (since last share, avg 58s) | best=539 target=31575 (999%)
[2026-10-04T01:32:04Z INFO  minertim::miner] Worker 2 SHARE FOUND! job_id=Y451fgxgRe1PwKPj, nonce=0a645600, hash_val=18898, difficulty=136024, hash=281cda4bc79dda030045e05cdf6276c0699ded430daf0ee08d80b824d2490000
[2026-10-04T01:32:04Z INFO  minertim::pool_connection] Share submitted: rpc_id=103 job_id=Y451fgxgRe1PwKPj nonce=0a645600 lock_wait_ms=19.940 write_ms=0.081
[2026-10-04T01:32:04Z INFO  minertim::miner] Worker 2 share timing: job_id=Y451fgxgRe1PwKPj nonce=0a645600 verdict=SubmitVerified verify_ms=1.720 submit_call_ms=20.073 found_to_submit_ms=21.840
[2026-10-04T01:32:05Z INFO  minertim::pool_connection] Share accepted: rpc_id=103 job_id=Y451fgxgRe1PwKPj nonce=0a645600 latency_ms=237
[2026-10-04T01:32:06Z INFO  minertim::pool_connection] New job: 2WUT5J7nc86rzJgq (difficulty: 136024, target: 577b0000)
[2026-10-04T01:32:09Z INFO  minertim::miner] Worker 0 SHARE FOUND! job_id=2WUT5J7nc86rzJgq, nonce=10515600, hash_val=1387, difficulty=136024, hash=2ff158110a506dce40d5f7e92d9cdc2747bec80d7b9c4e7f24d35e116b050000
[2026-10-04T01:32:09Z INFO  minertim::pool_connection] Share submitted: rpc_id=104 job_id=2WUT5J7nc86rzJgq nonce=10515600 lock_wait_ms=1.837 write_ms=0.078
[2026-10-04T01:32:09Z INFO  minertim::miner] Worker 0 share timing: job_id=2WUT5J7nc86rzJgq nonce=10515600 verdict=SubmitVerified verify_ms=1.841 submit_call_ms=1.951 found_to_submit_ms=3.844
[2026-10-04T01:32:09Z INFO  minertim::pool_connection] Share accepted: rpc_id=104 job_id=2WUT5J7nc86rzJgq nonce=10515600 latency_ms=265
[2026-10-04T01:32:14Z INFO  minertim] H/s 1m:2316.5 5m:2315.9 10m:2314.7 | Shares: 62/0 (found:62) | Diff: 136024 | 5s elapsed (since last share, avg 58s) | best=539 target=31575 (999%)
[2026-10-04T01:32:22Z INFO  minertim::pool_connection] New job: hd9MaiXZIPLNCAXj (difficulty: 204036, target: 3a520000)
[2026-10-04T01:32:24Z INFO  minertim] H/s 1m:2312.7 5m:2315.5 10m:2314.5 | Shares: 62/0 (found:62) | Diff: 204036 | 15s elapsed (since last share, avg 1m28s) | best=539 target=21050 (999%)
[2026-10-04T01:32:26Z INFO  minertim::pool_connection] New job: bjHH4KFTK83mQp0l (difficulty: 204036, target: 3a520000)
[2026-10-04T01:32:34Z INFO  minertim] H/s 1m:2313.7 5m:2315.9 10m:2314.5 | Shares: 62/0 (found:62) | Diff: 204036 | 25s elapsed (since last share, avg 1m28s) | best=539 target=21050 (999%)
[2026-10-04T01:32:44Z INFO  minertim] H/s 1m:2317.2 5m:2316.6 10m:2314.9 | Shares: 62/0 (found:62) | Diff: 204036 | 35s elapsed (since last share, avg 1m28s) | best=539 target=21050 (999%)
[2026-10-04T01:32:46Z INFO  minertim::pool_connection] New job: xO00BGYOBFsUAEQb (difficulty: 204036, target: 3a520000)
[2026-10-04T01:32:54Z INFO  minertim] H/s 1m:2320.7 5m:2316.8 10m:2315.2 | Shares: 62/0 (found:62) | Diff: 204036 | 45s elapsed (since last share, avg 1m27s) | best=539 target=21050 (999%)
[2026-10-04T01:33:04Z INFO  minertim] H/s 1m:2319.3 5m:2316.4 10m:2315.0 | Shares: 62/0 (found:62) | Diff: 204036 | 55s elapsed (since last share, avg 1m27s) | best=539 target=21050 (999%)
[2026-10-04T01:33:05Z INFO  minertim::pool_connection] New job: z9XUpCyha25ZFk07 (difficulty: 204036, target: 3a520000)
[2026-10-04T01:33:14Z INFO  minertim] H/s 1m:2319.3 5m:2316.1 10m:2315.1 | Shares: 62/0 (found:62) | Diff: 204036 | 1m5s elapsed (since last share, avg 1m27s) | best=539 target=21050 (999%)
[2026-10-04T01:33:22Z INFO  minertim::pool_connection] New job: ew3ycBsU7qorm6EL (difficulty: 125778, target: 63850000)
[2026-10-04T01:33:24Z INFO  minertim] H/s 1m:2319.6 5m:2316.2 10m:2315.4 | Shares: 62/0 (found:62) | Diff: 125778 | 1m15s elapsed (since last share, avg 54s) | best=539 target=34147 (999%)
[2026-10-04T01:33:25Z INFO  minertim::pool_connection] New job: 0FKPW4NWo0wugnMY (difficulty: 125778, target: 63850000)
[2026-10-04T01:33:34Z INFO  minertim] H/s 1m:2319.3 5m:2316.6 10m:2315.7 | Shares: 62/0 (found:62) | Diff: 125778 | 1m25s elapsed (since last share, avg 54s) | best=539 target=34147 (999%)
[2026-10-04T01:33:43Z INFO  minertim::pool_connection] New job: jzoouY2bg4Iceb6f (difficulty: 125778, target: 63850000)
[2026-10-04T01:33:44Z INFO  minertim] H/s 1m:2317.5 5m:2316.6 10m:2315.8 | Shares: 62/0 (found:62) | Diff: 125778 | 1m35s elapsed (since last share, avg 54s) | best=539 target=34147 (999%)
[2026-10-04T01:33:54Z INFO  minertim] H/s 1m:2318.3 5m:2316.9 10m:2315.8 | Shares: 62/0 (found:62) | Diff: 125778 | 1m45s elapsed (since last share, avg 54s) | best=539 target=34147 (999%)
[2026-10-04T01:33:57Z INFO  minertim::pool_connection] New job: JUU0wcr2BKATH9AJ (difficulty: 125778, target: 63850000)
[2026-10-04T01:34:04Z INFO  minertim] H/s 1m:2316.4 5m:2316.4 10m:2315.7 | Shares: 62/0 (found:62) | Diff: 125778 | 1m55s elapsed (since last share, avg 54s) | best=539 target=34147 (999%)
[2026-10-04T01:34:14Z INFO  minertim] H/s 1m:2313.3 5m:2316.2 10m:2315.7 | Shares: 62/0 (found:62) | Diff: 125778 | 2m5s elapsed (since last share, avg 54s) | best=539 target=34147 (999%)
[2026-10-04T01:34:17Z INFO  minertim::pool_connection] New job: J3dF850IYa06hbi3 (difficulty: 125778, target: 63850000)
[2026-10-04T01:34:20Z INFO  minertim::pool_connection] New job: LWx0DjUub0jkssPM (difficulty: 125778, target: 63850000)
[2026-10-04T01:34:22Z INFO  minertim::pool_connection] New job: yYhmb688jLYpMNAi (difficulty: 94332, target: dab10000)
[2026-10-04T01:34:24Z INFO  minertim] H/s 1m:2311.0 5m:2316.1 10m:2315.7 | Shares: 62/0 (found:62) | Diff: 94332 | 2m15s elapsed (since last share, avg 40s) | best=539 target=45530 (999%)
[2026-10-04T01:34:33Z INFO  minertim::pool_connection] New job: 1mW0ggzQ81kRnDuV (difficulty: 94332, target: dab10000)
[2026-10-04T01:34:34Z INFO  minertim] H/s 1m:2312.6 5m:2315.9 10m:2315.8 | Shares: 62/0 (found:62) | Diff: 94332 | 2m25s elapsed (since last share, avg 40s) | best=539 target=45530 (999%)
[2026-10-04T01:34:44Z INFO  minertim] H/s 1m:2313.8 5m:2316.1 10m:2315.8 | Shares: 62/0 (found:62) | Diff: 94332 | 2m35s elapsed (since last share, avg 40s) | best=539 target=45530 (999%)
[2026-10-04T01:34:53Z INFO  minertim::pool_connection] New job: OVKQmbsrwhRt0cmg (difficulty: 94332, target: dab10000)
[2026-10-04T01:34:54Z INFO  minertim] H/s 1m:2313.6 5m:2316.6 10m:2315.9 | Shares: 62/0 (found:62) | Diff: 94332 | 2m45s elapsed (since last share, avg 40s) | best=539 target=45530 (999%)
[2026-10-04T01:34:55Z INFO  minertim::miner] Worker 2 SHARE FOUND! job_id=OVKQmbsrwhRt0cmg, nonce=36625c00, hash_val=31961, difficulty=94332, hash=27673621aa26dd5184d04e5e77aa8f9fc3f8f0aca4294e4896f0dd5cd97c0000
[2026-10-04T01:34:55Z INFO  minertim::pool_connection] Share submitted: rpc_id=108 job_id=OVKQmbsrwhRt0cmg nonce=36625c00 lock_wait_ms=47.336 write_ms=0.083
[2026-10-04T01:34:55Z INFO  minertim::miner] Worker 2 share timing: job_id=OVKQmbsrwhRt0cmg nonce=36625c00 verdict=SubmitVerified verify_ms=1.790 submit_call_ms=47.472 found_to_submit_ms=49.302
[2026-10-04T01:34:55Z INFO  minertim::pool_connection] Share accepted: rpc_id=108 job_id=OVKQmbsrwhRt0cmg nonce=36625c00 latency_ms=305
[2026-10-04T01:35:04Z INFO  minertim] H/s 1m:2310.7 5m:2316.4 10m:2315.6 | Shares: 63/0 (found:63) | Diff: 94332 | 9s elapsed (since last share, avg 40s) | best=539 target=45530 (999%)
[2026-10-04T01:35:09Z INFO  minertim::pool_connection] New job: TRYe6RE12TY7x0Fa (difficulty: 94332, target: dab10000)
[2026-10-04T01:35:13Z INFO  minertim::pool_connection] New job: UvixTGxYo9zxOe1x (difficulty: 94332, target: dab10000)
[2026-10-04T01:35:14Z INFO  minertim] H/s 1m:2312.1 5m:2316.2 10m:2315.6 | Shares: 63/0 (found:63) | Diff: 94332 | 19s elapsed (since last share, avg 40s) | best=539 target=45530 (999%)
[2026-10-04T01:35:24Z INFO  minertim] H/s 1m:2311.5 5m:2316.0 10m:2315.5 | Shares: 63/0 (found:63) | Diff: 94332 | 29s elapsed (since last share, avg 40s) | best=539 target=45530 (999%)
[2026-10-04T01:35:33Z INFO  minertim::pool_connection] New job: OJaBa2Gxg79857K6 (difficulty: 94332, target: dab10000)
[2026-10-04T01:35:33Z INFO  minertim::miner] Worker 0 SHARE FOUND! job_id=OJaBa2Gxg79857K6, nonce=60785d00, hash_val=44312, difficulty=94332, hash=45a02a6367f0214d4d5c332620e20c44495a0f1247a385752f63d0b718ad0000
[2026-10-04T01:35:33Z INFO  minertim::pool_connection] Share submitted: rpc_id=110 job_id=OJaBa2Gxg79857K6 nonce=60785d00 lock_wait_ms=7.020 write_ms=0.079
[2026-10-04T01:35:33Z INFO  minertim::miner] Worker 0 share timing: job_id=OJaBa2Gxg79857K6 nonce=60785d00 verdict=SubmitVerified verify_ms=1.820 submit_call_ms=7.142 found_to_submit_ms=9.014
[2026-10-04T01:35:34Z INFO  minertim::pool_connection] Share accepted: rpc_id=110 job_id=OJaBa2Gxg79857K6 nonce=60785d00 latency_ms=335
[2026-10-04T01:35:34Z INFO  minertim] H/s 1m:2311.4 5m:2315.5 10m:2315.5 | Shares: 64/0 (found:64) | Diff: 94332 | 0s elapsed (since last share, avg 40s) | best=539 target=45530 (999%)
[2026-10-04T01:35:44Z INFO  minertim::pool_connection] New job: eoNxGbsMCJPj9bJk (difficulty: 94332, target: dab10000)
[2026-10-04T01:35:44Z INFO  minertim] H/s 1m:2314.3 5m:2315.8 10m:2315.7 | Shares: 64/0 (found:64) | Diff: 94332 | 11s elapsed (since last share, avg 40s) | best=539 target=45530 (999%)
[2026-10-04T01:35:54Z INFO  minertim] H/s 1m:2318.9 5m:2316.4 10m:2315.8 | Shares: 64/0 (found:64) | Diff: 94332 | 21s elapsed (since last share, avg 40s) | best=539 target=45530 (999%)
[2026-10-04T01:36:04Z INFO  minertim::pool_connection] New job: BTRTsghk0XKdavYF (difficulty: 94332, target: dab10000)
[2026-10-04T01:36:04Z INFO  minertim] H/s 1m:2314.4 5m:2315.8 10m:2315.5 | Shares: 64/0 (found:64) | Diff: 94332 | 31s elapsed (since last share, avg 40s) | best=539 target=45530 (999%)
[2026-10-04T01:36:14Z INFO  minertim] H/s 1m:2315.3 5m:2315.8 10m:2315.6 | Shares: 64/0 (found:64) | Diff: 94332 | 41s elapsed (since last share, avg 40s) | best=539 target=45530 (999%)
[2026-10-04T01:36:24Z INFO  minertim::pool_connection] New job: aedottIcbzfSkWhT (difficulty: 94332, target: dab10000)
[2026-10-04T01:36:24Z INFO  minertim] H/s 1m:2316.8 5m:2315.3 10m:2315.5 | Shares: 64/0 (found:64) | Diff: 94332 | 51s elapsed (since last share, avg 40s) | best=539 target=45530 (999%)
[2026-10-04T01:36:34Z INFO  minertim] H/s 1m:2318.4 5m:2315.6 10m:2315.8 | Shares: 64/0 (found:64) | Diff: 94332 | 1m1s elapsed (since last share, avg 40s) | best=539 target=45530 (999%)
[2026-10-04T01:36:42Z INFO  minertim::miner] Worker 3 SHARE FOUND! job_id=aedottIcbzfSkWhT, nonce=8f3d6300, hash_val=8229, difficulty=94332, hash=d659701bbd639a6b398763d0d52c4c701b1d25c19301fd7123745a9125200000
[2026-10-04T01:36:42Z INFO  minertim::pool_connection] Share submitted: rpc_id=112 job_id=aedottIcbzfSkWhT nonce=8f3d6300 lock_wait_ms=48.405 write_ms=0.095
[2026-10-04T01:36:42Z INFO  minertim::miner] Worker 3 share timing: job_id=aedottIcbzfSkWhT nonce=8f3d6300 verdict=SubmitVerified verify_ms=1.678 submit_call_ms=48.552 found_to_submit_ms=50.282
[2026-10-04T01:36:42Z INFO  minertim::pool_connection] Share accepted: rpc_id=112 job_id=aedottIcbzfSkWhT nonce=8f3d6300 latency_ms=232
[2026-10-04T01:36:43Z INFO  minertim::pool_connection] New job: jLrEMj81tjzkZlJk (difficulty: 94332, target: dab10000)
[2026-10-04T01:36:44Z INFO  minertim] H/s 1m:2318.3 5m:2315.9 10m:2316.0 | Shares: 65/0 (found:65) | Diff: 94332 | 2s elapsed (since last share, avg 40s) | best=539 target=45530 (999%)
[2026-10-04T01:36:50Z INFO  minertim::pool_connection] New job: WHEWk6ehO7NFsFgF (difficulty: 94332, target: dab10000)
[2026-10-04T01:36:54Z INFO  minertim] H/s 1m:2319.5 5m:2316.1 10m:2316.1 | Shares: 65/0 (found:65) | Diff: 94332 | 12s elapsed (since last share, avg 40s) | best=539 target=45530 (999%)
[2026-10-04T01:37:04Z INFO  minertim] H/s 1m:2317.4 5m:2316.0 10m:2316.0 | Shares: 65/0 (found:65) | Diff: 94332 | 22s elapsed (since last share, avg 40s) | best=539 target=45530 (999%)
[2026-10-04T01:37:10Z INFO  minertim::pool_connection] New job: nOOcAW3sosCF0D2d (difficulty: 94332, target: dab10000)
[2026-10-04T01:37:14Z INFO  minertim] H/s 1m:2314.8 5m:2315.6 10m:2315.8 | Shares: 65/0 (found:65) | Diff: 94332 | 32s elapsed (since last share, avg 40s) | best=539 target=45530 (999%)
[2026-10-04T01:37:24Z INFO  minertim] H/s 1m:2311.6 5m:2315.2 10m:2315.5 | Shares: 65/0 (found:65) | Diff: 94332 | 42s elapsed (since last share, avg 40s) | best=539 target=45530 (999%)
[2026-10-04T01:37:30Z INFO  minertim::pool_connection] New job: Mv3pt9f5EwDJOu2n (difficulty: 94332, target: dab10000)
[2026-10-04T01:37:34Z INFO  minertim] H/s 1m:2312.5 5m:2315.1 10m:2315.7 | Shares: 65/0 (found:65) | Diff: 94332 | 52s elapsed (since last share, avg 40s) | best=539 target=45530 (999%)
[2026-10-04T01:37:40Z INFO  minertim::pool_connection] New job: T4GuH9tUIN6JOhM4 (difficulty: 94332, target: dab10000)
[2026-10-04T01:37:44Z INFO  minertim] H/s 1m:2314.8 5m:2315.1 10m:2315.9 | Shares: 65/0 (found:65) | Diff: 94332 | 1m2s elapsed (since last share, avg 40s) | best=539 target=45530 (999%)
[2026-10-04T01:37:50Z INFO  minertim::pool_connection] New job: FtmjFycD3U2b9Prn (difficulty: 94332, target: dab10000)
[2026-10-04T01:37:54Z INFO  minertim] H/s 1m:2316.2 5m:2315.5 10m:2316.0 | Shares: 65/0 (found:65) | Diff: 94332 | 1m12s elapsed (since last share, avg 40s) | best=539 target=45530 (999%)
[2026-10-04T01:37:59Z INFO  minertim::miner] Worker 0 SHARE FOUND! job_id=FtmjFycD3U2b9Prn, nonce=60906200, hash_val=37543, difficulty=94332, hash=861fc21a2610951654ab2fdfce2284bcd5a4e09752a977ef626faa8fa7920000
[2026-10-04T01:37:59Z INFO  minertim::pool_connection] Share submitted: rpc_id=114 job_id=FtmjFycD3U2b9Prn nonce=60906200 lock_wait_ms=7.883 write_ms=0.085
[2026-10-04T01:37:59Z INFO  minertim::miner] Worker 0 share timing: job_id=FtmjFycD3U2b9Prn nonce=60906200 verdict=SubmitVerified verify_ms=1.913 submit_call_ms=8.017 found_to_submit_ms=9.980
[2026-10-04T01:37:59Z INFO  minertim::miner] Worker 0 SHARE FOUND! job_id=FtmjFycD3U2b9Prn, nonce=38916200, hash_val=28327, difficulty=94332, hash=5764c9c29f464420f3e8ef9dd6f996c8429661723dc534bbe1810324a76e0000
[2026-10-04T01:37:59Z INFO  minertim::pool_connection] Share submitted: rpc_id=115 job_id=FtmjFycD3U2b9Prn nonce=38916200 lock_wait_ms=8.546 write_ms=0.080
[2026-10-04T01:37:59Z INFO  minertim::miner] Worker 0 share timing: job_id=FtmjFycD3U2b9Prn nonce=38916200 verdict=SubmitVerified verify_ms=1.879 submit_call_ms=8.673 found_to_submit_ms=10.587
[2026-10-04T01:37:59Z INFO  minertim::pool_connection] Share accepted: rpc_id=114 job_id=FtmjFycD3U2b9Prn nonce=60906200 latency_ms=256
[2026-10-04T01:37:59Z INFO  minertim::pool_connection] Share accepted: rpc_id=115 job_id=FtmjFycD3U2b9Prn nonce=38916200 latency_ms=381
[2026-10-04T01:38:04Z INFO  minertim::miner] Worker 2 SHARE FOUND! job_id=FtmjFycD3U2b9Prn, nonce=5a056300, hash_val=17088, difficulty=94332, hash=87f99f9510b55917b2d22e732915eaf80ff0391dd48b5f9b4814bfcfc0420000
[2026-10-04T01:38:04Z INFO  minertim::pool_connection] Share submitted: rpc_id=116 job_id=FtmjFycD3U2b9Prn nonce=5a056300 lock_wait_ms=20.334 write_ms=0.083
[2026-10-04T01:38:04Z INFO  minertim::miner] Worker 2 share timing: job_id=FtmjFycD3U2b9Prn nonce=5a056300 verdict=SubmitVerified verify_ms=1.707 submit_call_ms=20.469 found_to_submit_ms=22.230
[2026-10-04T01:38:04Z INFO  minertim::pool_connection] Share accepted: rpc_id=116 job_id=FtmjFycD3U2b9Prn nonce=5a056300 latency_ms=291
[2026-10-04T01:38:04Z INFO  minertim] H/s 1m:2316.0 5m:2315.1 10m:2315.8 | Shares: 68/0 (found:68) | Diff: 94332 | 0s elapsed (since last share, avg 40s) | best=539 target=45530 (999%)
[2026-10-04T01:38:10Z INFO  minertim::pool_connection] New job: FPbrHCiivRllwA6L (difficulty: 94332, target: dab10000)
[2026-10-04T01:38:13Z INFO  minertim::miner] Worker 3 SHARE FOUND! job_id=FPbrHCiivRllwA6L, nonce=9f866600, hash_val=18385, difficulty=94332, hash=0903bc08df314ea239bfda6aa637ea625d4a4ca65f4411d073efee09d1470000
[2026-10-04T01:38:13Z INFO  minertim::pool_connection] Share submitted: rpc_id=117 job_id=FPbrHCiivRllwA6L nonce=9f866600 lock_wait_ms=35.765 write_ms=0.087
[2026-10-04T01:38:13Z INFO  minertim::miner] Worker 3 share timing: job_id=FPbrHCiivRllwA6L nonce=9f866600 verdict=SubmitVerified verify_ms=1.623 submit_call_ms=35.887 found_to_submit_ms=37.560
[2026-10-04T01:38:13Z INFO  minertim::pool_connection] Share accepted: rpc_id=117 job_id=FPbrHCiivRllwA6L nonce=9f866600 latency_ms=253
[2026-10-04T01:38:14Z INFO  minertim] H/s 1m:2313.0 5m:2314.1 10m:2315.3 | Shares: 69/0 (found:69) | Diff: 94332 | 1s elapsed (since last share, avg 40s) | best=539 target=45530 (999%)
[2026-10-04T01:38:24Z INFO  minertim] H/s 1m:2313.7 5m:2314.1 10m:2315.4 | Shares: 69/0 (found:69) | Diff: 94332 | 11s elapsed (since last share, avg 40s) | best=539 target=45530 (999%)
[2026-10-04T01:38:30Z INFO  minertim::pool_connection] New job: 91CrsoFUytrsmET8 (difficulty: 94332, target: dab10000)
[2026-10-04T01:38:34Z INFO  minertim] H/s 1m:2313.8 5m:2314.4 10m:2315.4 | Shares: 69/0 (found:69) | Diff: 94332 | 21s elapsed (since last share, avg 40s) | best=539 target=45530 (999%)
[2026-10-04T01:38:44Z INFO  minertim] H/s 1m:2315.5 5m:2315.0 10m:2315.6 | Shares: 69/0 (found:69) | Diff: 94332 | 31s elapsed (since last share, avg 40s) | best=539 target=45530 (999%)
[2026-10-04T01:38:50Z INFO  minertim::pool_connection] New job: 25mvculSY14KP3rf (difficulty: 94332, target: dab10000)
[2026-10-04T01:38:54Z INFO  minertim] H/s 1m:2313.2 5m:2314.5 10m:2315.6 | Shares: 69/0 (found:69) | Diff: 94332 | 41s elapsed (since last share, avg 40s) | best=539 target=45530 (999%)
[2026-10-04T01:39:04Z INFO  minertim] H/s 1m:2313.3 5m:2314.1 10m:2315.2 | Shares: 69/0 (found:69) | Diff: 94332 | 51s elapsed (since last share, avg 40s) | best=539 target=45530 (999%)
[2026-10-04T01:39:10Z INFO  minertim::pool_connection] New job: t78wUFm3VjI8O0zn (difficulty: 94332, target: dab10000)
[2026-10-04T01:39:14Z INFO  minertim] H/s 1m:2310.0 5m:2313.9 10m:2315.1 | Shares: 69/0 (found:69) | Diff: 94332 | 1m1s elapsed (since last share, avg 40s) | best=539 target=45530 (999%)
[2026-10-04T01:39:24Z INFO  minertim] H/s 1m:2308.3 5m:2313.7 10m:2314.9 | Shares: 69/0 (found:69) | Diff: 94332 | 1m11s elapsed (since last share, avg 40s) | best=539 target=45530 (999%)
[2026-10-04T01:39:29Z INFO  minertim::pool_connection] New job: MH3NUcx0riZqnjbN (difficulty: 94332, target: dab10000)
[2026-10-04T01:39:31Z INFO  minertim::miner] Worker 3 SHARE FOUND! job_id=MH3NUcx0riZqnjbN, nonce=975d6900, hash_val=1719, difficulty=94332, hash=e0fb598d4b528602891995a778af16f8ccfc6a5ad779e158fcf545feb7060000
[2026-10-04T01:39:32Z INFO  minertim::pool_connection] Share submitted: rpc_id=120 job_id=MH3NUcx0riZqnjbN nonce=975d6900 lock_wait_ms=51.566 write_ms=0.095
[2026-10-04T01:39:32Z INFO  minertim::miner] Worker 3 share timing: job_id=MH3NUcx0riZqnjbN nonce=975d6900 verdict=SubmitVerified verify_ms=1.657 submit_call_ms=51.716 found_to_submit_ms=53.426
[2026-10-04T01:39:32Z INFO  minertim::pool_connection] Share accepted: rpc_id=120 job_id=MH3NUcx0riZqnjbN nonce=975d6900 latency_ms=328
[2026-10-04T01:39:34Z INFO  minertim] H/s 1m:2308.3 5m:2314.0 10m:2315.0 | Shares: 70/0 (found:70) | Diff: 94332 | 2s elapsed (since last share, avg 40s) | best=539 target=45530 (999%)
[2026-10-04T01:39:43Z INFO  minertim::miner] Worker 1 SHARE FOUND! job_id=MH3NUcx0riZqnjbN, nonce=e56c6600, hash_val=42663, difficulty=94332, hash=21ac7e9ee9883a9883d405bcd6f23af541abf89e2e9e40ab3a5e40c4a7a60000
[2026-10-04T01:39:43Z INFO  minertim::pool_connection] Share submitted: rpc_id=121 job_id=MH3NUcx0riZqnjbN nonce=e56c6600 lock_wait_ms=40.226 write_ms=0.080
[2026-10-04T01:39:43Z INFO  minertim::miner] Worker 1 share timing: job_id=MH3NUcx0riZqnjbN nonce=e56c6600 verdict=SubmitVerified verify_ms=1.703 submit_call_ms=40.351 found_to_submit_ms=42.103
[2026-10-04T01:39:43Z INFO  minertim::pool_connection] Share accepted: rpc_id=121 job_id=MH3NUcx0riZqnjbN nonce=e56c6600 latency_ms=231
[2026-10-04T01:39:44Z INFO  minertim] H/s 1m:2315.3 5m:2314.8 10m:2315.3 | Shares: 71/0 (found:71) | Diff: 94332 | 1s elapsed (since last share, avg 40s) | best=539 target=45530 (999%)
[2026-10-04T01:39:49Z INFO  minertim::pool_connection] New job: nGthlUoKam1NXV93 (difficulty: 94332, target: dab10000)
[2026-10-04T01:39:50Z INFO  minertim::miner] Worker 3 SHARE FOUND! job_id=nGthlUoKam1NXV93, nonce=07066a00, hash_val=37868, difficulty=94332, hash=0db693f6acebfed5ea3a1e3309365b8e7a522b4b714542fd4fdae1c7ec930000
[2026-10-04T01:39:50Z INFO  minertim::pool_connection] Share submitted: rpc_id=122 job_id=nGthlUoKam1NXV93 nonce=07066a00 lock_wait_ms=8.535 write_ms=0.074
[2026-10-04T01:39:50Z INFO  minertim::miner] Worker 3 share timing: job_id=nGthlUoKam1NXV93 nonce=07066a00 verdict=SubmitVerified verify_ms=3.959 submit_call_ms=8.647 found_to_submit_ms=12.635
[2026-10-04T01:39:50Z INFO  minertim::pool_connection] Share accepted: rpc_id=122 job_id=nGthlUoKam1NXV93 nonce=07066a00 latency_ms=227
[2026-10-04T01:39:54Z INFO  minertim] H/s 1m:2318.0 5m:2315.4 10m:2315.7 | Shares: 72/0 (found:72) | Diff: 94332 | 4s elapsed (since last share, avg 40s) | best=539 target=45530 (999%)
[2026-10-04T01:40:02Z INFO  minertim::pool_connection] New job: dxNfOVSnYwNiHEpw (difficulty: 94332, target: dab10000)
[2026-10-04T01:40:04Z INFO  minertim] H/s 1m:2314.1 5m:2314.3 10m:2315.5 | Shares: 72/0 (found:72) | Diff: 94332 | 14s elapsed (since last share, avg 40s) | best=539 target=45530 (999%)
[2026-10-04T01:40:14Z INFO  minertim] H/s 1m:2313.6 5m:2314.0 10m:2315.1 | Shares: 72/0 (found:72) | Diff: 94332 | 24s elapsed (since last share, avg 40s) | best=539 target=45530 (999%)
[2026-10-04T01:40:22Z INFO  minertim::pool_connection] New job: 6t97rRtqfQpFhFZw (difficulty: 94332, target: dab10000)
[2026-10-04T01:40:24Z INFO  minertim] H/s 1m:2313.9 5m:2314.5 10m:2315.2 | Shares: 72/0 (found:72) | Diff: 94332 | 34s elapsed (since last share, avg 40s) | best=539 target=45530 (999%)
[2026-10-04T01:40:34Z INFO  minertim] H/s 1m:2313.4 5m:2314.7 10m:2315.2 | Shares: 72/0 (found:72) | Diff: 94332 | 44s elapsed (since last share, avg 40s) | best=539 target=45530 (999%)
[2026-10-04T01:40:42Z INFO  minertim::pool_connection] New job: J4UALAORt7tprE08 (difficulty: 94332, target: dab10000)
[2026-10-04T01:40:44Z INFO  minertim] H/s 1m:2315.0 5m:2314.7 10m:2315.3 | Shares: 72/0 (found:72) | Diff: 94332 | 54s elapsed (since last share, avg 40s) | best=539 target=45530 (999%)
[2026-10-04T01:40:49Z INFO  minertim::pool_connection] New job: Uzh01svoOKO00fqH (difficulty: 94332, target: dab10000)
[2026-10-04T01:40:54Z INFO  minertim] H/s 1m:2319.9 5m:2315.2 10m:2315.5 | Shares: 72/0 (found:72) | Diff: 94332 | 1m4s elapsed (since last share, avg 40s) | best=539 target=45530 (999%)
[2026-10-04T01:41:05Z INFO  minertim] H/s 1m:2318.5 5m:2314.6 10m:2315.3 | Shares: 72/0 (found:72) | Diff: 94332 | 1m14s elapsed (since last share, avg 40s) | best=539 target=45530 (999%)
[2026-10-04T01:41:06Z INFO  minertim::miner] Worker 1 SHARE FOUND! job_id=Uzh01svoOKO00fqH, nonce=95596900, hash_val=43653, difficulty=94332, hash=94b4c0be07031ed29f0391fa92ba35446337856e3dd857c28844c06d85aa0000
[2026-10-04T01:41:06Z INFO  minertim::pool_connection] Share submitted: rpc_id=124 job_id=Uzh01svoOKO00fqH nonce=95596900 lock_wait_ms=44.765 write_ms=0.077
[2026-10-04T01:41:06Z INFO  minertim::miner] Worker 1 share timing: job_id=Uzh01svoOKO00fqH nonce=95596900 verdict=SubmitVerified verify_ms=1.653 submit_call_ms=44.884 found_to_submit_ms=46.587
[2026-10-04T01:41:06Z INFO  minertim::pool_connection] Share accepted: rpc_id=124 job_id=Uzh01svoOKO00fqH nonce=95596900 latency_ms=227
[2026-10-04T01:41:08Z INFO  minertim::pool_connection] New job: 8jLr5Uk9nFASSSG8 (difficulty: 94332, target: dab10000)
[2026-10-04T01:41:11Z INFO  minertim::miner] Worker 3 SHARE FOUND! job_id=8jLr5Uk9nFASSSG8, nonce=9ff46c00, hash_val=18757, difficulty=94332, hash=27d6f92279ddf95a02145e5bd1cc68d49331a975a7f34545a33a196f45490000
[2026-10-04T01:41:11Z INFO  minertim::pool_connection] Share submitted: rpc_id=125 job_id=8jLr5Uk9nFASSSG8 nonce=9ff46c00 lock_wait_ms=20.893 write_ms=0.077
[2026-10-04T01:41:11Z INFO  minertim::miner] Worker 3 share timing: job_id=8jLr5Uk9nFASSSG8 nonce=9ff46c00 verdict=SubmitVerified verify_ms=1.610 submit_call_ms=21.023 found_to_submit_ms=22.684
[2026-10-04T01:41:11Z INFO  minertim::pool_connection] Share accepted: rpc_id=125 job_id=8jLr5Uk9nFASSSG8 nonce=9ff46c00 latency_ms=319
[2026-10-04T01:41:15Z INFO  minertim] H/s 1m:2301.8 5m:2311.9 10m:2314.0 | Shares: 74/0 (found:74) | Diff: 94332 | 3s elapsed (since last share, avg 40s) | best=539 target=45530 (999%)
[2026-10-04T01:41:25Z INFO  minertim] H/s 1m:2285.7 5m:2309.1 10m:2312.5 | Shares: 74/0 (found:74) | Diff: 94332 | 13s elapsed (since last share, avg 41s) | best=539 target=45530 (999%)
[2026-10-04T01:41:26Z INFO  minertim::pool_connection] New job: 61mGiMarRiiARsGU (difficulty: 94332, target: dab10000)
[2026-10-04T01:41:35Z INFO  minertim] H/s 1m:2273.8 5m:2307.0 10m:2311.5 | Shares: 74/0 (found:74) | Diff: 94332 | 23s elapsed (since last share, avg 41s) | best=539 target=45530 (999%)
[2026-10-04T01:41:45Z INFO  minertim] H/s 1m:2274.2 5m:2307.4 10m:2311.6 | Shares: 74/0 (found:74) | Diff: 94332 | 33s elapsed (since last share, avg 41s) | best=539 target=45530 (999%)
[2026-10-04T01:41:46Z INFO  minertim::pool_connection] New job: yOBp0rhIgFOQ0Yvu (difficulty: 94332, target: dab10000)
[2026-10-04T01:41:55Z INFO  minertim] H/s 1m:2278.1 5m:2307.8 10m:2311.9 | Shares: 74/0 (found:74) | Diff: 94332 | 43s elapsed (since last share, avg 41s) | best=539 target=45530 (999%)
[2026-10-04T01:42:03Z INFO  minertim::miner] Worker 3 SHARE FOUND! job_id=yOBp0rhIgFOQ0Yvu, nonce=2fd16e00, hash_val=36329, difficulty=94332, hash=5ee7b919349307e0b89dc30718e9dd7a767997dbd3597ce63a5a50e5e98d0000
[2026-10-04T01:42:03Z INFO  minertim::pool_connection] Share submitted: rpc_id=127 job_id=yOBp0rhIgFOQ0Yvu nonce=2fd16e00 lock_wait_ms=4.917 write_ms=0.094
[2026-10-04T01:42:03Z INFO  minertim::miner] Worker 3 share timing: job_id=yOBp0rhIgFOQ0Yvu nonce=2fd16e00 verdict=SubmitVerified verify_ms=1.697 submit_call_ms=5.056 found_to_submit_ms=6.790
[2026-10-04T01:42:03Z INFO  minertim::pool_connection] Share accepted: rpc_id=127 job_id=yOBp0rhIgFOQ0Yvu nonce=2fd16e00 latency_ms=322
[2026-10-04T01:42:05Z INFO  minertim] H/s 1m:2289.6 5m:2307.5 10m:2311.7 | Shares: 75/0 (found:75) | Diff: 94332 | 1s elapsed (since last share, avg 41s) | best=539 target=45530 (999%)
[2026-10-04T01:42:06Z INFO  minertim::pool_connection] New job: E6ihQcMbiJ7Fv9H2 (difficulty: 94332, target: dab10000)
[2026-10-04T01:42:09Z INFO  minertim::miner] Worker 3 SHARE FOUND! job_id=E6ihQcMbiJ7Fv9H2, nonce=3b086f00, hash_val=29092, difficulty=94332, hash=4a00cb1c1aad6d5c337ae85c5bb10b788ce54227552fbeb4b8d1e68ba4710000
[2026-10-04T01:42:09Z INFO  minertim::pool_connection] Share submitted: rpc_id=128 job_id=E6ihQcMbiJ7Fv9H2 nonce=3b086f00 lock_wait_ms=3.786 write_ms=0.077
[2026-10-04T01:42:09Z INFO  minertim::miner] Worker 3 share timing: job_id=E6ihQcMbiJ7Fv9H2 nonce=3b086f00 verdict=SubmitVerified verify_ms=2.001 submit_call_ms=3.896 found_to_submit_ms=5.942
[2026-10-04T01:42:09Z INFO  minertim::pool_connection] Share accepted: rpc_id=128 job_id=E6ihQcMbiJ7Fv9H2 nonce=3b086f00 latency_ms=269
[2026-10-04T01:42:10Z INFO  minertim::miner] Worker 3 SHARE FOUND! job_id=E6ihQcMbiJ7Fv9H2, nonce=6f176f00, hash_val=11611, difficulty=94332, hash=210fec1979027394a20f55bff761d31ede9be74ce712bb46b55fa8005b2d0000
[2026-10-04T01:42:10Z INFO  minertim::pool_connection] Share submitted: rpc_id=129 job_id=E6ihQcMbiJ7Fv9H2 nonce=6f176f00 lock_wait_ms=46.651 write_ms=0.091
[2026-10-04T01:42:10Z INFO  minertim::miner] Worker 3 share timing: job_id=E6ihQcMbiJ7Fv9H2 nonce=6f176f00 verdict=SubmitVerified verify_ms=1.701 submit_call_ms=46.787 found_to_submit_ms=48.534
[2026-10-04T01:42:11Z INFO  minertim::pool_connection] Share accepted: rpc_id=129 job_id=E6ihQcMbiJ7Fv9H2 nonce=6f176f00 latency_ms=339
[2026-10-04T01:42:15Z INFO  minertim] H/s 1m:2299.8 5m:2307.0 10m:2311.4 | Shares: 77/0 (found:77) | Diff: 94332 | 4s elapsed (since last share, avg 41s) | best=539 target=45530 (999%)
[2026-10-04T01:42:22Z INFO  minertim::pool_connection] New job: VmJvn2F3Tgrwbd0m (difficulty: 136058, target: 4f7b0000)
[2026-10-04T01:42:25Z INFO  minertim] H/s 1m:2313.8 5m:2307.2 10m:2311.5 | Shares: 77/0 (found:77) | Diff: 136058 | 14s elapsed (since last share, avg 58s) | best=539 target=31567 (999%)
[2026-10-04T01:42:26Z INFO  minertim::pool_connection] New job: IAbNMWdAbvuXBuTX (difficulty: 136058, target: 4f7b0000)
[2026-10-04T01:42:35Z INFO  minertim] H/s 1m:2313.6 5m:2307.2 10m:2311.3 | Shares: 77/0 (found:77) | Diff: 136058 | 24s elapsed (since last share, avg 58s) | best=539 target=31567 (999%)
[2026-10-04T01:42:45Z INFO  minertim] H/s 1m:2314.3 5m:2307.5 10m:2311.3 | Shares: 77/0 (found:77) | Diff: 136058 | 34s elapsed (since last share, avg 58s) | best=539 target=31567 (999%)
[2026-10-04T01:42:46Z INFO  minertim::pool_connection] New job: j28o3GUBaxGb30Yh (difficulty: 136058, target: 4f7b0000)
[2026-10-04T01:42:55Z INFO  minertim] H/s 1m:2315.6 5m:2307.5 10m:2311.4 | Shares: 77/0 (found:77) | Diff: 136058 | 44s elapsed (since last share, avg 58s) | best=539 target=31567 (999%)
[2026-10-04T01:43:05Z INFO  minertim] H/s 1m:2314.9 5m:2307.3 10m:2311.0 | Shares: 77/0 (found:77) | Diff: 136058 | 54s elapsed (since last share, avg 58s) | best=539 target=31567 (999%)
[2026-10-04T01:43:06Z INFO  minertim::pool_connection] New job: IOqedSP2WgTF0ZKy (difficulty: 136058, target: 4f7b0000)
[2026-10-04T01:43:08Z INFO  minertim::pool_connection] New job: aEUUUuv2rcN0qPbd (difficulty: 136058, target: 4f7b0000)
[2026-10-04T01:43:15Z INFO  minertim] H/s 1m:2309.6 5m:2306.5 10m:2310.6 | Shares: 77/0 (found:77) | Diff: 136058 | 1m4s elapsed (since last share, avg 58s) | best=539 target=31567 (999%)
[2026-10-04T01:43:22Z INFO  minertim::pool_connection] New job: IAse6n38la0d2uL5 (difficulty: 85035, target: 4cc50000)
[2026-10-04T01:43:25Z INFO  minertim] H/s 1m:2312.1 5m:2306.9 10m:2310.6 | Shares: 77/0 (found:77) | Diff: 85035 | 1m14s elapsed (since last share, avg 36s) | best=539 target=50508 (999%)
[2026-10-04T01:43:28Z INFO  minertim::pool_connection] New job: 6B7hCGLBoBSua7qe (difficulty: 85035, target: 4cc50000)
[2026-10-04T01:43:35Z INFO  minertim] H/s 1m:2310.7 5m:2306.7 10m:2310.8 | Shares: 77/0 (found:77) | Diff: 85035 | 1m24s elapsed (since last share, avg 36s) | best=539 target=50508 (999%)
[2026-10-04T01:43:45Z INFO  minertim] H/s 1m:2310.8 5m:2307.1 10m:2310.8 | Shares: 77/0 (found:77) | Diff: 85035 | 1m34s elapsed (since last share, avg 36s) | best=539 target=50508 (999%)
[2026-10-04T01:43:46Z INFO  minertim::miner] Worker 1 SHARE FOUND! job_id=6B7hCGLBoBSua7qe, nonce=85eb6e00, hash_val=8871, difficulty=85035, hash=534efaafeba22438c8a879cabfb02b0a5b375ae88fbe7cc01ed85039a7220000
[2026-10-04T01:43:46Z INFO  minertim::pool_connection] Share submitted: rpc_id=132 job_id=6B7hCGLBoBSua7qe nonce=85eb6e00 lock_wait_ms=49.645 write_ms=0.084
[2026-10-04T01:43:46Z INFO  minertim::miner] Worker 1 share timing: job_id=6B7hCGLBoBSua7qe nonce=85eb6e00 verdict=SubmitVerified verify_ms=1.978 submit_call_ms=49.780 found_to_submit_ms=51.807
[2026-10-04T01:43:46Z INFO  minertim::pool_connection] Share accepted: rpc_id=132 job_id=6B7hCGLBoBSua7qe nonce=85eb6e00 latency_ms=351
[2026-10-04T01:43:48Z INFO  minertim::pool_connection] New job: ysy0tM9irbvRceDD (difficulty: 85035, target: 4cc50000)
[2026-10-04T01:43:49Z INFO  minertim::miner] Worker 0 SHARE FOUND! job_id=ysy0tM9irbvRceDD, nonce=d8c96e00, hash_val=37177, difficulty=85035, hash=2ae3d8330cf7486dff08327a04df514be95aad87884e8d3cff440a6339910000
[2026-10-04T01:43:49Z INFO  minertim::pool_connection] Share submitted: rpc_id=133 job_id=ysy0tM9irbvRceDD nonce=d8c96e00 lock_wait_ms=21.659 write_ms=0.082
[2026-10-04T01:43:49Z INFO  minertim::miner] Worker 0 share timing: job_id=ysy0tM9irbvRceDD nonce=d8c96e00 verdict=SubmitVerified verify_ms=1.829 submit_call_ms=21.787 found_to_submit_ms=23.670
[2026-10-04T01:43:49Z INFO  minertim::pool_connection] Share accepted: rpc_id=133 job_id=ysy0tM9irbvRceDD nonce=d8c96e00 latency_ms=290
[2026-10-04T01:43:52Z INFO  minertim::pool_connection] New job: 4Fxgy0saXTr068eT (difficulty: 127553, target: 88830000)
[2026-10-04T01:43:55Z INFO  minertim] H/s 1m:2312.2 5m:2307.1 10m:2310.6 | Shares: 79/0 (found:79) | Diff: 127553 | 5s elapsed (since last share, avg 55s) | best=539 target=33672 (999%)
[2026-10-04T01:44:05Z INFO  minertim] H/s 1m:2311.7 5m:2306.8 10m:2310.5 | Shares: 79/0 (found:79) | Diff: 127553 | 15s elapsed (since last share, avg 55s) | best=539 target=33672 (999%)
[2026-10-04T01:44:08Z INFO  minertim::pool_connection] New job: MGndwVceLyYtbiQu (difficulty: 127553, target: 88830000)
[2026-10-04T01:44:15Z INFO  minertim] H/s 1m:2302.9 5m:2306.0 10m:2310.0 | Shares: 79/0 (found:79) | Diff: 127553 | 25s elapsed (since last share, avg 55s) | best=539 target=33672 (999%)
[2026-10-04T01:44:18Z INFO  minertim::pool_connection] New job: HZo0cTPYPQm6Mz6Y (difficulty: 127553, target: 88830000)
[2026-10-04T01:44:25Z INFO  minertim] H/s 1m:2304.3 5m:2306.0 10m:2310.1 | Shares: 79/0 (found:79) | Diff: 127553 | 35s elapsed (since last share, avg 55s) | best=539 target=33672 (999%)
[2026-10-04T01:44:35Z INFO  minertim] H/s 1m:2307.5 5m:2305.7 10m:2310.2 | Shares: 79/0 (found:79) | Diff: 127553 | 45s elapsed (since last share, avg 55s) | best=539 target=33672 (999%)
[2026-10-04T01:44:38Z INFO  minertim::pool_connection] New job: KyB0n62fUHwdY0Yr (difficulty: 127553, target: 88830000)
[2026-10-04T01:44:45Z INFO  minertim] H/s 1m:2309.2 5m:2305.6 10m:2310.3 | Shares: 79/0 (found:79) | Diff: 127553 | 55s elapsed (since last share, avg 55s) | best=539 target=33672 (999%)
[2026-10-04T01:44:52Z INFO  minertim::pool_connection] New job: 7AwexNWcaXYkCDPN (difficulty: 91110, target: 24b80000)
[2026-10-04T01:44:55Z INFO  minertim] H/s 1m:2312.0 5m:2306.4 10m:2310.6 | Shares: 79/0 (found:79) | Diff: 91110 | 1m5s elapsed (since last share, avg 39s) | best=539 target=47140 (999%)
[2026-10-04T01:44:58Z INFO  minertim::pool_connection] New job: GBBPPEstRKrsqmPT (difficulty: 91110, target: 24b80000)
[2026-10-04T01:45:05Z INFO  minertim] H/s 1m:2316.6 5m:2306.5 10m:2310.4 | Shares: 79/0 (found:79) | Diff: 91110 | 1m15s elapsed (since last share, avg 39s) | best=539 target=47140 (999%)
[2026-10-04T01:45:15Z INFO  minertim] H/s 1m:2311.9 5m:2305.6 10m:2310.1 | Shares: 79/0 (found:79) | Diff: 91110 | 1m25s elapsed (since last share, avg 39s) | best=539 target=47140 (999%)
[2026-10-04T01:45:18Z INFO  minertim::pool_connection] New job: x1nt3G6vBKBFCRKp (difficulty: 91110, target: 24b80000)
[2026-10-04T01:45:25Z INFO  minertim] H/s 1m:2313.6 5m:2305.7 10m:2310.4 | Shares: 79/0 (found:79) | Diff: 91110 | 1m35s elapsed (since last share, avg 39s) | best=539 target=47140 (999%)
[2026-10-04T01:45:26Z INFO  minertim::miner] Worker 1 SHARE FOUND! job_id=x1nt3G6vBKBFCRKp, nonce=396f7200, hash_val=37674, difficulty=91110, hash=6c1fdd411564cca5fddf6ad02ad4936b66aca70eeceb0649afc50b9d2a930000
[2026-10-04T01:45:26Z INFO  minertim::pool_connection] Share submitted: rpc_id=136 job_id=x1nt3G6vBKBFCRKp nonce=396f7200 lock_wait_ms=40.121 write_ms=0.066
[2026-10-04T01:45:26Z INFO  minertim::miner] Worker 1 share timing: job_id=x1nt3G6vBKBFCRKp nonce=396f7200 verdict=SubmitVerified verify_ms=1.980 submit_call_ms=40.236 found_to_submit_ms=42.280
[2026-10-04T01:45:26Z INFO  minertim::pool_connection] Share accepted: rpc_id=136 job_id=x1nt3G6vBKBFCRKp nonce=396f7200 latency_ms=293
[2026-10-04T01:45:35Z INFO  minertim] H/s 1m:2315.5 5m:2305.7 10m:2310.4 | Shares: 80/0 (found:80) | Diff: 91110 | 8s elapsed (since last share, avg 39s) | best=539 target=47140 (999%)
[2026-10-04T01:45:38Z INFO  minertim::pool_connection] New job: V0nZcH4sISc3B66d (difficulty: 91110, target: 24b80000)
[2026-10-04T01:45:45Z INFO  minertim] H/s 1m:2317.1 5m:2306.0 10m:2310.4 | Shares: 80/0 (found:80) | Diff: 91110 | 18s elapsed (since last share, avg 39s) | best=539 target=47140 (999%)
[2026-10-04T01:45:55Z INFO  minertim] H/s 1m:2315.6 5m:2306.0 10m:2310.5 | Shares: 80/0 (found:80) | Diff: 91110 | 28s elapsed (since last share, avg 39s) | best=539 target=47140 (999%)
[2026-10-04T01:45:58Z INFO  minertim::pool_connection] New job: gcXsX140sqslHqdM (difficulty: 91110, target: 24b80000)
[2026-10-04T01:46:05Z INFO  minertim] H/s 1m:2315.9 5m:2308.0 10m:2310.2 | Shares: 80/0 (found:80) | Diff: 91110 | 38s elapsed (since last share, avg 39s) | best=539 target=47140 (999%)
[2026-10-04T01:46:12Z INFO  minertim::miner] Worker 0 SHARE FOUND! job_id=gcXsX140sqslHqdM, nonce=c8c57300, hash_val=1133, difficulty=91110, hash=983a5a5200824563900c9b144abeeee7aa0bd1ac9c4ab361c81e54266d040000
[2026-10-04T01:46:12Z INFO  minertim::pool_connection] Share submitted: rpc_id=137 job_id=gcXsX140sqslHqdM nonce=c8c57300 lock_wait_ms=11.212 write_ms=0.086
[2026-10-04T01:46:12Z INFO  minertim::miner] Worker 0 share timing: job_id=gcXsX140sqslHqdM nonce=c8c57300 verdict=SubmitVerified verify_ms=1.720 submit_call_ms=11.340 found_to_submit_ms=13.116
[2026-10-04T01:46:12Z INFO  minertim::pool_connection] Share accepted: rpc_id=137 job_id=gcXsX140sqslHqdM nonce=c8c57300 latency_ms=264
[2026-10-04T01:46:15Z INFO  minertim] H/s 1m:2308.8 5m:2309.7 10m:2309.7 | Shares: 81/0 (found:81) | Diff: 91110 | 3s elapsed (since last share, avg 39s) | best=539 target=47140 (999%)
[2026-10-04T01:46:18Z INFO  minertim::pool_connection] New job: nSRztGnYJStP0735 (difficulty: 91110, target: 24b80000)
[2026-10-04T01:46:25Z INFO  minertim] H/s 1m:2309.8 5m:2311.9 10m:2309.6 | Shares: 81/0 (found:81) | Diff: 91110 | 13s elapsed (since last share, avg 39s) | best=539 target=47140 (999%)
[2026-10-04T01:46:25Z INFO  minertim::miner] Worker 1 SHARE FOUND! job_id=nSRztGnYJStP0735, nonce=49817400, hash_val=2825, difficulty=91110, hash=7c840b676eed2fc44aa6714fd3cfa21d2f8612281778b06cbd1a5fe6090b0000
[2026-10-04T01:46:25Z INFO  minertim::pool_connection] Share submitted: rpc_id=139 job_id=nSRztGnYJStP0735 nonce=49817400 lock_wait_ms=4.051 write_ms=0.074
[2026-10-04T01:46:25Z INFO  minertim::miner] Worker 1 share timing: job_id=nSRztGnYJStP0735 nonce=49817400 verdict=SubmitVerified verify_ms=2.010 submit_call_ms=4.172 found_to_submit_ms=6.236
[2026-10-04T01:46:26Z INFO  minertim::pool_connection] Share accepted: rpc_id=139 job_id=nSRztGnYJStP0735 nonce=49817400 latency_ms=352
[2026-10-04T01:46:35Z INFO  minertim] H/s 1m:2308.0 5m:2311.8 10m:2309.6 | Shares: 82/0 (found:82) | Diff: 91110 | 9s elapsed (since last share, avg 39s) | best=539 target=47140 (999%)
[2026-10-04T01:46:38Z INFO  minertim::pool_connection] New job: opBRMgQx2bsxnx0e (difficulty: 91110, target: 24b80000)
[2026-10-04T01:46:45Z INFO  minertim] H/s 1m:2313.6 5m:2312.1 10m:2310.0 | Shares: 82/0 (found:82) | Diff: 91110 | 19s elapsed (since last share, avg 39s) | best=539 target=47140 (999%)
[2026-10-04T01:46:52Z INFO  minertim::pool_connection] New job: eTMbzx0kjpyxUO5L (difficulty: 132258, target: da7e0000)
[2026-10-04T01:46:55Z INFO  minertim] H/s 1m:2314.2 5m:2312.3 10m:2309.9 | Shares: 82/0 (found:82) | Diff: 132258 | 29s elapsed (since last share, avg 57s) | best=539 target=32474 (999%)
[2026-10-04T01:46:58Z INFO  minertim::pool_connection] New job: vY2ksCRRkE4Dxgik (difficulty: 132258, target: da7e0000)
[2026-10-04T01:47:05Z INFO  minertim] H/s 1m:2314.0 5m:2312.2 10m:2309.7 | Shares: 82/0 (found:82) | Diff: 132258 | 39s elapsed (since last share, avg 57s) | best=539 target=32474 (999%)
[2026-10-04T01:47:15Z INFO  minertim] H/s 1m:2310.5 5m:2311.4 10m:2309.6 | Shares: 82/0 (found:82) | Diff: 132258 | 49s elapsed (since last share, avg 57s) | best=539 target=32474 (999%)
[2026-10-04T01:47:17Z INFO  minertim::pool_connection] New job: FBxxTFIYLLHUZBEO (difficulty: 132258, target: da7e0000)
[2026-10-04T01:47:25Z INFO  minertim] H/s 1m:2311.2 5m:2311.4 10m:2309.4 | Shares: 82/0 (found:82) | Diff: 132258 | 59s elapsed (since last share, avg 57s) | best=539 target=32474 (999%)
[2026-10-04T01:47:35Z INFO  minertim] H/s 1m:2310.2 5m:2311.4 10m:2309.6 | Shares: 82/0 (found:82) | Diff: 132258 | 1m9s elapsed (since last share, avg 57s) | best=539 target=32474 (999%)
[2026-10-04T01:47:37Z INFO  minertim::miner] Worker 1 SHARE FOUND! job_id=FBxxTFIYLLHUZBEO, nonce=c1027700, hash_val=30941, difficulty=132258, hash=d8a1016c91b9fb30545c1e51850381fad0ca7308ae429d20dc2309d6dd780000
[2026-10-04T01:47:37Z INFO  minertim::pool_connection] Share submitted: rpc_id=141 job_id=FBxxTFIYLLHUZBEO nonce=c1027700 lock_wait_ms=9.461 write_ms=0.081
[2026-10-04T01:47:37Z INFO  minertim::miner] Worker 1 share timing: job_id=FBxxTFIYLLHUZBEO nonce=c1027700 verdict=SubmitVerified verify_ms=1.844 submit_call_ms=9.588 found_to_submit_ms=11.478
[2026-10-04T01:47:37Z INFO  minertim::pool_connection] Share accepted: rpc_id=141 job_id=FBxxTFIYLLHUZBEO nonce=c1027700 latency_ms=320
[2026-10-04T01:47:37Z INFO  minertim::pool_connection] New job: TOyEmtP9XYe5Paz4 (difficulty: 132258, target: da7e0000)
[2026-10-04T01:47:45Z INFO  minertim] H/s 1m:2313.6 5m:2311.9 10m:2309.7 | Shares: 83/0 (found:83) | Diff: 132258 | 8s elapsed (since last share, avg 57s) | best=539 target=32474 (999%)
[2026-10-04T01:47:52Z INFO  minertim::pool_connection] New job: Z5pLROLaw0heaL7U (difficulty: 82659, target: f8ca0000)
[2026-10-04T01:47:55Z INFO  minertim] H/s 1m:2317.9 5m:2312.7 10m:2309.8 | Shares: 83/0 (found:83) | Diff: 82659 | 18s elapsed (since last share, avg 35s) | best=539 target=51960 (999%)
[2026-10-04T01:47:57Z INFO  minertim::pool_connection] New job: kQ1oXG3UYRHzLPMW (difficulty: 82659, target: f8ca0000)
[2026-10-04T01:48:05Z INFO  minertim] H/s 1m:2313.5 5m:2312.0 10m:2309.6 | Shares: 83/0 (found:83) | Diff: 82659 | 28s elapsed (since last share, avg 35s) | best=539 target=51960 (999%)
[2026-10-04T01:48:15Z INFO  minertim] H/s 1m:2312.7 5m:2311.5 10m:2309.4 | Shares: 83/0 (found:83) | Diff: 82659 | 38s elapsed (since last share, avg 35s) | best=539 target=51960 (999%)
[2026-10-04T01:48:17Z INFO  minertim::pool_connection] New job: GDscWm2L6LvlOlL6 (difficulty: 82659, target: f8ca0000)
[2026-10-04T01:48:19Z INFO  minertim::miner] Worker 3 SHARE FOUND! job_id=GDscWm2L6LvlOlL6, nonce=7f677c00, hash_val=46186, difficulty=82659, hash=42374c432f6eae1eab7d226e7ec481abf81ebf563ebd1b51d17ec13f6ab40000
[2026-10-04T01:48:19Z INFO  minertim::pool_connection] Share submitted: rpc_id=143 job_id=GDscWm2L6LvlOlL6 nonce=7f677c00 lock_wait_ms=19.289 write_ms=0.082
[2026-10-04T01:48:19Z INFO  minertim::miner] Worker 3 share timing: job_id=GDscWm2L6LvlOlL6 nonce=7f677c00 verdict=SubmitVerified verify_ms=1.704 submit_call_ms=19.413 found_to_submit_ms=21.162
[2026-10-04T01:48:19Z INFO  minertim::pool_connection] Share accepted: rpc_id=143 job_id=GDscWm2L6LvlOlL6 nonce=7f677c00 latency_ms=306
[2026-10-04T01:48:23Z INFO  minertim::miner] Worker 0 SHARE FOUND! job_id=GDscWm2L6LvlOlL6, nonce=2c5d7800, hash_val=34456, difficulty=82659, hash=43eb5e8d88b20690d9abda20a4ad2e77aebcc8f6eb9ea06e0f0d635e98860000
[2026-10-04T01:48:23Z INFO  minertim::pool_connection] Share submitted: rpc_id=144 job_id=GDscWm2L6LvlOlL6 nonce=2c5d7800 lock_wait_ms=35.886 write_ms=0.083
[2026-10-04T01:48:23Z INFO  minertim::miner] Worker 0 share timing: job_id=GDscWm2L6LvlOlL6 nonce=2c5d7800 verdict=SubmitVerified verify_ms=1.824 submit_call_ms=36.019 found_to_submit_ms=37.882
[2026-10-04T01:48:23Z INFO  minertim::pool_connection] Share accepted: rpc_id=144 job_id=GDscWm2L6LvlOlL6 nonce=2c5d7800 latency_ms=319
[2026-10-04T01:48:25Z INFO  minertim] H/s 1m:2310.3 5m:2311.4 10m:2309.3 | Shares: 85/0 (found:85) | Diff: 82659 | 2s elapsed (since last share, avg 35s) | best=539 target=51960 (999%)
[2026-10-04T01:48:29Z INFO  minertim::miner] Worker 0 SHARE FOUND! job_id=GDscWm2L6LvlOlL6, nonce=e0917800, hash_val=3836, difficulty=82659, hash=be96d191a80cb635b1a1bcb115ee82c41a4bef8b4abb69a29ebfe1cdfc0e0000
[2026-10-04T01:48:29Z INFO  minertim::pool_connection] Share submitted: rpc_id=145 job_id=GDscWm2L6LvlOlL6 nonce=e0917800 lock_wait_ms=36.433 write_ms=0.071
[2026-10-04T01:48:29Z INFO  minertim::miner] Worker 0 share timing: job_id=GDscWm2L6LvlOlL6 nonce=e0917800 verdict=SubmitVerified verify_ms=1.892 submit_call_ms=36.548 found_to_submit_ms=38.503
[2026-10-04T01:48:29Z INFO  minertim::pool_connection] Share accepted: rpc_id=145 job_id=GDscWm2L6LvlOlL6 nonce=e0917800 latency_ms=260
[2026-10-04T01:48:35Z INFO  minertim] H/s 1m:2309.7 5m:2311.7 10m:2309.2 | Shares: 86/0 (found:86) | Diff: 82659 | 6s elapsed (since last share, avg 35s) | best=539 target=51960 (999%)
[2026-10-04T01:48:37Z INFO  minertim::pool_connection] New job: qFrbPSlMDhiE87W0 (difficulty: 82659, target: f8ca0000)
[2026-10-04T01:48:45Z INFO  minertim] H/s 1m:2310.0 5m:2312.3 10m:2309.6 | Shares: 86/0 (found:86) | Diff: 82659 | 16s elapsed (since last share, avg 35s) | best=539 target=51960 (999%)
[2026-10-04T01:48:52Z INFO  minertim::pool_connection] New job: HIMN0ofws8iIz3TS (difficulty: 123992, target: 4f870000)
[2026-10-04T01:48:55Z INFO  minertim] H/s 1m:2315.2 5m:2312.6 10m:2309.8 | Shares: 86/0 (found:86) | Diff: 123992 | 26s elapsed (since last share, avg 53s) | best=539 target=34639 (999%)
[2026-10-04T01:48:57Z INFO  minertim::pool_connection] New job: KXJqtW1AWkoMA3TX (difficulty: 123992, target: 4f870000)
[2026-10-04T01:49:05Z INFO  minertim] H/s 1m:2311.0 5m:2312.8 10m:2309.4 | Shares: 86/0 (found:86) | Diff: 123992 | 36s elapsed (since last share, avg 53s) | best=539 target=34639 (999%)
[2026-10-04T01:49:15Z INFO  minertim] H/s 1m:2306.1 5m:2311.7 10m:2309.1 | Shares: 86/0 (found:86) | Diff: 123992 | 46s elapsed (since last share, avg 53s) | best=539 target=34639 (999%)
[2026-10-04T01:49:17Z INFO  minertim::pool_connection] New job: gqCotdGSWqTXOjv0 (difficulty: 123992, target: 4f870000)
[2026-10-04T01:49:25Z INFO  minertim] H/s 1m:2307.0 5m:2311.7 10m:2309.1 | Shares: 86/0 (found:86) | Diff: 123992 | 56s elapsed (since last share, avg 53s) | best=539 target=34639 (999%)
[2026-10-04T01:49:26Z INFO  minertim::pool_connection] New job: bamd0DgrqFEXKfKF (difficulty: 123992, target: 4f870000)
[2026-10-04T01:49:28Z INFO  minertim::miner] Worker 0 SHARE FOUND! job_id=bamd0DgrqFEXKfKF, nonce=90a77a00, hash_val=20112, difficulty=123992, hash=5967c587587cc9dd4c8db543cf5b47c04a5cbdac0e913a5e450409bd904e0000
[2026-10-04T01:49:28Z INFO  minertim::pool_connection] Share submitted: rpc_id=147 job_id=bamd0DgrqFEXKfKF nonce=90a77a00 lock_wait_ms=0.756 write_ms=0.079
[2026-10-04T01:49:28Z INFO  minertim::miner] Worker 0 share timing: job_id=bamd0DgrqFEXKfKF nonce=90a77a00 verdict=SubmitVerified verify_ms=1.903 submit_call_ms=0.872 found_to_submit_ms=2.829
[2026-10-04T01:49:29Z INFO  minertim::pool_connection] Share accepted: rpc_id=147 job_id=bamd0DgrqFEXKfKF nonce=90a77a00 latency_ms=257
[2026-10-04T01:49:34Z INFO  minertim::pool_connection] New job: KvspBAkmzfFGwEQg (difficulty: 123992, target: 4f870000)
[2026-10-04T01:49:35Z INFO  minertim] H/s 1m:2307.6 5m:2312.1 10m:2308.9 | Shares: 87/0 (found:87) | Diff: 123992 | 6s elapsed (since last share, avg 53s) | best=539 target=34639 (999%)
[2026-10-04T01:49:45Z INFO  minertim] H/s 1m:2309.1 5m:2312.1 10m:2309.0 | Shares: 87/0 (found:87) | Diff: 123992 | 16s elapsed (since last share, avg 53s) | best=539 target=34639 (999%)
[2026-10-04T01:49:47Z INFO  minertim::miner] Worker 2 SHARE FOUND! job_id=KvspBAkmzfFGwEQg, nonce=32a87b00, hash_val=22875, difficulty=123992, hash=97130d3f214ab076ba47525046ea17ffb9f25665cfe7601f24ab67f85b590000
[2026-10-04T01:49:47Z INFO  minertim::pool_connection] Share submitted: rpc_id=148 job_id=KvspBAkmzfFGwEQg nonce=32a87b00 lock_wait_ms=17.025 write_ms=0.077
[2026-10-04T01:49:47Z INFO  minertim::miner] Worker 2 share timing: job_id=KvspBAkmzfFGwEQg nonce=32a87b00 verdict=SubmitVerified verify_ms=1.745 submit_call_ms=17.155 found_to_submit_ms=18.951
[2026-10-04T01:49:47Z INFO  minertim::pool_connection] Share accepted: rpc_id=148 job_id=KvspBAkmzfFGwEQg nonce=32a87b00 latency_ms=230
[2026-10-04T01:49:54Z INFO  minertim::pool_connection] New job: 1cZwUagprPLZlozV (difficulty: 123992, target: 4f870000)
[2026-10-04T01:49:55Z INFO  minertim] H/s 1m:2314.4 5m:2312.5 10m:2309.5 | Shares: 88/0 (found:88) | Diff: 123992 | 8s elapsed (since last share, avg 53s) | best=539 target=34639 (999%)
[2026-10-04T01:49:57Z INFO  minertim::pool_connection] New job: R9itKjz1CXVoWO0p (difficulty: 123992, target: 4f870000)
[2026-10-04T01:50:04Z INFO  minertim::miner] Worker 0 SHARE FOUND! job_id=R9itKjz1CXVoWO0p, nonce=78e77b00, hash_val=14770, difficulty=123992, hash=451fcb072d0b539f21a2968b3020855ae91fba7d5632c2b15fd929aeb2390000
[2026-10-04T01:50:04Z INFO  minertim::pool_connection] Share submitted: rpc_id=149 job_id=R9itKjz1CXVoWO0p nonce=78e77b00 lock_wait_ms=46.782 write_ms=0.082
[2026-10-04T01:50:04Z INFO  minertim::miner] Worker 0 share timing: job_id=R9itKjz1CXVoWO0p nonce=78e77b00 verdict=SubmitVerified verify_ms=1.908 submit_call_ms=46.914 found_to_submit_ms=48.872
[2026-10-04T01:50:04Z INFO  minertim::pool_connection] Share accepted: rpc_id=149 job_id=R9itKjz1CXVoWO0p nonce=78e77b00 latency_ms=255
[2026-10-04T01:50:05Z INFO  minertim] H/s 1m:2315.7 5m:2312.3 10m:2309.3 | Shares: 89/0 (found:89) | Diff: 123992 | 0s elapsed (since last share, avg 53s) | best=539 target=34639 (999%)
[2026-10-04T01:50:15Z INFO  minertim] H/s 1m:2311.6 5m:2311.3 10m:2308.9 | Shares: 89/0 (found:89) | Diff: 123992 | 10s elapsed (since last share, avg 53s) | best=539 target=34639 (999%)
[2026-10-04T01:50:17Z INFO  minertim::pool_connection] New job: G4vzaP1COjnUGVNo (difficulty: 123992, target: 4f870000)
[2026-10-04T01:50:18Z INFO  minertim::pool_connection] New job: XGPx3lwZIfCIbQ87 (difficulty: 123992, target: 4f870000)
[2026-10-04T01:50:24Z INFO  minertim::miner] Worker 1 SHARE FOUND! job_id=XGPx3lwZIfCIbQ87, nonce=c9e37c00, hash_val=29258, difficulty=123992, hash=eacefff79008f04cce53d9a270906f08a81a49d486b93626d1961a184a720000
[2026-10-04T01:50:24Z INFO  minertim::pool_connection] Share submitted: rpc_id=151 job_id=XGPx3lwZIfCIbQ87 nonce=c9e37c00 lock_wait_ms=42.996 write_ms=0.079
[2026-10-04T01:50:24Z INFO  minertim::miner] Worker 1 share timing: job_id=XGPx3lwZIfCIbQ87 nonce=c9e37c00 verdict=SubmitVerified verify_ms=1.834 submit_call_ms=43.122 found_to_submit_ms=45.009
[2026-10-04T01:50:25Z INFO  minertim::pool_connection] Share accepted: rpc_id=151 job_id=XGPx3lwZIfCIbQ87 nonce=c9e37c00 latency_ms=231
[2026-10-04T01:50:25Z INFO  minertim] H/s 1m:2312.5 5m:2311.5 10m:2308.8 | Shares: 90/0 (found:90) | Diff: 123992 | 0s elapsed (since last share, avg 53s) | best=539 target=34639 (999%)
[2026-10-04T01:50:31Z INFO  minertim::pool_connection] New job: JNOmylAWEaba690R (difficulty: 123992, target: 4f870000)
[2026-10-04T01:50:35Z INFO  minertim] H/s 1m:2311.6 5m:2311.2 10m:2308.7 | Shares: 90/0 (found:90) | Diff: 123992 | 10s elapsed (since last share, avg 53s) | best=539 target=34639 (999%)
[2026-10-04T01:50:45Z INFO  minertim] H/s 1m:2311.4 5m:2311.7 10m:2308.7 | Shares: 90/0 (found:90) | Diff: 123992 | 20s elapsed (since last share, avg 53s) | best=539 target=34639 (999%)
[2026-10-04T01:50:51Z INFO  minertim::pool_connection] New job: itngGDRnF3IDrXWM (difficulty: 123992, target: 4f870000)
[2026-10-04T01:50:52Z INFO  minertim::pool_connection] New job: 3o0JABjLg5GMc00P (difficulty: 185985, target: 355a0000)
[2026-10-04T01:50:55Z INFO  minertim] H/s 1m:2316.2 5m:2312.4 10m:2309.1 | Shares: 90/0 (found:90) | Diff: 185985 | 30s elapsed (since last share, avg 1m20s) | best=539 target=23093 (999%)
[2026-10-04T01:51:05Z INFO  minertim] H/s 1m:2316.3 5m:2312.6 10m:2310.1 | Shares: 90/0 (found:90) | Diff: 185985 | 40s elapsed (since last share, avg 1m20s) | best=539 target=23093 (999%)
[2026-10-04T01:51:11Z INFO  minertim::pool_connection] New job: 9SgURIienMc1xojX (difficulty: 185985, target: 355a0000)
[2026-10-04T01:51:15Z INFO  minertim] H/s 1m:2301.3 5m:2310.1 10m:2310.1 | Shares: 90/0 (found:90) | Diff: 185985 | 50s elapsed (since last share, avg 1m20s) | best=539 target=23093 (999%)
[2026-10-04T01:51:25Z INFO  minertim] H/s 1m:2301.1 5m:2310.0 10m:2311.0 | Shares: 90/0 (found:90) | Diff: 185985 | 1m0s elapsed (since last share, avg 1m20s) | best=539 target=23093 (999%)
[2026-10-04T01:51:31Z INFO  minertim::pool_connection] New job: MyUcsznK3OLwGIqL (difficulty: 185985, target: 355a0000)
[2026-10-04T01:51:35Z INFO  minertim] H/s 1m:2295.2 5m:2308.6 10m:2310.5 | Shares: 90/0 (found:90) | Diff: 185985 | 1m10s elapsed (since last share, avg 1m21s) | best=539 target=23093 (999%)
[2026-10-04T01:51:45Z INFO  minertim] H/s 1m:2295.1 5m:2309.1 10m:2310.5 | Shares: 90/0 (found:90) | Diff: 185985 | 1m20s elapsed (since last share, avg 1m21s) | best=539 target=23093 (999%)
[2026-10-04T01:51:51Z INFO  minertim::pool_connection] New job: 10GZzKniPHpxXJvJ (difficulty: 185985, target: 355a0000)
[2026-10-04T01:51:52Z INFO  minertim::pool_connection] New job: mA0liq3XscbtfaXq (difficulty: 96200, target: 66ae0000)
[2026-10-04T01:51:55Z INFO  minertim] H/s 1m:2297.6 5m:2309.8 10m:2310.8 | Shares: 90/0 (found:90) | Diff: 96200 | 1m30s elapsed (since last share, avg 41s) | best=539 target=44646 (999%)
[2026-10-04T01:52:05Z INFO  minertim] H/s 1m:2309.1 5m:2309.8 10m:2310.9 | Shares: 90/0 (found:90) | Diff: 96200 | 1m40s elapsed (since last share, avg 41s) | best=539 target=44646 (999%)
[2026-10-04T01:52:05Z INFO  minertim::miner] Worker 0 SHARE FOUND! job_id=mA0liq3XscbtfaXq, nonce=ec218000, hash_val=2470, difficulty=96200, hash=829ab0fa355ba0fe9aa9d7acca28d143d9e414a4ffc330300bfaea64a6090000
[2026-10-04T01:52:05Z INFO  minertim::pool_connection] Share submitted: rpc_id=153 job_id=mA0liq3XscbtfaXq nonce=ec218000 lock_wait_ms=30.582 write_ms=0.085
[2026-10-04T01:52:05Z INFO  minertim::miner] Worker 0 share timing: job_id=mA0liq3XscbtfaXq nonce=ec218000 verdict=SubmitVerified verify_ms=1.822 submit_call_ms=30.711 found_to_submit_ms=32.590
[2026-10-04T01:52:06Z INFO  minertim::pool_connection] Share accepted: rpc_id=153 job_id=mA0liq3XscbtfaXq nonce=ec218000 latency_ms=235
[2026-10-04T01:52:11Z INFO  minertim::pool_connection] New job: lSprU010n0AXJBjN (difficulty: 96200, target: 66ae0000)
[2026-10-04T01:52:15Z INFO  minertim] H/s 1m:2308.6 5m:2309.6 10m:2310.6 | Shares: 91/0 (found:91) | Diff: 96200 | 9s elapsed (since last share, avg 41s) | best=539 target=44646 (999%)
[2026-10-04T01:52:23Z INFO  minertim::pool_connection] New job: ZfBu4UnnH9OLUNME (difficulty: 144300, target: 44740000)
[2026-10-04T01:52:25Z INFO  minertim] H/s 1m:2313.9 5m:2309.2 10m:2310.5 | Shares: 91/0 (found:91) | Diff: 144300 | 19s elapsed (since last share, avg 1m2s) | best=539 target=29764 (999%)
[2026-10-04T01:52:31Z INFO  minertim::pool_connection] New job: 0kH7Bd4OGds3FJNT (difficulty: 144300, target: 44740000)
[2026-10-04T01:52:35Z INFO  minertim] H/s 1m:2314.6 5m:2309.3 10m:2310.5 | Shares: 91/0 (found:91) | Diff: 144300 | 29s elapsed (since last share, avg 1m2s) | best=539 target=29764 (999%)
[2026-10-04T01:52:45Z INFO  minertim] H/s 1m:2317.9 5m:2309.8 10m:2311.0 | Shares: 91/0 (found:91) | Diff: 144300 | 39s elapsed (since last share, avg 1m2s) | best=539 target=29764 (999%)
[2026-10-04T01:52:51Z INFO  minertim::pool_connection] New job: LvbfMvlS46GtAVI0 (difficulty: 144300, target: 44740000)
[2026-10-04T01:52:55Z INFO  minertim] H/s 1m:2320.9 5m:2311.1 10m:2311.4 | Shares: 91/0 (found:91) | Diff: 144300 | 49s elapsed (since last share, avg 1m2s) | best=539 target=29764 (999%)
[2026-10-04T01:53:05Z INFO  minertim] H/s 1m:2316.3 5m:2310.2 10m:2311.2 | Shares: 91/0 (found:91) | Diff: 144300 | 59s elapsed (since last share, avg 1m2s) | best=539 target=29764 (999%)
[2026-10-04T01:53:07Z INFO  minertim::miner] Worker 0 SHARE FOUND! job_id=LvbfMvlS46GtAVI0, nonce=784a8200, hash_val=6796, difficulty=144300, hash=af55e0f630466dd640a54cad765194714c4aecbd65b8184a7e19297a8c1a0000
[2026-10-04T01:53:07Z INFO  minertim::pool_connection] Share submitted: rpc_id=155 job_id=LvbfMvlS46GtAVI0 nonce=784a8200 lock_wait_ms=46.673 write_ms=0.082
[2026-10-04T01:53:07Z INFO  minertim::miner] Worker 0 share timing: job_id=LvbfMvlS46GtAVI0 nonce=784a8200 verdict=SubmitVerified verify_ms=1.850 submit_call_ms=46.808 found_to_submit_ms=48.710
[2026-10-04T01:53:07Z INFO  minertim::pool_connection] Share accepted: rpc_id=155 job_id=LvbfMvlS46GtAVI0 nonce=784a8200 latency_ms=372
[2026-10-04T01:53:11Z INFO  minertim::pool_connection] New job: nZndv0LAqjI630ie (difficulty: 144300, target: 44740000)
[2026-10-04T01:53:15Z INFO  minertim] H/s 1m:2313.4 5m:2309.8 10m:2310.7 | Shares: 92/0 (found:92) | Diff: 144300 | 8s elapsed (since last share, avg 1m2s) | best=539 target=29764 (999%)
[2026-10-04T01:53:23Z INFO  minertim::pool_connection] New job: 91IOkmeNXzVvmSKz (difficulty: 106450, target: 9b9d0000)
[2026-10-04T01:53:25Z INFO  minertim] H/s 1m:2312.5 5m:2309.8 10m:2310.7 | Shares: 92/0 (found:92) | Diff: 106450 | 18s elapsed (since last share, avg 46s) | best=539 target=40347 (999%)
[2026-10-04T01:53:30Z INFO  minertim::pool_connection] New job: RCiXNNzJkimk00LC (difficulty: 106450, target: 9b9d0000)
[2026-10-04T01:53:35Z INFO  minertim] H/s 1m:2311.8 5m:2310.1 10m:2311.0 | Shares: 92/0 (found:92) | Diff: 106450 | 28s elapsed (since last share, avg 46s) | best=539 target=40347 (999%)
[2026-10-04T01:53:45Z INFO  minertim] H/s 1m:2310.4 5m:2310.3 10m:2311.3 | Shares: 92/0 (found:92) | Diff: 106450 | 38s elapsed (since last share, avg 46s) | best=539 target=40347 (999%)
[2026-10-04T01:53:48Z INFO  minertim::miner] Worker 3 SHARE FOUND! job_id=RCiXNNzJkimk00LC, nonce=bb498800, hash_val=14399, difficulty=106450, hash=18d9e331dc50249b9c60b362cd5e74fd22fad3250168ba79f39463163f380000
[2026-10-04T01:53:48Z INFO  minertim::pool_connection] Share submitted: rpc_id=157 job_id=RCiXNNzJkimk00LC nonce=bb498800 lock_wait_ms=28.349 write_ms=0.092
[2026-10-04T01:53:48Z INFO  minertim::miner] Worker 3 share timing: job_id=RCiXNNzJkimk00LC nonce=bb498800 verdict=SubmitVerified verify_ms=1.574 submit_call_ms=28.487 found_to_submit_ms=30.114
[2026-10-04T01:53:48Z INFO  minertim::pool_connection] Share accepted: rpc_id=157 job_id=RCiXNNzJkimk00LC nonce=bb498800 latency_ms=256
[2026-10-04T01:53:50Z INFO  minertim::pool_connection] New job: XDriVheujjT5VZFZ (difficulty: 106450, target: 9b9d0000)
[2026-10-04T01:53:55Z INFO  minertim] H/s 1m:2316.4 5m:2311.1 10m:2311.6 | Shares: 93/0 (found:93) | Diff: 106450 | 7s elapsed (since last share, avg 45s) | best=539 target=40347 (999%)
[2026-10-04T01:54:05Z INFO  minertim] H/s 1m:2316.4 5m:2311.5 10m:2311.8 | Shares: 93/0 (found:93) | Diff: 106450 | 17s elapsed (since last share, avg 45s) | best=539 target=40347 (999%)
[2026-10-04T01:54:10Z INFO  minertim::pool_connection] New job: zb7Urqq5aPthwc8Q (difficulty: 106450, target: 9b9d0000)
[2026-10-04T01:54:15Z INFO  minertim] H/s 1m:2311.0 5m:2310.4 10m:2311.3 | Shares: 93/0 (found:93) | Diff: 106450 | 27s elapsed (since last share, avg 46s) | best=539 target=40347 (999%)
[2026-10-04T01:54:25Z INFO  minertim] H/s 1m:2310.5 5m:2310.6 10m:2311.3 | Shares: 93/0 (found:93) | Diff: 106450 | 37s elapsed (since last share, avg 46s) | best=539 target=40347 (999%)
[2026-10-04T01:54:30Z INFO  minertim::pool_connection] New job: ewfk73DTOr9urJJj (difficulty: 106450, target: 9b9d0000)
[2026-10-04T01:54:34Z INFO  minertim::miner] Worker 3 SHARE FOUND! job_id=ewfk73DTOr9urJJj, nonce=bff88900, hash_val=23160, difficulty=106450, hash=d5b42b01b00f39a323018442328c528934153ca3293e40fc2d14e311785a0000
[2026-10-04T01:54:34Z INFO  minertim::pool_connection] Share submitted: rpc_id=159 job_id=ewfk73DTOr9urJJj nonce=bff88900 lock_wait_ms=42.377 write_ms=0.090
[2026-10-04T01:54:34Z INFO  minertim::miner] Worker 3 share timing: job_id=ewfk73DTOr9urJJj nonce=bff88900 verdict=SubmitVerified verify_ms=1.689 submit_call_ms=42.515 found_to_submit_ms=44.253
[2026-10-04T01:54:35Z INFO  minertim::pool_connection] Share accepted: rpc_id=159 job_id=ewfk73DTOr9urJJj nonce=bff88900 latency_ms=254
[2026-10-04T01:54:35Z INFO  minertim] H/s 1m:2310.8 5m:2310.6 10m:2311.4 | Shares: 94/0 (found:94) | Diff: 106450 | 0s elapsed (since last share, avg 46s) | best=539 target=40347 (999%)
[2026-10-04T01:54:45Z INFO  minertim] H/s 1m:2310.1 5m:2310.4 10m:2311.4 | Shares: 94/0 (found:94) | Diff: 106450 | 10s elapsed (since last share, avg 46s) | best=539 target=40347 (999%)
[2026-10-04T01:54:50Z INFO  minertim::pool_connection] New job: sp7hZ7AXn1ETAfsx (difficulty: 106450, target: 9b9d0000)
[2026-10-04T01:54:55Z INFO  minertim] H/s 1m:2313.7 5m:2311.2 10m:2311.6 | Shares: 94/0 (found:94) | Diff: 106450 | 20s elapsed (since last share, avg 46s) | best=539 target=40347 (999%)
[2026-10-04T01:55:05Z INFO  minertim] H/s 1m:2312.0 5m:2310.5 10m:2311.3 | Shares: 94/0 (found:94) | Diff: 106450 | 30s elapsed (since last share, avg 46s) | best=539 target=40347 (999%)
[2026-10-04T01:55:10Z INFO  minertim::pool_connection] New job: 0D0KVC6yyA8Esav6 (difficulty: 106450, target: 9b9d0000)
[2026-10-04T01:55:15Z INFO  minertim] H/s 1m:2311.6 5m:2310.4 10m:2311.1 | Shares: 94/0 (found:94) | Diff: 106450 | 40s elapsed (since last share, avg 46s) | best=539 target=40347 (999%)
[2026-10-04T01:55:25Z INFO  minertim] H/s 1m:2313.1 5m:2310.8 10m:2311.2 | Shares: 94/0 (found:94) | Diff: 106450 | 50s elapsed (since last share, avg 46s) | best=539 target=40347 (999%)
[2026-10-04T01:55:28Z INFO  minertim::pool_connection] New job: smin7V11qnX0LtJO (difficulty: 106450, target: 9b9d0000)
[2026-10-04T01:55:30Z INFO  minertim::miner] Worker 1 SHARE FOUND! job_id=smin7V11qnX0LtJO, nonce=e5968700, hash_val=19461, difficulty=106450, hash=f6d7b6ce34e59a64d7b0b887b89a6f773377019d898238832f262e37054c0000
[2026-10-04T01:55:30Z INFO  minertim::pool_connection] Share submitted: rpc_id=161 job_id=smin7V11qnX0LtJO nonce=e5968700 lock_wait_ms=12.720 write_ms=0.081
[2026-10-04T01:55:30Z INFO  minertim::miner] Worker 1 share timing: job_id=smin7V11qnX0LtJO nonce=e5968700 verdict=SubmitVerified verify_ms=1.816 submit_call_ms=12.850 found_to_submit_ms=14.716
[2026-10-04T01:55:30Z INFO  minertim::pool_connection] Share accepted: rpc_id=161 job_id=smin7V11qnX0LtJO nonce=e5968700 latency_ms=227
[2026-10-04T01:55:35Z INFO  minertim] H/s 1m:2313.6 5m:2310.7 10m:2311.1 | Shares: 95/0 (found:95) | Diff: 106450 | 5s elapsed (since last share, avg 46s) | best=539 target=40347 (999%)
[2026-10-04T01:55:45Z INFO  minertim] H/s 1m:2314.2 5m:2310.8 10m:2311.4 | Shares: 95/0 (found:95) | Diff: 106450 | 15s elapsed (since last share, avg 45s) | best=539 target=40347 (999%)
[2026-10-04T01:55:48Z INFO  minertim::pool_connection] New job: VhiEddzLmKB2EzG4 (difficulty: 106450, target: 9b9d0000)
[2026-10-04T01:55:53Z INFO  minertim::miner] Worker 3 SHARE FOUND! job_id=VhiEddzLmKB2EzG4, nonce=cfd28c00, hash_val=4171, difficulty=106450, hash=ca526703bbcbf7c8ba7ec17c1ea18307f78b288310148a7dcd50478e4b100000
[2026-10-04T01:55:53Z INFO  minertim::pool_connection] Share submitted: rpc_id=162 job_id=VhiEddzLmKB2EzG4 nonce=cfd28c00 lock_wait_ms=9.415 write_ms=0.081
[2026-10-04T01:55:53Z INFO  minertim::miner] Worker 3 share timing: job_id=VhiEddzLmKB2EzG4 nonce=cfd28c00 verdict=SubmitVerified verify_ms=1.925 submit_call_ms=9.538 found_to_submit_ms=11.519
[2026-10-04T01:55:54Z INFO  minertim::pool_connection] Share accepted: rpc_id=162 job_id=VhiEddzLmKB2EzG4 nonce=cfd28c00 latency_ms=274
[2026-10-04T01:55:55Z INFO  minertim] H/s 1m:2320.8 5m:2311.3 10m:2311.7 | Shares: 96/0 (found:96) | Diff: 106450 | 2s elapsed (since last share, avg 45s) | best=539 target=40347 (999%)
[2026-10-04T01:56:05Z INFO  minertim::miner] Worker 2 SHARE FOUND! job_id=VhiEddzLmKB2EzG4, nonce=92e68800, hash_val=24551, difficulty=106450, hash=cf7bebd15608cba3dc8e5086b132e1dbc50f652ee164ad1f665c7e0fe75f0000
[2026-10-04T01:56:05Z INFO  minertim::pool_connection] Share submitted: rpc_id=163 job_id=VhiEddzLmKB2EzG4 nonce=92e68800 lock_wait_ms=5.904 write_ms=0.077
[2026-10-04T01:56:05Z INFO  minertim::miner] Worker 2 share timing: job_id=VhiEddzLmKB2EzG4 nonce=92e68800 verdict=SubmitVerified verify_ms=1.813 submit_call_ms=6.021 found_to_submit_ms=7.889
[2026-10-04T01:56:05Z INFO  minertim::pool_connection] Share accepted: rpc_id=163 job_id=VhiEddzLmKB2EzG4 nonce=92e68800 latency_ms=252
[2026-10-04T01:56:05Z INFO  minertim] H/s 1m:2313.8 5m:2312.6 10m:2311.6 | Shares: 97/0 (found:97) | Diff: 106450 | 0s elapsed (since last share, avg 46s) | best=539 target=40347 (999%)
[2026-10-04T01:56:08Z INFO  minertim::pool_connection] New job: cvI3LZfTxcKGexM7 (difficulty: 106450, target: 9b9d0000)
[2026-10-04T01:56:15Z INFO  minertim] H/s 1m:2307.5 5m:2311.9 10m:2311.0 | Shares: 97/0 (found:97) | Diff: 106450 | 10s elapsed (since last share, avg 46s) | best=539 target=40347 (999%)
[2026-10-04T01:56:25Z INFO  minertim] H/s 1m:2308.7 5m:2313.1 10m:2311.2 | Shares: 97/0 (found:97) | Diff: 106450 | 20s elapsed (since last share, avg 46s) | best=539 target=40347 (999%)
[2026-10-04T01:56:28Z INFO  minertim::pool_connection] New job: FrN0lzwBhLzKXLkQ (difficulty: 106450, target: 9b9d0000)
[2026-10-04T01:56:35Z INFO  minertim] H/s 1m:2308.5 5m:2313.1 10m:2311.0 | Shares: 97/0 (found:97) | Diff: 106450 | 30s elapsed (since last share, avg 46s) | best=539 target=40347 (999%)
[2026-10-04T01:56:45Z INFO  minertim] H/s 1m:2310.2 5m:2313.4 10m:2311.3 | Shares: 97/0 (found:97) | Diff: 106450 | 40s elapsed (since last share, avg 46s) | best=539 target=40347 (999%)
[2026-10-04T01:56:48Z INFO  minertim::pool_connection] New job: 0y5Jh2FkD1eFvmQS (difficulty: 106450, target: 9b9d0000)
[2026-10-04T01:56:55Z INFO  minertim] H/s 1m:2317.2 5m:2314.0 10m:2311.8 | Shares: 97/0 (found:97) | Diff: 106450 | 50s elapsed (since last share, avg 45s) | best=539 target=40347 (999%)
[2026-10-04T01:57:05Z INFO  minertim] H/s 1m:2319.7 5m:2313.8 10m:2311.8 | Shares: 97/0 (found:97) | Diff: 106450 | 1m0s elapsed (since last share, avg 45s) | best=539 target=40347 (999%)
[2026-10-04T01:57:08Z INFO  minertim::pool_connection] New job: Bakx4CBhYsylpj3Y (difficulty: 106450, target: 9b9d0000)
[2026-10-04T01:57:15Z INFO  minertim] H/s 1m:2316.6 5m:2313.5 10m:2311.6 | Shares: 97/0 (found:97) | Diff: 106450 | 1m10s elapsed (since last share, avg 45s) | best=539 target=40347 (999%)
[2026-10-04T01:57:25Z INFO  minertim] H/s 1m:2317.3 5m:2313.6 10m:2311.6 | Shares: 97/0 (found:97) | Diff: 106450 | 1m20s elapsed (since last share, avg 45s) | best=539 target=40347 (999%)
[2026-10-04T01:57:28Z INFO  minertim::pool_connection] New job: 5WL2CrzN1q00k0fe (difficulty: 106450, target: 9b9d0000)
[2026-10-04T01:57:35Z INFO  minertim] H/s 1m:2318.2 5m:2313.5 10m:2311.7 | Shares: 97/0 (found:97) | Diff: 106450 | 1m30s elapsed (since last share, avg 45s) | best=539 target=40347 (999%)
[2026-10-04T01:57:45Z INFO  minertim] H/s 1m:2316.0 5m:2313.1 10m:2311.7 | Shares: 97/0 (found:97) | Diff: 106450 | 1m40s elapsed (since last share, avg 45s) | best=539 target=40347 (999%)
[2026-10-04T01:57:47Z INFO  minertim::pool_connection] New job: 4wwZPrxBhaiXCyjS (difficulty: 106450, target: 9b9d0000)
[2026-10-04T01:57:49Z INFO  minertim::miner] Worker 1 SHARE FOUND! job_id=4wwZPrxBhaiXCyjS, nonce=fd768c00, hash_val=11534, difficulty=106450, hash=bbaeae47a0c901bd5c6d7d63f7cea6c1177f34fe5b0b98ac17df58ce0e2d0000
[2026-10-04T01:57:49Z INFO  minertim::pool_connection] Share submitted: rpc_id=166 job_id=4wwZPrxBhaiXCyjS nonce=fd768c00 lock_wait_ms=35.229 write_ms=0.079
[2026-10-04T01:57:49Z INFO  minertim::miner] Worker 1 share timing: job_id=4wwZPrxBhaiXCyjS nonce=fd768c00 verdict=SubmitVerified verify_ms=1.811 submit_call_ms=35.361 found_to_submit_ms=37.226
[2026-10-04T01:57:49Z INFO  minertim::pool_connection] Share accepted: rpc_id=166 job_id=4wwZPrxBhaiXCyjS nonce=fd768c00 latency_ms=304
[2026-10-04T01:57:55Z INFO  minertim] H/s 1m:2316.5 5m:2313.9 10m:2312.1 | Shares: 98/0 (found:98) | Diff: 106450 | 6s elapsed (since last share, avg 45s) | best=539 target=40347 (999%)
[2026-10-04T01:58:05Z INFO  minertim] H/s 1m:2314.4 5m:2313.7 10m:2311.8 | Shares: 98/0 (found:98) | Diff: 106450 | 16s elapsed (since last share, avg 45s) | best=539 target=40347 (999%)
[2026-10-04T01:58:07Z INFO  minertim::pool_connection] New job: GkKk0ol0exTedAqT (difficulty: 106450, target: 9b9d0000)
[2026-10-04T01:58:14Z INFO  minertim::miner] Worker 2 SHARE FOUND! job_id=GkKk0ol0exTedAqT, nonce=4a6c8d00, hash_val=12825, difficulty=106450, hash=f8e050690fadbb1de2cb654e05a5376bfdce6fa7f20d533c04192b9a19320000
[2026-10-04T01:58:14Z INFO  minertim::pool_connection] Share submitted: rpc_id=168 job_id=GkKk0ol0exTedAqT nonce=4a6c8d00 lock_wait_ms=46.410 write_ms=0.067
[2026-10-04T01:58:14Z INFO  minertim::miner] Worker 2 share timing: job_id=GkKk0ol0exTedAqT nonce=4a6c8d00 verdict=SubmitVerified verify_ms=1.781 submit_call_ms=46.515 found_to_submit_ms=48.340
[2026-10-04T01:58:14Z INFO  minertim::pool_connection] Share accepted: rpc_id=168 job_id=GkKk0ol0exTedAqT nonce=4a6c8d00 latency_ms=228
[2026-10-04T01:58:15Z INFO  minertim] H/s 1m:2307.4 5m:2312.7 10m:2311.4 | Shares: 99/0 (found:99) | Diff: 106450 | 1s elapsed (since last share, avg 46s) | best=539 target=40347 (999%)
[2026-10-04T01:58:19Z INFO  minertim::miner] Worker 2 SHARE FOUND! job_id=GkKk0ol0exTedAqT, nonce=7ea08d00, hash_val=24860, difficulty=106450, hash=ab2913981bc60163838ca916434cee9b4aa7f1307f820e1a20728ea21c610000
[2026-10-04T01:58:19Z INFO  minertim::pool_connection] Share submitted: rpc_id=169 job_id=GkKk0ol0exTedAqT nonce=7ea08d00 lock_wait_ms=22.629 write_ms=0.064
[2026-10-04T01:58:19Z INFO  minertim::miner] Worker 2 share timing: job_id=GkKk0ol0exTedAqT nonce=7ea08d00 verdict=SubmitVerified verify_ms=1.741 submit_call_ms=22.738 found_to_submit_ms=24.537
[2026-10-04T01:58:20Z INFO  minertim::pool_connection] Share accepted: rpc_id=169 job_id=GkKk0ol0exTedAqT nonce=7ea08d00 latency_ms=254
[2026-10-04T01:58:25Z INFO  minertim] H/s 1m:2306.9 5m:2312.7 10m:2311.5 | Shares: 100/0 (found:100) | Diff: 106450 | 6s elapsed (since last share, avg 46s) | best=539 target=40347 (999%)
[2026-10-04T01:58:27Z INFO  minertim::pool_connection] New job: A5O9ZkhJj0hMXejQ (difficulty: 106450, target: 9b9d0000)
[2026-10-04T01:58:32Z INFO  minertim::miner] Worker 3 SHARE FOUND! job_id=A5O9ZkhJj0hMXejQ, nonce=d7919200, hash_val=9261, difficulty=106450, hash=2e6e52446a6093ceb8d1637d93129c386a86e29e55ecea6c90ea19122d240000
[2026-10-04T01:58:32Z INFO  minertim::pool_connection] Share submitted: rpc_id=170 job_id=A5O9ZkhJj0hMXejQ nonce=d7919200 lock_wait_ms=32.981 write_ms=0.079
[2026-10-04T01:58:32Z INFO  minertim::miner] Worker 3 share timing: job_id=A5O9ZkhJj0hMXejQ nonce=d7919200 verdict=SubmitVerified verify_ms=1.630 submit_call_ms=33.109 found_to_submit_ms=34.791
[2026-10-04T01:58:32Z INFO  minertim::pool_connection] Share accepted: rpc_id=170 job_id=A5O9ZkhJj0hMXejQ nonce=d7919200 latency_ms=230
[2026-10-04T01:58:35Z INFO  minertim] H/s 1m:2306.9 5m:2312.5 10m:2311.4 | Shares: 101/0 (found:101) | Diff: 106450 | 3s elapsed (since last share, avg 46s) | best=539 target=40347 (999%)
[2026-10-04T01:58:38Z INFO  minertim::miner] Worker 0 SHARE FOUND! job_id=A5O9ZkhJj0hMXejQ, nonce=00e28d00, hash_val=27117, difficulty=106450, hash=c2d0a89abbf18b9b6acba6f9884c7877887e0ffe3ac97db8af565b03ed690000
[2026-10-04T01:58:38Z INFO  minertim::pool_connection] Share submitted: rpc_id=171 job_id=A5O9ZkhJj0hMXejQ nonce=00e28d00 lock_wait_ms=3.536 write_ms=0.080
[2026-10-04T01:58:38Z INFO  minertim::miner] Worker 0 share timing: job_id=A5O9ZkhJj0hMXejQ nonce=00e28d00 verdict=SubmitVerified verify_ms=1.846 submit_call_ms=3.656 found_to_submit_ms=5.548
[2026-10-04T01:58:39Z INFO  minertim::pool_connection] Share accepted: rpc_id=171 job_id=A5O9ZkhJj0hMXejQ nonce=00e28d00 latency_ms=255
[2026-10-04T01:58:45Z INFO  minertim] H/s 1m:2308.4 5m:2312.5 10m:2311.5 | Shares: 102/0 (found:102) | Diff: 106450 | 7s elapsed (since last share, avg 46s) | best=539 target=40347 (999%)
[2026-10-04T01:58:47Z INFO  minertim::pool_connection] New job: PL9lpiREUPAsE8R4 (difficulty: 106450, target: 9b9d0000)
[2026-10-04T01:58:55Z INFO  minertim] H/s 1m:2309.2 5m:2312.5 10m:2311.6 | Shares: 102/0 (found:102) | Diff: 106450 | 17s elapsed (since last share, avg 46s) | best=539 target=40347 (999%)
[2026-10-04T01:59:05Z INFO  minertim] H/s 1m:2308.7 5m:2312.3 10m:2311.6 | Shares: 102/0 (found:102) | Diff: 106450 | 27s elapsed (since last share, avg 46s) | best=539 target=40347 (999%)
[2026-10-04T01:59:07Z INFO  minertim::pool_connection] New job: JRGVgwZkDQ4rSxWu (difficulty: 106450, target: 9b9d0000)
[2026-10-04T01:59:11Z INFO  minertim::miner] Worker 0 SHARE FOUND! job_id=JRGVgwZkDQ4rSxWu, nonce=7c048f00, hash_val=571, difficulty=106450, hash=8db2b73ad68ad9ebef10ea3ea0b421a548b99f6459ed7789c15755323b020000
[2026-10-04T01:59:11Z INFO  minertim::pool_connection] Share submitted: rpc_id=172 job_id=JRGVgwZkDQ4rSxWu nonce=7c048f00 lock_wait_ms=9.454 write_ms=0.080
[2026-10-04T01:59:11Z INFO  minertim::miner] Worker 0 share timing: job_id=JRGVgwZkDQ4rSxWu nonce=7c048f00 verdict=SubmitVerified verify_ms=1.890 submit_call_ms=9.584 found_to_submit_ms=11.530
[2026-10-04T01:59:11Z INFO  minertim::pool_connection] Share accepted: rpc_id=172 job_id=JRGVgwZkDQ4rSxWu nonce=7c048f00 latency_ms=295
[2026-10-04T01:59:15Z INFO  minertim] H/s 1m:2306.1 5m:2311.9 10m:2311.4 | Shares: 103/0 (found:103) | Diff: 106450 | 4s elapsed (since last share, avg 46s) | best=539 target=40347 (999%)
[2026-10-04T01:59:22Z INFO  minertim::miner] Worker 1 SHARE FOUND! job_id=JRGVgwZkDQ4rSxWu, nonce=c1bd8f00, hash_val=3380, difficulty=106450, hash=15c23e38b12e2c93f73df2104a154274010b2fe3f88473273c43077b340d0000
[2026-10-04T01:59:22Z INFO  minertim::pool_connection] Share submitted: rpc_id=174 job_id=JRGVgwZkDQ4rSxWu nonce=c1bd8f00 lock_wait_ms=19.723 write_ms=0.074
[2026-10-04T01:59:22Z INFO  minertim::miner] Worker 1 share timing: job_id=JRGVgwZkDQ4rSxWu nonce=c1bd8f00 verdict=SubmitVerified verify_ms=1.853 submit_call_ms=19.850 found_to_submit_ms=21.756
[2026-10-04T01:59:23Z INFO  minertim::pool_connection] Share accepted: rpc_id=174 job_id=JRGVgwZkDQ4rSxWu nonce=c1bd8f00 latency_ms=278
[2026-10-04T01:59:23Z INFO  minertim::pool_connection] New job: UtHa3SjRy1fqCJy0 (difficulty: 152883, target: bd6d0000)
[2026-10-04T01:59:25Z INFO  minertim] H/s 1m:2308.4 5m:2312.1 10m:2311.5 | Shares: 104/0 (found:104) | Diff: 152883 | 3s elapsed (since last share, avg 1m6s) | best=539 target=28093 (999%)
[2026-10-04T01:59:27Z INFO  minertim::pool_connection] New job: ZYZ0TC6TTjEbFk4N (difficulty: 152883, target: bd6d0000)
[2026-10-04T01:59:35Z INFO  minertim] H/s 1m:2308.5 5m:2312.2 10m:2311.4 | Shares: 104/0 (found:104) | Diff: 152883 | 13s elapsed (since last share, avg 1m6s) | best=539 target=28093 (999%)
[2026-10-04T01:59:45Z INFO  minertim] H/s 1m:2313.4 5m:2312.4 10m:2311.5 | Shares: 104/0 (found:104) | Diff: 152883 | 23s elapsed (since last share, avg 1m6s) | best=539 target=28093 (999%)
[2026-10-04T01:59:47Z INFO  minertim::pool_connection] New job: c0QXDKuSUHJu5Aa3 (difficulty: 152883, target: bd6d0000)
[2026-10-04T01:59:55Z INFO  minertim] H/s 1m:2317.7 5m:2313.3 10m:2311.7 | Shares: 104/0 (found:104) | Diff: 152883 | 33s elapsed (since last share, avg 1m5s) | best=539 target=28093 (999%)
[2026-10-04T02:00:06Z INFO  minertim] H/s 1m:2313.9 5m:2312.3 10m:2311.6 | Shares: 104/0 (found:104) | Diff: 152883 | 43s elapsed (since last share, avg 1m6s) | best=539 target=28093 (999%)
[2026-10-04T02:00:07Z INFO  minertim::pool_connection] New job: EMw2gDTbGU0YbBfY (difficulty: 152883, target: bd6d0000)
[2026-10-04T02:00:16Z INFO  minertim] H/s 1m:2302.2 5m:2310.2 10m:2310.6 | Shares: 104/0 (found:104) | Diff: 152883 | 53s elapsed (since last share, avg 1m6s) | best=539 target=28093 (999%)
[2026-10-04T02:00:23Z INFO  minertim::pool_connection] New job: RdnOUtHHAVxOL0QK (difficulty: 114660, target: 52920000)
[2026-10-04T02:00:26Z INFO  minertim] H/s 1m:2304.0 5m:2310.6 10m:2310.8 | Shares: 104/0 (found:104) | Diff: 114660 | 1m3s elapsed (since last share, avg 49s) | best=539 target=37458 (999%)
[2026-10-04T02:00:27Z INFO  minertim::pool_connection] New job: rjlGwCQ6Qc4UI0NO (difficulty: 114660, target: 52920000)
[2026-10-04T02:00:36Z INFO  minertim] H/s 1m:2303.4 5m:2310.6 10m:2310.8 | Shares: 104/0 (found:104) | Diff: 114660 | 1m13s elapsed (since last share, avg 49s) | best=539 target=37458 (999%)
[2026-10-04T02:00:46Z INFO  minertim] H/s 1m:2306.6 5m:2310.9 10m:2310.9 | Shares: 104/0 (found:104) | Diff: 114660 | 1m23s elapsed (since last share, avg 49s) | best=539 target=37458 (999%)
[2026-10-04T02:00:46Z INFO  minertim::pool_connection] New job: JsSRujk3awJijmY8 (difficulty: 114660, target: 52920000)
[2026-10-04T02:00:56Z INFO  minertim] H/s 1m:2311.2 5m:2311.9 10m:2311.2 | Shares: 104/0 (found:104) | Diff: 114660 | 1m33s elapsed (since last share, avg 49s) | best=539 target=37458 (999%)
[2026-10-04T02:01:06Z INFO  minertim] H/s 1m:2318.0 5m:2312.0 10m:2312.0 | Shares: 104/0 (found:104) | Diff: 114660 | 1m43s elapsed (since last share, avg 49s) | best=539 target=37458 (999%)
[2026-10-04T02:01:06Z INFO  minertim::pool_connection] New job: xVyEOV7JTrSBAKzN (difficulty: 114660, target: 52920000)
[2026-10-04T02:01:16Z INFO  minertim] H/s 1m:2311.3 5m:2311.0 10m:2311.7 | Shares: 104/0 (found:104) | Diff: 114660 | 1m53s elapsed (since last share, avg 49s) | best=539 target=37458 (999%)
[2026-10-04T02:01:23Z INFO  minertim::pool_connection] New job: sfISY8bDeaTl1uyG (difficulty: 85995, target: 18c30000)
[2026-10-04T02:01:26Z INFO  minertim] H/s 1m:2310.7 5m:2310.9 10m:2312.2 | Shares: 104/0 (found:104) | Diff: 85995 | 2m3s elapsed (since last share, avg 37s) | best=539 target=49944 (999%)
[2026-10-04T02:01:26Z INFO  minertim::pool_connection] New job: ZbCT6M9QbbXUtH0E (difficulty: 85995, target: 18c30000)
[2026-10-04T02:01:34Z INFO  minertim::miner] Worker 0 SHARE FOUND! job_id=ZbCT6M9QbbXUtH0E, nonce=0c069400, hash_val=14311, difficulty=85995, hash=f730680389f5c6bf46863414f88ebca5d3b14c3dff334ca333798430e7370000
[2026-10-04T02:01:34Z INFO  minertim::pool_connection] Share submitted: rpc_id=177 job_id=ZbCT6M9QbbXUtH0E nonce=0c069400 lock_wait_ms=31.757 write_ms=0.081
[2026-10-04T02:01:34Z INFO  minertim::miner] Worker 0 share timing: job_id=ZbCT6M9QbbXUtH0E nonce=0c069400 verdict=SubmitVerified verify_ms=1.859 submit_call_ms=31.886 found_to_submit_ms=33.805
[2026-10-04T02:01:34Z INFO  minertim::pool_connection] Share accepted: rpc_id=177 job_id=ZbCT6M9QbbXUtH0E nonce=0c069400 latency_ms=227
[2026-10-04T02:01:36Z INFO  minertim] H/s 1m:2308.3 5m:2310.5 10m:2312.0 | Shares: 105/0 (found:105) | Diff: 85995 | 1s elapsed (since last share, avg 37s) | best=539 target=49944 (999%)
[2026-10-04T02:01:46Z INFO  minertim] H/s 1m:2307.5 5m:2310.2 10m:2312.0 | Shares: 105/0 (found:105) | Diff: 85995 | 11s elapsed (since last share, avg 37s) | best=539 target=49944 (999%)
[2026-10-04T02:01:46Z INFO  minertim::pool_connection] New job: DX04KSDzQt2wyWkh (difficulty: 85995, target: 18c30000)
[2026-10-04T02:01:53Z INFO  minertim::pool_connection] New job: 7DQH6XnN6rigsZMY (difficulty: 128993, target: 10820000)
[2026-10-04T02:01:56Z INFO  minertim] H/s 1m:2308.7 5m:2310.1 10m:2312.0 | Shares: 105/0 (found:105) | Diff: 128993 | 21s elapsed (since last share, avg 55s) | best=539 target=33296 (999%)
[2026-10-04T02:01:58Z INFO  minertim::miner] Worker 1 SHARE FOUND! job_id=7DQH6XnN6rigsZMY, nonce=41319500, hash_val=31861, difficulty=128993, hash=5c19fdcbbaef5401ba8daeb34548743ebc0e4342c2691e0e285929e7757c0000
[2026-10-04T02:01:58Z INFO  minertim::pool_connection] Share submitted: rpc_id=178 job_id=7DQH6XnN6rigsZMY nonce=41319500 lock_wait_ms=16.795 write_ms=0.081
[2026-10-04T02:01:58Z INFO  minertim::miner] Worker 1 share timing: job_id=7DQH6XnN6rigsZMY nonce=41319500 verdict=SubmitVerified verify_ms=1.955 submit_call_ms=16.915 found_to_submit_ms=18.912
[2026-10-04T02:01:58Z INFO  minertim::pool_connection] Share accepted: rpc_id=178 job_id=7DQH6XnN6rigsZMY nonce=41319500 latency_ms=279
[2026-10-04T02:02:06Z INFO  minertim] H/s 1m:2307.6 5m:2309.5 10m:2311.6 | Shares: 106/0 (found:106) | Diff: 128993 | 7s elapsed (since last share, avg 55s) | best=539 target=33296 (999%)
[2026-10-04T02:02:06Z INFO  minertim::pool_connection] New job: 5a5ZmbqhVnT1LV60 (difficulty: 128993, target: 10820000)
[2026-10-04T02:02:14Z INFO  minertim::pool_connection] New job: KzdOiqUhkv327EyV (difficulty: 128993, target: 10820000)
[2026-10-04T02:02:16Z INFO  minertim] H/s 1m:2306.7 5m:2309.1 10m:2311.6 | Shares: 106/0 (found:106) | Diff: 128993 | 17s elapsed (since last share, avg 55s) | best=539 target=33296 (999%)
[2026-10-04T02:02:23Z INFO  minertim::pool_connection] New job: AtH00S7nbqcQbfK5 (difficulty: 193493, target: b5560000)
[2026-10-04T02:02:23Z INFO  minertim::miner] Worker 1 SHARE FOUND! job_id=AtH00S7nbqcQbfK5, nonce=81129600, hash_val=21413, difficulty=193493, hash=7fb9da705bf08027532b75a567ede3d6b53cde0d796e0dbde9a2c6fea5530000
[2026-10-04T02:02:23Z INFO  minertim::pool_connection] Share submitted: rpc_id=180 job_id=AtH00S7nbqcQbfK5 nonce=81129600 lock_wait_ms=17.418 write_ms=0.082
[2026-10-04T02:02:23Z INFO  minertim::miner] Worker 1 share timing: job_id=AtH00S7nbqcQbfK5 nonce=81129600 verdict=SubmitVerified verify_ms=1.750 submit_call_ms=17.551 found_to_submit_ms=19.352
[2026-10-04T02:02:23Z INFO  minertim::pool_connection] Share accepted: rpc_id=180 job_id=AtH00S7nbqcQbfK5 nonce=81129600 latency_ms=234
[2026-10-04T02:02:26Z INFO  minertim] H/s 1m:2310.3 5m:2309.2 10m:2311.7 | Shares: 107/0 (found:107) | Diff: 193493 | 2s elapsed (since last share, avg 1m23s) | best=539 target=22197 (999%)
[2026-10-04T02:02:34Z INFO  minertim::pool_connection] New job: N6uX5sDV0Ldo7o0O (difficulty: 193493, target: b5560000)
[2026-10-04T02:02:35Z INFO  minertim::pool_connection] New job: Wrpv5YTeDAlbZT04 (difficulty: 193493, target: b5560000)
[2026-10-04T02:02:36Z INFO  minertim] H/s 1m:2310.9 5m:2309.3 10m:2311.4 | Shares: 107/0 (found:107) | Diff: 193493 | 12s elapsed (since last share, avg 1m23s) | best=539 target=22197 (999%)
[2026-10-04T02:02:46Z INFO  minertim] H/s 1m:2315.8 5m:2310.0 10m:2311.5 | Shares: 107/0 (found:107) | Diff: 193493 | 22s elapsed (since last share, avg 1m23s) | best=539 target=22197 (999%)
[2026-10-04T02:02:53Z INFO  minertim::pool_connection] New job: 1BA90vBm15Yk73Fl (difficulty: 290239, target: ce390000)
[2026-10-04T02:02:55Z INFO  minertim::pool_connection] New job: Tg6mVB5BC8kX40Jx (difficulty: 290239, target: ce390000)
[2026-10-04T02:02:56Z INFO  minertim] H/s 1m:2319.4 5m:2310.3 10m:2311.8 | Shares: 107/0 (found:107) | Diff: 290239 | 32s elapsed (since last share, avg 2m5s) | best=539 target=14798 (999%)
[2026-10-04T02:03:06Z INFO  minertim] H/s 1m:2314.0 5m:2310.2 10m:2311.6 | Shares: 107/0 (found:107) | Diff: 290239 | 42s elapsed (since last share, avg 2m5s) | best=539 target=14798 (999%)
[2026-10-04T02:03:15Z INFO  minertim::pool_connection] New job: 0XIYpITMcHUUWyVs (difficulty: 290239, target: ce390000)
[2026-10-04T02:03:16Z INFO  minertim] H/s 1m:2307.4 5m:2309.3 10m:2311.3 | Shares: 107/0 (found:107) | Diff: 290239 | 52s elapsed (since last share, avg 2m5s) | best=539 target=14798 (999%)
[2026-10-04T02:03:23Z INFO  minertim::pool_connection] New job: lkkJfPDATJwToRLS (difficulty: 217676, target: 134d0000)
[2026-10-04T02:03:26Z INFO  minertim] H/s 1m:2310.4 5m:2309.9 10m:2311.3 | Shares: 107/0 (found:107) | Diff: 217676 | 1m2s elapsed (since last share, avg 1m34s) | best=539 target=19731 (999%)
[2026-10-04T02:03:35Z INFO  minertim::pool_connection] New job: JOvTDPfGdRG1wRCk (difficulty: 217676, target: 134d0000)
[2026-10-04T02:03:36Z INFO  minertim] H/s 1m:2308.7 5m:2310.1 10m:2311.4 | Shares: 107/0 (found:107) | Diff: 217676 | 1m12s elapsed (since last share, avg 1m34s) | best=539 target=19731 (999%)
[2026-10-04T02:03:46Z INFO  minertim] H/s 1m:2312.2 5m:2310.8 10m:2311.5 | Shares: 107/0 (found:107) | Diff: 217676 | 1m22s elapsed (since last share, avg 1m34s) | best=539 target=19731 (999%)
[2026-10-04T02:03:55Z INFO  minertim::pool_connection] New job: mZDZqEkRDZwkd0Wm (difficulty: 217676, target: 134d0000)
[2026-10-04T02:03:56Z INFO  minertim] H/s 1m:2317.7 5m:2311.8 10m:2311.7 | Shares: 107/0 (found:107) | Diff: 217676 | 1m32s elapsed (since last share, avg 1m33s) | best=539 target=19731 (999%)
[2026-10-04T02:04:06Z INFO  minertim] H/s 1m:2316.6 5m:2311.1 10m:2311.7 | Shares: 107/0 (found:107) | Diff: 217676 | 1m42s elapsed (since last share, avg 1m33s) | best=539 target=19731 (999%)
[2026-10-04T02:04:15Z INFO  minertim::pool_connection] New job: Cui9RMi0LhUXOPC0 (difficulty: 217676, target: 134d0000)
[2026-10-04T02:04:16Z INFO  minertim] H/s 1m:2308.2 5m:2309.9 10m:2311.1 | Shares: 107/0 (found:107) | Diff: 217676 | 1m52s elapsed (since last share, avg 1m34s) | best=539 target=19731 (999%)
[2026-10-04T02:04:23Z INFO  minertim::pool_connection] New job: IO62lxNFVPUyK9Ze (difficulty: 163257, target: c4660000)
[2026-10-04T02:04:26Z INFO  minertim] H/s 1m:2309.8 5m:2310.3 10m:2311.3 | Shares: 107/0 (found:107) | Diff: 163257 | 2m2s elapsed (since last share, avg 1m10s) | best=539 target=26308 (999%)
[2026-10-04T02:04:35Z INFO  minertim::pool_connection] New job: O7aWxTOhXT0slhuU (difficulty: 163257, target: c4660000)
[2026-10-04T02:04:36Z INFO  minertim] H/s 1m:2311.5 5m:2310.5 10m:2311.6 | Shares: 107/0 (found:107) | Diff: 163257 | 2m12s elapsed (since last share, avg 1m10s) | best=539 target=26308 (999%)
[2026-10-04T02:04:46Z INFO  minertim] H/s 1m:2312.4 5m:2310.9 10m:2311.6 | Shares: 107/0 (found:107) | Diff: 163257 | 2m22s elapsed (since last share, avg 1m10s) | best=539 target=26308 (999%)
[2026-10-04T02:04:54Z INFO  minertim::pool_connection] New job: B1WyC70DEDqzTaqf (difficulty: 163257, target: c4660000)
[2026-10-04T02:04:56Z INFO  minertim] H/s 1m:2319.0 5m:2312.0 10m:2312.3 | Shares: 107/0 (found:107) | Diff: 163257 | 2m32s elapsed (since last share, avg 1m10s) | best=539 target=26308 (999%)
[2026-10-04T02:05:06Z INFO  minertim] H/s 1m:2322.4 5m:2313.4 10m:2312.0 | Shares: 107/0 (found:107) | Diff: 163257 | 2m42s elapsed (since last share, avg 1m10s) | best=539 target=26308 (999%)
[2026-10-04T02:05:14Z INFO  minertim::pool_connection] New job: lO5jxiBMsxFQIDoQ (difficulty: 163257, target: c4660000)
[2026-10-04T02:05:16Z INFO  minertim] H/s 1m:2320.0 5m:2313.1 10m:2311.9 | Shares: 107/0 (found:107) | Diff: 163257 | 2m52s elapsed (since last share, avg 1m10s) | best=539 target=26308 (999%)
[2026-10-04T02:05:23Z INFO  minertim::pool_connection] New job: nOiHwVQ2wKr3gL9f (difficulty: 122443, target: 05890000)
[2026-10-04T02:05:26Z INFO  minertim] H/s 1m:2319.4 5m:2313.3 10m:2312.1 | Shares: 107/0 (found:107) | Diff: 122443 | 3m2s elapsed (since last share, avg 52s) | best=539 target=35077 (999%)
[2026-10-04T02:05:34Z INFO  minertim::pool_connection] New job: QUxpsavAF12qy597 (difficulty: 122443, target: 05890000)
[2026-10-04T02:05:36Z INFO  minertim] H/s 1m:2320.7 5m:2313.3 10m:2312.2 | Shares: 107/0 (found:107) | Diff: 122443 | 3m12s elapsed (since last share, avg 52s) | best=539 target=35077 (999%)
[2026-10-04T02:05:46Z INFO  minertim] H/s 1m:2318.3 5m:2313.2 10m:2312.1 | Shares: 107/0 (found:107) | Diff: 122443 | 3m22s elapsed (since last share, avg 52s) | best=539 target=35077 (999%)
[2026-10-04T02:05:54Z INFO  minertim::pool_connection] New job: Al5GQVS6hzkV802C (difficulty: 122443, target: 05890000)
[2026-10-04T02:05:56Z INFO  minertim] H/s 1m:2320.4 5m:2313.8 10m:2312.6 | Shares: 107/0 (found:107) | Diff: 122443 | 3m32s elapsed (since last share, avg 52s) | best=539 target=35077 (999%)
[2026-10-04T02:06:06Z INFO  minertim] H/s 1m:2317.1 5m:2314.1 10m:2312.7 | Shares: 107/0 (found:107) | Diff: 122443 | 3m42s elapsed (since last share, avg 52s) | best=539 target=35077 (999%)
[2026-10-04T02:06:14Z INFO  minertim::pool_connection] New job: uJnrVGbj3VKJdts8 (difficulty: 122443, target: 05890000)
[2026-10-04T02:06:16Z INFO  minertim] H/s 1m:2315.6 5m:2314.1 10m:2312.7 | Shares: 107/0 (found:107) | Diff: 122443 | 3m52s elapsed (since last share, avg 52s) | best=539 target=35077 (999%)
[2026-10-04T02:06:23Z INFO  minertim::pool_connection] New job: 0Y3BdQl04rZbWRSt (difficulty: 91833, target: b1b60000)
[2026-10-04T02:06:26Z INFO  minertim] H/s 1m:2312.7 5m:2314.1 10m:2312.5 | Shares: 107/0 (found:107) | Diff: 91833 | 4m2s elapsed (since last share, avg 39s) | best=539 target=46769 (999%)
[2026-10-04T02:06:34Z INFO  minertim::pool_connection] New job: Vjh0O9HOTUPxwTBM (difficulty: 91833, target: b1b60000)
[2026-10-04T02:06:36Z INFO  minertim] H/s 1m:2315.0 5m:2314.5 10m:2312.5 | Shares: 107/0 (found:107) | Diff: 91833 | 4m12s elapsed (since last share, avg 39s) | best=539 target=46769 (999%)
[2026-10-04T02:06:40Z INFO  minertim::miner] Worker 1 SHARE FOUND! job_id=Vjh0O9HOTUPxwTBM, nonce=15169f00, hash_val=2351, difficulty=91833, hash=281aad24f32f6b6b95cc9a6f0719efd3848ee595f71bea9d9dc37ead2f090000
[2026-10-04T02:06:40Z INFO  minertim::pool_connection] Share submitted: rpc_id=185 job_id=Vjh0O9HOTUPxwTBM nonce=15169f00 lock_wait_ms=15.014 write_ms=0.074
[2026-10-04T02:06:40Z INFO  minertim::miner] Worker 1 share timing: job_id=Vjh0O9HOTUPxwTBM nonce=15169f00 verdict=SubmitVerified verify_ms=1.785 submit_call_ms=15.137 found_to_submit_ms=16.974
[2026-10-04T02:06:40Z INFO  minertim::pool_connection] Share accepted: rpc_id=185 job_id=Vjh0O9HOTUPxwTBM nonce=15169f00 latency_ms=230
[2026-10-04T02:06:46Z INFO  minertim] H/s 1m:2316.0 5m:2315.0 10m:2312.5 | Shares: 108/0 (found:108) | Diff: 91833 | 6s elapsed (since last share, avg 39s) | best=539 target=46769 (999%)
[2026-10-04T02:06:53Z INFO  minertim::pool_connection] New job: 90rVI3CLfETKPvTG (difficulty: 137751, target: cb790000)
[2026-10-04T02:06:54Z INFO  minertim::pool_connection] New job: A10KTk3bGKYS60s0 (difficulty: 137751, target: cb790000)
[2026-10-04T02:06:56Z INFO  minertim] H/s 1m:2316.7 5m:2315.6 10m:2312.5 | Shares: 108/0 (found:108) | Diff: 137751 | 16s elapsed (since last share, avg 59s) | best=539 target=31179 (999%)
[2026-10-04T02:07:06Z INFO  minertim] H/s 1m:2313.6 5m:2315.3 10m:2312.4 | Shares: 108/0 (found:108) | Diff: 137751 | 26s elapsed (since last share, avg 59s) | best=539 target=31179 (999%)
[2026-10-04T02:07:14Z INFO  minertim::pool_connection] New job: OMSxYN0Qz8q5uKuY (difficulty: 137751, target: cb790000)
[2026-10-04T02:07:16Z INFO  minertim] H/s 1m:2303.5 5m:2312.9 10m:2311.3 | Shares: 108/0 (found:108) | Diff: 137751 | 36s elapsed (since last share, avg 59s) | best=539 target=31179 (999%)
[2026-10-04T02:07:20Z INFO  minertim::miner] Worker 3 SHARE FOUND! job_id=OMSxYN0Qz8q5uKuY, nonce=5f9fa500, hash_val=2569, difficulty=137751, hash=2f5085313bceeecda0e968c674fe3e29b23a4943fda4deb9e711a72b090a0000
[2026-10-04T02:07:20Z INFO  minertim::pool_connection] Share submitted: rpc_id=187 job_id=OMSxYN0Qz8q5uKuY nonce=5f9fa500 lock_wait_ms=5.144 write_ms=0.076
[2026-10-04T02:07:20Z INFO  minertim::miner] Worker 3 share timing: job_id=OMSxYN0Qz8q5uKuY nonce=5f9fa500 verdict=SubmitVerified verify_ms=1.791 submit_call_ms=5.266 found_to_submit_ms=7.114
[2026-10-04T02:07:20Z INFO  minertim::pool_connection] Share accepted: rpc_id=187 job_id=OMSxYN0Qz8q5uKuY nonce=5f9fa500 latency_ms=254
[2026-10-04T02:07:26Z INFO  minertim] H/s 1m:2288.3 5m:2310.6 10m:2310.0 | Shares: 109/0 (found:109) | Diff: 137751 | 6s elapsed (since last share, avg 1m0s) | best=539 target=31179 (999%)
[2026-10-04T02:07:34Z INFO  minertim::pool_connection] New job: KWWvOjz3Qwle3mZP (difficulty: 137751, target: cb790000)
[2026-10-04T02:07:34Z INFO  minertim::pool_connection] New job: OhejO7Qh1ctxLNTj (difficulty: 137751, target: cb790000)
[2026-10-04T02:07:36Z INFO  minertim] H/s 1m:2271.5 5m:2307.4 10m:2308.7 | Shares: 109/0 (found:109) | Diff: 137751 | 16s elapsed (since last share, avg 1m0s) | best=539 target=31179 (999%)
[2026-10-04T02:07:46Z INFO  minertim] H/s 1m:2259.2 5m:2305.3 10m:2307.6 | Shares: 109/0 (found:109) | Diff: 137751 | 26s elapsed (since last share, avg 1m0s) | best=539 target=31179 (999%)
[2026-10-04T02:07:54Z INFO  minertim::pool_connection] New job: 9FAup2aP9ce0DNFf (difficulty: 137751, target: cb790000)
[2026-10-04T02:07:56Z INFO  minertim] H/s 1m:2247.3 5m:2303.8 10m:2306.7 | Shares: 109/0 (found:109) | Diff: 137751 | 36s elapsed (since last share, avg 1m1s) | best=539 target=31179 (999%)
[2026-10-04T02:08:06Z INFO  minertim] H/s 1m:2244.4 5m:2302.1 10m:2306.0 | Shares: 109/0 (found:109) | Diff: 137751 | 46s elapsed (since last share, avg 1m1s) | best=539 target=31179 (999%)
[2026-10-04T02:08:14Z INFO  minertim::pool_connection] New job: KT0jnW3F5jRJKjyg (difficulty: 137751, target: cb790000)
[2026-10-04T02:08:16Z INFO  minertim] H/s 1m:2233.3 5m:2297.3 10m:2303.8 | Shares: 109/0 (found:109) | Diff: 137751 | 56s elapsed (since last share, avg 1m1s) | best=539 target=31179 (999%)
[2026-10-04T02:08:26Z INFO  minertim] H/s 1m:2230.7 5m:2294.0 10m:2302.3 | Shares: 109/0 (found:109) | Diff: 137751 | 1m6s elapsed (since last share, avg 1m1s) | best=539 target=31179 (999%)
[2026-10-04T02:08:28Z INFO  minertim::miner] Worker 2 SHARE FOUND! job_id=KT0jnW3F5jRJKjyg, nonce=3edaa200, hash_val=23184, difficulty=137751, hash=0d07ef662956785bffc0ace0e5b4275d4e90352582ecceef6ac68cbc905a0000
[2026-10-04T02:08:28Z INFO  minertim::pool_connection] Share submitted: rpc_id=189 job_id=KT0jnW3F5jRJKjyg nonce=3edaa200 lock_wait_ms=12.480 write_ms=0.076
[2026-10-04T02:08:28Z INFO  minertim::miner] Worker 2 share timing: job_id=KT0jnW3F5jRJKjyg nonce=3edaa200 verdict=SubmitVerified verify_ms=1.680 submit_call_ms=12.598 found_to_submit_ms=14.677
[2026-10-04T02:08:28Z INFO  minertim::pool_connection] Share accepted: rpc_id=189 job_id=KT0jnW3F5jRJKjyg nonce=3edaa200 latency_ms=227
[2026-10-04T02:08:34Z INFO  minertim::pool_connection] New job: lNTPbu7rPnvoa867 (difficulty: 137751, target: cb790000)
[2026-10-04T02:08:36Z INFO  minertim] H/s 1m:2233.3 5m:2291.7 10m:2301.2 | Shares: 110/0 (found:110) | Diff: 137751 | 8s elapsed (since last share, avg 1m1s) | best=539 target=31179 (999%)
[2026-10-04T02:08:46Z INFO  minertim] H/s 1m:2237.2 5m:2289.9 10m:2300.6 | Shares: 110/0 (found:110) | Diff: 137751 | 18s elapsed (since last share, avg 1m1s) | best=539 target=31179 (999%)
[2026-10-04T02:08:54Z INFO  minertim::pool_connection] New job: e5c8L1VYmMa4QC7J (difficulty: 137751, target: cb790000)
[2026-10-04T02:08:56Z INFO  minertim] H/s 1m:2238.5 5m:2288.6 10m:2300.1 | Shares: 110/0 (found:110) | Diff: 137751 | 28s elapsed (since last share, avg 1m1s) | best=539 target=31179 (999%)
[2026-10-04T02:09:01Z INFO  minertim::miner] Worker 1 SHARE FOUND! job_id=e5c8L1VYmMa4QC7J, nonce=11e0a300, hash_val=16850, difficulty=137751, hash=bf4da117380657960af8b33fcb5fb30188cf304f604e13872e34a861d2410000
[2026-10-04T02:09:01Z INFO  minertim::pool_connection] Share submitted: rpc_id=190 job_id=e5c8L1VYmMa4QC7J nonce=11e0a300 lock_wait_ms=26.033 write_ms=0.074
[2026-10-04T02:09:01Z INFO  minertim::miner] Worker 1 share timing: job_id=e5c8L1VYmMa4QC7J nonce=11e0a300 verdict=SubmitVerified verify_ms=1.960 submit_call_ms=26.151 found_to_submit_ms=28.159
[2026-10-04T02:09:01Z INFO  minertim::pool_connection] Share accepted: rpc_id=190 job_id=e5c8L1VYmMa4QC7J nonce=11e0a300 latency_ms=229
[2026-10-04T02:09:06Z INFO  minertim] H/s 1m:2246.5 5m:2286.6 10m:2298.7 | Shares: 111/0 (found:111) | Diff: 137751 | 5s elapsed (since last share, avg 1m1s) | best=539 target=31179 (999%)
[2026-10-04T02:09:14Z INFO  minertim::pool_connection] New job: DuF2sXaF0vZx0rwS (difficulty: 137751, target: cb790000)
[2026-10-04T02:09:16Z INFO  minertim] H/s 1m:2253.5 5m:2284.3 10m:2297.6 | Shares: 111/0 (found:111) | Diff: 137751 | 15s elapsed (since last share, avg 1m1s) | best=539 target=31179 (999%)
[2026-10-04T02:09:26Z INFO  minertim] H/s 1m:2253.1 5m:2281.6 10m:2296.5 | Shares: 111/0 (found:111) | Diff: 137751 | 25s elapsed (since last share, avg 1m1s) | best=539 target=31179 (999%)
[2026-10-04T02:09:33Z INFO  minertim::pool_connection] New job: w6z8C201rz4pfr75 (difficulty: 137751, target: cb790000)
[2026-10-04T02:09:36Z INFO  minertim::pool_connection] New job: cdd0JrsUuRkO5DSD (difficulty: 137751, target: cb790000)
[2026-10-04T02:09:36Z INFO  minertim] H/s 1m:2251.9 5m:2279.5 10m:2295.4 | Shares: 111/0 (found:111) | Diff: 137751 | 35s elapsed (since last share, avg 1m1s) | best=539 target=31179 (999%)
[2026-10-04T02:09:46Z INFO  minertim] H/s 1m:2256.0 5m:2277.7 10m:2294.8 | Shares: 111/0 (found:111) | Diff: 137751 | 45s elapsed (since last share, avg 1m1s) | best=539 target=31179 (999%)
[2026-10-04T02:09:56Z INFO  minertim::pool_connection] New job: 3TyXZhY26ppb0LPr (difficulty: 137751, target: cb790000)
[2026-10-04T02:09:56Z INFO  minertim] H/s 1m:2261.6 5m:2276.2 10m:2294.3 | Shares: 111/0 (found:111) | Diff: 137751 | 55s elapsed (since last share, avg 1m0s) | best=539 target=31179 (999%)
[2026-10-04T02:10:06Z INFO  minertim] H/s 1m:2258.5 5m:2273.7 10m:2293.9 | Shares: 111/0 (found:111) | Diff: 137751 | 1m5s elapsed (since last share, avg 1m0s) | best=539 target=31179 (999%)
[2026-10-04T02:10:15Z INFO  minertim::pool_connection] New job: R0uRtioapOK3Kthz (difficulty: 137751, target: cb790000)
[2026-10-04T02:10:16Z INFO  minertim] H/s 1m:2269.6 5m:2273.0 10m:2293.6 | Shares: 111/0 (found:111) | Diff: 137751 | 1m15s elapsed (since last share, avg 1m0s) | best=539 target=31179 (999%)
[2026-10-04T02:10:26Z INFO  minertim] H/s 1m:2279.4 5m:2272.3 10m:2293.4 | Shares: 111/0 (found:111) | Diff: 137751 | 1m25s elapsed (since last share, avg 1m0s) | best=539 target=31179 (999%)
[2026-10-04T02:10:35Z INFO  minertim::pool_connection] New job: 7AI7oBlvgq6F2VWO (difficulty: 137751, target: cb790000)
[2026-10-04T02:10:36Z INFO  minertim] H/s 1m:2289.2 5m:2272.7 10m:2293.4 | Shares: 111/0 (found:111) | Diff: 137751 | 1m35s elapsed (since last share, avg 1m0s) | best=539 target=31179 (999%)
[2026-10-04T02:10:39Z INFO  minertim::miner] Worker 0 SHARE FOUND! job_id=7AI7oBlvgq6F2VWO, nonce=fce5a600, hash_val=8990, difficulty=137751, hash=31bb0e1955f8eedd171b96c734a8585433b2676bc35fd242f9b954911e230000
[2026-10-04T02:10:39Z INFO  minertim::pool_connection] Share submitted: rpc_id=193 job_id=7AI7oBlvgq6F2VWO nonce=fce5a600 lock_wait_ms=28.919 write_ms=0.081
[2026-10-04T02:10:39Z INFO  minertim::miner] Worker 0 share timing: job_id=7AI7oBlvgq6F2VWO nonce=fce5a600 verdict=SubmitVerified verify_ms=1.832 submit_call_ms=29.052 found_to_submit_ms=30.937
[2026-10-04T02:10:40Z INFO  minertim::pool_connection] Share accepted: rpc_id=193 job_id=7AI7oBlvgq6F2VWO nonce=fce5a600 latency_ms=248
[2026-10-04T02:10:46Z INFO  minertim] H/s 1m:2301.0 5m:2272.8 10m:2293.4 | Shares: 112/0 (found:112) | Diff: 137751 | 6s elapsed (since last share, avg 59s) | best=539 target=31179 (999%)
[2026-10-04T02:10:47Z INFO  minertim::miner] Worker 3 SHARE FOUND! job_id=7AI7oBlvgq6F2VWO, nonce=6f0ead00, hash_val=27733, difficulty=137751, hash=e1798669b7c0bfe8750a7dbb4ebb9efcc4d491508534e1c054223db5556c0000
[2026-10-04T02:10:47Z INFO  minertim::pool_connection] Share submitted: rpc_id=194 job_id=7AI7oBlvgq6F2VWO nonce=6f0ead00 lock_wait_ms=40.181 write_ms=0.109
[2026-10-04T02:10:47Z INFO  minertim::miner] Worker 3 share timing: job_id=7AI7oBlvgq6F2VWO nonce=6f0ead00 verdict=SubmitVerified verify_ms=1.947 submit_call_ms=40.340 found_to_submit_ms=42.342
[2026-10-04T02:10:48Z INFO  minertim::pool_connection] Share accepted: rpc_id=194 job_id=7AI7oBlvgq6F2VWO nonce=6f0ead00 latency_ms=313
[2026-10-04T02:10:55Z INFO  minertim::pool_connection] New job: odiJjwhFMruuWzV1 (difficulty: 137751, target: cb790000)
[2026-10-04T02:10:56Z INFO  minertim] H/s 1m:2313.8 5m:2273.1 10m:2293.6 | Shares: 113/0 (found:113) | Diff: 137751 | 8s elapsed (since last share, avg 59s) | best=539 target=31179 (999%)
[2026-10-04T02:11:06Z INFO  minertim::miner] Worker 2 SHARE FOUND! job_id=odiJjwhFMruuWzV1, nonce=124da800, hash_val=21312, difficulty=137751, hash=66a2da35ead1578e8eff63bd42717c1835d6746e3c657d166ce14e2640530000
[2026-10-04T02:11:06Z INFO  minertim::pool_connection] Share submitted: rpc_id=195 job_id=odiJjwhFMruuWzV1 nonce=124da800 lock_wait_ms=29.060 write_ms=0.084
[2026-10-04T02:11:06Z INFO  minertim::miner] Worker 2 share timing: job_id=odiJjwhFMruuWzV1 nonce=124da800 verdict=SubmitVerified verify_ms=1.773 submit_call_ms=29.197 found_to_submit_ms=31.026
[2026-10-04T02:11:06Z INFO  minertim] H/s 1m:2312.7 5m:2272.5 10m:2293.7 | Shares: 113/0 (pending:1) (found:114) | Diff: 137751 | 0s elapsed (since last share, avg 59s) | best=539 target=31179 (999%)
[2026-10-04T02:11:06Z INFO  minertim::pool_connection] Share accepted: rpc_id=195 job_id=odiJjwhFMruuWzV1 nonce=124da800 latency_ms=355
[2026-10-04T02:11:15Z INFO  minertim::pool_connection] New job: 73wf9N3obdUSUCai (difficulty: 137751, target: cb790000)
[2026-10-04T02:11:16Z INFO  minertim] H/s 1m:2313.7 5m:2272.5 10m:2293.6 | Shares: 114/0 (found:114) | Diff: 137751 | 10s elapsed (since last share, avg 59s) | best=539 target=31179 (999%)
[2026-10-04T02:11:26Z INFO  minertim] H/s 1m:2312.7 5m:2272.3 10m:2293.7 | Shares: 114/0 (found:114) | Diff: 137751 | 20s elapsed (since last share, avg 59s) | best=539 target=31179 (999%)
[2026-10-04T02:11:35Z INFO  minertim::pool_connection] New job: snQ4qFI32BB0ZBGB (difficulty: 137751, target: cb790000)
[2026-10-04T02:11:36Z INFO  minertim] H/s 1m:2312.7 5m:2272.2 10m:2293.8 | Shares: 114/0 (found:114) | Diff: 137751 | 30s elapsed (since last share, avg 59s) | best=539 target=31179 (999%)
[2026-10-04T02:11:40Z INFO  minertim::pool_connection] New job: V1okYQLQLmWWOxKm (difficulty: 137751, target: cb790000)
[2026-10-04T02:11:46Z INFO  minertim] H/s 1m:2316.8 5m:2273.1 10m:2294.2 | Shares: 114/0 (found:114) | Diff: 137751 | 40s elapsed (since last share, avg 59s) | best=539 target=31179 (999%)
[2026-10-04T02:11:56Z INFO  minertim] H/s 1m:2319.6 5m:2273.5 10m:2294.8 | Shares: 114/0 (found:114) | Diff: 137751 | 50s elapsed (since last share, avg 59s) | best=539 target=31179 (999%)
[2026-10-04T02:12:00Z INFO  minertim::pool_connection] New job: mElqlmcMuad7fNWf (difficulty: 137751, target: cb790000)
[2026-10-04T02:12:06Z INFO  minertim] H/s 1m:2317.3 5m:2274.9 10m:2294.5 | Shares: 114/0 (found:114) | Diff: 137751 | 1m0s elapsed (since last share, avg 59s) | best=539 target=31179 (999%)
[2026-10-04T02:12:16Z INFO  minertim] H/s 1m:2316.4 5m:2277.2 10m:2294.2 | Shares: 114/0 (found:114) | Diff: 137751 | 1m10s elapsed (since last share, avg 59s) | best=539 target=31179 (999%)
[2026-10-04T02:12:20Z INFO  minertim::pool_connection] New job: Pzxek5DEhhTChWmb (difficulty: 137751, target: cb790000)
[2026-10-04T02:12:26Z INFO  minertim] H/s 1m:2316.5 5m:2280.0 10m:2294.3 | Shares: 114/0 (found:114) | Diff: 137751 | 1m20s elapsed (since last share, avg 59s) | best=539 target=31179 (999%)
[2026-10-04T02:12:36Z INFO  minertim] H/s 1m:2314.7 5m:2282.7 10m:2294.1 | Shares: 114/0 (found:114) | Diff: 137751 | 1m30s elapsed (since last share, avg 59s) | best=539 target=31179 (999%)
[2026-10-04T02:12:40Z INFO  minertim::pool_connection] New job: ZxJ4l8Lr030N0645 (difficulty: 137751, target: cb790000)
[2026-10-04T02:12:46Z INFO  minertim] H/s 1m:2316.5 5m:2285.5 10m:2294.5 | Shares: 114/0 (found:114) | Diff: 137751 | 1m40s elapsed (since last share, avg 59s) | best=539 target=31179 (999%)
[2026-10-04T02:12:56Z INFO  minertim] H/s 1m:2317.9 5m:2287.6 10m:2294.9 | Shares: 114/0 (found:114) | Diff: 137751 | 1m50s elapsed (since last share, avg 59s) | best=539 target=31179 (999%)
[2026-10-04T02:12:57Z INFO  minertim::pool_connection] New job: bL8H0CNJEGyDbEYW (difficulty: 137751, target: cb790000)
[2026-10-04T02:13:06Z INFO  minertim] H/s 1m:2315.3 5m:2291.3 10m:2294.9 | Shares: 114/0 (found:114) | Diff: 137751 | 2m0s elapsed (since last share, avg 59s) | best=539 target=31179 (999%)
[2026-10-04T02:13:16Z INFO  minertim] H/s 1m:2313.9 5m:2294.3 10m:2294.6 | Shares: 114/0 (found:114) | Diff: 137751 | 2m10s elapsed (since last share, avg 59s) | best=539 target=31179 (999%)
[2026-10-04T02:13:18Z INFO  minertim::pool_connection] New job: ChEXFoaqiibQ8Br2 (difficulty: 137751, target: cb790000)
[2026-10-04T02:13:26Z INFO  minertim] H/s 1m:2312.6 5m:2296.3 10m:2294.5 | Shares: 114/0 (found:114) | Diff: 137751 | 2m20s elapsed (since last share, avg 59s) | best=539 target=31179 (999%)
[2026-10-04T02:13:36Z INFO  minertim::miner] Worker 2 SHARE FOUND! job_id=ChEXFoaqiibQ8Br2, nonce=f293ad00, hash_val=19927, difficulty=137751, hash=6f34c466bd9595db298cc6dbc7a8fce7972d58fc045802ec66339d0fd74d0000
[2026-10-04T02:13:36Z INFO  minertim::pool_connection] Share submitted: rpc_id=199 job_id=ChEXFoaqiibQ8Br2 nonce=f293ad00 lock_wait_ms=18.916 write_ms=0.082
[2026-10-04T02:13:36Z INFO  minertim::miner] Worker 2 share timing: job_id=ChEXFoaqiibQ8Br2 nonce=f293ad00 verdict=SubmitVerified verify_ms=1.776 submit_call_ms=19.049 found_to_submit_ms=20.882
[2026-10-04T02:13:36Z INFO  minertim::pool_connection] Share accepted: rpc_id=199 job_id=ChEXFoaqiibQ8Br2 nonce=f293ad00 latency_ms=335
[2026-10-04T02:13:36Z INFO  minertim] H/s 1m:2311.9 5m:2298.3 10m:2294.5 | Shares: 115/0 (found:115) | Diff: 137751 | 0s elapsed (since last share, avg 59s) | best=539 target=31179 (999%)
[2026-10-04T02:13:37Z INFO  minertim::pool_connection] New job: KkgEazv9NPklh915 (difficulty: 137751, target: cb790000)
[2026-10-04T02:13:46Z INFO  minertim] H/s 1m:2315.8 5m:2300.9 10m:2294.7 | Shares: 115/0 (found:115) | Diff: 137751 | 10s elapsed (since last share, avg 59s) | best=539 target=31179 (999%)
[2026-10-04T02:13:53Z INFO  minertim::pool_connection] New job: SjItG6GwvuSYbbZx (difficulty: 104305, target: d9a00000)
[2026-10-04T02:13:56Z INFO  minertim] H/s 1m:2317.5 5m:2303.6 10m:2295.0 | Shares: 115/0 (found:115) | Diff: 104305 | 20s elapsed (since last share, avg 45s) | best=539 target=41177 (999%)
[2026-10-04T02:13:57Z INFO  minertim::pool_connection] New job: bhh0CNDiF0i9cNtk (difficulty: 104305, target: d9a00000)
[2026-10-04T02:14:02Z INFO  minertim::miner] Worker 1 SHARE FOUND! job_id=bhh0CNDiF0i9cNtk, nonce=6166ae00, hash_val=28631, difficulty=104305, hash=74c7f1cb519f9f49009ce223e2882b49bd66304cddeda347d34dab46d76f0000
[2026-10-04T02:14:02Z INFO  minertim::pool_connection] Share submitted: rpc_id=200 job_id=bhh0CNDiF0i9cNtk nonce=6166ae00 lock_wait_ms=30.453 write_ms=0.075
[2026-10-04T02:14:02Z INFO  minertim::miner] Worker 1 share timing: job_id=bhh0CNDiF0i9cNtk nonce=6166ae00 verdict=SubmitVerified verify_ms=2.086 submit_call_ms=30.576 found_to_submit_ms=32.722
[2026-10-04T02:14:03Z INFO  minertim::miner] Worker 3 SHARE FOUND! job_id=bhh0CNDiF0i9cNtk, nonce=f31cb400, hash_val=1763, difficulty=104305, hash=1cc0eeab90d00388fce4c85075350a16f480f2a1528e0e02d03e2e02e3060000
[2026-10-04T02:14:03Z INFO  minertim::pool_connection] Share submitted: rpc_id=201 job_id=bhh0CNDiF0i9cNtk nonce=f31cb400 lock_wait_ms=4.190 write_ms=0.074
[2026-10-04T02:14:03Z INFO  minertim::miner] Worker 3 share timing: job_id=bhh0CNDiF0i9cNtk nonce=f31cb400 verdict=SubmitVerified verify_ms=1.951 submit_call_ms=4.307 found_to_submit_ms=6.306
[2026-10-04T02:14:03Z INFO  minertim::pool_connection] Share accepted: rpc_id=200 job_id=bhh0CNDiF0i9cNtk nonce=6166ae00 latency_ms=256
[2026-10-04T02:14:03Z INFO  minertim::miner] Worker 2 SHARE FOUND! job_id=bhh0CNDiF0i9cNtk, nonce=ba84ae00, hash_val=16052, difficulty=104305, hash=a7eeb698bfbba909ab076c8fa388d2e7f24c6656585c4c6a7e31bc8db43e0000
[2026-10-04T02:14:03Z INFO  minertim::pool_connection] Share submitted: rpc_id=202 job_id=bhh0CNDiF0i9cNtk nonce=ba84ae00 lock_wait_ms=49.438 write_ms=0.078
[2026-10-04T02:14:03Z INFO  minertim::miner] Worker 2 share timing: job_id=bhh0CNDiF0i9cNtk nonce=ba84ae00 verdict=SubmitVerified verify_ms=1.724 submit_call_ms=49.558 found_to_submit_ms=51.322
[2026-10-04T02:14:03Z INFO  minertim::pool_connection] Share accepted: rpc_id=201 job_id=bhh0CNDiF0i9cNtk nonce=f31cb400 latency_ms=377
[2026-10-04T02:14:03Z INFO  minertim::pool_connection] Share accepted: rpc_id=202 job_id=bhh0CNDiF0i9cNtk nonce=ba84ae00 latency_ms=293
[2026-10-04T02:14:06Z INFO  minertim] H/s 1m:2313.7 5m:2304.7 10m:2295.1 | Shares: 118/0 (found:118) | Diff: 104305 | 3s elapsed (since last share, avg 45s) | best=539 target=41177 (999%)
[2026-10-04T02:14:16Z INFO  minertim] H/s 1m:2310.3 5m:2306.2 10m:2294.5 | Shares: 118/0 (found:118) | Diff: 104305 | 13s elapsed (since last share, avg 45s) | best=539 target=41177 (999%)
[2026-10-04T02:14:17Z INFO  minertim::pool_connection] New job: xywjoDhBDFrzTCW0 (difficulty: 104305, target: d9a00000)
[2026-10-04T02:14:23Z INFO  minertim::pool_connection] New job: cqRyvFsV4QGzud8m (difficulty: 156459, target: 3b6b0000)
[2026-10-04T02:14:26Z INFO  minertim] H/s 1m:2310.3 5m:2308.4 10m:2294.4 | Shares: 118/0 (found:118) | Diff: 156459 | 23s elapsed (since last share, avg 1m7s) | best=539 target=27451 (999%)
[2026-10-04T02:14:36Z INFO  minertim] H/s 1m:2309.6 5m:2310.2 10m:2294.5 | Shares: 118/0 (found:118) | Diff: 156459 | 33s elapsed (since last share, avg 1m7s) | best=539 target=27451 (999%)
[2026-10-04T02:14:37Z INFO  minertim::pool_connection] New job: XfPBd3jWq9EhxzHd (difficulty: 156459, target: 3b6b0000)
[2026-10-04T02:14:46Z INFO  minertim] H/s 1m:2311.9 5m:2312.2 10m:2294.4 | Shares: 118/0 (found:118) | Diff: 156459 | 43s elapsed (since last share, avg 1m7s) | best=539 target=27451 (999%)
[2026-10-04T02:14:56Z INFO  minertim] H/s 1m:2317.1 5m:2314.8 10m:2294.6 | Shares: 118/0 (found:118) | Diff: 156459 | 53s elapsed (since last share, avg 1m7s) | best=539 target=27451 (999%)
[2026-10-04T02:14:57Z INFO  minertim::pool_connection] New job: DXON8wOG1PMuVWMo (difficulty: 156459, target: 3b6b0000)
[2026-10-04T02:15:06Z INFO  minertim] H/s 1m:2318.2 5m:2314.6 10m:2294.4 | Shares: 118/0 (found:118) | Diff: 156459 | 1m3s elapsed (since last share, avg 1m7s) | best=539 target=27451 (999%)
[2026-10-04T02:15:16Z INFO  minertim::miner] Worker 1 SHARE FOUND! job_id=DXON8wOG1PMuVWMo, nonce=89fbb000, hash_val=22259, difficulty=156459, hash=7200cfcf34d5421353b346dfbadd5486d9b6e66e04ac41bf1a32c81df3560000
[2026-10-04T02:15:16Z INFO  minertim::pool_connection] Share submitted: rpc_id=205 job_id=DXON8wOG1PMuVWMo nonce=89fbb000 lock_wait_ms=30.712 write_ms=0.085
[2026-10-04T02:15:16Z INFO  minertim::miner] Worker 1 share timing: job_id=DXON8wOG1PMuVWMo nonce=89fbb000 verdict=SubmitVerified verify_ms=1.659 submit_call_ms=30.839 found_to_submit_ms=32.551
[2026-10-04T02:15:16Z INFO  minertim::pool_connection] Share accepted: rpc_id=205 job_id=DXON8wOG1PMuVWMo nonce=89fbb000 latency_ms=277
[2026-10-04T02:15:16Z INFO  minertim] H/s 1m:2315.9 5m:2314.7 10m:2294.1 | Shares: 119/0 (found:119) | Diff: 156459 | 0s elapsed (since last share, avg 1m7s) | best=539 target=27451 (999%)
[2026-10-04T02:15:17Z INFO  minertim::pool_connection] New job: wtpSR8mC0i6GnFtR (difficulty: 156459, target: 3b6b0000)
[2026-10-04T02:15:23Z INFO  minertim::pool_connection] New job: fmQu8DoasMtD30St (difficulty: 96446, target: f4ad0000)
[2026-10-04T02:15:26Z INFO  minertim::miner] Worker 0 SHARE FOUND! job_id=fmQu8DoasMtD30St, nonce=38eeb000, hash_val=35497, difficulty=96446, hash=c1a7078c44909c17ea02d91f3db7b2a262835605973bdb84461d8101a98a0000
[2026-10-04T02:15:26Z INFO  minertim::pool_connection] Share submitted: rpc_id=206 job_id=fmQu8DoasMtD30St nonce=38eeb000 lock_wait_ms=11.547 write_ms=0.073
[2026-10-04T02:15:26Z INFO  minertim::miner] Worker 0 share timing: job_id=fmQu8DoasMtD30St nonce=38eeb000 verdict=SubmitVerified verify_ms=1.906 submit_call_ms=11.664 found_to_submit_ms=13.618
[2026-10-04T02:15:26Z INFO  minertim::pool_connection] Share accepted: rpc_id=206 job_id=fmQu8DoasMtD30St nonce=38eeb000 latency_ms=229
[2026-10-04T02:15:26Z INFO  minertim] H/s 1m:2315.5 5m:2314.7 10m:2294.0 | Shares: 120/0 (found:120) | Diff: 96446 | 0s elapsed (since last share, avg 41s) | best=539 target=44532 (999%)
[2026-10-04T02:15:28Z INFO  minertim::miner] Worker 3 SHARE FOUND! job_id=fmQu8DoasMtD30St, nonce=0f30b700, hash_val=8009, difficulty=96446, hash=4dac79f797149fd39c3fcb5a56eda084e586761b31ef2b13c9213cf5491f0000
[2026-10-04T02:15:28Z INFO  minertim::pool_connection] Share submitted: rpc_id=207 job_id=fmQu8DoasMtD30St nonce=0f30b700 lock_wait_ms=15.240 write_ms=0.093
[2026-10-04T02:15:28Z INFO  minertim::miner] Worker 3 share timing: job_id=fmQu8DoasMtD30St nonce=0f30b700 verdict=SubmitVerified verify_ms=1.501 submit_call_ms=15.376 found_to_submit_ms=16.920
[2026-10-04T02:15:28Z INFO  minertim::pool_connection] Share accepted: rpc_id=207 job_id=fmQu8DoasMtD30St nonce=0f30b700 latency_ms=231
[2026-10-04T02:15:36Z INFO  minertim] H/s 1m:2316.6 5m:2314.9 10m:2294.2 | Shares: 121/0 (found:121) | Diff: 96446 | 8s elapsed (since last share, avg 41s) | best=539 target=44532 (999%)
[2026-10-04T02:15:37Z INFO  minertim::pool_connection] New job: zchlo0VqCoCwTNyf (difficulty: 96446, target: f4ad0000)
[2026-10-04T02:15:37Z INFO  minertim::pool_connection] New job: pJ0I0Mt8e9N0nhYf (difficulty: 96446, target: f4ad0000)
[2026-10-04T02:15:46Z INFO  minertim] H/s 1m:2316.7 5m:2315.3 10m:2294.3 | Shares: 121/0 (found:121) | Diff: 96446 | 18s elapsed (since last share, avg 41s) | best=539 target=44532 (999%)
[2026-10-04T02:15:49Z INFO  minertim::miner] Worker 3 SHARE FOUND! job_id=pJ0I0Mt8e9N0nhYf, nonce=d3f3b700, hash_val=35819, difficulty=96446, hash=1c83c75612cd239e6f4039f5b9775d3983ca1ddb18d500d522c6c081eb8b0000
[2026-10-04T02:15:49Z INFO  minertim::pool_connection] Share submitted: rpc_id=208 job_id=pJ0I0Mt8e9N0nhYf nonce=d3f3b700 lock_wait_ms=11.839 write_ms=0.089
[2026-10-04T02:15:49Z INFO  minertim::miner] Worker 3 share timing: job_id=pJ0I0Mt8e9N0nhYf nonce=d3f3b700 verdict=SubmitVerified verify_ms=1.602 submit_call_ms=11.991 found_to_submit_ms=13.649
[2026-10-04T02:15:49Z INFO  minertim::pool_connection] Share accepted: rpc_id=208 job_id=pJ0I0Mt8e9N0nhYf nonce=d3f3b700 latency_ms=226
[2026-10-04T02:15:53Z INFO  minertim::pool_connection] New job: WqksaNfA96Gxq1RB (difficulty: 144670, target: f8730000)
[2026-10-04T02:15:56Z INFO  minertim] H/s 1m:2316.1 5m:2315.2 10m:2294.3 | Shares: 122/0 (found:122) | Diff: 144670 | 7s elapsed (since last share, avg 1m2s) | best=539 target=29688 (999%)
[2026-10-04T02:15:57Z INFO  minertim::pool_connection] New job: sCIE7D4ac0be3QUq (difficulty: 144670, target: f8730000)
[2026-10-04T02:15:59Z INFO  minertim::miner] Worker 0 SHARE FOUND! job_id=sCIE7D4ac0be3QUq, nonce=e019b200, hash_val=18774, difficulty=144670, hash=b512a0c957f1eb3da9a308971e56053136c4c73fb84f2aaa48e8027856490000
[2026-10-04T02:15:59Z INFO  minertim::pool_connection] Share submitted: rpc_id=209 job_id=sCIE7D4ac0be3QUq nonce=e019b200 lock_wait_ms=50.949 write_ms=0.080
[2026-10-04T02:15:59Z INFO  minertim::miner] Worker 0 share timing: job_id=sCIE7D4ac0be3QUq nonce=e019b200 verdict=SubmitVerified verify_ms=1.883 submit_call_ms=51.070 found_to_submit_ms=52.992
[2026-10-04T02:16:00Z INFO  minertim::pool_connection] Share accepted: rpc_id=209 job_id=sCIE7D4ac0be3QUq nonce=e019b200 latency_ms=230
[2026-10-04T02:16:06Z INFO  minertim] H/s 1m:2314.1 5m:2314.8 10m:2294.0 | Shares: 123/0 (found:123) | Diff: 144670 | 7s elapsed (since last share, avg 1m2s) | best=539 target=29688 (999%)
[2026-10-04T02:16:16Z INFO  minertim] H/s 1m:2311.7 5m:2314.5 10m:2293.9 | Shares: 123/0 (found:123) | Diff: 144670 | 17s elapsed (since last share, avg 1m2s) | best=539 target=29688 (999%)
[2026-10-04T02:16:17Z INFO  minertim::pool_connection] New job: KkZnqABK3CbGlR7C (difficulty: 144670, target: f8730000)
[2026-10-04T02:16:17Z INFO  minertim::miner] Worker 2 SHARE FOUND! job_id=KkZnqABK3CbGlR7C, nonce=563fb300, hash_val=475, difficulty=144670, hash=fe6f6bff36835bcc447390bb2c3a78d61188b2441ad42f3b6f587ed9db010000
[2026-10-04T02:16:17Z INFO  minertim::pool_connection] Share submitted: rpc_id=211 job_id=KkZnqABK3CbGlR7C nonce=563fb300 lock_wait_ms=14.792 write_ms=0.074
[2026-10-04T02:16:17Z INFO  minertim::miner] Worker 2 share timing: job_id=KkZnqABK3CbGlR7C nonce=563fb300 verdict=SubmitVerified verify_ms=1.860 submit_call_ms=14.919 found_to_submit_ms=16.837
[2026-10-04T02:16:18Z INFO  minertim::pool_connection] Share accepted: rpc_id=211 job_id=KkZnqABK3CbGlR7C nonce=563fb300 latency_ms=232
[2026-10-04T02:16:23Z INFO  minertim::pool_connection] New job: TKVWFh3qd4MKkvta (difficulty: 217005, target: 504d0000)
[2026-10-04T02:16:26Z INFO  minertim] H/s 1m:2309.8 5m:2314.4 10m:2293.8 | Shares: 124/0 (found:124) | Diff: 217005 | 8s elapsed (since last share, avg 1m33s) | best=475 target=19792 (999%)
[2026-10-04T02:16:36Z INFO  minertim] H/s 1m:2311.9 5m:2314.5 10m:2294.0 | Shares: 124/0 (found:124) | Diff: 217005 | 18s elapsed (since last share, avg 1m33s) | best=475 target=19792 (999%)
[2026-10-04T02:16:37Z INFO  minertim::pool_connection] New job: Pg0jAIZYdUuz57Dd (difficulty: 217005, target: 504d0000)
[2026-10-04T02:16:46Z INFO  minertim] H/s 1m:2314.2 5m:2314.2 10m:2294.1 | Shares: 124/0 (found:124) | Diff: 217005 | 28s elapsed (since last share, avg 1m33s) | best=475 target=19792 (999%)
[2026-10-04T02:16:56Z INFO  minertim] H/s 1m:2318.0 5m:2314.9 10m:2294.3 | Shares: 124/0 (found:124) | Diff: 217005 | 38s elapsed (since last share, avg 1m33s) | best=475 target=19792 (999%)
[2026-10-04T02:16:57Z INFO  minertim::pool_connection] New job: vpyzR4ypEfr7r80k (difficulty: 217005, target: 504d0000)
[2026-10-04T02:17:05Z INFO  minertim::miner] Worker 2 SHARE FOUND! job_id=vpyzR4ypEfr7r80k, nonce=e2ebb400, hash_val=9641, difficulty=217005, hash=c04a44c25421005e28ab551b3095299c59cbf650039bcf175d563ef1a9250000
[2026-10-04T02:17:05Z INFO  minertim::pool_connection] Share submitted: rpc_id=212 job_id=vpyzR4ypEfr7r80k nonce=e2ebb400 lock_wait_ms=30.307 write_ms=0.082
[2026-10-04T02:17:05Z INFO  minertim::miner] Worker 2 share timing: job_id=vpyzR4ypEfr7r80k nonce=e2ebb400 verdict=SubmitVerified verify_ms=1.718 submit_call_ms=30.442 found_to_submit_ms=32.217
[2026-10-04T02:17:06Z INFO  minertim::pool_connection] Share accepted: rpc_id=212 job_id=vpyzR4ypEfr7r80k nonce=e2ebb400 latency_ms=345
[2026-10-04T02:17:06Z INFO  minertim] H/s 1m:2315.2 5m:2314.3 10m:2294.9 | Shares: 125/0 (found:125) | Diff: 217005 | 1s elapsed (since last share, avg 1m33s) | best=475 target=19792 (999%)
[2026-10-04T02:17:16Z INFO  minertim] H/s 1m:2314.6 5m:2314.1 10m:2296.0 | Shares: 125/0 (found:125) | Diff: 217005 | 11s elapsed (since last share, avg 1m33s) | best=475 target=19792 (999%)
[2026-10-04T02:17:17Z INFO  minertim::pool_connection] New job: mV1Civ9NDgbYtNqP (difficulty: 217005, target: 504d0000)
[2026-10-04T02:17:26Z INFO  minertim] H/s 1m:2372.8 5m:2324.5 10m:2302.5 | Shares: 125/0 (found:125) | Diff: 217005 | 21s elapsed (since last share, avg 1m31s) | best=475 target=19792 (999%)
[2026-10-04T02:17:36Z INFO  minertim] H/s 1m:2376.3 5m:2324.5 10m:2304.0 | Shares: 125/0 (found:125) | Diff: 217005 | 31s elapsed (since last share, avg 1m31s) | best=475 target=19792 (999%)
[2026-10-04T02:17:37Z INFO  minertim::pool_connection] New job: 9Mhbnvh9GnAIp0ey (difficulty: 217005, target: 504d0000)
[2026-10-04T02:17:46Z INFO  minertim] H/s 1m:2375.9 5m:2324.9 10m:2305.2 | Shares: 125/0 (found:125) | Diff: 217005 | 41s elapsed (since last share, avg 1m31s) | best=475 target=19792 (999%)
[2026-10-04T02:17:56Z INFO  minertim::pool_connection] New job: amAlGvfaCduB2v4g (difficulty: 217005, target: 504d0000)
[2026-10-04T02:17:56Z INFO  minertim] H/s 1m:2379.5 5m:2325.4 10m:2306.4 | Shares: 125/0 (found:125) | Diff: 217005 | 51s elapsed (since last share, avg 1m31s) | best=475 target=19792 (999%)
[2026-10-04T02:18:07Z INFO  minertim] H/s 1m:2431.7 5m:2334.4 10m:2312.9 | Shares: 125/0 (found:125) | Diff: 217005 | 1m1s elapsed (since last share, avg 1m29s) | best=475 target=19792 (999%)
[2026-10-04T02:18:16Z INFO  minertim::pool_connection] New job: SbrIS0VqkXSJvTk2 (difficulty: 217005, target: 504d0000)
[2026-10-04T02:18:17Z INFO  minertim] H/s 1m:2427.0 5m:2344.2 10m:2319.2 | Shares: 125/0 (found:125) | Diff: 217005 | 1m11s elapsed (since last share, avg 1m29s) | best=475 target=19792 (999%)
[2026-10-04T02:18:24Z INFO  minertim::pool_connection] New job: 8zv8DKdADCMXUTb5 (difficulty: 155002, target: 3d6c0000)
[2026-10-04T02:18:27Z INFO  minertim] H/s 1m:2484.5 5m:2354.3 10m:2325.3 | Shares: 125/0 (found:125) | Diff: 155002 | 1m21s elapsed (since last share, avg 1m2s) | best=475 target=27709 (999%)
[2026-10-04T02:18:36Z INFO  minertim::pool_connection] New job: ecG0qlkLMmkpoQWr (difficulty: 155002, target: 3d6c0000)
[2026-10-04T02:18:37Z INFO  minertim] H/s 1m:2485.4 5m:2354.1 10m:2326.3 | Shares: 125/0 (found:125) | Diff: 155002 | 1m31s elapsed (since last share, avg 1m2s) | best=475 target=27709 (999%)
[2026-10-04T02:18:47Z INFO  minertim] H/s 1m:2487.3 5m:2354.6 10m:2327.5 | Shares: 125/0 (found:125) | Diff: 155002 | 1m41s elapsed (since last share, avg 1m2s) | best=475 target=27709 (999%)
[2026-10-04T02:18:53Z INFO  minertim::miner] Worker 1 SHARE FOUND! job_id=ecG0qlkLMmkpoQWr, nonce=9595b800, hash_val=16532, difficulty=155002, hash=b2339daa45f801b5d79a2a14844701c1752acb2866eda722b4454ad594400000
[2026-10-04T02:18:53Z INFO  minertim::pool_connection] Share submitted: rpc_id=215 job_id=ecG0qlkLMmkpoQWr nonce=9595b800 lock_wait_ms=29.660 write_ms=0.075
[2026-10-04T02:18:53Z INFO  minertim::miner] Worker 1 share timing: job_id=ecG0qlkLMmkpoQWr nonce=9595b800 verdict=SubmitVerified verify_ms=1.716 submit_call_ms=29.780 found_to_submit_ms=31.541
[2026-10-04T02:18:53Z INFO  minertim::pool_connection] Share accepted: rpc_id=215 job_id=ecG0qlkLMmkpoQWr nonce=9595b800 latency_ms=250
[2026-10-04T02:18:54Z INFO  minertim::pool_connection] New job: QwxN00x28CVpecrU (difficulty: 232512, target: 28480000)
[2026-10-04T02:18:56Z INFO  minertim::pool_connection] New job: TuKSD0xdrDNIAHfE (difficulty: 232512, target: 28480000)
[2026-10-04T02:18:57Z INFO  minertim] H/s 1m:2434.6 5m:2355.2 10m:2328.8 | Shares: 126/0 (found:126) | Diff: 232512 | 4s elapsed (since last share, avg 1m35s) | best=475 target=18472 (999%)
[2026-10-04T02:19:07Z INFO  minertim] H/s 1m:2373.2 5m:2355.1 10m:2329.3 | Shares: 126/0 (found:126) | Diff: 232512 | 14s elapsed (since last share, avg 1m37s) | best=475 target=18472 (999%)
[2026-10-04T02:19:16Z INFO  minertim::pool_connection] New job: 97v9T7i1gfzkQ66W (difficulty: 232512, target: 28480000)
[2026-10-04T02:19:17Z INFO  minertim] H/s 1m:2315.9 5m:2355.3 10m:2330.6 | Shares: 126/0 (found:126) | Diff: 232512 | 24s elapsed (since last share, avg 1m40s) | best=475 target=18472 (999%)
[2026-10-04T02:19:27Z INFO  minertim] H/s 1m:2314.5 5m:2355.0 10m:2331.6 | Shares: 126/0 (found:126) | Diff: 232512 | 34s elapsed (since last share, avg 1m40s) | best=475 target=18472 (999%)
[2026-10-04T02:19:36Z INFO  minertim::pool_connection] New job: nXJNSwWgRVO3G2tq (difficulty: 232512, target: 28480000)
[2026-10-04T02:19:37Z INFO  minertim] H/s 1m:2313.5 5m:2354.9 10m:2332.3 | Shares: 126/0 (found:126) | Diff: 232512 | 44s elapsed (since last share, avg 1m40s) | best=475 target=18472 (999%)
[2026-10-04T02:19:44Z INFO  minertim::pool_connection] New job: bHdkdG04UVitmpTV (difficulty: 232512, target: 28480000)
[2026-10-04T02:19:47Z INFO  minertim] H/s 1m:2318.1 5m:2355.4 10m:2333.6 | Shares: 126/0 (found:126) | Diff: 232512 | 54s elapsed (since last share, avg 1m40s) | best=475 target=18472 (999%)
[2026-10-04T02:19:50Z INFO  minertim::miner] Worker 3 SHARE FOUND! job_id=bHdkdG04UVitmpTV, nonce=b7b0c000, hash_val=5744, difficulty=232512, hash=54e406754cfb8ce6005465014b474316202a41e9e63ee3eac0b4293470160000
[2026-10-04T02:19:50Z INFO  minertim::pool_connection] Share submitted: rpc_id=217 job_id=bHdkdG04UVitmpTV nonce=b7b0c000 lock_wait_ms=7.599 write_ms=0.098
[2026-10-04T02:19:50Z INFO  minertim::miner] Worker 3 share timing: job_id=bHdkdG04UVitmpTV nonce=b7b0c000 verdict=SubmitVerified verify_ms=1.648 submit_call_ms=7.750 found_to_submit_ms=9.443
[2026-10-04T02:19:50Z INFO  minertim::pool_connection] Share accepted: rpc_id=217 job_id=bHdkdG04UVitmpTV nonce=b7b0c000 latency_ms=265
[2026-10-04T02:19:57Z INFO  minertim] H/s 1m:2319.3 5m:2355.3 10m:2334.5 | Shares: 127/0 (found:127) | Diff: 232512 | 6s elapsed (since last share, avg 1m40s) | best=475 target=18472 (999%)
[2026-10-04T02:19:58Z INFO  minertim::pool_connection] New job: xeyihEBXa0vYsjCP (difficulty: 232512, target: 28480000)
[2026-10-04T02:20:07Z INFO  minertim] H/s 1m:2310.7 5m:2354.4 10m:2334.1 | Shares: 127/0 (found:127) | Diff: 232512 | 16s elapsed (since last share, avg 1m40s) | best=475 target=18472 (999%)
[2026-10-04T02:20:17Z INFO  minertim] H/s 1m:2310.1 5m:2354.1 10m:2334.2 | Shares: 127/0 (found:127) | Diff: 232512 | 26s elapsed (since last share, avg 1m40s) | best=475 target=18472 (999%)
[2026-10-04T02:20:18Z INFO  minertim::pool_connection] New job: TFncpKrWg9hQSYUv (difficulty: 232512, target: 28480000)
[2026-10-04T02:20:27Z INFO  minertim] H/s 1m:2309.3 5m:2353.7 10m:2334.0 | Shares: 127/0 (found:127) | Diff: 232512 | 36s elapsed (since last share, avg 1m40s) | best=475 target=18472 (999%)
[2026-10-04T02:20:37Z INFO  minertim] H/s 1m:2306.9 5m:2353.7 10m:2334.1 | Shares: 127/0 (found:127) | Diff: 232512 | 46s elapsed (since last share, avg 1m40s) | best=475 target=18472 (999%)
[2026-10-04T02:20:38Z INFO  minertim::pool_connection] New job: PWmZYjppZXXlWmeq (difficulty: 232512, target: 28480000)
[2026-10-04T02:20:47Z INFO  minertim] H/s 1m:2312.9 5m:2354.7 10m:2334.4 | Shares: 127/0 (found:127) | Diff: 232512 | 56s elapsed (since last share, avg 1m40s) | best=475 target=18472 (999%)
[2026-10-04T02:20:54Z INFO  minertim::pool_connection] New job: zfbCupoefkcMHgkX (difficulty: 172940, target: 03610000)
[2026-10-04T02:20:57Z INFO  minertim] H/s 1m:2318.5 5m:2355.1 10m:2334.6 | Shares: 127/0 (found:127) | Diff: 172940 | 1m6s elapsed (since last share, avg 1m14s) | best=475 target=24835 (999%)
[2026-10-04T02:20:58Z INFO  minertim::pool_connection] New job: cn89wY0ebPzp7uLs (difficulty: 172940, target: 03610000)
[2026-10-04T02:21:07Z INFO  minertim] H/s 1m:2309.4 5m:2353.7 10m:2333.8 | Shares: 127/0 (found:127) | Diff: 172940 | 1m16s elapsed (since last share, avg 1m14s) | best=475 target=24835 (999%)
[2026-10-04T02:21:14Z INFO  minertim::miner] Worker 0 SHARE FOUND! job_id=cn89wY0ebPzp7uLs, nonce=c417bd00, hash_val=20386, difficulty=172940, hash=f0909c78b7f4801b02e661bf8e3d8b2c45b92b833b47e5e4a5b7a48fa24f0000
[2026-10-04T02:21:14Z INFO  minertim::pool_connection] Share submitted: rpc_id=219 job_id=cn89wY0ebPzp7uLs nonce=c417bd00 lock_wait_ms=33.454 write_ms=0.081
[2026-10-04T02:21:14Z INFO  minertim::miner] Worker 0 share timing: job_id=cn89wY0ebPzp7uLs nonce=c417bd00 verdict=SubmitVerified verify_ms=1.829 submit_call_ms=33.589 found_to_submit_ms=35.475
[2026-10-04T02:21:14Z INFO  minertim::pool_connection] Share accepted: rpc_id=219 job_id=cn89wY0ebPzp7uLs nonce=c417bd00 latency_ms=257
[2026-10-04T02:21:17Z INFO  minertim] H/s 1m:2311.3 5m:2353.9 10m:2333.9 | Shares: 128/0 (found:128) | Diff: 172940 | 3s elapsed (since last share, avg 1m14s) | best=475 target=24835 (999%)
[2026-10-04T02:21:18Z INFO  minertim::pool_connection] New job: If51aSBp0l1TQl0f (difficulty: 172940, target: 03610000)
[2026-10-04T02:21:24Z INFO  minertim::pool_connection] New job: M9QOIUJFourRchs4 (difficulty: 259404, target: ad400000)
[2026-10-04T02:21:27Z INFO  minertim] H/s 1m:2311.8 5m:2353.7 10m:2334.0 | Shares: 128/0 (found:128) | Diff: 259404 | 13s elapsed (since last share, avg 1m52s) | best=475 target=16557 (999%)
[2026-10-04T02:21:37Z INFO  minertim] H/s 1m:2312.9 5m:2354.5 10m:2334.1 | Shares: 128/0 (found:128) | Diff: 259404 | 23s elapsed (since last share, avg 1m52s) | best=475 target=16557 (999%)
[2026-10-04T02:21:37Z INFO  minertim::pool_connection] New job: WcLEhpqGQw4MpBik (difficulty: 259404, target: ad400000)
[2026-10-04T02:21:47Z INFO  minertim] H/s 1m:2316.3 5m:2354.8 10m:2334.3 | Shares: 128/0 (found:128) | Diff: 259404 | 33s elapsed (since last share, avg 1m51s) | best=475 target=16557 (999%)
[2026-10-04T02:21:57Z INFO  minertim] H/s 1m:2325.4 5m:2355.4 10m:2334.5 | Shares: 128/0 (found:128) | Diff: 259404 | 43s elapsed (since last share, avg 1m51s) | best=475 target=16557 (999%)
[2026-10-04T02:21:57Z INFO  minertim::pool_connection] New job: UnIfare0ND0skwDj (difficulty: 259404, target: ad400000)
[2026-10-04T02:22:07Z INFO  minertim] H/s 1m:2317.4 5m:2354.4 10m:2334.0 | Shares: 128/0 (found:128) | Diff: 259404 | 53s elapsed (since last share, avg 1m51s) | best=475 target=16557 (999%)
[2026-10-04T02:22:17Z INFO  minertim] H/s 1m:2315.8 5m:2343.9 10m:2334.0 | Shares: 128/0 (found:128) | Diff: 259404 | 1m3s elapsed (since last share, avg 1m52s) | best=475 target=16557 (999%)
[2026-10-04T02:22:17Z INFO  minertim::pool_connection] New job: oj6P61jAEi0OIJCb (difficulty: 259404, target: ad400000)
[2026-10-04T02:22:24Z INFO  minertim::pool_connection] New job: xbqCbX9Za00XPel6 (difficulty: 166762, target: 9b640000)
[2026-10-04T02:22:27Z INFO  minertim] H/s 1m:2314.6 5m:2343.8 10m:2334.1 | Shares: 128/0 (found:128) | Diff: 166762 | 1m13s elapsed (since last share, avg 1m12s) | best=475 target=25755 (999%)
[2026-10-04T02:22:37Z INFO  minertim] H/s 1m:2314.2 5m:2344.2 10m:2334.1 | Shares: 128/0 (found:128) | Diff: 166762 | 1m23s elapsed (since last share, avg 1m12s) | best=475 target=25755 (999%)
[2026-10-04T02:22:37Z INFO  minertim::pool_connection] New job: hNkMnZqEJUcrWkes (difficulty: 166762, target: 9b640000)
[2026-10-04T02:22:47Z INFO  minertim] H/s 1m:2316.6 5m:2344.6 10m:2334.4 | Shares: 128/0 (found:128) | Diff: 166762 | 1m33s elapsed (since last share, avg 1m11s) | best=475 target=25755 (999%)
[2026-10-04T02:22:57Z INFO  minertim] H/s 1m:2324.0 5m:2335.8 10m:2334.7 | Shares: 128/0 (found:128) | Diff: 166762 | 1m43s elapsed (since last share, avg 1m11s) | best=475 target=25755 (999%)
[2026-10-04T02:22:57Z INFO  minertim::pool_connection] New job: BoEEUO3xnq3krXKn (difficulty: 166762, target: 9b640000)
[2026-10-04T02:23:07Z INFO  minertim] H/s 1m:2317.4 5m:2325.0 10m:2334.2 | Shares: 128/0 (found:128) | Diff: 166762 | 1m53s elapsed (since last share, avg 1m11s) | best=475 target=25755 (999%)
[2026-10-04T02:23:17Z INFO  minertim] H/s 1m:2317.0 5m:2315.0 10m:2334.4 | Shares: 128/0 (found:128) | Diff: 166762 | 2m3s elapsed (since last share, avg 1m11s) | best=475 target=25755 (999%)
[2026-10-04T02:23:17Z INFO  minertim::pool_connection] New job: ZfQ0mD6e8ip0ix5v (difficulty: 166762, target: 9b640000)
[2026-10-04T02:23:24Z INFO  minertim::pool_connection] New job: 41SA18hxgEW8CCLA (difficulty: 125071, target: 24860000)
[2026-10-04T02:23:27Z INFO  minertim] H/s 1m:2313.1 5m:2314.5 10m:2334.2 | Shares: 128/0 (found:128) | Diff: 125071 | 2m13s elapsed (since last share, avg 54s) | best=475 target=34340 (999%)
[2026-10-04T02:23:37Z INFO  minertim] H/s 1m:2311.4 5m:2314.2 10m:2334.0 | Shares: 128/0 (found:128) | Diff: 125071 | 2m23s elapsed (since last share, avg 54s) | best=475 target=34340 (999%)
[2026-10-04T02:23:37Z INFO  minertim::pool_connection] New job: nBCrCfDm40KVmuHD (difficulty: 125071, target: 24860000)
[2026-10-04T02:23:47Z INFO  minertim] H/s 1m:2310.0 5m:2314.3 10m:2334.1 | Shares: 128/0 (found:128) | Diff: 125071 | 2m33s elapsed (since last share, avg 54s) | best=475 target=34340 (999%)
[2026-10-04T02:23:57Z INFO  minertim] H/s 1m:2316.7 5m:2315.3 10m:2334.5 | Shares: 128/0 (found:128) | Diff: 125071 | 2m43s elapsed (since last share, avg 53s) | best=475 target=34340 (999%)
[2026-10-04T02:23:57Z INFO  minertim::pool_connection] New job: fWpIu6gQQLa0XuyM (difficulty: 125071, target: 24860000)
[2026-10-04T02:24:07Z INFO  minertim] H/s 1m:2307.8 5m:2313.6 10m:2334.2 | Shares: 128/0 (found:128) | Diff: 125071 | 2m53s elapsed (since last share, avg 54s) | best=475 target=34340 (999%)
[2026-10-04T02:24:17Z INFO  minertim::pool_connection] New job: c24alUwp0QQMOxlY (difficulty: 125071, target: 24860000)
[2026-10-04T02:24:17Z INFO  minertim] H/s 1m:2310.8 5m:2313.8 10m:2334.2 | Shares: 128/0 (found:128) | Diff: 125071 | 3m3s elapsed (since last share, avg 54s) | best=475 target=34340 (999%)
[2026-10-04T02:24:18Z INFO  minertim::miner] Worker 1 SHARE FOUND! job_id=c24alUwp0QQMOxlY, nonce=51fec300, hash_val=8219, difficulty=125071, hash=b23c110f3f18ab1c3e5c433784d613ad6f5822944666fbbe58387adf1b200000
[2026-10-04T02:24:18Z INFO  minertim::pool_connection] Share submitted: rpc_id=224 job_id=c24alUwp0QQMOxlY nonce=51fec300 lock_wait_ms=49.947 write_ms=0.079
[2026-10-04T02:24:18Z INFO  minertim::miner] Worker 1 share timing: job_id=c24alUwp0QQMOxlY nonce=51fec300 verdict=SubmitVerified verify_ms=1.764 submit_call_ms=50.081 found_to_submit_ms=51.898
[2026-10-04T02:24:18Z INFO  minertim::pool_connection] Share accepted: rpc_id=224 job_id=c24alUwp0QQMOxlY nonce=51fec300 latency_ms=289
[2026-10-04T02:24:27Z INFO  minertim] H/s 1m:2313.3 5m:2314.2 10m:2334.3 | Shares: 129/0 (found:129) | Diff: 125071 | 9s elapsed (since last share, avg 54s) | best=475 target=34340 (999%)
[2026-10-04T02:24:37Z INFO  minertim::pool_connection] New job: jhtCk0xwML9kmOgh (difficulty: 125071, target: 24860000)
[2026-10-04T02:24:37Z INFO  minertim] H/s 1m:2314.6 5m:2313.7 10m:2334.3 | Shares: 129/0 (found:129) | Diff: 125071 | 19s elapsed (since last share, avg 54s) | best=475 target=34340 (999%)
[2026-10-04T02:24:47Z INFO  minertim] H/s 1m:2317.3 5m:2314.9 10m:2334.5 | Shares: 129/0 (found:129) | Diff: 125071 | 29s elapsed (since last share, avg 53s) | best=475 target=34340 (999%)
[2026-10-04T02:24:57Z INFO  minertim::pool_connection] New job: AzNsc9HYD9hl6Mmo (difficulty: 125071, target: 24860000)
[2026-10-04T02:24:57Z INFO  minertim] H/s 1m:2324.7 5m:2316.0 10m:2334.8 | Shares: 129/0 (found:129) | Diff: 125071 | 39s elapsed (since last share, avg 53s) | best=475 target=34340 (999%)
[2026-10-04T02:25:04Z INFO  minertim::miner] Worker 1 SHARE FOUND! job_id=AzNsc9HYD9hl6Mmo, nonce=e19cc500, hash_val=27518, difficulty=125071, hash=adabdabaf30bdfa120f04a1fb39c436ce1a2335fa65cae6e4aeba6ba7e6b0000
[2026-10-04T02:25:04Z INFO  minertim::pool_connection] Share submitted: rpc_id=225 job_id=AzNsc9HYD9hl6Mmo nonce=e19cc500 lock_wait_ms=6.635 write_ms=0.084
[2026-10-04T02:25:04Z INFO  minertim::miner] Worker 1 share timing: job_id=AzNsc9HYD9hl6Mmo nonce=e19cc500 verdict=SubmitVerified verify_ms=1.794 submit_call_ms=6.772 found_to_submit_ms=8.621
[2026-10-04T02:25:04Z INFO  minertim::pool_connection] Share accepted: rpc_id=225 job_id=AzNsc9HYD9hl6Mmo nonce=e19cc500 latency_ms=248
[2026-10-04T02:25:07Z INFO  minertim] H/s 1m:2318.3 5m:2315.2 10m:2334.4 | Shares: 130/0 (found:130) | Diff: 125071 | 2s elapsed (since last share, avg 53s) | best=475 target=34340 (999%)
[2026-10-04T02:25:12Z INFO  minertim::pool_connection] Donation: mining to Author (donate-level 5%)
[2026-10-04T02:25:12Z INFO  minertim::pool_connection] Connecting to pool: monerohash.com:2222
[2026-10-04T02:25:12Z INFO  minertim::pool_connection] Connected to pool (plain TCP): monerohash.com:2222
[2026-10-04T02:25:12Z INFO  minertim::pool_connection] Login successful, session id: lXH0Qbu3nHPRCBb0
[2026-10-04T02:25:12Z INFO  minertim::pool_connection] Initial job: zEIYAxRKfUElLOmI (difficulty: 50000, target: 8b4f0100)
[2026-10-04T02:25:15Z INFO  minertim::miner] Worker 2 SHARE FOUND! job_id=zEIYAxRKfUElLOmI, nonce=421ac600, hash_val=81932, difficulty=50000, hash=0a3e09857ef7013ce89cc06414470b0facb26ade816812e302d292640c400100
[2026-10-04T02:25:15Z INFO  minertim::pool_connection] Share submitted: rpc_id=228 job_id=zEIYAxRKfUElLOmI nonce=421ac600 lock_wait_ms=18.527 write_ms=0.073
[2026-10-04T02:25:15Z INFO  minertim::miner] Worker 2 share timing: job_id=zEIYAxRKfUElLOmI nonce=421ac600 verdict=SubmitVerified verify_ms=1.882 submit_call_ms=18.652 found_to_submit_ms=20.591
[2026-10-04T02:25:15Z INFO  minertim::pool_connection] Share accepted: rpc_id=228 job_id=zEIYAxRKfUElLOmI nonce=421ac600 latency_ms=328
[2026-10-04T02:25:16Z INFO  minertim::pool_connection] New job: gjnnTrYQERRZkM9K (difficulty: 50000, target: 8b4f0100)
[2026-10-04T02:25:17Z INFO  minertim] H/s 1m:2276.1 5m:2308.5 10m:2331.0 | Shares: 131/0 (found:131) | Diff: 50000 | 1s elapsed (since last share, avg 21s) | best=475 target=85899 (999%)
[2026-10-04T02:25:19Z INFO  minertim::pool_connection] New job: zYfMuUQpxcQgnp8r (difficulty: 75000, target: b2df0000)
[2026-10-04T02:25:27Z INFO  minertim] H/s 1m:2278.5 5m:2308.8 10m:2331.1 | Shares: 131/0 (found:131) | Diff: 75000 | 11s elapsed (since last share, avg 32s) | best=475 target=57266 (999%)
[2026-10-04T02:25:36Z INFO  minertim::pool_connection] New job: BCLQ3Ci6Xo9UiaNE (difficulty: 75000, target: b2df0000)
[2026-10-04T02:25:37Z INFO  minertim] H/s 1m:2277.7 5m:2308.8 10m:2331.2 | Shares: 131/0 (found:131) | Diff: 75000 | 21s elapsed (since last share, avg 32s) | best=475 target=57266 (999%)
[2026-10-04T02:25:47Z INFO  minertim] H/s 1m:2281.3 5m:2309.6 10m:2331.8 | Shares: 131/0 (found:131) | Diff: 75000 | 31s elapsed (since last share, avg 32s) | best=475 target=57266 (999%)
[2026-10-04T02:25:56Z INFO  minertim::pool_connection] New job: FsO26o3RgrgsR02H (difficulty: 75000, target: b2df0000)
[2026-10-04T02:25:57Z INFO  minertim] H/s 1m:2285.4 5m:2311.1 10m:2332.0 | Shares: 131/0 (found:131) | Diff: 75000 | 41s elapsed (since last share, avg 32s) | best=475 target=57266 (999%)
[2026-10-04T02:26:01Z INFO  minertim::miner] Worker 3 SHARE FOUND! job_id=FsO26o3RgrgsR02H, nonce=c317ce00, hash_val=9014, difficulty=75000, hash=eadd7c3cb5e84bd3bdbd53744a1057007d38202359aac2f9afbb939536230000
[2026-10-04T02:26:02Z INFO  minertim::pool_connection] Share submitted: rpc_id=229 job_id=FsO26o3RgrgsR02H nonce=c317ce00 lock_wait_ms=44.121 write_ms=0.077
[2026-10-04T02:26:02Z INFO  minertim::miner] Worker 3 share timing: job_id=FsO26o3RgrgsR02H nonce=c317ce00 verdict=SubmitVerified verify_ms=1.566 submit_call_ms=44.243 found_to_submit_ms=45.863
[2026-10-04T02:26:02Z INFO  minertim::pool_connection] Share accepted: rpc_id=229 job_id=FsO26o3RgrgsR02H nonce=c317ce00 latency_ms=282
[2026-10-04T02:26:07Z INFO  minertim] H/s 1m:2320.5 5m:2310.1 10m:2331.7 | Shares: 132/0 (found:132) | Diff: 75000 | 5s elapsed (since last share, avg 32s) | best=475 target=57266 (999%)
[2026-10-04T02:26:16Z INFO  minertim::pool_connection] New job: S3mSUjOTKNBrtPjq (difficulty: 75000, target: b2df0000)
[2026-10-04T02:26:17Z INFO  minertim] H/s 1m:2317.3 5m:2309.8 10m:2331.7 | Shares: 132/0 (found:132) | Diff: 75000 | 15s elapsed (since last share, avg 32s) | best=475 target=57266 (999%)
[2026-10-04T02:26:25Z INFO  minertim::miner] Worker 0 SHARE FOUND! job_id=S3mSUjOTKNBrtPjq, nonce=c0fbc700, hash_val=2164, difficulty=75000, hash=b8cdd2a64047ea6e645862fde98324a8a1ce918cb94b169dde17a81b74080000
[2026-10-04T02:26:25Z INFO  minertim::pool_connection] Share submitted: rpc_id=231 job_id=S3mSUjOTKNBrtPjq nonce=c0fbc700 lock_wait_ms=42.798 write_ms=0.081
[2026-10-04T02:26:25Z INFO  minertim::miner] Worker 0 share timing: job_id=S3mSUjOTKNBrtPjq nonce=c0fbc700 verdict=SubmitVerified verify_ms=1.828 submit_call_ms=42.927 found_to_submit_ms=44.809
[2026-10-04T02:26:26Z INFO  minertim::pool_connection] Share accepted: rpc_id=231 job_id=S3mSUjOTKNBrtPjq nonce=c0fbc700 latency_ms=301
[2026-10-04T02:26:27Z INFO  minertim] H/s 1m:2315.6 5m:2309.3 10m:2331.5 | Shares: 133/0 (found:133) | Diff: 75000 | 1s elapsed (since last share, avg 32s) | best=475 target=57266 (999%)
[2026-10-04T02:26:36Z INFO  minertim::pool_connection] New job: jh0Sf0T8GtF11tJx (difficulty: 75000, target: b2df0000)
[2026-10-04T02:26:37Z INFO  minertim] H/s 1m:2313.8 5m:2309.1 10m:2331.8 | Shares: 133/0 (found:133) | Diff: 75000 | 11s elapsed (since last share, avg 32s) | best=475 target=57266 (999%)
[2026-10-04T02:26:47Z INFO  minertim] H/s 1m:2316.7 5m:2309.6 10m:2331.9 | Shares: 133/0 (found:133) | Diff: 75000 | 21s elapsed (since last share, avg 32s) | best=475 target=57266 (999%)
[2026-10-04T02:26:56Z INFO  minertim::pool_connection] New job: B0HxwoJNf5OU5RFW (difficulty: 75000, target: b2df0000)
[2026-10-04T02:26:57Z INFO  minertim] H/s 1m:2322.6 5m:2311.0 10m:2332.4 | Shares: 133/0 (found:133) | Diff: 75000 | 31s elapsed (since last share, avg 32s) | best=475 target=57266 (999%)
[2026-10-04T02:27:07Z INFO  minertim] H/s 1m:2317.5 5m:2310.1 10m:2332.0 | Shares: 133/0 (found:133) | Diff: 75000 | 41s elapsed (since last share, avg 32s) | best=475 target=57266 (999%)
[2026-10-04T02:27:14Z INFO  minertim::miner] Worker 1 SHARE FOUND! job_id=B0HxwoJNf5OU5RFW, nonce=8d26ca00, hash_val=42102, difficulty=75000, hash=61d5d263dd41f9e80cf508ea1995ceaa115b3c7d065778d037b3e59b76a40000
[2026-10-04T02:27:14Z INFO  minertim::pool_connection] Share submitted: rpc_id=232 job_id=B0HxwoJNf5OU5RFW nonce=8d26ca00 lock_wait_ms=47.030 write_ms=0.080
[2026-10-04T02:27:14Z INFO  minertim::miner] Worker 1 share timing: job_id=B0HxwoJNf5OU5RFW nonce=8d26ca00 verdict=SubmitVerified verify_ms=1.768 submit_call_ms=47.154 found_to_submit_ms=48.978
[2026-10-04T02:27:14Z INFO  minertim::pool_connection] Share accepted: rpc_id=232 job_id=B0HxwoJNf5OU5RFW nonce=8d26ca00 latency_ms=259
[2026-10-04T02:27:16Z INFO  minertim::pool_connection] New job: cumK0bMunTAzp0eq (difficulty: 75000, target: b2df0000)
[2026-10-04T02:27:17Z INFO  minertim] H/s 1m:2317.9 5m:2309.9 10m:2326.9 | Shares: 134/0 (found:134) | Diff: 75000 | 3s elapsed (since last share, avg 32s) | best=475 target=57266 (999%)
[2026-10-04T02:27:27Z INFO  minertim] H/s 1m:2316.7 5m:2309.6 10m:2326.7 | Shares: 134/0 (found:134) | Diff: 75000 | 13s elapsed (since last share, avg 32s) | best=475 target=57266 (999%)
[2026-10-04T02:27:32Z INFO  minertim::miner] Worker 1 SHARE FOUND! job_id=cumK0bMunTAzp0eq, nonce=25ceca00, hash_val=13374, difficulty=75000, hash=9d5aa4fdc49170649c2d9e1adb8886410ad33332caf316062948e2883e340000
[2026-10-04T02:27:32Z INFO  minertim::pool_connection] Share submitted: rpc_id=234 job_id=cumK0bMunTAzp0eq nonce=25ceca00 lock_wait_ms=13.492 write_ms=0.081
[2026-10-04T02:27:32Z INFO  minertim::miner] Worker 1 share timing: job_id=cumK0bMunTAzp0eq nonce=25ceca00 verdict=SubmitVerified verify_ms=1.960 submit_call_ms=13.622 found_to_submit_ms=15.634
[2026-10-04T02:27:33Z INFO  minertim::pool_connection] Share accepted: rpc_id=234 job_id=cumK0bMunTAzp0eq nonce=25ceca00 latency_ms=269
[2026-10-04T02:27:36Z INFO  minertim::pool_connection] New job: UXiiAwwQXSwVq74y (difficulty: 75000, target: b2df0000)
[2026-10-04T02:27:37Z INFO  minertim] H/s 1m:2314.6 5m:2309.3 10m:2326.7 | Shares: 135/0 (found:135) | Diff: 75000 | 4s elapsed (since last share, avg 32s) | best=475 target=57266 (999%)
[2026-10-04T02:27:42Z INFO  minertim::pool_connection] Donation: mining to Xmrig (donate-level 5%)
[2026-10-04T02:27:42Z INFO  minertim::pool_connection] Connecting to pool: monerohash.com:2222
[2026-10-04T02:27:42Z INFO  minertim::pool_connection] Connected to pool (plain TCP): monerohash.com:2222
[2026-10-04T02:27:42Z INFO  minertim::pool_connection] Login successful, session id: egtOE5okYZpNUKCa
[2026-10-04T02:27:42Z INFO  minertim::pool_connection] Initial job: 0x0saXjalT9OXyb2 (difficulty: 50000, target: 8b4f0100)
[2026-10-04T02:27:47Z INFO  minertim] H/s 1m:2289.6 5m:2305.0 10m:2324.7 | Shares: 135/0 (found:135) | Diff: 50000 | 14s elapsed (since last share, avg 21s) | best=475 target=85899 (999%)
[2026-10-04T02:27:56Z INFO  minertim::pool_connection] New job: vTNyl0g7bcXvlguR (difficulty: 50000, target: 8b4f0100)
[2026-10-04T02:27:57Z INFO  minertim] H/s 1m:2294.7 5m:2306.2 10m:2320.4 | Shares: 135/0 (found:135) | Diff: 50000 | 24s elapsed (since last share, avg 21s) | best=475 target=85899 (999%)
[2026-10-04T02:28:07Z INFO  minertim] H/s 1m:2288.7 5m:2305.0 10m:2315.2 | Shares: 135/0 (found:135) | Diff: 50000 | 34s elapsed (since last share, avg 21s) | best=475 target=85899 (999%)
[2026-10-04T02:28:07Z INFO  minertim::pool_connection] New job: wqdwlMUteztz7sDs (difficulty: 50000, target: 8b4f0100)
[2026-10-04T02:28:08Z INFO  minertim::miner] Worker 2 SHARE FOUND! job_id=wqdwlMUteztz7sDs, nonce=6226cc00, hash_val=51940, difficulty=50000, hash=68ab492c89e9b47723dbb8aa2fcd012cf13558e9f2726043f9e58c9de4ca0000
[2026-10-04T02:28:08Z INFO  minertim::pool_connection] Share submitted: rpc_id=236 job_id=wqdwlMUteztz7sDs nonce=6226cc00 lock_wait_ms=41.185 write_ms=0.073
[2026-10-04T02:28:08Z INFO  minertim::miner] Worker 2 share timing: job_id=wqdwlMUteztz7sDs nonce=6226cc00 verdict=SubmitVerified verify_ms=1.904 submit_call_ms=41.312 found_to_submit_ms=43.271
[2026-10-04T02:28:08Z INFO  minertim::pool_connection] Share accepted: rpc_id=236 job_id=wqdwlMUteztz7sDs nonce=6226cc00 latency_ms=253
[2026-10-04T02:28:17Z INFO  minertim] H/s 1m:2288.5 5m:2305.3 10m:2310.1 | Shares: 136/0 (found:136) | Diff: 50000 | 9s elapsed (since last share, avg 21s) | best=475 target=85899 (999%)
[2026-10-04T02:28:19Z INFO  minertim::pool_connection] New job: MtsstYRTN0Bt08V7 (difficulty: 75000, target: b2df0000)
[2026-10-04T02:28:27Z INFO  minertim] H/s 1m:2289.3 5m:2305.5 10m:2310.1 | Shares: 136/0 (found:136) | Diff: 75000 | 19s elapsed (since last share, avg 32s) | best=475 target=57266 (999%)
[2026-10-04T02:28:27Z INFO  minertim::pool_connection] New job: GNENZuVbKfRuF14a (difficulty: 75000, target: b2df0000)
[2026-10-04T02:28:32Z INFO  minertim::miner] Worker 3 SHARE FOUND! job_id=GNENZuVbKfRuF14a, nonce=b386d300, hash_val=48858, difficulty=75000, hash=92c7a25f5822ba9e90243ed611386e99fafb771e70d2936b2cb71879dabe0000
[2026-10-04T02:28:32Z INFO  minertim::pool_connection] Share submitted: rpc_id=238 job_id=GNENZuVbKfRuF14a nonce=b386d300 lock_wait_ms=4.598 write_ms=0.092
[2026-10-04T02:28:32Z INFO  minertim::miner] Worker 3 share timing: job_id=GNENZuVbKfRuF14a nonce=b386d300 verdict=SubmitVerified verify_ms=1.624 submit_call_ms=4.737 found_to_submit_ms=6.415
[2026-10-04T02:28:32Z INFO  minertim::pool_connection] Share accepted: rpc_id=238 job_id=GNENZuVbKfRuF14a nonce=b386d300 latency_ms=351
[2026-10-04T02:28:37Z INFO  minertim] H/s 1m:2313.1 5m:2305.6 10m:2310.0 | Shares: 137/0 (found:137) | Diff: 75000 | 5s elapsed (since last share, avg 32s) | best=475 target=57266 (999%)
[2026-10-04T02:28:42Z INFO  minertim::miner] Worker 1 SHARE FOUND! job_id=GNENZuVbKfRuF14a, nonce=7936cd00, hash_val=23798, difficulty=75000, hash=9536e79414c7f5143a7017fb903cdbc2e32ef598c61a73bb761294d2f65c0000
[2026-10-04T02:28:42Z INFO  minertim::pool_connection] Share submitted: rpc_id=239 job_id=GNENZuVbKfRuF14a nonce=7936cd00 lock_wait_ms=30.716 write_ms=0.074
[2026-10-04T02:28:42Z INFO  minertim::miner] Worker 1 share timing: job_id=GNENZuVbKfRuF14a nonce=7936cd00 verdict=SubmitVerified verify_ms=1.996 submit_call_ms=30.842 found_to_submit_ms=32.893
[2026-10-04T02:28:42Z INFO  minertim::pool_connection] Share accepted: rpc_id=239 job_id=GNENZuVbKfRuF14a nonce=7936cd00 latency_ms=251
[2026-10-04T02:28:47Z INFO  minertim] H/s 1m:2314.7 5m:2305.8 10m:2310.2 | Shares: 138/0 (found:138) | Diff: 75000 | 5s elapsed (since last share, avg 32s) | best=475 target=57266 (999%)
[2026-10-04T02:28:47Z INFO  minertim::pool_connection] New job: PXBLqYIbDfSvtpu7 (difficulty: 75000, target: b2df0000)
[2026-10-04T02:28:49Z INFO  minertim::pool_connection] New job: KjlCF1kVogPwp00j (difficulty: 112501, target: 21950000)
[2026-10-04T02:28:57Z INFO  minertim] H/s 1m:2316.8 5m:2306.6 10m:2310.4 | Shares: 138/0 (found:138) | Diff: 112501 | 15s elapsed (since last share, avg 48s) | best=475 target=38177 (999%)
[2026-10-04T02:29:07Z INFO  minertim] H/s 1m:2310.2 5m:2305.2 10m:2309.7 | Shares: 138/0 (found:138) | Diff: 112501 | 25s elapsed (since last share, avg 48s) | best=475 target=38177 (999%)
[2026-10-04T02:29:07Z INFO  minertim::pool_connection] New job: 5gouEwoEgTrDPYTe (difficulty: 112501, target: 21950000)
[2026-10-04T02:29:17Z INFO  minertim] H/s 1m:2309.7 5m:2304.8 10m:2309.7 | Shares: 138/0 (found:138) | Diff: 112501 | 35s elapsed (since last share, avg 48s) | best=475 target=38177 (999%)
[2026-10-04T02:29:27Z INFO  minertim] H/s 1m:2312.1 5m:2305.1 10m:2309.9 | Shares: 138/0 (found:138) | Diff: 112501 | 45s elapsed (since last share, avg 48s) | best=475 target=38177 (999%)
[2026-10-04T02:29:28Z INFO  minertim::pool_connection] New job: sTj2rLdBfz01l2tr (difficulty: 112501, target: 21950000)
[2026-10-04T02:29:33Z INFO  minertim::miner] Worker 3 SHARE FOUND! job_id=sTj2rLdBfz01l2tr, nonce=47bed500, hash_val=21900, difficulty=112501, hash=6618aad39523ea05eb3ada0baaf10b17a720a3a32d006b63b640840d8c550000
[2026-10-04T02:29:34Z INFO  minertim::pool_connection] Share submitted: rpc_id=241 job_id=sTj2rLdBfz01l2tr nonce=47bed500 lock_wait_ms=13.593 write_ms=0.081
[2026-10-04T02:29:34Z INFO  minertim::miner] Worker 3 share timing: job_id=sTj2rLdBfz01l2tr nonce=47bed500 verdict=SubmitVerified verify_ms=1.956 submit_call_ms=13.730 found_to_submit_ms=15.741
[2026-10-04T02:29:34Z INFO  minertim::pool_connection] Share accepted: rpc_id=241 job_id=sTj2rLdBfz01l2tr nonce=47bed500 latency_ms=648
[2026-10-04T02:29:37Z INFO  minertim] H/s 1m:2308.2 5m:2304.3 10m:2309.4 | Shares: 139/0 (found:139) | Diff: 112501 | 3s elapsed (since last share, avg 48s) | best=475 target=38177 (999%)
[2026-10-04T02:29:47Z INFO  minertim] H/s 1m:2312.8 5m:2304.5 10m:2309.8 | Shares: 139/0 (found:139) | Diff: 112501 | 13s elapsed (since last share, avg 48s) | best=475 target=38177 (999%)
[2026-10-04T02:29:47Z INFO  minertim::pool_connection] New job: hOinAHyLkQb1hlUy (difficulty: 112501, target: 21950000)
[2026-10-04T02:29:57Z INFO  minertim] H/s 1m:2316.5 5m:2304.9 10m:2310.1 | Shares: 139/0 (found:139) | Diff: 112501 | 23s elapsed (since last share, avg 48s) | best=475 target=38177 (999%)
[2026-10-04T02:30:02Z INFO  minertim::pool_connection] New job: uLeGBDisVwxkhhJD (difficulty: 112501, target: 21950000)
[2026-10-04T02:30:07Z INFO  minertim] H/s 1m:2309.7 5m:2310.6 10m:2309.6 | Shares: 139/0 (found:139) | Diff: 112501 | 33s elapsed (since last share, avg 48s) | best=475 target=38177 (999%)
[2026-10-04T02:30:12Z INFO  minertim::pool_connection] Donation: mining to User (donate-level 5%)
[2026-10-04T02:30:12Z INFO  minertim::pool_connection] Connecting to pool: monerohash.com:2222
[2026-10-04T02:30:12Z INFO  minertim::pool_connection] Connected to pool (plain TCP): monerohash.com:2222
[2026-10-04T02:30:12Z INFO  minertim::pool_connection] Login successful, session id: OmSykB1n7avSICQY
[2026-10-04T02:30:12Z INFO  minertim::pool_connection] Initial job: 1YSGOaWTX8ITzoL9 (difficulty: 50000, target: 8b4f0100)
[2026-10-04T02:30:17Z INFO  minertim] H/s 1m:2283.3 5m:2306.0 10m:2307.7 | Shares: 139/0 (found:139) | Diff: 50000 | 43s elapsed (since last share, avg 21s) | best=475 target=85899 (999%)
[2026-10-04T02:30:20Z INFO  minertim::miner] Worker 0 SHARE FOUND! job_id=1YSGOaWTX8ITzoL9, nonce=1c2dd000, hash_val=18081, difficulty=50000, hash=ebdf37879addd504e2eaf4522738f0a01eaa1829110851ce33bb61b5a1460000
[2026-10-04T02:30:20Z INFO  minertim::pool_connection] Share submitted: rpc_id=244 job_id=1YSGOaWTX8ITzoL9 nonce=1c2dd000 lock_wait_ms=31.426 write_ms=0.082
[2026-10-04T02:30:20Z INFO  minertim::miner] Worker 0 share timing: job_id=1YSGOaWTX8ITzoL9 nonce=1c2dd000 verdict=SubmitVerified verify_ms=1.918 submit_call_ms=31.553 found_to_submit_ms=33.522
[2026-10-04T02:30:21Z INFO  minertim::pool_connection] Share accepted: rpc_id=244 job_id=1YSGOaWTX8ITzoL9 nonce=1c2dd000 latency_ms=321
[2026-10-04T02:30:22Z INFO  minertim::pool_connection] New job: LHhTLDteCvWJasiw (difficulty: 50000, target: 8b4f0100)
[2026-10-04T02:30:27Z INFO  minertim] H/s 1m:2287.7 5m:2306.0 10m:2307.7 | Shares: 140/0 (found:140) | Diff: 50000 | 6s elapsed (since last share, avg 21s) | best=475 target=85899 (999%)
[2026-10-04T02:30:37Z INFO  minertim] H/s 1m:2287.3 5m:2305.5 10m:2307.7 | Shares: 140/0 (found:140) | Diff: 50000 | 16s elapsed (since last share, avg 21s) | best=475 target=85899 (999%)
[2026-10-04T02:30:41Z INFO  minertim::miner] Worker 3 SHARE FOUND! job_id=LHhTLDteCvWJasiw, nonce=5f29d800, hash_val=68334, difficulty=50000, hash=3ef08cd4fedc9fc1813a24e809b4a1ba1d8fa1e1b0390dc8c4920296ee0a0100
[2026-10-04T02:30:41Z INFO  minertim::pool_connection] Share submitted: rpc_id=245 job_id=LHhTLDteCvWJasiw nonce=5f29d800 lock_wait_ms=19.302 write_ms=0.096
[2026-10-04T02:30:41Z INFO  minertim::miner] Worker 3 share timing: job_id=LHhTLDteCvWJasiw nonce=5f29d800 verdict=SubmitVerified verify_ms=1.811 submit_call_ms=19.445 found_to_submit_ms=21.309
[2026-10-04T02:30:41Z INFO  minertim::pool_connection] Share accepted: rpc_id=245 job_id=LHhTLDteCvWJasiw nonce=5f29d800 latency_ms=272
[2026-10-04T02:30:42Z INFO  minertim::pool_connection] New job: mZHtP6S0pQk58gis (difficulty: 50000, target: 8b4f0100)
[2026-10-04T02:30:44Z INFO  minertim::miner] Worker 3 SHARE FOUND! job_id=mZHtP6S0pQk58gis, nonce=0745d800, hash_val=8162, difficulty=50000, hash=7babf389bd340dd89afbf96e16605cc15063c17cda7ad600ad798fc8e21f0000
[2026-10-04T02:30:44Z INFO  minertim::pool_connection] Share submitted: rpc_id=246 job_id=mZHtP6S0pQk58gis nonce=0745d800 lock_wait_ms=27.335 write_ms=0.080
[2026-10-04T02:30:44Z INFO  minertim::miner] Worker 3 share timing: job_id=mZHtP6S0pQk58gis nonce=0745d800 verdict=SubmitVerified verify_ms=1.554 submit_call_ms=27.457 found_to_submit_ms=29.066
[2026-10-04T02:30:44Z INFO  minertim::pool_connection] Share accepted: rpc_id=246 job_id=mZHtP6S0pQk58gis nonce=0745d800 latency_ms=249
[2026-10-04T02:30:46Z INFO  minertim::miner] Worker 2 SHARE FOUND! job_id=mZHtP6S0pQk58gis, nonce=d6afd100, hash_val=7152, difficulty=50000, hash=853fba6b0e24dc02d14f1275ec820fdbe2377828a9d414c737f1f77ef01b0000
[2026-10-04T02:30:46Z INFO  minertim::pool_connection] Share submitted: rpc_id=247 job_id=mZHtP6S0pQk58gis nonce=d6afd100 lock_wait_ms=14.900 write_ms=0.078
[2026-10-04T02:30:46Z INFO  minertim::miner] Worker 2 share timing: job_id=mZHtP6S0pQk58gis nonce=d6afd100 verdict=SubmitVerified verify_ms=1.827 submit_call_ms=15.029 found_to_submit_ms=16.899
[2026-10-04T02:30:46Z INFO  minertim::pool_connection] Share accepted: rpc_id=247 job_id=mZHtP6S0pQk58gis nonce=d6afd100 latency_ms=253
[2026-10-04T02:30:47Z INFO  minertim::miner] Worker 1 SHARE FOUND! job_id=mZHtP6S0pQk58gis, nonce=5993d100, hash_val=5386, difficulty=50000, hash=4666ecfb5caaa6f660d04624251869257e19fe9d6e75d6f82af688af0a150000
[2026-10-04T02:30:47Z INFO  minertim::pool_connection] Share submitted: rpc_id=248 job_id=mZHtP6S0pQk58gis nonce=5993d100 lock_wait_ms=30.236 write_ms=0.077
[2026-10-04T02:30:47Z INFO  minertim::miner] Worker 1 share timing: job_id=mZHtP6S0pQk58gis nonce=5993d100 verdict=SubmitVerified verify_ms=1.810 submit_call_ms=30.356 found_to_submit_ms=32.209
[2026-10-04T02:30:47Z INFO  minertim::pool_connection] Share accepted: rpc_id=248 job_id=mZHtP6S0pQk58gis nonce=5993d100 latency_ms=356
[2026-10-04T02:30:47Z INFO  minertim] H/s 1m:2287.8 5m:2305.3 10m:2307.5 | Shares: 144/0 (found:144) | Diff: 50000 | 0s elapsed (since last share, avg 21s) | best=475 target=85899 (999%)
[2026-10-04T02:30:49Z INFO  minertim::pool_connection] New job: cc2ZkARCZJlER46r (difficulty: 75000, target: b2df0000)
[2026-10-04T02:30:57Z INFO  minertim] H/s 1m:2295.2 5m:2306.3 10m:2308.4 | Shares: 144/0 (found:144) | Diff: 75000 | 10s elapsed (since last share, avg 32s) | best=475 target=57266 (999%)
[2026-10-04T02:31:02Z INFO  minertim::pool_connection] New job: VT8Y85JVuYzMoGrK (difficulty: 75000, target: b2df0000)
[2026-10-04T02:31:07Z INFO  minertim] H/s 1m:2309.8 5m:2304.7 10m:2307.5 | Shares: 144/0 (found:144) | Diff: 75000 | 20s elapsed (since last share, avg 32s) | best=475 target=57266 (999%)
[2026-10-04T02:31:17Z INFO  minertim] H/s 1m:2307.9 5m:2304.7 10m:2307.4 | Shares: 144/0 (found:144) | Diff: 75000 | 30s elapsed (since last share, avg 32s) | best=475 target=57266 (999%)
[2026-10-04T02:31:22Z INFO  minertim::pool_connection] New job: 970qemW3vyqkCpcU (difficulty: 75000, target: b2df0000)
[2026-10-04T02:31:27Z INFO  minertim] H/s 1m:2308.0 5m:2304.5 10m:2307.3 | Shares: 144/0 (found:144) | Diff: 75000 | 40s elapsed (since last share, avg 32s) | best=475 target=57266 (999%)
[2026-10-04T02:31:29Z INFO  minertim::pool_connection] New job: qwSkP4ygQTcMUuI8 (difficulty: 75000, target: b2df0000)
[2026-10-04T02:31:37Z INFO  minertim] H/s 1m:2308.8 5m:2304.0 10m:2306.9 | Shares: 144/0 (found:144) | Diff: 75000 | 50s elapsed (since last share, avg 32s) | best=475 target=57266 (999%)
[2026-10-04T02:31:47Z INFO  minertim] H/s 1m:2309.2 5m:2303.9 10m:2307.1 | Shares: 144/0 (found:144) | Diff: 75000 | 1m0s elapsed (since last share, avg 32s) | best=475 target=57266 (999%)
[2026-10-04T02:31:49Z INFO  minertim::pool_connection] New job: Gf2JhWOrJLAX565g (difficulty: 75000, target: b2df0000)
[2026-10-04T02:31:49Z INFO  minertim::pool_connection] New job: QcKOU92XoKWTtVrv (difficulty: 54435, target: 34340100)
[2026-10-04T02:31:57Z INFO  minertim] H/s 1m:2317.3 5m:2304.6 10m:2307.5 | Shares: 144/0 (found:144) | Diff: 54435 | 1m10s elapsed (since last share, avg 23s) | best=475 target=78900 (999%)
[2026-10-04T02:32:07Z INFO  minertim] H/s 1m:2312.1 5m:2303.7 10m:2307.1 | Shares: 144/0 (found:144) | Diff: 54435 | 1m20s elapsed (since last share, avg 23s) | best=475 target=78900 (999%)
[2026-10-04T02:32:09Z INFO  minertim::miner] Worker 0 SHARE FOUND! job_id=QcKOU92XoKWTtVrv, nonce=04f7d300, hash_val=52548, difficulty=54435, hash=91815bac11023318c96d00e2b8d686d80b5088d9c9a0fc71df9cb76a44cd0000
[2026-10-04T02:32:09Z INFO  minertim::pool_connection] Share submitted: rpc_id=250 job_id=QcKOU92XoKWTtVrv nonce=04f7d300 lock_wait_ms=25.067 write_ms=0.130
[2026-10-04T02:32:09Z INFO  minertim::miner] Worker 0 share timing: job_id=QcKOU92XoKWTtVrv nonce=04f7d300 verdict=SubmitVerified verify_ms=1.952 submit_call_ms=25.247 found_to_submit_ms=27.260
[2026-10-04T02:32:09Z INFO  minertim::pool_connection] New job: KplMi5JHen24jiw4 (difficulty: 54435, target: 34340100)
[2026-10-04T02:32:09Z INFO  minertim::pool_connection] Share accepted: rpc_id=250 job_id=QcKOU92XoKWTtVrv nonce=04f7d300 latency_ms=330
[2026-10-04T02:32:17Z INFO  minertim] H/s 1m:2310.0 5m:2303.4 10m:2306.9 | Shares: 145/0 (found:145) | Diff: 54435 | 8s elapsed (since last share, avg 23s) | best=475 target=78900 (999%)
[2026-10-04T02:32:19Z INFO  minertim::pool_connection] New job: BpUK611eKjA5kZ8N (difficulty: 81653, target: 78cd0000)
[2026-10-04T02:32:27Z INFO  minertim] H/s 1m:2312.1 5m:2303.5 10m:2306.7 | Shares: 145/0 (found:145) | Diff: 81653 | 18s elapsed (since last share, avg 35s) | best=475 target=52600 (999%)
[2026-10-04T02:32:29Z INFO  minertim::pool_connection] New job: KK0wabtwwYwSQdkg (difficulty: 81653, target: 78cd0000)
[2026-10-04T02:32:37Z INFO  minertim] H/s 1m:2310.8 5m:2307.6 10m:2306.6 | Shares: 145/0 (found:145) | Diff: 81653 | 28s elapsed (since last share, avg 35s) | best=475 target=52600 (999%)
[2026-10-04T02:32:47Z INFO  minertim] H/s 1m:2313.0 5m:2307.8 10m:2306.6 | Shares: 145/0 (found:145) | Diff: 81653 | 38s elapsed (since last share, avg 35s) | best=475 target=52600 (999%)
[2026-10-04T02:32:49Z INFO  minertim::pool_connection] New job: 0SjYhVvpOALAi002 (difficulty: 81653, target: 78cd0000)
[2026-10-04T02:32:52Z INFO  minertim::miner] Worker 3 SHARE FOUND! job_id=0SjYhVvpOALAi002, nonce=43e4dc00, hash_val=6157, difficulty=81653, hash=cdbfda65a4a7dfc44c33d0118812bfb975e4600e2771dbf0f13e47a90d180000
[2026-10-04T02:32:52Z INFO  minertim::pool_connection] Share submitted: rpc_id=252 job_id=0SjYhVvpOALAi002 nonce=43e4dc00 lock_wait_ms=4.306 write_ms=0.092
[2026-10-04T02:32:52Z INFO  minertim::miner] Worker 3 share timing: job_id=0SjYhVvpOALAi002 nonce=43e4dc00 verdict=SubmitVerified verify_ms=1.774 submit_call_ms=4.436 found_to_submit_ms=6.259
[2026-10-04T02:32:52Z INFO  minertim::pool_connection] Share accepted: rpc_id=252 job_id=0SjYhVvpOALAi002 nonce=43e4dc00 latency_ms=296
[2026-10-04T02:32:57Z INFO  minertim] H/s 1m:2316.4 5m:2308.4 10m:2307.0 | Shares: 146/0 (found:146) | Diff: 81653 | 5s elapsed (since last share, avg 35s) | best=475 target=52600 (999%)
[2026-10-04T02:33:01Z INFO  minertim::miner] Worker 2 SHARE FOUND! job_id=0SjYhVvpOALAi002, nonce=1e6dd600, hash_val=9794, difficulty=81653, hash=7f2d598c7c5b16daf09ac531606276a91aa8618cccf560f711755a7b42260000
[2026-10-04T02:33:01Z INFO  minertim::pool_connection] Share submitted: rpc_id=253 job_id=0SjYhVvpOALAi002 nonce=1e6dd600 lock_wait_ms=45.075 write_ms=0.080
[2026-10-04T02:33:01Z INFO  minertim::miner] Worker 2 share timing: job_id=0SjYhVvpOALAi002 nonce=1e6dd600 verdict=SubmitVerified verify_ms=1.747 submit_call_ms=45.201 found_to_submit_ms=47.000
[2026-10-04T02:33:01Z INFO  minertim::pool_connection] Share accepted: rpc_id=253 job_id=0SjYhVvpOALAi002 nonce=1e6dd600 latency_ms=255
[2026-10-04T02:33:07Z INFO  minertim] H/s 1m:2311.4 5m:2307.3 10m:2306.4 | Shares: 147/0 (found:147) | Diff: 81653 | 6s elapsed (since last share, avg 35s) | best=475 target=52600 (999%)
[2026-10-04T02:33:09Z INFO  minertim::pool_connection] New job: 5ISTq0Er1cSKdBQ3 (difficulty: 81653, target: 78cd0000)
[2026-10-04T02:33:11Z INFO  minertim::miner] Worker 3 SHARE FOUND! job_id=5ISTq0Er1cSKdBQ3, nonce=f794dd00, hash_val=52457, difficulty=81653, hash=31b14b45280bdaeb62f0a6e27e44a82918a851c48db80ebaa1efdd96e9cc0000
[2026-10-04T02:33:11Z INFO  minertim::pool_connection] Share submitted: rpc_id=254 job_id=5ISTq0Er1cSKdBQ3 nonce=f794dd00 lock_wait_ms=13.990 write_ms=0.095
[2026-10-04T02:33:11Z INFO  minertim::miner] Worker 3 share timing: job_id=5ISTq0Er1cSKdBQ3 nonce=f794dd00 verdict=SubmitVerified verify_ms=1.698 submit_call_ms=14.139 found_to_submit_ms=15.889
[2026-10-04T02:33:11Z INFO  minertim::pool_connection] Share accepted: rpc_id=254 job_id=5ISTq0Er1cSKdBQ3 nonce=f794dd00 latency_ms=252
[2026-10-04T02:33:17Z INFO  minertim] H/s 1m:2308.2 5m:2306.8 10m:2306.3 | Shares: 148/0 (found:148) | Diff: 81653 | 6s elapsed (since last share, avg 35s) | best=475 target=52600 (999%)
[2026-10-04T02:33:19Z INFO  minertim::pool_connection] New job: 4Doz7mcj2zj5Sbga (difficulty: 122482, target: fa880000)
[2026-10-04T02:33:20Z INFO  minertim::miner] Worker 0 SHARE FOUND! job_id=4Doz7mcj2zj5Sbga, nonce=7077d600, hash_val=4511, difficulty=122482, hash=81e4da17a29b6579d02298d3c334432deda977abbb316bd6f91634df9f110000
[2026-10-04T02:33:20Z INFO  minertim::pool_connection] Share submitted: rpc_id=256 job_id=4Doz7mcj2zj5Sbga nonce=7077d600 lock_wait_ms=10.118 write_ms=0.079
[2026-10-04T02:33:20Z INFO  minertim::miner] Worker 0 share timing: job_id=4Doz7mcj2zj5Sbga nonce=7077d600 verdict=SubmitVerified verify_ms=1.697 submit_call_ms=10.245 found_to_submit_ms=11.987
[2026-10-04T02:33:21Z INFO  minertim::pool_connection] Share accepted: rpc_id=256 job_id=4Doz7mcj2zj5Sbga nonce=7077d600 latency_ms=288
[2026-10-04T02:33:27Z INFO  minertim] H/s 1m:2306.8 5m:2306.5 10m:2306.2 | Shares: 149/0 (found:149) | Diff: 122482 | 7s elapsed (since last share, avg 53s) | best=475 target=35066 (999%)
[2026-10-04T02:33:29Z INFO  minertim::pool_connection] New job: 1uOnVu8u09f67Q02 (difficulty: 122482, target: fa880000)
[2026-10-04T02:33:33Z INFO  minertim::miner] Worker 1 SHARE FOUND! job_id=1uOnVu8u09f67Q02, nonce=2565d700, hash_val=27349, difficulty=122482, hash=f6163b818e309b2063eab695036fbede8e6427681cb96bef8ce742b5d56a0000
[2026-10-04T02:33:33Z INFO  minertim::pool_connection] Share submitted: rpc_id=257 job_id=1uOnVu8u09f67Q02 nonce=2565d700 lock_wait_ms=10.332 write_ms=0.080
[2026-10-04T02:33:33Z INFO  minertim::miner] Worker 1 share timing: job_id=1uOnVu8u09f67Q02 nonce=2565d700 verdict=SubmitVerified verify_ms=1.741 submit_call_ms=10.450 found_to_submit_ms=12.238
[2026-10-04T02:33:33Z INFO  minertim::pool_connection] Share accepted: rpc_id=257 job_id=1uOnVu8u09f67Q02 nonce=2565d700 latency_ms=293
[2026-10-04T02:33:37Z INFO  minertim] H/s 1m:2307.8 5m:2306.6 10m:2306.4 | Shares: 150/0 (found:150) | Diff: 122482 | 4s elapsed (since last share, avg 53s) | best=475 target=35066 (999%)
[2026-10-04T02:33:47Z INFO  minertim] H/s 1m:2311.0 5m:2307.4 10m:2306.5 | Shares: 150/0 (found:150) | Diff: 122482 | 14s elapsed (since last share, avg 52s) | best=475 target=35066 (999%)
[2026-10-04T02:33:48Z INFO  minertim::pool_connection] New job: b5I0ZuIQ66MnGFqM (difficulty: 122482, target: fa880000)
[2026-10-04T02:33:49Z INFO  minertim::pool_connection] New job: eeTy2gGPUYhllaTY (difficulty: 183726, target: 515b0000)
[2026-10-04T02:33:57Z INFO  minertim] H/s 1m:2317.0 5m:2308.5 10m:2307.2 | Shares: 150/0 (found:150) | Diff: 183726 | 24s elapsed (since last share, avg 1m19s) | best=475 target=23377 (999%)
[2026-10-04T02:33:59Z INFO  minertim::pool_connection] New job: Ow6OEbDBdTKITYas (difficulty: 183726, target: 515b0000)
[2026-10-04T02:34:07Z INFO  minertim] H/s 1m:2312.7 5m:2307.3 10m:2306.5 | Shares: 150/0 (found:150) | Diff: 183726 | 34s elapsed (since last share, avg 1m19s) | best=475 target=23377 (999%)
[2026-10-04T02:34:17Z INFO  minertim::miner] Worker 3 SHARE FOUND! job_id=Ow6OEbDBdTKITYas, nonce=6bf7df00, hash_val=643, difficulty=183726, hash=124df957cc8458c682784eb13162db8479dc57441c8c3d1a5bbc39a383020000
[2026-10-04T02:34:17Z INFO  minertim::pool_connection] Share submitted: rpc_id=259 job_id=Ow6OEbDBdTKITYas nonce=6bf7df00 lock_wait_ms=9.320 write_ms=0.091
[2026-10-04T02:34:17Z INFO  minertim::miner] Worker 3 share timing: job_id=Ow6OEbDBdTKITYas nonce=6bf7df00 verdict=SubmitVerified verify_ms=1.605 submit_call_ms=9.463 found_to_submit_ms=11.126
[2026-10-04T02:34:17Z INFO  minertim] H/s 1m:2314.9 5m:2307.0 10m:2306.3 | Shares: 150/0 (pending:1) (found:151) | Diff: 183726 | 0s elapsed (since last share, avg 1m19s) | best=475 target=23377 (999%)
[2026-10-04T02:34:17Z INFO  minertim::pool_connection] Share accepted: rpc_id=259 job_id=Ow6OEbDBdTKITYas nonce=6bf7df00 latency_ms=317
[2026-10-04T02:34:19Z INFO  minertim::pool_connection] New job: O1pXNmKDnda4DFj6 (difficulty: 183726, target: 515b0000)
[2026-10-04T02:34:27Z INFO  minertim] H/s 1m:2314.3 5m:2307.7 10m:2306.4 | Shares: 151/0 (found:151) | Diff: 183726 | 10s elapsed (since last share, avg 1m19s) | best=475 target=23377 (999%)
[2026-10-04T02:34:37Z INFO  minertim] H/s 1m:2313.9 5m:2307.6 10m:2306.2 | Shares: 151/0 (found:151) | Diff: 183726 | 20s elapsed (since last share, avg 1m19s) | best=475 target=23377 (999%)
[2026-10-04T02:34:39Z INFO  minertim::pool_connection] New job: Z0CfGmXA9ehd6cB8 (difficulty: 183726, target: 515b0000)
[2026-10-04T02:34:43Z INFO  minertim::miner] Worker 0 SHARE FOUND! job_id=Z0CfGmXA9ehd6cB8, nonce=c061d900, hash_val=10741, difficulty=183726, hash=1637ff2769966d6f62e386e46b320ec52d7e1147da5f9e4db9454f6bf5290000
[2026-10-04T02:34:44Z INFO  minertim::pool_connection] Share submitted: rpc_id=260 job_id=Z0CfGmXA9ehd6cB8 nonce=c061d900 lock_wait_ms=36.011 write_ms=0.083
[2026-10-04T02:34:44Z INFO  minertim::miner] Worker 0 share timing: job_id=Z0CfGmXA9ehd6cB8 nonce=c061d900 verdict=SubmitVerified verify_ms=1.775 submit_call_ms=36.145 found_to_submit_ms=37.973
[2026-10-04T02:34:44Z INFO  minertim::pool_connection] Share accepted: rpc_id=260 job_id=Z0CfGmXA9ehd6cB8 nonce=c061d900 latency_ms=347
[2026-10-04T02:34:47Z INFO  minertim] H/s 1m:2314.4 5m:2308.1 10m:2306.3 | Shares: 152/0 (found:152) | Diff: 183726 | 3s elapsed (since last share, avg 1m19s) | best=475 target=23377 (999%)
[2026-10-04T02:34:57Z INFO  minertim] H/s 1m:2319.8 5m:2309.1 10m:2306.6 | Shares: 152/0 (found:152) | Diff: 183726 | 14s elapsed (since last share, avg 1m19s) | best=475 target=23377 (999%)
[2026-10-04T02:34:59Z INFO  minertim::pool_connection] New job: 2OFDnyMvQ0Fd8ZEV (difficulty: 183726, target: 515b0000)
[2026-10-04T02:35:07Z INFO  minertim] H/s 1m:2309.8 5m:2311.6 10m:2309.2 | Shares: 152/0 (found:152) | Diff: 183726 | 24s elapsed (since last share, avg 1m19s) | best=475 target=23377 (999%)
[2026-10-04T02:35:18Z INFO  minertim] H/s 1m:2308.4 5m:2311.2 10m:2308.9 | Shares: 152/0 (found:152) | Diff: 183726 | 34s elapsed (since last share, avg 1m19s) | best=475 target=23377 (999%)
[2026-10-04T02:35:18Z INFO  minertim::pool_connection] New job: XHjov9Tgp9NVolAu (difficulty: 183726, target: 515b0000)
[2026-10-04T02:35:27Z INFO  minertim::miner] Worker 1 SHARE FOUND! job_id=XHjov9Tgp9NVolAu, nonce=9d62db00, hash_val=17260, difficulty=183726, hash=0da93f71e862abbed5ccb0ed27f027f6f010a5f89c40c63a102c36026c430000
[2026-10-04T02:35:27Z INFO  minertim::pool_connection] Share submitted: rpc_id=262 job_id=XHjov9Tgp9NVolAu nonce=9d62db00 lock_wait_ms=21.341 write_ms=0.078
[2026-10-04T02:35:27Z INFO  minertim::miner] Worker 1 share timing: job_id=XHjov9Tgp9NVolAu nonce=9d62db00 verdict=SubmitVerified verify_ms=1.891 submit_call_ms=21.466 found_to_submit_ms=23.412
[2026-10-04T02:35:27Z INFO  minertim::pool_connection] Share accepted: rpc_id=262 job_id=XHjov9Tgp9NVolAu nonce=9d62db00 latency_ms=336
[2026-10-04T02:35:28Z INFO  minertim] H/s 1m:2307.0 5m:2311.0 10m:2308.7 | Shares: 153/0 (found:153) | Diff: 183726 | 0s elapsed (since last share, avg 1m19s) | best=475 target=23377 (999%)
[2026-10-04T02:35:38Z INFO  minertim] H/s 1m:2306.8 5m:2311.4 10m:2308.5 | Shares: 153/0 (found:153) | Diff: 183726 | 10s elapsed (since last share, avg 1m19s) | best=475 target=23377 (999%)
[2026-10-04T02:35:38Z INFO  minertim::pool_connection] New job: iw3YyWNk914hQKCp (difficulty: 183726, target: 515b0000)
[2026-10-04T02:35:48Z INFO  minertim] H/s 1m:2312.0 5m:2312.0 10m:2308.9 | Shares: 153/0 (found:153) | Diff: 183726 | 20s elapsed (since last share, avg 1m19s) | best=475 target=23377 (999%)
[2026-10-04T02:35:48Z INFO  minertim::miner] Worker 0 SHARE FOUND! job_id=iw3YyWNk914hQKCp, nonce=80a0db00, hash_val=16981, difficulty=183726, hash=19644be55ff4442bf3b30512a41e887aebc9afaaca234c26aafe144d55420000
[2026-10-04T02:35:48Z INFO  minertim::pool_connection] Share submitted: rpc_id=263 job_id=iw3YyWNk914hQKCp nonce=80a0db00 lock_wait_ms=2.532 write_ms=0.079
[2026-10-04T02:35:48Z INFO  minertim::miner] Worker 0 share timing: job_id=iw3YyWNk914hQKCp nonce=80a0db00 verdict=SubmitVerified verify_ms=1.937 submit_call_ms=2.647 found_to_submit_ms=4.634
[2026-10-04T02:35:48Z INFO  minertim::pool_connection] Share accepted: rpc_id=263 job_id=iw3YyWNk914hQKCp nonce=80a0db00 latency_ms=278
[2026-10-04T02:35:58Z INFO  minertim] H/s 1m:2320.9 5m:2313.5 10m:2309.2 | Shares: 154/0 (found:154) | Diff: 183726 | 9s elapsed (since last share, avg 1m19s) | best=475 target=23377 (999%)
[2026-10-04T02:35:58Z INFO  minertim::pool_connection] New job: OcJBuOeemRsV0HPe (difficulty: 183726, target: 515b0000)
[2026-10-04T02:36:00Z INFO  minertim::miner] Worker 0 SHARE FOUND! job_id=OcJBuOeemRsV0HPe, nonce=540edc00, hash_val=20252, difficulty=183726, hash=3d8a3551d68229a7996d97153fe4fd76fdcc78592460f598fa6deec81c4f0000
[2026-10-04T02:36:00Z INFO  minertim::pool_connection] Share submitted: rpc_id=264 job_id=OcJBuOeemRsV0HPe nonce=540edc00 lock_wait_ms=6.503 write_ms=0.076
[2026-10-04T02:36:00Z INFO  minertim::miner] Worker 0 share timing: job_id=OcJBuOeemRsV0HPe nonce=540edc00 verdict=SubmitVerified verify_ms=1.803 submit_call_ms=6.626 found_to_submit_ms=8.482
[2026-10-04T02:36:00Z INFO  minertim::pool_connection] Share accepted: rpc_id=264 job_id=OcJBuOeemRsV0HPe nonce=540edc00 latency_ms=261
[2026-10-04T02:36:08Z INFO  minertim] H/s 1m:2315.1 5m:2312.5 10m:2308.7 | Shares: 155/0 (found:155) | Diff: 183726 | 7s elapsed (since last share, avg 1m19s) | best=475 target=23377 (999%)
[2026-10-04T02:36:18Z INFO  minertim] H/s 1m:2315.3 5m:2312.2 10m:2308.7 | Shares: 155/0 (found:155) | Diff: 183726 | 17s elapsed (since last share, avg 1m19s) | best=475 target=23377 (999%)
[2026-10-04T02:36:18Z INFO  minertim::pool_connection] New job: 6F59tpMwujYj5A2S (difficulty: 183726, target: 515b0000)
[2026-10-04T02:36:19Z INFO  minertim::pool_connection] New job: pEpaRx1rfaVQs8Ll (difficulty: 275583, target: e13c0000)
[2026-10-04T02:36:28Z INFO  minertim] H/s 1m:2313.3 5m:2312.2 10m:2308.4 | Shares: 155/0 (found:155) | Diff: 275583 | 27s elapsed (since last share, avg 1m59s) | best=475 target=15585 (999%)
[2026-10-04T02:36:38Z INFO  minertim] H/s 1m:2309.3 5m:2312.0 10m:2308.2 | Shares: 155/0 (found:155) | Diff: 275583 | 37s elapsed (since last share, avg 1m59s) | best=475 target=15585 (999%)
[2026-10-04T02:36:38Z INFO  minertim::pool_connection] New job: YGVbvV5CkiXPBILB (difficulty: 275583, target: e13c0000)
[2026-10-04T02:36:48Z INFO  minertim] H/s 1m:2312.7 5m:2312.7 10m:2308.4 | Shares: 155/0 (found:155) | Diff: 275583 | 47s elapsed (since last share, avg 1m59s) | best=475 target=15585 (999%)
[2026-10-04T02:36:48Z INFO  minertim::pool_connection] New job: qRhtkwHkW35KGqpc (difficulty: 275583, target: e13c0000)
[2026-10-04T02:36:58Z INFO  minertim] H/s 1m:2317.4 5m:2313.4 10m:2308.7 | Shares: 155/0 (found:155) | Diff: 275583 | 57s elapsed (since last share, avg 1m58s) | best=475 target=15585 (999%)
[2026-10-04T02:37:07Z INFO  minertim::miner] Worker 3 SHARE FOUND! job_id=qRhtkwHkW35KGqpc, nonce=9b15e600, hash_val=2062, difficulty=275583, hash=e593b0869b791f16c37bc02915e4afe88b72a979db471c49940f8e420e080000
[2026-10-04T02:37:07Z INFO  minertim::pool_connection] Share submitted: rpc_id=266 job_id=qRhtkwHkW35KGqpc nonce=9b15e600 lock_wait_ms=39.450 write_ms=0.088
[2026-10-04T02:37:07Z INFO  minertim::miner] Worker 3 share timing: job_id=qRhtkwHkW35KGqpc nonce=9b15e600 verdict=SubmitVerified verify_ms=1.712 submit_call_ms=39.588 found_to_submit_ms=41.356
[2026-10-04T02:37:07Z INFO  minertim::pool_connection] Share accepted: rpc_id=266 job_id=qRhtkwHkW35KGqpc nonce=9b15e600 latency_ms=248
[2026-10-04T02:37:08Z INFO  minertim] H/s 1m:2309.0 5m:2312.1 10m:2307.9 | Shares: 156/0 (found:156) | Diff: 275583 | 1s elapsed (since last share, avg 1m59s) | best=475 target=15585 (999%)
[2026-10-04T02:37:08Z INFO  minertim::pool_connection] New job: QoiMCkmIPlU6Nsak (difficulty: 275583, target: e13c0000)
[2026-10-04T02:37:18Z INFO  minertim] H/s 1m:2309.9 5m:2311.8 10m:2307.8 | Shares: 156/0 (found:156) | Diff: 275583 | 11s elapsed (since last share, avg 1m59s) | best=475 target=15585 (999%)
[2026-10-04T02:37:19Z INFO  minertim::pool_connection] New job: aXCZ1SkJ4eppPwPn (difficulty: 185095, target: a45a0000)
[2026-10-04T02:37:28Z INFO  minertim::pool_connection] New job: Q00o4t0jJ0VkY2Ot (difficulty: 185095, target: a45a0000)
[2026-10-04T02:37:28Z INFO  minertim] H/s 1m:2312.5 5m:2312.3 10m:2308.0 | Shares: 156/0 (found:156) | Diff: 185095 | 21s elapsed (since last share, avg 1m20s) | best=475 target=23204 (999%)
[2026-10-04T02:37:38Z INFO  minertim] H/s 1m:2312.3 5m:2312.5 10m:2310.3 | Shares: 156/0 (found:156) | Diff: 185095 | 31s elapsed (since last share, avg 1m20s) | best=475 target=23204 (999%)
[2026-10-04T02:37:47Z INFO  minertim::pool_connection] New job: 16dTqC3zLCnEbQxn (difficulty: 185095, target: a45a0000)
[2026-10-04T02:37:48Z INFO  minertim] H/s 1m:2316.0 5m:2313.3 10m:2310.5 | Shares: 156/0 (found:156) | Diff: 185095 | 41s elapsed (since last share, avg 1m19s) | best=475 target=23204 (999%)
[2026-10-04T02:37:58Z INFO  minertim] H/s 1m:2323.5 5m:2314.2 10m:2310.9 | Shares: 156/0 (found:156) | Diff: 185095 | 51s elapsed (since last share, avg 1m19s) | best=475 target=23204 (999%)
[2026-10-04T02:38:08Z INFO  minertim::pool_connection] New job: S1QoV83PCogvY8Lx (difficulty: 185095, target: a45a0000)
[2026-10-04T02:38:08Z INFO  minertim] H/s 1m:2316.0 5m:2313.2 10m:2310.2 | Shares: 156/0 (found:156) | Diff: 185095 | 1m1s elapsed (since last share, avg 1m19s) | best=475 target=23204 (999%)
[2026-10-04T02:38:18Z INFO  minertim] H/s 1m:2314.9 5m:2313.7 10m:2310.2 | Shares: 156/0 (found:156) | Diff: 185095 | 1m11s elapsed (since last share, avg 1m19s) | best=475 target=23204 (999%)
[2026-10-04T02:38:19Z INFO  minertim::pool_connection] New job: RqCUWivtL1fVi1ef (difficulty: 115683, target: 07910000)
[2026-10-04T02:38:27Z INFO  minertim::pool_connection] New job: Hsc9MFv3Upg1Mpb5 (difficulty: 115683, target: 07910000)
[2026-10-04T02:38:28Z INFO  minertim] H/s 1m:2313.4 5m:2313.5 10m:2310.3 | Shares: 156/0 (found:156) | Diff: 115683 | 1m21s elapsed (since last share, avg 50s) | best=475 target=37127 (999%)
[2026-10-04T02:38:38Z INFO  minertim] H/s 1m:2311.4 5m:2313.4 10m:2310.2 | Shares: 156/0 (found:156) | Diff: 115683 | 1m31s elapsed (since last share, avg 50s) | best=475 target=37127 (999%)
[2026-10-04T02:38:47Z INFO  minertim::pool_connection] New job: i9x7eomGZtzVQLFG (difficulty: 115683, target: 07910000)
[2026-10-04T02:38:48Z INFO  minertim] H/s 1m:2313.1 5m:2313.5 10m:2310.6 | Shares: 156/0 (found:156) | Diff: 115683 | 1m41s elapsed (since last share, avg 50s) | best=475 target=37127 (999%)
[2026-10-04T02:38:58Z INFO  minertim] H/s 1m:2321.7 5m:2314.7 10m:2311.1 | Shares: 156/0 (found:156) | Diff: 115683 | 1m51s elapsed (since last share, avg 49s) | best=475 target=37127 (999%)
[2026-10-04T02:39:01Z INFO  minertim::pool_connection] New job: 4jUZEjlD14h9qIun (difficulty: 115683, target: 07910000)
[2026-10-04T02:39:08Z INFO  minertim] H/s 1m:2313.5 5m:2313.4 10m:2310.5 | Shares: 156/0 (found:156) | Diff: 115683 | 2m1s elapsed (since last share, avg 50s) | best=475 target=37127 (999%)
[2026-10-04T02:39:10Z INFO  minertim::miner] Worker 0 SHARE FOUND! job_id=4jUZEjlD14h9qIun, nonce=3cb2e200, hash_val=19615, difficulty=115683, hash=56db0cd3a662ccb7a3c58590cca382b8b2ae10c6b6912b2b07db31049f4c0000
[2026-10-04T02:39:10Z INFO  minertim::pool_connection] Share submitted: rpc_id=269 job_id=4jUZEjlD14h9qIun nonce=3cb2e200 lock_wait_ms=28.265 write_ms=0.082
[2026-10-04T02:39:10Z INFO  minertim::miner] Worker 0 share timing: job_id=4jUZEjlD14h9qIun nonce=3cb2e200 verdict=SubmitVerified verify_ms=1.792 submit_call_ms=28.392 found_to_submit_ms=30.237
[2026-10-04T02:39:10Z INFO  minertim::pool_connection] Share accepted: rpc_id=269 job_id=4jUZEjlD14h9qIun nonce=3cb2e200 latency_ms=251
[2026-10-04T02:39:15Z INFO  minertim::pool_connection] New job: HvcKLjyrFN3960jN (difficulty: 115683, target: 07910000)
[2026-10-04T02:39:18Z INFO  minertim] H/s 1m:2311.6 5m:2313.1 10m:2310.3 | Shares: 157/0 (found:157) | Diff: 115683 | 7s elapsed (since last share, avg 50s) | best=475 target=37127 (999%)
[2026-10-04T02:39:28Z INFO  minertim] H/s 1m:2311.0 5m:2312.9 10m:2310.5 | Shares: 157/0 (found:157) | Diff: 115683 | 17s elapsed (since last share, avg 50s) | best=475 target=37127 (999%)
[2026-10-04T02:39:35Z INFO  minertim::pool_connection] New job: 0G9q0OyliIt1sOKP (difficulty: 115683, target: 07910000)
[2026-10-04T02:39:38Z INFO  minertim] H/s 1m:2312.7 5m:2313.2 10m:2310.6 | Shares: 157/0 (found:157) | Diff: 115683 | 27s elapsed (since last share, avg 50s) | best=475 target=37127 (999%)
[2026-10-04T02:39:48Z INFO  minertim] H/s 1m:2315.2 5m:2313.9 10m:2311.0 | Shares: 157/0 (found:157) | Diff: 115683 | 37s elapsed (since last share, avg 49s) | best=475 target=37127 (999%)
[2026-10-04T02:39:55Z INFO  minertim::pool_connection] New job: 6ayy8RXXW2aSn6CM (difficulty: 115683, target: 07910000)
[2026-10-04T02:39:58Z INFO  minertim] H/s 1m:2322.8 5m:2315.7 10m:2311.7 | Shares: 157/0 (found:157) | Diff: 115683 | 47s elapsed (since last share, avg 49s) | best=475 target=37127 (999%)
[2026-10-04T02:40:03Z INFO  minertim::miner] Worker 0 SHARE FOUND! job_id=6ayy8RXXW2aSn6CM, nonce=9c92e400, hash_val=36490, difficulty=115683, hash=ea2b023539eb4b234ab1e326ca0a3157aecaa5f442032936e3075e938a8e0000
[2026-10-04T02:40:03Z INFO  minertim::pool_connection] Share submitted: rpc_id=271 job_id=6ayy8RXXW2aSn6CM nonce=9c92e400 lock_wait_ms=34.264 write_ms=0.081
[2026-10-04T02:40:03Z INFO  minertim::miner] Worker 0 share timing: job_id=6ayy8RXXW2aSn6CM nonce=9c92e400 verdict=SubmitVerified verify_ms=1.805 submit_call_ms=34.403 found_to_submit_ms=36.266
[2026-10-04T02:40:04Z INFO  minertim::pool_connection] Share accepted: rpc_id=271 job_id=6ayy8RXXW2aSn6CM nonce=9c92e400 latency_ms=248
[2026-10-04T02:40:08Z INFO  minertim] H/s 1m:2316.3 5m:2314.4 10m:2313.1 | Shares: 158/0 (found:158) | Diff: 115683 | 4s elapsed (since last share, avg 49s) | best=475 target=37127 (999%)
[2026-10-04T02:40:15Z INFO  minertim::pool_connection] New job: b60oYVU9u8Zxk9fR (difficulty: 115683, target: 07910000)
[2026-10-04T02:40:18Z INFO  minertim] H/s 1m:2318.2 5m:2314.8 10m:2313.1 | Shares: 158/0 (found:158) | Diff: 115683 | 14s elapsed (since last share, avg 49s) | best=475 target=37127 (999%)
[2026-10-04T02:40:19Z INFO  minertim::miner] Worker 3 SHARE FOUND! job_id=b60oYVU9u8Zxk9fR, nonce=ef09ed00, hash_val=30475, difficulty=115683, hash=d1a2f46f0066e6d2de6ce0bd75e92f247e7540e0c52d24fdf069716c0b770000
[2026-10-04T02:40:19Z INFO  minertim::pool_connection] Share submitted: rpc_id=273 job_id=b60oYVU9u8Zxk9fR nonce=ef09ed00 lock_wait_ms=31.094 write_ms=0.080
[2026-10-04T02:40:19Z INFO  minertim::miner] Worker 3 share timing: job_id=b60oYVU9u8Zxk9fR nonce=ef09ed00 verdict=SubmitVerified verify_ms=1.578 submit_call_ms=31.224 found_to_submit_ms=32.851
[2026-10-04T02:40:19Z INFO  minertim::pool_connection] Share accepted: rpc_id=273 job_id=b60oYVU9u8Zxk9fR nonce=ef09ed00 latency_ms=304
[2026-10-04T02:40:28Z INFO  minertim] H/s 1m:2316.4 5m:2314.9 10m:2313.0 | Shares: 159/0 (found:159) | Diff: 115683 | 8s elapsed (since last share, avg 49s) | best=475 target=37127 (999%)
[2026-10-04T02:40:35Z INFO  minertim::pool_connection] New job: ih0ZgfHajjJOiiSY (difficulty: 115683, target: 07910000)
[2026-10-04T02:40:38Z INFO  minertim] H/s 1m:2313.7 5m:2314.2 10m:2313.2 | Shares: 159/0 (found:159) | Diff: 115683 | 19s elapsed (since last share, avg 49s) | best=475 target=37127 (999%)
[2026-10-04T02:40:48Z INFO  minertim] H/s 1m:2314.2 5m:2314.5 10m:2313.3 | Shares: 159/0 (found:159) | Diff: 115683 | 29s elapsed (since last share, avg 49s) | best=475 target=37127 (999%)
[2026-10-04T02:40:55Z INFO  minertim::pool_connection] New job: Tt7yvJwzVcK3gMZf (difficulty: 115683, target: 07910000)
[2026-10-04T02:40:58Z INFO  minertim] H/s 1m:2321.6 5m:2315.5 10m:2314.1 | Shares: 159/0 (found:159) | Diff: 115683 | 39s elapsed (since last share, avg 49s) | best=475 target=37127 (999%)
[2026-10-04T02:41:08Z INFO  minertim] H/s 1m:2315.5 5m:2314.8 10m:2313.7 | Shares: 159/0 (found:159) | Diff: 115683 | 49s elapsed (since last share, avg 49s) | best=475 target=37127 (999%)
[2026-10-04T02:41:15Z INFO  minertim::pool_connection] New job: 04cnCOlBV5c16gft (difficulty: 115683, target: 07910000)
[2026-10-04T02:41:18Z INFO  minertim] H/s 1m:2316.2 5m:2315.4 10m:2313.7 | Shares: 159/0 (found:159) | Diff: 115683 | 59s elapsed (since last share, avg 49s) | best=475 target=37127 (999%)
[2026-10-04T02:41:28Z INFO  minertim] H/s 1m:2317.9 5m:2315.7 10m:2314.0 | Shares: 159/0 (found:159) | Diff: 115683 | 1m9s elapsed (since last share, avg 49s) | best=475 target=37127 (999%)
[2026-10-04T02:41:35Z INFO  minertim::pool_connection] New job: edOz4cyc0FaMUO2g (difficulty: 115683, target: 07910000)
[2026-10-04T02:41:38Z INFO  minertim] H/s 1m:2317.2 5m:2315.3 10m:2313.9 | Shares: 159/0 (found:159) | Diff: 115683 | 1m19s elapsed (since last share, avg 49s) | best=475 target=37127 (999%)
[2026-10-04T02:41:48Z INFO  minertim::miner] Worker 0 SHARE FOUND! job_id=edOz4cyc0FaMUO2g, nonce=dc3ae800, hash_val=21063, difficulty=115683, hash=e37d9e32525733e0646d9b2b257cc09ee10403d829618a490aed9f7b47520000
[2026-10-04T02:41:48Z INFO  minertim::pool_connection] Share submitted: rpc_id=275 job_id=edOz4cyc0FaMUO2g nonce=dc3ae800 lock_wait_ms=39.952 write_ms=0.082
[2026-10-04T02:41:48Z INFO  minertim::miner] Worker 0 share timing: job_id=edOz4cyc0FaMUO2g nonce=dc3ae800 verdict=SubmitVerified verify_ms=2.064 submit_call_ms=40.087 found_to_submit_ms=42.202
[2026-10-04T02:41:48Z INFO  minertim] H/s 1m:2318.5 5m:2315.7 10m:2314.2 | Shares: 159/0 (pending:1) (found:160) | Diff: 115683 | 0s elapsed (since last share, avg 49s) | best=475 target=37127 (999%)
[2026-10-04T02:41:48Z INFO  minertim::pool_connection] Share accepted: rpc_id=275 job_id=edOz4cyc0FaMUO2g nonce=dc3ae800 latency_ms=347
[2026-10-04T02:41:54Z INFO  minertim::pool_connection] New job: yuC2ntsCTT2hWvBe (difficulty: 115683, target: 07910000)
[2026-10-04T02:41:58Z INFO  minertim] H/s 1m:2322.4 5m:2317.1 10m:2314.6 | Shares: 160/0 (found:160) | Diff: 115683 | 10s elapsed (since last share, avg 49s) | best=475 target=37127 (999%)
[2026-10-04T02:42:08Z INFO  minertim] H/s 1m:2315.6 5m:2316.3 10m:2314.2 | Shares: 160/0 (found:160) | Diff: 115683 | 20s elapsed (since last share, avg 49s) | best=475 target=37127 (999%)
[2026-10-04T02:42:14Z INFO  minertim::pool_connection] New job: QpOpTzowFskPdcFA (difficulty: 115683, target: 07910000)
[2026-10-04T02:42:18Z INFO  minertim] H/s 1m:2313.4 5m:2315.9 10m:2314.1 | Shares: 160/0 (found:160) | Diff: 115683 | 30s elapsed (since last share, avg 50s) | best=475 target=37127 (999%)
[2026-10-04T02:42:28Z INFO  minertim] H/s 1m:2313.2 5m:2315.5 10m:2314.2 | Shares: 160/0 (found:160) | Diff: 115683 | 40s elapsed (since last share, avg 50s) | best=475 target=37127 (999%)
[2026-10-04T02:42:34Z INFO  minertim::pool_connection] New job: vt7LvhTqu0cTkzdG (difficulty: 115683, target: 07910000)
[2026-10-04T02:42:38Z INFO  minertim] H/s 1m:2314.3 5m:2315.5 10m:2314.3 | Shares: 160/0 (found:160) | Diff: 115683 | 50s elapsed (since last share, avg 49s) | best=475 target=37127 (999%)
[2026-10-04T02:42:46Z INFO  minertim::pool_connection] New job: KUH7jwc8MxAkW7He (difficulty: 115683, target: 07910000)
[2026-10-04T02:42:48Z INFO  minertim] H/s 1m:2315.6 5m:2315.8 10m:2314.5 | Shares: 160/0 (found:160) | Diff: 115683 | 1m0s elapsed (since last share, avg 49s) | best=475 target=37127 (999%)
[2026-10-04T02:42:58Z INFO  minertim] H/s 1m:2319.5 5m:2316.9 10m:2314.9 | Shares: 160/0 (found:160) | Diff: 115683 | 1m10s elapsed (since last share, avg 49s) | best=475 target=37127 (999%)
[2026-10-04T02:43:06Z INFO  minertim::pool_connection] New job: d0MIciVvK0Rsepuq (difficulty: 115683, target: 07910000)
[2026-10-04T02:43:08Z INFO  minertim] H/s 1m:2314.7 5m:2315.9 10m:2314.7 | Shares: 160/0 (found:160) | Diff: 115683 | 1m20s elapsed (since last share, avg 49s) | best=475 target=37127 (999%)
[2026-10-04T02:43:18Z INFO  minertim] H/s 1m:2315.9 5m:2315.9 10m:2314.9 | Shares: 160/0 (found:160) | Diff: 115683 | 1m30s elapsed (since last share, avg 49s) | best=475 target=37127 (999%)
[2026-10-04T02:43:20Z INFO  minertim::pool_connection] New job: 4EVejwCI050rSQ0Y (difficulty: 86473, target: 04c20000)
[2026-10-04T02:43:26Z INFO  minertim::pool_connection] New job: BZ7gO06j7i1neSWp (difficulty: 86473, target: 04c20000)
[2026-10-04T02:43:28Z INFO  minertim] H/s 1m:2313.4 5m:2315.8 10m:2314.8 | Shares: 160/0 (found:160) | Diff: 86473 | 1m40s elapsed (since last share, avg 37s) | best=475 target=49668 (999%)
[2026-10-04T02:43:38Z INFO  minertim] H/s 1m:2312.9 5m:2315.8 10m:2314.7 | Shares: 160/0 (found:160) | Diff: 86473 | 1m50s elapsed (since last share, avg 37s) | best=475 target=49668 (999%)
[2026-10-04T02:43:46Z INFO  minertim::pool_connection] New job: 9EjNLkFpy9sl4Ng0 (difficulty: 86473, target: 04c20000)
[2026-10-04T02:43:48Z INFO  minertim] H/s 1m:2314.1 5m:2315.6 10m:2314.7 | Shares: 160/0 (found:160) | Diff: 86473 | 2m0s elapsed (since last share, avg 37s) | best=475 target=49668 (999%)
[2026-10-04T02:43:58Z INFO  minertim] H/s 1m:2320.0 5m:2317.0 10m:2315.3 | Shares: 160/0 (found:160) | Diff: 86473 | 2m10s elapsed (since last share, avg 37s) | best=475 target=49668 (999%)
[2026-10-04T02:44:06Z INFO  minertim::pool_connection] New job: tfV2qP5nMwf2Q3SW (difficulty: 86473, target: 04c20000)
[2026-10-04T02:44:08Z INFO  minertim] H/s 1m:2312.3 5m:2316.0 10m:2314.7 | Shares: 160/0 (found:160) | Diff: 86473 | 2m20s elapsed (since last share, avg 37s) | best=475 target=49668 (999%)
[2026-10-04T02:44:18Z INFO  minertim] H/s 1m:2313.7 5m:2316.3 10m:2314.7 | Shares: 160/0 (found:160) | Diff: 86473 | 2m30s elapsed (since last share, avg 37s) | best=475 target=49668 (999%)
[2026-10-04T02:44:20Z INFO  minertim::pool_connection] New job: XguYVWZh6GHa5QXh (difficulty: 64855, target: b0020100)
[2026-10-04T02:44:26Z INFO  minertim::pool_connection] New job: sSgeEsBwXuZalsan (difficulty: 64855, target: b0020100)
[2026-10-04T02:44:28Z INFO  minertim] H/s 1m:2313.5 5m:2315.9 10m:2314.6 | Shares: 160/0 (found:160) | Diff: 64855 | 2m40s elapsed (since last share, avg 28s) | best=475 target=66224 (999%)
[2026-10-04T02:44:38Z INFO  minertim] H/s 1m:2315.2 5m:2315.6 10m:2314.7 | Shares: 160/0 (found:160) | Diff: 64855 | 2m50s elapsed (since last share, avg 28s) | best=475 target=66224 (999%)
[2026-10-04T02:44:46Z INFO  minertim::pool_connection] New job: tyBwz0Wj06dsfVgH (difficulty: 64855, target: b0020100)
[2026-10-04T02:44:48Z INFO  minertim] H/s 1m:2315.3 5m:2315.7 10m:2314.9 | Shares: 160/0 (found:160) | Diff: 64855 | 3m0s elapsed (since last share, avg 28s) | best=475 target=66224 (999%)
[2026-10-04T02:44:52Z INFO  minertim::miner] Worker 3 SHARE FOUND! job_id=tyBwz0Wj06dsfVgH, nonce=77e9f600, hash_val=17730, difficulty=64855, hash=d6612d08c5f64f11be5357405ad22e926b3e58b3d3048ab1dd53e5d342450000
[2026-10-04T02:44:52Z INFO  minertim::pool_connection] Share submitted: rpc_id=279 job_id=tyBwz0Wj06dsfVgH nonce=77e9f600 lock_wait_ms=41.526 write_ms=0.085
[2026-10-04T02:44:52Z INFO  minertim::miner] Worker 3 share timing: job_id=tyBwz0Wj06dsfVgH nonce=77e9f600 verdict=SubmitVerified verify_ms=1.864 submit_call_ms=41.650 found_to_submit_ms=43.560
[2026-10-04T02:44:52Z INFO  minertim::pool_connection] Share accepted: rpc_id=279 job_id=tyBwz0Wj06dsfVgH nonce=77e9f600 latency_ms=295
[2026-10-04T02:44:57Z INFO  minertim::miner] Worker 3 SHARE FOUND! job_id=tyBwz0Wj06dsfVgH, nonce=db1cf700, hash_val=51164, difficulty=64855, hash=e3ed3791b54b3edb51ed925b17b672bd667fec858ab3624e1c492b38dcc70000
[2026-10-04T02:44:57Z INFO  minertim::pool_connection] Share submitted: rpc_id=280 job_id=tyBwz0Wj06dsfVgH nonce=db1cf700 lock_wait_ms=7.985 write_ms=0.073
[2026-10-04T02:44:57Z INFO  minertim::miner] Worker 3 share timing: job_id=tyBwz0Wj06dsfVgH nonce=db1cf700 verdict=SubmitVerified verify_ms=1.793 submit_call_ms=8.107 found_to_submit_ms=9.938
[2026-10-04T02:44:58Z INFO  minertim::pool_connection] Share accepted: rpc_id=280 job_id=tyBwz0Wj06dsfVgH nonce=db1cf700 latency_ms=278
[2026-10-04T02:44:58Z INFO  minertim] H/s 1m:2320.0 5m:2316.6 10m:2315.6 | Shares: 162/0 (found:162) | Diff: 64855 | 0s elapsed (since last share, avg 27s) | best=475 target=66224 (999%)
[2026-10-04T02:45:03Z INFO  minertim::miner] Worker 3 SHARE FOUND! job_id=tyBwz0Wj06dsfVgH, nonce=534ff700, hash_val=50967, difficulty=64855, hash=90797e0e2261183d180be93b3aeb9771071c295d646875e8dfc7fb0617c70000
[2026-10-04T02:45:03Z INFO  minertim::pool_connection] Share submitted: rpc_id=281 job_id=tyBwz0Wj06dsfVgH nonce=534ff700 lock_wait_ms=18.567 write_ms=0.079
[2026-10-04T02:45:03Z INFO  minertim::miner] Worker 3 share timing: job_id=tyBwz0Wj06dsfVgH nonce=534ff700 verdict=SubmitVerified verify_ms=1.567 submit_call_ms=18.692 found_to_submit_ms=20.311
[2026-10-04T02:45:03Z INFO  minertim::pool_connection] Share accepted: rpc_id=281 job_id=tyBwz0Wj06dsfVgH nonce=534ff700 latency_ms=251
[2026-10-04T02:45:05Z INFO  minertim::pool_connection] New job: 87Yoa09Pw9SayX7U (difficulty: 64855, target: b0020100)
[2026-10-04T02:45:08Z INFO  minertim] H/s 1m:2311.9 5m:2315.2 10m:2315.0 | Shares: 163/0 (found:163) | Diff: 64855 | 5s elapsed (since last share, avg 28s) | best=475 target=66224 (999%)
[2026-10-04T02:45:18Z INFO  minertim] H/s 1m:2313.4 5m:2315.4 10m:2315.2 | Shares: 163/0 (found:163) | Diff: 64855 | 15s elapsed (since last share, avg 28s) | best=475 target=66224 (999%)
[2026-10-04T02:45:20Z INFO  minertim::pool_connection] New job: q98IJGs1N2Ncjyyb (difficulty: 97283, target: 75ac0000)
[2026-10-04T02:45:25Z INFO  minertim::pool_connection] New job: H4c3M0PmoFOLEZgr (difficulty: 97283, target: 75ac0000)
[2026-10-04T02:45:27Z INFO  minertim::miner] Worker 3 SHARE FOUND! job_id=H4c3M0PmoFOLEZgr, nonce=ef2cf800, hash_val=7779, difficulty=97283, hash=0aed9eb8c86f44f678f625b50c3b122b7d2cc4da80edfd0c433d5a79631e0000
[2026-10-04T02:45:27Z INFO  minertim::pool_connection] Share submitted: rpc_id=283 job_id=H4c3M0PmoFOLEZgr nonce=ef2cf800 lock_wait_ms=6.573 write_ms=0.069
[2026-10-04T02:45:27Z INFO  minertim::miner] Worker 3 share timing: job_id=H4c3M0PmoFOLEZgr nonce=ef2cf800 verdict=SubmitVerified verify_ms=1.928 submit_call_ms=6.679 found_to_submit_ms=8.641
[2026-10-04T02:45:27Z INFO  minertim::pool_connection] Share accepted: rpc_id=283 job_id=H4c3M0PmoFOLEZgr nonce=ef2cf800 latency_ms=322
[2026-10-04T02:45:28Z INFO  minertim] H/s 1m:2312.5 5m:2315.4 10m:2315.2 | Shares: 164/0 (found:164) | Diff: 97283 | 1s elapsed (since last share, avg 42s) | best=475 target=44149 (999%)
[2026-10-04T02:45:38Z INFO  minertim] H/s 1m:2311.1 5m:2315.2 10m:2314.8 | Shares: 164/0 (found:164) | Diff: 97283 | 11s elapsed (since last share, avg 42s) | best=475 target=44149 (999%)
[2026-10-04T02:45:41Z INFO  minertim::miner] Worker 3 SHARE FOUND! job_id=H4c3M0PmoFOLEZgr, nonce=e3b4f800, hash_val=41552, difficulty=97283, hash=e5413a2293ed8f4fdba6fb41afb095dbafe794f1751fae42823d93e150a20000
[2026-10-04T02:45:41Z INFO  minertim::pool_connection] Share submitted: rpc_id=284 job_id=H4c3M0PmoFOLEZgr nonce=e3b4f800 lock_wait_ms=22.464 write_ms=0.081
[2026-10-04T02:45:41Z INFO  minertim::miner] Worker 3 share timing: job_id=H4c3M0PmoFOLEZgr nonce=e3b4f800 verdict=SubmitVerified verify_ms=1.768 submit_call_ms=22.590 found_to_submit_ms=24.410
[2026-10-04T02:45:42Z INFO  minertim::pool_connection] Share accepted: rpc_id=284 job_id=H4c3M0PmoFOLEZgr nonce=e3b4f800 latency_ms=262
[2026-10-04T02:45:45Z INFO  minertim::pool_connection] New job: UI2vA5tCvulNcz30 (difficulty: 97283, target: 75ac0000)
[2026-10-04T02:45:48Z INFO  minertim] H/s 1m:2314.7 5m:2315.5 10m:2315.0 | Shares: 165/0 (found:165) | Diff: 97283 | 6s elapsed (since last share, avg 42s) | best=475 target=44149 (999%)
[2026-10-04T02:45:50Z INFO  minertim::pool_connection] New job: CWHPJ0G4Dxo3t6cT (difficulty: 145928, target: f8720000)
[2026-10-04T02:45:58Z INFO  minertim] H/s 1m:2319.8 5m:2315.9 10m:2315.4 | Shares: 165/0 (found:165) | Diff: 145928 | 16s elapsed (since last share, avg 1m2s) | best=475 target=29432 (999%)
[2026-10-04T02:46:05Z INFO  minertim::pool_connection] New job: ycBRl9GIk5XIAe80 (difficulty: 145928, target: f8720000)
[2026-10-04T02:46:08Z INFO  minertim] H/s 1m:2312.6 5m:2314.7 10m:2315.0 | Shares: 165/0 (found:165) | Diff: 145928 | 26s elapsed (since last share, avg 1m3s) | best=475 target=29432 (999%)
[2026-10-04T02:46:18Z INFO  minertim::miner] Worker 1 SHARE FOUND! job_id=ycBRl9GIk5XIAe80, nonce=7d40f200, hash_val=25036, difficulty=145928, hash=f270b125d3797d1ec2f04fd618427b0b51a4a65a5a845919cfd5415ccc610000
[2026-10-04T02:46:18Z INFO  minertim::pool_connection] Share submitted: rpc_id=286 job_id=ycBRl9GIk5XIAe80 nonce=7d40f200 lock_wait_ms=18.806 write_ms=0.078
[2026-10-04T02:46:18Z INFO  minertim::miner] Worker 1 share timing: job_id=ycBRl9GIk5XIAe80 nonce=7d40f200 verdict=SubmitVerified verify_ms=2.016 submit_call_ms=18.933 found_to_submit_ms=21.012
[2026-10-04T02:46:18Z INFO  minertim] H/s 1m:2313.8 5m:2314.7 10m:2315.2 | Shares: 165/0 (pending:1) (found:166) | Diff: 145928 | 0s elapsed (since last share, avg 1m3s) | best=475 target=29432 (999%)
[2026-10-04T02:46:19Z INFO  minertim::pool_connection] Share accepted: rpc_id=286 job_id=ycBRl9GIk5XIAe80 nonce=7d40f200 latency_ms=604
[2026-10-04T02:46:25Z INFO  minertim::pool_connection] New job: jJmDNnIVdXOsmzl3 (difficulty: 145928, target: f8720000)
[2026-10-04T02:46:28Z INFO  minertim] H/s 1m:2313.7 5m:2314.6 10m:2315.2 | Shares: 166/0 (found:166) | Diff: 145928 | 10s elapsed (since last share, avg 1m3s) | best=475 target=29432 (999%)
[2026-10-04T02:46:38Z INFO  minertim] H/s 1m:2308.4 5m:2313.7 10m:2314.7 | Shares: 166/0 (found:166) | Diff: 145928 | 20s elapsed (since last share, avg 1m3s) | best=475 target=29432 (999%)
[2026-10-04T02:46:45Z INFO  minertim::pool_connection] New job: gO1ebBi1SOdl0QY3 (difficulty: 145928, target: f8720000)
[2026-10-04T02:46:48Z INFO  minertim] H/s 1m:2310.3 5m:2313.8 10m:2314.8 | Shares: 166/0 (found:166) | Diff: 145928 | 30s elapsed (since last share, avg 1m3s) | best=475 target=29432 (999%)
[2026-10-04T02:46:58Z INFO  minertim] H/s 1m:2315.8 5m:2314.8 10m:2315.5 | Shares: 166/0 (found:166) | Diff: 145928 | 40s elapsed (since last share, avg 1m3s) | best=475 target=29432 (999%)
[2026-10-04T02:47:05Z INFO  minertim::pool_connection] New job: liYx904GlNxNxpnv (difficulty: 145928, target: f8720000)
[2026-10-04T02:47:08Z INFO  minertim] H/s 1m:2307.4 5m:2313.7 10m:2315.0 | Shares: 166/0 (found:166) | Diff: 145928 | 50s elapsed (since last share, avg 1m3s) | best=475 target=29432 (999%)
[2026-10-04T02:47:18Z INFO  minertim] H/s 1m:2307.6 5m:2313.6 10m:2314.8 | Shares: 166/0 (found:166) | Diff: 145928 | 1m0s elapsed (since last share, avg 1m3s) | best=475 target=29432 (999%)
[2026-10-04T02:47:25Z INFO  minertim::pool_connection] New job: wpc0Uk3kqLhHxOs6 (difficulty: 145928, target: f8720000)
[2026-10-04T02:47:28Z INFO  minertim] H/s 1m:2312.1 5m:2313.3 10m:2314.7 | Shares: 166/0 (found:166) | Diff: 145928 | 1m10s elapsed (since last share, avg 1m3s) | best=475 target=29432 (999%)
[2026-10-04T02:47:38Z INFO  minertim] H/s 1m:2311.7 5m:2313.2 10m:2314.4 | Shares: 166/0 (found:166) | Diff: 145928 | 1m20s elapsed (since last share, avg 1m3s) | best=475 target=29432 (999%)
[2026-10-04T02:47:45Z INFO  minertim::pool_connection] New job: pz00oUPSesFQYwUx (difficulty: 145928, target: f8720000)
[2026-10-04T02:47:48Z INFO  minertim] H/s 1m:2312.9 5m:2313.6 10m:2314.6 | Shares: 166/0 (found:166) | Diff: 145928 | 1m30s elapsed (since last share, avg 1m3s) | best=475 target=29432 (999%)
[2026-10-04T02:47:50Z INFO  minertim::pool_connection] New job: 906mKWi4HXjpiQ0J (difficulty: 102605, target: 83a30000)
[2026-10-04T02:47:58Z INFO  minertim] H/s 1m:2319.0 5m:2314.4 10m:2315.3 | Shares: 166/0 (found:166) | Diff: 102605 | 1m40s elapsed (since last share, avg 44s) | best=475 target=41859 (999%)
[2026-10-04T02:48:05Z INFO  minertim::pool_connection] New job: JgrQ8pHQQSE9mKCv (difficulty: 102605, target: 83a30000)
[2026-10-04T02:48:08Z INFO  minertim] H/s 1m:2315.6 5m:2313.5 10m:2314.9 | Shares: 166/0 (found:166) | Diff: 102605 | 1m50s elapsed (since last share, avg 44s) | best=475 target=41859 (999%)
[2026-10-04T02:48:18Z INFO  minertim] H/s 1m:2314.4 5m:2313.5 10m:2314.8 | Shares: 166/0 (found:166) | Diff: 102605 | 2m0s elapsed (since last share, avg 44s) | best=475 target=41859 (999%)
[2026-10-04T02:48:24Z INFO  minertim::miner] Worker 2 SHARE FOUND! job_id=JgrQ8pHQQSE9mKCv, nonce=0ed5f600, hash_val=31534, difficulty=102605, hash=98ab5de1932e5eba4ff84559226e5c6304915be61b4ee46ec5ccbd172e7b0000
[2026-10-04T02:48:24Z INFO  minertim::pool_connection] Share submitted: rpc_id=289 job_id=JgrQ8pHQQSE9mKCv nonce=0ed5f600 lock_wait_ms=44.109 write_ms=0.077
[2026-10-04T02:48:24Z INFO  minertim::miner] Worker 2 share timing: job_id=JgrQ8pHQQSE9mKCv nonce=0ed5f600 verdict=SubmitVerified verify_ms=1.786 submit_call_ms=44.232 found_to_submit_ms=46.063
[2026-10-04T02:48:24Z INFO  minertim::pool_connection] New job: j5ycw7VFf2b0Pu0D (difficulty: 102605, target: 83a30000)
[2026-10-04T02:48:25Z INFO  minertim::pool_connection] Share accepted: rpc_id=289 job_id=JgrQ8pHQQSE9mKCv nonce=0ed5f600 latency_ms=387
[2026-10-04T02:48:28Z INFO  minertim] H/s 1m:2314.9 5m:2313.5 10m:2314.7 | Shares: 167/0 (found:167) | Diff: 102605 | 4s elapsed (since last share, avg 44s) | best=475 target=41859 (999%)
[2026-10-04T02:48:38Z INFO  minertim] H/s 1m:2311.3 5m:2313.1 10m:2314.5 | Shares: 167/0 (found:167) | Diff: 102605 | 14s elapsed (since last share, avg 44s) | best=475 target=41859 (999%)
[2026-10-04T02:48:43Z INFO  minertim::miner] Worker 2 SHARE FOUND! job_id=j5ycw7VFf2b0Pu0D, nonce=de7af700, hash_val=21634, difficulty=102605, hash=92be9144a063c5041869742e9b0c148f2bc024f6f726651844f5920a82540000
[2026-10-04T02:48:43Z INFO  minertim::pool_connection] Share submitted: rpc_id=290 job_id=j5ycw7VFf2b0Pu0D nonce=de7af700 lock_wait_ms=27.135 write_ms=0.073
[2026-10-04T02:48:43Z INFO  minertim::miner] Worker 2 share timing: job_id=j5ycw7VFf2b0Pu0D nonce=de7af700 verdict=SubmitVerified verify_ms=1.916 submit_call_ms=27.253 found_to_submit_ms=29.222
[2026-10-04T02:48:43Z INFO  minertim::pool_connection] Share accepted: rpc_id=290 job_id=j5ycw7VFf2b0Pu0D nonce=de7af700 latency_ms=323
[2026-10-04T02:48:44Z INFO  minertim::pool_connection] New job: WBkBMEBGDyTUpuaK (difficulty: 102605, target: 83a30000)
[2026-10-04T02:48:48Z INFO  minertim] H/s 1m:2314.3 5m:2313.4 10m:2314.6 | Shares: 168/0 (found:168) | Diff: 102605 | 5s elapsed (since last share, avg 44s) | best=475 target=41859 (999%)
[2026-10-04T02:48:50Z INFO  minertim::pool_connection] New job: Nii0z32RdlKNqJba (difficulty: 153908, target: 026d0000)
[2026-10-04T02:48:58Z INFO  minertim] H/s 1m:2317.3 5m:2314.4 10m:2315.2 | Shares: 168/0 (found:168) | Diff: 153908 | 15s elapsed (since last share, avg 1m6s) | best=475 target=27906 (999%)
[2026-10-04T02:49:04Z INFO  minertim::pool_connection] New job: 2YIKNM5utvXZY0FR (difficulty: 153908, target: 026d0000)
[2026-10-04T02:49:08Z INFO  minertim] H/s 1m:2313.2 5m:2313.4 10m:2314.9 | Shares: 168/0 (found:168) | Diff: 153908 | 25s elapsed (since last share, avg 1m6s) | best=475 target=27906 (999%)
[2026-10-04T02:49:18Z INFO  minertim] H/s 1m:2312.5 5m:2313.3 10m:2314.9 | Shares: 168/0 (found:168) | Diff: 153908 | 35s elapsed (since last share, avg 1m6s) | best=475 target=27906 (999%)
[2026-10-04T02:49:24Z INFO  minertim::pool_connection] New job: rfMDINhGntLf0cVI (difficulty: 153908, target: 026d0000)
[2026-10-04T02:49:28Z INFO  minertim] H/s 1m:2316.5 5m:2313.4 10m:2314.8 | Shares: 168/0 (found:168) | Diff: 153908 | 45s elapsed (since last share, avg 1m6s) | best=475 target=27906 (999%)
[2026-10-04T02:49:38Z INFO  minertim] H/s 1m:2316.8 5m:2313.7 10m:2314.8 | Shares: 168/0 (found:168) | Diff: 153908 | 55s elapsed (since last share, avg 1m6s) | best=475 target=27906 (999%)
[2026-10-04T02:49:44Z INFO  minertim::pool_connection] New job: 19E1QyJtvFCa6czb (difficulty: 153908, target: 026d0000)
[2026-10-04T02:49:48Z INFO  minertim] H/s 1m:2317.8 5m:2314.0 10m:2314.8 | Shares: 168/0 (found:168) | Diff: 153908 | 1m5s elapsed (since last share, avg 1m6s) | best=475 target=27906 (999%)
[2026-10-04T02:49:50Z INFO  minertim::pool_connection] New job: nbSvC0TSYY5iNqey (difficulty: 103371, target: 4da20000)
[2026-10-04T02:49:53Z INFO  minertim::pool_connection] New job: 0muGpZnJWyznL0Gx (difficulty: 103371, target: 4da20000)
[2026-10-04T02:49:58Z INFO  minertim] H/s 1m:2321.1 5m:2315.0 10m:2315.3 | Shares: 168/0 (found:168) | Diff: 103371 | 1m15s elapsed (since last share, avg 44s) | best=475 target=41549 (999%)
[2026-10-04T02:50:00Z INFO  minertim::miner] Worker 1 SHARE FOUND! job_id=0muGpZnJWyznL0Gx, nonce=c10afa00, hash_val=29763, difficulty=103371, hash=1adaae165382f5658718f0f9c52001267cb8d22121c52930a31d154943740000
[2026-10-04T02:50:00Z INFO  minertim::pool_connection] Share submitted: rpc_id=292 job_id=0muGpZnJWyznL0Gx nonce=c10afa00 lock_wait_ms=7.788 write_ms=0.076
[2026-10-04T02:50:00Z INFO  minertim::miner] Worker 1 share timing: job_id=0muGpZnJWyznL0Gx nonce=c10afa00 verdict=SubmitVerified verify_ms=1.861 submit_call_ms=7.916 found_to_submit_ms=9.826
[2026-10-04T02:50:00Z INFO  minertim::pool_connection] Share accepted: rpc_id=292 job_id=0muGpZnJWyznL0Gx nonce=c10afa00 latency_ms=279
[2026-10-04T02:50:05Z INFO  minertim::miner] Worker 2 SHARE FOUND! job_id=0muGpZnJWyznL0Gx, nonce=2e5bfa00, hash_val=16888, difficulty=103371, hash=a257d99119eb5e98c377d6744c340cba8d587e3c6a82525fa38e4de8f8410000
[2026-10-04T02:50:05Z INFO  minertim::pool_connection] Share submitted: rpc_id=293 job_id=0muGpZnJWyznL0Gx nonce=2e5bfa00 lock_wait_ms=33.471 write_ms=0.083
[2026-10-04T02:50:05Z INFO  minertim::miner] Worker 2 share timing: job_id=0muGpZnJWyznL0Gx nonce=2e5bfa00 verdict=SubmitVerified verify_ms=1.724 submit_call_ms=33.604 found_to_submit_ms=35.379
[2026-10-04T02:50:05Z INFO  minertim::pool_connection] Share accepted: rpc_id=293 job_id=0muGpZnJWyznL0Gx nonce=2e5bfa00 latency_ms=347
[2026-10-04T02:50:08Z INFO  minertim] H/s 1m:2314.9 5m:2313.6 10m:2314.6 | Shares: 170/0 (found:170) | Diff: 103371 | 3s elapsed (since last share, avg 44s) | best=475 target=41549 (999%)
[2026-10-04T02:50:13Z INFO  minertim::pool_connection] New job: q20lcqF5pli7DaNM (difficulty: 103371, target: 4da20000)
[2026-10-04T02:50:18Z INFO  minertim::pool_connection] New job: SJ0IVFecRvhUHq7g (difficulty: 103371, target: 4da20000)
[2026-10-04T02:50:18Z INFO  minertim] H/s 1m:2311.5 5m:2313.2 10m:2314.4 | Shares: 170/0 (found:170) | Diff: 103371 | 13s elapsed (since last share, avg 44s) | best=475 target=41549 (999%)
[2026-10-04T02:50:20Z INFO  minertim::pool_connection] New job: wQ9zKpTQ18UwJFI1 (difficulty: 155058, target: 336c0000)
[2026-10-04T02:50:28Z INFO  minertim] H/s 1m:2307.4 5m:2313.0 10m:2314.2 | Shares: 170/0 (found:170) | Diff: 155058 | 23s elapsed (since last share, avg 1m7s) | best=475 target=27699 (999%)
[2026-10-04T02:50:38Z INFO  minertim::pool_connection] New job: wbiTUia4iCK5J0cQ (difficulty: 155058, target: 336c0000)
[2026-10-04T02:50:38Z INFO  minertim] H/s 1m:2310.3 5m:2313.3 10m:2314.4 | Shares: 170/0 (found:170) | Diff: 155058 | 33s elapsed (since last share, avg 1m7s) | best=475 target=27699 (999%)
[2026-10-04T02:50:48Z INFO  minertim] H/s 1m:2312.1 5m:2313.7 10m:2314.5 | Shares: 170/0 (found:170) | Diff: 155058 | 43s elapsed (since last share, avg 1m7s) | best=475 target=27699 (999%)
[2026-10-04T02:50:58Z INFO  minertim::pool_connection] New job: f16N40bmUgsEAF8I (difficulty: 155058, target: 336c0000)
[2026-10-04T02:50:58Z INFO  minertim] H/s 1m:2318.1 5m:2314.5 10m:2314.8 | Shares: 170/0 (found:170) | Diff: 155058 | 53s elapsed (since last share, avg 1m6s) | best=475 target=27699 (999%)
[2026-10-04T02:51:08Z INFO  minertim] H/s 1m:2313.2 5m:2313.1 10m:2314.1 | Shares: 170/0 (found:170) | Diff: 155058 | 1m3s elapsed (since last share, avg 1m7s) | best=475 target=27699 (999%)
[2026-10-04T02:51:18Z INFO  minertim::pool_connection] New job: q00MmMVBrVvMSx4f (difficulty: 155058, target: 336c0000)
[2026-10-04T02:51:18Z INFO  minertim] H/s 1m:2317.2 5m:2313.6 10m:2314.2 | Shares: 170/0 (found:170) | Diff: 155058 | 1m13s elapsed (since last share, avg 1m6s) | best=475 target=27699 (999%)
[2026-10-04T02:51:20Z INFO  minertim::pool_connection] New job: QeZeYhIJvVArDCwv (difficulty: 93033, target: 56b40000)
[2026-10-04T02:51:28Z INFO  minertim] H/s 1m:2315.0 5m:2314.4 10m:2314.2 | Shares: 170/0 (found:170) | Diff: 93033 | 1m23s elapsed (since last share, avg 40s) | best=475 target=46166 (999%)
[2026-10-04T02:51:38Z INFO  minertim::pool_connection] New job: aE2w1PLFgoXrXX0i (difficulty: 93033, target: 56b40000)
[2026-10-04T02:51:38Z INFO  minertim] H/s 1m:2314.5 5m:2314.4 10m:2314.2 | Shares: 170/0 (found:170) | Diff: 93033 | 1m33s elapsed (since last share, avg 40s) | best=475 target=46166 (999%)

Shutting down...
[2026-10-04T02:51:46Z INFO  minertim::miner] Worker 0 stopped
[2026-10-04T02:51:46Z INFO  minertim::miner] Worker 3 stopped
[2026-10-04T02:51:46Z INFO  minertim::miner] Worker 1 stopped
[2026-10-04T02:51:46Z INFO  minertim::miner] Worker 2 stopped
[2026-10-04T02:51:48Z INFO  minertim::miner] All mining workers stopped
[2026-10-04T02:51:48Z INFO  minertim] Miner stopped. Final stats: 170 accepted, 0 rejected, 0 lost, 0 unsent, 0 pending
