=== MinerTim 8-hour live test ===
started : 2026-09-06T21:13:53Z UTC / 07:13:53 local
ends    : 15:13:53 local (after 28800s)
commit  : ef40bea (main)
pool    : monerohash.com:2222
wallet  : 49stQd...BbBZng
threads : 4
binary  : 2208992 bytes
==================================
miner pid 67491
[2026-09-06T21:13:54Z INFO  minertim] Native-loop JIT: on (requested) | share verification: on — requested state only; each worker reports its own effective state once its VM is built
[2026-09-06T21:13:54Z INFO  minertim] Donation: donate-level 5% of mining time, split 50/50 between the MinerTim author and XMRig. MinerTim is an AI-assisted Rust translation of XMRig. Adjust with --donate-level (minimum 1); see README.
[2026-09-06T21:13:54Z INFO  minertim] Connecting to monerohash.com:2222...
[2026-09-06T21:13:54Z INFO  minertim::pool_connection] Connecting to pool: monerohash.com:2222
[2026-09-06T21:13:54Z INFO  minertim::pool_connection] Connected to pool (plain TCP): monerohash.com:2222
[2026-09-06T21:13:55Z INFO  minertim::pool_connection] Login successful, session id: SEiN2UPaXvaNktxv
[2026-09-06T21:13:55Z INFO  minertim::pool_connection] Initial job: ZyN4IjiWR5dfj0Dv (difficulty: 50000, target: 8b4f0100)
[2026-09-06T21:13:55Z INFO  minertim::miner] Miner initialized: pool=monerohash.com:2222, threads=4
[2026-09-06T21:13:55Z INFO  minertim::miner] Starting in full mode (2 GiB dataset, shared across workers)
[2026-09-06T21:13:55Z INFO  minertim::miner] Worker 0 started
[2026-09-06T21:13:55Z INFO  minertim::miner] Started 4 mining worker threads
[2026-09-06T21:13:55Z INFO  minertim] Mining started with 4 threads. Press Ctrl+C to stop.
[2026-09-06T21:13:55Z INFO  minertim::miner] Worker 0 generating full RandomX dataset (~2 GiB)...
[2026-09-06T21:13:55Z INFO  minertim::miner] Worker 3 started
[2026-09-06T21:13:55Z INFO  minertim::miner] Worker 2 started
[2026-09-06T21:13:55Z INFO  minertim::miner] Worker 1 started
[2026-09-06T21:14:02Z INFO  minertim::randomx::dataset] Dataset generation: 8.8%
[2026-09-06T21:14:05Z INFO  minertim] H/s 1m:- 5m:- 10m:- | Shares: 0/0 (found:0) | Diff: 0 | 10s elapsed (no shares yet, avg ?) | waiting
[2026-09-06T21:14:08Z INFO  minertim::randomx::dataset] Dataset generation: 20.5%
[2026-09-06T21:14:09Z INFO  minertim::pool_connection] New job: kd8F4DhaW0vSEpvy (difficulty: 50000, target: 8b4f0100)
[2026-09-06T21:14:15Z INFO  minertim] H/s 1m:0.0 5m:0.0 10m:0.0 | Shares: 0/0 (found:0) | Diff: 0 | 20s elapsed (no shares yet, avg ?) | waiting
[2026-09-06T21:14:15Z INFO  minertim::randomx::dataset] Dataset generation: 39.6%
[2026-09-06T21:14:22Z INFO  minertim::randomx::dataset] Dataset generation: 55.8%
[2026-09-06T21:14:25Z INFO  minertim] H/s 1m:0.0 5m:0.0 10m:0.0 | Shares: 0/0 (found:0) | Diff: 0 | 30s elapsed (no shares yet, avg ?) | waiting
[2026-09-06T21:14:28Z INFO  minertim::pool_connection] New job: sxRZniokdYTWzc1j (difficulty: 50000, target: 8b4f0100)
[2026-09-06T21:14:29Z INFO  minertim::randomx::dataset] Dataset generation: 73.4%
[2026-09-06T21:14:34Z INFO  minertim::miner] Dataset generated in 39.2s
[2026-09-06T21:14:34Z INFO  minertim::miner] Worker 0 ready with full dataset
[2026-09-06T21:14:34Z INFO  minertim::miner] Worker 2 ready with full dataset
[2026-09-06T21:14:34Z INFO  minertim::miner] Worker 3 ready with full dataset
[2026-09-06T21:14:34Z INFO  minertim::miner] Worker 1 ready with full dataset
[2026-09-06T21:14:34Z INFO  minertim::miner] Worker 0: native-loop JIT on | share verification on
[2026-09-06T21:14:34Z INFO  minertim::miner] Worker 2: native-loop JIT on | share verification on
[2026-09-06T21:14:34Z INFO  minertim::miner] Worker 3: native-loop JIT on | share verification on
[2026-09-06T21:14:34Z INFO  minertim::miner] Worker 1: native-loop JIT on | share verification on
[2026-09-06T21:14:35Z INFO  minertim] H/s 1m:0.1 5m:0.1 10m:0.1 | Shares: 0/0 (found:0) | Diff: 50000 | 40s elapsed (no shares yet, avg 104h17m) | best=471603 target=85899 (18%)
[2026-09-06T21:14:45Z INFO  minertim] H/s 1m:587.3 5m:587.3 10m:587.3 | Shares: 0/0 (found:0) | Diff: 50000 | 50s elapsed (no shares yet, avg 1m25s) | best=171609 target=85899 (50%)
[2026-09-06T21:14:48Z INFO  minertim::pool_connection] New job: lBCTCCpluYUDxB65 (difficulty: 50000, target: 8b4f0100)
[2026-09-06T21:14:55Z INFO  minertim] H/s 1m:941.3 5m:941.3 10m:941.3 | Shares: 0/0 (found:0) | Diff: 50000 | 1m0s elapsed (no shares yet, avg 53s) | best=171609 target=85899 (50%)
[2026-09-06T21:14:56Z INFO  minertim::miner] Worker 1 SHARE FOUND! job_id=lBCTCCpluYUDxB65, nonce=19cd0000, hash_val=15097, difficulty=50000, hash=9077e6a28185de2df26ae7cc3442523745981cfaa80fe3a7a296b36af93a0000
[2026-09-06T21:15:01Z INFO  minertim::pool_connection] New job: YjCnwsJdQTdPiaN2 (difficulty: 50000, target: 8b4f0100)
[2026-09-06T21:15:01Z INFO  minertim::pool_connection] Share accepted by pool
[2026-09-06T21:15:05Z INFO  minertim] H/s 1m:1324.6 5m:1103.8 10m:1103.8 | Shares: 1/0 (found:1) | Diff: 50000 | 8s elapsed (since last share, avg 37s) | best=15097 target=85899 (569%)
[2026-09-06T21:15:08Z INFO  minertim::miner] Worker 3 SHARE FOUND! job_id=YjCnwsJdQTdPiaN2, nonce=fb3b0100, hash_val=14224, difficulty=50000, hash=a53eb2145eaeffe74dc3b0d27afb40a7598e7fcfe66e4276e0b7412190370000
[2026-09-06T21:15:15Z INFO  minertim] H/s 1m:1677.7 5m:1198.2 10m:1198.2 | Shares: 1/0 (found:2) | Diff: 50000 | 6s elapsed (since last share, avg 29s) | best=14224 target=85899 (604%)
[2026-09-06T21:15:21Z INFO  minertim::pool_connection] New job: fN52SrljLZHKkxoR (difficulty: 50000, target: 8b4f0100)
[2026-09-06T21:15:21Z INFO  minertim::pool_connection] Share accepted by pool
[2026-09-06T21:15:25Z INFO  minertim] H/s 1m:2086.2 5m:1303.7 10m:1303.7 | Shares: 2/0 (found:2) | Diff: 50000 | 16s elapsed (since last share, avg 23s) | best=14224 target=85899 (604%)
[2026-09-06T21:15:29Z INFO  minertim::miner] Worker 0 SHARE FOUND! job_id=fN52SrljLZHKkxoR, nonce=18020200, hash_val=27100, difficulty=50000, hash=08986c2141fb47dfd37e29e3ab2d16cec81e918369944d065814253ddc690000
[2026-09-06T21:15:35Z INFO  minertim] H/s 1m:1965.0 5m:1352.5 10m:1352.5 | Shares: 2/0 (found:3) | Diff: 50000 | 5s elapsed (since last share, avg 25s) | best=14224 target=85899 (604%)
[2026-09-06T21:15:41Z INFO  minertim::pool_connection] New job: GUVzST8IfTT3sjYo (difficulty: 50000, target: 8b4f0100)
[2026-09-06T21:15:45Z INFO  minertim] H/s 1m:1838.8 5m:1390.0 10m:1390.0 | Shares: 2/0 (found:3) | Diff: 50000 | 15s elapsed (since last share, avg 27s) | best=14224 target=85899 (604%)
[2026-09-06T21:15:55Z INFO  minertim] H/s 1m:1801.4 5m:1420.8 10m:1420.8 | Shares: 2/0 (found:3) | Diff: 50000 | 25s elapsed (since last share, avg 27s) | best=14224 target=85899 (604%)
[2026-09-06T21:16:01Z INFO  minertim::miner] Worker 3 SHARE FOUND! job_id=GUVzST8IfTT3sjYo, nonce=33a20200, hash_val=67555, difficulty=50000, hash=c5a2b16ac188b0f2149c437cee708bc97c21919ec473a2a6fd23b30fe3070100
[2026-09-06T21:16:01Z INFO  minertim::pool_connection] New job: gL0kxGpqPoF2yfTE (difficulty: 50000, target: 8b4f0100)
[2026-09-06T21:16:01Z INFO  minertim::pool_connection] Share accepted by pool
[2026-09-06T21:16:01Z INFO  minertim::miner] Worker 3 SHARE FOUND! job_id=gL0kxGpqPoF2yfTE, nonce=03a60200, hash_val=63493, difficulty=50000, hash=54dc7bc092bf2ccdf0419d3195f4e50bb2fd1a1afe37b3acde03367405f80000
[2026-09-06T21:16:01Z INFO  minertim::pool_connection] Share accepted by pool
[2026-09-06T21:16:02Z INFO  minertim::pool_connection] Share accepted by pool
[2026-09-06T21:16:05Z INFO  minertim] H/s 1m:1852.5 5m:1470.8 10m:1470.8 | Shares: 5/0 (found:5) | Diff: 50000 | 3s elapsed (since last share, avg 26s) | best=14224 target=85899 (604%)
[2026-09-06T21:16:15Z INFO  minertim] H/s 1m:1910.9 5m:1537.2 10m:1537.2 | Shares: 5/0 (found:5) | Diff: 50000 | 13s elapsed (since last share, avg 26s) | best=14224 target=85899 (604%)
[2026-09-06T21:16:21Z INFO  minertim::pool_connection] New job: YoQZBEjd4ICgT3T7 (difficulty: 50000, target: 8b4f0100)
[2026-09-06T21:16:25Z INFO  minertim] H/s 1m:2032.1 5m:1595.2 10m:1595.2 | Shares: 5/0 (found:5) | Diff: 50000 | 23s elapsed (since last share, avg 24s) | best=14224 target=85899 (604%)
[2026-09-06T21:16:25Z INFO  minertim::pool_connection] New job: c8gS2nCsxq9de1ZG (difficulty: 75000, target: b2df0000)
[2026-09-06T21:16:35Z INFO  minertim] H/s 1m:2154.1 5m:1644.7 10m:1644.7 | Shares: 5/0 (found:5) | Diff: 75000 | 33s elapsed (since last share, avg 34s) | best=14224 target=57266 (403%)
[2026-09-06T21:16:41Z INFO  minertim::pool_connection] New job: I7f99o5Y8gmwgihn (difficulty: 75000, target: b2df0000)
[2026-09-06T21:16:45Z INFO  minertim] H/s 1m:2274.3 5m:1687.5 10m:1687.5 | Shares: 5/0 (found:5) | Diff: 75000 | 43s elapsed (since last share, avg 32s) | best=14224 target=57266 (403%)
[2026-09-06T21:16:55Z INFO  minertim] H/s 1m:2337.9 5m:1725.8 10m:1725.8 | Shares: 5/0 (found:5) | Diff: 75000 | 53s elapsed (since last share, avg 32s) | best=14224 target=57266 (403%)
[2026-09-06T21:17:00Z INFO  minertim::pool_connection] New job: 2t0o5b51Pgjj03RI (difficulty: 75000, target: b2df0000)
[2026-09-06T21:17:05Z INFO  minertim] H/s 1m:2335.8 5m:1759.1 10m:1759.1 | Shares: 5/0 (found:5) | Diff: 75000 | 1m3s elapsed (since last share, avg 32s) | best=14224 target=57266 (403%)
[2026-09-06T21:17:14Z INFO  minertim::miner] Worker 2 SHARE FOUND! job_id=2t0o5b51Pgjj03RI, nonce=d2ad0500, hash_val=26458, difficulty=75000, hash=0e11ca340d859a6d7cacb45725b463d706d6824808aa7ee79a4881425a670000
[2026-09-06T21:17:15Z INFO  minertim] H/s 1m:2274.6 5m:1774.0 10m:1774.0 | Shares: 5/0 (found:6) | Diff: 75000 | 1s elapsed (since last share, avg 32s) | best=14224 target=57266 (403%)
[2026-09-06T21:17:20Z INFO  minertim::pool_connection] New job: 00TKTYj49F0Im5Zd (difficulty: 75000, target: b2df0000)
[2026-09-06T21:17:20Z INFO  minertim::pool_connection] Share accepted by pool
[2026-09-06T21:17:25Z INFO  minertim] H/s 1m:2217.8 5m:1788.0 10m:1788.0 | Shares: 6/0 (found:6) | Diff: 75000 | 11s elapsed (since last share, avg 33s) | best=14224 target=57266 (403%)
[2026-09-06T21:17:25Z INFO  minertim::pool_connection] New job: uwh71LuLxadkKuqn (difficulty: 50000, target: 8b4f0100)
[2026-09-06T21:17:35Z INFO  minertim] H/s 1m:2219.8 5m:1814.3 10m:1814.3 | Shares: 6/0 (found:6) | Diff: 50000 | 21s elapsed (since last share, avg 22s) | best=14224 target=85899 (604%)
[2026-09-06T21:17:40Z INFO  minertim::pool_connection] New job: g1RreRAgJWeUnwDu (difficulty: 50000, target: 8b4f0100)
[2026-09-06T21:17:45Z INFO  minertim] H/s 1m:2218.3 5m:1837.8 10m:1837.8 | Shares: 6/0 (found:6) | Diff: 50000 | 31s elapsed (since last share, avg 22s) | best=14224 target=85899 (604%)
[2026-09-06T21:17:51Z INFO  minertim::miner] Worker 2 SHARE FOUND! job_id=g1RreRAgJWeUnwDu, nonce=56ca0600, hash_val=72015, difficulty=50000, hash=f836d12d31376430d3b7543aee8930f10bb64dbe89ec66b95c9a35224f190100
[2026-09-06T21:17:55Z INFO  minertim] H/s 1m:2220.6 5m:1859.4 10m:1859.4 | Shares: 6/0 (found:7) | Diff: 50000 | 3s elapsed (since last share, avg 22s) | best=14224 target=85899 (604%)
[2026-09-06T21:17:56Z INFO  minertim::pool_connection] New job: sW5qbbfoRjKNSrHn (difficulty: 50000, target: 8b4f0100)
[2026-09-06T21:17:56Z INFO  minertim::pool_connection] Share accepted by pool
[2026-09-06T21:18:05Z INFO  minertim] H/s 1m:2237.6 5m:1870.6 10m:1870.6 | Shares: 7/0 (found:7) | Diff: 50000 | 13s elapsed (since last share, avg 22s) | best=14224 target=85899 (604%)
[2026-09-06T21:18:15Z INFO  minertim] H/s 1m:2292.0 5m:1888.8 10m:1888.8 | Shares: 7/0 (found:7) | Diff: 50000 | 23s elapsed (since last share, avg 21s) | best=14224 target=85899 (604%)
[2026-09-06T21:18:16Z INFO  minertim::pool_connection] New job: sarXH3OdH0D15ZC5 (difficulty: 50000, target: 8b4f0100)
[2026-09-06T21:18:25Z INFO  minertim] H/s 1m:2291.2 5m:1906.0 10m:1906.0 | Shares: 7/0 (found:7) | Diff: 50000 | 33s elapsed (since last share, avg 21s) | best=14224 target=85899 (604%)
[2026-09-06T21:18:26Z INFO  minertim::miner] Worker 0 SHARE FOUND! job_id=sarXH3OdH0D15ZC5, nonce=d8480700, hash_val=45207, difficulty=50000, hash=339cf3792805c906319a5d5e9313c632cd2eb040fe176f1eb99914d897b00000
[2026-09-06T21:18:28Z INFO  minertim::miner] Worker 1 SHARE FOUND! job_id=sarXH3OdH0D15ZC5, nonce=95270800, hash_val=72491, difficulty=50000, hash=b28018d88dbab31a5b1edebe502ee25f398df73c83a22707332dbf5e2b1b0100
[2026-09-06T21:18:33Z INFO  minertim::pool_connection] Share accepted by pool
[2026-09-06T21:18:33Z INFO  minertim::pool_connection] Share accepted by pool
[2026-09-06T21:18:35Z INFO  minertim] H/s 1m:2201.9 5m:1905.2 10m:1905.2 | Shares: 9/0 (found:9) | Diff: 50000 | 6s elapsed (since last share, avg 22s) | best=14224 target=85899 (604%)
[2026-09-06T21:18:36Z INFO  minertim::pool_connection] New job: AYU2hEHPwlkYRXDZ (difficulty: 50000, target: 8b4f0100)
[2026-09-06T21:18:40Z INFO  minertim::miner] Worker 0 SHARE FOUND! job_id=AYU2hEHPwlkYRXDZ, nonce=3c870700, hash_val=12180, difficulty=50000, hash=89ff6824a74bd17b79195ad700b31c6e322784ff56c5b07d1162919d942f0000
[2026-09-06T21:18:45Z INFO  minertim] H/s 1m:2138.9 5m:1909.3 10m:1909.3 | Shares: 9/0 (found:10) | Diff: 50000 | 5s elapsed (since last share, avg 23s) | best=12180 target=85899 (705%)
[2026-09-06T21:18:50Z INFO  minertim::miner] Worker 2 SHARE FOUND! job_id=AYU2hEHPwlkYRXDZ, nonce=fab30800, hash_val=59087, difficulty=50000, hash=03f8491b762393782476c52da711fbc2121f155b8d60e2d5831fac7fcfe60000
[2026-09-06T21:18:53Z INFO  minertim::miner] Worker 1 SHARE FOUND! job_id=AYU2hEHPwlkYRXDZ, nonce=ddd70800, hash_val=30614, difficulty=50000, hash=094fba957768cbfb6e33cac50051aecc1251c4fbaf7b6a32620707e196770000
[2026-09-06T21:18:55Z INFO  minertim] H/s 1m:1941.0 5m:1882.7 10m:1882.7 | Shares: 9/0 (found:12) | Diff: 50000 | 2s elapsed (since last share, avg 25s) | best=12180 target=85899 (705%)
[2026-09-06T21:18:55Z INFO  minertim::pool_connection] New job: HG6dZg0Ub9I7n0mo (difficulty: 75000, target: b2df0000)
[2026-09-06T21:18:55Z INFO  minertim::pool_connection] New job: uTDU3tSeY0JCVLad (difficulty: 75000, target: b2df0000)
[2026-09-06T21:18:56Z INFO  minertim::pool_connection] Share accepted by pool
[2026-09-06T21:18:56Z INFO  minertim::pool_connection] Share accepted by pool
[2026-09-06T21:18:56Z INFO  minertim::pool_connection] Share accepted by pool
[2026-09-06T21:19:05Z INFO  minertim] H/s 1m:1891.7 5m:1954.5 10m:1889.3 | Shares: 12/0 (found:12) | Diff: 75000 | 12s elapsed (since last share, avg 39s) | best=12180 target=57266 (470%)
[2026-09-06T21:19:15Z INFO  minertim] H/s 1m:1889.5 5m:2034.7 10m:1903.3 | Shares: 12/0 (found:12) | Diff: 75000 | 22s elapsed (since last share, avg 39s) | best=12180 target=57266 (470%)
[2026-09-06T21:19:15Z INFO  minertim::pool_connection] New job: v00gfLpC1EUwqIZU (difficulty: 75000, target: b2df0000)
[2026-09-06T21:19:25Z INFO  minertim] H/s 1m:1975.7 5m:2114.5 10m:1916.2 | Shares: 12/0 (found:12) | Diff: 75000 | 32s elapsed (since last share, avg 37s) | best=12180 target=57266 (470%)
[2026-09-06T21:19:25Z INFO  minertim::pool_connection] New job: HeFcioIKxBtGBbYq (difficulty: 112501, target: 21950000)
[2026-09-06T21:19:35Z INFO  minertim] H/s 1m:2038.0 5m:2113.9 10m:1928.8 | Shares: 12/0 (found:12) | Diff: 112501 | 42s elapsed (since last share, avg 55s) | best=12180 target=38177 (313%)
[2026-09-06T21:19:35Z INFO  minertim::pool_connection] New job: A5toaVjv9pBcBobJ (difficulty: 112501, target: 21950000)
[2026-09-06T21:19:45Z INFO  minertim] H/s 1m:2275.2 5m:2112.7 10m:1940.4 | Shares: 12/0 (found:12) | Diff: 112501 | 52s elapsed (since last share, avg 49s) | best=12180 target=38177 (313%)
[2026-09-06T21:19:55Z INFO  minertim] H/s 1m:2324.8 5m:2126.9 10m:1951.5 | Shares: 12/0 (found:12) | Diff: 112501 | 1m2s elapsed (since last share, avg 48s) | best=12180 target=38177 (313%)
[2026-09-06T21:19:55Z INFO  minertim::pool_connection] New job: m3iTReMTrUppFUcj (difficulty: 112501, target: 21950000)
[2026-09-06T21:19:55Z INFO  minertim::pool_connection] New job: zEPHyPQzgtX4OFPb (difficulty: 84375, target: d7c60000)
[2026-09-06T21:20:05Z INFO  minertim] H/s 1m:2326.0 5m:2146.4 10m:1962.0 | Shares: 12/0 (found:12) | Diff: 84375 | 1m12s elapsed (since last share, avg 36s) | best=12180 target=50903 (418%)
[2026-09-06T21:20:13Z INFO  minertim::pool_connection] New job: 0V3oZWkWQyueYHO7 (difficulty: 84375, target: d7c60000)
[2026-09-06T21:20:15Z INFO  minertim] H/s 1m:2329.5 5m:2156.4 10m:1972.1 | Shares: 12/0 (found:12) | Diff: 84375 | 1m22s elapsed (since last share, avg 36s) | best=12180 target=50903 (418%)
[2026-09-06T21:20:25Z INFO  minertim] H/s 1m:2330.8 5m:2177.0 10m:1981.7 | Shares: 12/0 (found:12) | Diff: 84375 | 1m32s elapsed (since last share, avg 36s) | best=12180 target=50903 (418%)
[2026-09-06T21:20:33Z INFO  minertim::pool_connection] New job: vD6kjgsw4qQLpLVH (difficulty: 84375, target: d7c60000)
[2026-09-06T21:20:35Z INFO  minertim] H/s 1m:2331.8 5m:2197.7 10m:1990.6 | Shares: 12/0 (found:12) | Diff: 84375 | 1m42s elapsed (since last share, avg 36s) | best=12180 target=50903 (418%)
[2026-09-06T21:20:45Z INFO  minertim] H/s 1m:2334.5 5m:2218.8 10m:1999.4 | Shares: 12/0 (found:12) | Diff: 84375 | 1m52s elapsed (since last share, avg 36s) | best=12180 target=50903 (418%)
[2026-09-06T21:20:53Z INFO  minertim::pool_connection] New job: cWZPfmkJ0BUSUfG0 (difficulty: 84375, target: d7c60000)
[2026-09-06T21:20:55Z INFO  minertim] H/s 1m:2334.8 5m:2229.6 10m:2007.5 | Shares: 12/0 (found:12) | Diff: 84375 | 2m2s elapsed (since last share, avg 36s) | best=12180 target=50903 (418%)
[2026-09-06T21:20:55Z INFO  minertim::pool_connection] New job: Jy0afuJh7KzRHAH3 (difficulty: 63281, target: 1f090100)
[2026-09-06T21:20:57Z INFO  minertim::miner] Worker 0 SHARE FOUND! job_id=Jy0afuJh7KzRHAH3, nonce=1cee0b00, hash_val=62395, difficulty=63281, hash=d1c7f09364ebfca0a5480df45d4e0d4bb53769daea982529c8893b43bbf30000
[2026-09-06T21:21:05Z INFO  minertim] H/s 1m:2272.4 5m:2218.7 10m:2007.8 | Shares: 12/0 (found:13) | Diff: 63281 | 8s elapsed (since last share, avg 27s) | best=12180 target=67871 (557%)
[2026-09-06T21:21:13Z INFO  minertim::pool_connection] New job: FWQRyTkZ0oYJIWyQ (difficulty: 63281, target: 1f090100)
[2026-09-06T21:21:15Z INFO  minertim] H/s 1m:2145.3 5m:2196.5 10m:2000.7 | Shares: 12/0 (found:13) | Diff: 63281 | 18s elapsed (since last share, avg 29s) | best=12180 target=67871 (557%)
[2026-09-06T21:21:25Z INFO  minertim] H/s 1m:2018.9 5m:2174.4 10m:1993.8 | Shares: 12/0 (found:13) | Diff: 63281 | 28s elapsed (since last share, avg 31s) | best=12180 target=67871 (557%)
[2026-09-06T21:21:33Z INFO  minertim::pool_connection] New job: b4NlSyi0LqtCUpcZ (difficulty: 63281, target: 1f090100)
[2026-09-06T21:21:33Z INFO  minertim::pool_connection] Share accepted by pool
[2026-09-06T21:21:35Z INFO  minertim] H/s 1m:1916.8 5m:2157.2 10m:1990.2 | Shares: 13/0 (found:13) | Diff: 63281 | 38s elapsed (since last share, avg 33s) | best=12180 target=67871 (557%)
[2026-09-06T21:21:45Z INFO  minertim] H/s 1m:1906.4 5m:2155.2 10m:1996.5 | Shares: 13/0 (found:13) | Diff: 63281 | 48s elapsed (since last share, avg 33s) | best=12180 target=67871 (557%)
[2026-09-06T21:21:53Z INFO  minertim::pool_connection] New job: 09guWXjOYuXyqlE5 (difficulty: 63281, target: 1f090100)
[2026-09-06T21:21:55Z INFO  minertim] H/s 1m:1946.7 5m:2151.7 10m:2001.3 | Shares: 13/0 (found:13) | Diff: 63281 | 58s elapsed (since last share, avg 32s) | best=12180 target=67871 (557%)
[2026-09-06T21:22:05Z INFO  minertim] H/s 1m:2050.2 5m:2157.8 10m:2005.9 | Shares: 13/0 (found:13) | Diff: 63281 | 1m8s elapsed (since last share, avg 30s) | best=12180 target=67871 (557%)
[2026-09-06T21:22:12Z INFO  minertim::pool_connection] New job: Kueq2sXEWypCS270 (difficulty: 63281, target: 1f090100)
[2026-09-06T21:22:15Z INFO  minertim] H/s 1m:2155.2 5m:2163.6 10m:2010.3 | Shares: 13/0 (found:13) | Diff: 63281 | 1m18s elapsed (since last share, avg 29s) | best=12180 target=67871 (557%)
[2026-09-06T21:22:25Z INFO  minertim] H/s 1m:2233.2 5m:2159.5 10m:2014.5 | Shares: 13/0 (found:13) | Diff: 63281 | 1m28s elapsed (since last share, avg 28s) | best=12180 target=67871 (557%)
[2026-09-06T21:22:32Z INFO  minertim::pool_connection] New job: wwnKSqHeJUTmfZXP (difficulty: 63281, target: 1f090100)
[2026-09-06T21:22:35Z INFO  minertim] H/s 1m:2221.6 5m:2155.7 10m:2018.6 | Shares: 13/0 (found:13) | Diff: 63281 | 1m38s elapsed (since last share, avg 28s) | best=12180 target=67871 (557%)
[2026-09-06T21:22:45Z INFO  minertim] H/s 1m:2222.0 5m:2151.9 10m:2022.5 | Shares: 13/0 (found:13) | Diff: 63281 | 1m48s elapsed (since last share, avg 28s) | best=12180 target=67871 (557%)
[2026-09-06T21:22:52Z INFO  minertim::miner] Worker 2 SHARE FOUND! job_id=wwnKSqHeJUTmfZXP, nonce=d2f41000, hash_val=44145, difficulty=63281, hash=eee04656c475c7c2c6c04a48128e08a672cc188c4b15d067441919a471ac0000
[2026-09-06T21:22:52Z INFO  minertim::pool_connection] New job: zTwOTHigMjj7gArV (difficulty: 63281, target: 1f090100)
[2026-09-06T21:22:52Z INFO  minertim::pool_connection] Share accepted by pool
[2026-09-06T21:22:55Z INFO  minertim] H/s 1m:2221.8 5m:2155.1 10m:2026.3 | Shares: 14/0 (found:14) | Diff: 63281 | 3s elapsed (since last share, avg 28s) | best=12180 target=67871 (557%)
[2026-09-06T21:23:02Z INFO  minertim::miner] Worker 2 SHARE FOUND! job_id=zTwOTHigMjj7gArV, nonce=a2471100, hash_val=37039, difficulty=63281, hash=d23621aa4ab9b3546b049a4afdbe5564e29531ca81a44276a63aaf00af900000
[2026-09-06T21:23:02Z INFO  minertim::pool_connection] New job: ZEbHcZEkzi1myN1p (difficulty: 63281, target: 1f090100)
[2026-09-06T21:23:03Z INFO  minertim::pool_connection] Share accepted by pool
[2026-09-06T21:23:05Z INFO  minertim] H/s 1m:2220.2 5m:2151.2 10m:2029.7 | Shares: 15/0 (found:15) | Diff: 63281 | 3s elapsed (since last share, avg 28s) | best=12180 target=67871 (557%)
[2026-09-06T21:23:15Z INFO  minertim] H/s 1m:2213.8 5m:2146.1 10m:2032.6 | Shares: 15/0 (found:15) | Diff: 63281 | 13s elapsed (since last share, avg 28s) | best=12180 target=67871 (557%)
[2026-09-06T21:23:22Z INFO  minertim::pool_connection] New job: gRl9uGCzvby0qnGE (difficulty: 63281, target: 1f090100)
[2026-09-06T21:23:25Z INFO  minertim] H/s 1m:2213.0 5m:2157.7 10m:2035.9 | Shares: 15/0 (found:15) | Diff: 63281 | 23s elapsed (since last share, avg 28s) | best=12180 target=67871 (557%)
[2026-09-06T21:23:35Z INFO  minertim] H/s 1m:2212.4 5m:2164.6 10m:2039.2 | Shares: 15/0 (found:15) | Diff: 63281 | 33s elapsed (since last share, avg 28s) | best=12180 target=67871 (557%)
[2026-09-06T21:23:42Z INFO  minertim::pool_connection] New job: sUfTcvyMq28OthrV (difficulty: 63281, target: 1f090100)
[2026-09-06T21:23:45Z INFO  minertim] H/s 1m:2212.2 5m:2201.8 10m:2042.3 | Shares: 15/0 (found:15) | Diff: 63281 | 43s elapsed (since last share, avg 28s) | best=12180 target=67871 (557%)
[2026-09-06T21:23:49Z INFO  minertim::miner] Worker 2 SHARE FOUND! job_id=sUfTcvyMq28OthrV, nonce=02da1200, hash_val=11256, difficulty=63281, hash=82c6731d33666c0907cf585980b0a2324f54b0179f96daf202ef1f2af82b0000
[2026-09-06T21:23:55Z INFO  minertim] H/s 1m:2160.3 5m:2197.6 10m:2040.8 | Shares: 15/0 (found:16) | Diff: 63281 | 6s elapsed (since last share, avg 29s) | best=11256 target=67871 (603%)
[2026-09-06T21:24:02Z INFO  minertim::pool_connection] New job: cUQcjjfkRyNwOivd (difficulty: 63281, target: 1f090100)
[2026-09-06T21:24:02Z INFO  minertim::pool_connection] Share accepted by pool
[2026-09-06T21:24:03Z INFO  minertim::miner] Worker 3 SHARE FOUND! job_id=cUQcjjfkRyNwOivd, nonce=4b7e1300, hash_val=10289, difficulty=63281, hash=e530dc56acf98aa130ae12c2284f9a1c0a025d48a88c15d9b363c49931280000
[2026-09-06T21:24:05Z INFO  minertim] H/s 1m:2101.1 5m:2182.6 10m:2072.9 | Shares: 16/0 (found:17) | Diff: 63281 | 1s elapsed (since last share, avg 30s) | best=10289 target=67871 (660%)
[2026-09-06T21:24:15Z INFO  minertim] H/s 1m:1996.7 5m:2161.3 10m:2101.7 | Shares: 16/0 (found:17) | Diff: 63281 | 11s elapsed (since last share, avg 31s) | best=10289 target=67871 (660%)
[2026-09-06T21:24:22Z INFO  minertim::pool_connection] New job: AZ196x09aRkj2s8i (difficulty: 63281, target: 1f090100)
[2026-09-06T21:24:22Z INFO  minertim::pool_connection] Share accepted by pool
[2026-09-06T21:24:25Z INFO  minertim] H/s 1m:1918.8 5m:2144.0 10m:2132.7 | Shares: 17/0 (found:17) | Diff: 63281 | 21s elapsed (since last share, avg 32s) | best=10289 target=67871 (660%)
[2026-09-06T21:24:35Z INFO  minertim::pool_connection] New job: 87nXHP06Ac9JiGsz (difficulty: 63281, target: 1f090100)
[2026-09-06T21:24:35Z INFO  minertim] H/s 1m:1920.1 5m:2140.6 10m:2130.6 | Shares: 17/0 (found:17) | Diff: 63281 | 31s elapsed (since last share, avg 32s) | best=10289 target=67871 (660%)
[2026-09-06T21:24:45Z INFO  minertim] H/s 1m:1973.9 5m:2137.1 10m:2128.3 | Shares: 17/0 (found:17) | Diff: 63281 | 41s elapsed (since last share, avg 32s) | best=10289 target=67871 (660%)
[2026-09-06T21:24:55Z INFO  minertim::pool_connection] New job: BUMxJjXu0wDpT3lf (difficulty: 63281, target: 1f090100)
[2026-09-06T21:24:55Z INFO  minertim] H/s 1m:2040.1 5m:2133.3 10m:2133.5 | Shares: 17/0 (found:17) | Diff: 63281 | 51s elapsed (since last share, avg 31s) | best=10289 target=67871 (660%)
[2026-09-06T21:24:55Z INFO  minertim::miner] Worker 2 SHARE FOUND! job_id=BUMxJjXu0wDpT3lf, nonce=baae1400, hash_val=14665, difficulty=63281, hash=5133f1b45dc118136f1bbf32d65a1fd406c9a14440f18905821924f449390000
[2026-09-06T21:25:02Z INFO  minertim::miner] Worker 3 SHARE FOUND! job_id=BUMxJjXu0wDpT3lf, nonce=dfdc1400, hash_val=41925, difficulty=63281, hash=b4d11a0049311a8f3fb548bd551bb688c68a9fa97ee10a2fd6bcb9d9c5a30000
[2026-09-06T21:25:05Z INFO  minertim] H/s 1m:2038.5 5m:2111.1 10m:2132.2 | Shares: 17/0 (found:19) | Diff: 63281 | 2s elapsed (since last share, avg 31s) | best=10289 target=67871 (660%)
[2026-09-06T21:25:07Z INFO  minertim::miner] Worker 0 SHARE FOUND! job_id=BUMxJjXu0wDpT3lf, nonce=bc3d1300, hash_val=7100, difficulty=63281, hash=063d40affc6945e057e9e871e8b9e05d0f8911aeb8327fb30ae2a537bc1b0000
[2026-09-06T21:25:14Z INFO  minertim::pool_connection] New job: HuDZkFnxZNDv3mVt (difficulty: 63281, target: 1f090100)
[2026-09-06T21:25:15Z INFO  minertim::pool_connection] Share accepted by pool
[2026-09-06T21:25:15Z INFO  minertim::pool_connection] Share accepted by pool
[2026-09-06T21:25:15Z INFO  minertim::pool_connection] Share accepted by pool
[2026-09-06T21:25:15Z INFO  minertim] H/s 1m:1882.2 5m:2066.7 10m:2115.4 | Shares: 20/0 (found:20) | Diff: 63281 | 8s elapsed (since last share, avg 33s) | best=7100 target=67871 (956%)
[2026-09-06T21:25:23Z INFO  minertim::miner] Worker 3 SHARE FOUND! job_id=HuDZkFnxZNDv3mVt, nonce=0f2b1500, hash_val=56390, difficulty=63281, hash=e477baf9a1cfc76b797afb982cb614c231d8721eb1534b5d0ed3d6ae46dc0000
[2026-09-06T21:25:25Z INFO  minertim] H/s 1m:1830.7 5m:2054.2 10m:2119.2 | Shares: 20/0 (found:21) | Diff: 63281 | 1s elapsed (since last share, avg 34s) | best=7100 target=67871 (956%)
[2026-09-06T21:25:27Z INFO  minertim::miner] Worker 1 SHARE FOUND! job_id=HuDZkFnxZNDv3mVt, nonce=31681600, hash_val=29027, difficulty=63281, hash=0962be3f45e25372789f5963399f23600f512018ffdb923bc3cfd97763710000
[2026-09-06T21:25:34Z INFO  minertim::pool_connection] New job: L2qFkKh77OX9W8rA (difficulty: 63281, target: 1f090100)
[2026-09-06T21:25:35Z INFO  minertim::pool_connection] Share accepted by pool
[2026-09-06T21:25:35Z INFO  minertim::pool_connection] Share accepted by pool
[2026-09-06T21:25:35Z INFO  minertim] H/s 1m:1738.1 5m:2034.2 10m:2119.8 | Shares: 22/0 (found:22) | Diff: 63281 | 8s elapsed (since last share, avg 36s) | best=7100 target=67871 (956%)
[2026-09-06T21:25:45Z INFO  minertim] H/s 1m:1738.5 5m:2030.5 10m:2128.2 | Shares: 22/0 (found:22) | Diff: 63281 | 18s elapsed (since last share, avg 36s) | best=7100 target=67871 (956%)
[2026-09-06T21:25:54Z INFO  minertim::pool_connection] New job: sVvHnveNwogWkoep (difficulty: 63281, target: 1f090100)
[2026-09-06T21:25:55Z INFO  minertim] H/s 1m:1845.6 5m:2037.5 10m:2131.6 | Shares: 22/0 (found:22) | Diff: 63281 | 28s elapsed (since last share, avg 34s) | best=7100 target=67871 (956%)
[2026-09-06T21:25:55Z INFO  minertim::pool_connection] New job: UmpsCE770i0ZnFGo (difficulty: 94922, target: bfb00000)
[2026-09-06T21:26:01Z INFO  minertim::miner] Worker 0 SHARE FOUND! job_id=UmpsCE770i0ZnFGo, nonce=0cd51400, hash_val=5068, difficulty=94922, hash=97489ad66939217cf8a66e275316d95376c3e7aaa1d974478be96271cc130000
[2026-09-06T21:26:05Z INFO  minertim] H/s 1m:2027.5 5m:2046.4 10m:2125.3 | Shares: 22/0 (found:23) | Diff: 94922 | 4s elapsed (since last share, avg 46s) | best=5068 target=45247 (893%)
[2026-09-06T21:26:14Z INFO  minertim::pool_connection] New job: qXOo75biCncSxzbv (difficulty: 94922, target: bfb00000)
[2026-09-06T21:26:14Z INFO  minertim::pool_connection] Share accepted by pool
[2026-09-06T21:26:15Z INFO  minertim] H/s 1m:1989.6 5m:2049.2 10m:2115.6 | Shares: 23/0 (found:23) | Diff: 94922 | 14s elapsed (since last share, avg 47s) | best=5068 target=45247 (893%)
[2026-09-06T21:26:25Z INFO  minertim] H/s 1m:2081.6 5m:2062.7 10m:2113.7 | Shares: 23/0 (found:23) | Diff: 94922 | 24s elapsed (since last share, avg 45s) | best=5068 target=45247 (893%)
[2026-09-06T21:26:34Z INFO  minertim::pool_connection] New job: VvPFsN300oM1P4nc (difficulty: 94922, target: bfb00000)
[2026-09-06T21:26:35Z INFO  minertim] H/s 1m:2080.7 5m:2060.6 10m:2111.8 | Shares: 23/0 (found:23) | Diff: 94922 | 34s elapsed (since last share, avg 45s) | best=5068 target=45247 (893%)
[2026-09-06T21:26:45Z INFO  minertim] H/s 1m:2079.6 5m:2060.4 10m:2109.8 | Shares: 23/0 (found:23) | Diff: 94922 | 44s elapsed (since last share, avg 45s) | best=5068 target=45247 (893%)
[2026-09-06T21:26:54Z INFO  minertim::pool_connection] New job: xJQaLL5j9wltKesW (difficulty: 94922, target: bfb00000)
[2026-09-06T21:26:55Z INFO  minertim] H/s 1m:2131.9 5m:2060.4 10m:2108.0 | Shares: 23/0 (found:23) | Diff: 94922 | 54s elapsed (since last share, avg 44s) | best=5068 target=45247 (893%)
[2026-09-06T21:27:05Z INFO  minertim::miner] Worker 0 SHARE FOUND! job_id=xJQaLL5j9wltKesW, nonce=04911600, hash_val=3511, difficulty=94922, hash=8f4dd448ea39013a7217122ac4d79bc451f8076bd4378f8cc32d29edb70d0000
[2026-09-06T21:27:05Z INFO  minertim] H/s 1m:2219.9 5m:2060.3 10m:2111.0 | Shares: 23/0 (found:24) | Diff: 94922 | 0s elapsed (since last share, avg 42s) | best=3511 target=45247 (999%)
[2026-09-06T21:27:14Z INFO  minertim::pool_connection] New job: HcsGsJ97rjPqik0X (difficulty: 94922, target: bfb00000)
[2026-09-06T21:27:14Z INFO  minertim::pool_connection] Share accepted by pool
[2026-09-06T21:27:15Z INFO  minertim] H/s 1m:2128.5 5m:2044.6 10m:2106.1 | Shares: 24/0 (found:24) | Diff: 94922 | 10s elapsed (since last share, avg 44s) | best=3511 target=45247 (999%)
[2026-09-06T21:27:25Z INFO  minertim] H/s 1m:2128.3 5m:2044.5 10m:2104.0 | Shares: 24/0 (found:24) | Diff: 94922 | 20s elapsed (since last share, avg 44s) | best=3511 target=45247 (999%)
[2026-09-06T21:27:34Z INFO  minertim::pool_connection] New job: olYxFIgXhCbzXDRI (difficulty: 94922, target: bfb00000)
[2026-09-06T21:27:35Z INFO  minertim] H/s 1m:2128.7 5m:2044.4 10m:2102.2 | Shares: 24/0 (found:24) | Diff: 94922 | 30s elapsed (since last share, avg 44s) | best=3511 target=45247 (999%)
[2026-09-06T21:27:41Z INFO  minertim::miner] Worker 0 SHARE FOUND! job_id=olYxFIgXhCbzXDRI, nonce=a4781700, hash_val=1317, difficulty=94922, hash=4cc08ae0d4f98f999802fc53fa50675edda5f38a3128a9c81d0130c625050000
[2026-09-06T21:27:45Z INFO  minertim] H/s 1m:2075.8 5m:2035.3 10m:2095.7 | Shares: 24/0 (found:25) | Diff: 94922 | 4s elapsed (since last share, avg 45s) | best=1317 target=45247 (999%)
[2026-09-06T21:27:54Z INFO  minertim::pool_connection] New job: PnRpve8DIcxHVk7A (difficulty: 94922, target: bfb00000)
[2026-09-06T21:27:54Z INFO  minertim::pool_connection] Share accepted by pool
[2026-09-06T21:27:55Z INFO  minertim] H/s 1m:1991.4 5m:2020.9 10m:2090.1 | Shares: 25/0 (found:25) | Diff: 94922 | 14s elapsed (since last share, avg 47s) | best=1317 target=45247 (999%)
[2026-09-06T21:28:05Z INFO  minertim] H/s 1m:2082.3 5m:2021.9 10m:2088.3 | Shares: 25/0 (found:25) | Diff: 94922 | 24s elapsed (since last share, avg 45s) | best=1317 target=45247 (999%)
[2026-09-06T21:28:13Z INFO  minertim::pool_connection] New job: rgraMx0co9SiiJhX (difficulty: 94922, target: bfb00000)
[2026-09-06T21:28:15Z INFO  minertim] H/s 1m:2082.9 5m:2022.1 10m:2086.4 | Shares: 25/0 (found:25) | Diff: 94922 | 34s elapsed (since last share, avg 45s) | best=1317 target=45247 (999%)
[2026-09-06T21:28:25Z INFO  minertim] H/s 1m:2082.9 5m:2022.0 10m:2092.1 | Shares: 25/0 (found:25) | Diff: 94922 | 44s elapsed (since last share, avg 45s) | best=1317 target=45247 (999%)
[2026-09-06T21:28:33Z INFO  minertim::pool_connection] New job: Tevk7EYvS3Jd50Un (difficulty: 94922, target: bfb00000)
[2026-09-06T21:28:35Z INFO  minertim] H/s 1m:2135.4 5m:2022.0 10m:2095.4 | Shares: 25/0 (found:25) | Diff: 94922 | 54s elapsed (since last share, avg 44s) | best=1317 target=45247 (999%)
[2026-09-06T21:28:45Z INFO  minertim] H/s 1m:2220.1 5m:2031.2 10m:2113.8 | Shares: 25/0 (found:25) | Diff: 94922 | 1m4s elapsed (since last share, avg 42s) | best=1317 target=45247 (999%)
[2026-09-06T21:28:53Z INFO  minertim::pool_connection] New job: 6ins30MCS8ShKdAh (difficulty: 94922, target: bfb00000)
[2026-09-06T21:28:55Z INFO  minertim] H/s 1m:2220.2 5m:2042.5 10m:2116.1 | Shares: 25/0 (found:25) | Diff: 94922 | 1m14s elapsed (since last share, avg 42s) | best=1317 target=45247 (999%)
[2026-09-06T21:29:05Z INFO  minertim] H/s 1m:2219.8 5m:2060.5 10m:2114.4 | Shares: 25/0 (found:25) | Diff: 94922 | 1m24s elapsed (since last share, avg 42s) | best=1317 target=45247 (999%)
[2026-09-06T21:29:13Z INFO  minertim::pool_connection] New job: bReyboHpqRYoyJd2 (difficulty: 94922, target: bfb00000)
[2026-09-06T21:29:15Z INFO  minertim] H/s 1m:2219.8 5m:2073.9 10m:2112.8 | Shares: 25/0 (found:25) | Diff: 94922 | 1m34s elapsed (since last share, avg 42s) | best=1317 target=45247 (999%)
[2026-09-06T21:29:25Z INFO  minertim] H/s 1m:2219.5 5m:2073.6 10m:2110.8 | Shares: 25/0 (found:25) | Diff: 94922 | 1m44s elapsed (since last share, avg 42s) | best=1317 target=45247 (999%)
[2026-09-06T21:29:26Z INFO  minertim::miner] Worker 0 SHARE FOUND! job_id=bReyboHpqRYoyJd2, nonce=a49a1a00, hash_val=7768, difficulty=94922, hash=5edf7291d9b5a1905e7bc4ee0c6557a02497bf3990d80e6feeded09b581e0000
[2026-09-06T21:29:29Z INFO  minertim::miner] Worker 2 SHARE FOUND! job_id=bReyboHpqRYoyJd2, nonce=5a5b1d00, hash_val=21155, difficulty=94922, hash=c8623d42e58092901ca9a15c93e76f30b55d25e7c291d856acb9cf94a3520000
[2026-09-06T21:29:33Z INFO  minertim::pool_connection] New job: qHSVi0YEo0pF0HDZ (difficulty: 94922, target: bfb00000)
[2026-09-06T21:29:33Z INFO  minertim::pool_connection] Share accepted by pool
[2026-09-06T21:29:34Z INFO  minertim::pool_connection] Share accepted by pool
[2026-09-06T21:29:35Z INFO  minertim] H/s 1m:2080.7 5m:2049.6 10m:2097.3 | Shares: 27/0 (found:27) | Diff: 94922 | 6s elapsed (since last share, avg 45s) | best=1317 target=45247 (999%)
[2026-09-06T21:29:45Z INFO  minertim] H/s 1m:2081.3 5m:2049.6 10m:2095.5 | Shares: 27/0 (found:27) | Diff: 94922 | 16s elapsed (since last share, avg 45s) | best=1317 target=45247 (999%)
[2026-09-06T21:29:53Z INFO  minertim::pool_connection] New job: grpsHntocM9No8l0 (difficulty: 94922, target: bfb00000)
[2026-09-06T21:29:55Z INFO  minertim] H/s 1m:2081.3 5m:2067.9 10m:2093.6 | Shares: 27/0 (found:27) | Diff: 94922 | 26s elapsed (since last share, avg 45s) | best=1317 target=45247 (999%)
[2026-09-06T21:29:59Z INFO  minertim::miner] Worker 1 SHARE FOUND! job_id=grpsHntocM9No8l0, nonce=b96b1f00, hash_val=40250, difficulty=94922, hash=fcb68f3c8217a96f72077a2bb3e05c05a9419d56de9d4b11a6381bfa3a9d0000
[2026-09-06T21:30:05Z INFO  minertim] H/s 1m:1973.5 5m:2089.7 10m:2082.6 | Shares: 27/0 (found:28) | Diff: 94922 | 6s elapsed (since last share, avg 48s) | best=1317 target=45247 (999%)
[2026-09-06T21:30:11Z INFO  minertim::pool_connection] New job: fcWJoQDrZLyxZG7T (difficulty: 94922, target: bfb00000)
[2026-09-06T21:30:11Z INFO  minertim::pool_connection] Share accepted by pool
[2026-09-06T21:30:15Z INFO  minertim] H/s 1m:1918.1 5m:2088.7 10m:2075.8 | Shares: 28/0 (found:28) | Diff: 94922 | 16s elapsed (since last share, avg 49s) | best=1317 target=45247 (999%)
[2026-09-06T21:30:25Z INFO  minertim] H/s 1m:2057.2 5m:2104.6 10m:2074.0 | Shares: 28/0 (found:28) | Diff: 94922 | 26s elapsed (since last share, avg 46s) | best=1317 target=45247 (999%)
[2026-09-06T21:30:26Z INFO  minertim::miner] Worker 3 SHARE FOUND! job_id=fcWJoQDrZLyxZG7T, nonce=4b1d1f00, hash_val=2590, difficulty=94922, hash=1e4b5b46733a6d02eaafe8352ce47b9a6edf0e53f5bdbb7a6d3404501e0a0000
[2026-09-06T21:30:31Z INFO  minertim::pool_connection] New job: 0rI20YEfKDvm2s8Z (difficulty: 94922, target: bfb00000)
[2026-09-06T21:30:31Z INFO  minertim::pool_connection] Share accepted by pool
[2026-09-06T21:30:35Z INFO  minertim] H/s 1m:1968.1 5m:2089.2 10m:2064.5 | Shares: 29/0 (found:29) | Diff: 94922 | 9s elapsed (since last share, avg 48s) | best=1317 target=45247 (999%)
[2026-09-06T21:30:45Z INFO  minertim] H/s 1m:1968.7 5m:2089.1 10m:2062.6 | Shares: 29/0 (found:29) | Diff: 94922 | 19s elapsed (since last share, avg 48s) | best=1317 target=45247 (999%)
[2026-09-06T21:30:50Z INFO  minertim::pool_connection] New job: mrHIE5LqlqtMT0yf (difficulty: 94922, target: bfb00000)
[2026-09-06T21:30:55Z INFO  minertim] H/s 1m:2076.7 5m:2098.2 10m:2066.0 | Shares: 29/0 (found:29) | Diff: 94922 | 29s elapsed (since last share, avg 45s) | best=1317 target=45247 (999%)
[2026-09-06T21:31:05Z INFO  minertim] H/s 1m:2132.7 5m:2113.4 10m:2074.8 | Shares: 29/0 (found:29) | Diff: 94922 | 39s elapsed (since last share, avg 44s) | best=1317 target=45247 (999%)
[2026-09-06T21:31:10Z INFO  minertim::pool_connection] New job: gtWmV26KRfzN7n72 (difficulty: 94922, target: bfb00000)
[2026-09-06T21:31:15Z INFO  minertim] H/s 1m:2132.5 5m:2113.4 10m:2083.6 | Shares: 29/0 (found:29) | Diff: 94922 | 49s elapsed (since last share, avg 44s) | best=1317 target=45247 (999%)
[2026-09-06T21:31:20Z INFO  minertim::miner] Worker 2 SHARE FOUND! job_id=gtWmV26KRfzN7n72, nonce=1efc2000, hash_val=15575, difficulty=94922, hash=4eacd6cb8f6bf7bb9c5398009e58a079044826756be5d148cfc7f8d6d73c0000
[2026-09-06T21:31:25Z INFO  minertim] H/s 1m:2166.7 5m:2104.0 10m:2085.6 | Shares: 29/0 (found:30) | Diff: 94922 | 5s elapsed (since last share, avg 43s) | best=1317 target=45247 (999%)
[2026-09-06T21:31:30Z INFO  minertim::pool_connection] New job: 15qvavgYDNGQQJGq (difficulty: 94922, target: bfb00000)
[2026-09-06T21:31:30Z INFO  minertim::pool_connection] Share accepted by pool
[2026-09-06T21:31:35Z INFO  minertim] H/s 1m:2147.7 5m:2100.9 10m:2083.1 | Shares: 30/0 (found:30) | Diff: 94922 | 15s elapsed (since last share, avg 44s) | best=1317 target=45247 (999%)
[2026-09-06T21:31:45Z INFO  minertim] H/s 1m:2177.6 5m:2106.0 10m:2085.6 | Shares: 30/0 (found:30) | Diff: 94922 | 25s elapsed (since last share, avg 43s) | best=1317 target=45247 (999%)
[2026-09-06T21:31:50Z INFO  minertim::pool_connection] New job: RyuN0CWOH6cDzM6Y (difficulty: 94922, target: bfb00000)
[2026-09-06T21:31:53Z INFO  minertim::pool_connection] New job: e1OvCrxR1EyXjPCJ (difficulty: 94922, target: bfb00000)
[2026-09-06T21:31:53Z INFO  minertim::miner] Worker 0 SHARE FOUND! job_id=e1OvCrxR1EyXjPCJ, nonce=8c6c1f00, hash_val=26056, difficulty=94922, hash=60147a9ca62810c045a14c1004d9376721ae628e5b027e46ff6f949fc8650000
[2026-09-06T21:31:55Z INFO  minertim::pool_connection] Share accepted by pool
[2026-09-06T21:31:56Z INFO  minertim] H/s 1m:2206.2 5m:2111.0 10m:2088.0 | Shares: 31/0 (found:31) | Diff: 94922 | 2s elapsed (since last share, avg 43s) | best=1317 target=45247 (999%)
[2026-09-06T21:31:58Z INFO  minertim::miner] Worker 3 SHARE FOUND! job_id=e1OvCrxR1EyXjPCJ, nonce=6b2b2200, hash_val=15311, difficulty=94922, hash=ca3f44c3f0364cfa33029926f5d02d6f467d88940c159ac593255673cf3b0000
[2026-09-06T21:32:06Z INFO  minertim] H/s 1m:2179.4 5m:2122.2 10m:2085.7 | Shares: 31/0 (found:32) | Diff: 94922 | 7s elapsed (since last share, avg 43s) | best=1317 target=45247 (999%)
[2026-09-06T21:32:13Z INFO  minertim::pool_connection] New job: hrISgc8htV9v0GRi (difficulty: 94922, target: bfb00000)
[2026-09-06T21:32:13Z INFO  minertim::pool_connection] Share accepted by pool
[2026-09-06T21:32:16Z INFO  minertim] H/s 1m:2180.4 5m:2113.0 10m:2081.2 | Shares: 32/0 (found:32) | Diff: 94922 | 17s elapsed (since last share, avg 43s) | best=1317 target=45247 (999%)
[2026-09-06T21:32:19Z INFO  minertim::pool_connection] New job: uWHtLY20Ur4f900g (difficulty: 94922, target: bfb00000)
[2026-09-06T21:32:26Z INFO  minertim] H/s 1m:2228.5 5m:2118.1 10m:2083.7 | Shares: 32/0 (found:32) | Diff: 94922 | 27s elapsed (since last share, avg 42s) | best=1317 target=45247 (999%)
[2026-09-06T21:32:29Z INFO  minertim::miner] Worker 3 SHARE FOUND! job_id=uWHtLY20Ur4f900g, nonce=8fc02200, hash_val=39372, difficulty=94922, hash=c382647a3b390e30ae9cfbf41f2fdc69ac36de88c58154cab10d4c76cc990000
[2026-09-06T21:32:36Z INFO  minertim] H/s 1m:2170.7 5m:2122.4 10m:2081.2 | Shares: 32/0 (found:33) | Diff: 94922 | 6s elapsed (since last share, avg 43s) | best=1317 target=45247 (999%)
[2026-09-06T21:32:39Z INFO  minertim::pool_connection] New job: lZg4VRRftEntC3GS (difficulty: 94922, target: bfb00000)
[2026-09-06T21:32:39Z INFO  minertim::pool_connection] Share accepted by pool
[2026-09-06T21:32:46Z INFO  minertim] H/s 1m:2128.5 5m:2134.7 10m:2080.1 | Shares: 33/0 (found:33) | Diff: 94922 | 16s elapsed (since last share, avg 44s) | best=1317 target=45247 (999%)
[2026-09-06T21:32:56Z INFO  minertim] H/s 1m:2182.9 5m:2139.5 10m:2082.5 | Shares: 33/0 (found:33) | Diff: 94922 | 26s elapsed (since last share, avg 43s) | best=1317 target=45247 (999%)
[2026-09-06T21:32:59Z INFO  minertim::pool_connection] New job: SFHyzJL1P8DD9EW7 (difficulty: 94922, target: bfb00000)
[2026-09-06T21:33:06Z INFO  minertim] H/s 1m:2242.7 5m:2140.5 10m:2083.6 | Shares: 33/0 (found:33) | Diff: 94922 | 36s elapsed (since last share, avg 42s) | best=1317 target=45247 (999%)
[2026-09-06T21:33:16Z INFO  minertim] H/s 1m:2217.7 5m:2141.3 10m:2084.1 | Shares: 33/0 (found:33) | Diff: 94922 | 46s elapsed (since last share, avg 42s) | best=1317 target=45247 (999%)
[2026-09-06T21:33:19Z INFO  minertim::pool_connection] New job: XEDs2R6YkpV1SXNN (difficulty: 94922, target: bfb00000)
[2026-09-06T21:33:26Z INFO  minertim] H/s 1m:2251.6 5m:2142.4 10m:2084.5 | Shares: 33/0 (found:33) | Diff: 94922 | 56s elapsed (since last share, avg 42s) | best=1317 target=45247 (999%)
[2026-09-06T21:33:36Z INFO  minertim] H/s 1m:2269.9 5m:2143.2 10m:2085.0 | Shares: 33/0 (found:33) | Diff: 94922 | 1m6s elapsed (since last share, avg 41s) | best=1317 target=45247 (999%)
[2026-09-06T21:33:38Z INFO  minertim::pool_connection] New job: CMpsV9A183bODYen (difficulty: 94922, target: bfb00000)
[2026-09-06T21:33:46Z INFO  minertim] H/s 1m:2246.3 5m:2144.0 10m:2089.8 | Shares: 33/0 (found:33) | Diff: 94922 | 1m16s elapsed (since last share, avg 42s) | best=1317 target=45247 (999%)
[2026-09-06T21:33:56Z INFO  minertim] H/s 1m:2245.5 5m:2144.9 10m:2095.9 | Shares: 33/0 (found:33) | Diff: 94922 | 1m26s elapsed (since last share, avg 42s) | best=1317 target=45247 (999%)
[2026-09-06T21:33:58Z INFO  minertim::pool_connection] New job: gLtT9myu9Y8EyMI5 (difficulty: 94922, target: bfb00000)
[2026-09-06T21:34:01Z INFO  minertim::miner] Worker 1 SHARE FOUND! job_id=gLtT9myu9Y8EyMI5, nonce=517d2700, hash_val=33202, difficulty=94922, hash=e4098ab1c7f7ff290b5cf0eced3fe9fbe7a4bdd9f5160849c9b724edb2810000
[2026-09-06T21:34:06Z INFO  minertim] H/s 1m:2247.3 5m:2146.1 10m:2105.3 | Shares: 33/0 (found:34) | Diff: 94922 | 4s elapsed (since last share, avg 42s) | best=1317 target=45247 (999%)
[2026-09-06T21:34:16Z INFO  minertim] H/s 1m:2139.6 5m:2128.7 10m:2103.3 | Shares: 33/0 (found:34) | Diff: 94922 | 14s elapsed (since last share, avg 44s) | best=1317 target=45247 (999%)
[2026-09-06T21:34:18Z INFO  minertim::pool_connection] New job: Dq00d0hO757ielJE (difficulty: 94922, target: bfb00000)
[2026-09-06T21:34:18Z INFO  minertim::pool_connection] Share accepted by pool
[2026-09-06T21:34:26Z INFO  minertim] H/s 1m:2094.0 5m:2145.5 10m:2099.7 | Shares: 34/0 (found:34) | Diff: 94922 | 24s elapsed (since last share, avg 45s) | best=1317 target=45247 (999%)
[2026-09-06T21:34:36Z INFO  minertim] H/s 1m:2094.5 5m:2146.3 10m:2100.0 | Shares: 34/0 (found:34) | Diff: 94922 | 34s elapsed (since last share, avg 45s) | best=1317 target=45247 (999%)
[2026-09-06T21:34:37Z INFO  minertim::pool_connection] New job: npMraoW7RCmsYs0o (difficulty: 94922, target: bfb00000)
[2026-09-06T21:34:43Z INFO  minertim::miner] Worker 0 SHARE FOUND! job_id=npMraoW7RCmsYs0o, nonce=b84e2500, hash_val=16679, difficulty=94922, hash=6bed146d693e5f7fcb4e20e00b4c2092e49abef092e256547015808727410000
[2026-09-06T21:34:46Z INFO  minertim] H/s 1m:2037.8 5m:2137.4 10m:2095.7 | Shares: 34/0 (found:35) | Diff: 94922 | 2s elapsed (since last share, avg 46s) | best=1317 target=45247 (999%)
[2026-09-06T21:34:46Z INFO  minertim::miner] Worker 1 SHARE FOUND! job_id=npMraoW7RCmsYs0o, nonce=05752800, hash_val=506, difficulty=94922, hash=4ec0e96fe61a35e8789c0b6a081b589de2dde5d0841b53c2bd99c15cfa010000
[2026-09-06T21:34:51Z INFO  minertim::miner] Worker 2 SHARE FOUND! job_id=npMraoW7RCmsYs0o, nonce=ee0c2800, hash_val=2882, difficulty=94922, hash=5fc208b4597c6a69140775b6ff8dd42fd1bf58cfc141d35c81be27bc420b0000
[2026-09-06T21:34:56Z INFO  minertim] H/s 1m:1764.9 5m:2110.1 10m:2082.1 | Shares: 34/0 (found:37) | Diff: 94922 | 4s elapsed (since last share, avg 53s) | best=506 target=45247 (999%)
[2026-09-06T21:34:57Z INFO  minertim::pool_connection] New job: ushPnFJcN0LuDcQA (difficulty: 94922, target: bfb00000)
[2026-09-06T21:34:57Z INFO  minertim::pool_connection] Share accepted by pool
[2026-09-06T21:34:58Z INFO  minertim::pool_connection] Share accepted by pool
[2026-09-06T21:34:58Z INFO  minertim::pool_connection] Share accepted by pool
[2026-09-06T21:35:06Z INFO  minertim] H/s 1m:1782.1 5m:2105.2 10m:2094.8 | Shares: 37/0 (found:37) | Diff: 94922 | 14s elapsed (since last share, avg 53s) | best=506 target=45247 (999%)
[2026-09-06T21:35:11Z INFO  minertim::miner] Worker 0 SHARE FOUND! job_id=ushPnFJcN0LuDcQA, nonce=80c42500, hash_val=33296, difficulty=94922, hash=fa282a4fac1b5d9c8ee98f10280f7afe0af252baa37b35ab623fe3a710820000
[2026-09-06T21:35:16Z INFO  minertim] H/s 1m:1772.0 5m:2096.4 10m:2094.7 | Shares: 37/0 (found:38) | Diff: 94922 | 5s elapsed (since last share, avg 53s) | best=506 target=45247 (999%)
[2026-09-06T21:35:17Z INFO  minertim::pool_connection] New job: Ee0eJZm4gK08QuI0 (difficulty: 94922, target: bfb00000)
[2026-09-06T21:35:17Z INFO  minertim::pool_connection] Share accepted by pool
[2026-09-06T21:35:26Z INFO  minertim] H/s 1m:1756.4 5m:2109.8 10m:2101.6 | Shares: 38/0 (found:38) | Diff: 94922 | 15s elapsed (since last share, avg 54s) | best=506 target=45247 (999%)
[2026-09-06T21:35:27Z INFO  minertim::miner] Worker 2 SHARE FOUND! job_id=Ee0eJZm4gK08QuI0, nonce=c2122900, hash_val=4820, difficulty=94922, hash=04d60a73dc8c6324d46f28f5c92037645a03c0391e05404bc2903effd4120000
[2026-09-06T21:35:36Z INFO  minertim] H/s 1m:1703.4 5m:2091.7 10m:2092.7 | Shares: 38/0 (found:39) | Diff: 94922 | 8s elapsed (since last share, avg 55s) | best=506 target=45247 (999%)
[2026-09-06T21:35:37Z INFO  minertim::pool_connection] New job: B0bHANEdv0uxhfCe (difficulty: 94922, target: bfb00000)
[2026-09-06T21:35:37Z INFO  minertim::pool_connection] Share accepted by pool
[2026-09-06T21:35:46Z INFO  minertim] H/s 1m:1974.1 5m:2092.4 10m:2093.0 | Shares: 39/0 (found:39) | Diff: 94922 | 18s elapsed (since last share, avg 48s) | best=506 target=45247 (999%)
[2026-09-06T21:35:54Z INFO  minertim::miner] Worker 3 SHARE FOUND! job_id=B0bHANEdv0uxhfCe, nonce=b7862900, hash_val=21386, difficulty=94922, hash=d72c3e950635a1b7d41de4bb98cc172982e1200e03959e0e0a67163b8a530000
[2026-09-06T21:35:56Z INFO  minertim] H/s 1m:2063.8 5m:2093.3 10m:2097.9 | Shares: 39/0 (found:40) | Diff: 94922 | 1s elapsed (since last share, avg 45s) | best=506 target=45247 (999%)
[2026-09-06T21:35:56Z INFO  minertim::pool_connection] New job: sbgH42ztk06ELotK (difficulty: 94922, target: bfb00000)
[2026-09-06T21:35:57Z INFO  minertim::pool_connection] Share accepted by pool
[2026-09-06T21:36:06Z INFO  minertim] H/s 1m:2096.8 5m:2090.2 10m:2103.8 | Shares: 40/0 (found:40) | Diff: 94922 | 11s elapsed (since last share, avg 45s) | best=506 target=45247 (999%)
[2026-09-06T21:36:16Z INFO  minertim] H/s 1m:2113.0 5m:2100.5 10m:2104.3 | Shares: 40/0 (found:40) | Diff: 94922 | 21s elapsed (since last share, avg 44s) | best=506 target=45247 (999%)
[2026-09-06T21:36:16Z INFO  minertim::pool_connection] New job: 9EHTfprmohQk7mS7 (difficulty: 94922, target: bfb00000)
[2026-09-06T21:36:26Z INFO  minertim] H/s 1m:2222.0 5m:2104.5 10m:2104.6 | Shares: 40/0 (found:40) | Diff: 94922 | 31s elapsed (since last share, avg 42s) | best=506 target=45247 (999%)
[2026-09-06T21:36:35Z INFO  minertim::pool_connection] New job: 0aJAbxqn8ig1aRqB (difficulty: 94922, target: bfb00000)
[2026-09-06T21:36:36Z INFO  minertim] H/s 1m:2223.0 5m:2100.2 10m:2105.1 | Shares: 40/0 (found:40) | Diff: 94922 | 41s elapsed (since last share, avg 42s) | best=506 target=45247 (999%)
[2026-09-06T21:36:38Z INFO  minertim::miner] Worker 2 SHARE FOUND! job_id=0aJAbxqn8ig1aRqB, nonce=76302b00, hash_val=41784, difficulty=94922, hash=88358682ec506cb0b685685766d9bc4320f4d609b0b1dafd347e7d0338a30000
[2026-09-06T21:36:46Z INFO  minertim] H/s 1m:2168.1 5m:2086.8 10m:2100.9 | Shares: 40/0 (found:41) | Diff: 94922 | 7s elapsed (since last share, avg 43s) | best=506 target=45247 (999%)
[2026-09-06T21:36:55Z INFO  minertim::pool_connection] New job: yG40iVgREfUqIaFT (difficulty: 94922, target: bfb00000)
[2026-09-06T21:36:55Z INFO  minertim::pool_connection] Share accepted by pool
[2026-09-06T21:36:56Z INFO  minertim] H/s 1m:2102.1 5m:2076.9 10m:2093.8 | Shares: 41/0 (found:41) | Diff: 94922 | 17s elapsed (since last share, avg 45s) | best=506 target=45247 (999%)
[2026-09-06T21:37:06Z INFO  minertim] H/s 1m:2102.2 5m:2087.0 10m:2102.0 | Shares: 41/0 (found:41) | Diff: 94922 | 27s elapsed (since last share, avg 45s) | best=506 target=45247 (999%)
[2026-09-06T21:37:10Z INFO  minertim::miner] Worker 3 SHARE FOUND! job_id=yG40iVgREfUqIaFT, nonce=8b0c2c00, hash_val=22745, difficulty=94922, hash=4335c9f936fceb18a0e3487c529f3ef04645a596590c2b507559a4dcd9580000
[2026-09-06T21:37:15Z INFO  minertim::pool_connection] New job: ISSKcOwbTSjlWS6G (difficulty: 94922, target: bfb00000)
[2026-09-06T21:37:15Z INFO  minertim::pool_connection] Share accepted by pool
[2026-09-06T21:37:16Z INFO  minertim] H/s 1m:2057.7 5m:2075.0 10m:2098.7 | Shares: 42/0 (found:42) | Diff: 94922 | 5s elapsed (since last share, avg 46s) | best=506 target=45247 (999%)
[2026-09-06T21:37:26Z INFO  minertim::pool_connection] New job: QWNuF1OWFuiyT6H1 (difficulty: 142387, target: d4750000)
[2026-09-06T21:37:26Z INFO  minertim] H/s 1m:2057.8 5m:2080.8 10m:2099.1 | Shares: 42/0 (found:42) | Diff: 142387 | 15s elapsed (since last share, avg 1m9s) | best=506 target=30164 (999%)
[2026-09-06T21:37:35Z INFO  minertim::pool_connection] New job: ltx78FLSPHRS61l5 (difficulty: 142387, target: d4750000)
[2026-09-06T21:37:36Z INFO  minertim] H/s 1m:2112.1 5m:2083.9 10m:2104.0 | Shares: 42/0 (found:42) | Diff: 142387 | 26s elapsed (since last share, avg 1m7s) | best=506 target=30164 (999%)
[2026-09-06T21:37:46Z INFO  minertim] H/s 1m:2200.9 5m:2080.0 10m:2111.6 | Shares: 42/0 (found:42) | Diff: 142387 | 36s elapsed (since last share, avg 1m4s) | best=506 target=30164 (999%)
[2026-09-06T21:37:55Z INFO  minertim::pool_connection] New job: G7os8SyYBzOxvPkx (difficulty: 142387, target: d4750000)
[2026-09-06T21:37:56Z INFO  minertim] H/s 1m:2200.3 5m:2079.7 10m:2112.0 | Shares: 42/0 (found:42) | Diff: 142387 | 46s elapsed (since last share, avg 1m4s) | best=506 target=30164 (999%)
[2026-09-06T21:38:05Z INFO  minertim::miner] Worker 1 SHARE FOUND! job_id=G7os8SyYBzOxvPkx, nonce=19ed2e00, hash_val=10989, difficulty=142387, hash=ae428f9428124208304983a5e3eeb35f241b2dcdac346f5c00780a8aed2a0000
[2026-09-06T21:38:06Z INFO  minertim] H/s 1m:2245.4 5m:2079.8 10m:2112.4 | Shares: 42/0 (found:43) | Diff: 142387 | 0s elapsed (since last share, avg 1m3s) | best=506 target=30164 (999%)
[2026-09-06T21:38:14Z INFO  minertim::pool_connection] New job: vTBgwteFCJmUgy0D (difficulty: 142387, target: d4750000)
[2026-09-06T21:38:15Z INFO  minertim::pool_connection] Share accepted by pool
[2026-09-06T21:38:16Z INFO  minertim] H/s 1m:2171.8 5m:2067.0 10m:2106.7 | Shares: 43/0 (found:43) | Diff: 142387 | 10s elapsed (since last share, avg 1m5s) | best=506 target=30164 (999%)
[2026-09-06T21:38:17Z INFO  minertim::miner] Worker 2 SHARE FOUND! job_id=vTBgwteFCJmUgy0D, nonce=2eff2d00, hash_val=14918, difficulty=142387, hash=78988ded4e6cc56b7d60ede55f1d3f0befd2dde0bb53a28130f3cc64463a0000
[2026-09-06T21:38:26Z INFO  minertim::pool_connection] New job: hiXMiF8VNIvKxj1t (difficulty: 106789, target: 1b9d0000)
[2026-09-06T21:38:26Z INFO  minertim] H/s 1m:2082.3 5m:2051.6 10m:2099.5 | Shares: 43/0 (found:44) | Diff: 106789 | 9s elapsed (since last share, avg 51s) | best=506 target=40219 (999%)
[2026-09-06T21:38:26Z INFO  minertim::pool_connection] Share accepted by pool
[2026-09-06T21:38:29Z INFO  minertim::pool_connection] New job: 9XlwF6kRo0rXQk15 (difficulty: 106789, target: 1b9d0000)
[2026-09-06T21:38:36Z INFO  minertim] H/s 1m:2084.4 5m:2052.1 10m:2100.1 | Shares: 44/0 (found:44) | Diff: 106789 | 19s elapsed (since last share, avg 51s) | best=506 target=40219 (999%)
[2026-09-06T21:38:46Z INFO  minertim] H/s 1m:2085.3 5m:2052.1 10m:2100.6 | Shares: 44/0 (found:44) | Diff: 106789 | 29s elapsed (since last share, avg 51s) | best=506 target=40219 (999%)
[2026-09-06T21:38:49Z INFO  minertim::pool_connection] New job: hZjavV40icAA7ODP (difficulty: 106789, target: 1b9d0000)
[2026-09-06T21:38:56Z INFO  minertim::pool_connection] New job: 3lNONiR0XPIBjQ08 (difficulty: 160182, target: bd680000)
[2026-09-06T21:38:56Z INFO  minertim] H/s 1m:2084.2 5m:2051.7 10m:2100.9 | Shares: 44/0 (found:44) | Diff: 160182 | 39s elapsed (since last share, avg 1m16s) | best=506 target=26813 (999%)
[2026-09-06T21:39:06Z INFO  minertim] H/s 1m:2157.3 5m:2070.1 10m:2101.4 | Shares: 44/0 (found:44) | Diff: 160182 | 49s elapsed (since last share, avg 1m14s) | best=506 target=26813 (999%)
[2026-09-06T21:39:09Z INFO  minertim::pool_connection] New job: 6XY5Uf29wQhQKmGW (difficulty: 160182, target: bd680000)
[2026-09-06T21:39:16Z INFO  minertim] H/s 1m:2247.5 5m:2078.1 10m:2101.9 | Shares: 44/0 (found:44) | Diff: 160182 | 59s elapsed (since last share, avg 1m11s) | best=506 target=26813 (999%)
[2026-09-06T21:39:26Z INFO  minertim::pool_connection] New job: ziPobqU40ADjVdZb (difficulty: 120138, target: a68b0000)
[2026-09-06T21:39:26Z INFO  minertim] H/s 1m:2245.9 5m:2078.2 10m:2114.1 | Shares: 44/0 (found:44) | Diff: 120138 | 1m9s elapsed (since last share, avg 53s) | best=506 target=35750 (999%)
[2026-09-06T21:39:27Z INFO  minertim::miner] Worker 0 SHARE FOUND! job_id=ziPobqU40ADjVdZb, nonce=04602e00, hash_val=31273, difficulty=120138, hash=2b267b0f76075f447f549ba721bedc92d336f9cb8b2085b7c7467a28297a0000
[2026-09-06T21:39:29Z INFO  minertim::pool_connection] New job: 0PB9PevoPfqrd4kB (difficulty: 120138, target: a68b0000)
[2026-09-06T21:39:29Z INFO  minertim::pool_connection] Share accepted by pool
[2026-09-06T21:39:31Z INFO  minertim::miner] Worker 3 SHARE FOUND! job_id=0PB9PevoPfqrd4kB, nonce=43bc3000, hash_val=27849, difficulty=120138, hash=4dc94c1f0f3e6ba83d2139426fa9190417fe4b42b2248c403f325199c96c0000
[2026-09-06T21:39:36Z INFO  minertim] H/s 1m:2176.6 5m:2076.0 10m:2108.7 | Shares: 45/0 (found:46) | Diff: 120138 | 4s elapsed (since last share, avg 55s) | best=506 target=35750 (999%)
[2026-09-06T21:39:46Z INFO  minertim] H/s 1m:2070.3 5m:2104.3 10m:2100.0 | Shares: 45/0 (found:46) | Diff: 120138 | 14s elapsed (since last share, avg 58s) | best=506 target=35750 (999%)
[2026-09-06T21:39:48Z INFO  minertim::pool_connection] New job: ZlEtILU0UfOwK0Ag (difficulty: 120138, target: a68b0000)
[2026-09-06T21:39:49Z INFO  minertim::pool_connection] Share accepted by pool
[2026-09-06T21:39:55Z INFO  minertim::miner] Worker 1 SHARE FOUND! job_id=ZlEtILU0UfOwK0Ag, nonce=c1613200, hash_val=16559, difficulty=120138, hash=8326cf33a3dfca78efad72e38423fd0cd6824f0fd06bcfbe29fd2b05af400000
[2026-09-06T21:39:56Z INFO  minertim] H/s 1m:2031.5 5m:2113.1 10m:2106.3 | Shares: 46/0 (found:47) | Diff: 120138 | 1s elapsed (since last share, avg 59s) | best=506 target=35750 (999%)
[2026-09-06T21:39:56Z INFO  minertim::pool_connection] New job: HNsOOZ0Ao0novm91 (difficulty: 180210, target: 195d0000)
[2026-09-06T21:39:56Z INFO  minertim::pool_connection] Share accepted by pool
[2026-09-06T21:40:06Z INFO  minertim] H/s 1m:2018.1 5m:2120.5 10m:2110.3 | Shares: 47/0 (found:47) | Diff: 180210 | 11s elapsed (since last share, avg 1m29s) | best=506 target=23833 (999%)
[2026-09-06T21:40:08Z INFO  minertim::pool_connection] New job: ykqZ3gIuA0IuAeSK (difficulty: 180210, target: 195d0000)
[2026-09-06T21:40:16Z INFO  minertim] H/s 1m:2017.5 5m:2123.2 10m:2110.7 | Shares: 47/0 (found:47) | Diff: 180210 | 21s elapsed (since last share, avg 1m29s) | best=506 target=23833 (999%)
[2026-09-06T21:40:17Z INFO  minertim::miner] Worker 0 SHARE FOUND! job_id=ykqZ3gIuA0IuAeSK, nonce=b80f3000, hash_val=20505, difficulty=180210, hash=9ddf807f30d698aa3f5ef9d50e588597421567e50e07da0bab614f2919500000
[2026-09-06T21:40:26Z INFO  minertim::pool_connection] New job: WrO24IlvAEHU14z0 (difficulty: 270310, target: 113e0000)
[2026-09-06T21:40:26Z INFO  minertim] H/s 1m:2040.0 5m:2134.1 10m:2114.8 | Shares: 47/0 (found:48) | Diff: 270310 | 8s elapsed (since last share, avg 2m12s) | best=506 target=15889 (999%)
[2026-09-06T21:40:26Z INFO  minertim::pool_connection] Share accepted by pool
[2026-09-06T21:40:28Z INFO  minertim::pool_connection] New job: iGrldqnLRVNcqdZc (difficulty: 270310, target: 113e0000)
[2026-09-06T21:40:36Z INFO  minertim] H/s 1m:2147.6 5m:2134.3 10m:2115.2 | Shares: 48/0 (found:48) | Diff: 270310 | 18s elapsed (since last share, avg 2m5s) | best=506 target=15889 (999%)
[2026-09-06T21:40:46Z INFO  minertim] H/s 1m:2187.5 5m:2134.4 10m:2115.7 | Shares: 48/0 (found:48) | Diff: 270310 | 28s elapsed (since last share, avg 2m3s) | best=506 target=15889 (999%)
[2026-09-06T21:40:48Z INFO  minertim::pool_connection] New job: cfp1Uvay2scl83Se (difficulty: 270310, target: 113e0000)
[2026-09-06T21:40:56Z INFO  minertim::pool_connection] New job: PbZ0GGs5VZL78x1V (difficulty: 405491, target: 60290000)
[2026-09-06T21:40:56Z INFO  minertim] H/s 1m:2200.3 5m:2138.3 10m:2116.1 | Shares: 48/0 (found:48) | Diff: 405491 | 38s elapsed (since last share, avg 3m4s) | best=506 target=10592 (999%)
[2026-09-06T21:41:06Z INFO  minertim] H/s 1m:2199.2 5m:2138.1 10m:2116.4 | Shares: 48/0 (found:48) | Diff: 405491 | 48s elapsed (since last share, avg 3m4s) | best=506 target=10592 (999%)
[2026-09-06T21:41:08Z INFO  minertim::pool_connection] New job: dBce9mWlGJOel7cy (difficulty: 405491, target: 60290000)
[2026-09-06T21:41:16Z INFO  minertim] H/s 1m:2245.2 5m:2138.1 10m:2121.4 | Shares: 48/0 (found:48) | Diff: 405491 | 58s elapsed (since last share, avg 3m0s) | best=506 target=10592 (999%)
[2026-09-06T21:41:26Z INFO  minertim::pool_connection] New job: q4AK3X5S0LYCB1ef (difficulty: 304111, target: 2b370000)
[2026-09-06T21:41:26Z INFO  minertim] H/s 1m:2244.1 5m:2137.9 10m:2123.3 | Shares: 48/0 (found:48) | Diff: 304111 | 1m8s elapsed (since last share, avg 2m15s) | best=506 target=14123 (999%)
[2026-09-06T21:41:28Z INFO  minertim::pool_connection] New job: 69m0b7DEvEl8oKon (difficulty: 304111, target: 2b370000)
[2026-09-06T21:41:36Z INFO  minertim] H/s 1m:2260.0 5m:2150.3 10m:2122.7 | Shares: 48/0 (found:48) | Diff: 304111 | 1m18s elapsed (since last share, avg 2m14s) | best=506 target=14123 (999%)
[2026-09-06T21:41:46Z INFO  minertim] H/s 1m:2281.0 5m:2169.2 10m:2122.4 | Shares: 48/0 (found:48) | Diff: 304111 | 1m28s elapsed (since last share, avg 2m13s) | best=506 target=14123 (999%)
[2026-09-06T21:41:47Z INFO  minertim::pool_connection] New job: D6NE0S97wpTyhGLa (difficulty: 304111, target: 2b370000)
[2026-09-06T21:41:56Z INFO  minertim] H/s 1m:2303.1 5m:2172.7 10m:2126.9 | Shares: 48/0 (found:48) | Diff: 304111 | 1m38s elapsed (since last share, avg 2m12s) | best=506 target=14123 (999%)
[2026-09-06T21:42:06Z INFO  minertim] H/s 1m:2323.2 5m:2183.9 10m:2133.5 | Shares: 48/0 (found:48) | Diff: 304111 | 1m48s elapsed (since last share, avg 2m10s) | best=506 target=14123 (999%)
[2026-09-06T21:42:07Z INFO  minertim::pool_connection] New job: VkpjpzBesGnwaoYV (difficulty: 304111, target: 2b370000)
[2026-09-06T21:42:16Z INFO  minertim] H/s 1m:2344.5 5m:2187.3 10m:2133.2 | Shares: 48/0 (found:48) | Diff: 304111 | 1m58s elapsed (since last share, avg 2m9s) | best=506 target=14123 (999%)
[2026-09-06T21:42:26Z INFO  minertim::pool_connection] New job: HU1RuYEukkJu8QEf (difficulty: 228079, target: 8f490000)
[2026-09-06T21:42:26Z INFO  minertim] H/s 1m:2348.5 5m:2191.0 10m:2137.7 | Shares: 48/0 (found:48) | Diff: 228079 | 2m8s elapsed (since last share, avg 1m37s) | best=506 target=18831 (999%)
[2026-09-06T21:42:26Z INFO  minertim::pool_connection] New job: Tt0KTUFglDK0NRQc (difficulty: 228079, target: 8f490000)
[2026-09-06T21:42:36Z INFO  minertim] H/s 1m:2348.4 5m:2194.6 10m:2141.1 | Shares: 48/0 (found:48) | Diff: 228079 | 2m18s elapsed (since last share, avg 1m37s) | best=506 target=18831 (999%)
[2026-09-06T21:42:46Z INFO  minertim] H/s 1m:2348.3 5m:2198.2 10m:2140.9 | Shares: 48/0 (found:48) | Diff: 228079 | 2m28s elapsed (since last share, avg 1m37s) | best=506 target=18831 (999%)
[2026-09-06T21:42:46Z INFO  minertim::pool_connection] New job: 0fyPB1ZO0FWI12MR (difficulty: 228079, target: 8f490000)
[2026-09-06T21:42:56Z INFO  minertim] H/s 1m:2348.9 5m:2201.7 10m:2142.5 | Shares: 48/0 (found:48) | Diff: 228079 | 2m38s elapsed (since last share, avg 1m37s) | best=506 target=18831 (999%)
[2026-09-06T21:43:06Z INFO  minertim::pool_connection] New job: ZCDHn3aHhlTocKe0 (difficulty: 228079, target: 8f490000)
[2026-09-06T21:43:06Z INFO  minertim] H/s 1m:2349.3 5m:2217.9 10m:2144.3 | Shares: 48/0 (found:48) | Diff: 228079 | 2m48s elapsed (since last share, avg 1m37s) | best=506 target=18831 (999%)
[2026-09-06T21:43:16Z INFO  minertim] H/s 1m:2348.4 5m:2236.9 10m:2145.9 | Shares: 48/0 (found:48) | Diff: 228079 | 2m58s elapsed (since last share, avg 1m37s) | best=506 target=18831 (999%)
[2026-09-06T21:43:26Z INFO  minertim::pool_connection] New job: AjetpWTn0OglujOX (difficulty: 228079, target: 8f490000)
[2026-09-06T21:43:26Z INFO  minertim::pool_connection] New job: Mrf87ZjMnmKJP05s (difficulty: 171059, target: 14620000)
[2026-09-06T21:43:26Z INFO  minertim] H/s 1m:2348.4 5m:2240.1 10m:2147.7 | Shares: 48/0 (found:48) | Diff: 171059 | 3m8s elapsed (since last share, avg 1m12s) | best=506 target=25108 (999%)
[2026-09-06T21:43:36Z INFO  minertim] H/s 1m:2348.0 5m:2243.5 10m:2149.5 | Shares: 48/0 (found:48) | Diff: 171059 | 3m18s elapsed (since last share, avg 1m12s) | best=506 target=25108 (999%)
[2026-09-06T21:43:46Z INFO  minertim::pool_connection] New job: uf0f6kyoexP0ktvv (difficulty: 171059, target: 14620000)
[2026-09-06T21:43:46Z INFO  minertim] H/s 1m:2348.1 5m:2247.2 10m:2151.2 | Shares: 48/0 (found:48) | Diff: 171059 | 3m28s elapsed (since last share, avg 1m12s) | best=506 target=25108 (999%)
[2026-09-06T21:43:56Z INFO  minertim] H/s 1m:2347.3 5m:2250.7 10m:2152.8 | Shares: 48/0 (found:48) | Diff: 171059 | 3m38s elapsed (since last share, avg 1m12s) | best=506 target=25108 (999%)
[2026-09-06T21:43:57Z INFO  minertim::miner] Worker 0 SHARE FOUND! job_id=uf0f6kyoexP0ktvv, nonce=98933700, hash_val=20322, difficulty=171059, hash=99370eb89d6fe5a3d2c804550c80191dcf8b5c601e412fe12dabe1aa624f0000
[2026-09-06T21:44:06Z INFO  minertim::pool_connection] New job: Y6nzngapLzaFc00i (difficulty: 171059, target: 14620000)
[2026-09-06T21:44:06Z INFO  minertim::pool_connection] Share accepted by pool
[2026-09-06T21:44:06Z INFO  minertim] H/s 1m:2237.5 5m:2235.1 10m:2154.2 | Shares: 49/0 (found:49) | Diff: 171059 | 9s elapsed (since last share, avg 1m16s) | best=506 target=25108 (999%)
[2026-09-06T21:44:16Z INFO  minertim] H/s 1m:2236.8 5m:2238.6 10m:2159.8 | Shares: 49/0 (found:49) | Diff: 171059 | 19s elapsed (since last share, avg 1m16s) | best=506 target=25108 (999%)
[2026-09-06T21:44:25Z INFO  minertim::pool_connection] New job: 0vOnmXaZatQaPw60 (difficulty: 171059, target: 14620000)
[2026-09-06T21:44:26Z INFO  minertim] H/s 1m:2236.6 5m:2253.8 10m:2161.5 | Shares: 49/0 (found:49) | Diff: 171059 | 29s elapsed (since last share, avg 1m16s) | best=506 target=25108 (999%)
[2026-09-06T21:44:36Z INFO  minertim] H/s 1m:2237.0 5m:2276.0 10m:2168.1 | Shares: 49/0 (found:49) | Diff: 171059 | 39s elapsed (since last share, avg 1m16s) | best=506 target=25108 (999%)
[2026-09-06T21:44:37Z INFO  minertim::miner] Worker 2 SHARE FOUND! job_id=0vOnmXaZatQaPw60, nonce=52fa3a00, hash_val=12264, difficulty=171059, hash=d48b0d4c1984db4728f5504c4918ca1bd7f3541017b3d1f9344789b9e82f0000
[2026-09-06T21:44:45Z INFO  minertim::pool_connection] New job: 78pRGfyNJn1HVJee (difficulty: 171059, target: 14620000)
[2026-09-06T21:44:46Z INFO  minertim::pool_connection] Share accepted by pool
[2026-09-06T21:44:46Z INFO  minertim] H/s 1m:2135.9 5m:2268.7 10m:2184.2 | Shares: 50/0 (found:50) | Diff: 171059 | 9s elapsed (since last share, avg 1m20s) | best=506 target=25108 (999%)
[2026-09-06T21:44:56Z INFO  minertim] H/s 1m:2246.2 5m:2274.5 10m:2193.5 | Shares: 50/0 (found:50) | Diff: 171059 | 19s elapsed (since last share, avg 1m16s) | best=506 target=25108 (999%)
[2026-09-06T21:45:05Z INFO  minertim::pool_connection] New job: u0BcLiKZmnWNB68O (difficulty: 171059, target: 14620000)
[2026-09-06T21:45:06Z INFO  minertim] H/s 1m:2246.8 5m:2278.1 10m:2200.1 | Shares: 50/0 (found:50) | Diff: 171059 | 29s elapsed (since last share, avg 1m16s) | best=506 target=25108 (999%)
[2026-09-06T21:45:16Z INFO  minertim] H/s 1m:2247.2 5m:2289.6 10m:2203.1 | Shares: 50/0 (found:50) | Diff: 171059 | 39s elapsed (since last share, avg 1m16s) | best=506 target=25108 (999%)
[2026-09-06T21:45:25Z INFO  minertim::pool_connection] New job: jPPaWHc2St9sKerW (difficulty: 171059, target: 14620000)
[2026-09-06T21:45:26Z INFO  minertim] H/s 1m:2246.6 5m:2293.0 10m:2214.1 | Shares: 50/0 (found:50) | Diff: 171059 | 49s elapsed (since last share, avg 1m16s) | best=506 target=25108 (999%)
[2026-09-06T21:45:36Z INFO  minertim] H/s 1m:2348.1 5m:2296.4 10m:2215.9 | Shares: 50/0 (found:50) | Diff: 171059 | 59s elapsed (since last share, avg 1m12s) | best=506 target=25108 (999%)
[2026-09-06T21:45:45Z INFO  minertim::pool_connection] New job: 50gRv4dVmP0GWa4D (difficulty: 171059, target: 14620000)
[2026-09-06T21:45:46Z INFO  minertim] H/s 1m:2348.5 5m:2300.0 10m:2217.7 | Shares: 50/0 (found:50) | Diff: 171059 | 1m9s elapsed (since last share, avg 1m12s) | best=506 target=25108 (999%)
[2026-09-06T21:45:56Z INFO  minertim] H/s 1m:2348.0 5m:2303.7 10m:2221.3 | Shares: 50/0 (found:50) | Diff: 171059 | 1m19s elapsed (since last share, avg 1m12s) | best=506 target=25108 (999%)
[2026-09-06T21:46:05Z INFO  minertim::pool_connection] New job: xJ4B1JG5Oz56FG0t (difficulty: 171059, target: 14620000)
[2026-09-06T21:46:06Z INFO  minertim] H/s 1m:2347.2 5m:2307.2 10m:2223.0 | Shares: 50/0 (found:50) | Diff: 171059 | 1m29s elapsed (since last share, avg 1m12s) | best=506 target=25108 (999%)
[2026-09-06T21:46:16Z INFO  minertim] H/s 1m:2336.7 5m:2309.0 10m:2223.8 | Shares: 50/0 (found:50) | Diff: 171059 | 1m39s elapsed (since last share, avg 1m13s) | best=506 target=25108 (999%)
[2026-09-06T21:46:25Z INFO  minertim::pool_connection] New job: R28ryOBb0xWkLti9 (difficulty: 171059, target: 14620000)
[2026-09-06T21:46:26Z INFO  minertim::pool_connection] New job: q7e0Dnh3iBYEn9Uq (difficulty: 128292, target: c6820000)
[2026-09-06T21:46:26Z INFO  minertim] H/s 1m:2315.3 5m:2305.9 10m:2223.7 | Shares: 50/0 (found:50) | Diff: 128292 | 1m49s elapsed (since last share, avg 55s) | best=506 target=33478 (999%)
[2026-09-06T21:46:36Z INFO  minertim] H/s 1m:2294.6 5m:2302.4 10m:2228.4 | Shares: 50/0 (found:50) | Diff: 128292 | 1m59s elapsed (since last share, avg 55s) | best=506 target=33478 (999%)
[2026-09-06T21:46:42Z INFO  minertim::pool_connection] New job: 7ZILqzk5rKfPMa9N (difficulty: 128292, target: c6820000)
[2026-09-06T21:46:46Z INFO  minertim] H/s 1m:2279.0 5m:2299.6 10m:2236.3 | Shares: 50/0 (found:50) | Diff: 128292 | 2m9s elapsed (since last share, avg 56s) | best=506 target=33478 (999%)
[2026-09-06T21:46:56Z INFO  minertim] H/s 1m:2262.4 5m:2296.7 10m:2236.6 | Shares: 50/0 (found:50) | Diff: 128292 | 2m19s elapsed (since last share, avg 56s) | best=506 target=33478 (999%)
[2026-09-06T21:47:00Z INFO  minertim::miner] Worker 1 SHARE FOUND! job_id=7ZILqzk5rKfPMa9N, nonce=c13f4100, hash_val=7442, difficulty=128292, hash=80c9ebe17f105e2a4fb2176e94d5e009bf08ba8a977c7ef072c13e87121d0000
[2026-09-06T21:47:02Z INFO  minertim::pool_connection] New job: jZi9Fe7wCszeFDM0 (difficulty: 128292, target: c6820000)
[2026-09-06T21:47:02Z INFO  minertim::pool_connection] Share accepted by pool
[2026-09-06T21:47:06Z INFO  minertim] H/s 1m:2234.7 5m:2290.1 10m:2238.8 | Shares: 51/0 (found:51) | Diff: 128292 | 6s elapsed (since last share, avg 57s) | best=506 target=33478 (999%)
[2026-09-06T21:47:16Z INFO  minertim] H/s 1m:2233.5 5m:2286.1 10m:2238.6 | Shares: 51/0 (found:51) | Diff: 128292 | 16s elapsed (since last share, avg 57s) | best=506 target=33478 (999%)
[2026-09-06T21:47:21Z INFO  minertim::pool_connection] New job: SNQWWPmyhM1mDt06 (difficulty: 128292, target: c6820000)
[2026-09-06T21:47:26Z INFO  minertim] H/s 1m:2226.2 5m:2281.3 10m:2238.1 | Shares: 51/0 (found:51) | Diff: 128292 | 26s elapsed (since last share, avg 57s) | best=506 target=33478 (999%)
[2026-09-06T21:47:36Z INFO  minertim] H/s 1m:2215.8 5m:2276.7 10m:2237.6 | Shares: 51/0 (found:51) | Diff: 128292 | 36s elapsed (since last share, avg 57s) | best=506 target=33478 (999%)
[2026-09-06T21:47:41Z INFO  minertim::pool_connection] New job: nAI68OGA36N3wGuj (difficulty: 128292, target: c6820000)
[2026-09-06T21:47:46Z INFO  minertim] H/s 1m:2206.6 5m:2272.2 10m:2237.1 | Shares: 51/0 (found:51) | Diff: 128292 | 46s elapsed (since last share, avg 58s) | best=506 target=33478 (999%)
[2026-09-06T21:47:56Z INFO  minertim] H/s 1m:2218.7 5m:2267.6 10m:2236.6 | Shares: 51/0 (found:51) | Diff: 128292 | 56s elapsed (since last share, avg 57s) | best=506 target=33478 (999%)
[2026-09-06T21:48:00Z INFO  minertim::miner] Worker 2 SHARE FOUND! job_id=nAI68OGA36N3wGuj, nonce=369e4100, hash_val=25093, difficulty=128292, hash=caf4a5c0a65b0eae13dd8dd9ab4d1ab7e1ed2ae504b9cd8e8613865105620000
[2026-09-06T21:48:01Z INFO  minertim::pool_connection] New job: G6UnMUm2zMd7oyIn (difficulty: 128292, target: c6820000)
[2026-09-06T21:48:02Z INFO  minertim::pool_connection] Share accepted by pool
[2026-09-06T21:48:05Z INFO  minertim::miner] Worker 0 SHARE FOUND! job_id=G6UnMUm2zMd7oyIn, nonce=78204000, hash_val=29265, difficulty=128292, hash=d21ce6f732132af7a873e25202f8b4418387cc2cffb06503d0ce3a7651720000
[2026-09-06T21:48:06Z INFO  minertim] H/s 1m:2148.2 5m:2251.6 10m:2236.6 | Shares: 52/0 (found:53) | Diff: 128292 | 1s elapsed (since last share, avg 59s) | best=506 target=33478 (999%)
[2026-09-06T21:48:09Z INFO  minertim::pool_connection] Share accepted by pool
[2026-09-06T21:48:16Z INFO  minertim] H/s 1m:2138.0 5m:2245.0 10m:2242.8 | Shares: 53/0 (found:53) | Diff: 128292 | 11s elapsed (since last share, avg 1m0s) | best=506 target=33478 (999%)
[2026-09-06T21:48:21Z INFO  minertim::pool_connection] New job: oFDtKQInA4xW7XKM (difficulty: 128292, target: c6820000)
[2026-09-06T21:48:22Z INFO  minertim::pool_connection] New job: XvYgV2Qk5Fe2SHzp (difficulty: 128292, target: c6820000)
[2026-09-06T21:48:26Z INFO  minertim] H/s 1m:2137.8 5m:2240.5 10m:2242.1 | Shares: 53/0 (found:53) | Diff: 128292 | 21s elapsed (since last share, avg 1m0s) | best=506 target=33478 (999%)
[2026-09-06T21:48:36Z INFO  minertim] H/s 1m:2147.4 5m:2237.5 10m:2242.4 | Shares: 53/0 (found:53) | Diff: 128292 | 31s elapsed (since last share, avg 59s) | best=506 target=33478 (999%)
[2026-09-06T21:48:42Z INFO  minertim::pool_connection] New job: 2Ga5wnt0oSiYt8Yr (difficulty: 128292, target: c6820000)
[2026-09-06T21:48:46Z INFO  minertim] H/s 1m:2157.2 5m:2234.8 10m:2242.8 | Shares: 53/0 (found:53) | Diff: 128292 | 41s elapsed (since last share, avg 59s) | best=506 target=33478 (999%)
[2026-09-06T21:48:56Z INFO  minertim] H/s 1m:2232.8 5m:2250.8 10m:2243.0 | Shares: 53/0 (found:53) | Diff: 128292 | 51s elapsed (since last share, avg 57s) | best=506 target=33478 (999%)
[2026-09-06T21:49:01Z INFO  minertim::pool_connection] New job: IHMngQI03WQfiGgB (difficulty: 128292, target: c6820000)
[2026-09-06T21:49:02Z INFO  minertim::miner] Worker 3 SHARE FOUND! job_id=IHMngQI03WQfiGgB, nonce=fb6c4400, hash_val=7144, difficulty=128292, hash=21032329dce6a4ed469c34ff2f5728a17594f38fa74231be59cdbd32e81b0000
[2026-09-06T21:49:06Z INFO  minertim] H/s 1m:2194.5 5m:2237.7 10m:2238.3 | Shares: 53/0 (found:54) | Diff: 128292 | 4s elapsed (since last share, avg 58s) | best=506 target=33478 (999%)
[2026-09-06T21:49:06Z INFO  minertim::pool_connection] New job: dZOeYPOspZWIkQea (difficulty: 128292, target: c6820000)
[2026-09-06T21:49:07Z INFO  minertim::pool_connection] Share accepted by pool
[2026-09-06T21:49:16Z INFO  minertim] H/s 1m:2180.4 5m:2230.8 10m:2236.6 | Shares: 54/0 (found:54) | Diff: 128292 | 14s elapsed (since last share, avg 58s) | best=506 target=33478 (999%)
[2026-09-06T21:49:25Z INFO  minertim::pool_connection] New job: H59rQ8pAiHFc1rb7 (difficulty: 128292, target: c6820000)
[2026-09-06T21:49:26Z INFO  minertim] H/s 1m:2171.1 5m:2226.2 10m:2241.9 | Shares: 54/0 (found:54) | Diff: 128292 | 24s elapsed (since last share, avg 59s) | best=506 target=33478 (999%)
[2026-09-06T21:49:36Z INFO  minertim] H/s 1m:2162.8 5m:2239.4 10m:2250.6 | Shares: 54/0 (found:54) | Diff: 128292 | 34s elapsed (since last share, avg 59s) | best=506 target=33478 (999%)
[2026-09-06T21:49:41Z INFO  minertim::miner] Worker 1 SHARE FOUND! job_id=H59rQ8pAiHFc1rb7, nonce=c97c4600, hash_val=2535, difficulty=128292, hash=b0e11ce4cc5be0981ec74d42ae2dda3240ba6cc08cd364826056d391e7090000
[2026-09-06T21:49:45Z INFO  minertim::pool_connection] New job: moDAfQIpLAZt7GQx (difficulty: 128292, target: c6820000)
[2026-09-06T21:49:45Z INFO  minertim::pool_connection] Share accepted by pool
[2026-09-06T21:49:46Z INFO  minertim] H/s 1m:2129.9 5m:2230.7 10m:2251.4 | Shares: 55/0 (found:55) | Diff: 128292 | 5s elapsed (since last share, avg 1m0s) | best=506 target=33478 (999%)
[2026-09-06T21:49:56Z INFO  minertim] H/s 1m:2190.5 5m:2228.0 10m:2252.9 | Shares: 55/0 (found:55) | Diff: 128292 | 15s elapsed (since last share, avg 58s) | best=506 target=33478 (999%)
[2026-09-06T21:50:05Z INFO  minertim::pool_connection] New job: o54hR1fKwj6n07Vg (difficulty: 128292, target: c6820000)
[2026-09-06T21:50:06Z INFO  minertim] H/s 1m:2214.0 5m:2225.1 10m:2253.2 | Shares: 55/0 (found:55) | Diff: 128292 | 25s elapsed (since last share, avg 57s) | best=506 target=33478 (999%)
[2026-09-06T21:50:16Z INFO  minertim] H/s 1m:2223.8 5m:2222.3 10m:2257.5 | Shares: 55/0 (found:55) | Diff: 128292 | 35s elapsed (since last share, avg 57s) | best=506 target=33478 (999%)
[2026-09-06T21:50:25Z INFO  minertim::pool_connection] New job: 2VqCXn0vRb0xhixe (difficulty: 128292, target: c6820000)
[2026-09-06T21:50:26Z INFO  minertim] H/s 1m:2230.2 5m:2219.1 10m:2257.6 | Shares: 55/0 (found:55) | Diff: 128292 | 45s elapsed (since last share, avg 57s) | best=506 target=33478 (999%)
[2026-09-06T21:50:36Z INFO  minertim::miner] Worker 1 SHARE FOUND! job_id=2VqCXn0vRb0xhixe, nonce=49334800, hash_val=30498, difficulty=128292, hash=75d3a2dac8acb734ed534835ada0bf51471a1cf62f761ac6c4345e9222770000
[2026-09-06T21:50:36Z INFO  minertim] H/s 1m:2318.1 5m:2225.5 10m:2262.4 | Shares: 55/0 (found:56) | Diff: 128292 | 0s elapsed (since last share, avg 55s) | best=506 target=33478 (999%)
[2026-09-06T21:50:45Z INFO  minertim::pool_connection] New job: Fa5hhEVF2S6zztg0 (difficulty: 128292, target: c6820000)
[2026-09-06T21:50:45Z INFO  minertim::miner] Worker 2 SHARE FOUND! job_id=Fa5hhEVF2S6zztg0, nonce=fa084700, hash_val=22153, difficulty=128292, hash=2a2a91b40f50b27633e17c9e337995e51900df21af53dc5f7cc3ddd889560000
[2026-09-06T21:50:45Z INFO  minertim::pool_connection] Share accepted by pool
[2026-09-06T21:50:45Z INFO  minertim::pool_connection] Share accepted by pool
[2026-09-06T21:50:46Z INFO  minertim] H/s 1m:2224.0 5m:2206.6 10m:2254.9 | Shares: 57/0 (found:57) | Diff: 128292 | 1s elapsed (since last share, avg 57s) | best=506 target=33478 (999%)
[2026-09-06T21:50:56Z INFO  minertim] H/s 1m:2224.7 5m:2204.0 10m:2255.4 | Shares: 57/0 (found:57) | Diff: 128292 | 11s elapsed (since last share, avg 57s) | best=506 target=33478 (999%)
[2026-09-06T21:51:04Z INFO  minertim::pool_connection] New job: nIXABC1JkAqaHSjb (difficulty: 128292, target: c6820000)
[2026-09-06T21:51:06Z INFO  minertim] H/s 1m:2225.4 5m:2203.1 10m:2255.8 | Shares: 57/0 (found:57) | Diff: 128292 | 21s elapsed (since last share, avg 57s) | best=506 target=33478 (999%)
[2026-09-06T21:51:16Z INFO  minertim] H/s 1m:2229.2 5m:2204.2 10m:2256.4 | Shares: 57/0 (found:57) | Diff: 128292 | 31s elapsed (since last share, avg 57s) | best=506 target=33478 (999%)
[2026-09-06T21:51:24Z INFO  minertim::pool_connection] New job: 4nogkNd0m1wLOJsL (difficulty: 128292, target: c6820000)
[2026-09-06T21:51:26Z INFO  minertim] H/s 1m:2190.2 5m:2207.5 10m:2256.5 | Shares: 57/0 (found:57) | Diff: 128292 | 41s elapsed (since last share, avg 58s) | best=506 target=33478 (999%)
[2026-09-06T21:51:36Z INFO  minertim] H/s 1m:2300.1 5m:2210.2 10m:2256.5 | Shares: 57/0 (found:57) | Diff: 128292 | 51s elapsed (since last share, avg 55s) | best=506 target=33478 (999%)
[2026-09-06T21:51:44Z INFO  minertim::pool_connection] New job: q1sJtpBtQbj6GVQh (difficulty: 128292, target: c6820000)
[2026-09-06T21:51:46Z INFO  minertim] H/s 1m:2316.8 5m:2213.4 10m:2256.5 | Shares: 57/0 (found:57) | Diff: 128292 | 1m1s elapsed (since last share, avg 55s) | best=506 target=33478 (999%)
[2026-09-06T21:51:56Z INFO  minertim] H/s 1m:2332.9 5m:2220.0 10m:2256.6 | Shares: 57/0 (found:57) | Diff: 128292 | 1m11s elapsed (since last share, avg 54s) | best=506 target=33478 (999%)
[2026-09-06T21:52:04Z INFO  minertim::pool_connection] New job: IKXrpBsXyagoIYl1 (difficulty: 128292, target: c6820000)
[2026-09-06T21:52:06Z INFO  minertim] H/s 1m:2348.0 5m:2224.0 10m:2256.7 | Shares: 57/0 (found:57) | Diff: 128292 | 1m21s elapsed (since last share, avg 54s) | best=506 target=33478 (999%)
[2026-09-06T21:52:16Z INFO  minertim] H/s 1m:2349.2 5m:2228.7 10m:2256.6 | Shares: 57/0 (found:57) | Diff: 128292 | 1m31s elapsed (since last share, avg 54s) | best=506 target=33478 (999%)
[2026-09-06T21:52:24Z INFO  minertim::pool_connection] New job: UPQBvbeFX67aGK1I (difficulty: 128292, target: c6820000)
[2026-09-06T21:52:26Z INFO  minertim] H/s 1m:2346.6 5m:2232.8 10m:2256.4 | Shares: 57/0 (found:57) | Diff: 128292 | 1m41s elapsed (since last share, avg 54s) | best=506 target=33478 (999%)
[2026-09-06T21:52:36Z INFO  minertim] H/s 1m:2347.2 5m:2237.6 10m:2256.5 | Shares: 57/0 (found:57) | Diff: 128292 | 1m51s elapsed (since last share, avg 54s) | best=506 target=33478 (999%)
[2026-09-06T21:52:37Z INFO  minertim::pool_connection] New job: 0SuzSa0IjeALbdvL (difficulty: 128292, target: c6820000)
[2026-09-06T21:52:46Z INFO  minertim] H/s 1m:2349.3 5m:2242.5 10m:2256.7 | Shares: 57/0 (found:57) | Diff: 128292 | 2m1s elapsed (since last share, avg 54s) | best=506 target=33478 (999%)
[2026-09-06T21:52:57Z INFO  minertim] H/s 1m:2343.9 5m:2257.7 10m:2256.2 | Shares: 57/0 (found:57) | Diff: 128292 | 2m11s elapsed (since last share, avg 54s) | best=506 target=33478 (999%)
[2026-09-06T21:52:57Z INFO  minertim::pool_connection] New job: rzAV9fh0w30VCGhG (difficulty: 128292, target: c6820000)
[2026-09-06T21:52:58Z INFO  minertim::miner] Worker 2 SHARE FOUND! job_id=rzAV9fh0w30VCGhG, nonce=aab54b00, hash_val=11549, difficulty=128292, hash=dc82bd5381d0c3085b4b9c1ad184b1d21effe4cb57d928ed4f5bd0c71d2d0000
[2026-09-06T21:53:00Z INFO  minertim::pool_connection] Share accepted by pool
[2026-09-06T21:53:07Z INFO  minertim] H/s 1m:2317.7 5m:2259.6 10m:2254.0 | Shares: 58/0 (found:58) | Diff: 128292 | 8s elapsed (since last share, avg 55s) | best=506 target=33478 (999%)
[2026-09-06T21:53:15Z INFO  minertim::miner] Worker 3 SHARE FOUND! job_id=rzAV9fh0w30VCGhG, nonce=c74e4d00, hash_val=18125, difficulty=128292, hash=6c0c3d9b11daea3660917436e7b8f8feb3106e706616f9c1500de494cd460000
[2026-09-06T21:53:17Z INFO  minertim] H/s 1m:2254.1 5m:2252.8 10m:2248.4 | Shares: 58/0 (found:59) | Diff: 128292 | 1s elapsed (since last share, avg 56s) | best=506 target=33478 (999%)
[2026-09-06T21:53:17Z INFO  minertim::pool_connection] New job: Vx0yVik0M9jXSWYk (difficulty: 128292, target: c6820000)
[2026-09-06T21:53:18Z INFO  minertim::pool_connection] Share accepted by pool
[2026-09-06T21:53:27Z INFO  minertim] H/s 1m:2232.9 5m:2252.3 10m:2246.7 | Shares: 59/0 (found:59) | Diff: 128292 | 11s elapsed (since last share, avg 57s) | best=506 target=33478 (999%)
[2026-09-06T21:53:29Z INFO  minertim::miner] Worker 0 SHARE FOUND! job_id=Vx0yVik0M9jXSWYk, nonce=f4874b00, hash_val=6691, difficulty=128292, hash=d4f773559bb6f70f5b3ce798b2dc0f591d23390843f9233cb844d51a231a0000
[2026-09-06T21:53:37Z INFO  minertim] H/s 1m:2166.6 5m:2244.1 10m:2241.3 | Shares: 59/0 (found:60) | Diff: 128292 | 7s elapsed (since last share, avg 59s) | best=506 target=33478 (999%)
[2026-09-06T21:53:37Z INFO  minertim::pool_connection] New job: TkD1XFBvPL7R940Y (difficulty: 128292, target: c6820000)
[2026-09-06T21:53:38Z INFO  minertim::pool_connection] Share accepted by pool
[2026-09-06T21:53:47Z INFO  minertim] H/s 1m:2109.6 5m:2236.5 10m:2236.0 | Shares: 60/0 (found:60) | Diff: 128292 | 17s elapsed (since last share, avg 1m0s) | best=506 target=33478 (999%)
[2026-09-06T21:53:55Z INFO  minertim::miner] Worker 3 SHARE FOUND! job_id=TkD1XFBvPL7R940Y, nonce=9ba74e00, hash_val=6788, difficulty=128292, hash=694dc636071b7a5c763d1748aa1b8e4c4ebf27bd26d38d0c61a36e0b841a0000
[2026-09-06T21:53:57Z INFO  minertim] H/s 1m:2135.2 5m:2249.4 10m:2245.3 | Shares: 60/0 (found:61) | Diff: 128292 | 1s elapsed (since last share, avg 1m0s) | best=506 target=33478 (999%)
[2026-09-06T21:53:57Z INFO  minertim::pool_connection] New job: qEm9kNG1yZ0tWNxb (difficulty: 128292, target: c6820000)
[2026-09-06T21:53:57Z INFO  minertim::pool_connection] Share accepted by pool
[2026-09-06T21:54:05Z INFO  minertim::miner] Worker 1 SHARE FOUND! job_id=qEm9kNG1yZ0tWNxb, nonce=d1494f00, hash_val=6782, difficulty=128292, hash=250b13722f4d30cc4008d659e109f9acd1296cc763668e57a3263b717e1a0000
[2026-09-06T21:54:07Z INFO  minertim] H/s 1m:2182.8 5m:2253.2 10m:2243.8 | Shares: 61/0 (found:62) | Diff: 128292 | 1s elapsed (since last share, avg 58s) | best=506 target=33478 (999%)
[2026-09-06T21:54:12Z INFO  minertim::pool_connection] New job: O0mf5N84wT02YAGN (difficulty: 128292, target: c6820000)
[2026-09-06T21:54:12Z INFO  minertim::pool_connection] Share accepted by pool
[2026-09-06T21:54:14Z INFO  minertim::miner] Worker 1 SHARE FOUND! job_id=O0mf5N84wT02YAGN, nonce=9d584f00, hash_val=17938, difficulty=128292, hash=ed21eb9ceaf13753d70dc2946ea2372cff66ab6e8545dde4949feb3612460000
[2026-09-06T21:54:16Z INFO  minertim::miner] Worker 2 SHARE FOUND! job_id=O0mf5N84wT02YAGN, nonce=d6714e00, hash_val=19517, difficulty=128292, hash=77dc705ba56c8a7338dd9db386432f43d09775ee6a42a6e4f0bac9ea3d4c0000
[2026-09-06T21:54:17Z INFO  minertim] H/s 1m:2091.0 5m:2238.5 10m:2234.4 | Shares: 62/0 (found:64) | Diff: 128292 | 0s elapsed (since last share, avg 1m1s) | best=506 target=33478 (999%)
[2026-09-06T21:54:19Z INFO  minertim::pool_connection] Share accepted by pool
[2026-09-06T21:54:19Z INFO  minertim::pool_connection] Share accepted by pool
[2026-09-06T21:54:27Z INFO  minertim] H/s 1m:2091.8 5m:2231.9 10m:2229.0 | Shares: 64/0 (found:64) | Diff: 128292 | 10s elapsed (since last share, avg 1m1s) | best=506 target=33478 (999%)
[2026-09-06T21:54:30Z INFO  minertim::pool_connection] New job: m3JdsjUxBxlrE9Us (difficulty: 128292, target: c6820000)
[2026-09-06T21:54:37Z INFO  minertim] H/s 1m:2158.5 5m:2241.4 10m:2238.0 | Shares: 64/0 (found:64) | Diff: 128292 | 20s elapsed (since last share, avg 59s) | best=506 target=33478 (999%)
[2026-09-06T21:54:47Z INFO  minertim] H/s 1m:2163.8 5m:2244.8 10m:2238.3 | Shares: 64/0 (found:64) | Diff: 128292 | 30s elapsed (since last share, avg 59s) | best=506 target=33478 (999%)
[2026-09-06T21:54:50Z INFO  minertim::pool_connection] New job: oevsbAb8uWrH0zI3 (difficulty: 128292, target: c6820000)
[2026-09-06T21:54:57Z INFO  minertim] H/s 1m:2186.4 5m:2248.5 10m:2238.7 | Shares: 64/0 (found:64) | Diff: 128292 | 40s elapsed (since last share, avg 58s) | best=506 target=33478 (999%)
[2026-09-06T21:55:07Z INFO  minertim] H/s 1m:2302.6 5m:2252.1 10m:2239.1 | Shares: 64/0 (found:64) | Diff: 128292 | 50s elapsed (since last share, avg 55s) | best=506 target=33478 (999%)
[2026-09-06T21:55:10Z INFO  minertim::pool_connection] New job: xgpIULAAbxJbZB30 (difficulty: 128292, target: c6820000)
[2026-09-06T21:55:17Z INFO  minertim] H/s 1m:2370.3 5m:2256.1 10m:2239.4 | Shares: 64/0 (found:64) | Diff: 128292 | 1m0s elapsed (since last share, avg 54s) | best=506 target=33478 (999%)
[2026-09-06T21:55:27Z INFO  minertim::miner] Worker 3 SHARE FOUND! job_id=xgpIULAAbxJbZB30, nonce=b3e45100, hash_val=24038, difficulty=128292, hash=8d9399d43a3bd42065a7cf94b8e9471eed48039f68ec853dbdb4ecf2e65d0000
[2026-09-06T21:55:27Z INFO  minertim] H/s 1m:2371.4 5m:2250.6 10m:2239.9 | Shares: 64/0 (found:65) | Diff: 128292 | 0s elapsed (since last share, avg 54s) | best=506 target=33478 (999%)
[2026-09-06T21:55:30Z INFO  minertim::pool_connection] New job: t0gqvJM4yBWHOi6y (difficulty: 128292, target: c6820000)
[2026-09-06T21:55:30Z INFO  minertim::pool_connection] Share accepted by pool
[2026-09-06T21:55:37Z INFO  minertim] H/s 1m:2364.7 5m:2269.1 10m:2239.7 | Shares: 65/0 (found:65) | Diff: 128292 | 10s elapsed (since last share, avg 54s) | best=506 target=33478 (999%)
[2026-09-06T21:55:47Z INFO  minertim] H/s 1m:2366.3 5m:2272.9 10m:2240.2 | Shares: 65/0 (found:65) | Diff: 128292 | 20s elapsed (since last share, avg 54s) | best=506 target=33478 (999%)
[2026-09-06T21:55:49Z INFO  minertim::pool_connection] New job: f4c1ARSPwNzaFMor (difficulty: 128292, target: c6820000)
[2026-09-06T21:55:57Z INFO  minertim] H/s 1m:2367.2 5m:2276.6 10m:2240.7 | Shares: 65/0 (found:65) | Diff: 128292 | 30s elapsed (since last share, avg 54s) | best=506 target=33478 (999%)
[2026-09-06T21:56:07Z INFO  minertim] H/s 1m:2368.4 5m:2280.0 10m:2242.1 | Shares: 65/0 (found:65) | Diff: 128292 | 40s elapsed (since last share, avg 54s) | best=506 target=33478 (999%)
[2026-09-06T21:56:09Z INFO  minertim::pool_connection] New job: eoK2zIg3vjwIVby0 (difficulty: 128292, target: c6820000)
[2026-09-06T21:56:17Z INFO  minertim] H/s 1m:2368.4 5m:2281.3 10m:2244.4 | Shares: 65/0 (found:65) | Diff: 128292 | 50s elapsed (since last share, avg 54s) | best=506 target=33478 (999%)
[2026-09-06T21:56:27Z INFO  minertim] H/s 1m:2376.6 5m:2282.3 10m:2246.6 | Shares: 65/0 (found:65) | Diff: 128292 | 1m0s elapsed (since last share, avg 53s) | best=506 target=33478 (999%)
[2026-09-06T21:56:29Z INFO  minertim::pool_connection] New job: L9Z2yQc0PNV4niqk (difficulty: 128292, target: c6820000)
[2026-09-06T21:56:37Z INFO  minertim] H/s 1m:2376.2 5m:2283.1 10m:2248.5 | Shares: 65/0 (found:65) | Diff: 128292 | 1m10s elapsed (since last share, avg 53s) | best=506 target=33478 (999%)
[2026-09-06T21:56:47Z INFO  minertim] H/s 1m:2376.7 5m:2284.1 10m:2250.4 | Shares: 65/0 (found:65) | Diff: 128292 | 1m20s elapsed (since last share, avg 53s) | best=506 target=33478 (999%)
[2026-09-06T21:56:49Z INFO  minertim::pool_connection] New job: Kt5q4bUxpCnUbQ9m (difficulty: 128292, target: c6820000)
[2026-09-06T21:56:51Z INFO  minertim::pool_connection] New job: Y2gWpfCYUccOrMqc (difficulty: 128292, target: c6820000)
[2026-09-06T21:56:57Z INFO  minertim] H/s 1m:2376.9 5m:2285.0 10m:2254.2 | Shares: 65/0 (found:65) | Diff: 128292 | 1m30s elapsed (since last share, avg 53s) | best=506 target=33478 (999%)
[2026-09-06T21:57:07Z INFO  minertim] H/s 1m:2376.7 5m:2286.1 10m:2256.6 | Shares: 65/0 (found:65) | Diff: 128292 | 1m40s elapsed (since last share, avg 53s) | best=506 target=33478 (999%)
[2026-09-06T21:57:11Z INFO  minertim::pool_connection] New job: PuvIHMk1NoK6xYLT (difficulty: 128292, target: c6820000)
[2026-09-06T21:57:17Z INFO  minertim] H/s 1m:2376.8 5m:2287.5 10m:2259.4 | Shares: 65/0 (found:65) | Diff: 128292 | 1m50s elapsed (since last share, avg 53s) | best=506 target=33478 (999%)
[2026-09-06T21:57:20Z INFO  minertim::pool_connection] New job: nvb56wciDUdNj0kw (difficulty: 128292, target: c6820000)
[2026-09-06T21:57:27Z INFO  minertim] H/s 1m:2377.1 5m:2288.3 10m:2262.1 | Shares: 65/0 (found:65) | Diff: 128292 | 2m0s elapsed (since last share, avg 53s) | best=506 target=33478 (999%)
[2026-09-06T21:57:37Z INFO  minertim] H/s 1m:2377.1 5m:2288.9 10m:2264.9 | Shares: 65/0 (found:65) | Diff: 128292 | 2m10s elapsed (since last share, avg 53s) | best=506 target=33478 (999%)
[2026-09-06T21:57:40Z INFO  minertim::miner] Worker 2 SHARE FOUND! job_id=nvb56wciDUdNj0kw, nonce=26c35500, hash_val=32279, difficulty=128292, hash=1b308375beca6b9ddc8bb64facb1d47a7b8e5991b5d57ccb0ec8d3a1177e0000
[2026-09-06T21:57:40Z INFO  minertim::pool_connection] New job: PDScJ8JTBIJW499s (difficulty: 128292, target: c6820000)
[2026-09-06T21:57:41Z INFO  minertim::pool_connection] Share accepted by pool
[2026-09-06T21:57:47Z INFO  minertim] H/s 1m:2377.4 5m:2290.8 10m:2267.6 | Shares: 66/0 (found:66) | Diff: 128292 | 6s elapsed (since last share, avg 53s) | best=506 target=33478 (999%)
[2026-09-06T21:57:48Z INFO  minertim::pool_connection] New job: 6rl5ZmxaGreesXMP (difficulty: 128292, target: c6820000)
[2026-09-06T21:57:57Z INFO  minertim] H/s 1m:2377.4 5m:2296.4 10m:2276.0 | Shares: 66/0 (found:66) | Diff: 128292 | 16s elapsed (since last share, avg 53s) | best=506 target=33478 (999%)
[2026-09-06T21:58:07Z INFO  minertim] H/s 1m:2376.7 5m:2308.6 10m:2279.6 | Shares: 66/0 (found:66) | Diff: 128292 | 26s elapsed (since last share, avg 53s) | best=506 target=33478 (999%)
[2026-09-06T21:58:08Z INFO  minertim::pool_connection] New job: ZV0mhUaoohCDFgR9 (difficulty: 128292, target: c6820000)
[2026-09-06T21:58:17Z INFO  minertim] H/s 1m:2376.9 5m:2313.1 10m:2282.4 | Shares: 66/0 (found:66) | Diff: 128292 | 36s elapsed (since last share, avg 53s) | best=506 target=33478 (999%)
[2026-09-06T21:58:27Z INFO  minertim] H/s 1m:2376.8 5m:2325.1 10m:2284.3 | Shares: 66/0 (found:66) | Diff: 128292 | 46s elapsed (since last share, avg 53s) | best=506 target=33478 (999%)
[2026-09-06T21:58:28Z INFO  minertim::pool_connection] New job: iRTXI95EWnZNjUtB (difficulty: 128292, target: c6820000)
[2026-09-06T21:58:37Z INFO  minertim] H/s 1m:2376.3 5m:2336.8 10m:2286.2 | Shares: 66/0 (found:66) | Diff: 128292 | 56s elapsed (since last share, avg 53s) | best=506 target=33478 (999%)
[2026-09-06T21:58:47Z INFO  minertim] H/s 1m:2376.8 5m:2338.0 10m:2288.2 | Shares: 66/0 (found:66) | Diff: 128292 | 1m6s elapsed (since last share, avg 53s) | best=506 target=33478 (999%)
[2026-09-06T21:58:48Z INFO  minertim::pool_connection] New job: GLgnmCUxIEWiG8bh (difficulty: 128292, target: c6820000)
[2026-09-06T21:58:56Z INFO  minertim::miner] Worker 2 SHARE FOUND! job_id=GLgnmCUxIEWiG8bh, nonce=ee815800, hash_val=24855, difficulty=128292, hash=b575703f2161274e600f6110662dfd6942bb55342b7ac8d6d5b1f56a17610000
[2026-09-06T21:58:57Z INFO  minertim] H/s 1m:2377.2 5m:2342.2 10m:2295.1 | Shares: 66/0 (found:67) | Diff: 128292 | 0s elapsed (since last share, avg 53s) | best=506 target=33478 (999%)
[2026-09-06T21:59:07Z INFO  minertim] H/s 1m:2259.7 5m:2342.2 10m:2289.1 | Shares: 66/0 (found:67) | Diff: 128292 | 10s elapsed (since last share, avg 56s) | best=506 target=33478 (999%)
[2026-09-06T21:59:08Z INFO  minertim::pool_connection] New job: 1NOa9NwZuA0Tcrt0 (difficulty: 128292, target: c6820000)
[2026-09-06T21:59:08Z INFO  minertim::pool_connection] Share accepted by pool
[2026-09-06T21:59:17Z INFO  minertim] H/s 1m:2208.9 5m:2345.3 10m:2287.5 | Shares: 67/0 (found:67) | Diff: 128292 | 20s elapsed (since last share, avg 58s) | best=506 target=33478 (999%)
[2026-09-06T21:59:27Z INFO  minertim] H/s 1m:2209.1 5m:2345.5 10m:2290.1 | Shares: 67/0 (found:67) | Diff: 128292 | 30s elapsed (since last share, avg 58s) | best=506 target=33478 (999%)
[2026-09-06T21:59:28Z INFO  minertim::miner] Worker 1 SHARE FOUND! job_id=1NOa9NwZuA0Tcrt0, nonce=39955a00, hash_val=23607, difficulty=128292, hash=1b72c9807a6f83c6d2ce0e547869b66d826e181b2b642e0181ebc971375c0000
[2026-09-06T21:59:28Z INFO  minertim::pool_connection] New job: 0SoCyaPEGxGdrDij (difficulty: 128292, target: c6820000)
[2026-09-06T21:59:28Z INFO  minertim::pool_connection] Share accepted by pool
[2026-09-06T21:59:28Z INFO  minertim::miner] Worker 0 SHARE FOUND! job_id=0SoCyaPEGxGdrDij, nonce=94415800, hash_val=7151, difficulty=128292, hash=971a8c9241dc105f26ca9e1fd77eb5d9ea7faa2f0848c845012f1b86ef1b0000
[2026-09-06T21:59:37Z INFO  minertim] H/s 1m:2146.8 5m:2335.1 10m:2289.6 | Shares: 68/0 (found:69) | Diff: 128292 | 8s elapsed (since last share, avg 59s) | best=506 target=33478 (999%)
[2026-09-06T21:59:47Z INFO  minertim] H/s 1m:2030.0 5m:2315.2 10m:2281.5 | Shares: 68/0 (found:69) | Diff: 128292 | 18s elapsed (since last share, avg 1m3s) | best=506 target=33478 (999%)
[2026-09-06T21:59:48Z INFO  minertim::pool_connection] New job: 4mYgEaVEDu4Dj92E (difficulty: 128292, target: c6820000)
[2026-09-06T21:59:48Z INFO  minertim::pool_connection] Share accepted by pool
[2026-09-06T21:59:57Z INFO  minertim] H/s 1m:2101.2 5m:2307.5 10m:2279.5 | Shares: 69/0 (found:69) | Diff: 128292 | 28s elapsed (since last share, avg 1m1s) | best=506 target=33478 (999%)
[2026-09-06T22:00:07Z INFO  minertim] H/s 1m:2150.7 5m:2307.5 10m:2281.3 | Shares: 69/0 (found:69) | Diff: 128292 | 38s elapsed (since last share, avg 59s) | best=506 target=33478 (999%)
[2026-09-06T22:00:08Z INFO  minertim::pool_connection] New job: 9RD9fMxU3Kq4no6b (difficulty: 128292, target: c6820000)
[2026-09-06T22:00:17Z INFO  minertim] H/s 1m:2149.7 5m:2307.3 10m:2283.3 | Shares: 69/0 (found:69) | Diff: 128292 | 48s elapsed (since last share, avg 59s) | best=506 target=33478 (999%)
[2026-09-06T22:00:27Z INFO  minertim] H/s 1m:2211.8 5m:2308.7 10m:2280.6 | Shares: 69/0 (found:69) | Diff: 128292 | 58s elapsed (since last share, avg 58s) | best=506 target=33478 (999%)
[2026-09-06T22:00:28Z INFO  minertim::pool_connection] New job: sbJnncGeOYI7ehxm (difficulty: 128292, target: c6820000)
[2026-09-06T22:00:34Z INFO  minertim::miner] Worker 0 SHARE FOUND! job_id=sbJnncGeOYI7ehxm, nonce=94ed5900, hash_val=21393, difficulty=128292, hash=2f6dc248263c3bdb1f9df6d4cd8117ce89fb209d447530def587084f91530000
[2026-09-06T22:00:37Z INFO  minertim] H/s 1m:2328.3 5m:2308.6 10m:2290.4 | Shares: 69/0 (found:70) | Diff: 128292 | 2s elapsed (since last share, avg 55s) | best=506 target=33478 (999%)
[2026-09-06T22:00:47Z INFO  minertim] H/s 1m:2257.2 5m:2288.5 10m:2282.3 | Shares: 69/0 (found:70) | Diff: 128292 | 12s elapsed (since last share, avg 56s) | best=506 target=33478 (999%)
[2026-09-06T22:00:47Z INFO  minertim::pool_connection] New job: xkGg0U9yFEoGPbH2 (difficulty: 128292, target: c6820000)
[2026-09-06T22:00:48Z INFO  minertim::pool_connection] Share accepted by pool
[2026-09-06T22:00:57Z INFO  minertim] H/s 1m:2213.5 5m:2280.8 10m:2280.3 | Shares: 70/0 (found:70) | Diff: 128292 | 22s elapsed (since last share, avg 57s) | best=506 target=33478 (999%)
[2026-09-06T22:01:07Z INFO  minertim] H/s 1m:2214.6 5m:2280.8 10m:2282.1 | Shares: 70/0 (found:70) | Diff: 128292 | 33s elapsed (since last share, avg 57s) | best=506 target=33478 (999%)
[2026-09-06T22:01:07Z INFO  minertim::pool_connection] New job: vWnN8zqWMmrw0irU (difficulty: 128292, target: c6820000)
[2026-09-06T22:01:15Z INFO  minertim::pool_connection] New job: nZ7PY4Akh998LaTw (difficulty: 128292, target: c6820000)
[2026-09-06T22:01:17Z INFO  minertim] H/s 1m:2214.3 5m:2280.7 10m:2282.7 | Shares: 70/0 (found:70) | Diff: 128292 | 43s elapsed (since last share, avg 57s) | best=506 target=33478 (999%)
[2026-09-06T22:01:27Z INFO  minertim] H/s 1m:2213.6 5m:2280.6 10m:2283.0 | Shares: 70/0 (found:70) | Diff: 128292 | 53s elapsed (since last share, avg 57s) | best=506 target=33478 (999%)
[2026-09-06T22:01:35Z INFO  minertim::pool_connection] New job: hUU4ndOvY70Ow3JY (difficulty: 128292, target: c6820000)
[2026-09-06T22:01:37Z INFO  minertim] H/s 1m:2308.8 5m:2276.8 10m:2281.6 | Shares: 70/0 (found:70) | Diff: 128292 | 1m3s elapsed (since last share, avg 55s) | best=506 target=33478 (999%)
[2026-09-06T22:01:47Z INFO  minertim] H/s 1m:2324.6 5m:2271.7 10m:2279.6 | Shares: 70/0 (found:70) | Diff: 128292 | 1m13s elapsed (since last share, avg 55s) | best=506 target=33478 (999%)
[2026-09-06T22:01:54Z INFO  minertim::miner] Worker 1 SHARE FOUND! job_id=hUU4ndOvY70Ow3JY, nonce=d1d35f00, hash_val=1335, difficulty=128292, hash=91f5f40c773285b47979b908cdd4e225e74e846a1103c6ea65c6220437050000
[2026-09-06T22:01:55Z INFO  minertim::pool_connection] New job: uRf20xOSf2UKfU2G (difficulty: 128292, target: c6820000)
[2026-09-06T22:01:55Z INFO  minertim::pool_connection] Share accepted by pool
[2026-09-06T22:01:57Z INFO  minertim] H/s 1m:2296.7 5m:2267.0 10m:2277.7 | Shares: 71/0 (found:71) | Diff: 128292 | 3s elapsed (since last share, avg 55s) | best=506 target=33478 (999%)
[2026-09-06T22:02:07Z INFO  minertim] H/s 1m:2256.1 5m:2259.9 10m:2274.8 | Shares: 71/0 (found:71) | Diff: 128292 | 13s elapsed (since last share, avg 56s) | best=506 target=33478 (999%)
[2026-09-06T22:02:15Z INFO  minertim::pool_connection] New job: M8Z0lf3geq0gyFSI (difficulty: 128292, target: c6820000)
[2026-09-06T22:02:17Z INFO  minertim] H/s 1m:2230.2 5m:2255.3 10m:2273.2 | Shares: 71/0 (found:71) | Diff: 128292 | 23s elapsed (since last share, avg 57s) | best=506 target=33478 (999%)
[2026-09-06T22:02:22Z INFO  minertim::pool_connection] New job: Nv406ZIBVmcIzg7r (difficulty: 128292, target: c6820000)
[2026-09-06T22:02:27Z INFO  minertim] H/s 1m:2224.5 5m:2250.5 10m:2271.2 | Shares: 71/0 (found:71) | Diff: 128292 | 33s elapsed (since last share, avg 57s) | best=506 target=33478 (999%)
[2026-09-06T22:02:37Z INFO  minertim] H/s 1m:2226.3 5m:2245.7 10m:2269.2 | Shares: 71/0 (found:71) | Diff: 128292 | 43s elapsed (since last share, avg 57s) | best=506 target=33478 (999%)
[2026-09-06T22:02:42Z INFO  minertim::pool_connection] New job: 9nCzLYf1RYtCCZuM (difficulty: 128292, target: c6820000)
[2026-09-06T22:02:47Z INFO  minertim] H/s 1m:2226.8 5m:2241.0 10m:2267.8 | Shares: 71/0 (found:71) | Diff: 128292 | 53s elapsed (since last share, avg 57s) | best=506 target=33478 (999%)
[2026-09-06T22:02:57Z INFO  minertim] H/s 1m:2239.5 5m:2236.3 10m:2268.2 | Shares: 71/0 (found:71) | Diff: 128292 | 1m3s elapsed (since last share, avg 57s) | best=506 target=33478 (999%)
[2026-09-06T22:03:02Z INFO  minertim::pool_connection] New job: yXFVLDfNDcfvgMGe (difficulty: 128292, target: c6820000)
[2026-09-06T22:03:07Z INFO  minertim] H/s 1m:2238.8 5m:2231.5 10m:2271.9 | Shares: 71/0 (found:71) | Diff: 128292 | 1m13s elapsed (since last share, avg 57s) | best=506 target=33478 (999%)
[2026-09-06T22:03:17Z INFO  minertim] H/s 1m:2238.2 5m:2226.6 10m:2271.7 | Shares: 71/0 (found:71) | Diff: 128292 | 1m23s elapsed (since last share, avg 57s) | best=506 target=33478 (999%)
[2026-09-06T22:03:22Z INFO  minertim::pool_connection] New job: e960ZJZ58Q0Z0E1j (difficulty: 128292, target: c6820000)
[2026-09-06T22:03:27Z INFO  minertim] H/s 1m:2238.3 5m:2221.9 10m:2275.3 | Shares: 71/0 (found:71) | Diff: 128292 | 1m33s elapsed (since last share, avg 57s) | best=506 target=33478 (999%)
[2026-09-06T22:03:37Z INFO  minertim] H/s 1m:2237.3 5m:2217.0 10m:2278.6 | Shares: 71/0 (found:71) | Diff: 128292 | 1m43s elapsed (since last share, avg 57s) | best=506 target=33478 (999%)
[2026-09-06T22:03:42Z INFO  minertim::pool_connection] New job: PRHKiBlzygzXepp0 (difficulty: 128292, target: c6820000)
[2026-09-06T22:03:47Z INFO  minertim] H/s 1m:2237.5 5m:2212.2 10m:2276.8 | Shares: 71/0 (found:71) | Diff: 128292 | 1m53s elapsed (since last share, avg 57s) | best=506 target=33478 (999%)
[2026-09-06T22:03:57Z INFO  minertim] H/s 1m:2236.3 5m:2227.5 10m:2276.4 | Shares: 71/0 (found:71) | Diff: 128292 | 2m3s elapsed (since last share, avg 57s) | best=506 target=33478 (999%)
[2026-09-06T22:04:01Z INFO  minertim::pool_connection] New job: yrCYt1pr0ZQ00Acf (difficulty: 128292, target: c6820000)
[2026-09-06T22:04:06Z INFO  minertim::miner] Worker 3 SHARE FOUND! job_id=yrCYt1pr0ZQ00Acf, nonce=7b506400, hash_val=32605, difficulty=128292, hash=69b1ab8b0a36148da5e7b80eb3539a823cda08e199a1b3873dc477cd5d7f0000
[2026-09-06T22:04:07Z INFO  minertim] H/s 1m:2236.1 5m:2231.3 10m:2284.0 | Shares: 71/0 (found:72) | Diff: 128292 | 0s elapsed (since last share, avg 57s) | best=506 target=33478 (999%)
[2026-09-06T22:04:17Z INFO  minertim] H/s 1m:2127.1 5m:2207.7 10m:2278.2 | Shares: 71/0 (found:72) | Diff: 128292 | 10s elapsed (since last share, avg 1m0s) | best=506 target=33478 (999%)
[2026-09-06T22:04:21Z INFO  minertim::pool_connection] New job: Hgj9ieDoe7b3Sanp (difficulty: 128292, target: c6820000)
[2026-09-06T22:04:21Z INFO  minertim::pool_connection] Share accepted by pool
[2026-09-06T22:04:27Z INFO  minertim] H/s 1m:2096.9 5m:2208.4 10m:2273.4 | Shares: 72/0 (found:72) | Diff: 128292 | 20s elapsed (since last share, avg 1m1s) | best=506 target=33478 (999%)
[2026-09-06T22:04:37Z INFO  minertim] H/s 1m:2097.5 5m:2223.8 10m:2271.2 | Shares: 72/0 (found:72) | Diff: 128292 | 30s elapsed (since last share, avg 1m1s) | best=506 target=33478 (999%)
[2026-09-06T22:04:41Z INFO  minertim::pool_connection] New job: myTsrfRfqyUP3tir (difficulty: 128292, target: c6820000)
[2026-09-06T22:04:47Z INFO  minertim] H/s 1m:2099.0 5m:2227.1 10m:2269.0 | Shares: 72/0 (found:72) | Diff: 128292 | 40s elapsed (since last share, avg 1m1s) | best=506 target=33478 (999%)
[2026-09-06T22:04:52Z INFO  minertim::miner] Worker 2 SHARE FOUND! job_id=myTsrfRfqyUP3tir, nonce=928f6400, hash_val=6196, difficulty=128292, hash=272b0f5887aaa7b58989d6b795c1169b49bb2927f417417211a00f5a34180000
[2026-09-06T22:04:57Z INFO  minertim] H/s 1m:2045.1 5m:2213.1 10m:2262.2 | Shares: 72/0 (found:73) | Diff: 128292 | 5s elapsed (since last share, avg 1m2s) | best=506 target=33478 (999%)
[2026-09-06T22:05:01Z INFO  minertim::pool_connection] New job: cYydgmYo8cSLi1w4 (difficulty: 128292, target: c6820000)
[2026-09-06T22:05:01Z INFO  minertim::miner] Worker 3 SHARE FOUND! job_id=cYydgmYo8cSLi1w4, nonce=d7b06500, hash_val=7932, difficulty=128292, hash=ba339c34f0b877b99edcccbaccfda2070bd21ef8ea7c780f04c136ddfc1e0000
[2026-09-06T22:05:01Z INFO  minertim::pool_connection] Share accepted by pool
[2026-09-06T22:05:02Z INFO  minertim::pool_connection] Share accepted by pool
[2026-09-06T22:05:07Z INFO  minertim] H/s 1m:2144.2 5m:2206.8 10m:2259.1 | Shares: 74/0 (found:74) | Diff: 128292 | 5s elapsed (since last share, avg 59s) | best=506 target=33478 (999%)
[2026-09-06T22:05:17Z INFO  minertim] H/s 1m:2175.5 5m:2202.1 10m:2256.8 | Shares: 74/0 (found:74) | Diff: 128292 | 15s elapsed (since last share, avg 58s) | best=506 target=33478 (999%)
[2026-09-06T22:05:21Z INFO  minertim::pool_connection] New job: G9OvYDU6j9PjT0Iu (difficulty: 128292, target: c6820000)
[2026-09-06T22:05:27Z INFO  minertim] H/s 1m:2175.2 5m:2197.4 10m:2255.1 | Shares: 74/0 (found:74) | Diff: 128292 | 25s elapsed (since last share, avg 58s) | best=506 target=33478 (999%)
[2026-09-06T22:05:37Z INFO  minertim] H/s 1m:2174.7 5m:2212.9 10m:2252.8 | Shares: 74/0 (found:74) | Diff: 128292 | 35s elapsed (since last share, avg 58s) | best=506 target=33478 (999%)
[2026-09-06T22:05:41Z INFO  minertim::pool_connection] New job: pYq0fc0ykXC7Btob (difficulty: 128292, target: c6820000)
[2026-09-06T22:05:44Z INFO  minertim::miner] Worker 3 SHARE FOUND! job_id=pYq0fc0ykXC7Btob, nonce=cf266700, hash_val=30824, difficulty=128292, hash=3c531a43422ad34e919a7540b5e194c9cb4c91135497652c1995057f68780000
[2026-09-06T22:05:47Z INFO  minertim] H/s 1m:2174.1 5m:2206.3 10m:2245.8 | Shares: 74/0 (found:75) | Diff: 128292 | 3s elapsed (since last share, avg 59s) | best=506 target=33478 (999%)
[2026-09-06T22:05:57Z INFO  minertim] H/s 1m:2076.9 5m:2183.1 10m:2234.4 | Shares: 74/0 (found:75) | Diff: 128292 | 13s elapsed (since last share, avg 1m1s) | best=506 target=33478 (999%)
[2026-09-06T22:06:01Z INFO  minertim::pool_connection] New job: 09AHvkJljsel90uz (difficulty: 128292, target: c6820000)
[2026-09-06T22:06:01Z INFO  minertim::pool_connection] Share accepted by pool
[2026-09-06T22:06:07Z INFO  minertim] H/s 1m:2057.3 5m:2175.0 10m:2230.4 | Shares: 75/0 (found:75) | Diff: 128292 | 23s elapsed (since last share, avg 1m2s) | best=506 target=33478 (999%)
[2026-09-06T22:06:11Z INFO  minertim::miner] Worker 3 SHARE FOUND! job_id=09AHvkJljsel90uz, nonce=a37f6700, hash_val=12599, difficulty=128292, hash=8a9773d96bbd7f13098485563537636f959e8916488089e314b8df3f37310000
[2026-09-06T22:06:17Z INFO  minertim] H/s 1m:2003.0 5m:2161.1 10m:2223.5 | Shares: 75/0 (found:76) | Diff: 128292 | 6s elapsed (since last share, avg 1m4s) | best=506 target=33478 (999%)
[2026-09-06T22:06:21Z INFO  minertim::pool_connection] New job: M725WcDdcsAs8OPu (difficulty: 128292, target: c6820000)
[2026-09-06T22:06:21Z INFO  minertim::pool_connection] Share accepted by pool
[2026-09-06T22:06:27Z INFO  minertim] H/s 1m:1954.2 5m:2151.7 10m:2217.0 | Shares: 76/0 (found:76) | Diff: 128292 | 16s elapsed (since last share, avg 1m5s) | best=506 target=33478 (999%)
[2026-09-06T22:06:37Z INFO  minertim] H/s 1m:2010.6 5m:2152.2 10m:2214.8 | Shares: 76/0 (found:76) | Diff: 128292 | 26s elapsed (since last share, avg 1m3s) | best=506 target=33478 (999%)
[2026-09-06T22:06:40Z INFO  minertim::pool_connection] New job: qOdqxrlaG16lNAnH (difficulty: 128292, target: c6820000)
[2026-09-06T22:06:47Z INFO  minertim] H/s 1m:2116.5 5m:2152.0 10m:2212.3 | Shares: 76/0 (found:76) | Diff: 128292 | 36s elapsed (since last share, avg 1m0s) | best=506 target=33478 (999%)
[2026-09-06T22:06:57Z INFO  minertim] H/s 1m:2135.3 5m:2154.2 10m:2210.0 | Shares: 76/0 (found:76) | Diff: 128292 | 46s elapsed (since last share, avg 1m0s) | best=506 target=33478 (999%)
[2026-09-06T22:07:00Z INFO  minertim::pool_connection] New job: egTRusuyCEJVWSNz (difficulty: 128292, target: c6820000)
[2026-09-06T22:07:07Z INFO  minertim] H/s 1m:2190.7 5m:2154.3 10m:2207.7 | Shares: 76/0 (found:76) | Diff: 128292 | 56s elapsed (since last share, avg 58s) | best=506 target=33478 (999%)
[2026-09-06T22:07:17Z INFO  minertim] H/s 1m:2239.6 5m:2154.3 10m:2205.4 | Shares: 76/0 (found:76) | Diff: 128292 | 1m6s elapsed (since last share, avg 57s) | best=506 target=33478 (999%)
[2026-09-06T22:07:20Z INFO  minertim::pool_connection] New job: tydkU6lZRg0PNBKy (difficulty: 128292, target: c6820000)
[2026-09-06T22:07:27Z INFO  minertim] H/s 1m:2239.9 5m:2154.5 10m:2203.1 | Shares: 76/0 (found:76) | Diff: 128292 | 1m16s elapsed (since last share, avg 57s) | best=506 target=33478 (999%)
[2026-09-06T22:07:37Z INFO  minertim] H/s 1m:2241.5 5m:2154.5 10m:2200.8 | Shares: 76/0 (found:76) | Diff: 128292 | 1m26s elapsed (since last share, avg 57s) | best=506 target=33478 (999%)
[2026-09-06T22:07:40Z INFO  minertim::pool_connection] New job: xRyyeO2MjL3xwhW0 (difficulty: 128292, target: c6820000)
[2026-09-06T22:07:47Z INFO  minertim] H/s 1m:2240.2 5m:2154.3 10m:2198.3 | Shares: 76/0 (found:76) | Diff: 128292 | 1m36s elapsed (since last share, avg 57s) | best=506 target=33478 (999%)
[2026-09-06T22:07:57Z INFO  minertim] H/s 1m:2239.4 5m:2154.3 10m:2196.1 | Shares: 76/0 (found:76) | Diff: 128292 | 1m46s elapsed (since last share, avg 57s) | best=506 target=33478 (999%)
[2026-09-06T22:08:00Z INFO  minertim::pool_connection] New job: f0URngXDrPgZlSrc (difficulty: 128292, target: c6820000)
[2026-09-06T22:08:07Z INFO  minertim] H/s 1m:2239.7 5m:2154.5 10m:2193.7 | Shares: 76/0 (found:76) | Diff: 128292 | 1m56s elapsed (since last share, avg 57s) | best=506 target=33478 (999%)
[2026-09-06T22:08:17Z INFO  minertim] H/s 1m:2237.8 5m:2154.5 10m:2191.4 | Shares: 76/0 (found:76) | Diff: 128292 | 2m6s elapsed (since last share, avg 57s) | best=506 target=33478 (999%)
[2026-09-06T22:08:20Z INFO  minertim::pool_connection] New job: VtZDQuL6gPcvdqyS (difficulty: 128292, target: c6820000)
[2026-09-06T22:08:27Z INFO  minertim] H/s 1m:2236.9 5m:2154.5 10m:2189.0 | Shares: 76/0 (found:76) | Diff: 128292 | 2m16s elapsed (since last share, avg 57s) | best=506 target=33478 (999%)
[2026-09-06T22:08:37Z INFO  minertim] H/s 1m:2239.1 5m:2154.6 10m:2186.7 | Shares: 76/0 (found:76) | Diff: 128292 | 2m26s elapsed (since last share, avg 57s) | best=506 target=33478 (999%)
[2026-09-06T22:08:40Z INFO  minertim::pool_connection] New job: 0PF0X1hGi1Pe9z0C (difficulty: 128292, target: c6820000)
[2026-09-06T22:08:47Z INFO  minertim] H/s 1m:2239.4 5m:2154.9 10m:2184.4 | Shares: 76/0 (found:76) | Diff: 128292 | 2m36s elapsed (since last share, avg 57s) | best=506 target=33478 (999%)
[2026-09-06T22:08:57Z INFO  minertim] H/s 1m:2240.1 5m:2155.2 10m:2192.1 | Shares: 76/0 (found:76) | Diff: 128292 | 2m46s elapsed (since last share, avg 57s) | best=506 target=33478 (999%)
[2026-09-06T22:08:59Z INFO  minertim::pool_connection] New job: Rp6nbyPKSQ8sC0zY (difficulty: 128292, target: c6820000)
[2026-09-06T22:09:07Z INFO  minertim] H/s 1m:2240.1 5m:2173.9 10m:2194.0 | Shares: 76/0 (found:76) | Diff: 128292 | 2m56s elapsed (since last share, avg 57s) | best=506 target=33478 (999%)
[2026-09-06T22:09:17Z INFO  minertim] H/s 1m:2241.1 5m:2179.3 10m:2191.7 | Shares: 76/0 (found:76) | Diff: 128292 | 3m6s elapsed (since last share, avg 57s) | best=506 target=33478 (999%)
[2026-09-06T22:09:19Z INFO  minertim::pool_connection] New job: yfSt40wO46jJviSV (difficulty: 128292, target: c6820000)
[2026-09-06T22:09:27Z INFO  minertim] H/s 1m:2242.3 5m:2179.6 10m:2194.8 | Shares: 76/0 (found:76) | Diff: 128292 | 3m16s elapsed (since last share, avg 57s) | best=506 target=33478 (999%)
[2026-09-06T22:09:37Z INFO  minertim] H/s 1m:2241.6 5m:2179.5 10m:2202.3 | Shares: 76/0 (found:76) | Diff: 128292 | 3m26s elapsed (since last share, avg 57s) | best=506 target=33478 (999%)
[2026-09-06T22:09:39Z INFO  minertim::pool_connection] New job: Y7ZggeUg65CpWoQX (difficulty: 128292, target: c6820000)
[2026-09-06T22:09:47Z INFO  minertim] H/s 1m:2239.2 5m:2188.7 10m:2203.8 | Shares: 76/0 (found:76) | Diff: 128292 | 3m36s elapsed (since last share, avg 57s) | best=506 target=33478 (999%)
[2026-09-06T22:09:57Z INFO  minertim] H/s 1m:2239.6 5m:2190.4 10m:2201.5 | Shares: 76/0 (found:76) | Diff: 128292 | 3m46s elapsed (since last share, avg 57s) | best=506 target=33478 (999%)
[2026-09-06T22:09:59Z INFO  minertim::pool_connection] New job: dQkSR0n7vPq8NwcA (difficulty: 128292, target: c6820000)
[2026-09-06T22:10:07Z INFO  minertim] H/s 1m:2239.0 5m:2190.3 10m:2199.3 | Shares: 76/0 (found:76) | Diff: 128292 | 3m56s elapsed (since last share, avg 57s) | best=506 target=33478 (999%)
[2026-09-06T22:10:17Z INFO  minertim] H/s 1m:2293.7 5m:2200.0 10m:2201.7 | Shares: 76/0 (found:76) | Diff: 128292 | 4m6s elapsed (since last share, avg 55s) | best=506 target=33478 (999%)
[2026-09-06T22:10:19Z INFO  minertim::pool_connection] New job: znxcoriirSGlRAYC (difficulty: 128292, target: c6820000)
[2026-09-06T22:10:27Z INFO  minertim::pool_connection] New job: 1xsdurZeBKNEgsEl (difficulty: 97171, target: a8ac0000)
[2026-09-06T22:10:27Z INFO  minertim] H/s 1m:2294.3 5m:2200.1 10m:2199.4 | Shares: 76/0 (found:76) | Diff: 97171 | 4m16s elapsed (since last share, avg 42s) | best=506 target=44200 (999%)
[2026-09-06T22:10:28Z INFO  minertim::miner] Worker 1 SHARE FOUND! job_id=1xsdurZeBKNEgsEl, nonce=21677100, hash_val=12621, difficulty=97171, hash=340798dc21c0f3c78c57e9b9dda7046684cb62f35afe171f9ad872574d310000
[2026-09-06T22:10:37Z INFO  minertim] H/s 1m:2188.9 5m:2191.3 10m:2198.0 | Shares: 76/0 (found:77) | Diff: 97171 | 9s elapsed (since last share, avg 44s) | best=506 target=44200 (999%)
[2026-09-06T22:10:39Z INFO  minertim::pool_connection] New job: UbTqyocTBwbnjcCV (difficulty: 97171, target: a8ac0000)
[2026-09-06T22:10:39Z INFO  minertim::pool_connection] Share accepted by pool
[2026-09-06T22:10:47Z INFO  minertim] H/s 1m:2188.1 5m:2209.6 10m:2199.4 | Shares: 77/0 (found:77) | Diff: 97171 | 19s elapsed (since last share, avg 44s) | best=506 target=44200 (999%)
[2026-09-06T22:10:50Z INFO  minertim::miner] Worker 0 SHARE FOUND! job_id=UbTqyocTBwbnjcCV, nonce=f8a36e00, hash_val=14933, difficulty=97171, hash=db1e8004a9c7cd43ea8ccbb1422953f7448ef99839f75116b5d18631553a0000
[2026-09-06T22:10:57Z INFO  minertim::pool_connection] New job: G9yEwSTL0yxlA002 (difficulty: 145755, target: 1b730000)
[2026-09-06T22:10:57Z INFO  minertim] H/s 1m:2105.9 5m:2198.7 10m:2190.1 | Shares: 77/0 (found:78) | Diff: 145755 | 7s elapsed (since last share, avg 1m9s) | best=506 target=29467 (999%)
[2026-09-06T22:10:57Z INFO  minertim::pool_connection] Share accepted by pool
[2026-09-06T22:10:59Z INFO  minertim::pool_connection] New job: m0a2UCQHToYndsHP (difficulty: 145755, target: 1b730000)
[2026-09-06T22:11:07Z INFO  minertim] H/s 1m:2048.8 5m:2207.9 10m:2187.7 | Shares: 78/0 (found:78) | Diff: 145755 | 17s elapsed (since last share, avg 1m11s) | best=506 target=29467 (999%)
[2026-09-06T22:11:13Z INFO  minertim::miner] Worker 1 SHARE FOUND! job_id=m0a2UCQHToYndsHP, nonce=65917200, hash_val=4692, difficulty=145755, hash=a6912eeb70851b5a14d431c22999eb6d2e9d2606508bf3413b7a9dff54120000
[2026-09-06T22:11:16Z INFO  minertim::miner] Worker 2 SHARE FOUND! job_id=m0a2UCQHToYndsHP, nonce=e66a7100, hash_val=29245, difficulty=145755, hash=19dfed83168ef83d315451ea67936a866bbb0004aef9ab3388eba5093d720000
[2026-09-06T22:11:17Z INFO  minertim] H/s 1m:1938.1 5m:2197.3 10m:2176.1 | Shares: 78/0 (found:80) | Diff: 145755 | 1s elapsed (since last share, avg 1m15s) | best=506 target=29467 (999%)
[2026-09-06T22:11:19Z INFO  minertim::pool_connection] New job: ez8SYOJfYASEI5C2 (difficulty: 145755, target: 1b730000)
[2026-09-06T22:11:19Z INFO  minertim::pool_connection] Share accepted by pool
[2026-09-06T22:11:19Z INFO  minertim::pool_connection] Share accepted by pool
[2026-09-06T22:11:24Z INFO  minertim::pool_connection] New job: sxMfpzK69jrv00aj (difficulty: 145755, target: 1b730000)
[2026-09-06T22:11:27Z INFO  minertim::pool_connection] New job: W0vJHzDeRkAEEbDk (difficulty: 218640, target: bc4c0000)
[2026-09-06T22:11:27Z INFO  minertim] H/s 1m:2036.2 5m:2195.7 10m:2174.9 | Shares: 80/0 (found:80) | Diff: 218640 | 11s elapsed (since last share, avg 1m47s) | best=506 target=19644 (999%)
[2026-09-06T22:11:37Z INFO  minertim] H/s 1m:2057.3 5m:2199.4 10m:2176.7 | Shares: 80/0 (found:80) | Diff: 218640 | 21s elapsed (since last share, avg 1m46s) | best=506 target=19644 (999%)
[2026-09-06T22:11:44Z INFO  minertim::pool_connection] New job: KOX0h0i6kt0AINuj (difficulty: 218640, target: bc4c0000)
[2026-09-06T22:11:48Z INFO  minertim] H/s 1m:2163.0 5m:2203.4 10m:2178.7 | Shares: 80/0 (found:80) | Diff: 218640 | 31s elapsed (since last share, avg 1m41s) | best=506 target=19644 (999%)
[2026-09-06T22:11:58Z INFO  minertim] H/s 1m:2188.2 5m:2207.5 10m:2181.9 | Shares: 80/0 (found:80) | Diff: 218640 | 41s elapsed (since last share, avg 1m39s) | best=506 target=19644 (999%)
[2026-09-06T22:11:58Z INFO  minertim::miner] Worker 1 SHARE FOUND! job_id=KOX0h0i6kt0AINuj, nonce=c5fc7300, hash_val=8009, difficulty=218640, hash=fb77eb74c4befa32f569f96b02ee94e1be6e8b94813c691aef65bbf6491f0000
[2026-09-06T22:12:01Z INFO  minertim::pool_connection] Share accepted by pool
[2026-09-06T22:12:04Z INFO  minertim::pool_connection] New job: aDOqCbKrjLlpd70N (difficulty: 218640, target: bc4c0000)
[2026-09-06T22:12:08Z INFO  minertim] H/s 1m:2319.5 5m:2211.1 10m:2183.6 | Shares: 81/0 (found:81) | Diff: 218640 | 9s elapsed (since last share, avg 1m34s) | best=506 target=19644 (999%)
[2026-09-06T22:12:18Z INFO  minertim] H/s 1m:2350.3 5m:2214.7 10m:2185.5 | Shares: 81/0 (found:81) | Diff: 218640 | 19s elapsed (since last share, avg 1m33s) | best=506 target=19644 (999%)
[2026-09-06T22:12:24Z INFO  minertim::pool_connection] New job: JYdtMeJi4l8lKGIf (difficulty: 218640, target: bc4c0000)
[2026-09-06T22:12:28Z INFO  minertim] H/s 1m:2354.5 5m:2218.8 10m:2187.6 | Shares: 81/0 (found:81) | Diff: 218640 | 29s elapsed (since last share, avg 1m32s) | best=506 target=19644 (999%)
[2026-09-06T22:12:38Z INFO  minertim] H/s 1m:2355.6 5m:2223.3 10m:2189.7 | Shares: 81/0 (found:81) | Diff: 218640 | 39s elapsed (since last share, avg 1m32s) | best=506 target=19644 (999%)
[2026-09-06T22:12:44Z INFO  minertim::pool_connection] New job: 0rJVM3m1rc2mrkf5 (difficulty: 218640, target: bc4c0000)
[2026-09-06T22:12:48Z INFO  minertim] H/s 1m:2355.0 5m:2227.5 10m:2191.7 | Shares: 81/0 (found:81) | Diff: 218640 | 49s elapsed (since last share, avg 1m32s) | best=506 target=19644 (999%)
[2026-09-06T22:12:58Z INFO  minertim] H/s 1m:2359.8 5m:2231.8 10m:2193.9 | Shares: 81/0 (found:81) | Diff: 218640 | 59s elapsed (since last share, avg 1m32s) | best=506 target=19644 (999%)
[2026-09-06T22:13:04Z INFO  minertim::pool_connection] New job: fxUMRnM6WBon0QBe (difficulty: 218640, target: bc4c0000)
[2026-09-06T22:13:08Z INFO  minertim] H/s 1m:2361.5 5m:2236.0 10m:2196.0 | Shares: 81/0 (found:81) | Diff: 218640 | 1m9s elapsed (since last share, avg 1m32s) | best=506 target=19644 (999%)
[2026-09-06T22:13:18Z INFO  minertim] H/s 1m:2362.3 5m:2240.5 10m:2198.1 | Shares: 81/0 (found:81) | Diff: 218640 | 1m19s elapsed (since last share, avg 1m32s) | best=506 target=19644 (999%)
[2026-09-06T22:13:23Z INFO  minertim::pool_connection] New job: Azyd2HQIHlq0vtfV (difficulty: 218640, target: bc4c0000)
[2026-09-06T22:13:27Z INFO  minertim::pool_connection] New job: rQJrYeBNwKKMAZZQ (difficulty: 153726, target: 236d0000)
[2026-09-06T22:13:28Z INFO  minertim] H/s 1m:2362.3 5m:2244.6 10m:2200.2 | Shares: 81/0 (found:81) | Diff: 153726 | 1m29s elapsed (since last share, avg 1m5s) | best=506 target=27939 (999%)
[2026-09-06T22:13:38Z INFO  minertim] H/s 1m:2362.0 5m:2248.6 10m:2202.3 | Shares: 81/0 (found:81) | Diff: 153726 | 1m39s elapsed (since last share, avg 1m5s) | best=506 target=27939 (999%)
[2026-09-06T22:13:43Z INFO  minertim::pool_connection] New job: agpyg0cLDfQt6dOF (difficulty: 153726, target: 236d0000)
[2026-09-06T22:13:48Z INFO  minertim] H/s 1m:2361.4 5m:2252.7 10m:2204.5 | Shares: 81/0 (found:81) | Diff: 153726 | 1m49s elapsed (since last share, avg 1m5s) | best=506 target=27939 (999%)
[2026-09-06T22:13:58Z INFO  minertim] H/s 1m:2361.6 5m:2257.0 10m:2206.6 | Shares: 81/0 (found:81) | Diff: 153726 | 1m59s elapsed (since last share, avg 1m5s) | best=506 target=27939 (999%)
[2026-09-06T22:14:03Z INFO  minertim::pool_connection] New job: VFZ9uI0QoCQ0hmt7 (difficulty: 153726, target: 236d0000)
[2026-09-06T22:14:08Z INFO  minertim] H/s 1m:2361.3 5m:2261.2 10m:2218.0 | Shares: 81/0 (found:81) | Diff: 153726 | 2m9s elapsed (since last share, avg 1m5s) | best=506 target=27939 (999%)
[2026-09-06T22:14:18Z INFO  minertim] H/s 1m:2362.0 5m:2265.2 10m:2222.7 | Shares: 81/0 (found:81) | Diff: 153726 | 2m19s elapsed (since last share, avg 1m5s) | best=506 target=27939 (999%)
[2026-09-06T22:14:23Z INFO  minertim::pool_connection] New job: WQQP5bPyw8MA6hVh (difficulty: 153726, target: 236d0000)
[2026-09-06T22:14:27Z INFO  minertim::pool_connection] New job: uxsr8h65QQBRaIjT (difficulty: 115298, target: 83910000)
[2026-09-06T22:14:28Z INFO  minertim] H/s 1m:2361.8 5m:2269.3 10m:2224.7 | Shares: 81/0 (found:81) | Diff: 115298 | 2m29s elapsed (since last share, avg 48s) | best=506 target=37251 (999%)
[2026-09-06T22:14:38Z INFO  minertim] H/s 1m:2361.9 5m:2273.9 10m:2226.8 | Shares: 81/0 (found:81) | Diff: 115298 | 2m39s elapsed (since last share, avg 48s) | best=506 target=37251 (999%)
[2026-09-06T22:14:43Z INFO  minertim::pool_connection] New job: X77qmK1JRqEjY0E4 (difficulty: 115298, target: 83910000)
[2026-09-06T22:14:48Z INFO  minertim] H/s 1m:2361.1 5m:2277.9 10m:2233.4 | Shares: 81/0 (found:81) | Diff: 115298 | 2m49s elapsed (since last share, avg 48s) | best=506 target=37251 (999%)
[2026-09-06T22:14:58Z INFO  minertim] H/s 1m:2360.2 5m:2282.1 10m:2236.3 | Shares: 81/0 (found:81) | Diff: 115298 | 2m59s elapsed (since last share, avg 48s) | best=506 target=37251 (999%)
[2026-09-06T22:15:03Z INFO  minertim::pool_connection] New job: KUkazyOCvJIXaCzu (difficulty: 115298, target: 83910000)
[2026-09-06T22:15:08Z INFO  minertim] H/s 1m:2359.8 5m:2276.6 10m:2238.3 | Shares: 81/0 (found:81) | Diff: 115298 | 3m9s elapsed (since last share, avg 48s) | best=506 target=37251 (999%)
[2026-09-06T22:15:18Z INFO  minertim] H/s 1m:2360.7 5m:2280.8 10m:2240.4 | Shares: 81/0 (found:81) | Diff: 115298 | 3m19s elapsed (since last share, avg 48s) | best=506 target=37251 (999%)
[2026-09-06T22:15:22Z INFO  minertim::pool_connection] New job: eAoFNjhpo3mMAWaL (difficulty: 115298, target: 83910000)
[2026-09-06T22:15:27Z INFO  minertim::pool_connection] New job: E3rq0oeWEb3vnWLY (difficulty: 86471, target: 05c20000)
[2026-09-06T22:15:28Z INFO  minertim] H/s 1m:2360.4 5m:2303.4 10m:2242.5 | Shares: 81/0 (found:81) | Diff: 86471 | 3m29s elapsed (since last share, avg 36s) | best=506 target=49669 (999%)
[2026-09-06T22:15:37Z INFO  minertim::pool_connection] New job: xtJNhSTqWUjUcxow (difficulty: 86471, target: 05c20000)
[2026-09-06T22:15:38Z INFO  minertim] H/s 1m:2361.1 5m:2307.8 10m:2249.2 | Shares: 81/0 (found:81) | Diff: 86471 | 3m39s elapsed (since last share, avg 36s) | best=506 target=49669 (999%)
[2026-09-06T22:15:48Z INFO  minertim] H/s 1m:2361.3 5m:2326.1 10m:2260.4 | Shares: 81/0 (found:81) | Diff: 86471 | 3m49s elapsed (since last share, avg 36s) | best=506 target=49669 (999%)
[2026-09-06T22:15:50Z INFO  minertim::miner] Worker 0 SHARE FOUND! job_id=xtJNhSTqWUjUcxow, nonce=3c187900, hash_val=32833, difficulty=86471, hash=b9cd5dc6c7c1eb4db22a80fdba03de87fd703c50d90a3bae5662a2fd41800000
[2026-09-06T22:15:57Z INFO  minertim::pool_connection] New job: AzcN79cP7B8Tbucq (difficulty: 86471, target: 05c20000)
[2026-09-06T22:15:57Z INFO  minertim::pool_connection] Share accepted by pool
[2026-09-06T22:15:57Z INFO  minertim::pool_connection] New job: 3Ti0M1yPmaWME9aZ (difficulty: 129710, target: 58810000)
[2026-09-06T22:15:58Z INFO  minertim] H/s 1m:2272.3 5m:2315.1 10m:2256.6 | Shares: 82/0 (found:82) | Diff: 129710 | 8s elapsed (since last share, avg 57s) | best=506 target=33112 (999%)
[2026-09-06T22:16:08Z INFO  minertim] H/s 1m:2272.1 5m:2338.4 10m:2263.2 | Shares: 82/0 (found:82) | Diff: 129710 | 18s elapsed (since last share, avg 57s) | best=506 target=33112 (999%)
[2026-09-06T22:16:17Z INFO  minertim::pool_connection] New job: 0ySgOnH0UZacLQO9 (difficulty: 129710, target: 58810000)
[2026-09-06T22:16:18Z INFO  minertim] H/s 1m:2270.1 5m:2343.8 10m:2269.3 | Shares: 82/0 (found:82) | Diff: 129710 | 28s elapsed (since last share, avg 57s) | best=506 target=33112 (999%)
[2026-09-06T22:16:28Z INFO  minertim] H/s 1m:2271.4 5m:2344.7 10m:2271.3 | Shares: 82/0 (found:82) | Diff: 129710 | 38s elapsed (since last share, avg 57s) | best=506 target=33112 (999%)
[2026-09-06T22:16:37Z INFO  minertim::pool_connection] New job: eoP9OCHBak8Wz5bL (difficulty: 129710, target: 58810000)
[2026-09-06T22:16:38Z INFO  minertim] H/s 1m:2273.1 5m:2345.1 10m:2273.6 | Shares: 82/0 (found:82) | Diff: 129710 | 48s elapsed (since last share, avg 57s) | best=506 target=33112 (999%)
[2026-09-06T22:16:48Z INFO  minertim] H/s 1m:2361.4 5m:2345.0 10m:2275.7 | Shares: 82/0 (found:82) | Diff: 129710 | 58s elapsed (since last share, avg 54s) | best=506 target=33112 (999%)
[2026-09-06T22:16:57Z INFO  minertim::pool_connection] New job: VEU9y8H3Erfzl9co (difficulty: 129710, target: 58810000)
[2026-09-06T22:16:57Z INFO  minertim::pool_connection] New job: 7uf6cXNYfRKPkKyX (difficulty: 97281, target: 76ac0000)
[2026-09-06T22:16:58Z INFO  minertim] H/s 1m:2360.7 5m:2345.5 10m:2277.6 | Shares: 82/0 (found:82) | Diff: 97281 | 1m8s elapsed (since last share, avg 41s) | best=506 target=44150 (999%)
[2026-09-06T22:17:05Z INFO  minertim::pool_connection] New job: S40tuADNBH0Nji4V (difficulty: 97281, target: 76ac0000)
[2026-09-06T22:17:07Z INFO  minertim::miner] Worker 2 SHARE FOUND! job_id=S40tuADNBH0Nji4V, nonce=baf27d00, hash_val=5558, difficulty=97281, hash=a4e873d904dc01d2bf245a5b8bf43e75c09e601081369bfa76b8ebcfb6150000
[2026-09-06T22:17:08Z INFO  minertim] H/s 1m:2362.8 5m:2345.9 10m:2279.7 | Shares: 82/0 (found:83) | Diff: 97281 | 0s elapsed (since last share, avg 41s) | best=506 target=44150 (999%)
[2026-09-06T22:17:15Z INFO  minertim::miner] Worker 3 SHARE FOUND! job_id=S40tuADNBH0Nji4V, nonce=e78e7e00, hash_val=24732, difficulty=97281, hash=7e5f22aff78f5e824117f5393a7258aa613c58d969331e21b94fbabd9c600000
[2026-09-06T22:17:18Z INFO  minertim] H/s 1m:2187.4 5m:2315.9 10m:2266.9 | Shares: 82/0 (found:84) | Diff: 97281 | 3s elapsed (since last share, avg 44s) | best=506 target=44150 (999%)
[2026-09-06T22:17:25Z INFO  minertim::pool_connection] New job: bSlDJEwEZ1yJYLMq (difficulty: 97281, target: 76ac0000)
[2026-09-06T22:17:25Z INFO  minertim::pool_connection] Share accepted by pool
[2026-09-06T22:17:25Z INFO  minertim::pool_connection] Share accepted by pool
[2026-09-06T22:17:27Z INFO  minertim::pool_connection] New job: WIa00LVHx06lE0NC (difficulty: 145923, target: f9720000)
[2026-09-06T22:17:28Z INFO  minertim] H/s 1m:2036.4 5m:2290.0 10m:2256.3 | Shares: 84/0 (found:84) | Diff: 145923 | 13s elapsed (since last share, avg 1m11s) | best=506 target=29433 (999%)
[2026-09-06T22:17:38Z INFO  minertim] H/s 1m:2036.5 5m:2290.1 10m:2258.4 | Shares: 84/0 (found:84) | Diff: 145923 | 23s elapsed (since last share, avg 1m11s) | best=506 target=29433 (999%)
[2026-09-06T22:17:45Z INFO  minertim::pool_connection] New job: oQsfl8yFWpf8Isbg (difficulty: 145923, target: f9720000)
[2026-09-06T22:17:48Z INFO  minertim] H/s 1m:2037.3 5m:2289.8 10m:2260.5 | Shares: 84/0 (found:84) | Diff: 145923 | 33s elapsed (since last share, avg 1m11s) | best=506 target=29433 (999%)
[2026-09-06T22:17:58Z INFO  minertim] H/s 1m:2036.7 5m:2289.9 10m:2262.5 | Shares: 84/0 (found:84) | Diff: 145923 | 43s elapsed (since last share, avg 1m11s) | best=506 target=29433 (999%)
[2026-09-06T22:18:04Z INFO  minertim::pool_connection] New job: KZwd0ycHYgj2Fvgt (difficulty: 145923, target: f9720000)
[2026-09-06T22:18:08Z INFO  minertim] H/s 1m:2211.0 5m:2289.8 10m:2264.6 | Shares: 84/0 (found:84) | Diff: 145923 | 53s elapsed (since last share, avg 1m5s) | best=506 target=29433 (999%)
[2026-09-06T22:18:18Z INFO  minertim] H/s 1m:2360.7 5m:2289.8 10m:2266.7 | Shares: 84/0 (found:84) | Diff: 145923 | 1m3s elapsed (since last share, avg 1m1s) | best=506 target=29433 (999%)
[2026-09-06T22:18:24Z INFO  minertim::pool_connection] New job: mCqVN8S674p2cNxK (difficulty: 145923, target: f9720000)
[2026-09-06T22:18:28Z INFO  minertim::pool_connection] New job: SKxmMRp1imxjwIMx (difficulty: 105912, target: 689e0000)
[2026-09-06T22:18:28Z INFO  minertim] H/s 1m:2362.0 5m:2290.0 10m:2268.9 | Shares: 84/0 (found:84) | Diff: 105912 | 1m13s elapsed (since last share, avg 44s) | best=506 target=40552 (999%)
[2026-09-06T22:18:38Z INFO  minertim] H/s 1m:2361.6 5m:2289.9 10m:2270.8 | Shares: 84/0 (found:84) | Diff: 105912 | 1m23s elapsed (since last share, avg 44s) | best=506 target=40552 (999%)
[2026-09-06T22:18:41Z INFO  minertim::pool_connection] New job: s0JtxINulUl2uCyK (difficulty: 105912, target: 689e0000)
[2026-09-06T22:18:48Z INFO  minertim] H/s 1m:2361.2 5m:2289.8 10m:2272.8 | Shares: 84/0 (found:84) | Diff: 105912 | 1m33s elapsed (since last share, avg 44s) | best=506 target=40552 (999%)
[2026-09-06T22:18:58Z INFO  minertim] H/s 1m:2362.5 5m:2290.0 10m:2275.0 | Shares: 84/0 (found:84) | Diff: 105912 | 1m43s elapsed (since last share, avg 44s) | best=506 target=40552 (999%)
[2026-09-06T22:19:01Z INFO  minertim::pool_connection] New job: KP8RjPhHPY1b64bF (difficulty: 105912, target: 689e0000)
[2026-09-06T22:19:05Z INFO  minertim::miner] Worker 2 SHARE FOUND! job_id=KP8RjPhHPY1b64bF, nonce=f68e8100, hash_val=7810, difficulty=105912, hash=765b1dc02a7352e1a1e341d0fb7ae1cda0b46b802ba7b0168627c421821e0000
[2026-09-06T22:19:08Z INFO  minertim] H/s 1m:2362.1 5m:2289.8 10m:2277.0 | Shares: 84/0 (found:85) | Diff: 105912 | 2s elapsed (since last share, avg 44s) | best=506 target=40552 (999%)
[2026-09-06T22:19:10Z INFO  minertim::pool_connection] New job: resbNR0w7D2Iv8ir (difficulty: 105912, target: 689e0000)
[2026-09-06T22:19:10Z INFO  minertim::pool_connection] Share accepted by pool
[2026-09-06T22:19:18Z INFO  minertim] H/s 1m:2307.3 5m:2280.6 10m:2274.4 | Shares: 85/0 (found:85) | Diff: 105912 | 12s elapsed (since last share, avg 45s) | best=506 target=40552 (999%)
[2026-09-06T22:19:28Z INFO  minertim] H/s 1m:2307.3 5m:2280.5 10m:2276.4 | Shares: 85/0 (found:85) | Diff: 105912 | 22s elapsed (since last share, avg 45s) | best=506 target=40552 (999%)
[2026-09-06T22:19:30Z INFO  minertim::pool_connection] New job: eCBgvM1sueePNnyo (difficulty: 105912, target: 689e0000)
[2026-09-06T22:19:38Z INFO  minertim] H/s 1m:2307.9 5m:2280.7 10m:2278.6 | Shares: 85/0 (found:85) | Diff: 105912 | 32s elapsed (since last share, avg 45s) | best=506 target=40552 (999%)
[2026-09-06T22:19:46Z INFO  minertim::pool_connection] New job: 2yqrMQwCkGymqzH8 (difficulty: 105912, target: 689e0000)
[2026-09-06T22:19:48Z INFO  minertim] H/s 1m:2306.2 5m:2280.7 10m:2280.6 | Shares: 85/0 (found:85) | Diff: 105912 | 42s elapsed (since last share, avg 45s) | best=506 target=40552 (999%)
[2026-09-06T22:19:58Z INFO  minertim] H/s 1m:2305.8 5m:2280.5 10m:2282.6 | Shares: 85/0 (found:85) | Diff: 105912 | 52s elapsed (since last share, avg 45s) | best=506 target=40552 (999%)
[2026-09-06T22:20:06Z INFO  minertim::pool_connection] New job: jLFTbTezGVj90vsq (difficulty: 105912, target: 689e0000)
[2026-09-06T22:20:08Z INFO  minertim] H/s 1m:2359.4 5m:2280.4 10m:2279.9 | Shares: 85/0 (found:85) | Diff: 105912 | 1m2s elapsed (since last share, avg 44s) | best=506 target=40552 (999%)
[2026-09-06T22:20:18Z INFO  minertim] H/s 1m:2359.5 5m:2280.3 10m:2281.9 | Shares: 85/0 (found:85) | Diff: 105912 | 1m12s elapsed (since last share, avg 44s) | best=506 target=40552 (999%)
[2026-09-06T22:20:20Z INFO  minertim::miner] Worker 0 SHARE FOUND! job_id=jLFTbTezGVj90vsq, nonce=c88e8200, hash_val=38341, difficulty=105912, hash=9978adddd9d05307f090c4ea21a3234672a48a89df79748c84b2c12fc5950000
[2026-09-06T22:20:26Z INFO  minertim::pool_connection] New job: 05dhu6YlevzXTnQN (difficulty: 105912, target: 689e0000)
[2026-09-06T22:20:26Z INFO  minertim::pool_connection] Share accepted by pool
[2026-09-06T22:20:28Z INFO  minertim::pool_connection] New job: qSrugWEQOMtvxFrf (difficulty: 80100, target: 74d10000)
[2026-09-06T22:20:28Z INFO  minertim] H/s 1m:2280.9 5m:2266.8 10m:2286.4 | Shares: 86/0 (found:86) | Diff: 80100 | 7s elapsed (since last share, avg 35s) | best=506 target=53620 (999%)
[2026-09-06T22:20:33Z INFO  minertim::miner] Worker 0 SHARE FOUND! job_id=qSrugWEQOMtvxFrf, nonce=70cf8200, hash_val=19756, difficulty=80100, hash=bd4cee967e9b7b891ce5e7d59e61999c169213ef262046b5be61b2bd2c4d0000
[2026-09-06T22:20:38Z INFO  minertim] H/s 1m:2223.4 5m:2256.9 10m:2283.6 | Shares: 86/0 (found:87) | Diff: 80100 | 5s elapsed (since last share, avg 36s) | best=506 target=53620 (999%)
[2026-09-06T22:20:45Z INFO  minertim::pool_connection] New job: 38e5HAuse0FxAx0s (difficulty: 80100, target: 74d10000)
[2026-09-06T22:20:46Z INFO  minertim::pool_connection] Share accepted by pool
[2026-09-06T22:20:48Z INFO  minertim] H/s 1m:2134.0 5m:2256.6 10m:2285.0 | Shares: 87/0 (found:87) | Diff: 80100 | 15s elapsed (since last share, avg 37s) | best=506 target=53620 (999%)
[2026-09-06T22:20:58Z INFO  minertim::pool_connection] New job: QKm94X6vBbrp9bnv (difficulty: 120152, target: a28b0000)
[2026-09-06T22:20:58Z INFO  minertim] H/s 1m:2133.6 5m:2256.6 10m:2287.1 | Shares: 87/0 (found:87) | Diff: 120152 | 25s elapsed (since last share, avg 56s) | best=506 target=35746 (999%)
[2026-09-06T22:21:01Z INFO  minertim::miner] Worker 0 SHARE FOUND! job_id=QKm94X6vBbrp9bnv, nonce=4c608300, hash_val=5713, difficulty=120152, hash=0f3d7f550e7741e4c2309a6026199e8854f4ba6119aa396b390f766251160000
[2026-09-06T22:21:05Z INFO  minertim::pool_connection] New job: 30oNRKVE9HeVBZCj (difficulty: 120152, target: a28b0000)
[2026-09-06T22:21:06Z INFO  minertim::pool_connection] Share accepted by pool
[2026-09-06T22:21:08Z INFO  minertim] H/s 1m:2086.4 5m:2248.7 10m:2294.5 | Shares: 88/0 (found:88) | Diff: 120152 | 6s elapsed (since last share, avg 57s) | best=506 target=35746 (999%)
[2026-09-06T22:21:18Z INFO  minertim] H/s 1m:2164.6 5m:2248.4 10m:2297.3 | Shares: 88/0 (found:88) | Diff: 120152 | 16s elapsed (since last share, avg 55s) | best=506 target=35746 (999%)
[2026-09-06T22:21:25Z INFO  minertim::pool_connection] New job: 7Bu2i0F7jxFyFts7 (difficulty: 120152, target: a28b0000)
[2026-09-06T22:21:28Z INFO  minertim::pool_connection] New job: 0ABad7zo0X49KvMM (difficulty: 180226, target: 175d0000)
[2026-09-06T22:21:28Z INFO  minertim] H/s 1m:2223.5 5m:2248.3 10m:2297.7 | Shares: 88/0 (found:88) | Diff: 180226 | 26s elapsed (since last share, avg 1m21s) | best=506 target=23831 (999%)
[2026-09-06T22:21:38Z INFO  minertim] H/s 1m:2290.3 5m:2244.3 10m:2295.8 | Shares: 88/0 (found:88) | Diff: 180226 | 36s elapsed (since last share, avg 1m18s) | best=506 target=23831 (999%)
[2026-09-06T22:21:45Z INFO  minertim::pool_connection] New job: zBe0xqiX4rQjQkd7 (difficulty: 180226, target: 175d0000)
[2026-09-06T22:21:48Z INFO  minertim] H/s 1m:2266.2 5m:2240.3 10m:2293.7 | Shares: 88/0 (found:88) | Diff: 180226 | 46s elapsed (since last share, avg 1m19s) | best=506 target=23831 (999%)
[2026-09-06T22:21:58Z INFO  minertim] H/s 1m:2288.9 5m:2235.9 10m:2291.9 | Shares: 88/0 (found:88) | Diff: 180226 | 56s elapsed (since last share, avg 1m18s) | best=506 target=23831 (999%)
[2026-09-06T22:22:05Z INFO  minertim::pool_connection] New job: 20u42eNIupQxyTNV (difficulty: 180226, target: 175d0000)
[2026-09-06T22:22:08Z INFO  minertim] H/s 1m:2264.7 5m:2261.8 10m:2290.0 | Shares: 88/0 (found:88) | Diff: 180226 | 1m6s elapsed (since last share, avg 1m19s) | best=506 target=23831 (999%)
[2026-09-06T22:22:18Z INFO  minertim] H/s 1m:2237.4 5m:2283.0 10m:2287.8 | Shares: 88/0 (found:88) | Diff: 180226 | 1m16s elapsed (since last share, avg 1m20s) | best=506 target=23831 (999%)
[2026-09-06T22:22:25Z INFO  minertim::pool_connection] New job: bTxdFfdy0EAjk6WT (difficulty: 180226, target: 175d0000)
[2026-09-06T22:22:28Z INFO  minertim::pool_connection] New job: hTVq0t2fxwpWVg0Z (difficulty: 98905, target: a1a90000)
[2026-09-06T22:22:28Z INFO  minertim] H/s 1m:2236.8 5m:2278.9 10m:2285.7 | Shares: 88/0 (found:88) | Diff: 98905 | 1m26s elapsed (since last share, avg 44s) | best=506 target=43425 (999%)
[2026-09-06T22:22:32Z INFO  minertim::miner] Worker 0 SHARE FOUND! job_id=hTVq0t2fxwpWVg0Z, nonce=045f8600, hash_val=7583, difficulty=98905, hash=2f4e27a6aef6efd53b9beac682535ca2909aa869d0777cfa94f74fa29f1d0000
[2026-09-06T22:22:38Z INFO  minertim] H/s 1m:2182.5 5m:2265.3 10m:2279.1 | Shares: 88/0 (found:89) | Diff: 98905 | 6s elapsed (since last share, avg 45s) | best=506 target=43425 (999%)
[2026-09-06T22:22:39Z INFO  minertim::pool_connection] New job: m9m0nuqpHO2BtF6j (difficulty: 98905, target: a1a90000)
[2026-09-06T22:22:39Z INFO  minertim::pool_connection] Share accepted by pool
[2026-09-06T22:22:48Z INFO  minertim] H/s 1m:2146.2 5m:2254.8 10m:2273.8 | Shares: 89/0 (found:89) | Diff: 98905 | 16s elapsed (since last share, avg 46s) | best=506 target=43425 (999%)
[2026-09-06T22:22:58Z INFO  minertim::pool_connection] New job: zApliDLaMf2ZCBqK (difficulty: 148358, target: 16710000)
[2026-09-06T22:22:58Z INFO  minertim] H/s 1m:2144.7 5m:2250.3 10m:2271.7 | Shares: 89/0 (found:89) | Diff: 148358 | 26s elapsed (since last share, avg 1m9s) | best=506 target=28950 (999%)
[2026-09-06T22:22:59Z INFO  minertim::pool_connection] New job: fDeryW4wwoBnCv2O (difficulty: 148358, target: 16710000)
[2026-09-06T22:23:08Z INFO  minertim] H/s 1m:2147.4 5m:2246.2 10m:2269.6 | Shares: 89/0 (found:89) | Diff: 148358 | 36s elapsed (since last share, avg 1m9s) | best=506 target=28950 (999%)
[2026-09-06T22:23:18Z INFO  minertim] H/s 1m:2145.4 5m:2241.6 10m:2267.4 | Shares: 89/0 (found:89) | Diff: 148358 | 46s elapsed (since last share, avg 1m9s) | best=506 target=28950 (999%)
[2026-09-06T22:23:18Z INFO  minertim::pool_connection] New job: g9MMCojiluinOqLH (difficulty: 148358, target: 16710000)
[2026-09-06T22:23:28Z INFO  minertim] H/s 1m:2199.1 5m:2237.3 10m:2265.3 | Shares: 89/0 (found:89) | Diff: 148358 | 56s elapsed (since last share, avg 1m7s) | best=506 target=28950 (999%)
[2026-09-06T22:23:38Z INFO  minertim] H/s 1m:2235.6 5m:2233.1 10m:2263.1 | Shares: 89/0 (found:89) | Diff: 148358 | 1m6s elapsed (since last share, avg 1m6s) | best=506 target=28950 (999%)
[2026-09-06T22:23:38Z INFO  minertim::pool_connection] New job: Gr2IX1K6mfbQi6I4 (difficulty: 148358, target: 16710000)
[2026-09-06T22:23:48Z INFO  minertim] H/s 1m:2236.5 5m:2228.6 10m:2261.1 | Shares: 89/0 (found:89) | Diff: 148358 | 1m16s elapsed (since last share, avg 1m6s) | best=506 target=28950 (999%)
[2026-09-06T22:23:58Z INFO  minertim::pool_connection] New job: U0T0y82oFZbo0ZdB (difficulty: 84508, target: 87c60000)
[2026-09-06T22:23:58Z INFO  minertim::pool_connection] New job: f0bpyhfWAQH4DQT0 (difficulty: 84508, target: 87c60000)
[2026-09-06T22:23:58Z INFO  minertim] H/s 1m:2235.5 5m:2224.4 10m:2258.9 | Shares: 89/0 (found:89) | Diff: 84508 | 1m26s elapsed (since last share, avg 37s) | best=506 target=50823 (999%)
[2026-09-06T22:24:01Z INFO  minertim::miner] Worker 2 SHARE FOUND! job_id=f0bpyhfWAQH4DQT0, nonce=32cb8b00, hash_val=48783, difficulty=84508, hash=69ef5e12cde4c072e117800528f585ec1223dd96666063d4c92d19f18fbe0000
[2026-09-06T22:24:08Z INFO  minertim] H/s 1m:2182.2 5m:2220.0 10m:2252.1 | Shares: 89/0 (found:90) | Diff: 84508 | 6s elapsed (since last share, avg 38s) | best=506 target=50823 (999%)
[2026-09-06T22:24:18Z INFO  minertim::pool_connection] New job: rtnybnrdk9lMkjOh (difficulty: 84508, target: 87c60000)
[2026-09-06T22:24:18Z INFO  minertim] H/s 1m:2093.5 5m:2200.4 10m:2242.5 | Shares: 89/0 (found:90) | Diff: 84508 | 16s elapsed (since last share, avg 40s) | best=506 target=50823 (999%)
[2026-09-06T22:24:18Z INFO  minertim::pool_connection] Share accepted by pool
[2026-09-06T22:24:28Z INFO  minertim::pool_connection] New job: HCkIMq2zaU4gZPQp (difficulty: 126762, target: 5a840000)
[2026-09-06T22:24:28Z INFO  minertim] H/s 1m:2094.8 5m:2196.4 10m:2240.5 | Shares: 90/0 (found:90) | Diff: 126762 | 26s elapsed (since last share, avg 1m0s) | best=506 target=33882 (999%)
[2026-09-06T22:24:29Z INFO  minertim::miner] Worker 2 SHARE FOUND! job_id=HCkIMq2zaU4gZPQp, nonce=ba2c8c00, hash_val=11559, difficulty=126762, hash=6d1416cc5048786264f1980aa5d986ac23dd89ab687c05e11f3995e8272d0000
[2026-09-06T22:24:38Z INFO  minertim::pool_connection] New job: iMsmyWTZ7YVOWOM3 (difficulty: 126762, target: 5a840000)
[2026-09-06T22:24:38Z INFO  minertim] H/s 1m:1999.1 5m:2175.7 10m:2230.4 | Shares: 90/0 (found:91) | Diff: 126762 | 8s elapsed (since last share, avg 1m3s) | best=506 target=33882 (999%)
[2026-09-06T22:24:38Z INFO  minertim::pool_connection] Share accepted by pool
[2026-09-06T22:24:48Z INFO  minertim] H/s 1m:2000.3 5m:2171.8 10m:2228.4 | Shares: 91/0 (found:91) | Diff: 126762 | 18s elapsed (since last share, avg 1m3s) | best=506 target=33882 (999%)
[2026-09-06T22:24:58Z INFO  minertim::pool_connection] New job: zTqo1060KJXgVthr (difficulty: 190143, target: 3c580000)
[2026-09-06T22:24:58Z INFO  minertim::pool_connection] New job: Npmmjmn1Q3nEQHtC (difficulty: 190143, target: 3c580000)
[2026-09-06T22:24:58Z INFO  minertim] H/s 1m:2054.9 5m:2167.5 10m:2226.3 | Shares: 91/0 (found:91) | Diff: 190143 | 28s elapsed (since last share, avg 1m32s) | best=506 target=22588 (999%)
[2026-09-06T22:25:08Z INFO  minertim] H/s 1m:2142.6 5m:2163.0 10m:2224.1 | Shares: 91/0 (found:91) | Diff: 190143 | 38s elapsed (since last share, avg 1m28s) | best=506 target=22588 (999%)
[2026-09-06T22:25:18Z INFO  minertim::pool_connection] New job: ihxoXGRS7iLbNMoc (difficulty: 190143, target: 3c580000)
[2026-09-06T22:25:18Z INFO  minertim] H/s 1m:2140.5 5m:2172.2 10m:2221.9 | Shares: 91/0 (found:91) | Diff: 190143 | 48s elapsed (since last share, avg 1m28s) | best=506 target=22588 (999%)
[2026-09-06T22:25:28Z INFO  minertim] H/s 1m:2236.3 5m:2177.9 10m:2219.8 | Shares: 91/0 (found:91) | Diff: 190143 | 59s elapsed (since last share, avg 1m25s) | best=506 target=22588 (999%)
[2026-09-06T22:25:38Z INFO  minertim::pool_connection] New job: jlgvwMpGqFhLsFmy (difficulty: 190143, target: 3c580000)
[2026-09-06T22:25:38Z INFO  minertim] H/s 1m:2234.7 5m:2189.1 10m:2217.7 | Shares: 91/0 (found:91) | Diff: 190143 | 1m9s elapsed (since last share, avg 1m25s) | best=506 target=22588 (999%)
[2026-09-06T22:25:48Z INFO  minertim] H/s 1m:2234.0 5m:2184.8 10m:2223.1 | Shares: 91/0 (found:91) | Diff: 190143 | 1m19s elapsed (since last share, avg 1m25s) | best=506 target=22588 (999%)
[2026-09-06T22:25:57Z INFO  minertim::pool_connection] New job: dJ4DQv8q5o3YiPSm (difficulty: 190143, target: 3c580000)
[2026-09-06T22:25:58Z INFO  minertim::pool_connection] New job: 05UUQ0QyperqKJ0N (difficulty: 106957, target: dc9c0000)
[2026-09-06T22:25:58Z INFO  minertim] H/s 1m:2235.5 5m:2188.7 10m:2221.0 | Shares: 91/0 (found:91) | Diff: 106957 | 1m29s elapsed (since last share, avg 47s) | best=506 target=40156 (999%)
[2026-09-06T22:25:59Z INFO  minertim::miner] Worker 2 SHARE FOUND! job_id=05UUQ0QyperqKJ0N, nonce=92f38e00, hash_val=28771, difficulty=106957, hash=00148d1144b858b3e8ac5b6f7fcbc62c63a216b35a252d95779b93bd63700000
[2026-09-06T22:26:08Z INFO  minertim] H/s 1m:2127.5 5m:2165.8 10m:2209.8 | Shares: 91/0 (found:92) | Diff: 106957 | 8s elapsed (since last share, avg 50s) | best=506 target=40156 (999%)
[2026-09-06T22:26:17Z INFO  minertim::pool_connection] New job: OIZBPzdeOXHaEkqO (difficulty: 106957, target: dc9c0000)
[2026-09-06T22:26:17Z INFO  minertim::pool_connection] Share accepted by pool
[2026-09-06T22:26:18Z INFO  minertim] H/s 1m:2036.2 5m:2145.6 10m:2199.9 | Shares: 92/0 (found:92) | Diff: 106957 | 18s elapsed (since last share, avg 52s) | best=506 target=40156 (999%)
[2026-09-06T22:26:24Z INFO  minertim::miner] Worker 2 SHARE FOUND! job_id=OIZBPzdeOXHaEkqO, nonce=ee2c8f00, hash_val=19595, difficulty=106957, hash=35fd76cbd4ca63f74e4b5b9347a51836d0e285b2e599b47734db49288b4c0000
[2026-09-06T22:26:28Z INFO  minertim::pool_connection] New job: ZhmrH6BX5725lyla (difficulty: 160433, target: 93680000)
[2026-09-06T22:26:28Z INFO  minertim::pool_connection] Share accepted by pool
[2026-09-06T22:26:28Z INFO  minertim] H/s 1m:2000.0 5m:2139.1 10m:2194.6 | Shares: 93/0 (found:93) | Diff: 160433 | 4s elapsed (since last share, avg 1m20s) | best=506 target=26771 (999%)
[2026-09-06T22:26:35Z INFO  minertim::pool_connection] New job: oEI5SKR0E0FhQim1 (difficulty: 160433, target: 93680000)
[2026-09-06T22:26:38Z INFO  minertim] H/s 1m:2002.0 5m:2139.3 10m:2192.6 | Shares: 93/0 (found:93) | Diff: 160433 | 14s elapsed (since last share, avg 1m20s) | best=506 target=26771 (999%)
[2026-09-06T22:26:48Z INFO  minertim] H/s 1m:2002.8 5m:2139.4 10m:2190.6 | Shares: 93/0 (found:93) | Diff: 160433 | 24s elapsed (since last share, avg 1m20s) | best=506 target=26771 (999%)
[2026-09-06T22:26:54Z INFO  minertim::pool_connection] New job: 9jVb5rqV2ToBJv6g (difficulty: 160433, target: 93680000)
[2026-09-06T22:26:58Z INFO  minertim::pool_connection] New job: NzPzJmbHXLss9FC5 (difficulty: 240654, target: b7450000)
[2026-09-06T22:26:58Z INFO  minertim] H/s 1m:2111.0 5m:2139.3 10m:2188.5 | Shares: 93/0 (found:93) | Diff: 240654 | 34s elapsed (since last share, avg 1m54s) | best=506 target=17847 (999%)
[2026-09-06T22:27:08Z INFO  minertim] H/s 1m:2201.7 5m:2139.5 10m:2201.1 | Shares: 93/0 (found:93) | Diff: 240654 | 44s elapsed (since last share, avg 1m49s) | best=506 target=17847 (999%)
[2026-09-06T22:27:14Z INFO  minertim::pool_connection] New job: WkDwPK2RC0tVuQRp (difficulty: 240654, target: b7450000)
[2026-09-06T22:27:18Z INFO  minertim] H/s 1m:2237.2 5m:2139.1 10m:2211.6 | Shares: 93/0 (found:93) | Diff: 240654 | 54s elapsed (since last share, avg 1m47s) | best=506 target=17847 (999%)
[2026-09-06T22:27:28Z INFO  minertim::pool_connection] New job: Lm05jrk0umUa8BQN (difficulty: 180491, target: f45c0000)
[2026-09-06T22:27:28Z INFO  minertim] H/s 1m:2235.7 5m:2148.4 10m:2209.5 | Shares: 93/0 (found:93) | Diff: 180491 | 1m4s elapsed (since last share, avg 1m20s) | best=506 target=23796 (999%)
[2026-09-06T22:27:34Z INFO  minertim::pool_connection] New job: NCBf1osCLlCmxqLV (difficulty: 180491, target: f45c0000)
[2026-09-06T22:27:38Z INFO  minertim] H/s 1m:2234.4 5m:2154.6 10m:2207.3 | Shares: 93/0 (found:93) | Diff: 180491 | 1m14s elapsed (since last share, avg 1m20s) | best=506 target=23796 (999%)
[2026-09-06T22:27:41Z INFO  minertim::pool_connection] New job: UYb9X2Q8vFvZg8h2 (difficulty: 180491, target: f45c0000)
[2026-09-06T22:27:48Z INFO  minertim] H/s 1m:2234.5 5m:2154.7 10m:2205.2 | Shares: 93/0 (found:93) | Diff: 180491 | 1m24s elapsed (since last share, avg 1m20s) | best=506 target=23796 (999%)
[2026-09-06T22:27:58Z INFO  minertim] H/s 1m:2233.7 5m:2154.4 10m:2203.0 | Shares: 93/0 (found:93) | Diff: 180491 | 1m34s elapsed (since last share, avg 1m20s) | best=506 target=23796 (999%)
[2026-09-06T22:28:01Z INFO  minertim::pool_connection] New job: zc3ankw1HkTLXmgW (difficulty: 180491, target: f45c0000)
[2026-09-06T22:28:08Z INFO  minertim] H/s 1m:2232.7 5m:2154.2 10m:2200.7 | Shares: 93/0 (found:93) | Diff: 180491 | 1m44s elapsed (since last share, avg 1m20s) | best=506 target=23796 (999%)
[2026-09-06T22:28:18Z INFO  minertim] H/s 1m:2232.8 5m:2154.2 10m:2198.5 | Shares: 93/0 (found:93) | Diff: 180491 | 1m54s elapsed (since last share, avg 1m20s) | best=506 target=23796 (999%)
[2026-09-06T22:28:21Z INFO  minertim::pool_connection] New job: 7JxAmYSHykjbyhfY (difficulty: 180491, target: f45c0000)
[2026-09-06T22:28:28Z INFO  minertim::pool_connection] New job: aoGihS4mUXBty2lY (difficulty: 135368, target: f07b0000)
[2026-09-06T22:28:28Z INFO  minertim] H/s 1m:2232.8 5m:2154.1 10m:2196.4 | Shares: 93/0 (found:93) | Diff: 135368 | 2m4s elapsed (since last share, avg 1m0s) | best=506 target=31728 (999%)
[2026-09-06T22:28:38Z INFO  minertim] H/s 1m:2233.8 5m:2154.3 10m:2194.4 | Shares: 93/0 (found:93) | Diff: 135368 | 2m14s elapsed (since last share, avg 1m0s) | best=506 target=31728 (999%)
[2026-09-06T22:28:41Z INFO  minertim::pool_connection] New job: mQB5rFTYnLPXMeNR (difficulty: 135368, target: f07b0000)
[2026-09-06T22:28:48Z INFO  minertim] H/s 1m:2236.3 5m:2154.5 10m:2192.3 | Shares: 93/0 (found:93) | Diff: 135368 | 2m24s elapsed (since last share, avg 1m0s) | best=506 target=31728 (999%)
[2026-09-06T22:28:58Z INFO  minertim] H/s 1m:2238.0 5m:2163.8 10m:2190.2 | Shares: 93/0 (found:93) | Diff: 135368 | 2m34s elapsed (since last share, avg 1m0s) | best=506 target=31728 (999%)
[2026-09-06T22:29:01Z INFO  minertim::pool_connection] New job: RU0XqOukGlrpvmci (difficulty: 135368, target: f07b0000)
[2026-09-06T22:29:08Z INFO  minertim] H/s 1m:2237.3 5m:2179.0 10m:2192.6 | Shares: 93/0 (found:93) | Diff: 135368 | 2m44s elapsed (since last share, avg 1m0s) | best=506 target=31728 (999%)
[2026-09-06T22:29:18Z INFO  minertim] H/s 1m:2238.0 5m:2178.8 10m:2190.6 | Shares: 93/0 (found:93) | Diff: 135368 | 2m54s elapsed (since last share, avg 1m0s) | best=506 target=31728 (999%)
[2026-09-06T22:29:21Z INFO  minertim::pool_connection] New job: ENUUohoiKvWYstz6 (difficulty: 135368, target: f07b0000)
[2026-09-06T22:29:28Z INFO  minertim::pool_connection] New job: 0NMn0kig4uUsV3F2 (difficulty: 101526, target: 40a50000)
[2026-09-06T22:29:28Z INFO  minertim] H/s 1m:2236.5 5m:2195.2 10m:2188.4 | Shares: 93/0 (found:93) | Diff: 101526 | 3m4s elapsed (since last share, avg 45s) | best=506 target=42304 (999%)
[2026-09-06T22:29:38Z INFO  minertim] H/s 1m:2235.4 5m:2195.0 10m:2186.3 | Shares: 93/0 (found:93) | Diff: 101526 | 3m14s elapsed (since last share, avg 45s) | best=506 target=42304 (999%)
[2026-09-06T22:29:40Z INFO  minertim::pool_connection] New job: nFBvnhAQmA4saxQc (difficulty: 101526, target: 40a50000)
[2026-09-06T22:29:48Z INFO  minertim] H/s 1m:2236.6 5m:2195.1 10m:2184.4 | Shares: 93/0 (found:93) | Diff: 101526 | 3m24s elapsed (since last share, avg 45s) | best=506 target=42304 (999%)
[2026-09-06T22:29:58Z INFO  minertim] H/s 1m:2238.1 5m:2195.5 10m:2182.3 | Shares: 93/0 (found:93) | Diff: 101526 | 3m34s elapsed (since last share, avg 45s) | best=506 target=42304 (999%)
[2026-09-06T22:30:00Z INFO  minertim::pool_connection] New job: bTqmJY4xWU4LN15q (difficulty: 101526, target: 40a50000)
[2026-09-06T22:30:08Z INFO  minertim] H/s 1m:2238.3 5m:2195.7 10m:2180.3 | Shares: 93/0 (found:93) | Diff: 101526 | 3m44s elapsed (since last share, avg 45s) | best=506 target=42304 (999%)
[2026-09-06T22:30:18Z INFO  minertim] H/s 1m:2239.9 5m:2195.8 10m:2184.9 | Shares: 93/0 (found:93) | Diff: 101526 | 3m54s elapsed (since last share, avg 45s) | best=506 target=42304 (999%)
[2026-09-06T22:30:20Z INFO  minertim::pool_connection] New job: m4T00K2YpGNLiw12 (difficulty: 101526, target: 40a50000)
[2026-09-06T22:30:28Z INFO  minertim::pool_connection] New job: DZOoCCuWemIVihEn (difficulty: 76145, target: 55dc0000)
[2026-09-06T22:30:29Z INFO  minertim] H/s 1m:2238.3 5m:2195.6 10m:2187.6 | Shares: 93/0 (found:93) | Diff: 76145 | 4m4s elapsed (since last share, avg 34s) | best=506 target=56405 (999%)
[2026-09-06T22:30:39Z INFO  minertim] H/s 1m:2238.2 5m:2195.9 10m:2193.2 | Shares: 93/0 (found:93) | Diff: 76145 | 4m14s elapsed (since last share, avg 34s) | best=506 target=56405 (999%)
[2026-09-06T22:30:40Z INFO  minertim::pool_connection] New job: 4NduDooSayRuGp2l (difficulty: 76145, target: 55dc0000)
[2026-09-06T22:30:44Z INFO  minertim::pool_connection] New job: cRiOwOYLDdBRACgf (difficulty: 76145, target: 55dc0000)
[2026-09-06T22:30:49Z INFO  minertim] H/s 1m:2239.3 5m:2196.1 10m:2191.3 | Shares: 93/0 (found:93) | Diff: 76145 | 4m24s elapsed (since last share, avg 34s) | best=506 target=56405 (999%)
[2026-09-06T22:30:59Z INFO  minertim] H/s 1m:2239.3 5m:2215.0 10m:2193.2 | Shares: 93/0 (found:93) | Diff: 76145 | 4m34s elapsed (since last share, avg 34s) | best=506 target=56405 (999%)
[2026-09-06T22:31:04Z INFO  minertim::pool_connection] New job: Q5WmK21QWtlHS0Ss (difficulty: 76145, target: 55dc0000)
[2026-09-06T22:31:09Z INFO  minertim] H/s 1m:2239.2 5m:2230.8 10m:2191.2 | Shares: 93/0 (found:93) | Diff: 76145 | 4m44s elapsed (since last share, avg 34s) | best=506 target=56405 (999%)
[2026-09-06T22:31:16Z INFO  minertim::miner] Worker 1 SHARE FOUND! job_id=Q5WmK21QWtlHS0Ss, nonce=7d999c00, hash_val=30944, difficulty=76145, hash=389b0c5be7f9a82260af0c3915bc0e79741d3e610f168c860f070d3de0780000
[2026-09-06T22:31:19Z INFO  minertim] H/s 1m:2184.4 5m:2227.4 10m:2184.3 | Shares: 93/0 (found:94) | Diff: 76145 | 2s elapsed (since last share, avg 34s) | best=506 target=56405 (999%)
[2026-09-06T22:31:24Z INFO  minertim::pool_connection] New job: 71Pej2902KR6NCzR (difficulty: 76145, target: 55dc0000)
[2026-09-06T22:31:24Z INFO  minertim::pool_connection] Share accepted by pool
[2026-09-06T22:31:29Z INFO  minertim] H/s 1m:2126.9 5m:2217.4 10m:2179.3 | Shares: 94/0 (found:94) | Diff: 76145 | 12s elapsed (since last share, avg 35s) | best=506 target=56405 (999%)
[2026-09-06T22:31:39Z INFO  minertim] H/s 1m:2147.6 5m:2221.1 10m:2181.2 | Shares: 94/0 (found:94) | Diff: 76145 | 22s elapsed (since last share, avg 35s) | best=506 target=56405 (999%)
[2026-09-06T22:31:44Z INFO  minertim::pool_connection] New job: s0vyWnKOqg29lMEj (difficulty: 76145, target: 55dc0000)
[2026-09-06T22:31:49Z INFO  minertim] H/s 1m:2174.6 5m:2225.9 10m:2183.5 | Shares: 94/0 (found:94) | Diff: 76145 | 32s elapsed (since last share, avg 35s) | best=506 target=56405 (999%)
[2026-09-06T22:31:59Z INFO  minertim] H/s 1m:2201.2 5m:2230.7 10m:2185.8 | Shares: 94/0 (found:94) | Diff: 76145 | 42s elapsed (since last share, avg 34s) | best=506 target=56405 (999%)
[2026-09-06T22:32:02Z INFO  minertim::pool_connection] New job: yvepCIrANhsyN8Dj (difficulty: 76145, target: 55dc0000)
[2026-09-06T22:32:09Z INFO  minertim] H/s 1m:2284.1 5m:2235.5 10m:2188.2 | Shares: 94/0 (found:94) | Diff: 76145 | 52s elapsed (since last share, avg 33s) | best=506 target=56405 (999%)
[2026-09-06T22:32:19Z INFO  minertim] H/s 1m:2367.9 5m:2240.2 10m:2190.5 | Shares: 94/0 (found:94) | Diff: 76145 | 1m2s elapsed (since last share, avg 32s) | best=506 target=56405 (999%)
[2026-09-06T22:32:22Z INFO  minertim::pool_connection] New job: 8xb22HMPL051W0gu (difficulty: 76145, target: 55dc0000)
[2026-09-06T22:32:23Z INFO  minertim::miner] Worker 0 SHARE FOUND! job_id=8xb22HMPL051W0gu, nonce=14749a00, hash_val=37089, difficulty=76145, hash=4fce24cda481511e00ff933538e0ea96c4c9ad7992393fe6bf0b75dee1900000
[2026-09-06T22:32:28Z INFO  minertim::pool_connection] New job: yXkzRTdqmU0z8lCQ (difficulty: 57108, target: c7250100)
[2026-09-06T22:32:28Z INFO  minertim::pool_connection] Share accepted by pool
[2026-09-06T22:32:29Z INFO  minertim] H/s 1m:2358.0 5m:2242.4 10m:2196.1 | Shares: 95/0 (found:95) | Diff: 57108 | 6s elapsed (since last share, avg 24s) | best=506 target=75207 (999%)
[2026-09-06T22:32:39Z INFO  minertim] H/s 1m:2357.7 5m:2247.2 10m:2201.5 | Shares: 95/0 (found:95) | Diff: 57108 | 16s elapsed (since last share, avg 24s) | best=506 target=75207 (999%)
[2026-09-06T22:32:42Z INFO  minertim::pool_connection] New job: ix0nUbqlyHqMX6yl (difficulty: 57108, target: c7250100)
[2026-09-06T22:32:49Z INFO  minertim] H/s 1m:2357.9 5m:2252.1 10m:2203.9 | Shares: 95/0 (found:95) | Diff: 57108 | 26s elapsed (since last share, avg 24s) | best=506 target=75207 (999%)
[2026-09-06T22:32:58Z INFO  minertim::pool_connection] New job: W8Ni1S0tyRAEEfuN (difficulty: 85662, target: dac30000)
[2026-09-06T22:32:59Z INFO  minertim] H/s 1m:2358.6 5m:2257.2 10m:2206.1 | Shares: 95/0 (found:95) | Diff: 85662 | 36s elapsed (since last share, avg 36s) | best=506 target=50138 (999%)
[2026-09-06T22:33:02Z INFO  minertim::pool_connection] New job: t0igw4jORQvUFU4K (difficulty: 85662, target: dac30000)
[2026-09-06T22:33:09Z INFO  minertim] H/s 1m:2358.6 5m:2261.9 10m:2208.5 | Shares: 95/0 (found:95) | Diff: 85662 | 46s elapsed (since last share, avg 36s) | best=506 target=50138 (999%)
[2026-09-06T22:33:19Z INFO  minertim] H/s 1m:2373.4 5m:2266.7 10m:2210.9 | Shares: 95/0 (found:95) | Diff: 85662 | 56s elapsed (since last share, avg 36s) | best=506 target=50138 (999%)
[2026-09-06T22:33:22Z INFO  minertim::pool_connection] New job: r5hlpoJD0BLEppKS (difficulty: 85662, target: dac30000)
[2026-09-06T22:33:28Z INFO  minertim::pool_connection] New job: GTmvKttgxZSr10tk (difficulty: 64247, target: 22050100)
[2026-09-06T22:33:29Z INFO  minertim] H/s 1m:2373.3 5m:2271.3 10m:2213.2 | Shares: 95/0 (found:95) | Diff: 64247 | 1m6s elapsed (since last share, avg 27s) | best=506 target=66850 (999%)
[2026-09-06T22:33:39Z INFO  minertim] H/s 1m:2373.4 5m:2275.8 10m:2215.5 | Shares: 95/0 (found:95) | Diff: 64247 | 1m16s elapsed (since last share, avg 27s) | best=506 target=66850 (999%)
[2026-09-06T22:33:42Z INFO  minertim::pool_connection] New job: 9l0Xjgu1rTO5Z3aA (difficulty: 64247, target: 22050100)
[2026-09-06T22:33:49Z INFO  minertim] H/s 1m:2373.5 5m:2280.6 10m:2217.8 | Shares: 95/0 (found:95) | Diff: 64247 | 1m26s elapsed (since last share, avg 27s) | best=506 target=66850 (999%)
[2026-09-06T22:33:53Z INFO  minertim::miner] Worker 2 SHARE FOUND! job_id=9l0Xjgu1rTO5Z3aA, nonce=9eac9e00, hash_val=1463, difficulty=64247, hash=03f3a61453a280197e258ca9ff211e9e8478abcdb33f389b8108b434b7050000
[2026-09-06T22:33:59Z INFO  minertim] H/s 1m:2255.9 5m:2265.1 10m:2214.8 | Shares: 95/0 (found:96) | Diff: 64247 | 6s elapsed (since last share, avg 28s) | best=506 target=66850 (999%)
[2026-09-06T22:34:01Z INFO  minertim::pool_connection] New job: P03WMzMPLswTxDJw (difficulty: 64247, target: 22050100)
[2026-09-06T22:34:02Z INFO  minertim::pool_connection] Share accepted by pool
[2026-09-06T22:34:09Z INFO  minertim] H/s 1m:2252.4 5m:2269.1 10m:2224.3 | Shares: 96/0 (found:96) | Diff: 64247 | 16s elapsed (since last share, avg 28s) | best=506 target=66850 (999%)
[2026-09-06T22:34:19Z INFO  minertim] H/s 1m:2230.0 5m:2270.1 10m:2224.6 | Shares: 96/0 (found:96) | Diff: 64247 | 26s elapsed (since last share, avg 28s) | best=506 target=66850 (999%)
[2026-09-06T22:34:21Z INFO  minertim::pool_connection] New job: tcdOH0TRKm7RWXAp (difficulty: 64247, target: 22050100)
[2026-09-06T22:34:29Z INFO  minertim] H/s 1m:2202.8 5m:2270.1 10m:2232.8 | Shares: 96/0 (found:96) | Diff: 64247 | 36s elapsed (since last share, avg 29s) | best=506 target=66850 (999%)
[2026-09-06T22:34:36Z INFO  minertim::miner] Worker 2 SHARE FOUND! job_id=tcdOH0TRKm7RWXAp, nonce=72da9f00, hash_val=59715, difficulty=64247, hash=6677542d3b464cac0e7577d410aaabd4b66fe435e65f930cbde7d0cc43e90000
[2026-09-06T22:34:39Z INFO  minertim] H/s 1m:2120.0 5m:2260.5 10m:2228.0 | Shares: 96/0 (found:97) | Diff: 64247 | 3s elapsed (since last share, avg 30s) | best=506 target=66850 (999%)
[2026-09-06T22:34:41Z INFO  minertim::pool_connection] New job: UN3cpmrH8ZIciYCh (difficulty: 64247, target: 22050100)
[2026-09-06T22:34:42Z INFO  minertim::miner] Worker 1 SHARE FOUND! job_id=UN3cpmrH8ZIciYCh, nonce=bdb4a300, hash_val=42218, difficulty=64247, hash=7ff6d822acf2b9df31120ccd718986affc6ee5e5579777460168a36beaa40000
[2026-09-06T22:34:42Z INFO  minertim::pool_connection] Share accepted by pool
[2026-09-06T22:34:42Z INFO  minertim::pool_connection] Share accepted by pool
[2026-09-06T22:34:49Z INFO  minertim] H/s 1m:2203.1 5m:2259.1 10m:2227.3 | Shares: 98/0 (found:98) | Diff: 64247 | 7s elapsed (since last share, avg 29s) | best=506 target=66850 (999%)
[2026-09-06T22:34:58Z INFO  minertim::pool_connection] New job: MaZOfm40OfDPb5A5 (difficulty: 96371, target: 17ae0000)
[2026-09-06T22:34:59Z INFO  minertim] H/s 1m:2179.9 5m:2259.1 10m:2227.5 | Shares: 98/0 (found:98) | Diff: 96371 | 17s elapsed (since last share, avg 44s) | best=506 target=44567 (999%)
[2026-09-06T22:35:01Z INFO  minertim::pool_connection] New job: LlbYyyrCLueKg7AA (difficulty: 96371, target: 17ae0000)
[2026-09-06T22:35:07Z INFO  minertim::pool_connection] New job: l9Z8C3c6HIdZkW1b (difficulty: 96371, target: 17ae0000)
[2026-09-06T22:35:09Z INFO  minertim] H/s 1m:2232.3 5m:2268.8 10m:2232.4 | Shares: 98/0 (found:98) | Diff: 96371 | 27s elapsed (since last share, avg 43s) | best=506 target=44567 (999%)
[2026-09-06T22:35:16Z INFO  minertim::miner] Worker 0 SHARE FOUND! job_id=l9Z8C3c6HIdZkW1b, nonce=6864a000, hash_val=18720, difficulty=96371, hash=38805d01f45b7101e8fb53886b87b10767d4d2cc699c459c56e32cbe20490000
[2026-09-06T22:35:19Z INFO  minertim] H/s 1m:2176.9 5m:2259.6 10m:2227.7 | Shares: 98/0 (found:99) | Diff: 96371 | 3s elapsed (since last share, avg 44s) | best=506 target=44567 (999%)
[2026-09-06T22:35:27Z INFO  minertim::pool_connection] New job: T1CGH7bVvJ0IXpS4 (difficulty: 96371, target: 17ae0000)
[2026-09-06T22:35:27Z INFO  minertim::pool_connection] Share accepted by pool
[2026-09-06T22:35:29Z INFO  minertim] H/s 1m:2153.9 5m:2245.9 10m:2221.1 | Shares: 99/0 (found:99) | Diff: 96371 | 13s elapsed (since last share, avg 44s) | best=506 target=44567 (999%)
[2026-09-06T22:35:39Z INFO  minertim] H/s 1m:2161.5 5m:2245.7 10m:2221.2 | Shares: 99/0 (found:99) | Diff: 96371 | 23s elapsed (since last share, avg 44s) | best=506 target=44567 (999%)
[2026-09-06T22:35:47Z INFO  minertim::pool_connection] New job: ybIGlJPzK37LPX3e (difficulty: 96371, target: 17ae0000)
[2026-09-06T22:35:49Z INFO  minertim] H/s 1m:2160.8 5m:2245.5 10m:2221.2 | Shares: 99/0 (found:99) | Diff: 96371 | 33s elapsed (since last share, avg 44s) | best=506 target=44567 (999%)
[2026-09-06T22:35:59Z INFO  minertim] H/s 1m:2104.2 5m:2245.5 10m:2230.4 | Shares: 99/0 (found:99) | Diff: 96371 | 43s elapsed (since last share, avg 45s) | best=506 target=44567 (999%)
[2026-09-06T22:36:07Z INFO  minertim::pool_connection] New job: uFFT3y0Jr10TBBlt (difficulty: 96371, target: 17ae0000)
[2026-09-06T22:36:09Z INFO  minertim] H/s 1m:2159.9 5m:2255.3 10m:2238.2 | Shares: 99/0 (found:99) | Diff: 96371 | 53s elapsed (since last share, avg 44s) | best=506 target=44567 (999%)
[2026-09-06T22:36:19Z INFO  minertim] H/s 1m:2238.7 5m:2265.2 10m:2241.3 | Shares: 99/0 (found:99) | Diff: 96371 | 1m3s elapsed (since last share, avg 43s) | best=506 target=44567 (999%)
[2026-09-06T22:36:26Z INFO  minertim::pool_connection] New job: mlyMZoPQgNyWUQvv (difficulty: 96371, target: 17ae0000)
[2026-09-06T22:36:29Z INFO  minertim] H/s 1m:2238.0 5m:2261.3 10m:2241.2 | Shares: 99/0 (found:99) | Diff: 96371 | 1m13s elapsed (since last share, avg 43s) | best=506 target=44567 (999%)
[2026-09-06T22:36:32Z INFO  minertim::miner] Worker 2 SHARE FOUND! job_id=mlyMZoPQgNyWUQvv, nonce=b6a8a300, hash_val=1735, difficulty=96371, hash=23cc36a9132239df7f5b94566987012d4b33b417a28a11fb5356918ac7060000
[2026-09-06T22:36:39Z INFO  minertim] H/s 1m:2183.2 5m:2247.0 10m:2236.4 | Shares: 99/0 (found:100) | Diff: 96371 | 6s elapsed (since last share, avg 44s) | best=506 target=44567 (999%)
[2026-09-06T22:36:46Z INFO  minertim::pool_connection] New job: O2bVIbuGt10agVI5 (difficulty: 96371, target: 17ae0000)
[2026-09-06T22:36:47Z INFO  minertim::pool_connection] Share accepted by pool
[2026-09-06T22:36:49Z INFO  minertim] H/s 1m:2088.8 5m:2226.2 10m:2228.5 | Shares: 100/0 (found:100) | Diff: 96371 | 16s elapsed (since last share, avg 46s) | best=506 target=44567 (999%)
[2026-09-06T22:36:58Z INFO  minertim::pool_connection] New job: iMpRyc3P6qE9d70X (difficulty: 69947, target: dbef0000)
[2026-09-06T22:36:59Z INFO  minertim] H/s 1m:2089.0 5m:2221.7 10m:2228.7 | Shares: 100/0 (found:100) | Diff: 69947 | 26s elapsed (since last share, avg 33s) | best=506 target=61403 (999%)
[2026-09-06T22:37:06Z INFO  minertim::pool_connection] New job: WrStnAxRpkN9RWCc (difficulty: 69947, target: dbef0000)
[2026-09-06T22:37:08Z INFO  minertim::miner] Worker 3 SHARE FOUND! job_id=WrStnAxRpkN9RWCc, nonce=dbcea700, hash_val=54432, difficulty=69947, hash=aa4ae23875359248282335f45f2183785e2ba90c615cd50a5788c3f4a0d40000
[2026-09-06T22:37:09Z INFO  minertim] H/s 1m:2087.5 5m:2216.8 10m:2228.7 | Shares: 100/0 (found:101) | Diff: 69947 | 1s elapsed (since last share, avg 33s) | best=506 target=61403 (999%)
[2026-09-06T22:37:19Z INFO  minertim] H/s 1m:1982.1 5m:2196.4 10m:2219.7 | Shares: 100/0 (found:101) | Diff: 69947 | 11s elapsed (since last share, avg 35s) | best=506 target=61403 (999%)
[2026-09-06T22:37:26Z INFO  minertim::pool_connection] New job: vmDLgQ5fuqK5cqXP (difficulty: 69947, target: dbef0000)
[2026-09-06T22:37:26Z INFO  minertim::pool_connection] Share accepted by pool
[2026-09-06T22:37:29Z INFO  minertim] H/s 1m:1959.5 5m:2178.3 10m:2213.1 | Shares: 101/0 (found:101) | Diff: 69947 | 21s elapsed (since last share, avg 35s) | best=506 target=61403 (999%)
[2026-09-06T22:37:32Z INFO  minertim::miner] Worker 3 SHARE FOUND! job_id=vmDLgQ5fuqK5cqXP, nonce=db00a800, hash_val=34538, difficulty=69947, hash=f9125b6bb2fe54ceb75a6ac3d751e55bbec187bd2c2eb707fe7f2712ea860000
[2026-09-06T22:37:39Z INFO  minertim] H/s 1m:1999.7 5m:2164.4 10m:2208.7 | Shares: 101/0 (found:102) | Diff: 69947 | 7s elapsed (since last share, avg 34s) | best=506 target=61403 (999%)
[2026-09-06T22:37:46Z INFO  minertim::pool_connection] New job: bxbpifVMsJrVHLzN (difficulty: 69947, target: dbef0000)
[2026-09-06T22:37:46Z INFO  minertim::pool_connection] Share accepted by pool
[2026-09-06T22:37:49Z INFO  minertim] H/s 1m:1899.7 5m:2142.6 10m:2200.3 | Shares: 102/0 (found:102) | Diff: 69947 | 17s elapsed (since last share, avg 36s) | best=506 target=61403 (999%)
[2026-09-06T22:37:51Z INFO  minertim::miner] Worker 0 SHARE FOUND! job_id=bxbpifVMsJrVHLzN, nonce=5c53a500, hash_val=57511, difficulty=69947, hash=98ebc3b357e7a886a5a17d44ea171f50e8f7ac5e571958a74032bc51a7e00000
[2026-09-06T22:37:58Z INFO  minertim::pool_connection] New job: p8A8OCO0Ej144evy (difficulty: 104921, target: e79f0000)
[2026-09-06T22:37:58Z INFO  minertim::pool_connection] Share accepted by pool
[2026-09-06T22:37:59Z INFO  minertim] H/s 1m:1834.4 5m:2126.5 10m:2194.9 | Shares: 103/0 (found:103) | Diff: 104921 | 8s elapsed (since last share, avg 57s) | best=506 target=40935 (999%)
[2026-09-06T22:38:06Z INFO  minertim::pool_connection] New job: mHdm6zmWFybQ9ICo (difficulty: 104921, target: e79f0000)
[2026-09-06T22:38:09Z INFO  minertim] H/s 1m:1941.1 5m:2121.9 10m:2195.0 | Shares: 103/0 (found:103) | Diff: 104921 | 18s elapsed (since last share, avg 54s) | best=506 target=40935 (999%)
[2026-09-06T22:38:19Z INFO  minertim] H/s 1m:2020.0 5m:2117.4 10m:2195.1 | Shares: 103/0 (found:103) | Diff: 104921 | 28s elapsed (since last share, avg 51s) | best=506 target=40935 (999%)
[2026-09-06T22:38:26Z INFO  minertim::pool_connection] New job: flvfsNUOqeyHE208 (difficulty: 104921, target: e79f0000)
[2026-09-06T22:38:28Z INFO  minertim::pool_connection] New job: k5xvdUPBSOeG0AHp (difficulty: 157382, target: 9a6a0000)
[2026-09-06T22:38:29Z INFO  minertim] H/s 1m:2073.5 5m:2112.7 10m:2195.1 | Shares: 103/0 (found:103) | Diff: 157382 | 38s elapsed (since last share, avg 1m15s) | best=506 target=27290 (999%)
[2026-09-06T22:38:39Z INFO  minertim] H/s 1m:2172.6 5m:2107.9 10m:2194.9 | Shares: 103/0 (found:103) | Diff: 157382 | 48s elapsed (since last share, avg 1m12s) | best=506 target=27290 (999%)
[2026-09-06T22:38:46Z INFO  minertim::pool_connection] New job: ZSg1SX0ILkkmB06B (difficulty: 157382, target: 9a6a0000)
[2026-09-06T22:38:49Z INFO  minertim] H/s 1m:2238.1 5m:2123.4 10m:2194.9 | Shares: 103/0 (found:103) | Diff: 157382 | 58s elapsed (since last share, avg 1m10s) | best=506 target=27290 (999%)
[2026-09-06T22:38:58Z INFO  minertim::pool_connection] New job: Ag9iinivNjz5qIuv (difficulty: 118039, target: 228e0000)
[2026-09-06T22:38:59Z INFO  minertim] H/s 1m:2237.7 5m:2119.4 10m:2195.0 | Shares: 103/0 (found:103) | Diff: 118039 | 1m8s elapsed (since last share, avg 52s) | best=506 target=36386 (999%)
[2026-09-06T22:39:05Z INFO  minertim::pool_connection] New job: 0bNBlmPp0QLV0pgm (difficulty: 118039, target: 228e0000)
[2026-09-06T22:39:09Z INFO  minertim] H/s 1m:2237.2 5m:2118.6 10m:2195.0 | Shares: 103/0 (found:103) | Diff: 118039 | 1m18s elapsed (since last share, avg 52s) | best=506 target=36386 (999%)
[2026-09-06T22:39:19Z INFO  minertim] H/s 1m:2238.7 5m:2118.9 10m:2195.3 | Shares: 103/0 (found:103) | Diff: 118039 | 1m28s elapsed (since last share, avg 52s) | best=506 target=36386 (999%)
[2026-09-06T22:39:25Z INFO  minertim::pool_connection] New job: oL4yq04jJxuIIT0v (difficulty: 118039, target: 228e0000)
[2026-09-06T22:39:29Z INFO  minertim] H/s 1m:2240.3 5m:2128.7 10m:2195.4 | Shares: 103/0 (found:103) | Diff: 118039 | 1m38s elapsed (since last share, avg 52s) | best=506 target=36386 (999%)
[2026-09-06T22:39:39Z INFO  minertim] H/s 1m:2241.8 5m:2130.1 10m:2195.3 | Shares: 103/0 (found:103) | Diff: 118039 | 1m48s elapsed (since last share, avg 52s) | best=506 target=36386 (999%)
[2026-09-06T22:39:45Z INFO  minertim::pool_connection] New job: jd0SEQvFkJV0Sb58 (difficulty: 118039, target: 228e0000)
[2026-09-06T22:39:49Z INFO  minertim] H/s 1m:2241.7 5m:2130.0 10m:2195.3 | Shares: 103/0 (found:103) | Diff: 118039 | 1m58s elapsed (since last share, avg 52s) | best=506 target=36386 (999%)
[2026-09-06T22:39:58Z INFO  minertim::pool_connection] New job: QBH4E4SmXTs06WZG (difficulty: 88528, target: 83bd0000)
[2026-09-06T22:39:59Z INFO  minertim] H/s 1m:2241.4 5m:2120.2 10m:2195.3 | Shares: 103/0 (found:103) | Diff: 88528 | 2m8s elapsed (since last share, avg 39s) | best=506 target=48515 (999%)
[2026-09-06T22:40:05Z INFO  minertim::pool_connection] New job: x2916PnlOeIdqKti (difficulty: 88528, target: 83bd0000)
[2026-09-06T22:40:09Z INFO  minertim] H/s 1m:2240.5 5m:2129.9 10m:2195.3 | Shares: 103/0 (found:103) | Diff: 88528 | 2m18s elapsed (since last share, avg 39s) | best=506 target=48515 (999%)
[2026-09-06T22:40:19Z INFO  minertim] H/s 1m:2240.6 5m:2143.6 10m:2195.6 | Shares: 103/0 (found:103) | Diff: 88528 | 2m28s elapsed (since last share, avg 39s) | best=506 target=48515 (999%)
[2026-09-06T22:40:25Z INFO  minertim::pool_connection] New job: hjZPKq7RsMNxFbNO (difficulty: 88528, target: 83bd0000)
[2026-09-06T22:40:29Z INFO  minertim] H/s 1m:2240.7 5m:2143.7 10m:2195.6 | Shares: 103/0 (found:103) | Diff: 88528 | 2m38s elapsed (since last share, avg 39s) | best=506 target=48515 (999%)
[2026-09-06T22:40:39Z INFO  minertim] H/s 1m:2240.6 5m:2143.8 10m:2195.4 | Shares: 103/0 (found:103) | Diff: 88528 | 2m48s elapsed (since last share, avg 39s) | best=506 target=48515 (999%)
[2026-09-06T22:40:42Z INFO  minertim::miner] Worker 3 SHARE FOUND! job_id=hjZPKq7RsMNxFbNO, nonce=9f0aae00, hash_val=41600, difficulty=88528, hash=9e1bc62b1ec0fdc8615d98b1358aaed330967eb93684516b82de0a8d80a20000
[2026-09-06T22:40:45Z INFO  minertim::pool_connection] New job: bihTOFn706ceo1u3 (difficulty: 88528, target: 83bd0000)
[2026-09-06T22:40:45Z INFO  minertim::pool_connection] Share accepted by pool
[2026-09-06T22:40:48Z INFO  minertim::miner] Worker 2 SHARE FOUND! job_id=bihTOFn706ceo1u3, nonce=12f7ab00, hash_val=31434, difficulty=88528, hash=f565f94cc54d9a41bb6fda393a262c06256ebe26060c63604546d11cca7a0000
[2026-09-06T22:40:49Z INFO  minertim] H/s 1m:2214.9 5m:2139.3 10m:2193.2 | Shares: 104/0 (found:105) | Diff: 88528 | 0s elapsed (since last share, avg 39s) | best=506 target=48515 (999%)
[2026-09-06T22:40:59Z INFO  minertim] H/s 1m:2107.9 5m:2120.9 10m:2184.2 | Shares: 104/0 (found:105) | Diff: 88528 | 10s elapsed (since last share, avg 41s) | best=506 target=48515 (999%)
[2026-09-06T22:41:05Z INFO  minertim::pool_connection] New job: C9axLs5wjlXe7WKe (difficulty: 88528, target: 83bd0000)
[2026-09-06T22:41:05Z INFO  minertim::pool_connection] Share accepted by pool
[2026-09-06T22:41:09Z INFO  minertim] H/s 1m:2022.6 5m:2106.4 10m:2181.8 | Shares: 105/0 (found:105) | Diff: 88528 | 20s elapsed (since last share, avg 43s) | best=506 target=48515 (999%)
[2026-09-06T22:41:19Z INFO  minertim] H/s 1m:2021.2 5m:2106.3 10m:2186.6 | Shares: 105/0 (found:105) | Diff: 88528 | 30s elapsed (since last share, avg 43s) | best=506 target=48515 (999%)
[2026-09-06T22:41:24Z INFO  minertim::pool_connection] New job: ZhlFrTe8VJXJMtYJ (difficulty: 88528, target: 83bd0000)
[2026-09-06T22:41:29Z INFO  minertim] H/s 1m:2021.3 5m:2115.9 10m:2184.7 | Shares: 105/0 (found:105) | Diff: 88528 | 40s elapsed (since last share, avg 43s) | best=506 target=48515 (999%)
[2026-09-06T22:41:39Z INFO  minertim] H/s 1m:2059.2 5m:2134.2 10m:2183.5 | Shares: 105/0 (found:105) | Diff: 88528 | 50s elapsed (since last share, avg 42s) | best=506 target=48515 (999%)
[2026-09-06T22:41:44Z INFO  minertim::pool_connection] New job: eRPfUe2xAvF3WPQi (difficulty: 88528, target: 83bd0000)
[2026-09-06T22:41:49Z INFO  minertim] H/s 1m:2178.4 5m:2136.3 10m:2182.3 | Shares: 105/0 (found:105) | Diff: 88528 | 1m0s elapsed (since last share, avg 40s) | best=506 target=48515 (999%)
[2026-09-06T22:41:59Z INFO  minertim] H/s 1m:2274.4 5m:2138.6 10m:2181.0 | Shares: 105/0 (found:105) | Diff: 88528 | 1m10s elapsed (since last share, avg 38s) | best=506 target=48515 (999%)
[2026-09-06T22:42:01Z INFO  minertim::miner] Worker 2 SHARE FOUND! job_id=eRPfUe2xAvF3WPQi, nonce=9aeead00, hash_val=19098, difficulty=88528, hash=3c55b1a1ffb9bb29beaf8c7c4869d4a0f706acbdee770c843d2f3ce69a4a0000
[2026-09-06T22:42:04Z INFO  minertim::pool_connection] New job: 3WNucbTH3kbdyG4r (difficulty: 88528, target: 83bd0000)
[2026-09-06T22:42:04Z INFO  minertim::pool_connection] Share accepted by pool
[2026-09-06T22:42:09Z INFO  minertim] H/s 1m:2258.5 5m:2154.0 10m:2177.3 | Shares: 106/0 (found:106) | Diff: 88528 | 7s elapsed (since last share, avg 39s) | best=506 target=48515 (999%)
[2026-09-06T22:42:19Z INFO  minertim] H/s 1m:2273.4 5m:2170.0 10m:2177.5 | Shares: 106/0 (found:106) | Diff: 88528 | 17s elapsed (since last share, avg 38s) | best=506 target=48515 (999%)
[2026-09-06T22:42:23Z INFO  minertim::miner] Worker 0 SHARE FOUND! job_id=3WNucbTH3kbdyG4r, nonce=ac73ae00, hash_val=44858, difficulty=88528, hash=f73d0f3fe3e30a2f78aeba2b8b1c3f0ce0915b5805aa3886562bc3dd3aaf0000
[2026-09-06T22:42:24Z INFO  minertim::pool_connection] New job: 2JazAR7hgIr7TheB (difficulty: 88528, target: 83bd0000)
[2026-09-06T22:42:24Z INFO  minertim::pool_connection] Share accepted by pool
[2026-09-06T22:42:29Z INFO  minertim] H/s 1m:2266.3 5m:2180.2 10m:2175.7 | Shares: 107/0 (found:107) | Diff: 88528 | 5s elapsed (since last share, avg 39s) | best=506 target=48515 (999%)
[2026-09-06T22:42:34Z INFO  minertim::miner] Worker 0 SHARE FOUND! job_id=2JazAR7hgIr7TheB, nonce=e0cfae00, hash_val=39132, difficulty=88528, hash=2e2ec523f43695804e5eedcc2b5f8a19d97251ffb095ae151a73531bdc980000
[2026-09-06T22:42:39Z INFO  minertim] H/s 1m:2209.3 5m:2189.7 10m:2169.7 | Shares: 107/0 (found:108) | Diff: 88528 | 4s elapsed (since last share, avg 40s) | best=506 target=48515 (999%)
[2026-09-06T22:42:44Z INFO  minertim::pool_connection] New job: HbGj7I0cYrJmpCvo (difficulty: 88528, target: 83bd0000)
[2026-09-06T22:42:44Z INFO  minertim::pool_connection] Share accepted by pool
[2026-09-06T22:42:49Z INFO  minertim] H/s 1m:2167.4 5m:2196.0 10m:2164.8 | Shares: 108/0 (found:108) | Diff: 88528 | 14s elapsed (since last share, avg 40s) | best=506 target=48515 (999%)
[2026-09-06T22:42:55Z INFO  minertim::miner] Worker 3 SHARE FOUND! job_id=HbGj7I0cYrJmpCvo, nonce=0fa4b200, hash_val=698, difficulty=88528, hash=5196cb7a33d1c668eacaff630ef11aabb598a984abfea72b6cde9dc4ba020000
[2026-09-06T22:42:59Z INFO  minertim] H/s 1m:2137.4 5m:2187.9 10m:2158.6 | Shares: 108/0 (found:109) | Diff: 88528 | 3s elapsed (since last share, avg 41s) | best=506 target=48515 (999%)
[2026-09-06T22:43:04Z INFO  minertim::pool_connection] New job: 7HcTTRbPXzhkcNl3 (difficulty: 88528, target: 83bd0000)
[2026-09-06T22:43:09Z INFO  minertim] H/s 1m:2018.2 5m:2169.7 10m:2147.4 | Shares: 108/0 (found:109) | Diff: 88528 | 13s elapsed (since last share, avg 43s) | best=506 target=48515 (999%)
[2026-09-06T22:43:19Z INFO  minertim] H/s 1m:1906.8 5m:2151.4 10m:2136.2 | Shares: 108/0 (found:109) | Diff: 88528 | 23s elapsed (since last share, avg 46s) | best=506 target=48515 (999%)
[2026-09-06T22:43:24Z INFO  minertim::pool_connection] New job: UJiQJEvFvMjO7Ejo (difficulty: 88528, target: 83bd0000)
[2026-09-06T22:43:29Z INFO  minertim] H/s 1m:1845.1 5m:2133.2 10m:2124.9 | Shares: 108/0 (found:109) | Diff: 88528 | 33s elapsed (since last share, avg 47s) | best=506 target=48515 (999%)
[2026-09-06T22:43:38Z INFO  minertim::miner] Worker 2 SHARE FOUND! job_id=UJiQJEvFvMjO7Ejo, nonce=fa39b100, hash_val=6026, difficulty=88528, hash=088802ab609d5afb191158fca57a8b51a36574abeb1a884494a6c4428a170000
[2026-09-06T22:43:39Z INFO  minertim] H/s 1m:1770.5 5m:2115.4 10m:2113.7 | Shares: 108/0 (found:110) | Diff: 88528 | 0s elapsed (since last share, avg 50s) | best=506 target=48515 (999%)
[2026-09-06T22:43:43Z INFO  minertim::miner] Worker 1 SHARE FOUND! job_id=UJiQJEvFvMjO7Ejo, nonce=5961b600, hash_val=30212, difficulty=88528, hash=237e22ac93b0a376245d399e109773963cd616ef3f1bdd6e405ab2a204760000
[2026-09-06T22:43:43Z INFO  minertim::pool_connection] New job: OuzhL7D13PBmWNx0 (difficulty: 88528, target: 83bd0000)
[2026-09-06T22:43:44Z INFO  minertim::pool_connection] Share accepted by pool
[2026-09-06T22:43:44Z INFO  minertim::pool_connection] Share accepted by pool
[2026-09-06T22:43:44Z INFO  minertim::pool_connection] Share accepted by pool
[2026-09-06T22:43:49Z INFO  minertim] H/s 1m:1809.1 5m:2114.0 10m:2120.7 | Shares: 111/0 (found:111) | Diff: 88528 | 6s elapsed (since last share, avg 48s) | best=506 target=48515 (999%)
[2026-09-06T22:43:59Z INFO  minertim::pool_connection] New job: 4yZ1RKJioAFVOpKL (difficulty: 132794, target: 577e0000)
[2026-09-06T22:43:59Z INFO  minertim] H/s 1m:1925.5 5m:2115.9 10m:2119.7 | Shares: 111/0 (found:111) | Diff: 132794 | 16s elapsed (since last share, avg 1m8s) | best=506 target=32343 (999%)
[2026-09-06T22:44:03Z INFO  minertim::pool_connection] New job: Cjcb3oukUxDPZPFP (difficulty: 132794, target: 577e0000)
[2026-09-06T22:44:04Z INFO  minertim::miner] Worker 2 SHARE FOUND! job_id=Cjcb3oukUxDPZPFP, nonce=72f1b100, hash_val=12595, difficulty=132794, hash=661b391c087bd8a33dd365200aa25656d3c0df75e0f0c8fa0933819e33310000
[2026-09-06T22:44:09Z INFO  minertim] H/s 1m:1988.1 5m:2108.2 10m:2115.7 | Shares: 111/0 (found:112) | Diff: 132794 | 5s elapsed (since last share, avg 1m6s) | best=506 target=32343 (999%)
[2026-09-06T22:44:19Z INFO  minertim] H/s 1m:1996.9 5m:2091.3 10m:2107.4 | Shares: 111/0 (found:112) | Diff: 132794 | 15s elapsed (since last share, avg 1m6s) | best=506 target=32343 (999%)
[2026-09-06T22:44:23Z INFO  minertim::pool_connection] New job: G21q07O5W030e95Y (difficulty: 132794, target: 577e0000)
[2026-09-06T22:44:24Z INFO  minertim::pool_connection] Share accepted by pool
[2026-09-06T22:44:29Z INFO  minertim] H/s 1m:2064.8 5m:2084.9 10m:2109.0 | Shares: 112/0 (found:112) | Diff: 132794 | 25s elapsed (since last share, avg 1m4s) | best=506 target=32343 (999%)
[2026-09-06T22:44:34Z INFO  minertim::miner] Worker 0 SHARE FOUND! job_id=G21q07O5W030e95Y, nonce=fcacb200, hash_val=12328, difficulty=132794, hash=ab75d75308e6c677ccb90d86f936f45804ade637d242cf415ffd8b2728300000
[2026-09-06T22:44:39Z INFO  minertim] H/s 1m:1970.7 5m:2067.3 10m:2101.0 | Shares: 112/0 (found:113) | Diff: 132794 | 5s elapsed (since last share, avg 1m7s) | best=506 target=32343 (999%)
[2026-09-06T22:44:43Z INFO  minertim::pool_connection] New job: QC63wQNuRxaRDzHa (difficulty: 132794, target: 577e0000)
[2026-09-06T22:44:43Z INFO  minertim::pool_connection] Share accepted by pool
[2026-09-06T22:44:49Z INFO  minertim] H/s 1m:1975.0 5m:2070.0 10m:2102.4 | Shares: 113/0 (found:113) | Diff: 132794 | 15s elapsed (since last share, avg 1m7s) | best=506 target=32343 (999%)
[2026-09-06T22:44:58Z INFO  minertim::pool_connection] New job: DCoHyMGD9V0dTYh2 (difficulty: 199191, target: 3a540000)
[2026-09-06T22:44:59Z INFO  minertim] H/s 1m:2029.4 5m:2071.8 10m:2098.5 | Shares: 113/0 (found:113) | Diff: 199191 | 25s elapsed (since last share, avg 1m38s) | best=506 target=21562 (999%)
[2026-09-06T22:45:03Z INFO  minertim::pool_connection] New job: LMfBgDrdnH0xH0lm (difficulty: 199191, target: 3a540000)
[2026-09-06T22:45:09Z INFO  minertim] H/s 1m:2139.6 5m:2073.9 10m:2104.3 | Shares: 113/0 (found:113) | Diff: 199191 | 35s elapsed (since last share, avg 1m33s) | best=506 target=21562 (999%)
[2026-09-06T22:45:19Z INFO  minertim] H/s 1m:2187.0 5m:2075.6 10m:2111.8 | Shares: 113/0 (found:113) | Diff: 199191 | 45s elapsed (since last share, avg 1m31s) | best=506 target=21562 (999%)
[2026-09-06T22:45:23Z INFO  minertim::pool_connection] New job: 3Xk0FqMmimc350Sb (difficulty: 199191, target: 3a540000)
[2026-09-06T22:45:27Z INFO  minertim::pool_connection] New job: bf8rtfubGkLBNcBD (difficulty: 199191, target: 3a540000)
[2026-09-06T22:45:29Z INFO  minertim] H/s 1m:2303.0 5m:2078.0 10m:2113.0 | Shares: 113/0 (found:113) | Diff: 199191 | 55s elapsed (since last share, avg 1m26s) | best=506 target=21562 (999%)
[2026-09-06T22:45:39Z INFO  minertim] H/s 1m:2299.3 5m:2084.6 10m:2114.1 | Shares: 113/0 (found:113) | Diff: 199191 | 1m5s elapsed (since last share, avg 1m26s) | best=506 target=21562 (999%)
[2026-09-06T22:45:47Z INFO  minertim::pool_connection] New job: 2eI0wFEEQbJD0L3T (difficulty: 199191, target: 3a540000)
[2026-09-06T22:45:49Z INFO  minertim] H/s 1m:2302.2 5m:2105.3 10m:2115.3 | Shares: 113/0 (found:113) | Diff: 199191 | 1m15s elapsed (since last share, avg 1m26s) | best=506 target=21562 (999%)
[2026-09-06T22:45:59Z INFO  minertim::pool_connection] New job: 2WHi40N5szygrXQa (difficulty: 119513, target: 618c0000)
[2026-09-06T22:45:59Z INFO  minertim] H/s 1m:2305.0 5m:2122.5 10m:2116.6 | Shares: 113/0 (found:113) | Diff: 119513 | 1m25s elapsed (since last share, avg 51s) | best=506 target=35937 (999%)
[2026-09-06T22:46:07Z INFO  minertim::pool_connection] New job: I4VCGfY0SYJO0nw0 (difficulty: 119513, target: 618c0000)
[2026-09-06T22:46:09Z INFO  minertim] H/s 1m:2309.3 5m:2125.3 10m:2117.8 | Shares: 113/0 (found:113) | Diff: 119513 | 1m35s elapsed (since last share, avg 51s) | best=506 target=35937 (999%)
[2026-09-06T22:46:19Z INFO  minertim] H/s 1m:2311.1 5m:2128.0 10m:2119.2 | Shares: 113/0 (found:113) | Diff: 119513 | 1m45s elapsed (since last share, avg 51s) | best=506 target=35937 (999%)
[2026-09-06T22:46:27Z INFO  minertim::pool_connection] New job: 0w2Eo8IFrUElOSXN (difficulty: 119513, target: 618c0000)
[2026-09-06T22:46:29Z INFO  minertim] H/s 1m:2309.4 5m:2127.7 10m:2124.8 | Shares: 113/0 (found:113) | Diff: 119513 | 1m55s elapsed (since last share, avg 51s) | best=506 target=35937 (999%)
[2026-09-06T22:46:39Z INFO  minertim] H/s 1m:2310.3 5m:2128.0 10m:2134.0 | Shares: 113/0 (found:113) | Diff: 119513 | 2m5s elapsed (since last share, avg 51s) | best=506 target=35937 (999%)
[2026-09-06T22:46:47Z INFO  minertim::pool_connection] New job: zoHxMN5CzrAyua0s (difficulty: 119513, target: 618c0000)
[2026-09-06T22:46:47Z INFO  minertim::pool_connection] New job: NxRggsMPOj0kjjBx (difficulty: 119513, target: 618c0000)
[2026-09-06T22:46:49Z INFO  minertim] H/s 1m:2310.1 5m:2128.7 10m:2135.3 | Shares: 113/0 (found:113) | Diff: 119513 | 2m15s elapsed (since last share, avg 51s) | best=506 target=35937 (999%)
[2026-09-06T22:46:59Z INFO  minertim::pool_connection] New job: JUEeZzo0H9lRfFCG (difficulty: 89635, target: 2cbb0000)
[2026-09-06T22:46:59Z INFO  minertim] H/s 1m:2305.8 5m:2133.5 10m:2136.3 | Shares: 113/0 (found:113) | Diff: 89635 | 2m25s elapsed (since last share, avg 38s) | best=506 target=47916 (999%)
[2026-09-06T22:47:07Z INFO  minertim::pool_connection] New job: Bdz7dvJ7Yx0W6YP0 (difficulty: 89635, target: 2cbb0000)
[2026-09-06T22:47:09Z INFO  minertim] H/s 1m:2303.6 5m:2133.2 10m:2146.5 | Shares: 113/0 (found:113) | Diff: 89635 | 2m35s elapsed (since last share, avg 38s) | best=506 target=47916 (999%)
[2026-09-06T22:47:15Z INFO  minertim::miner] Worker 0 SHARE FOUND! job_id=Bdz7dvJ7Yx0W6YP0, nonce=18feb700, hash_val=23085, difficulty=89635, hash=e15e404475b14c2e31dcde8256bdb7773714e0fe56c71f86bc7d06fa2d5a0000
[2026-09-06T22:47:19Z INFO  minertim] H/s 1m:2250.2 5m:2124.9 10m:2149.4 | Shares: 113/0 (found:114) | Diff: 89635 | 4s elapsed (since last share, avg 39s) | best=506 target=47916 (999%)
[2026-09-06T22:47:26Z INFO  minertim::pool_connection] New job: kUEJupXaUkm0q6Nu (difficulty: 89635, target: 2cbb0000)
[2026-09-06T22:47:27Z INFO  minertim::pool_connection] Share accepted by pool
[2026-09-06T22:47:28Z INFO  minertim::pool_connection] New job: QQqPHKzKI2aEIfp8 (difficulty: 134453, target: c87c0000)
[2026-09-06T22:47:29Z INFO  minertim] H/s 1m:2154.2 5m:2118.5 10m:2147.1 | Shares: 114/0 (found:114) | Diff: 134453 | 14s elapsed (since last share, avg 1m2s) | best=506 target=31944 (999%)
[2026-09-06T22:47:39Z INFO  minertim] H/s 1m:2151.7 5m:2126.0 10m:2156.7 | Shares: 114/0 (found:114) | Diff: 134453 | 24s elapsed (since last share, avg 1m2s) | best=506 target=31944 (999%)
[2026-09-06T22:47:46Z INFO  minertim::pool_connection] New job: Jp01CI0SmHlpX0El (difficulty: 134453, target: c87c0000)
[2026-09-06T22:47:49Z INFO  minertim] H/s 1m:2152.6 5m:2136.1 10m:2163.3 | Shares: 114/0 (found:114) | Diff: 134453 | 34s elapsed (since last share, avg 1m2s) | best=506 target=31944 (999%)
[2026-09-06T22:47:59Z INFO  minertim] H/s 1m:2151.4 5m:2156.2 10m:2164.3 | Shares: 114/0 (found:114) | Diff: 134453 | 44s elapsed (since last share, avg 1m2s) | best=506 target=31944 (999%)
[2026-09-06T22:48:06Z INFO  minertim::pool_connection] New job: HkMZgd5x5VrElwcT (difficulty: 134453, target: c87c0000)
[2026-09-06T22:48:09Z INFO  minertim] H/s 1m:2205.9 5m:2176.5 10m:2165.2 | Shares: 114/0 (found:114) | Diff: 134453 | 54s elapsed (since last share, avg 1m0s) | best=506 target=31944 (999%)
[2026-09-06T22:48:19Z INFO  minertim] H/s 1m:2300.1 5m:2197.0 10m:2166.3 | Shares: 114/0 (found:114) | Diff: 134453 | 1m4s elapsed (since last share, avg 58s) | best=506 target=31944 (999%)
[2026-09-06T22:48:26Z INFO  minertim::pool_connection] New job: 0LxfpafGvU0SMcki (difficulty: 134453, target: c87c0000)
[2026-09-06T22:48:29Z INFO  minertim::pool_connection] New job: Oue6XFYDKxKa35Yg (difficulty: 97588, target: ebab0000)
[2026-09-06T22:48:29Z INFO  minertim] H/s 1m:2300.8 5m:2217.4 10m:2167.5 | Shares: 114/0 (found:114) | Diff: 97588 | 1m14s elapsed (since last share, avg 42s) | best=506 target=44011 (999%)
[2026-09-06T22:48:39Z INFO  minertim] H/s 1m:2299.4 5m:2220.6 10m:2168.5 | Shares: 114/0 (found:114) | Diff: 97588 | 1m24s elapsed (since last share, avg 42s) | best=506 target=44011 (999%)
[2026-09-06T22:48:46Z INFO  minertim::pool_connection] New job: IJ97gUe0d0TehfYj (difficulty: 97588, target: ebab0000)
[2026-09-06T22:48:49Z INFO  minertim] H/s 1m:2301.6 5m:2221.0 10m:2169.7 | Shares: 114/0 (found:114) | Diff: 97588 | 1m34s elapsed (since last share, avg 42s) | best=506 target=44011 (999%)
[2026-09-06T22:48:54Z INFO  minertim::pool_connection] Donation: mining to Author (donate-level 5%)
[2026-09-06T22:48:54Z INFO  minertim::pool_connection] Connecting to pool: monerohash.com:2222
[2026-09-06T22:48:55Z INFO  minertim::pool_connection] Connected to pool (plain TCP): monerohash.com:2222
[2026-09-06T22:48:55Z INFO  minertim::pool_connection] Login successful, session id: Vs1cq1gQJmAhTcLU
[2026-09-06T22:48:55Z INFO  minertim::pool_connection] Initial job: IjjaMywjnFbIlQdw (difficulty: 50000, target: 8b4f0100)
[2026-09-06T22:48:59Z INFO  minertim] H/s 1m:2269.4 5m:2225.0 10m:2167.9 | Shares: 114/0 (found:114) | Diff: 50000 | 1m44s elapsed (since last share, avg 22s) | best=506 target=85899 (999%)
[2026-09-06T22:49:06Z INFO  minertim::pool_connection] New job: HpKS60qh9qlJNG5e (difficulty: 50000, target: 8b4f0100)
[2026-09-06T22:49:09Z INFO  minertim] H/s 1m:2269.9 5m:2244.0 10m:2169.0 | Shares: 114/0 (found:114) | Diff: 50000 | 1m54s elapsed (since last share, avg 22s) | best=506 target=85899 (999%)
[2026-09-06T22:49:11Z INFO  minertim::miner] Worker 0 SHARE FOUND! job_id=HpKS60qh9qlJNG5e, nonce=64a1bb00, hash_val=3979, difficulty=50000, hash=3dbb1c7a5d33679f3a59643c56702c13c17929f24fa21c6181c2719f8b0f0000
[2026-09-06T22:49:19Z INFO  minertim] H/s 1m:2159.4 5m:2233.7 10m:2160.7 | Shares: 114/0 (found:115) | Diff: 50000 | 8s elapsed (since last share, avg 23s) | best=506 target=85899 (999%)
[2026-09-06T22:49:26Z INFO  minertim::pool_connection] New job: BUT8DwaEImpUJxXA (difficulty: 50000, target: 8b4f0100)
[2026-09-06T22:49:26Z INFO  minertim::pool_connection] Share accepted by pool
[2026-09-06T22:49:29Z INFO  minertim] H/s 1m:2105.0 5m:2243.7 10m:2156.9 | Shares: 115/0 (found:115) | Diff: 50000 | 18s elapsed (since last share, avg 23s) | best=506 target=85899 (999%)
[2026-09-06T22:49:34Z INFO  minertim::miner] Worker 0 SHARE FOUND! job_id=BUT8DwaEImpUJxXA, nonce=1cebbb00, hash_val=13128, difficulty=50000, hash=25507b20caa50e6208b4f5ccd557fd8007e16d6c51ed0013eba9541548330000
[2026-09-06T22:49:37Z INFO  minertim::miner] Worker 3 SHARE FOUND! job_id=BUT8DwaEImpUJxXA, nonce=033abf00, hash_val=18698, difficulty=50000, hash=c42768ea5428c6d3a3eb85ef233ca95a62aecbeddf880fa8221f27ce0a490000
[2026-09-06T22:49:39Z INFO  minertim] H/s 1m:1989.0 5m:2223.4 10m:2148.3 | Shares: 115/0 (found:117) | Diff: 50000 | 2s elapsed (since last share, avg 25s) | best=506 target=85899 (999%)
[2026-09-06T22:49:44Z INFO  minertim::pool_connection] New job: zLwd5GzHmbl3E30W (difficulty: 72582, target: 26e70000)
[2026-09-06T22:49:44Z INFO  minertim::pool_connection] Share accepted by pool
[2026-09-06T22:49:44Z INFO  minertim::pool_connection] Share accepted by pool
[2026-09-06T22:49:46Z INFO  minertim::pool_connection] New job: 9G1uOcTgwZ7mlRic (difficulty: 72582, target: 26e70000)
[2026-09-06T22:49:49Z INFO  minertim] H/s 1m:1988.4 5m:2217.9 10m:2146.5 | Shares: 117/0 (found:117) | Diff: 72582 | 12s elapsed (since last share, avg 36s) | best=506 target=59174 (999%)
[2026-09-06T22:49:56Z INFO  minertim::miner] Worker 2 SHARE FOUND! job_id=9G1uOcTgwZ7mlRic, nonce=1299bd00, hash_val=30442, difficulty=72582, hash=fe1f3d68496f12c745688164c91c82e985ba860e4061087c518aade1ea760000
[2026-09-06T22:49:59Z INFO  minertim] H/s 1m:1932.2 5m:2208.3 10m:2142.8 | Shares: 117/0 (found:118) | Diff: 72582 | 2s elapsed (since last share, avg 37s) | best=506 target=59174 (999%)
[2026-09-06T22:50:06Z INFO  minertim::pool_connection] New job: 0WUupP5R8mBTu6Dd (difficulty: 72582, target: 26e70000)
[2026-09-06T22:50:06Z INFO  minertim::pool_connection] Share accepted by pool
[2026-09-06T22:50:09Z INFO  minertim] H/s 1m:1966.4 5m:2195.7 10m:2137.4 | Shares: 118/0 (found:118) | Diff: 72582 | 12s elapsed (since last share, avg 36s) | best=506 target=59174 (999%)
[2026-09-06T22:50:14Z INFO  minertim::pool_connection] New job: 0mAG61wF0dP4dxzw (difficulty: 108873, target: 199a0000)
[2026-09-06T22:50:19Z INFO  minertim] H/s 1m:2022.2 5m:2195.3 10m:2138.4 | Shares: 118/0 (found:118) | Diff: 108873 | 22s elapsed (since last share, avg 53s) | best=506 target=39449 (999%)
[2026-09-06T22:50:25Z INFO  minertim::pool_connection] New job: ANkeoWg0QMmt2570 (difficulty: 108873, target: 199a0000)
[2026-09-06T22:50:28Z INFO  minertim::miner] Worker 1 SHARE FOUND! job_id=ANkeoWg0QMmt2570, nonce=cd92c400, hash_val=39282, difficulty=108873, hash=4cd4e3c1f89dfc0fd1c4a05ae0020580d5fb15f34748c134647d9c7472990000
[2026-09-06T22:50:29Z INFO  minertim] H/s 1m:2082.2 5m:2186.0 10m:2134.9 | Shares: 118/0 (found:119) | Diff: 108873 | 1s elapsed (since last share, avg 52s) | best=506 target=39449 (999%)
[2026-09-06T22:50:39Z INFO  minertim] H/s 1m:2007.6 5m:2167.1 10m:2128.9 | Shares: 118/0 (found:119) | Diff: 108873 | 11s elapsed (since last share, avg 54s) | best=506 target=39449 (999%)
[2026-09-06T22:50:45Z INFO  minertim::pool_connection] New job: ZgR03LJrclMVGtgF (difficulty: 108873, target: 199a0000)
[2026-09-06T22:50:46Z INFO  minertim::pool_connection] Share accepted by pool
[2026-09-06T22:50:48Z INFO  minertim::pool_connection] New job: EN4hc8HVjIH0Radx (difficulty: 108873, target: 199a0000)
[2026-09-06T22:50:50Z INFO  minertim] H/s 1m:1994.6 5m:2154.8 10m:2133.2 | Shares: 119/0 (found:119) | Diff: 108873 | 21s elapsed (since last share, avg 54s) | best=506 target=39449 (999%)
[2026-09-06T22:51:00Z INFO  minertim] H/s 1m:2068.7 5m:2154.2 10m:2141.4 | Shares: 119/0 (found:119) | Diff: 108873 | 31s elapsed (since last share, avg 52s) | best=506 target=39449 (999%)
[2026-09-06T22:51:08Z INFO  minertim::pool_connection] New job: rkEQdRBSc8l0zBJW (difficulty: 108873, target: 199a0000)
[2026-09-06T22:51:10Z INFO  minertim] H/s 1m:2069.2 5m:2153.6 10m:2142.5 | Shares: 119/0 (found:119) | Diff: 108873 | 41s elapsed (since last share, avg 52s) | best=506 target=39449 (999%)
[2026-09-06T22:51:20Z INFO  minertim] H/s 1m:2125.0 5m:2154.2 10m:2143.7 | Shares: 119/0 (found:119) | Diff: 108873 | 51s elapsed (since last share, avg 51s) | best=506 target=39449 (999%)
[2026-09-06T22:51:24Z INFO  minertim::pool_connection] Donation: mining to Xmrig (donate-level 5%)
[2026-09-06T22:51:24Z INFO  minertim::pool_connection] Connecting to pool: monerohash.com:2222
[2026-09-06T22:51:25Z INFO  minertim::pool_connection] Connected to pool (plain TCP): monerohash.com:2222
[2026-09-06T22:51:25Z INFO  minertim::pool_connection] Login successful, session id: Egs00n8Y0mN8i5EJ
[2026-09-06T22:51:25Z INFO  minertim::pool_connection] Initial job: VbA8LifV2NIGCcQW (difficulty: 50000, target: 8b4f0100)
[2026-09-06T22:51:28Z INFO  minertim::pool_connection] New job: iGFmyP8X0whmT6eW (difficulty: 50000, target: 8b4f0100)
[2026-09-06T22:51:30Z INFO  minertim] H/s 1m:2206.5 5m:2149.2 10m:2141.4 | Shares: 119/0 (found:119) | Diff: 50000 | 1m1s elapsed (since last share, avg 22s) | best=506 target=85899 (999%)
[2026-09-06T22:51:38Z INFO  minertim::miner] Worker 0 SHARE FOUND! job_id=iGFmyP8X0whmT6eW, nonce=dcecbf00, hash_val=39247, difficulty=50000, hash=4868a55f5a9ae6a91ecbe555d5b8173477932b5ba1392ae2318158004f990000
[2026-09-06T22:51:40Z INFO  minertim] H/s 1m:2229.1 5m:2140.8 10m:2137.5 | Shares: 119/0 (found:120) | Diff: 50000 | 1s elapsed (since last share, avg 22s) | best=506 target=85899 (999%)
[2026-09-06T22:51:48Z INFO  minertim::pool_connection] New job: MoN0rEVR3jILRy40 (difficulty: 50000, target: 8b4f0100)
[2026-09-06T22:51:48Z INFO  minertim::pool_connection] Share accepted by pool
[2026-09-06T22:51:50Z INFO  minertim] H/s 1m:2176.1 5m:2131.9 10m:2133.0 | Shares: 120/0 (found:120) | Diff: 50000 | 11s elapsed (since last share, avg 22s) | best=506 target=85899 (999%)
[2026-09-06T22:51:59Z INFO  minertim::pool_connection] New job: FuYx4vPatcz8Ezmp (difficulty: 75000, target: b2df0000)
[2026-09-06T22:52:00Z INFO  minertim] H/s 1m:2191.0 5m:2134.2 10m:2136.7 | Shares: 120/0 (found:120) | Diff: 75000 | 21s elapsed (since last share, avg 34s) | best=506 target=57266 (999%)
[2026-09-06T22:52:08Z INFO  minertim::pool_connection] New job: IqpiOjxb0VMKFPeM (difficulty: 75000, target: b2df0000)
[2026-09-06T22:52:10Z INFO  minertim] H/s 1m:2204.0 5m:2146.2 10m:2137.8 | Shares: 120/0 (found:120) | Diff: 75000 | 31s elapsed (since last share, avg 34s) | best=506 target=57266 (999%)
[2026-09-06T22:52:10Z INFO  minertim::pool_connection] New job: Ze9YRPP0Hgb8mkho (difficulty: 75000, target: b2df0000)
[2026-09-06T22:52:20Z INFO  minertim] H/s 1m:2244.8 5m:2164.8 10m:2139.6 | Shares: 120/0 (found:120) | Diff: 75000 | 41s elapsed (since last share, avg 33s) | best=506 target=57266 (999%)
[2026-09-06T22:52:30Z INFO  minertim] H/s 1m:2304.6 5m:2167.2 10m:2145.6 | Shares: 120/0 (found:120) | Diff: 75000 | 51s elapsed (since last share, avg 32s) | best=506 target=57266 (999%)
[2026-09-06T22:52:30Z INFO  minertim::pool_connection] New job: oe91jN4YBXs0WVBZ (difficulty: 75000, target: b2df0000)
[2026-09-06T22:52:40Z INFO  minertim] H/s 1m:2372.3 5m:2169.8 10m:2150.4 | Shares: 120/0 (found:120) | Diff: 75000 | 1m1s elapsed (since last share, avg 31s) | best=506 target=57266 (999%)
[2026-09-06T22:52:50Z INFO  minertim] H/s 1m:2372.7 5m:2172.4 10m:2156.7 | Shares: 120/0 (found:120) | Diff: 75000 | 1m11s elapsed (since last share, avg 31s) | best=506 target=57266 (999%)
[2026-09-06T22:52:50Z INFO  minertim::pool_connection] New job: 3DzJz9InnwTjh0vr (difficulty: 75000, target: b2df0000)
[2026-09-06T22:52:59Z INFO  minertim::pool_connection] New job: Cd35ZOCappzrcewh (difficulty: 50000, target: 8b4f0100)
[2026-09-06T22:53:00Z INFO  minertim] H/s 1m:2372.6 5m:2175.0 10m:2167.8 | Shares: 120/0 (found:120) | Diff: 50000 | 1m21s elapsed (since last share, avg 21s) | best=506 target=85899 (999%)
[2026-09-06T22:53:10Z INFO  minertim::pool_connection] New job: oAmcBzzq4hsSImAB (difficulty: 50000, target: 8b4f0100)
[2026-09-06T22:53:10Z INFO  minertim] H/s 1m:2372.6 5m:2177.3 10m:2179.1 | Shares: 120/0 (found:120) | Diff: 50000 | 1m31s elapsed (since last share, avg 21s) | best=506 target=85899 (999%)
[2026-09-06T22:53:20Z INFO  minertim] H/s 1m:2372.6 5m:2179.6 10m:2190.3 | Shares: 120/0 (found:120) | Diff: 50000 | 1m41s elapsed (since last share, avg 21s) | best=506 target=85899 (999%)
[2026-09-06T22:53:27Z INFO  minertim::pool_connection] New job: V0qCKh1DSFpL0FpL (difficulty: 50000, target: 8b4f0100)
[2026-09-06T22:53:30Z INFO  minertim] H/s 1m:2373.6 5m:2182.5 10m:2201.5 | Shares: 120/0 (found:120) | Diff: 50000 | 1m51s elapsed (since last share, avg 21s) | best=506 target=85899 (999%)
[2026-09-06T22:53:30Z INFO  minertim::miner] Worker 1 SHARE FOUND! job_id=V0qCKh1DSFpL0FpL, nonce=bd7cca00, hash_val=7391, difficulty=50000, hash=76b2a49fc982ab1ae8ca3baadcb2080bbe7b4470b3731635a570b132df1c0000
[2026-09-06T22:53:40Z INFO  minertim] H/s 1m:2315.6 5m:2174.8 10m:2199.6 | Shares: 120/0 (found:121) | Diff: 50000 | 9s elapsed (since last share, avg 21s) | best=506 target=85899 (999%)
[2026-09-06T22:53:44Z INFO  minertim::miner] Worker 0 SHARE FOUND! job_id=V0qCKh1DSFpL0FpL, nonce=2c1ec400, hash_val=79481, difficulty=50000, hash=d6a300bb237c3da65c4b858a133aa8126647ef57d2be3b010e3ecedb79360100
[2026-09-06T22:53:47Z INFO  minertim::pool_connection] New job: O4JOFWqBJjsPt460 (difficulty: 50000, target: 8b4f0100)
[2026-09-06T22:53:47Z INFO  minertim::pool_connection] Share accepted by pool
[2026-09-06T22:53:47Z INFO  minertim::pool_connection] Share accepted by pool
[2026-09-06T22:53:50Z INFO  minertim] H/s 1m:2161.8 5m:2156.5 10m:2187.8 | Shares: 122/0 (found:122) | Diff: 50000 | 6s elapsed (since last share, avg 23s) | best=506 target=85899 (999%)
[2026-09-06T22:53:54Z INFO  minertim::pool_connection] Donation: mining to User (donate-level 5%)
[2026-09-06T22:53:54Z INFO  minertim::pool_connection] Connecting to pool: monerohash.com:2222
[2026-09-06T22:53:55Z INFO  minertim::pool_connection] Connected to pool (plain TCP): monerohash.com:2222
[2026-09-06T22:53:55Z INFO  minertim::pool_connection] Login successful, session id: 39Vb3KRbudn5D0tY
[2026-09-06T22:53:55Z INFO  minertim::pool_connection] Initial job: okA8ekcD9DhiyRs3 (difficulty: 50000, target: 8b4f0100)
[2026-09-06T22:54:00Z INFO  minertim] H/s 1m:2131.1 5m:2153.4 10m:2191.2 | Shares: 122/0 (found:122) | Diff: 50000 | 16s elapsed (since last share, avg 23s) | best=506 target=85899 (999%)
[2026-09-06T22:54:07Z INFO  minertim::pool_connection] New job: mC2ORM8Va0cHV00G (difficulty: 50000, target: 8b4f0100)
[2026-09-06T22:54:10Z INFO  minertim] H/s 1m:2130.8 5m:2174.7 10m:2201.7 | Shares: 122/0 (found:122) | Diff: 50000 | 26s elapsed (since last share, avg 23s) | best=506 target=85899 (999%)
[2026-09-06T22:54:12Z INFO  minertim::miner] Worker 1 SHARE FOUND! job_id=mC2ORM8Va0cHV00G, nonce=4d60cb00, hash_val=56922, difficulty=50000, hash=ddc9015f8af4f38713a35d2f4ca43769fb23156c688950ca6280d6625ade0000
[2026-09-06T22:54:20Z INFO  minertim] H/s 1m:2072.3 5m:2176.9 10m:2202.1 | Shares: 122/0 (found:123) | Diff: 50000 | 7s elapsed (since last share, avg 24s) | best=506 target=85899 (999%)
[2026-09-06T22:54:20Z INFO  minertim::miner] Worker 0 SHARE FOUND! job_id=mC2ORM8Va0cHV00G, nonce=6c51c500, hash_val=42439, difficulty=50000, hash=83f58265e13353d1f9ebf8a9c584bdcd5aaeeba0f7a526277b65a2c2c7a50000
[2026-09-06T22:54:26Z INFO  minertim::pool_connection] New job: fCw9zmlO0VWXgB4u (difficulty: 50000, target: 8b4f0100)
[2026-09-06T22:54:26Z INFO  minertim::pool_connection] Share accepted by pool
[2026-09-06T22:54:26Z INFO  minertim::pool_connection] Share accepted by pool
[2026-09-06T22:54:27Z INFO  minertim::miner] Worker 1 SHARE FOUND! job_id=fCw9zmlO0VWXgB4u, nonce=1168cb00, hash_val=13161, difficulty=50000, hash=d5feffae6b326ba62434cb3c8c2916f584cf46241912e03c28cca60e69330000
[2026-09-06T22:54:30Z INFO  minertim] H/s 1m:1927.0 5m:2164.1 10m:2195.9 | Shares: 124/0 (found:125) | Diff: 50000 | 2s elapsed (since last share, avg 25s) | best=506 target=85899 (999%)
[2026-09-06T22:54:40Z INFO  minertim] H/s 1m:1964.4 5m:2152.3 10m:2187.0 | Shares: 124/0 (found:125) | Diff: 50000 | 12s elapsed (since last share, avg 25s) | best=506 target=85899 (999%)
[2026-09-06T22:54:42Z INFO  minertim::miner] Worker 3 SHARE FOUND! job_id=fCw9zmlO0VWXgB4u, nonce=67efc900, hash_val=32468, difficulty=50000, hash=7afd72717782c364aa944faa761701ce583cfff1023097e8486f71d6d47e0000
[2026-09-06T22:54:46Z INFO  minertim::pool_connection] New job: yJhP5PyxglJhGzqV (difficulty: 50000, target: 8b4f0100)
[2026-09-06T22:54:46Z INFO  minertim::pool_connection] Share accepted by pool
[2026-09-06T22:54:46Z INFO  minertim::pool_connection] Share accepted by pool
[2026-09-06T22:54:50Z INFO  minertim] H/s 1m:1804.9 5m:2131.4 10m:2172.1 | Shares: 126/0 (found:126) | Diff: 50000 | 8s elapsed (since last share, avg 27s) | best=506 target=85899 (999%)
[2026-09-06T22:54:55Z INFO  minertim::pool_connection] New job: MA05KIWgs8ra1v5M (difficulty: 75000, target: b2df0000)
[2026-09-06T22:55:00Z INFO  minertim] H/s 1m:1805.1 5m:2146.8 10m:2173.3 | Shares: 126/0 (found:126) | Diff: 75000 | 18s elapsed (since last share, avg 41s) | best=506 target=57266 (999%)
[2026-09-06T22:55:06Z INFO  minertim::pool_connection] New job: g1YDljzae6EwPs61 (difficulty: 75000, target: b2df0000)
[2026-09-06T22:55:10Z INFO  minertim] H/s 1m:1862.8 5m:2149.4 10m:2174.6 | Shares: 126/0 (found:126) | Diff: 75000 | 28s elapsed (since last share, avg 40s) | best=506 target=57266 (999%)
[2026-09-06T22:55:20Z INFO  minertim] H/s 1m:2065.7 5m:2161.2 10m:2175.8 | Shares: 126/0 (found:126) | Diff: 75000 | 38s elapsed (since last share, avg 36s) | best=506 target=57266 (999%)
[2026-09-06T22:55:26Z INFO  minertim::pool_connection] New job: oz3OM3FjHaJ3g2dq (difficulty: 75000, target: b2df0000)
[2026-09-06T22:55:29Z INFO  minertim::miner] Worker 0 SHARE FOUND! job_id=oz3OM3FjHaJ3g2dq, nonce=f09dc700, hash_val=29069, difficulty=75000, hash=7c58303eafa804d78b9aa4fae9a6d2a7fd5303d7001eaf7452360c908d710000
[2026-09-06T22:55:30Z INFO  minertim] H/s 1m:2182.0 5m:2182.4 10m:2177.0 | Shares: 126/0 (found:127) | Diff: 75000 | 0s elapsed (since last share, avg 34s) | best=506 target=57266 (999%)
[2026-09-06T22:55:40Z INFO  minertim] H/s 1m:2255.5 5m:2176.4 10m:2168.2 | Shares: 126/0 (found:127) | Diff: 75000 | 10s elapsed (since last share, avg 33s) | best=506 target=57266 (999%)
[2026-09-06T22:55:41Z INFO  minertim::miner] Worker 1 SHARE FOUND! job_id=oz3OM3FjHaJ3g2dq, nonce=496ccd00, hash_val=45697, difficulty=75000, hash=1204f5fed7247d07dbbdaad72ee8e881dc870137c05ba70d30a03f3181b20000
[2026-09-06T22:55:44Z INFO  minertim::pool_connection] New job: l22Ep3nv8ecHFO3I (difficulty: 75000, target: b2df0000)
[2026-09-06T22:55:44Z INFO  minertim::pool_connection] Share accepted by pool
[2026-09-06T22:55:45Z INFO  minertim::pool_connection] Share accepted by pool
[2026-09-06T22:55:50Z INFO  minertim] H/s 1m:2205.1 5m:2170.3 10m:2164.8 | Shares: 128/0 (found:128) | Diff: 75000 | 8s elapsed (since last share, avg 34s) | best=506 target=57266 (999%)
[2026-09-06T22:55:55Z INFO  minertim::pool_connection] New job: 0YsEe7QXkldOwcn4 (difficulty: 112501, target: 21950000)
[2026-09-06T22:56:00Z INFO  minertim] H/s 1m:2205.7 5m:2173.0 10m:2165.9 | Shares: 128/0 (found:128) | Diff: 112501 | 18s elapsed (since last share, avg 51s) | best=506 target=38177 (999%)
[2026-09-06T22:56:04Z INFO  minertim::pool_connection] New job: EGlws0UV6hNo0Y1m (difficulty: 112501, target: 21950000)
[2026-09-06T22:56:10Z INFO  minertim] H/s 1m:2205.2 5m:2175.1 10m:2166.8 | Shares: 128/0 (found:128) | Diff: 112501 | 28s elapsed (since last share, avg 51s) | best=506 target=38177 (999%)
[2026-09-06T22:56:20Z INFO  minertim] H/s 1m:2205.2 5m:2182.2 10m:2168.2 | Shares: 128/0 (found:128) | Diff: 112501 | 38s elapsed (since last share, avg 51s) | best=506 target=38177 (999%)
[2026-09-06T22:56:20Z INFO  minertim::miner] Worker 1 SHARE FOUND! job_id=EGlws0UV6hNo0Y1m, nonce=b9bcce00, hash_val=35249, difficulty=112501, hash=5c7546ee3846dc13515c52046c767de501600366f13feffe83963f06b1890000
[2026-09-06T22:56:24Z INFO  minertim::pool_connection] New job: t0NG2oY1bT8SDtPx (difficulty: 112501, target: 21950000)
[2026-09-06T22:56:24Z INFO  minertim::pool_connection] Share accepted by pool
[2026-09-06T22:56:28Z INFO  minertim::miner] Worker 1 SHARE FOUND! job_id=t0NG2oY1bT8SDtPx, nonce=9ddfce00, hash_val=5668, difficulty=112501, hash=c476f51935d99886e529d926ca7f051b8e653df6807f8073e0ccf3b824160000
[2026-09-06T22:56:30Z INFO  minertim] H/s 1m:2258.6 5m:2181.5 10m:2163.8 | Shares: 129/0 (found:130) | Diff: 112501 | 2s elapsed (since last share, avg 49s) | best=506 target=38177 (999%)
[2026-09-06T22:56:40Z INFO  minertim] H/s 1m:2192.0 5m:2173.1 10m:2154.8 | Shares: 129/0 (found:130) | Diff: 112501 | 12s elapsed (since last share, avg 51s) | best=506 target=38177 (999%)
[2026-09-06T22:56:44Z INFO  minertim::pool_connection] New job: lnHsrbgVd96hIZbj (difficulty: 112501, target: 21950000)
[2026-09-06T22:56:44Z INFO  minertim::pool_connection] Share accepted by pool
[2026-09-06T22:56:50Z INFO  minertim] H/s 1m:2178.8 5m:2170.9 10m:2155.1 | Shares: 130/0 (found:130) | Diff: 112501 | 22s elapsed (since last share, avg 51s) | best=506 target=38177 (999%)
[2026-09-06T22:56:55Z INFO  minertim::pool_connection] New job: e8lRRSv4Jpro9OuB (difficulty: 168754, target: 6b630000)
[2026-09-06T22:57:00Z INFO  minertim] H/s 1m:2179.6 5m:2170.9 10m:2156.3 | Shares: 130/0 (found:130) | Diff: 168754 | 32s elapsed (since last share, avg 1m17s) | best=506 target=25451 (999%)
[2026-09-06T22:57:04Z INFO  minertim::pool_connection] New job: O0DcRDpo2IvkAdhw (difficulty: 168754, target: 6b630000)
[2026-09-06T22:57:10Z INFO  minertim] H/s 1m:2180.1 5m:2171.0 10m:2162.2 | Shares: 130/0 (found:130) | Diff: 168754 | 42s elapsed (since last share, avg 1m17s) | best=506 target=25451 (999%)
[2026-09-06T22:57:20Z INFO  minertim] H/s 1m:2244.3 5m:2171.1 10m:2171.4 | Shares: 130/0 (found:130) | Diff: 168754 | 52s elapsed (since last share, avg 1m15s) | best=506 target=25451 (999%)
[2026-09-06T22:57:23Z INFO  minertim::pool_connection] New job: h0pSQlSAHOlIknk8 (difficulty: 168754, target: 6b630000)
[2026-09-06T22:57:30Z INFO  minertim] H/s 1m:2362.2 5m:2171.3 10m:2172.7 | Shares: 130/0 (found:130) | Diff: 168754 | 1m2s elapsed (since last share, avg 1m11s) | best=506 target=25451 (999%)
[2026-09-06T22:57:40Z INFO  minertim] H/s 1m:2376.1 5m:2171.5 10m:2174.1 | Shares: 130/0 (found:130) | Diff: 168754 | 1m12s elapsed (since last share, avg 1m11s) | best=506 target=25451 (999%)
[2026-09-06T22:57:43Z INFO  minertim::pool_connection] New job: jAevL2agU6viL7C9 (difficulty: 168754, target: 6b630000)
[2026-09-06T22:57:50Z INFO  minertim] H/s 1m:2376.0 5m:2171.4 10m:2175.3 | Shares: 130/0 (found:130) | Diff: 168754 | 1m22s elapsed (since last share, avg 1m11s) | best=506 target=25451 (999%)
[2026-09-06T22:57:55Z INFO  minertim::pool_connection] New job: fX0ZnKF1Wlbrt7Yd (difficulty: 106954, target: dd9c0000)
[2026-09-06T22:58:00Z INFO  minertim] H/s 1m:2371.8 5m:2170.9 10m:2176.3 | Shares: 130/0 (found:130) | Diff: 106954 | 1m32s elapsed (since last share, avg 45s) | best=506 target=40157 (999%)
[2026-09-06T22:58:03Z INFO  minertim::pool_connection] New job: WbCJcjHBmpklNngV (difficulty: 106954, target: dd9c0000)
[2026-09-06T22:58:10Z INFO  minertim] H/s 1m:2362.1 5m:2169.3 10m:2176.7 | Shares: 130/0 (found:130) | Diff: 106954 | 1m42s elapsed (since last share, avg 45s) | best=506 target=40157 (999%)
[2026-09-06T22:58:12Z INFO  minertim::miner] Worker 3 SHARE FOUND! job_id=WbCJcjHBmpklNngV, nonce=af64d100, hash_val=10759, difficulty=106954, hash=6418b6ee2939c747cdb5facdd0ae4cc3cd7d1b003b92c91f6c15c295072a0000
[2026-09-06T22:58:12Z INFO  minertim::miner] Worker 2 SHARE FOUND! job_id=WbCJcjHBmpklNngV, nonce=5a18cf00, hash_val=20632, difficulty=106954, hash=16cf100466b5275c271754b4e2e996010e6dc476c1d87a335c5b674198500000
[2026-09-06T22:58:12Z INFO  minertim::pool_connection] Share accepted by pool
[2026-09-06T22:58:12Z INFO  minertim::pool_connection] Share accepted by pool
[2026-09-06T22:58:20Z INFO  minertim] H/s 1m:2345.5 5m:2166.5 10m:2176.5 | Shares: 132/0 (found:132) | Diff: 106954 | 7s elapsed (since last share, avg 45s) | best=506 target=40157 (999%)
[2026-09-06T22:58:23Z INFO  minertim::pool_connection] New job: TK3ZN24GEm5mZd10 (difficulty: 106954, target: dd9c0000)
[2026-09-06T22:58:25Z INFO  minertim::pool_connection] New job: K1nT1XxlaRn1UM8s (difficulty: 160433, target: 93680000)
[2026-09-06T22:58:30Z INFO  minertim] H/s 1m:2335.1 5m:2174.8 10m:2177.1 | Shares: 132/0 (found:132) | Diff: 160433 | 17s elapsed (since last share, avg 1m8s) | best=506 target=26771 (999%)
[2026-09-06T22:58:40Z INFO  minertim] H/s 1m:2328.4 5m:2200.2 10m:2177.6 | Shares: 132/0 (found:132) | Diff: 160433 | 27s elapsed (since last share, avg 1m8s) | best=506 target=26771 (999%)
[2026-09-06T22:58:43Z INFO  minertim::pool_connection] New job: t9Wofuoep3iJTxN7 (difficulty: 160433, target: 93680000)
[2026-09-06T22:58:50Z INFO  minertim] H/s 1m:2318.2 5m:2203.1 10m:2180.4 | Shares: 132/0 (found:132) | Diff: 160433 | 37s elapsed (since last share, avg 1m9s) | best=506 target=26771 (999%)
[2026-09-06T22:58:55Z INFO  minertim::miner] Worker 1 SHARE FOUND! job_id=t9Wofuoep3iJTxN7, nonce=1196d300, hash_val=5508, difficulty=160433, hash=0c9e59a00f734629fd835da750715c3d75ab4b8a0a6fb6d32aaa2d8d84150000
[2026-09-06T22:58:57Z INFO  minertim::pool_connection] Share accepted by pool
[2026-09-06T22:59:00Z INFO  minertim] H/s 1m:2286.8 5m:2196.2 10m:2178.1 | Shares: 133/0 (found:133) | Diff: 160433 | 5s elapsed (since last share, avg 1m10s) | best=506 target=26771 (999%)
[2026-09-06T22:59:03Z INFO  minertim::pool_connection] New job: kIaCG7M5lzP5Xxzv (difficulty: 160433, target: 93680000)
[2026-09-06T22:59:10Z INFO  minertim] H/s 1m:2298.7 5m:2205.5 10m:2188.3 | Shares: 133/0 (found:133) | Diff: 160433 | 15s elapsed (since last share, avg 1m9s) | best=506 target=26771 (999%)
[2026-09-06T22:59:14Z INFO  minertim::pool_connection] New job: zp4DY0cMXY5Bvt9f (difficulty: 160433, target: 93680000)
[2026-09-06T22:59:20Z INFO  minertim] H/s 1m:2306.4 5m:2240.2 10m:2194.2 | Shares: 133/0 (found:133) | Diff: 160433 | 25s elapsed (since last share, avg 1m9s) | best=506 target=26771 (999%)
[2026-09-06T22:59:30Z INFO  minertim] H/s 1m:2313.4 5m:2260.3 10m:2205.1 | Shares: 133/0 (found:133) | Diff: 160433 | 35s elapsed (since last share, avg 1m9s) | best=506 target=26771 (999%)
[2026-09-06T22:59:34Z INFO  minertim::pool_connection] New job: cUWjbIjiqsHiZIAG (difficulty: 160433, target: 93680000)
[2026-09-06T22:59:40Z INFO  minertim] H/s 1m:2327.7 5m:2293.3 10m:2209.2 | Shares: 133/0 (found:133) | Diff: 160433 | 45s elapsed (since last share, avg 1m8s) | best=506 target=26771 (999%)
[2026-09-06T22:59:50Z INFO  minertim] H/s 1m:2368.8 5m:2293.4 10m:2215.1 | Shares: 133/0 (found:133) | Diff: 160433 | 55s elapsed (since last share, avg 1m7s) | best=506 target=26771 (999%)
[2026-09-06T22:59:54Z INFO  minertim::pool_connection] New job: Hg3nE4xlw0e2DDO9 (difficulty: 160433, target: 93680000)
[2026-09-06T23:00:00Z INFO  minertim] H/s 1m:2373.4 5m:2293.6 10m:2222.8 | Shares: 133/0 (found:133) | Diff: 160433 | 1m5s elapsed (since last share, avg 1m7s) | best=506 target=26771 (999%)
[2026-09-06T23:00:10Z INFO  minertim] H/s 1m:2373.2 5m:2293.3 10m:2223.9 | Shares: 133/0 (found:133) | Diff: 160433 | 1m15s elapsed (since last share, avg 1m7s) | best=506 target=26771 (999%)
[2026-09-06T23:00:14Z INFO  minertim::pool_connection] New job: RcW1O2RG2ykRju1h (difficulty: 160433, target: 93680000)
[2026-09-06T23:00:20Z INFO  minertim] H/s 1m:2373.3 5m:2293.3 10m:2229.8 | Shares: 133/0 (found:133) | Diff: 160433 | 1m25s elapsed (since last share, avg 1m7s) | best=506 target=26771 (999%)
[2026-09-06T23:00:25Z INFO  minertim::pool_connection] New job: iahQh6xUefhgjJH4 (difficulty: 108562, target: 8a9a0000)
[2026-09-06T23:00:30Z INFO  minertim] H/s 1m:2373.5 5m:2313.6 10m:2240.2 | Shares: 133/0 (found:133) | Diff: 108562 | 1m35s elapsed (since last share, avg 45s) | best=506 target=39562 (999%)
[2026-09-06T23:00:34Z INFO  minertim::pool_connection] New job: vLuIvjth8Ug3g0x5 (difficulty: 108562, target: 8a9a0000)
[2026-09-06T23:00:40Z INFO  minertim] H/s 1m:2373.7 5m:2322.5 10m:2247.3 | Shares: 133/0 (found:133) | Diff: 108562 | 1m45s elapsed (since last share, avg 45s) | best=506 target=39562 (999%)
[2026-09-06T23:00:50Z INFO  minertim] H/s 1m:2374.0 5m:2322.6 10m:2248.6 | Shares: 133/0 (found:133) | Diff: 108562 | 1m55s elapsed (since last share, avg 45s) | best=506 target=39562 (999%)
[2026-09-06T23:00:55Z INFO  minertim::pool_connection] New job: rDwq7omOwotDfb7O (difficulty: 108562, target: 8a9a0000)
[2026-09-06T23:01:00Z INFO  minertim] H/s 1m:2377.2 5m:2322.9 10m:2250.0 | Shares: 133/0 (found:133) | Diff: 108562 | 2m5s elapsed (since last share, avg 45s) | best=506 target=39562 (999%)
[2026-09-06T23:01:10Z INFO  minertim] H/s 1m:2378.1 5m:2323.1 10m:2251.2 | Shares: 133/0 (found:133) | Diff: 108562 | 2m15s elapsed (since last share, avg 45s) | best=506 target=39562 (999%)
[2026-09-06T23:01:14Z INFO  minertim::pool_connection] New job: sjpqTwPdqoVswhAT (difficulty: 108562, target: 8a9a0000)
[2026-09-06T23:01:20Z INFO  minertim] H/s 1m:2378.1 5m:2334.2 10m:2254.7 | Shares: 133/0 (found:133) | Diff: 108562 | 2m25s elapsed (since last share, avg 45s) | best=506 target=39562 (999%)
[2026-09-06T23:01:25Z INFO  minertim::pool_connection] New job: a9jYiGXy8gM1I0xV (difficulty: 81422, target: 0dce0000)
[2026-09-06T23:01:30Z INFO  minertim] H/s 1m:2374.6 5m:2353.9 10m:2259.6 | Shares: 133/0 (found:133) | Diff: 81422 | 2m35s elapsed (since last share, avg 34s) | best=506 target=52749 (999%)
[2026-09-06T23:01:33Z INFO  minertim::pool_connection] New job: 00FksBvBtm9RMRDJ (difficulty: 81422, target: 0dce0000)
[2026-09-06T23:01:40Z INFO  minertim] H/s 1m:2346.9 5m:2351.6 10m:2263.1 | Shares: 133/0 (found:133) | Diff: 81422 | 2m45s elapsed (since last share, avg 34s) | best=506 target=52749 (999%)
[2026-09-06T23:01:50Z INFO  minertim] H/s 1m:2319.6 5m:2347.0 10m:2260.9 | Shares: 133/0 (found:133) | Diff: 81422 | 2m55s elapsed (since last share, avg 35s) | best=506 target=52749 (999%)
[2026-09-06T23:01:53Z INFO  minertim::pool_connection] New job: rfXYu7GLjLi00KnK (difficulty: 81422, target: 0dce0000)
[2026-09-06T23:02:00Z INFO  minertim] H/s 1m:2289.1 5m:2341.9 10m:2258.4 | Shares: 133/0 (found:133) | Diff: 81422 | 3m5s elapsed (since last share, avg 35s) | best=506 target=52749 (999%)
[2026-09-06T23:02:10Z INFO  minertim] H/s 1m:2258.1 5m:2336.6 10m:2255.9 | Shares: 133/0 (found:133) | Diff: 81422 | 3m15s elapsed (since last share, avg 36s) | best=506 target=52749 (999%)
[2026-09-06T23:02:11Z INFO  minertim::pool_connection] New job: sO8chDLWGM0Y2IUD (difficulty: 81422, target: 0dce0000)
[2026-09-06T23:02:20Z INFO  minertim] H/s 1m:2233.8 5m:2331.8 10m:2253.6 | Shares: 133/0 (found:133) | Diff: 81422 | 3m25s elapsed (since last share, avg 36s) | best=506 target=52749 (999%)
[2026-09-06T23:02:25Z INFO  minertim::pool_connection] New job: lMVHpQNOEFGCZ3AI (difficulty: 61067, target: bc120100)
[2026-09-06T23:02:30Z INFO  minertim] H/s 1m:2234.0 5m:2327.1 10m:2251.4 | Shares: 133/0 (found:133) | Diff: 61067 | 3m35s elapsed (since last share, avg 27s) | best=506 target=70332 (999%)
[2026-09-06T23:02:31Z INFO  minertim::pool_connection] New job: 3YeJIz6P5FWMiQvL (difficulty: 61067, target: bc120100)
[2026-09-06T23:02:37Z INFO  minertim::miner] Worker 0 SHARE FOUND! job_id=3YeJIz6P5FWMiQvL, nonce=c85dd600, hash_val=36761, difficulty=61067, hash=075f3fa920cbe649383910dc890ebd80fb657683a77e26461c033473998f0000
[2026-09-06T23:02:40Z INFO  minertim] H/s 1m:2177.4 5m:2312.8 10m:2244.3 | Shares: 133/0 (found:134) | Diff: 61067 | 3s elapsed (since last share, avg 28s) | best=506 target=70332 (999%)
[2026-09-06T23:02:47Z INFO  minertim::miner] Worker 2 SHARE FOUND! job_id=3YeJIz6P5FWMiQvL, nonce=82dcd800, hash_val=40087, difficulty=61067, hash=aa02c516b900e42abf091ae228dff9e88319389eef12265285c24d4d979c0000
[2026-09-06T23:02:50Z INFO  minertim] H/s 1m:2075.1 5m:2290.8 10m:2233.2 | Shares: 133/0 (found:135) | Diff: 61067 | 2s elapsed (since last share, avg 29s) | best=506 target=70332 (999%)
[2026-09-06T23:02:51Z INFO  minertim::pool_connection] New job: m072xOCc3q2TRLPz (difficulty: 61067, target: bc120100)
[2026-09-06T23:02:51Z INFO  minertim::pool_connection] Share accepted by pool
[2026-09-06T23:02:52Z INFO  minertim::pool_connection] Share accepted by pool
[2026-09-06T23:02:52Z INFO  minertim::miner] Worker 3 SHARE FOUND! job_id=m072xOCc3q2TRLPz, nonce=e754db00, hash_val=57154, difficulty=61067, hash=a4fa4b89faaf2946166dc58ad2c477f8c37ac7ebb92d377dabbc989942df0000
[2026-09-06T23:02:55Z INFO  minertim::pool_connection] New job: AN3sjaQaTlc10tkB (difficulty: 91602, target: 27b70000)
[2026-09-06T23:02:55Z INFO  minertim::pool_connection] Share accepted by pool
[2026-09-06T23:03:00Z INFO  minertim] H/s 1m:1986.3 5m:2271.8 10m:2223.1 | Shares: 136/0 (found:136) | Diff: 91602 | 8s elapsed (since last share, avg 46s) | best=506 target=46887 (999%)
[2026-09-06T23:03:06Z INFO  minertim::miner] Worker 1 SHARE FOUND! job_id=AN3sjaQaTlc10tkB, nonce=3568dc00, hash_val=22770, difficulty=91602, hash=1989273dba6de1244ff1361cde5ba01d5c2fcd334b903de93a1267dcf2580000
[2026-09-06T23:03:10Z INFO  minertim] H/s 1m:1931.7 5m:2260.4 10m:2216.2 | Shares: 136/0 (found:137) | Diff: 91602 | 4s elapsed (since last share, avg 47s) | best=506 target=46887 (999%)
[2026-09-06T23:03:11Z INFO  minertim::pool_connection] New job: 1JVlH3mxXRM6ZHYf (difficulty: 91602, target: 27b70000)
[2026-09-06T23:03:11Z INFO  minertim::pool_connection] Share accepted by pool
[2026-09-06T23:03:20Z INFO  minertim] H/s 1m:1900.1 5m:2252.1 10m:2211.3 | Shares: 137/0 (found:137) | Diff: 91602 | 14s elapsed (since last share, avg 48s) | best=506 target=46887 (999%)
[2026-09-06T23:03:25Z INFO  minertim::pool_connection] New job: fFMHRKL9fSdNXGb6 (difficulty: 137403, target: 1a7a0000)
[2026-09-06T23:03:30Z INFO  minertim] H/s 1m:1956.4 5m:2248.6 10m:2213.9 | Shares: 137/0 (found:137) | Diff: 137403 | 24s elapsed (since last share, avg 1m10s) | best=506 target=31258 (999%)
[2026-09-06T23:03:31Z INFO  minertim::pool_connection] New job: ODo7NtzFMJcBSdSZ (difficulty: 137403, target: 1a7a0000)
[2026-09-06T23:03:40Z INFO  minertim] H/s 1m:2060.8 5m:2246.4 10m:2224.6 | Shares: 137/0 (found:137) | Diff: 137403 | 34s elapsed (since last share, avg 1m6s) | best=506 target=31258 (999%)
[2026-09-06T23:03:50Z INFO  minertim] H/s 1m:2153.8 5m:2248.9 10m:2225.1 | Shares: 137/0 (found:137) | Diff: 137403 | 44s elapsed (since last share, avg 1m3s) | best=506 target=31258 (999%)
[2026-09-06T23:03:51Z INFO  minertim::pool_connection] New job: Q0s9BXFLC1vIrOLE (difficulty: 137403, target: 1a7a0000)
[2026-09-06T23:04:00Z INFO  minertim] H/s 1m:2208.3 5m:2244.9 10m:2222.8 | Shares: 137/0 (found:137) | Diff: 137403 | 54s elapsed (since last share, avg 1m2s) | best=506 target=31258 (999%)
[2026-09-06T23:04:10Z INFO  minertim] H/s 1m:2240.3 5m:2240.7 10m:2225.5 | Shares: 137/0 (found:137) | Diff: 137403 | 1m4s elapsed (since last share, avg 1m1s) | best=506 target=31258 (999%)
[2026-09-06T23:04:11Z INFO  minertim::pool_connection] New job: W0XXQfi0a0fvrnmz (difficulty: 137403, target: 1a7a0000)
[2026-09-06T23:04:20Z INFO  minertim] H/s 1m:2240.1 5m:2236.0 10m:2240.5 | Shares: 137/0 (found:137) | Diff: 137403 | 1m14s elapsed (since last share, avg 1m1s) | best=506 target=31258 (999%)
[2026-09-06T23:04:25Z INFO  minertim::pool_connection] New job: n2cvTbjGfMBaPVnl (difficulty: 83556, target: cac80000)
[2026-09-06T23:04:30Z INFO  minertim] H/s 1m:2241.0 5m:2231.5 10m:2248.1 | Shares: 137/0 (found:137) | Diff: 83556 | 1m24s elapsed (since last share, avg 37s) | best=506 target=51402 (999%)
[2026-09-06T23:04:31Z INFO  minertim::pool_connection] New job: IaLTYeYaZxUovyXt (difficulty: 83556, target: cac80000)
[2026-09-06T23:04:40Z INFO  minertim] H/s 1m:2241.5 5m:2226.9 10m:2262.1 | Shares: 137/0 (found:137) | Diff: 83556 | 1m34s elapsed (since last share, avg 37s) | best=506 target=51402 (999%)
[2026-09-06T23:04:44Z INFO  minertim::miner] Worker 3 SHARE FOUND! job_id=IaLTYeYaZxUovyXt, nonce=7f0fdf00, hash_val=32439, difficulty=83556, hash=5f5321509404588a00cb1c28914d25eb7eda1deb1f554f3b74dadb72b77e0000
[2026-09-06T23:04:47Z INFO  minertim::pool_connection] New job: W89lQxTH4dRe32J1 (difficulty: 83556, target: cac80000)
[2026-09-06T23:04:47Z INFO  minertim::pool_connection] Share accepted by pool
[2026-09-06T23:04:50Z INFO  minertim] H/s 1m:2220.1 5m:2218.4 10m:2258.0 | Shares: 138/0 (found:138) | Diff: 83556 | 6s elapsed (since last share, avg 37s) | best=506 target=51402 (999%)
[2026-09-06T23:04:55Z INFO  minertim::pool_connection] New job: EM90pfQt5LR00NNy (difficulty: 125334, target: dc850000)
[2026-09-06T23:05:00Z INFO  minertim] H/s 1m:2221.5 5m:2214.5 10m:2255.9 | Shares: 138/0 (found:138) | Diff: 125334 | 16s elapsed (since last share, avg 56s) | best=506 target=34268 (999%)
[2026-09-06T23:05:06Z INFO  minertim::miner] Worker 0 SHARE FOUND! job_id=EM90pfQt5LR00NNy, nonce=24fcda00, hash_val=26473, difficulty=125334, hash=6898eee3a94e55acb92ddbd9c1c4760397cb2d126b897dfb19b5f42b69670000
[2026-09-06T23:05:07Z INFO  minertim::pool_connection] New job: 7c4mtalkuUZs4JZ9 (difficulty: 125334, target: dc850000)
[2026-09-06T23:05:07Z INFO  minertim::pool_connection] Share accepted by pool
[2026-09-06T23:05:10Z INFO  minertim] H/s 1m:2218.1 5m:2209.3 10m:2253.4 | Shares: 139/0 (found:139) | Diff: 125334 | 4s elapsed (since last share, avg 56s) | best=506 target=34268 (999%)
[2026-09-06T23:05:19Z INFO  minertim::miner] Worker 1 SHARE FOUND! job_id=7c4mtalkuUZs4JZ9, nonce=19c8e000, hash_val=17043, difficulty=125334, hash=7762b3318317417eacbb5b6e30514af30e12370a7f23f38915adc2d993420000
[2026-09-06T23:05:20Z INFO  minertim] H/s 1m:2218.1 5m:2204.7 10m:2251.2 | Shares: 139/0 (found:140) | Diff: 125334 | 1s elapsed (since last share, avg 56s) | best=506 target=34268 (999%)
[2026-09-06T23:05:25Z INFO  minertim::pool_connection] New job: dGzL7u6uWIcU7DFF (difficulty: 188004, target: 3d590000)
[2026-09-06T23:05:25Z INFO  minertim::pool_connection] Share accepted by pool
[2026-09-06T23:05:27Z INFO  minertim::pool_connection] New job: b909igkw5PG0pCi2 (difficulty: 188004, target: 3d590000)
[2026-09-06T23:05:30Z INFO  minertim] H/s 1m:2196.0 5m:2196.3 10m:2257.0 | Shares: 140/0 (found:140) | Diff: 188004 | 11s elapsed (since last share, avg 1m25s) | best=506 target=22845 (999%)
[2026-09-06T23:05:40Z INFO  minertim] H/s 1m:2217.5 5m:2191.4 10m:2259.0 | Shares: 140/0 (found:140) | Diff: 188004 | 21s elapsed (since last share, avg 1m24s) | best=506 target=22845 (999%)
[2026-09-06T23:05:47Z INFO  minertim::pool_connection] New job: UqxPHjjVmwhdgTEd (difficulty: 188004, target: 3d590000)
[2026-09-06T23:05:50Z INFO  minertim] H/s 1m:2215.3 5m:2186.6 10m:2256.7 | Shares: 140/0 (found:140) | Diff: 188004 | 31s elapsed (since last share, avg 1m24s) | best=506 target=22845 (999%)
[2026-09-06T23:05:55Z INFO  minertim::pool_connection] New job: yrquy0WbgXN3PZGg (difficulty: 282007, target: 7e3b0000)
[2026-09-06T23:06:00Z INFO  minertim] H/s 1m:2220.6 5m:2182.1 10m:2254.7 | Shares: 140/0 (found:140) | Diff: 282007 | 41s elapsed (since last share, avg 2m6s) | best=506 target=15230 (999%)
[2026-09-06T23:06:07Z INFO  minertim::pool_connection] New job: CfpBvPpdfpk0kFvg (difficulty: 282007, target: 7e3b0000)
[2026-09-06T23:06:10Z INFO  minertim] H/s 1m:2220.9 5m:2177.6 10m:2252.5 | Shares: 140/0 (found:140) | Diff: 282007 | 51s elapsed (since last share, avg 2m6s) | best=506 target=15230 (999%)
[2026-09-06T23:06:20Z INFO  minertim] H/s 1m:2242.5 5m:2173.5 10m:2255.6 | Shares: 140/0 (found:140) | Diff: 282007 | 1m1s elapsed (since last share, avg 2m5s) | best=506 target=15230 (999%)
[2026-09-06T23:06:25Z INFO  minertim::pool_connection] New job: w8ymNAjYpdODYUBW (difficulty: 211501, target: 534f0000)
[2026-09-06T23:06:27Z INFO  minertim::pool_connection] New job: 1K1gH2xHnpND6FpU (difficulty: 211501, target: 534f0000)
[2026-09-06T23:06:30Z INFO  minertim] H/s 1m:2243.4 5m:2173.6 10m:2263.4 | Shares: 140/0 (found:140) | Diff: 211501 | 1m11s elapsed (since last share, avg 1m34s) | best=506 target=20307 (999%)
[2026-09-06T23:06:33Z INFO  minertim::miner] Worker 0 SHARE FOUND! job_id=1K1gH2xHnpND6FpU, nonce=4cefdd00, hash_val=10798, difficulty=211501, hash=ac057e1b04a9cfec182911a38fcdb3387959d30c273a39dbf2fd21d22e2a0000
[2026-09-06T23:06:40Z INFO  minertim] H/s 1m:2191.2 5m:2164.5 10m:2257.8 | Shares: 140/0 (found:141) | Diff: 211501 | 7s elapsed (since last share, avg 1m36s) | best=506 target=20307 (999%)
[2026-09-06T23:06:46Z INFO  minertim::pool_connection] New job: Z0wJMjq06USLP0Vm (difficulty: 211501, target: 534f0000)
[2026-09-06T23:06:47Z INFO  minertim::pool_connection] Share accepted by pool
[2026-09-06T23:06:50Z INFO  minertim] H/s 1m:2094.0 5m:2148.5 10m:2247.4 | Shares: 141/0 (found:141) | Diff: 211501 | 17s elapsed (since last share, avg 1m41s) | best=506 target=20307 (999%)
[2026-09-06T23:06:51Z INFO  minertim::miner] Worker 2 SHARE FOUND! job_id=Z0wJMjq06USLP0Vm, nonce=c218e100, hash_val=14066, difficulty=211501, hash=71f63fd33748c83455b89907964fb88b6b36856ed4cbf05b38ed8eb5f2360000
[2026-09-06T23:06:55Z INFO  minertim::pool_connection] New job: 2n3r0D6LtMcFkBZl (difficulty: 317252, target: e2340000)
[2026-09-06T23:06:55Z INFO  minertim::pool_connection] Share accepted by pool
[2026-09-06T23:07:00Z INFO  minertim] H/s 1m:2092.7 5m:2149.0 10m:2245.1 | Shares: 142/0 (found:142) | Diff: 317252 | 9s elapsed (since last share, avg 2m31s) | best=506 target=13538 (999%)
[2026-09-06T23:07:06Z INFO  minertim::pool_connection] New job: nIzFFNxIadSSnkzp (difficulty: 317252, target: e2340000)
[2026-09-06T23:07:10Z INFO  minertim] H/s 1m:2092.5 5m:2149.1 10m:2242.8 | Shares: 142/0 (found:142) | Diff: 317252 | 19s elapsed (since last share, avg 2m31s) | best=506 target=13538 (999%)
[2026-09-06T23:07:20Z INFO  minertim] H/s 1m:2092.8 5m:2149.2 10m:2240.5 | Shares: 142/0 (found:142) | Diff: 317252 | 29s elapsed (since last share, avg 2m31s) | best=506 target=13538 (999%)
[2026-09-06T23:07:25Z INFO  minertim::pool_connection] New job: 0NEclgc2op0yijTD (difficulty: 475896, target: 41230000)
[2026-09-06T23:07:26Z INFO  minertim::pool_connection] New job: QtXDBEpq7tPW8z18 (difficulty: 475896, target: 41230000)
[2026-09-06T23:07:30Z INFO  minertim] H/s 1m:2144.2 5m:2158.8 10m:2238.1 | Shares: 142/0 (found:142) | Diff: 475896 | 39s elapsed (since last share, avg 3m41s) | best=506 target=9025 (999%)
[2026-09-06T23:07:40Z INFO  minertim] H/s 1m:2239.1 5m:2176.7 10m:2235.8 | Shares: 142/0 (found:142) | Diff: 475896 | 49s elapsed (since last share, avg 3m32s) | best=506 target=9025 (999%)
[2026-09-06T23:07:46Z INFO  minertim::pool_connection] New job: qSdpECYp10NhGjm1 (difficulty: 475896, target: 41230000)
[2026-09-06T23:07:50Z INFO  minertim] H/s 1m:2238.7 5m:2192.6 10m:2233.8 | Shares: 142/0 (found:142) | Diff: 475896 | 59s elapsed (since last share, avg 3m32s) | best=506 target=9025 (999%)
[2026-09-06T23:07:55Z INFO  minertim::pool_connection] New job: yaGeZwHYoKE0DbVY (difficulty: 356932, target: 012f0000)
[2026-09-06T23:08:00Z INFO  minertim] H/s 1m:2238.9 5m:2202.1 10m:2232.3 | Shares: 142/0 (found:142) | Diff: 356932 | 1m9s elapsed (since last share, avg 2m39s) | best=506 target=12033 (999%)
[2026-09-06T23:08:06Z INFO  minertim::pool_connection] New job: QF0310O3qpKCo0WK (difficulty: 356932, target: 012f0000)
[2026-09-06T23:08:10Z INFO  minertim] H/s 1m:2237.4 5m:2207.4 10m:2231.4 | Shares: 142/0 (found:142) | Diff: 356932 | 1m19s elapsed (since last share, avg 2m39s) | best=506 target=12033 (999%)
[2026-09-06T23:08:20Z INFO  minertim] H/s 1m:2238.4 5m:2207.4 10m:2229.9 | Shares: 142/0 (found:142) | Diff: 356932 | 1m29s elapsed (since last share, avg 2m39s) | best=506 target=12033 (999%)
[2026-09-06T23:08:26Z INFO  minertim::pool_connection] New job: loEbCeNC0sVCKMeV (difficulty: 356932, target: 012f0000)
[2026-09-06T23:08:27Z INFO  minertim::miner] Worker 0 SHARE FOUND! job_id=loEbCeNC0sVCKMeV, nonce=4860e100, hash_val=2314, difficulty=356932, hash=d762fde5bd87db50e21b50d1463f18be75200c8f0ab4079d652550ce0a090000
[2026-09-06T23:08:30Z INFO  minertim] H/s 1m:2240.7 5m:2207.7 10m:2228.4 | Shares: 142/0 (found:143) | Diff: 356932 | 3s elapsed (since last share, avg 2m39s) | best=506 target=12033 (999%)
[2026-09-06T23:08:40Z INFO  minertim] H/s 1m:2134.9 5m:2189.3 10m:2218.3 | Shares: 142/0 (found:143) | Diff: 356932 | 13s elapsed (since last share, avg 2m47s) | best=506 target=12033 (999%)
[2026-09-06T23:08:46Z INFO  minertim::pool_connection] New job: JXtkoPBK9L0O0eWJ (difficulty: 356932, target: 012f0000)
[2026-09-06T23:08:46Z INFO  minertim::pool_connection] Share accepted by pool
[2026-09-06T23:08:50Z INFO  minertim] H/s 1m:2032.7 5m:2171.8 10m:2210.8 | Shares: 143/0 (found:143) | Diff: 356932 | 23s elapsed (since last share, avg 2m55s) | best=506 target=12033 (999%)
[2026-09-06T23:09:00Z INFO  minertim] H/s 1m:2032.6 5m:2171.6 10m:2208.8 | Shares: 143/0 (found:143) | Diff: 356932 | 33s elapsed (since last share, avg 2m55s) | best=506 target=12033 (999%)
[2026-09-06T23:09:06Z INFO  minertim::pool_connection] New job: nJntkP5ZnvwkwRXv (difficulty: 356932, target: 012f0000)
[2026-09-06T23:09:10Z INFO  minertim] H/s 1m:2032.7 5m:2171.6 10m:2206.7 | Shares: 143/0 (found:143) | Diff: 356932 | 43s elapsed (since last share, avg 2m55s) | best=506 target=12033 (999%)
[2026-09-06T23:09:20Z INFO  minertim] H/s 1m:2032.3 5m:2171.7 10m:2204.5 | Shares: 143/0 (found:143) | Diff: 356932 | 53s elapsed (since last share, avg 2m55s) | best=506 target=12033 (999%)
[2026-09-06T23:09:25Z INFO  minertim::pool_connection] New job: rRQHjaHRAVbF8nze (difficulty: 356932, target: 012f0000)
[2026-09-06T23:09:30Z INFO  minertim] H/s 1m:2140.1 5m:2171.8 10m:2202.4 | Shares: 143/0 (found:143) | Diff: 356932 | 1m3s elapsed (since last share, avg 2m46s) | best=506 target=12033 (999%)
[2026-09-06T23:09:40Z INFO  minertim] H/s 1m:2241.6 5m:2175.5 10m:2200.0 | Shares: 143/0 (found:143) | Diff: 356932 | 1m13s elapsed (since last share, avg 2m39s) | best=506 target=12033 (999%)
[2026-09-06T23:09:45Z INFO  minertim::pool_connection] New job: Zr9We6gIg4R1j1Kf (difficulty: 356932, target: 012f0000)
[2026-09-06T23:09:50Z INFO  minertim] H/s 1m:2241.8 5m:2175.1 10m:2197.7 | Shares: 143/0 (found:143) | Diff: 356932 | 1m23s elapsed (since last share, avg 2m39s) | best=506 target=12033 (999%)
[2026-09-06T23:09:55Z INFO  minertim::pool_connection] New job: TolE103g1JJuMTQ3 (difficulty: 267682, target: ad3e0000)
[2026-09-06T23:10:00Z INFO  minertim] H/s 1m:2241.3 5m:2175.6 10m:2195.5 | Shares: 143/0 (found:143) | Diff: 267682 | 1m33s elapsed (since last share, avg 1m59s) | best=506 target=16045 (999%)
[2026-09-06T23:10:05Z INFO  minertim::pool_connection] New job: oFI5faEoCxuyTMVe (difficulty: 267682, target: ad3e0000)
[2026-09-06T23:10:10Z INFO  minertim] H/s 1m:2238.7 5m:2175.3 10m:2193.1 | Shares: 143/0 (found:143) | Diff: 267682 | 1m43s elapsed (since last share, avg 1m59s) | best=506 target=16045 (999%)
[2026-09-06T23:10:20Z INFO  minertim] H/s 1m:2237.2 5m:2178.9 10m:2190.8 | Shares: 143/0 (found:143) | Diff: 267682 | 1m53s elapsed (since last share, avg 1m59s) | best=506 target=16045 (999%)
[2026-09-06T23:10:25Z INFO  minertim::pool_connection] New job: cRPAYtiQEgp6d0jo (difficulty: 267682, target: ad3e0000)
[2026-09-06T23:10:30Z INFO  minertim] H/s 1m:2237.5 5m:2179.0 10m:2188.5 | Shares: 143/0 (found:143) | Diff: 267682 | 2m3s elapsed (since last share, avg 1m59s) | best=506 target=16045 (999%)
[2026-09-06T23:10:40Z INFO  minertim] H/s 1m:2237.9 5m:2179.0 10m:2186.1 | Shares: 143/0 (found:143) | Diff: 267682 | 2m13s elapsed (since last share, avg 1m59s) | best=506 target=16045 (999%)
[2026-09-06T23:10:45Z INFO  minertim::pool_connection] New job: K4KyBs0F3g72TbsB (difficulty: 267682, target: ad3e0000)
[2026-09-06T23:10:50Z INFO  minertim] H/s 1m:2238.8 5m:2178.7 10m:2183.8 | Shares: 143/0 (found:143) | Diff: 267682 | 2m23s elapsed (since last share, avg 1m59s) | best=506 target=16045 (999%)
[2026-09-06T23:10:55Z INFO  minertim::pool_connection] New job: IU00itdbDhD0ixEo (difficulty: 200765, target: 91530000)
[2026-09-06T23:11:00Z INFO  minertim] H/s 1m:2240.4 5m:2178.6 10m:2181.5 | Shares: 143/0 (found:143) | Diff: 200765 | 2m33s elapsed (since last share, avg 1m29s) | best=506 target=21393 (999%)
[2026-09-06T23:11:05Z INFO  minertim::pool_connection] New job: FwvjyBbCMLoDR13j (difficulty: 200765, target: 91530000)
[2026-09-06T23:11:10Z INFO  minertim] H/s 1m:2240.6 5m:2178.6 10m:2179.2 | Shares: 143/0 (found:143) | Diff: 200765 | 2m43s elapsed (since last share, avg 1m29s) | best=506 target=21393 (999%)
[2026-09-06T23:11:21Z INFO  minertim] H/s 1m:2240.9 5m:2178.5 10m:2177.1 | Shares: 143/0 (found:143) | Diff: 200765 | 2m53s elapsed (since last share, avg 1m29s) | best=506 target=21393 (999%)
[2026-09-06T23:11:25Z INFO  minertim::pool_connection] New job: 8x5vBoZcJggWriPG (difficulty: 200765, target: 91530000)
[2026-09-06T23:11:31Z INFO  minertim] H/s 1m:2245.8 5m:2188.4 10m:2177.6 | Shares: 143/0 (found:143) | Diff: 200765 | 3m3s elapsed (since last share, avg 1m29s) | best=506 target=21393 (999%)
[2026-09-06T23:11:41Z INFO  minertim] H/s 1m:2272.8 5m:2209.6 10m:2179.8 | Shares: 143/0 (found:143) | Diff: 200765 | 3m13s elapsed (since last share, avg 1m28s) | best=506 target=21393 (999%)
[2026-09-06T23:11:45Z INFO  minertim::pool_connection] New job: 57zBvx4Dj0TLKOyQ (difficulty: 200765, target: 91530000)
[2026-09-06T23:11:51Z INFO  minertim] H/s 1m:2300.0 5m:2214.4 10m:2182.4 | Shares: 143/0 (found:143) | Diff: 200765 | 3m23s elapsed (since last share, avg 1m27s) | best=506 target=21393 (999%)
[2026-09-06T23:11:54Z INFO  minertim::miner] Worker 2 SHARE FOUND! job_id=57zBvx4Dj0TLKOyQ, nonce=ce60eb00, hash_val=3962, difficulty=200765, hash=5aac9323ff3201f8fac83bf4a5f1f8104bfc4adb8f5e81292dc6dc737a0f0000
[2026-09-06T23:11:54Z INFO  minertim::pool_connection] New job: 69U08Oib8F4MfBDQ (difficulty: 200765, target: 91530000)
[2026-09-06T23:11:54Z INFO  minertim::pool_connection] Share accepted by pool
[2026-09-06T23:11:55Z INFO  minertim::pool_connection] New job: gjUwg7mMQTXFsNBZ (difficulty: 153123, target: 916d0000)
[2026-09-06T23:12:01Z INFO  minertim] H/s 1m:2322.7 5m:2218.3 10m:2184.6 | Shares: 144/0 (found:144) | Diff: 153123 | 7s elapsed (since last share, avg 1m5s) | best=506 target=28049 (999%)
[2026-09-06T23:12:03Z INFO  minertim::miner] Worker 1 SHARE FOUND! job_id=gjUwg7mMQTXFsNBZ, nonce=4183ee00, hash_val=8305, difficulty=153123, hash=733067a4e64a04e8c9992e68d7984a1fcbcbb3df8a2c2230ba9e55dd71200000
[2026-09-06T23:12:11Z INFO  minertim] H/s 1m:2231.5 5m:2202.4 10m:2177.0 | Shares: 144/0 (found:145) | Diff: 153123 | 7s elapsed (since last share, avg 1m8s) | best=506 target=28049 (999%)
[2026-09-06T23:12:14Z INFO  minertim::pool_connection] New job: mvRorCKOOyHQbdA5 (difficulty: 153123, target: 916d0000)
[2026-09-06T23:12:14Z INFO  minertim::pool_connection] Share accepted by pool
[2026-09-06T23:12:17Z INFO  minertim::miner] Worker 3 SHARE FOUND! job_id=mvRorCKOOyHQbdA5, nonce=1f95ee00, hash_val=16641, difficulty=153123, hash=3c0216e62b0138b02d5fae729c6d79b6144ee861a79fc0bca71369d001410000
[2026-09-06T23:12:21Z INFO  minertim] H/s 1m:2177.5 5m:2194.2 10m:2172.8 | Shares: 145/0 (found:146) | Diff: 153123 | 3s elapsed (since last share, avg 1m10s) | best=506 target=28049 (999%)
[2026-09-06T23:12:25Z INFO  minertim::pool_connection] New job: XhO9wH8ebP8ohgIQ (difficulty: 229689, target: 0b490000)
[2026-09-06T23:12:25Z INFO  minertim::pool_connection] Share accepted by pool
[2026-09-06T23:12:31Z INFO  minertim] H/s 1m:2178.4 5m:2199.1 10m:2179.9 | Shares: 146/0 (found:146) | Diff: 229689 | 13s elapsed (since last share, avg 1m45s) | best=506 target=18699 (999%)
[2026-09-06T23:12:34Z INFO  minertim::pool_connection] New job: RwynnGRGtYzzxNph (difficulty: 229689, target: 0b490000)
[2026-09-06T23:12:41Z INFO  minertim] H/s 1m:2178.0 5m:2203.9 10m:2191.1 | Shares: 146/0 (found:146) | Diff: 229689 | 23s elapsed (since last share, avg 1m45s) | best=506 target=18699 (999%)
[2026-09-06T23:12:45Z INFO  minertim::miner] Worker 0 SHARE FOUND! job_id=RwynnGRGtYzzxNph, nonce=54bce900, hash_val=3966, difficulty=229689, hash=99ae856fe705346fe321962b1eda2e5a8e55c6e8539ef1f77eb81d347e0f0000
[2026-09-06T23:12:51Z INFO  minertim] H/s 1m:2123.6 5m:2198.4 10m:2196.3 | Shares: 146/0 (found:147) | Diff: 229689 | 5s elapsed (since last share, avg 1m48s) | best=506 target=18699 (999%)
[2026-09-06T23:12:54Z INFO  minertim::pool_connection] New job: k8pDVYVTqXF0dXGi (difficulty: 229689, target: 0b490000)
[2026-09-06T23:12:54Z INFO  minertim::pool_connection] Share accepted by pool
[2026-09-06T23:12:55Z INFO  minertim::pool_connection] New job: E7OyGyWWuccECJzH (difficulty: 344534, target: b2300000)
[2026-09-06T23:13:01Z INFO  minertim] H/s 1m:2237.7 5m:2202.5 10m:2202.9 | Shares: 147/0 (found:147) | Diff: 344534 | 15s elapsed (since last share, avg 2m33s) | best=506 target=12466 (999%)
[2026-09-06T23:13:11Z INFO  minertim] H/s 1m:2314.1 5m:2207.2 10m:2207.9 | Shares: 147/0 (found:147) | Diff: 344534 | 25s elapsed (since last share, avg 2m28s) | best=506 target=12466 (999%)
[2026-09-06T23:13:13Z INFO  minertim::pool_connection] New job: dwdpMSE9S5gUTuxU (difficulty: 344534, target: b2300000)
[2026-09-06T23:13:21Z INFO  minertim] H/s 1m:2313.0 5m:2211.6 10m:2210.1 | Shares: 147/0 (found:147) | Diff: 344534 | 35s elapsed (since last share, avg 2m28s) | best=506 target=12466 (999%)
[2026-09-06T23:13:31Z INFO  minertim] H/s 1m:2312.9 5m:2234.6 10m:2212.5 | Shares: 147/0 (found:147) | Diff: 344534 | 45s elapsed (since last share, avg 2m28s) | best=506 target=12466 (999%)
[2026-09-06T23:13:33Z INFO  minertim::pool_connection] New job: bQiKtpvWgSu7c5ZM (difficulty: 344534, target: b2300000)
[2026-09-06T23:13:41Z INFO  minertim] H/s 1m:2371.6 5m:2256.9 10m:2214.7 | Shares: 147/0 (found:147) | Diff: 344534 | 55s elapsed (since last share, avg 2m25s) | best=506 target=12466 (999%)
[2026-09-06T23:13:51Z INFO  minertim] H/s 1m:2375.6 5m:2261.6 10m:2217.1 | Shares: 147/0 (found:147) | Diff: 344534 | 1m5s elapsed (since last share, avg 2m25s) | best=506 target=12466 (999%)
[2026-09-06T23:13:53Z INFO  minertim::pool_connection] New job: jbHii7YFPjqWeqGn (difficulty: 344534, target: b2300000)
[2026-09-06T23:13:55Z INFO  minertim::pool_connection] New job: RhKLffobNfSheRW3 (difficulty: 254170, target: 02420000)
[2026-09-06T23:14:01Z INFO  minertim] H/s 1m:2375.3 5m:2266.3 10m:2219.3 | Shares: 147/0 (found:147) | Diff: 254170 | 1m15s elapsed (since last share, avg 1m47s) | best=506 target=16898 (999%)
[2026-09-06T23:14:11Z INFO  minertim] H/s 1m:2375.6 5m:2270.8 10m:2221.6 | Shares: 147/0 (found:147) | Diff: 254170 | 1m25s elapsed (since last share, avg 1m46s) | best=506 target=16898 (999%)
[2026-09-06T23:14:13Z INFO  minertim::pool_connection] New job: eXktPilFV6A10iSq (difficulty: 254170, target: 02420000)
[2026-09-06T23:14:21Z INFO  minertim] H/s 1m:2375.6 5m:2275.2 10m:2223.9 | Shares: 147/0 (found:147) | Diff: 254170 | 1m35s elapsed (since last share, avg 1m46s) | best=506 target=16898 (999%)
[2026-09-06T23:14:31Z INFO  minertim] H/s 1m:2375.3 5m:2279.9 10m:2226.1 | Shares: 147/0 (found:147) | Diff: 254170 | 1m45s elapsed (since last share, avg 1m47s) | best=506 target=16898 (999%)
[2026-09-06T23:14:33Z INFO  minertim::pool_connection] New job: Vf7ZVOC5cq040C5r (difficulty: 254170, target: 02420000)
[2026-09-06T23:14:41Z INFO  minertim] H/s 1m:2376.1 5m:2284.8 10m:2230.3 | Shares: 147/0 (found:147) | Diff: 254170 | 1m55s elapsed (since last share, avg 1m46s) | best=506 target=16898 (999%)
[2026-09-06T23:14:51Z INFO  minertim] H/s 1m:2376.2 5m:2289.6 10m:2232.4 | Shares: 147/0 (found:147) | Diff: 254170 | 2m5s elapsed (since last share, avg 1m46s) | best=506 target=16898 (999%)
[2026-09-06T23:14:53Z INFO  minertim::pool_connection] New job: N0K0AFx8gb2D5wn8 (difficulty: 254170, target: 02420000)
[2026-09-06T23:14:55Z INFO  minertim::pool_connection] New job: 6ti1U3XMElnm3OXo (difficulty: 190624, target: 03580000)
[2026-09-06T23:15:01Z INFO  minertim] H/s 1m:2376.3 5m:2294.5 10m:2235.0 | Shares: 147/0 (found:147) | Diff: 190624 | 2m15s elapsed (since last share, avg 1m20s) | best=506 target=22531 (999%)
[2026-09-06T23:15:11Z INFO  minertim] H/s 1m:2376.4 5m:2299.2 10m:2237.3 | Shares: 147/0 (found:147) | Diff: 190624 | 2m25s elapsed (since last share, avg 1m20s) | best=506 target=22531 (999%)
[2026-09-06T23:15:13Z INFO  minertim::pool_connection] New job: yZmuFyku6Ucearkw (difficulty: 190624, target: 03580000)
[2026-09-06T23:15:21Z INFO  minertim] H/s 1m:2376.5 5m:2303.9 10m:2241.4 | Shares: 147/0 (found:147) | Diff: 190624 | 2m35s elapsed (since last share, avg 1m20s) | best=506 target=22531 (999%)
[2026-09-06T23:15:31Z INFO  minertim] H/s 1m:2376.1 5m:2308.6 10m:2243.7 | Shares: 147/0 (found:147) | Diff: 190624 | 2m45s elapsed (since last share, avg 1m20s) | best=506 target=22531 (999%)
[2026-09-06T23:15:32Z INFO  minertim::pool_connection] New job: fJJ0i0bhQivas7cl (difficulty: 190624, target: 03580000)
[2026-09-06T23:15:41Z INFO  minertim] H/s 1m:2376.2 5m:2313.3 10m:2246.0 | Shares: 147/0 (found:147) | Diff: 190624 | 2m55s elapsed (since last share, avg 1m20s) | best=506 target=22531 (999%)
[2026-09-06T23:15:51Z INFO  minertim] H/s 1m:2376.4 5m:2318.0 10m:2248.2 | Shares: 147/0 (found:147) | Diff: 190624 | 3m5s elapsed (since last share, avg 1m20s) | best=506 target=22531 (999%)
[2026-09-06T23:15:52Z INFO  minertim::pool_connection] New job: ncksuOTNkiU7GY84 (difficulty: 190624, target: 03580000)
[2026-09-06T23:15:55Z INFO  minertim::pool_connection] New job: xUknbUvfCy7sazFn (difficulty: 142965, target: 5a750000)
[2026-09-06T23:16:01Z INFO  minertim] H/s 1m:2377.0 5m:2322.7 10m:2250.5 | Shares: 147/0 (found:147) | Diff: 142965 | 3m15s elapsed (since last share, avg 1m0s) | best=506 target=30042 (999%)
[2026-09-06T23:16:02Z INFO  minertim::miner] Worker 2 SHARE FOUND! job_id=xUknbUvfCy7sazFn, nonce=625ef400, hash_val=24265, difficulty=142965, hash=ba7eb3a6fae2a65cfe54951034c8b6ea986dc32e054d92c7f4f28fdcc95e0000
[2026-09-06T23:16:05Z INFO  minertim::pool_connection] New job: A7bsKZoqa9ItRRni (difficulty: 142965, target: 5a750000)
[2026-09-06T23:16:06Z INFO  minertim::pool_connection] Share accepted by pool
[2026-09-06T23:16:11Z INFO  minertim] H/s 1m:2337.2 5m:2320.5 10m:2249.4 | Shares: 148/0 (found:148) | Diff: 142965 | 9s elapsed (since last share, avg 1m1s) | best=506 target=30042 (999%)
[2026-09-06T23:16:17Z INFO  minertim::pool_connection] New job: QoUN6qD0jPoRLB5p (difficulty: 142965, target: 5a750000)
[2026-09-06T23:16:21Z INFO  minertim] H/s 1m:2337.4 5m:2324.4 10m:2251.7 | Shares: 148/0 (found:148) | Diff: 142965 | 19s elapsed (since last share, avg 1m1s) | best=506 target=30042 (999%)
[2026-09-06T23:16:25Z INFO  minertim::pool_connection] New job: xhdj5k2Q1zB6Fur0 (difficulty: 214448, target: 3c4e0000)
[2026-09-06T23:16:31Z INFO  minertim] H/s 1m:2337.7 5m:2324.5 10m:2258.5 | Shares: 148/0 (found:148) | Diff: 214448 | 29s elapsed (since last share, avg 1m31s) | best=506 target=20028 (999%)
[2026-09-06T23:16:37Z INFO  minertim::pool_connection] New job: Lz4XIwnVrMccjK6g (difficulty: 214448, target: 3c4e0000)
[2026-09-06T23:16:41Z INFO  minertim] H/s 1m:2321.0 5m:2321.6 10m:2267.5 | Shares: 148/0 (found:148) | Diff: 214448 | 39s elapsed (since last share, avg 1m32s) | best=506 target=20028 (999%)
[2026-09-06T23:16:51Z INFO  minertim] H/s 1m:2293.0 5m:2317.6 10m:2267.5 | Shares: 148/0 (found:148) | Diff: 214448 | 49s elapsed (since last share, avg 1m33s) | best=506 target=20028 (999%)
[2026-09-06T23:16:56Z INFO  minertim::pool_connection] New job: mm2KOydHlDt9iFBk (difficulty: 214448, target: 3c4e0000)
[2026-09-06T23:17:01Z INFO  minertim] H/s 1m:2306.9 5m:2333.5 10m:2267.6 | Shares: 148/0 (found:148) | Diff: 214448 | 59s elapsed (since last share, avg 1m32s) | best=506 target=20028 (999%)
[2026-09-06T23:17:11Z INFO  minertim] H/s 1m:2281.4 5m:2342.3 10m:2267.7 | Shares: 148/0 (found:148) | Diff: 214448 | 1m9s elapsed (since last share, avg 1m34s) | best=506 target=20028 (999%)
[2026-09-06T23:17:16Z INFO  minertim::pool_connection] New job: 7Xj0eMq97aMeCRX3 (difficulty: 214448, target: 3c4e0000)
[2026-09-06T23:17:21Z INFO  minertim] H/s 1m:2253.0 5m:2337.3 10m:2267.7 | Shares: 148/0 (found:148) | Diff: 214448 | 1m19s elapsed (since last share, avg 1m35s) | best=506 target=20028 (999%)
[2026-09-06T23:17:25Z INFO  minertim::pool_connection] New job: fowKCh70KnNMMyHI (difficulty: 122154, target: 58890000)
[2026-09-06T23:17:31Z INFO  minertim] H/s 1m:2242.7 5m:2332.7 10m:2267.8 | Shares: 148/0 (found:148) | Diff: 122154 | 1m29s elapsed (since last share, avg 54s) | best=506 target=35160 (999%)
[2026-09-06T23:17:36Z INFO  minertim::pool_connection] New job: UZ4AGZbLkINsbu1l (difficulty: 122154, target: 58890000)
[2026-09-06T23:17:41Z INFO  minertim] H/s 1m:2243.6 5m:2338.3 10m:2267.9 | Shares: 148/0 (found:148) | Diff: 122154 | 1m39s elapsed (since last share, avg 54s) | best=506 target=35160 (999%)
[2026-09-06T23:17:51Z INFO  minertim] H/s 1m:2242.4 5m:2334.3 10m:2267.9 | Shares: 148/0 (found:148) | Diff: 122154 | 1m49s elapsed (since last share, avg 54s) | best=506 target=35160 (999%)
[2026-09-06T23:17:56Z INFO  minertim::pool_connection] New job: Tj02EXyHkH3WdESn (difficulty: 122154, target: 58890000)
[2026-09-06T23:18:01Z INFO  minertim] H/s 1m:2241.2 5m:2329.7 10m:2268.0 | Shares: 148/0 (found:148) | Diff: 122154 | 1m59s elapsed (since last share, avg 54s) | best=506 target=35160 (999%)
[2026-09-06T23:18:11Z INFO  minertim::miner] Worker 3 SHARE FOUND! job_id=Tj02EXyHkH3WdESn, nonce=33ebfa00, hash_val=5827, difficulty=122154, hash=0f639d0b5863bc6a70acc30399691b24b8a20b818306d8cbb1223e79c3160000
[2026-09-06T23:18:11Z INFO  minertim] H/s 1m:2242.1 5m:2325.1 10m:2268.0 | Shares: 148/0 (found:149) | Diff: 122154 | 0s elapsed (since last share, avg 54s) | best=506 target=35160 (999%)
[2026-09-06T23:18:16Z INFO  minertim::pool_connection] New job: tcSQDObLPzAr7ybi (difficulty: 122154, target: 58890000)
[2026-09-06T23:18:16Z INFO  minertim::pool_connection] Share accepted by pool
[2026-09-06T23:18:21Z INFO  minertim] H/s 1m:2137.7 5m:2302.5 10m:2259.1 | Shares: 149/0 (found:149) | Diff: 122154 | 10s elapsed (since last share, avg 57s) | best=506 target=35160 (999%)
[2026-09-06T23:18:26Z INFO  minertim::miner] Worker 2 SHARE FOUND! job_id=tcSQDObLPzAr7ybi, nonce=e23bf900, hash_val=136, difficulty=122154, hash=bb5592ece64d68b1f8287aad7e5e59009cadb1594631aeaf41c64a2288000000
[2026-09-06T23:18:31Z INFO  minertim] H/s 1m:2082.8 5m:2288.5 10m:2263.5 | Shares: 149/0 (found:150) | Diff: 122154 | 5s elapsed (since last share, avg 58s) | best=136 target=35160 (999%)
[2026-09-06T23:18:36Z INFO  minertim::pool_connection] New job: QyA387xAZzcojh3R (difficulty: 122154, target: 58890000)
[2026-09-06T23:18:36Z INFO  minertim::pool_connection] Share accepted by pool
[2026-09-06T23:18:41Z INFO  minertim] H/s 1m:2033.4 5m:2275.3 10m:2267.9 | Shares: 150/0 (found:150) | Diff: 122154 | 15s elapsed (since last share, avg 1m0s) | best=136 target=35160 (999%)
[2026-09-06T23:18:51Z INFO  minertim] H/s 1m:2034.1 5m:2270.9 10m:2268.1 | Shares: 150/0 (found:150) | Diff: 122154 | 25s elapsed (since last share, avg 1m0s) | best=136 target=35160 (999%)
[2026-09-06T23:18:56Z INFO  minertim::pool_connection] New job: 0fynqug1RKWAaje0 (difficulty: 122154, target: 58890000)
[2026-09-06T23:19:01Z INFO  minertim] H/s 1m:2034.2 5m:2266.2 10m:2268.1 | Shares: 150/0 (found:150) | Diff: 122154 | 35s elapsed (since last share, avg 1m0s) | best=136 target=35160 (999%)
[2026-09-06T23:19:11Z INFO  minertim] H/s 1m:2138.1 5m:2261.6 10m:2268.0 | Shares: 150/0 (found:150) | Diff: 122154 | 45s elapsed (since last share, avg 57s) | best=136 target=35160 (999%)
[2026-09-06T23:19:16Z INFO  minertim::pool_connection] New job: 2I8mCFXwtkx7dk7I (difficulty: 122154, target: 58890000)
[2026-09-06T23:19:21Z INFO  minertim] H/s 1m:2192.8 5m:2257.0 10m:2267.9 | Shares: 150/0 (found:150) | Diff: 122154 | 55s elapsed (since last share, avg 55s) | best=136 target=35160 (999%)
[2026-09-06T23:19:31Z INFO  minertim] H/s 1m:2241.8 5m:2252.2 10m:2268.0 | Shares: 150/0 (found:150) | Diff: 122154 | 1m5s elapsed (since last share, avg 54s) | best=136 target=35160 (999%)
[2026-09-06T23:19:35Z INFO  minertim::pool_connection] New job: Evyoy7AEBcVi4ljx (difficulty: 122154, target: 58890000)
[2026-09-06T23:19:41Z INFO  minertim] H/s 1m:2240.2 5m:2247.4 10m:2268.0 | Shares: 150/0 (found:150) | Diff: 122154 | 1m15s elapsed (since last share, avg 54s) | best=136 target=35160 (999%)
[2026-09-06T23:19:51Z INFO  minertim] H/s 1m:2240.4 5m:2242.8 10m:2268.1 | Shares: 150/0 (found:150) | Diff: 122154 | 1m25s elapsed (since last share, avg 54s) | best=136 target=35160 (999%)
[2026-09-06T23:19:55Z INFO  minertim::pool_connection] New job: 1JIpP91O0io8Ustg (difficulty: 122154, target: 58890000)
[2026-09-06T23:20:01Z INFO  minertim] H/s 1m:2239.9 5m:2238.0 10m:2268.1 | Shares: 150/0 (found:150) | Diff: 122154 | 1m35s elapsed (since last share, avg 54s) | best=136 target=35160 (999%)
[2026-09-06T23:20:11Z INFO  minertim] H/s 1m:2238.6 5m:2233.2 10m:2268.1 | Shares: 150/0 (found:150) | Diff: 122154 | 1m45s elapsed (since last share, avg 54s) | best=136 target=35160 (999%)
[2026-09-06T23:20:15Z INFO  minertim::pool_connection] New job: jw0n9Zr2CyMTO56o (difficulty: 122154, target: 58890000)
[2026-09-06T23:20:21Z INFO  minertim] H/s 1m:2239.3 5m:2228.6 10m:2268.1 | Shares: 150/0 (found:150) | Diff: 122154 | 1m55s elapsed (since last share, avg 54s) | best=136 target=35160 (999%)
[2026-09-06T23:20:25Z INFO  minertim::pool_connection] New job: eTV1RygubS08mYMW (difficulty: 91616, target: 20b70000)
[2026-09-06T23:20:31Z INFO  minertim] H/s 1m:2239.4 5m:2223.8 10m:2268.1 | Shares: 150/0 (found:150) | Diff: 91616 | 2m5s elapsed (since last share, avg 40s) | best=136 target=46880 (999%)
[2026-09-06T23:20:35Z INFO  minertim::pool_connection] New job: TCoCa0DmganMoj5h (difficulty: 91616, target: 20b70000)
[2026-09-06T23:20:35Z INFO  minertim::miner] Worker 0 SHARE FOUND! job_id=TCoCa0DmganMoj5h, nonce=8cfff900, hash_val=28372, difficulty=91616, hash=e22506c3ff47544a0df1e3c17d070e9a149e067175bd12edb7c9afa8d46e0000
[2026-09-06T23:20:41Z INFO  minertim] H/s 1m:2184.5 5m:2209.7 10m:2263.5 | Shares: 150/0 (found:151) | Diff: 91616 | 5s elapsed (since last share, avg 41s) | best=136 target=46880 (999%)
[2026-09-06T23:20:51Z INFO  minertim] H/s 1m:2077.5 5m:2186.4 10m:2254.3 | Shares: 150/0 (found:151) | Diff: 91616 | 15s elapsed (since last share, avg 44s) | best=136 target=46880 (999%)
[2026-09-06T23:20:55Z INFO  minertim::pool_connection] New job: iWa05fOOf6Zu5G9d (difficulty: 91616, target: 20b70000)
[2026-09-06T23:20:55Z INFO  minertim::pool_connection] Share accepted by pool
[2026-09-06T23:20:55Z INFO  minertim::pool_connection] New job: cvudLQlacBqhi4KL (difficulty: 137425, target: 157a0000)
[2026-09-06T23:21:01Z INFO  minertim] H/s 1m:2045.5 5m:2182.9 10m:2251.5 | Shares: 151/0 (found:151) | Diff: 137425 | 25s elapsed (since last share, avg 1m7s) | best=136 target=31253 (999%)
[2026-09-06T23:21:04Z INFO  minertim::miner] Worker 2 SHARE FOUND! job_id=cvudLQlacBqhi4KL, nonce=8a50fe00, hash_val=27183, difficulty=137425, hash=80f314ac8c64ce6882bc7e7390a8294cf0cb3a3a3cbf81473ff7f2562f6a0000
[2026-09-06T23:21:10Z INFO  minertim::miner] Worker 3 SHARE FOUND! job_id=cvudLQlacBqhi4KL, nonce=17e40001, hash_val=29071, difficulty=137425, hash=8c65a09b855597d2aa69f0b6bd9d50e48084fe8dafc6d0f27b9e54ae8f710000
[2026-09-06T23:21:11Z INFO  minertim] H/s 1m:1934.8 5m:2159.1 10m:2242.2 | Shares: 151/0 (found:153) | Diff: 137425 | 0s elapsed (since last share, avg 1m11s) | best=136 target=31253 (999%)
[2026-09-06T23:21:15Z INFO  minertim::pool_connection] New job: DW0IIzbX2M0p1OTH (difficulty: 137425, target: 157a0000)
[2026-09-06T23:21:15Z INFO  minertim::pool_connection] Share accepted by pool
[2026-09-06T23:21:15Z INFO  minertim::pool_connection] Share accepted by pool
[2026-09-06T23:21:21Z INFO  minertim] H/s 1m:1910.3 5m:2150.1 10m:2239.7 | Shares: 153/0 (found:153) | Diff: 137425 | 10s elapsed (since last share, avg 1m11s) | best=136 target=31253 (999%)
[2026-09-06T23:21:23Z INFO  minertim::pool_connection] New job: eFSpfQGyz0kcnJl6 (difficulty: 137425, target: 157a0000)
[2026-09-06T23:21:25Z INFO  minertim::pool_connection] New job: AXIoAOgrgrtgUj8l (difficulty: 206141, target: 63510000)
[2026-09-06T23:21:31Z INFO  minertim] H/s 1m:1967.3 5m:2148.7 10m:2237.6 | Shares: 153/0 (found:153) | Diff: 206141 | 20s elapsed (since last share, avg 1m44s) | best=136 target=20835 (999%)
[2026-09-06T23:21:41Z INFO  minertim] H/s 1m:2084.9 5m:2150.5 10m:2236.1 | Shares: 153/0 (found:153) | Diff: 206141 | 30s elapsed (since last share, avg 1m38s) | best=136 target=20835 (999%)
[2026-09-06T23:21:43Z INFO  minertim::pool_connection] New job: VreYAKZEtCopNQwl (difficulty: 206141, target: 63510000)
[2026-09-06T23:21:51Z INFO  minertim] H/s 1m:2128.4 5m:2152.2 10m:2235.1 | Shares: 153/0 (found:153) | Diff: 206141 | 40s elapsed (since last share, avg 1m36s) | best=136 target=20835 (999%)
[2026-09-06T23:22:01Z INFO  minertim] H/s 1m:2252.9 5m:2154.2 10m:2244.0 | Shares: 153/0 (found:153) | Diff: 206141 | 50s elapsed (since last share, avg 1m31s) | best=136 target=20835 (999%)
[2026-09-06T23:22:03Z INFO  minertim::pool_connection] New job: O7HVNS5Ua0p02h5o (difficulty: 206141, target: 63510000)
[2026-09-06T23:22:11Z INFO  minertim] H/s 1m:2291.5 5m:2156.8 10m:2249.3 | Shares: 153/0 (found:153) | Diff: 206141 | 1m0s elapsed (since last share, avg 1m29s) | best=136 target=20835 (999%)
[2026-09-06T23:22:21Z INFO  minertim] H/s 1m:2304.3 5m:2159.3 10m:2248.2 | Shares: 153/0 (found:153) | Diff: 206141 | 1m10s elapsed (since last share, avg 1m29s) | best=136 target=20835 (999%)
[2026-09-06T23:22:23Z INFO  minertim::pool_connection] New job: GzJUywmUSrC8cfV6 (difficulty: 206141, target: 63510000)
[2026-09-06T23:22:25Z INFO  minertim::pool_connection] New job: OdNs0sPTHTyrpfXY (difficulty: 132515, target: 9b7e0000)
[2026-09-06T23:22:27Z INFO  minertim::miner] Worker 2 SHARE FOUND! job_id=OdNs0sPTHTyrpfXY, nonce=12e20001, hash_val=6080, difficulty=132515, hash=1487caf281bf0f73a0dc3890beeb97bea248c095e0f3a4b7435023f6c0170000
[2026-09-06T23:22:31Z INFO  minertim] H/s 1m:2243.8 5m:2150.5 10m:2241.7 | Shares: 153/0 (found:154) | Diff: 132515 | 3s elapsed (since last share, avg 59s) | best=136 target=32411 (999%)
[2026-09-06T23:22:41Z INFO  minertim] H/s 1m:2126.9 5m:2132.3 10m:2235.3 | Shares: 153/0 (found:154) | Diff: 132515 | 13s elapsed (since last share, avg 1m2s) | best=136 target=32411 (999%)
[2026-09-06T23:22:43Z INFO  minertim::pool_connection] New job: Hy6Fp3CFgv0BI4m2 (difficulty: 132515, target: 9b7e0000)
[2026-09-06T23:22:51Z INFO  minertim] H/s 1m:2007.9 5m:2114.0 10m:2224.5 | Shares: 153/0 (found:154) | Diff: 132515 | 23s elapsed (since last share, avg 1m5s) | best=136 target=32411 (999%)
[2026-09-06T23:23:01Z INFO  minertim] H/s 1m:1886.8 5m:2095.5 10m:2213.1 | Shares: 153/0 (found:154) | Diff: 132515 | 33s elapsed (since last share, avg 1m10s) | best=136 target=32411 (999%)
[2026-09-06T23:23:02Z INFO  minertim::pool_connection] New job: UFJ7QKSROdad8HXv (difficulty: 132515, target: 9b7e0000)
[2026-09-06T23:23:11Z INFO  minertim] H/s 1m:1764.1 5m:2094.9 10m:2201.7 | Shares: 153/0 (found:154) | Diff: 132515 | 43s elapsed (since last share, avg 1m15s) | best=136 target=32411 (999%)
[2026-09-06T23:23:21Z INFO  minertim] H/s 1m:1708.0 5m:2085.9 10m:2190.4 | Shares: 153/0 (found:154) | Diff: 132515 | 53s elapsed (since last share, avg 1m17s) | best=136 target=32411 (999%)
[2026-09-06T23:23:22Z INFO  minertim::pool_connection] New job: a0DWItt0PaVdbcLE (difficulty: 132515, target: 9b7e0000)
[2026-09-06T23:23:25Z INFO  minertim::pool_connection] New job: d1A05BcPa1TJh57L (difficulty: 99386, target: cfa80000)
[2026-09-06T23:23:31Z INFO  minertim] H/s 1m:1707.4 5m:2076.0 10m:2179.1 | Shares: 153/0 (found:154) | Diff: 99386 | 1m3s elapsed (since last share, avg 58s) | best=136 target=43215 (999%)
[2026-09-06T23:23:41Z INFO  minertim] H/s 1m:1705.9 5m:2057.4 10m:2167.7 | Shares: 153/0 (found:154) | Diff: 99386 | 1m13s elapsed (since last share, avg 58s) | best=136 target=43215 (999%)
[2026-09-06T23:23:42Z INFO  minertim::pool_connection] New job: nRnKGav31g3d17iB (difficulty: 99386, target: cfa80000)
[2026-09-06T23:23:46Z INFO  minertim::miner] Worker 1 SHARE FOUND! job_id=nRnKGav31g3d17iB, nonce=75df0601, hash_val=12929, difficulty=99386, hash=a11ddbfdcd1200862fd7f658bf9b6343443f52e916a948602d89bee081320000
[2026-09-06T23:23:48Z INFO  minertim::miner] Worker 0 SHARE FOUND! job_id=nRnKGav31g3d17iB, nonce=08020001, hash_val=16675, difficulty=99386, hash=f32e875bde389f7d17ea7bbef4924079719e5b98a165dd9a9bf2998523410000
[2026-09-06T23:23:51Z INFO  minertim] H/s 1m:1594.7 5m:2019.8 10m:2147.0 | Shares: 153/0 (found:156) | Diff: 99386 | 3s elapsed (since last share, avg 1m2s) | best=136 target=43215 (999%)
[2026-09-06T23:24:01Z INFO  minertim] H/s 1m:1374.9 5m:1963.3 10m:2116.9 | Shares: 153/0 (found:156) | Diff: 99386 | 13s elapsed (since last share, avg 1m12s) | best=136 target=43215 (999%)
[2026-09-06T23:24:02Z INFO  minertim::pool_connection] New job: WenvUpDyx1EpocNJ (difficulty: 99386, target: cfa80000)
[2026-09-06T23:24:03Z INFO  minertim::pool_connection] Share accepted by pool
[2026-09-06T23:24:03Z WARN  minertim::pool_connection] Share rejected: Invalid job id
[2026-09-06T23:24:03Z INFO  minertim::pool_connection] Share accepted by pool
[2026-09-06T23:24:11Z INFO  minertim] H/s 1m:1410.3 5m:1951.0 10m:2108.6 | Shares: 155/1 (found:156) | Diff: 99386 | 23s elapsed (since last share, avg 1m10s) | best=136 target=43215 (999%)
[2026-09-06T23:24:17Z INFO  minertim::miner] Worker 0 SHARE FOUND! job_id=WenvUpDyx1EpocNJ, nonce=14860001, hash_val=39454, difficulty=99386, hash=0f424608c1393fabd16320de8ad482ae0d0519be4685ad64f1fa2fc81e9a0000
[2026-09-06T23:24:21Z INFO  minertim] H/s 1m:1472.6 5m:1943.4 10m:2102.5 | Shares: 155/1 (found:157) | Diff: 99386 | 4s elapsed (since last share, avg 1m7s) | best=136 target=43215 (999%)
[2026-09-06T23:24:22Z INFO  minertim::pool_connection] New job: mUcTgEcbXCRqNP3I (difficulty: 99386, target: cfa80000)
[2026-09-06T23:24:22Z INFO  minertim::pool_connection] Share accepted by pool
[2026-09-06T23:24:25Z INFO  minertim::pool_connection] New job: PEY5RfVcAa4qRA3v (difficulty: 149079, target: 8a700000)
[2026-09-06T23:24:28Z INFO  minertim::miner] Worker 0 SHARE FOUND! job_id=PEY5RfVcAa4qRA3v, nonce=40b70001, hash_val=11471, difficulty=149079, hash=92e86495e2a1222d7579f7e9499262811bd9f46d38083f65a5732c50cf2c0000
[2026-09-06T23:24:31Z INFO  minertim] H/s 1m:1593.5 5m:1945.9 10m:2101.4 | Shares: 156/1 (found:158) | Diff: 149079 | 3s elapsed (since last share, avg 1m33s) | best=136 target=28810 (999%)
[2026-09-06T23:24:41Z INFO  minertim] H/s 1m:1711.7 5m:1928.6 10m:2090.7 | Shares: 156/1 (found:158) | Diff: 149079 | 13s elapsed (since last share, avg 1m27s) | best=136 target=28810 (999%)
[2026-09-06T23:24:42Z INFO  minertim::pool_connection] New job: 3foTi7zh7VlyKBsP (difficulty: 149079, target: 8a700000)
[2026-09-06T23:24:42Z INFO  minertim::pool_connection] Share accepted by pool
[2026-09-06T23:24:51Z INFO  minertim] H/s 1m:2000.9 5m:1922.2 10m:2085.1 | Shares: 157/1 (found:158) | Diff: 149079 | 23s elapsed (since last share, avg 1m14s) | best=136 target=28810 (999%)
[2026-09-06T23:24:55Z INFO  minertim::pool_connection] New job: zalJ9ANUGKF0SpW1 (difficulty: 223626, target: 064b0000)
[2026-09-06T23:24:59Z INFO  minertim::miner] Worker 0 SHARE FOUND! job_id=zalJ9ANUGKF0SpW1, nonce=24520101, hash_val=13287, difficulty=223626, hash=11009cb173004135ec41f00e7a5d103a5c5900d4d81b3e4e1b2e3932e7330000
[2026-09-06T23:25:01Z INFO  minertim] H/s 1m:2086.1 5m:1924.7 10m:2084.0 | Shares: 157/1 (found:159) | Diff: 223626 | 1s elapsed (since last share, avg 1m47s) | best=136 target=19206 (999%)
[2026-09-06T23:25:02Z INFO  minertim::pool_connection] New job: srwkxUgqwNjmBHw8 (difficulty: 223626, target: 064b0000)
[2026-09-06T23:25:02Z INFO  minertim::pool_connection] Share accepted by pool
[2026-09-06T23:25:06Z INFO  minertim::miner] Worker 0 SHARE FOUND! job_id=srwkxUgqwNjmBHw8, nonce=b86f0101, hash_val=11832, difficulty=223626, hash=b2c17bb1c602c8f7adccfa66a0a1ea0190d70d557f742c19191f5cf8382e0000
[2026-09-06T23:25:11Z INFO  minertim] H/s 1m:2055.5 5m:1911.7 10m:2075.3 | Shares: 158/1 (found:160) | Diff: 223626 | 5s elapsed (since last share, avg 1m48s) | best=136 target=19206 (999%)
[2026-09-06T23:25:21Z INFO  minertim] H/s 1m:1943.1 5m:1894.9 10m:2064.7 | Shares: 158/1 (found:160) | Diff: 223626 | 15s elapsed (since last share, avg 1m55s) | best=136 target=19206 (999%)
[2026-09-06T23:25:22Z INFO  minertim::pool_connection] New job: gjh5nXiQuSCLUkF8 (difficulty: 223626, target: 064b0000)
[2026-09-06T23:25:22Z INFO  minertim::pool_connection] Share accepted by pool
[2026-09-06T23:25:25Z INFO  minertim::pool_connection] New job: YK1b6f0mjrcRFxUV (difficulty: 335439, target: 04320000)
[2026-09-06T23:25:31Z INFO  minertim] H/s 1m:2040.4 5m:1903.8 10m:2062.2 | Shares: 159/1 (found:160) | Diff: 335439 | 25s elapsed (since last share, avg 2m44s) | best=136 target=12804 (999%)
[2026-09-06T23:25:34Z INFO  minertim::pool_connection] New job: lBcgFOuY1CEaWb53 (difficulty: 335439, target: 04320000)
[2026-09-06T23:25:41Z INFO  minertim] H/s 1m:2087.1 5m:1923.8 10m:2060.6 | Shares: 159/1 (found:160) | Diff: 335439 | 35s elapsed (since last share, avg 2m40s) | best=136 target=12804 (999%)
[2026-09-06T23:25:51Z INFO  minertim] H/s 1m:2083.9 5m:1931.3 10m:2059.2 | Shares: 159/1 (found:160) | Diff: 335439 | 45s elapsed (since last share, avg 2m40s) | best=136 target=12804 (999%)
[2026-09-06T23:25:54Z INFO  minertim::pool_connection] New job: Dj7nTcK0jW1lgEh0 (difficulty: 335439, target: 04320000)
[2026-09-06T23:26:01Z INFO  minertim] H/s 1m:2173.1 5m:1952.8 10m:2061.4 | Shares: 159/1 (found:160) | Diff: 335439 | 55s elapsed (since last share, avg 2m34s) | best=136 target=12804 (999%)
[2026-09-06T23:26:11Z INFO  minertim] H/s 1m:2283.5 5m:1959.2 10m:2060.2 | Shares: 159/1 (found:160) | Diff: 335439 | 1m5s elapsed (since last share, avg 2m26s) | best=136 target=12804 (999%)
[2026-09-06T23:26:13Z INFO  minertim::miner] Worker 1 SHARE FOUND! job_id=Dj7nTcK0jW1lgEh0, nonce=017c0b01, hash_val=1547, difficulty=335439, hash=c6db910e8f438e5d382359ed608d1ab9aa25fd8f87e4b69ec5cb1c2e0b060000
[2026-09-06T23:26:14Z INFO  minertim::pool_connection] New job: NS0UsZ0cjEyP4eB3 (difficulty: 335439, target: 04320000)
[2026-09-06T23:26:15Z INFO  minertim::pool_connection] Share accepted by pool
[2026-09-06T23:26:21Z INFO  minertim] H/s 1m:2288.1 5m:1959.1 10m:2058.0 | Shares: 160/1 (found:161) | Diff: 335439 | 7s elapsed (since last share, avg 2m26s) | best=136 target=12804 (999%)
[2026-09-06T23:26:24Z INFO  minertim::pool_connection] New job: I0HO2pzVZ7tVe0qb (difficulty: 335439, target: 04320000)
[2026-09-06T23:26:31Z INFO  minertim] H/s 1m:2292.4 5m:1959.6 10m:2058.2 | Shares: 160/1 (found:161) | Diff: 335439 | 17s elapsed (since last share, avg 2m26s) | best=136 target=12804 (999%)
[2026-09-06T23:26:36Z INFO  minertim::pool_connection] New job: KLDugq6c1szCnesP (difficulty: 335439, target: 04320000)
[2026-09-06T23:26:41Z INFO  minertim] H/s 1m:2293.3 5m:1959.7 10m:2059.2 | Shares: 160/1 (found:161) | Diff: 335439 | 27s elapsed (since last share, avg 2m26s) | best=136 target=12804 (999%)
[2026-09-06T23:26:51Z INFO  minertim] H/s 1m:2290.3 5m:1959.3 10m:2060.0 | Shares: 160/1 (found:161) | Diff: 335439 | 37s elapsed (since last share, avg 2m26s) | best=136 target=12804 (999%)
[2026-09-06T23:26:56Z INFO  minertim::pool_connection] New job: Kiobl8H7RFwfGu5C (difficulty: 335439, target: 04320000)
[2026-09-06T23:26:59Z INFO  minertim::pool_connection] New job: UdY0NnOFlZUq6ZS4 (difficulty: 335439, target: 04320000)
[2026-09-06T23:27:01Z INFO  minertim] H/s 1m:2291.8 5m:1959.2 10m:2061.0 | Shares: 160/1 (found:161) | Diff: 335439 | 47s elapsed (since last share, avg 2m26s) | best=136 target=12804 (999%)
[2026-09-06T23:27:11Z INFO  minertim] H/s 1m:2300.6 5m:1958.5 10m:2062.0 | Shares: 160/1 (found:161) | Diff: 335439 | 57s elapsed (since last share, avg 2m25s) | best=136 target=12804 (999%)
[2026-09-06T23:27:18Z INFO  minertim::pool_connection] New job: MXkHZpyI4oo63unL (difficulty: 335439, target: 04320000)
[2026-09-06T23:27:21Z INFO  minertim] H/s 1m:2299.3 5m:1969.2 10m:2063.0 | Shares: 160/1 (found:161) | Diff: 335439 | 1m7s elapsed (since last share, avg 2m25s) | best=136 target=12804 (999%)
[2026-09-06T23:27:26Z INFO  minertim::pool_connection] New job: prMbtalLPAjLix0W (difficulty: 243465, target: e9440000)
[2026-09-06T23:27:31Z INFO  minertim] H/s 1m:2300.7 5m:1989.7 10m:2064.0 | Shares: 160/1 (found:161) | Diff: 243465 | 1m17s elapsed (since last share, avg 1m45s) | best=136 target=17641 (999%)
[2026-09-06T23:27:38Z INFO  minertim::pool_connection] New job: eXU14tI07cIxxIyd (difficulty: 243465, target: e9440000)
[2026-09-06T23:27:41Z INFO  minertim] H/s 1m:2299.8 5m:2009.6 10m:2064.9 | Shares: 160/1 (found:161) | Diff: 243465 | 1m27s elapsed (since last share, avg 1m45s) | best=136 target=17641 (999%)
[2026-09-06T23:27:51Z INFO  minertim] H/s 1m:2296.9 5m:2030.0 10m:2065.8 | Shares: 160/1 (found:161) | Diff: 243465 | 1m37s elapsed (since last share, avg 1m45s) | best=136 target=17641 (999%)
[2026-09-06T23:27:58Z INFO  minertim::pool_connection] New job: Fora2gbTF7jp6v04 (difficulty: 243465, target: e9440000)
[2026-09-06T23:28:01Z INFO  minertim] H/s 1m:2298.8 5m:2050.7 10m:2066.8 | Shares: 160/1 (found:161) | Diff: 243465 | 1m47s elapsed (since last share, avg 1m45s) | best=136 target=17641 (999%)
[2026-09-06T23:28:11Z INFO  minertim] H/s 1m:2301.8 5m:2071.5 10m:2076.9 | Shares: 160/1 (found:161) | Diff: 243465 | 1m57s elapsed (since last share, avg 1m45s) | best=136 target=17641 (999%)
[2026-09-06T23:28:18Z INFO  minertim::pool_connection] New job: k50u4FkP7DUn6y7o (difficulty: 243465, target: e9440000)
[2026-09-06T23:28:21Z INFO  minertim] H/s 1m:2299.1 5m:2091.7 10m:2082.4 | Shares: 160/1 (found:161) | Diff: 243465 | 2m7s elapsed (since last share, avg 1m45s) | best=136 target=17641 (999%)
[2026-09-06T23:28:26Z INFO  minertim::pool_connection] New job: WAxct00epwfWwKx2 (difficulty: 182593, target: e25b0000)
[2026-09-06T23:28:31Z INFO  minertim] H/s 1m:2303.1 5m:2112.6 10m:2087.8 | Shares: 160/1 (found:161) | Diff: 182593 | 2m17s elapsed (since last share, avg 1m19s) | best=136 target=23522 (999%)
[2026-09-06T23:28:38Z INFO  minertim::pool_connection] New job: 0sn2FHObvzsV0Kw7 (difficulty: 182593, target: e25b0000)
[2026-09-06T23:28:41Z INFO  minertim] H/s 1m:2306.7 5m:2152.7 10m:2088.9 | Shares: 160/1 (found:161) | Diff: 182593 | 2m27s elapsed (since last share, avg 1m19s) | best=136 target=23522 (999%)
[2026-09-06T23:28:51Z INFO  minertim] H/s 1m:2304.5 5m:2210.9 10m:2089.7 | Shares: 160/1 (found:161) | Diff: 182593 | 2m37s elapsed (since last share, avg 1m19s) | best=136 target=23522 (999%)
[2026-09-06T23:28:58Z INFO  minertim::pool_connection] New job: qZnmtv1QlCdZHEnL (difficulty: 182593, target: e25b0000)
[2026-09-06T23:29:01Z INFO  minertim] H/s 1m:2299.9 5m:2224.9 10m:2090.6 | Shares: 160/1 (found:161) | Diff: 182593 | 2m47s elapsed (since last share, avg 1m19s) | best=136 target=23522 (999%)
[2026-09-06T23:29:11Z INFO  minertim] H/s 1m:2300.4 5m:2234.5 10m:2091.5 | Shares: 160/1 (found:161) | Diff: 182593 | 2m57s elapsed (since last share, avg 1m19s) | best=136 target=23522 (999%)
[2026-09-06T23:29:18Z INFO  minertim::pool_connection] New job: cu01LudCgpn54FvD (difficulty: 182593, target: e25b0000)
[2026-09-06T23:29:21Z INFO  minertim] H/s 1m:2297.8 5m:2234.0 10m:2092.5 | Shares: 160/1 (found:161) | Diff: 182593 | 3m8s elapsed (since last share, avg 1m19s) | best=136 target=23522 (999%)
[2026-09-06T23:29:26Z INFO  minertim::pool_connection] New job: wIGP2xReS94DiJ3z (difficulty: 136948, target: 827a0000)
[2026-09-06T23:29:31Z INFO  minertim] H/s 1m:2295.8 5m:2253.4 10m:2093.6 | Shares: 160/1 (found:161) | Diff: 136948 | 3m18s elapsed (since last share, avg 59s) | best=136 target=31362 (999%)
[2026-09-06T23:29:38Z INFO  minertim::pool_connection] New job: WBRUyiKIaQe9cPN3 (difficulty: 136948, target: 827a0000)
[2026-09-06T23:29:41Z INFO  minertim] H/s 1m:2296.1 5m:2261.8 10m:2094.5 | Shares: 160/1 (found:161) | Diff: 136948 | 3m28s elapsed (since last share, avg 59s) | best=136 target=31362 (999%)
[2026-09-06T23:29:51Z INFO  minertim] H/s 1m:2296.2 5m:2261.2 10m:2095.4 | Shares: 160/1 (found:161) | Diff: 136948 | 3m38s elapsed (since last share, avg 59s) | best=136 target=31362 (999%)
[2026-09-06T23:29:57Z INFO  minertim::pool_connection] New job: aovhovIEt01oAnaX (difficulty: 136948, target: 827a0000)
[2026-09-06T23:30:01Z INFO  minertim] H/s 1m:2301.3 5m:2276.8 10m:2096.8 | Shares: 160/1 (found:161) | Diff: 136948 | 3m48s elapsed (since last share, avg 59s) | best=136 target=31362 (999%)
[2026-09-06T23:30:11Z INFO  minertim] H/s 1m:2305.6 5m:2296.5 10m:2098.1 | Shares: 160/1 (found:161) | Diff: 136948 | 3m58s elapsed (since last share, avg 59s) | best=136 target=31362 (999%)
[2026-09-06T23:30:17Z INFO  minertim::pool_connection] New job: hUZRLI1ntl8ajLOH (difficulty: 136948, target: 827a0000)
[2026-09-06T23:30:21Z INFO  minertim] H/s 1m:2305.2 5m:2299.0 10m:2099.2 | Shares: 160/1 (found:161) | Diff: 136948 | 4m8s elapsed (since last share, avg 59s) | best=136 target=31362 (999%)
[2026-09-06T23:30:26Z INFO  minertim::pool_connection] New job: MgYSjsBip4NEz8wS (difficulty: 102711, target: 58a30000)
[2026-09-06T23:30:31Z INFO  minertim] H/s 1m:2306.3 5m:2299.6 10m:2104.8 | Shares: 160/1 (found:161) | Diff: 102711 | 4m18s elapsed (since last share, avg 44s) | best=136 target=41816 (999%)
[2026-09-06T23:30:37Z INFO  minertim::pool_connection] New job: A0C5Cf8VaDcEI7n4 (difficulty: 102711, target: 58a30000)
[2026-09-06T23:30:41Z INFO  minertim] H/s 1m:2310.4 5m:2300.2 10m:2115.1 | Shares: 160/1 (found:161) | Diff: 102711 | 4m28s elapsed (since last share, avg 44s) | best=136 target=41816 (999%)
[2026-09-06T23:30:48Z INFO  minertim::miner] Worker 3 SHARE FOUND! job_id=A0C5Cf8VaDcEI7n4, nonce=27f71401, hash_val=25225, difficulty=102711, hash=78b650b032d06ea8c4a48fa14341fbe21d9584914ad73cc7a3af656689620000
[2026-09-06T23:30:51Z INFO  minertim] H/s 1m:2251.5 5m:2290.4 10m:2114.2 | Shares: 160/1 (found:162) | Diff: 102711 | 3s elapsed (since last share, avg 45s) | best=136 target=41816 (999%)
[2026-09-06T23:30:57Z INFO  minertim::pool_connection] New job: VEeOHJAOJTdoZ6kB (difficulty: 102711, target: 58a30000)
[2026-09-06T23:30:57Z INFO  minertim::pool_connection] Share accepted by pool
[2026-09-06T23:31:01Z INFO  minertim] H/s 1m:2169.8 5m:2276.9 10m:2118.0 | Shares: 161/1 (found:162) | Diff: 102711 | 13s elapsed (since last share, avg 47s) | best=136 target=41816 (999%)
[2026-09-06T23:31:12Z INFO  minertim] H/s 1m:2167.7 5m:2278.3 10m:2121.0 | Shares: 161/1 (found:162) | Diff: 102711 | 23s elapsed (since last share, avg 47s) | best=136 target=41816 (999%)
[2026-09-06T23:31:17Z INFO  minertim::pool_connection] New job: SRVz3lgCHtqn0PTQ (difficulty: 102711, target: 58a30000)
[2026-09-06T23:31:22Z INFO  minertim] H/s 1m:2172.7 5m:2279.0 10m:2122.2 | Shares: 161/1 (found:162) | Diff: 102711 | 33s elapsed (since last share, avg 47s) | best=136 target=41816 (999%)
[2026-09-06T23:31:26Z INFO  minertim::pool_connection] New job: rJg1DZ0PIlGT0uyO (difficulty: 149094, target: 87700000)
[2026-09-06T23:31:32Z INFO  minertim] H/s 1m:2172.9 5m:2279.5 10m:2122.6 | Shares: 161/1 (found:162) | Diff: 149094 | 43s elapsed (since last share, avg 1m8s) | best=136 target=28807 (999%)
[2026-09-06T23:31:37Z INFO  minertim::pool_connection] New job: XLCyCF2A9ZBLzBIe (difficulty: 149094, target: 87700000)
[2026-09-06T23:31:42Z INFO  minertim] H/s 1m:2243.3 5m:2282.3 10m:2124.0 | Shares: 161/1 (found:162) | Diff: 149094 | 53s elapsed (since last share, avg 1m6s) | best=136 target=28807 (999%)
[2026-09-06T23:31:52Z INFO  minertim] H/s 1m:2336.0 5m:2284.5 10m:2125.1 | Shares: 161/1 (found:162) | Diff: 149094 | 1m4s elapsed (since last share, avg 1m3s) | best=136 target=28807 (999%)
[2026-09-06T23:31:56Z INFO  minertim::pool_connection] New job: 0peOdSvGFX4h4w8S (difficulty: 113716, target: 89930000)
[2026-09-06T23:31:57Z INFO  minertim::pool_connection] New job: sC6FFZZxbOH18VjZ (difficulty: 113716, target: 89930000)
[2026-09-06T23:31:57Z INFO  minertim::pool_connection] New job: YxP3dlPoqpPeWhM3 (difficulty: 113716, target: 89930000)
[2026-09-06T23:32:02Z INFO  minertim] H/s 1m:2353.4 5m:2287.4 10m:2126.2 | Shares: 161/1 (found:162) | Diff: 113716 | 1m14s elapsed (since last share, avg 48s) | best=136 target=37769 (999%)
[2026-09-06T23:32:12Z INFO  minertim] H/s 1m:2363.4 5m:2290.0 10m:2127.2 | Shares: 161/1 (found:162) | Diff: 113716 | 1m24s elapsed (since last share, avg 48s) | best=136 target=37769 (999%)
[2026-09-06T23:32:17Z INFO  minertim::pool_connection] New job: pp6EU2XpoFoRntXv (difficulty: 113716, target: 89930000)
[2026-09-06T23:32:22Z INFO  minertim] H/s 1m:2375.5 5m:2292.4 10m:2133.7 | Shares: 161/1 (found:162) | Diff: 113716 | 1m34s elapsed (since last share, avg 47s) | best=136 target=37769 (999%)
[2026-09-06T23:32:32Z INFO  minertim] H/s 1m:2375.8 5m:2295.3 10m:2145.1 | Shares: 161/1 (found:162) | Diff: 113716 | 1m44s elapsed (since last share, avg 47s) | best=136 target=37769 (999%)
[2026-09-06T23:32:37Z INFO  minertim::pool_connection] New job: zs0mAE4zpA9SKkT0 (difficulty: 113716, target: 89930000)
[2026-09-06T23:32:42Z INFO  minertim] H/s 1m:2375.6 5m:2298.1 10m:2156.3 | Shares: 161/1 (found:162) | Diff: 113716 | 1m54s elapsed (since last share, avg 47s) | best=136 target=37769 (999%)
[2026-09-06T23:32:50Z INFO  minertim::miner] Worker 1 SHARE FOUND! job_id=zs0mAE4zpA9SKkT0, nonce=71751901, hash_val=14641, difficulty=113716, hash=7bcdc80238d335d657ef8813bc587dc1a3f70e25e1c9fe0f7b98835531390000
[2026-09-06T23:32:52Z INFO  minertim] H/s 1m:2374.9 5m:2300.5 10m:2167.6 | Shares: 161/1 (found:163) | Diff: 113716 | 1s elapsed (since last share, avg 47s) | best=136 target=37769 (999%)
[2026-09-06T23:32:54Z INFO  minertim::miner] Worker 2 SHARE FOUND! job_id=zs0mAE4zpA9SKkT0, nonce=66e31301, hash_val=1637, difficulty=113716, hash=457ac34ba88e7ebe4036e973ba4b1e6ecd435986387202599f1f5aec65060000
[2026-09-06T23:32:55Z INFO  minertim::pool_connection] New job: ACSS5VLMJQhbbnk0 (difficulty: 113716, target: 89930000)
[2026-09-06T23:32:56Z INFO  minertim::pool_connection] Share accepted by pool
[2026-09-06T23:32:56Z INFO  minertim::pool_connection] Share accepted by pool
[2026-09-06T23:32:56Z INFO  minertim::pool_connection] New job: yFGS00fgiCtu0VXa (difficulty: 170577, target: 5b620000)
[2026-09-06T23:33:02Z INFO  minertim] H/s 1m:2328.8 5m:2294.7 10m:2175.1 | Shares: 163/1 (found:164) | Diff: 170577 | 8s elapsed (since last share, avg 1m13s) | best=136 target=25179 (999%)
[2026-09-06T23:33:12Z INFO  minertim] H/s 1m:2329.6 5m:2297.6 10m:2186.4 | Shares: 163/1 (found:164) | Diff: 170577 | 18s elapsed (since last share, avg 1m13s) | best=136 target=25179 (999%)
[2026-09-06T23:33:15Z INFO  minertim::pool_connection] New job: G4kOjEf4yLQI5l1A (difficulty: 170577, target: 5b620000)
[2026-09-06T23:33:22Z INFO  minertim] H/s 1m:2329.1 5m:2299.8 10m:2197.7 | Shares: 163/1 (found:164) | Diff: 170577 | 28s elapsed (since last share, avg 1m13s) | best=136 target=25179 (999%)
[2026-09-06T23:33:32Z INFO  minertim] H/s 1m:2329.4 5m:2302.0 10m:2209.1 | Shares: 163/1 (found:164) | Diff: 170577 | 38s elapsed (since last share, avg 1m13s) | best=136 target=25179 (999%)
[2026-09-06T23:33:35Z INFO  minertim::pool_connection] New job: I0FZt7AG3040pRFA (difficulty: 170577, target: 5b620000)
[2026-09-06T23:33:42Z INFO  minertim] H/s 1m:2329.7 5m:2304.8 10m:2229.9 | Shares: 163/1 (found:164) | Diff: 170577 | 48s elapsed (since last share, avg 1m13s) | best=136 target=25179 (999%)
[2026-09-06T23:33:52Z INFO  minertim] H/s 1m:2376.4 5m:2307.9 10m:2259.9 | Shares: 163/1 (found:164) | Diff: 170577 | 58s elapsed (since last share, avg 1m11s) | best=136 target=25179 (999%)
[2026-09-06T23:33:55Z INFO  minertim::pool_connection] New job: KuVYZMunHL1zSzeP (difficulty: 170577, target: 5b620000)
[2026-09-06T23:33:56Z INFO  minertim::pool_connection] New job: 5nM8aOWhX6FvCcxQ (difficulty: 127933, target: 24830000)
[2026-09-06T23:34:02Z INFO  minertim] H/s 1m:2376.5 5m:2310.7 10m:2268.3 | Shares: 163/1 (found:164) | Diff: 127933 | 1m8s elapsed (since last share, avg 53s) | best=136 target=33572 (999%)
[2026-09-06T23:34:12Z INFO  minertim] H/s 1m:2376.2 5m:2313.3 10m:2274.3 | Shares: 163/1 (found:164) | Diff: 127933 | 1m18s elapsed (since last share, avg 53s) | best=136 target=33572 (999%)
[2026-09-06T23:34:15Z INFO  minertim::pool_connection] New job: 5f9Ny2hDEkp4bo0U (difficulty: 127933, target: 24830000)
[2026-09-06T23:34:22Z INFO  minertim] H/s 1m:2376.1 5m:2315.9 10m:2275.4 | Shares: 163/1 (found:164) | Diff: 127933 | 1m28s elapsed (since last share, avg 53s) | best=136 target=33572 (999%)
[2026-09-06T23:34:32Z INFO  minertim] H/s 1m:2376.2 5m:2318.7 10m:2286.2 | Shares: 163/1 (found:164) | Diff: 127933 | 1m38s elapsed (since last share, avg 53s) | best=136 target=33572 (999%)
[2026-09-06T23:34:35Z INFO  minertim::pool_connection] New job: svP51hLRR1j2ePsr (difficulty: 127933, target: 24830000)
[2026-09-06T23:34:42Z INFO  minertim] H/s 1m:2375.5 5m:2321.5 10m:2291.7 | Shares: 163/1 (found:164) | Diff: 127933 | 1m48s elapsed (since last share, avg 53s) | best=136 target=33572 (999%)
[2026-09-06T23:34:46Z INFO  minertim::miner] Worker 1 SHARE FOUND! job_id=svP51hLRR1j2ePsr, nonce=dd7d1d01, hash_val=3532, difficulty=127933, hash=ae468d4823c00c5ff11788c0abf5862b0ca90f39d4bf779db08d91aecc0d0000
[2026-09-06T23:34:52Z INFO  minertim] H/s 1m:2315.4 5m:2313.2 10m:2287.7 | Shares: 163/1 (found:165) | Diff: 127933 | 5s elapsed (since last share, avg 55s) | best=136 target=33572 (999%)
[2026-09-06T23:34:55Z INFO  minertim::pool_connection] New job: BP0LMxvDOLubLSeY (difficulty: 127933, target: 24830000)
[2026-09-06T23:34:55Z INFO  minertim::pool_connection] Share accepted by pool
[2026-09-06T23:34:56Z INFO  minertim::pool_connection] New job: AoLnvGP04NxUYLCG (difficulty: 97575, target: f1ab0000)
[2026-09-06T23:35:02Z INFO  minertim] H/s 1m:2269.7 5m:2307.1 10m:2292.5 | Shares: 164/1 (found:165) | Diff: 97575 | 15s elapsed (since last share, avg 42s) | best=136 target=44017 (999%)
[2026-09-06T23:35:12Z INFO  minertim] H/s 1m:2270.0 5m:2309.8 10m:2303.1 | Shares: 164/1 (found:165) | Diff: 97575 | 25s elapsed (since last share, avg 42s) | best=136 target=44017 (999%)
[2026-09-06T23:35:13Z INFO  minertim::pool_connection] New job: haa9XXjlRnyG5ZAN (difficulty: 97575, target: f1ab0000)
[2026-09-06T23:35:22Z INFO  minertim] H/s 1m:2270.2 5m:2312.4 10m:2305.6 | Shares: 164/1 (found:165) | Diff: 97575 | 35s elapsed (since last share, avg 42s) | best=136 target=44017 (999%)
[2026-09-06T23:35:32Z INFO  minertim] H/s 1m:2270.5 5m:2314.6 10m:2307.2 | Shares: 164/1 (found:165) | Diff: 97575 | 45s elapsed (since last share, avg 42s) | best=136 target=44017 (999%)
[2026-09-06T23:35:33Z INFO  minertim::pool_connection] New job: Sf3QRtHWh7RfpzqU (difficulty: 97575, target: f1ab0000)
[2026-09-06T23:35:42Z INFO  minertim] H/s 1m:2330.1 5m:2326.7 10m:2308.6 | Shares: 164/1 (found:165) | Diff: 97575 | 55s elapsed (since last share, avg 41s) | best=136 target=44017 (999%)
[2026-09-06T23:35:43Z INFO  minertim::miner] Worker 0 SHARE FOUND! job_id=Sf3QRtHWh7RfpzqU, nonce=b47f1701, hash_val=24445, difficulty=97575, hash=91f2b5ffc1a32793f540f3fd91ecb07c906e5b5db3866e045803a4757d5f0000
[2026-09-06T23:35:52Z INFO  minertim] H/s 1m:2317.7 5m:2332.7 10m:2304.7 | Shares: 164/1 (found:166) | Diff: 97575 | 8s elapsed (since last share, avg 42s) | best=136 target=44017 (999%)
[2026-09-06T23:35:53Z INFO  minertim::pool_connection] New job: 6PiuzLYlj12SBc6I (difficulty: 97575, target: f1ab0000)
[2026-09-06T23:35:53Z INFO  minertim::pool_connection] Share accepted by pool
[2026-09-06T23:35:59Z INFO  minertim::miner] Worker 3 SHARE FOUND! job_id=6PiuzLYlj12SBc6I, nonce=5be61f01, hash_val=33354, difficulty=97575, hash=9692db51d5ddecc7a86dadd2653f3fc34f893e62daefff5a3f17b9284a820000
[2026-09-06T23:36:02Z INFO  minertim] H/s 1m:2273.9 5m:2328.1 10m:2302.3 | Shares: 165/1 (found:167) | Diff: 97575 | 2s elapsed (since last share, avg 42s) | best=136 target=44017 (999%)
[2026-09-06T23:36:12Z INFO  minertim] H/s 1m:2156.4 5m:2309.6 10m:2294.5 | Shares: 165/1 (found:167) | Diff: 97575 | 12s elapsed (since last share, avg 45s) | best=136 target=44017 (999%)
[2026-09-06T23:36:13Z INFO  minertim::pool_connection] New job: gQDLp1B0Ehbj0jqh (difficulty: 97575, target: f1ab0000)
[2026-09-06T23:36:13Z INFO  minertim::pool_connection] Share accepted by pool
[2026-09-06T23:36:22Z INFO  minertim] H/s 1m:2125.0 5m:2306.4 10m:2293.0 | Shares: 166/1 (found:167) | Diff: 97575 | 22s elapsed (since last share, avg 45s) | best=136 target=44017 (999%)
[2026-09-06T23:36:32Z INFO  minertim] H/s 1m:2125.0 5m:2306.3 10m:2294.3 | Shares: 166/1 (found:167) | Diff: 97575 | 32s elapsed (since last share, avg 45s) | best=136 target=44017 (999%)
[2026-09-06T23:36:33Z INFO  minertim::pool_connection] New job: IadUdWy0A0qL5SBp (difficulty: 97575, target: f1ab0000)
[2026-09-06T23:36:35Z INFO  minertim::miner] Worker 3 SHARE FOUND! job_id=IadUdWy0A0qL5SBp, nonce=6bb22001, hash_val=20982, difficulty=97575, hash=07dff9e3302b9e3589fc7535bedcc3418b7210fd976560b706190d9ff6510000
[2026-09-06T23:36:42Z INFO  minertim] H/s 1m:2124.7 5m:2296.2 10m:2290.7 | Shares: 166/1 (found:168) | Diff: 97575 | 7s elapsed (since last share, avg 45s) | best=136 target=44017 (999%)
[2026-09-06T23:36:42Z INFO  minertim::miner] Worker 1 SHARE FOUND! job_id=IadUdWy0A0qL5SBp, nonce=fd652101, hash_val=20047, difficulty=97575, hash=722b5fc7a982bacb590b9ed80047bbdfd6a5e3917cb60b1ea22193684f4e0000
[2026-09-06T23:36:52Z INFO  minertim] H/s 1m:1933.3 5m:2255.7 10m:2271.9 | Shares: 166/1 (found:169) | Diff: 97575 | 9s elapsed (since last share, avg 50s) | best=136 target=44017 (999%)
[2026-09-06T23:36:52Z INFO  minertim::pool_connection] New job: hpMMaiyfDli50fUx (difficulty: 97575, target: f1ab0000)
[2026-09-06T23:36:53Z INFO  minertim::pool_connection] Share accepted by pool
[2026-09-06T23:36:53Z INFO  minertim::pool_connection] Share accepted by pool
[2026-09-06T23:36:54Z INFO  minertim::pool_connection] New job: enSlOxu2DvW5ijiN (difficulty: 97575, target: f1ab0000)
[2026-09-06T23:36:56Z INFO  minertim::pool_connection] New job: 0jQ3bHLePUC3pXhr (difficulty: 146361, target: a1720000)
[2026-09-06T23:37:02Z INFO  minertim] H/s 1m:1984.1 5m:2244.2 10m:2267.7 | Shares: 168/1 (found:169) | Diff: 146361 | 19s elapsed (since last share, avg 1m13s) | best=136 target=29345 (999%)
[2026-09-06T23:37:12Z INFO  minertim] H/s 1m:2015.7 5m:2244.3 10m:2269.0 | Shares: 168/1 (found:169) | Diff: 146361 | 29s elapsed (since last share, avg 1m12s) | best=136 target=29345 (999%)
[2026-09-06T23:37:14Z INFO  minertim::pool_connection] New job: 4aBe1D1Lky0KxGHL (difficulty: 146361, target: a1720000)
[2026-09-06T23:37:22Z INFO  minertim] H/s 1m:2015.6 5m:2244.2 10m:2270.2 | Shares: 168/1 (found:169) | Diff: 146361 | 39s elapsed (since last share, avg 1m12s) | best=136 target=29345 (999%)
[2026-09-06T23:37:32Z INFO  minertim] H/s 1m:2073.7 5m:2244.2 10m:2271.5 | Shares: 168/1 (found:169) | Diff: 146361 | 49s elapsed (since last share, avg 1m10s) | best=136 target=29345 (999%)
[2026-09-06T23:37:34Z INFO  minertim::pool_connection] New job: UZJx64sfnB1DiDDL (difficulty: 146361, target: a1720000)
[2026-09-06T23:37:41Z INFO  minertim::pool_connection] New job: 22c2zsQaqDlM0ZEk (difficulty: 146361, target: a1720000)
[2026-09-06T23:37:42Z INFO  minertim] H/s 1m:2308.7 5m:2244.2 10m:2272.9 | Shares: 168/1 (found:169) | Diff: 146361 | 59s elapsed (since last share, avg 1m3s) | best=136 target=29345 (999%)
[2026-09-06T23:37:52Z INFO  minertim] H/s 1m:2375.4 5m:2252.2 10m:2274.1 | Shares: 168/1 (found:169) | Diff: 146361 | 1m9s elapsed (since last share, avg 1m1s) | best=136 target=29345 (999%)
[2026-09-06T23:37:56Z INFO  minertim::pool_connection] New job: bSmK0l8ibzLetiyy (difficulty: 104546, target: 7aa00000)
[2026-09-06T23:38:01Z INFO  minertim::pool_connection] New job: fw2Tzwv704dQAN09 (difficulty: 104546, target: 7aa00000)
[2026-09-06T23:38:02Z INFO  minertim] H/s 1m:2375.5 5m:2252.3 10m:2275.2 | Shares: 168/1 (found:169) | Diff: 104546 | 1m19s elapsed (since last share, avg 44s) | best=136 target=41082 (999%)
[2026-09-06T23:38:12Z INFO  minertim] H/s 1m:2375.0 5m:2252.2 10m:2276.6 | Shares: 168/1 (found:169) | Diff: 104546 | 1m29s elapsed (since last share, avg 44s) | best=136 target=41082 (999%)
[2026-09-06T23:38:20Z INFO  minertim::pool_connection] New job: 7RsV6brwM9xQUzk2 (difficulty: 104546, target: 7aa00000)
[2026-09-06T23:38:22Z INFO  minertim] H/s 1m:2375.6 5m:2252.2 10m:2277.7 | Shares: 168/1 (found:169) | Diff: 104546 | 1m39s elapsed (since last share, avg 44s) | best=136 target=41082 (999%)
[2026-09-06T23:38:32Z INFO  minertim] H/s 1m:2375.9 5m:2252.2 10m:2278.8 | Shares: 168/1 (found:169) | Diff: 104546 | 1m49s elapsed (since last share, avg 44s) | best=136 target=41082 (999%)
[2026-09-06T23:38:40Z INFO  minertim::pool_connection] New job: WCU4AhKiTc0jrzKI (difficulty: 104546, target: 7aa00000)
[2026-09-06T23:38:42Z INFO  minertim] H/s 1m:2376.0 5m:2252.2 10m:2280.2 | Shares: 168/1 (found:169) | Diff: 104546 | 1m59s elapsed (since last share, avg 44s) | best=136 target=41082 (999%)
[2026-09-06T23:38:52Z INFO  minertim] H/s 1m:2376.0 5m:2252.2 10m:2281.7 | Shares: 168/1 (found:169) | Diff: 104546 | 2m9s elapsed (since last share, avg 44s) | best=136 target=41082 (999%)
[2026-09-06T23:38:56Z INFO  minertim::pool_connection] New job: 3LQwf8eU9m3xFNc0 (difficulty: 78408, target: f9d50000)
[2026-09-06T23:39:00Z INFO  minertim::pool_connection] New job: 0Q00sLyY0Xvo0aQq (difficulty: 78408, target: f9d50000)
[2026-09-06T23:39:02Z INFO  minertim] H/s 1m:2376.9 5m:2252.3 10m:2283.1 | Shares: 168/1 (found:169) | Diff: 78408 | 2m20s elapsed (since last share, avg 32s) | best=136 target=54777 (999%)
[2026-09-06T23:39:12Z INFO  minertim] H/s 1m:2376.5 5m:2252.2 10m:2284.4 | Shares: 168/1 (found:169) | Diff: 78408 | 2m30s elapsed (since last share, avg 32s) | best=136 target=54777 (999%)
[2026-09-06T23:39:13Z INFO  minertim::miner] Worker 2 SHARE FOUND! job_id=0Q00sLyY0Xvo0aQq, nonce=66952101, hash_val=5290, difficulty=78408, hash=b486cff9e98a562fd75cd9a0b67112805c15d6828d92f1744b6cccbcaa140000
[2026-09-06T23:39:20Z INFO  minertim::pool_connection] New job: HCCsLHG4nw9IN4x0 (difficulty: 78408, target: f9d50000)
[2026-09-06T23:39:20Z INFO  minertim::pool_connection] Share accepted by pool
[2026-09-06T23:39:22Z INFO  minertim] H/s 1m:2318.6 5m:2242.3 10m:2280.7 | Shares: 169/1 (found:170) | Diff: 78408 | 9s elapsed (since last share, avg 33s) | best=136 target=54777 (999%)
[2026-09-06T23:39:23Z INFO  minertim::pool_connection] New job: nZQQwByxn4Sn5c2V (difficulty: 78408, target: f9d50000)
[2026-09-06T23:39:26Z INFO  minertim::pool_connection] New job: 00GIWrhHH0HJzifQ (difficulty: 117612, target: a68e0000)
[2026-09-06T23:39:32Z INFO  minertim] H/s 1m:2318.9 5m:2242.4 10m:2282.1 | Shares: 169/1 (found:170) | Diff: 117612 | 19s elapsed (since last share, avg 50s) | best=136 target=36518 (999%)
[2026-09-06T23:39:42Z INFO  minertim] H/s 1m:2319.0 5m:2252.8 10m:2283.6 | Shares: 169/1 (found:170) | Diff: 117612 | 29s elapsed (since last share, avg 50s) | best=136 target=36518 (999%)
[2026-09-06T23:39:43Z INFO  minertim::pool_connection] New job: h3gMDuqd1HQfZVoy (difficulty: 117612, target: a68e0000)
[2026-09-06T23:39:52Z INFO  minertim] H/s 1m:2318.9 5m:2260.7 10m:2284.6 | Shares: 169/1 (found:170) | Diff: 117612 | 39s elapsed (since last share, avg 50s) | best=136 target=36518 (999%)
[2026-09-06T23:40:02Z INFO  minertim] H/s 1m:2319.3 5m:2260.7 10m:2285.5 | Shares: 169/1 (found:170) | Diff: 117612 | 49s elapsed (since last share, avg 50s) | best=136 target=36518 (999%)
[2026-09-06T23:40:02Z INFO  minertim::pool_connection] New job: JafSOJvMaUE96kUf (difficulty: 117612, target: a68e0000)
[2026-09-06T23:40:12Z INFO  minertim] H/s 1m:2376.6 5m:2260.6 10m:2286.8 | Shares: 169/1 (found:170) | Diff: 117612 | 59s elapsed (since last share, avg 49s) | best=136 target=36518 (999%)
[2026-09-06T23:40:15Z INFO  minertim::miner] Worker 2 SHARE FOUND! job_id=JafSOJvMaUE96kUf, nonce=0e912301, hash_val=22775, difficulty=117612, hash=7d3baa37207d5d972c7e7789f441228d2d8b6fdf206b2c4c567d603ff7580000
[2026-09-06T23:40:22Z INFO  minertim] H/s 1m:2258.5 5m:2240.4 10m:2278.1 | Shares: 169/1 (found:171) | Diff: 117612 | 7s elapsed (since last share, avg 52s) | best=136 target=36518 (999%)
[2026-09-06T23:40:22Z INFO  minertim::pool_connection] New job: rrGpDqMbubiCcq0w (difficulty: 117612, target: a68e0000)
[2026-09-06T23:40:23Z INFO  minertim::pool_connection] Share accepted by pool
[2026-09-06T23:40:26Z INFO  minertim::pool_connection] New job: jYT5GZJwonJ0rVKW (difficulty: 84009, target: b5c70000)
[2026-09-06T23:40:32Z INFO  minertim] H/s 1m:2255.5 5m:2239.9 10m:2278.9 | Shares: 170/1 (found:171) | Diff: 84009 | 17s elapsed (since last share, avg 37s) | best=136 target=51125 (999%)
[2026-09-06T23:40:42Z INFO  minertim] H/s 1m:2255.4 5m:2250.0 10m:2284.9 | Shares: 170/1 (found:171) | Diff: 84009 | 27s elapsed (since last share, avg 37s) | best=136 target=51125 (999%)
[2026-09-06T23:40:42Z INFO  minertim::pool_connection] New job: AoeWXTi7U1FiUVxa (difficulty: 84009, target: b5c70000)
[2026-09-06T23:40:52Z INFO  minertim] H/s 1m:2255.3 5m:2257.5 10m:2292.8 | Shares: 170/1 (found:171) | Diff: 84009 | 37s elapsed (since last share, avg 37s) | best=136 target=51125 (999%)
[2026-09-06T23:40:57Z INFO  minertim::miner] Worker 3 SHARE FOUND! job_id=AoeWXTi7U1FiUVxa, nonce=db912901, hash_val=49527, difficulty=84009, hash=69a8bb0b1a302b778ca75d7d6968cacb83ad8375c4fa63894fb49ca377c10000
[2026-09-06T23:41:02Z INFO  minertim::pool_connection] New job: 6ewitAt0ztpxl9IO (difficulty: 84009, target: b5c70000)
[2026-09-06T23:41:02Z INFO  minertim] H/s 1m:2251.7 5m:2277.0 10m:2293.9 | Shares: 170/1 (found:172) | Diff: 84009 | 4s elapsed (since last share, avg 37s) | best=136 target=51125 (999%)
[2026-09-06T23:41:02Z INFO  minertim::pool_connection] Share accepted by pool
[2026-09-06T23:41:12Z INFO  minertim] H/s 1m:2369.8 5m:2282.6 10m:2294.8 | Shares: 171/1 (found:172) | Diff: 84009 | 14s elapsed (since last share, avg 35s) | best=136 target=51125 (999%)
[2026-09-06T23:41:13Z INFO  minertim::miner] Worker 2 SHARE FOUND! job_id=6ewitAt0ztpxl9IO, nonce=3e642501, hash_val=42690, difficulty=84009, hash=c682e1b0ed6f6789355fb7fa60cfd6358ec432fa3e49c4568ec44c3dc2a60000
[2026-09-06T23:41:22Z INFO  minertim::pool_connection] New job: rtK1jG1dFgDWOCU1 (difficulty: 84009, target: b5c70000)
[2026-09-06T23:41:22Z INFO  minertim::pool_connection] Share accepted by pool
[2026-09-06T23:41:22Z INFO  minertim] H/s 1m:2318.1 5m:2273.2 10m:2291.2 | Shares: 172/1 (found:173) | Diff: 84009 | 9s elapsed (since last share, avg 36s) | best=136 target=51125 (999%)
[2026-09-06T23:41:26Z INFO  minertim::pool_connection] New job: i9IE83Y0WynfBkhx (difficulty: 126014, target: 23850000)
[2026-09-06T23:41:30Z INFO  minertim::miner] Worker 2 SHARE FOUND! job_id=i9IE83Y0WynfBkhx, nonce=c2af2501, hash_val=1368, difficulty=126014, hash=fd07ee72648401d64a1c7cb63e82182a77c3066757caeb49e2bec28358050000
[2026-09-06T23:41:32Z INFO  minertim] H/s 1m:2259.3 5m:2273.2 10m:2286.3 | Shares: 172/1 (found:174) | Diff: 126014 | 2s elapsed (since last share, avg 55s) | best=136 target=34083 (999%)
[2026-09-06T23:41:42Z INFO  minertim::pool_connection] New job: KnxLwIKXcTRNcbl2 (difficulty: 126014, target: 23850000)
[2026-09-06T23:41:42Z INFO  minertim::pool_connection] Share accepted by pool
[2026-09-06T23:41:42Z INFO  minertim] H/s 1m:2179.8 5m:2300.0 10m:2279.5 | Shares: 173/1 (found:174) | Diff: 126014 | 12s elapsed (since last share, avg 57s) | best=136 target=34083 (999%)
[2026-09-06T23:41:48Z INFO  minertim::miner] Worker 0 SHARE FOUND! job_id=KnxLwIKXcTRNcbl2, nonce=24632401, hash_val=23549, difficulty=126014, hash=4e792a0ad0df0d9e7f17d891d495aaff9709dfd4180c4626596dcd4ffd5b0000
[2026-09-06T23:41:52Z INFO  minertim] H/s 1m:2125.8 5m:2301.5 10m:2274.6 | Shares: 173/1 (found:175) | Diff: 126014 | 4s elapsed (since last share, avg 59s) | best=136 target=34083 (999%)
[2026-09-06T23:41:56Z INFO  minertim::pool_connection] New job: ce4djzGLkvgTuXo0 (difficulty: 189022, target: c2580000)
[2026-09-06T23:41:56Z INFO  minertim::pool_connection] Share accepted by pool
[2026-09-06T23:42:02Z INFO  minertim::pool_connection] New job: AnKI8UywJOZboy1y (difficulty: 189022, target: c2580000)
[2026-09-06T23:42:02Z INFO  minertim] H/s 1m:2124.2 5m:2301.3 10m:2274.5 | Shares: 174/1 (found:175) | Diff: 189022 | 14s elapsed (since last share, avg 1m28s) | best=136 target=22722 (999%)
[2026-09-06T23:42:12Z INFO  minertim] H/s 1m:2178.7 5m:2301.3 10m:2274.6 | Shares: 174/1 (found:175) | Diff: 189022 | 24s elapsed (since last share, avg 1m26s) | best=136 target=22722 (999%)
[2026-09-06T23:42:13Z INFO  minertim::pool_connection] New job: TuWMQKU81H0WueZo (difficulty: 189022, target: c2580000)
[2026-09-06T23:42:22Z INFO  minertim] H/s 1m:2237.3 5m:2301.4 10m:2274.5 | Shares: 174/1 (found:175) | Diff: 189022 | 34s elapsed (since last share, avg 1m24s) | best=136 target=22722 (999%)
[2026-09-06T23:42:26Z INFO  minertim::pool_connection] New job: QAdmMqNEpNeWzipY (difficulty: 283533, target: 2c3b0000)
[2026-09-06T23:42:32Z INFO  minertim] H/s 1m:2317.0 5m:2301.5 10m:2274.6 | Shares: 174/1 (found:175) | Diff: 283533 | 44s elapsed (since last share, avg 2m2s) | best=136 target=15148 (999%)
[2026-09-06T23:42:33Z INFO  minertim::pool_connection] New job: uvRh0yNXO0dfaLoR (difficulty: 283533, target: 2c3b0000)
[2026-09-06T23:42:42Z INFO  minertim] H/s 1m:2375.0 5m:2301.4 10m:2274.6 | Shares: 174/1 (found:175) | Diff: 283533 | 54s elapsed (since last share, avg 1m59s) | best=136 target=15148 (999%)
[2026-09-06T23:42:52Z INFO  minertim] H/s 1m:2376.3 5m:2301.4 10m:2278.5 | Shares: 174/1 (found:175) | Diff: 283533 | 1m4s elapsed (since last share, avg 1m59s) | best=136 target=15148 (999%)
[2026-09-06T23:42:53Z INFO  minertim::pool_connection] New job: D5BP86EygQsqcoxT (difficulty: 283533, target: 2c3b0000)
[2026-09-06T23:42:56Z INFO  minertim::pool_connection] New job: 4Bowry0RLOYbfQwY (difficulty: 212653, target: e54e0000)
[2026-09-06T23:43:02Z INFO  minertim] H/s 1m:2376.3 5m:2301.6 10m:2278.5 | Shares: 174/1 (found:175) | Diff: 212653 | 1m14s elapsed (since last share, avg 1m29s) | best=136 target=20197 (999%)
[2026-09-06T23:43:12Z INFO  minertim::miner] Worker 2 SHARE FOUND! job_id=4Bowry0RLOYbfQwY, nonce=32f22801, hash_val=473, difficulty=212653, hash=623445ec1cb037c75724c65389b5fe26430e7b9d80bab476ba88e72dd9010000
[2026-09-06T23:43:12Z INFO  minertim] H/s 1m:2317.1 5m:2291.3 10m:2273.5 | Shares: 174/1 (found:176) | Diff: 212653 | 0s elapsed (since last share, avg 1m31s) | best=136 target=20197 (999%)
[2026-09-06T23:43:12Z INFO  minertim::pool_connection] New job: VVUxW8P4KxXS3mL5 (difficulty: 212653, target: e54e0000)
[2026-09-06T23:43:13Z INFO  minertim::pool_connection] Share accepted by pool
[2026-09-06T23:43:22Z INFO  minertim] H/s 1m:2314.3 5m:2290.8 10m:2273.3 | Shares: 175/1 (found:176) | Diff: 212653 | 10s elapsed (since last share, avg 1m31s) | best=136 target=20197 (999%)
[2026-09-06T23:43:26Z INFO  minertim::pool_connection] New job: sKn26nZzkFc2cOpX (difficulty: 318996, target: 98340000)
[2026-09-06T23:43:32Z INFO  minertim] H/s 1m:2314.1 5m:2290.8 10m:2273.3 | Shares: 175/1 (found:176) | Diff: 318996 | 20s elapsed (since last share, avg 2m17s) | best=136 target=13464 (999%)
[2026-09-06T23:43:32Z INFO  minertim::pool_connection] New job: RDnqLGtkRtUYjAtd (difficulty: 318996, target: 98340000)
[2026-09-06T23:43:42Z INFO  minertim] H/s 1m:2313.5 5m:2290.7 10m:2273.2 | Shares: 175/1 (found:176) | Diff: 318996 | 30s elapsed (since last share, avg 2m17s) | best=136 target=13464 (999%)
[2026-09-06T23:43:50Z INFO  minertim::pool_connection] New job: g6KnZb24xnIprgAu (difficulty: 318996, target: 98340000)
[2026-09-06T23:43:52Z INFO  minertim::pool_connection] New job: WLTg2ap94dETzhz4 (difficulty: 318996, target: 98340000)
[2026-09-06T23:43:52Z INFO  minertim] H/s 1m:2313.6 5m:2290.7 10m:2273.2 | Shares: 175/1 (found:176) | Diff: 318996 | 40s elapsed (since last share, avg 2m17s) | best=136 target=13464 (999%)
[2026-09-06T23:43:55Z INFO  minertim::miner] Worker 3 SHARE FOUND! job_id=WLTg2ap94dETzhz4, nonce=33d42f01, hash_val=9372, difficulty=318996, hash=796430cf35e862f9ee695db686a71b37bc6e4b36cbfa6543bb362c7e9c240000
[2026-09-06T23:44:02Z INFO  minertim] H/s 1m:2255.5 5m:2270.4 10m:2263.3 | Shares: 175/1 (found:177) | Diff: 318996 | 7s elapsed (since last share, avg 2m21s) | best=136 target=13464 (999%)
[2026-09-06T23:44:12Z INFO  minertim::pool_connection] New job: LofhWcc9I1pK6Yed (difficulty: 318996, target: 98340000)
[2026-09-06T23:44:12Z INFO  minertim::pool_connection] Share accepted by pool
[2026-09-06T23:44:12Z INFO  minertim] H/s 1m:2171.6 5m:2265.5 10m:2255.9 | Shares: 176/1 (found:177) | Diff: 318996 | 17s elapsed (since last share, avg 2m26s) | best=136 target=13464 (999%)
[2026-09-06T23:44:19Z INFO  minertim::pool_connection] New job: RgdSaDdmdXouMW7d (difficulty: 318996, target: 98340000)
[2026-09-06T23:44:22Z INFO  minertim] H/s 1m:2172.9 5m:2265.6 10m:2256.0 | Shares: 176/1 (found:177) | Diff: 318996 | 27s elapsed (since last share, avg 2m26s) | best=136 target=13464 (999%)
[2026-09-06T23:44:26Z INFO  minertim::pool_connection] New job: uO2cDWicDQ0Q60kT (difficulty: 243285, target: f6440000)
[2026-09-06T23:44:32Z INFO  minertim] H/s 1m:2173.0 5m:2265.5 10m:2256.1 | Shares: 176/1 (found:177) | Diff: 243285 | 37s elapsed (since last share, avg 1m51s) | best=136 target=17654 (999%)
[2026-09-06T23:44:39Z INFO  minertim::pool_connection] New job: KzVD0PfSeHuM5nup (difficulty: 243285, target: f6440000)
[2026-09-06T23:44:42Z INFO  minertim] H/s 1m:2172.9 5m:2265.5 10m:2261.1 | Shares: 176/1 (found:177) | Diff: 243285 | 47s elapsed (since last share, avg 1m51s) | best=136 target=17654 (999%)
[2026-09-06T23:44:47Z INFO  minertim::miner] Worker 2 SHARE FOUND! job_id=KzVD0PfSeHuM5nup, nonce=d65e2c01, hash_val=197, difficulty=243285, hash=9a86a245c21a82f9bd10d0bf89cfa65fce4f99f7ee2c04a96bf4a3cdc5000000
[2026-09-06T23:44:52Z INFO  minertim] H/s 1m:2231.3 5m:2255.3 10m:2260.0 | Shares: 176/1 (found:178) | Diff: 243285 | 5s elapsed (since last share, avg 1m49s) | best=136 target=17654 (999%)
[2026-09-06T23:44:59Z INFO  minertim::pool_connection] New job: Vn0q5ODxxvxpAWCv (difficulty: 243285, target: f6440000)
[2026-09-06T23:44:59Z INFO  minertim::pool_connection] Share accepted by pool
[2026-09-06T23:45:02Z INFO  minertim] H/s 1m:2252.1 5m:2244.0 10m:2254.4 | Shares: 177/1 (found:178) | Diff: 243285 | 15s elapsed (since last share, avg 1m48s) | best=136 target=17654 (999%)
[2026-09-06T23:45:12Z INFO  minertim] H/s 1m:2251.4 5m:2264.4 10m:2254.4 | Shares: 177/1 (found:178) | Diff: 243285 | 25s elapsed (since last share, avg 1m48s) | best=136 target=17654 (999%)
[2026-09-06T23:45:18Z INFO  minertim::pool_connection] New job: H3xOZ0ZjS0WofwrI (difficulty: 243285, target: f6440000)
[2026-09-06T23:45:22Z INFO  minertim] H/s 1m:2251.7 5m:2264.8 10m:2254.5 | Shares: 177/1 (found:178) | Diff: 243285 | 35s elapsed (since last share, avg 1m48s) | best=136 target=17654 (999%)
[2026-09-06T23:45:32Z INFO  minertim] H/s 1m:2251.6 5m:2264.8 10m:2254.5 | Shares: 177/1 (found:178) | Diff: 243285 | 45s elapsed (since last share, avg 1m48s) | best=136 target=17654 (999%)
[2026-09-06T23:45:38Z INFO  minertim::pool_connection] New job: f10HgnfbDTdvP5cJ (difficulty: 243285, target: f6440000)
[2026-09-06T23:45:42Z INFO  minertim] H/s 1m:2310.5 5m:2264.8 10m:2259.4 | Shares: 177/1 (found:178) | Diff: 243285 | 55s elapsed (since last share, avg 1m45s) | best=136 target=17654 (999%)
[2026-09-06T23:45:52Z INFO  minertim] H/s 1m:2375.8 5m:2265.5 10m:2263.1 | Shares: 177/1 (found:178) | Diff: 243285 | 1m5s elapsed (since last share, avg 1m42s) | best=136 target=17654 (999%)
[2026-09-06T23:45:58Z INFO  minertim::pool_connection] New job: n0R8EYZWjtBQVJB5 (difficulty: 243285, target: f6440000)
[2026-09-06T23:46:02Z INFO  minertim] H/s 1m:2375.7 5m:2265.4 10m:2273.0 | Shares: 177/1 (found:178) | Diff: 243285 | 1m15s elapsed (since last share, avg 1m42s) | best=136 target=17654 (999%)
[2026-09-06T23:46:10Z INFO  minertim::pool_connection] New job: w0ngkcLwl1z00ddP (difficulty: 243285, target: f6440000)
[2026-09-06T23:46:12Z INFO  minertim] H/s 1m:2375.6 5m:2274.7 10m:2275.7 | Shares: 177/1 (found:178) | Diff: 243285 | 1m25s elapsed (since last share, avg 1m42s) | best=136 target=17654 (999%)
[2026-09-06T23:46:22Z INFO  minertim] H/s 1m:2375.5 5m:2284.9 10m:2275.7 | Shares: 177/1 (found:178) | Diff: 243285 | 1m35s elapsed (since last share, avg 1m42s) | best=136 target=17654 (999%)
[2026-09-06T23:46:26Z INFO  minertim::pool_connection] New job: E8sxH3CpOdn8T7pj (difficulty: 163406, target: ac660000)
[2026-09-06T23:46:30Z INFO  minertim::pool_connection] New job: MDahhZYXg84VJZ0V (difficulty: 163406, target: ac660000)
[2026-09-06T23:46:32Z INFO  minertim::miner] Worker 1 SHARE FOUND! job_id=MDahhZYXg84VJZ0V, nonce=65773601, hash_val=294, difficulty=163406, hash=6e3e730dac7582fa270cd9447ac9d59fda8c09741771ef46e9fdf7f226010000
[2026-09-06T23:46:32Z INFO  minertim] H/s 1m:2376.0 5m:2298.6 10m:2280.7 | Shares: 177/1 (found:179) | Diff: 163406 | 0s elapsed (since last share, avg 1m8s) | best=136 target=26284 (999%)
[2026-09-06T23:46:42Z INFO  minertim] H/s 1m:2259.4 5m:2288.5 10m:2290.7 | Shares: 177/1 (found:179) | Diff: 163406 | 10s elapsed (since last share, avg 1m12s) | best=136 target=26284 (999%)
[2026-09-06T23:46:50Z INFO  minertim::pool_connection] New job: j0w0xrLtxuATGv3Y (difficulty: 163406, target: ac660000)
[2026-09-06T23:46:50Z INFO  minertim::pool_connection] Share accepted by pool
[2026-09-06T23:46:52Z INFO  minertim] H/s 1m:2190.9 5m:2276.9 10m:2290.6 | Shares: 178/1 (found:179) | Diff: 163406 | 20s elapsed (since last share, avg 1m14s) | best=136 target=26284 (999%)
[2026-09-06T23:46:56Z INFO  minertim::pool_connection] New job: YPILkDWeksKSBDNZ (difficulty: 245104, target: 73440000)
[2026-09-06T23:47:02Z INFO  minertim] H/s 1m:2191.4 5m:2276.9 10m:2290.6 | Shares: 178/1 (found:179) | Diff: 245104 | 30s elapsed (since last share, avg 1m51s) | best=136 target=17523 (999%)
[2026-09-06T23:47:10Z INFO  minertim::pool_connection] New job: hfjzN6qCFt0ldnLf (difficulty: 245104, target: 73440000)
[2026-09-06T23:47:12Z INFO  minertim] H/s 1m:2191.6 5m:2277.0 10m:2290.6 | Shares: 178/1 (found:179) | Diff: 245104 | 40s elapsed (since last share, avg 1m51s) | best=136 target=17523 (999%)
[2026-09-06T23:47:22Z INFO  minertim] H/s 1m:2191.4 5m:2276.9 10m:2290.7 | Shares: 178/1 (found:179) | Diff: 245104 | 50s elapsed (since last share, avg 1m51s) | best=136 target=17523 (999%)
[2026-09-06T23:47:30Z INFO  minertim::pool_connection] New job: PtlvzlGMFMgaDSCj (difficulty: 245104, target: 73440000)
[2026-09-06T23:47:32Z INFO  minertim] H/s 1m:2308.1 5m:2276.9 10m:2290.7 | Shares: 178/1 (found:179) | Diff: 245104 | 1m0s elapsed (since last share, avg 1m46s) | best=136 target=17523 (999%)
[2026-09-06T23:47:33Z INFO  minertim::miner] Worker 1 SHARE FOUND! job_id=PtlvzlGMFMgaDSCj, nonce=b5063801, hash_val=3745, difficulty=245104, hash=e70fb85003e049374288a123893565322dceaee93848bd10180af4d1a10e0000
[2026-09-06T23:47:42Z INFO  minertim] H/s 1m:2259.2 5m:2256.7 10m:2280.7 | Shares: 178/1 (found:180) | Diff: 245104 | 9s elapsed (since last share, avg 1m48s) | best=136 target=17523 (999%)
[2026-09-06T23:47:50Z INFO  minertim::pool_connection] New job: 9DPqjnsZt7lp0M0E (difficulty: 245104, target: 73440000)
[2026-09-06T23:47:50Z INFO  minertim::pool_connection] Share accepted by pool
[2026-09-06T23:47:52Z INFO  minertim] H/s 1m:2176.3 5m:2242.4 10m:2273.7 | Shares: 179/1 (found:180) | Diff: 245104 | 19s elapsed (since last share, avg 1m52s) | best=136 target=17523 (999%)
[2026-09-06T23:47:56Z INFO  minertim::pool_connection] New job: 70K8NNOdG0jc0baU (difficulty: 183828, target: 445b0000)
[2026-09-06T23:48:03Z INFO  minertim] H/s 1m:2176.0 5m:2252.7 10m:2273.8 | Shares: 179/1 (found:180) | Diff: 183828 | 29s elapsed (since last share, avg 1m24s) | best=136 target=23364 (999%)
[2026-09-06T23:48:09Z INFO  minertim::pool_connection] New job: FU1Anbi0fOdcHYH5 (difficulty: 183828, target: 445b0000)
[2026-09-06T23:48:13Z INFO  minertim] H/s 1m:2176.2 5m:2253.1 10m:2273.8 | Shares: 179/1 (found:180) | Diff: 183828 | 39s elapsed (since last share, avg 1m24s) | best=136 target=23364 (999%)
[2026-09-06T23:48:23Z INFO  minertim] H/s 1m:2176.2 5m:2253.2 10m:2273.7 | Shares: 179/1 (found:180) | Diff: 183828 | 49s elapsed (since last share, avg 1m24s) | best=136 target=23364 (999%)
[2026-09-06T23:48:29Z INFO  minertim::pool_connection] New job: CRpmJiEQ0PvOMAnH (difficulty: 183828, target: 445b0000)
[2026-09-06T23:48:33Z INFO  minertim] H/s 1m:2293.3 5m:2253.2 10m:2273.7 | Shares: 179/1 (found:180) | Diff: 183828 | 59s elapsed (since last share, avg 1m20s) | best=136 target=23364 (999%)
[2026-09-06T23:48:43Z INFO  minertim] H/s 1m:2375.9 5m:2253.2 10m:2273.7 | Shares: 179/1 (found:180) | Diff: 183828 | 1m9s elapsed (since last share, avg 1m17s) | best=136 target=23364 (999%)
[2026-09-06T23:48:49Z INFO  minertim::pool_connection] New job: aPAikO8zB0r0Plrs (difficulty: 183828, target: 445b0000)
[2026-09-06T23:48:53Z INFO  minertim] H/s 1m:2376.0 5m:2273.5 10m:2273.7 | Shares: 179/1 (found:180) | Diff: 183828 | 1m19s elapsed (since last share, avg 1m17s) | best=136 target=23364 (999%)
[2026-09-06T23:48:56Z INFO  minertim::pool_connection] New job: DqPP02RmkVi3raL0 (difficulty: 125338, target: db850000)
[2026-09-06T23:49:03Z INFO  minertim] H/s 1m:2375.7 5m:2288.3 10m:2273.7 | Shares: 179/1 (found:180) | Diff: 125338 | 1m29s elapsed (since last share, avg 52s) | best=136 target=34267 (999%)
[2026-09-06T23:49:09Z INFO  minertim::pool_connection] New job: ej2F105vMUz04t8t (difficulty: 125338, target: db850000)
[2026-09-06T23:49:13Z INFO  minertim] H/s 1m:2376.0 5m:2288.2 10m:2278.6 | Shares: 179/1 (found:180) | Diff: 125338 | 1m39s elapsed (since last share, avg 52s) | best=136 target=34267 (999%)
[2026-09-06T23:49:16Z INFO  minertim::miner] Worker 1 SHARE FOUND! job_id=ej2F105vMUz04t8t, nonce=b52c3b01, hash_val=31145, difficulty=125338, hash=0c748945249432149096916b70e5b5f7f0c991a896cc158ce167da0fa9790000
[2026-09-06T23:49:23Z INFO  minertim] H/s 1m:2317.8 5m:2278.2 10m:2273.6 | Shares: 179/1 (found:181) | Diff: 125338 | 6s elapsed (since last share, avg 54s) | best=136 target=34267 (999%)
[2026-09-06T23:49:29Z INFO  minertim::pool_connection] New job: PKL0Tm1PFBJCYGFz (difficulty: 125338, target: db850000)
[2026-09-06T23:49:29Z INFO  minertim::pool_connection] Share accepted by pool
[2026-09-06T23:49:33Z INFO  minertim] H/s 1m:2219.7 5m:2261.2 10m:2265.3 | Shares: 180/1 (found:181) | Diff: 125338 | 16s elapsed (since last share, avg 56s) | best=136 target=34267 (999%)
[2026-09-06T23:49:39Z INFO  minertim::miner] Worker 3 SHARE FOUND! job_id=PKL0Tm1PFBJCYGFz, nonce=cfb73b01, hash_val=12289, difficulty=125338, hash=ef9d45cc19080e392cdaf512ef56916c92429f23bc404e80f0d4785b01300000
[2026-09-06T23:49:42Z INFO  minertim::pool_connection] New job: PQeq08viGzVLxQHC (difficulty: 125338, target: db850000)
[2026-09-06T23:49:43Z INFO  minertim] H/s 1m:2188.0 5m:2266.0 10m:2262.6 | Shares: 180/1 (found:182) | Diff: 125338 | 3s elapsed (since last share, avg 57s) | best=136 target=34267 (999%)
[2026-09-06T23:49:43Z INFO  minertim::pool_connection] Share accepted by pool
[2026-09-06T23:49:53Z INFO  minertim] H/s 1m:2188.9 5m:2277.4 10m:2262.6 | Shares: 181/1 (found:182) | Diff: 125338 | 13s elapsed (since last share, avg 57s) | best=136 target=34267 (999%)
[2026-09-06T23:49:56Z INFO  minertim::pool_connection] New job: YO0qpJHwuGwFsVZ4 (difficulty: 188004, target: 3d590000)
[2026-09-06T23:50:02Z INFO  minertim::pool_connection] New job: 75mPZ5ZWx8xlOBGO (difficulty: 188004, target: 3d590000)
[2026-09-06T23:50:03Z INFO  minertim] H/s 1m:2189.0 5m:2277.4 10m:2262.7 | Shares: 181/1 (found:182) | Diff: 188004 | 23s elapsed (since last share, avg 1m25s) | best=136 target=22845 (999%)
[2026-09-06T23:50:13Z INFO  minertim] H/s 1m:2247.2 5m:2277.4 10m:2272.7 | Shares: 181/1 (found:182) | Diff: 188004 | 33s elapsed (since last share, avg 1m23s) | best=136 target=22845 (999%)
[2026-09-06T23:50:13Z INFO  minertim::miner] Worker 3 SHARE FOUND! job_id=75mPZ5ZWx8xlOBGO, nonce=b7d33c01, hash_val=20535, difficulty=188004, hash=22a611404e71e566c2a09b5f937567758a608f7f1f02402ca16bd45137500000
[2026-09-06T23:50:22Z INFO  minertim::pool_connection] New job: BCQZcuhXXiDNupqO (difficulty: 188004, target: 3d590000)
[2026-09-06T23:50:23Z INFO  minertim::pool_connection] Share accepted by pool
[2026-09-06T23:50:23Z INFO  minertim] H/s 1m:2234.8 5m:2258.4 10m:2263.5 | Shares: 182/1 (found:183) | Diff: 188004 | 9s elapsed (since last share, avg 1m24s) | best=136 target=22845 (999%)
[2026-09-06T23:50:33Z INFO  minertim] H/s 1m:2267.4 5m:2258.6 10m:2263.6 | Shares: 182/1 (found:183) | Diff: 188004 | 19s elapsed (since last share, avg 1m22s) | best=136 target=22845 (999%)
[2026-09-06T23:50:42Z INFO  minertim::pool_connection] New job: vIkaNTvt5pV2rjhJ (difficulty: 188004, target: 3d590000)
[2026-09-06T23:50:43Z INFO  minertim] H/s 1m:2266.5 5m:2258.6 10m:2263.6 | Shares: 182/1 (found:183) | Diff: 188004 | 29s elapsed (since last share, avg 1m22s) | best=136 target=22845 (999%)
[2026-09-06T23:50:50Z INFO  minertim::pool_connection] New job: g1piXAJc0c0j8Tph (difficulty: 188004, target: 3d590000)
[2026-09-06T23:50:53Z INFO  minertim] H/s 1m:2266.4 5m:2258.6 10m:2264.0 | Shares: 182/1 (found:183) | Diff: 188004 | 39s elapsed (since last share, avg 1m22s) | best=136 target=22845 (999%)
[2026-09-06T23:51:03Z INFO  minertim] H/s 1m:2266.1 5m:2258.5 10m:2263.9 | Shares: 182/1 (found:183) | Diff: 188004 | 49s elapsed (since last share, avg 1m22s) | best=136 target=22845 (999%)
[2026-09-06T23:51:08Z INFO  minertim::pool_connection] New job: zNTgf4wBmftRPFXt (difficulty: 188004, target: 3d590000)
[2026-09-06T23:51:13Z INFO  minertim] H/s 1m:2376.1 5m:2258.5 10m:2268.4 | Shares: 182/1 (found:183) | Diff: 188004 | 59s elapsed (since last share, avg 1m19s) | best=136 target=22845 (999%)
[2026-09-06T23:51:16Z INFO  minertim::pool_connection] New job: p0IQa0lLlJfpAuzg (difficulty: 188004, target: 3d590000)
[2026-09-06T23:51:19Z INFO  minertim::miner] Worker 0 SHARE FOUND! job_id=p0IQa0lLlJfpAuzg, nonce=50ce3801, hash_val=6927, difficulty=188004, hash=4ad5bd8236d31562106a9b2ec85ba559f0588a79ecf48024564d96fe0f1b0000
[2026-09-06T23:51:23Z INFO  minertim] H/s 1m:2316.1 5m:2248.2 10m:2268.4 | Shares: 182/1 (found:184) | Diff: 188004 | 4s elapsed (since last share, avg 1m21s) | best=136 target=22845 (999%)
[2026-09-06T23:51:33Z INFO  minertim] H/s 1m:2199.6 5m:2248.3 10m:2265.3 | Shares: 182/1 (found:184) | Diff: 188004 | 14s elapsed (since last share, avg 1m25s) | best=136 target=22845 (999%)
[2026-09-06T23:51:36Z INFO  minertim::pool_connection] New job: FmjCSv7MlrG50dxn (difficulty: 188004, target: 3d590000)
[2026-09-06T23:51:37Z INFO  minertim::pool_connection] Share accepted by pool
[2026-09-06T23:51:43Z INFO  minertim] H/s 1m:2170.1 5m:2255.0 10m:2267.7 | Shares: 183/1 (found:184) | Diff: 188004 | 24s elapsed (since last share, avg 1m26s) | best=136 target=22845 (999%)
[2026-09-06T23:51:53Z INFO  minertim] H/s 1m:2170.1 5m:2254.8 10m:2267.8 | Shares: 183/1 (found:184) | Diff: 188004 | 34s elapsed (since last share, avg 1m26s) | best=136 target=22845 (999%)
[2026-09-06T23:51:56Z INFO  minertim::pool_connection] New job: qdgJKwyZ4NyOf9K8 (difficulty: 188004, target: 3d590000)
[2026-09-06T23:52:03Z INFO  minertim] H/s 1m:2170.6 5m:2254.8 10m:2267.8 | Shares: 183/1 (found:184) | Diff: 188004 | 44s elapsed (since last share, avg 1m26s) | best=136 target=22845 (999%)
[2026-09-06T23:52:13Z INFO  minertim] H/s 1m:2229.3 5m:2254.8 10m:2267.7 | Shares: 183/1 (found:184) | Diff: 188004 | 54s elapsed (since last share, avg 1m24s) | best=136 target=22845 (999%)
[2026-09-06T23:52:16Z INFO  minertim::pool_connection] New job: 0wFwBL8ZPZjaf1A0 (difficulty: 188004, target: 3d590000)
[2026-09-06T23:52:23Z INFO  minertim] H/s 1m:2345.6 5m:2254.7 10m:2267.7 | Shares: 183/1 (found:184) | Diff: 188004 | 1m4s elapsed (since last share, avg 1m20s) | best=136 target=22845 (999%)
[2026-09-06T23:52:33Z INFO  minertim] H/s 1m:2374.8 5m:2274.9 10m:2267.7 | Shares: 183/1 (found:184) | Diff: 188004 | 1m14s elapsed (since last share, avg 1m19s) | best=136 target=22845 (999%)
[2026-09-06T23:52:36Z INFO  minertim::pool_connection] New job: kodFhteYmhOlYM3N (difficulty: 188004, target: 3d590000)
[2026-09-06T23:52:43Z INFO  minertim] H/s 1m:2374.9 5m:2289.1 10m:2267.6 | Shares: 183/1 (found:184) | Diff: 188004 | 1m24s elapsed (since last share, avg 1m19s) | best=136 target=22845 (999%)
[2026-09-06T23:52:53Z INFO  minertim] H/s 1m:2374.8 5m:2289.1 10m:2267.6 | Shares: 183/1 (found:184) | Diff: 188004 | 1m34s elapsed (since last share, avg 1m19s) | best=136 target=22845 (999%)
[2026-09-06T23:52:56Z INFO  minertim::pool_connection] New job: V9xMAXCOy8tgn3xx (difficulty: 188004, target: 3d590000)
[2026-09-06T23:52:56Z INFO  minertim::pool_connection] New job: Gs0p3H2pT25dxaQh (difficulty: 131505, target: 947f0000)
[2026-09-06T23:53:03Z INFO  minertim] H/s 1m:2375.1 5m:2289.1 10m:2272.7 | Shares: 183/1 (found:184) | Diff: 131505 | 1m44s elapsed (since last share, avg 55s) | best=136 target=32660 (999%)
[2026-09-06T23:53:13Z INFO  minertim] H/s 1m:2375.0 5m:2289.0 10m:2272.8 | Shares: 183/1 (found:184) | Diff: 131505 | 1m54s elapsed (since last share, avg 55s) | best=136 target=32660 (999%)
[2026-09-06T23:53:16Z INFO  minertim::pool_connection] New job: vEqSlm60nKABlkQ1 (difficulty: 131505, target: 947f0000)
[2026-09-06T23:53:23Z INFO  minertim] H/s 1m:2375.3 5m:2289.0 10m:2272.9 | Shares: 183/1 (found:184) | Diff: 131505 | 2m4s elapsed (since last share, avg 55s) | best=136 target=32660 (999%)
[2026-09-06T23:53:33Z INFO  minertim] H/s 1m:2376.0 5m:2289.1 10m:2272.9 | Shares: 183/1 (found:184) | Diff: 131505 | 2m14s elapsed (since last share, avg 55s) | best=136 target=32660 (999%)
[2026-09-06T23:53:35Z INFO  minertim::pool_connection] New job: Pxq8gXiyba8HWPy5 (difficulty: 131505, target: 947f0000)
[2026-09-06T23:53:43Z INFO  minertim] H/s 1m:2376.2 5m:2289.1 10m:2272.9 | Shares: 183/1 (found:184) | Diff: 131505 | 2m24s elapsed (since last share, avg 55s) | best=136 target=32660 (999%)
[2026-09-06T23:53:53Z INFO  minertim] H/s 1m:2375.9 5m:2289.1 10m:2282.9 | Shares: 183/1 (found:184) | Diff: 131505 | 2m34s elapsed (since last share, avg 55s) | best=136 target=32660 (999%)
[2026-09-06T23:53:55Z INFO  minertim::pool_connection] New job: WCFK0vDS193NQqoF (difficulty: 131505, target: 947f0000)
[2026-09-06T23:53:56Z INFO  minertim::pool_connection] New job: lwiNvJYpfMxrWTBX (difficulty: 98630, target: 1aaa0000)
[2026-09-06T23:54:02Z INFO  minertim::miner] Worker 2 SHARE FOUND! job_id=lwiNvJYpfMxrWTBX, nonce=4a154001, hash_val=41667, difficulty=98630, hash=3aa9f906903fbe114f332d31936e1158eb48619a4eae1c810548dfecc3a20000
[2026-09-06T23:54:03Z INFO  minertim] H/s 1m:2376.7 5m:2289.1 10m:2290.2 | Shares: 183/1 (found:185) | Diff: 98630 | 1s elapsed (since last share, avg 41s) | best=136 target=43546 (999%)
[2026-09-06T23:54:13Z INFO  minertim] H/s 1m:2259.9 5m:2279.1 10m:2280.2 | Shares: 183/1 (found:185) | Diff: 98630 | 11s elapsed (since last share, avg 43s) | best=136 target=43546 (999%)
[2026-09-06T23:54:15Z INFO  minertim::pool_connection] New job: uNbtvzWHfJDob0x5 (difficulty: 98630, target: 1aaa0000)
[2026-09-06T23:54:16Z INFO  minertim::pool_connection] Share accepted by pool
[2026-09-06T23:54:23Z INFO  minertim] H/s 1m:2239.3 5m:2292.5 10m:2278.6 | Shares: 184/1 (found:185) | Diff: 98630 | 21s elapsed (since last share, avg 44s) | best=136 target=43546 (999%)
[2026-09-06T23:54:26Z INFO  minertim::pool_connection] New job: HHEbVf0hWoCKSrH9 (difficulty: 147944, target: 67710000)
[2026-09-06T23:54:33Z INFO  minertim] H/s 1m:2239.1 5m:2298.0 10m:2278.6 | Shares: 184/1 (found:185) | Diff: 147944 | 31s elapsed (since last share, avg 1m6s) | best=136 target=29031 (999%)
[2026-09-06T23:54:35Z INFO  minertim::pool_connection] New job: DBmNUmhcOeILQdJL (difficulty: 147944, target: 67710000)
[2026-09-06T23:54:43Z INFO  minertim] H/s 1m:2239.4 5m:2297.8 10m:2283.6 | Shares: 184/1 (found:185) | Diff: 147944 | 41s elapsed (since last share, avg 1m6s) | best=136 target=29031 (999%)
[2026-09-06T23:54:53Z INFO  minertim] H/s 1m:2239.2 5m:2297.8 10m:2289.1 | Shares: 184/1 (found:185) | Diff: 147944 | 51s elapsed (since last share, avg 1m6s) | best=136 target=29031 (999%)
[2026-09-06T23:54:55Z INFO  minertim::pool_connection] New job: cPhQQtA1PODMtCKs (difficulty: 147944, target: 67710000)
[2026-09-06T23:55:03Z INFO  minertim] H/s 1m:2355.7 5m:2297.8 10m:2289.1 | Shares: 184/1 (found:185) | Diff: 147944 | 1m1s elapsed (since last share, avg 1m2s) | best=136 target=29031 (999%)
[2026-09-06T23:55:13Z INFO  minertim] H/s 1m:2375.7 5m:2316.8 10m:2289.1 | Shares: 184/1 (found:185) | Diff: 147944 | 1m11s elapsed (since last share, avg 1m2s) | best=136 target=29031 (999%)
[2026-09-06T23:55:15Z INFO  minertim::pool_connection] New job: DPs0ik5I7YzbGAJw (difficulty: 147944, target: 67710000)
[2026-09-06T23:55:23Z INFO  minertim] H/s 1m:2376.0 5m:2316.7 10m:2289.1 | Shares: 184/1 (found:185) | Diff: 147944 | 1m21s elapsed (since last share, avg 1m2s) | best=136 target=29031 (999%)
[2026-09-06T23:55:27Z INFO  minertim::pool_connection] New job: WwUmzfAPBiPZBRGT (difficulty: 93768, target: ecb20000)
[2026-09-06T23:55:33Z INFO  minertim] H/s 1m:2375.9 5m:2316.7 10m:2289.1 | Shares: 184/1 (found:185) | Diff: 93768 | 1m31s elapsed (since last share, avg 39s) | best=136 target=45804 (999%)
[2026-09-06T23:55:35Z INFO  minertim::pool_connection] New job: NcU4DTBV5EpsqE6E (difficulty: 93768, target: ecb20000)
[2026-09-06T23:55:40Z INFO  minertim::pool_connection] New job: aPAqnrbbqTocI3Z3 (difficulty: 93768, target: ecb20000)
[2026-09-06T23:55:43Z INFO  minertim] H/s 1m:2375.7 5m:2316.6 10m:2289.1 | Shares: 184/1 (found:185) | Diff: 93768 | 1m41s elapsed (since last share, avg 39s) | best=136 target=45804 (999%)
[2026-09-06T23:55:53Z INFO  minertim] H/s 1m:2375.7 5m:2316.7 10m:2289.1 | Shares: 184/1 (found:185) | Diff: 93768 | 1m51s elapsed (since last share, avg 39s) | best=136 target=45804 (999%)
[2026-09-06T23:55:56Z INFO  minertim::miner] Worker 3 SHARE FOUND! job_id=aPAqnrbbqTocI3Z3, nonce=2fef4801, hash_val=33394, difficulty=93768, hash=97d8303bf35dfb282084f8f359c355cf6083215cd8a4625f7093de7672820000
[2026-09-06T23:56:00Z INFO  minertim::pool_connection] New job: HH8KwrSiU8DBdqvT (difficulty: 93768, target: ecb20000)
[2026-09-06T23:56:00Z INFO  minertim::pool_connection] Share accepted by pool
[2026-09-06T23:56:03Z INFO  minertim] H/s 1m:2301.9 5m:2304.0 10m:2282.8 | Shares: 185/1 (found:186) | Diff: 93768 | 6s elapsed (since last share, avg 40s) | best=136 target=45804 (999%)
[2026-09-06T23:56:03Z INFO  minertim::pool_connection] New job: fbc0mif1NbnFSR9y (difficulty: 93768, target: ecb20000)
[2026-09-06T23:56:13Z INFO  minertim] H/s 1m:2301.9 5m:2314.2 10m:2282.9 | Shares: 185/1 (found:186) | Diff: 93768 | 16s elapsed (since last share, avg 40s) | best=136 target=45804 (999%)
[2026-09-06T23:56:23Z INFO  minertim] H/s 1m:2302.4 5m:2334.4 10m:2282.9 | Shares: 185/1 (found:186) | Diff: 93768 | 26s elapsed (since last share, avg 40s) | best=136 target=45804 (999%)
[2026-09-06T23:56:23Z INFO  minertim::pool_connection] New job: s1E1xC0ygwdieBGI (difficulty: 93768, target: ecb20000)
[2026-09-06T23:56:33Z INFO  minertim] H/s 1m:2302.2 5m:2339.4 10m:2292.7 | Shares: 185/1 (found:186) | Diff: 93768 | 36s elapsed (since last share, avg 40s) | best=136 target=45804 (999%)
[2026-09-06T23:56:35Z INFO  minertim::miner] Worker 2 SHARE FOUND! job_id=s1E1xC0ygwdieBGI, nonce=0e264501, hash_val=5694, difficulty=93768, hash=f6c2cbf5be1cc9b33ad4500e1db92262ed8618262bf80b51f2f01da83e160000
[2026-09-06T23:56:43Z INFO  minertim::pool_connection] New job: qPMjHMkKQiGSm04S (difficulty: 93768, target: ecb20000)
[2026-09-06T23:56:43Z INFO  minertim] H/s 1m:2240.5 5m:2328.8 10m:2293.3 | Shares: 185/1 (found:187) | Diff: 93768 | 7s elapsed (since last share, avg 41s) | best=136 target=45804 (999%)
[2026-09-06T23:56:43Z INFO  minertim::pool_connection] Share accepted by pool
[2026-09-06T23:56:45Z INFO  minertim::pool_connection] New job: kyv4kp5rOcS5ubQX (difficulty: 93768, target: ecb20000)
[2026-09-06T23:56:53Z INFO  minertim] H/s 1m:2315.4 5m:2329.0 10m:2293.3 | Shares: 186/1 (found:187) | Diff: 93768 | 17s elapsed (since last share, avg 40s) | best=136 target=45804 (999%)
[2026-09-06T23:57:03Z INFO  minertim] H/s 1m:2315.0 5m:2329.0 10m:2293.3 | Shares: 186/1 (found:187) | Diff: 93768 | 27s elapsed (since last share, avg 40s) | best=136 target=45804 (999%)
[2026-09-06T23:57:05Z INFO  minertim::pool_connection] New job: xOyc0KlySZ6rk4A7 (difficulty: 93768, target: ecb20000)
[2026-09-06T23:57:13Z INFO  minertim] H/s 1m:2314.5 5m:2329.0 10m:2293.3 | Shares: 186/1 (found:187) | Diff: 93768 | 37s elapsed (since last share, avg 40s) | best=136 target=45804 (999%)
[2026-09-06T23:57:22Z INFO  minertim::miner] Worker 0 SHARE FOUND! job_id=xOyc0KlySZ6rk4A7, nonce=dc574501, hash_val=29109, difficulty=93768, hash=f4adf50b9495ae43a7d9c30b66fa66ced8c28d20934ed4369a9a984fb5710000
[2026-09-06T23:57:23Z INFO  minertim] H/s 1m:2315.3 5m:2329.1 10m:2293.3 | Shares: 186/1 (found:188) | Diff: 93768 | 1s elapsed (since last share, avg 40s) | best=136 target=45804 (999%)
[2026-09-06T23:57:25Z INFO  minertim::pool_connection] New job: oRyVAB9T4HTiTeBL (difficulty: 93768, target: ecb20000)
[2026-09-06T23:57:25Z INFO  minertim::pool_connection] Share accepted by pool
[2026-09-06T23:57:33Z INFO  minertim] H/s 1m:2338.0 5m:2322.4 10m:2300.0 | Shares: 187/1 (found:188) | Diff: 93768 | 11s elapsed (since last share, avg 40s) | best=136 target=45804 (999%)
[2026-09-06T23:57:43Z INFO  minertim] H/s 1m:2336.6 5m:2322.4 10m:2306.9 | Shares: 187/1 (found:188) | Diff: 93768 | 21s elapsed (since last share, avg 40s) | best=136 target=45804 (999%)
[2026-09-06T23:57:45Z INFO  minertim::pool_connection] New job: rzDTFxn0CP559SYE (difficulty: 93768, target: ecb20000)
[2026-09-06T23:57:53Z INFO  minertim] H/s 1m:2335.9 5m:2322.3 10m:2306.9 | Shares: 187/1 (found:188) | Diff: 93768 | 31s elapsed (since last share, avg 40s) | best=136 target=45804 (999%)
[2026-09-06T23:58:03Z INFO  minertim] H/s 1m:2331.8 5m:2321.6 10m:2306.5 | Shares: 187/1 (found:188) | Diff: 93768 | 41s elapsed (since last share, avg 40s) | best=136 target=45804 (999%)
[2026-09-06T23:58:05Z INFO  minertim::pool_connection] New job: E5Qj0ve9mS0vJRoI (difficulty: 93768, target: ecb20000)
[2026-09-06T23:58:13Z INFO  minertim] H/s 1m:2320.0 5m:2319.6 10m:2305.5 | Shares: 187/1 (found:188) | Diff: 93768 | 51s elapsed (since last share, avg 40s) | best=136 target=45804 (999%)
[2026-09-06T23:58:19Z INFO  minertim::miner] Worker 0 SHARE FOUND! job_id=E5Qj0ve9mS0vJRoI, nonce=c0414701, hash_val=13794, difficulty=93768, hash=c8003679dfcc09c5a59012f67ad0c0a5e15232f21138e5d8a4263f74e2350000
[2026-09-06T23:58:23Z INFO  minertim] H/s 1m:2288.4 5m:2307.3 10m:2299.5 | Shares: 187/1 (found:189) | Diff: 93768 | 4s elapsed (since last share, avg 40s) | best=136 target=45804 (999%)
[2026-09-06T23:58:25Z INFO  minertim::pool_connection] New job: e50yfHdmCSSjripe (difficulty: 93768, target: ecb20000)
[2026-09-06T23:58:25Z INFO  minertim::pool_connection] Share accepted by pool
[2026-09-06T23:58:33Z INFO  minertim] H/s 1m:2246.1 5m:2299.9 10m:2295.9 | Shares: 188/1 (found:189) | Diff: 93768 | 14s elapsed (since last share, avg 41s) | best=136 target=45804 (999%)
[2026-09-06T23:58:43Z INFO  minertim] H/s 1m:2235.7 5m:2298.1 10m:2295.0 | Shares: 188/1 (found:189) | Diff: 93768 | 24s elapsed (since last share, avg 41s) | best=136 target=45804 (999%)
[2026-09-06T23:58:45Z INFO  minertim::pool_connection] New job: RP0Rmqv99a9ods0h (difficulty: 93768, target: ecb20000)
[2026-09-06T23:58:53Z INFO  minertim] H/s 1m:2224.9 5m:2295.4 10m:2293.7 | Shares: 188/1 (found:189) | Diff: 93768 | 34s elapsed (since last share, avg 42s) | best=136 target=45804 (999%)
[2026-09-06T23:58:53Z INFO  minertim::miner] Worker 2 SHARE FOUND! job_id=RP0Rmqv99a9ods0h, nonce=6ad14901, hash_val=5208, difficulty=93768, hash=96dd40ce747b3f5135d21e1cb7e964db4342183e44fdda9fec64052f58140000
[2026-09-06T23:59:03Z INFO  minertim] H/s 1m:2114.1 5m:2294.4 10m:2283.3 | Shares: 188/1 (found:190) | Diff: 93768 | 9s elapsed (since last share, avg 44s) | best=136 target=45804 (999%)
[2026-09-06T23:59:05Z INFO  minertim::pool_connection] New job: GhlY0M1qOT0AIuCw (difficulty: 93768, target: ecb20000)
[2026-09-06T23:59:05Z INFO  minertim::pool_connection] Share accepted by pool
[2026-09-06T23:59:13Z INFO  minertim] H/s 1m:2126.4 5m:2287.9 10m:2283.3 | Shares: 189/1 (found:190) | Diff: 93768 | 19s elapsed (since last share, avg 44s) | best=136 target=45804 (999%)
[2026-09-06T23:59:23Z INFO  minertim] H/s 1m:2168.3 5m:2287.7 10m:2291.6 | Shares: 189/1 (found:190) | Diff: 93768 | 29s elapsed (since last share, avg 43s) | best=136 target=45804 (999%)
[2026-09-06T23:59:25Z INFO  minertim::pool_connection] New job: 3w0yKusxpIhHkp72 (difficulty: 93768, target: ecb20000)
[2026-09-06T23:59:33Z INFO  minertim] H/s 1m:2179.2 5m:2287.7 10m:2294.2 | Shares: 189/1 (found:190) | Diff: 93768 | 39s elapsed (since last share, avg 43s) | best=136 target=45804 (999%)
[2026-09-06T23:59:43Z INFO  minertim] H/s 1m:2194.1 5m:2287.6 10m:2294.1 | Shares: 189/1 (found:190) | Diff: 93768 | 50s elapsed (since last share, avg 42s) | best=136 target=45804 (999%)
[2026-09-06T23:59:44Z INFO  minertim::pool_connection] New job: HOLSvm6JAEAGtQMa (difficulty: 93768, target: ecb20000)
[2026-09-06T23:59:53Z INFO  minertim] H/s 1m:2315.8 5m:2287.6 10m:2294.1 | Shares: 189/1 (found:190) | Diff: 93768 | 1m0s elapsed (since last share, avg 40s) | best=136 target=45804 (999%)
[2026-09-07T00:00:03Z INFO  minertim] H/s 1m:2373.8 5m:2287.5 10m:2294.1 | Shares: 189/1 (found:190) | Diff: 93768 | 1m10s elapsed (since last share, avg 39s) | best=136 target=45804 (999%)
[2026-09-07T00:00:03Z INFO  minertim::pool_connection] New job: d6oDuGkhxIRecPeO (difficulty: 93768, target: ecb20000)
[2026-09-07T00:00:12Z INFO  minertim::miner] Worker 0 SHARE FOUND! job_id=d6oDuGkhxIRecPeO, nonce=dc1d4b01, hash_val=18152, difficulty=93768, hash=3c7ce359b19f9e71d059513230aba3213f64697b42292bc8d869d572e8460000
[2026-09-07T00:00:13Z INFO  minertim] H/s 1m:2371.3 5m:2286.9 10m:2303.1 | Shares: 189/1 (found:191) | Diff: 93768 | 1s elapsed (since last share, avg 39s) | best=136 target=45804 (999%)
[2026-09-07T00:00:23Z INFO  minertim] H/s 1m:2254.1 5m:2266.7 10m:2293.1 | Shares: 189/1 (found:191) | Diff: 93768 | 11s elapsed (since last share, avg 41s) | best=136 target=45804 (999%)
[2026-09-07T00:00:23Z INFO  minertim::pool_connection] New job: PICJ8nSJFIM52TrE (difficulty: 93768, target: ecb20000)
[2026-09-07T00:00:24Z INFO  minertim::pool_connection] Share accepted by pool
[2026-09-07T00:00:33Z INFO  minertim] H/s 1m:2223.0 5m:2261.3 10m:2290.4 | Shares: 190/1 (found:191) | Diff: 93768 | 21s elapsed (since last share, avg 42s) | best=136 target=45804 (999%)
[2026-09-07T00:00:43Z INFO  minertim::pool_connection] New job: ZkpUYCPg7LTX1Rs4 (difficulty: 93768, target: ecb20000)
[2026-09-07T00:00:43Z INFO  minertim] H/s 1m:2223.4 5m:2261.3 10m:2290.4 | Shares: 190/1 (found:191) | Diff: 93768 | 31s elapsed (since last share, avg 42s) | best=136 target=45804 (999%)
[2026-09-07T00:00:48Z INFO  minertim::miner] Worker 1 SHARE FOUND! job_id=ZkpUYCPg7LTX1Rs4, nonce=b5cc5301, hash_val=33214, difficulty=93768, hash=5edeb96d677f70c4489ec02a98ebddf7212f5c7fcd3b7458d2940e2cbe810000
[2026-09-07T00:00:53Z INFO  minertim] H/s 1m:2163.8 5m:2263.7 10m:2285.4 | Shares: 190/1 (found:192) | Diff: 93768 | 5s elapsed (since last share, avg 43s) | best=136 target=45804 (999%)
[2026-09-07T00:01:01Z INFO  minertim::miner] Worker 0 SHARE FOUND! job_id=ZkpUYCPg7LTX1Rs4, nonce=2c7d4c01, hash_val=4872, difficulty=93768, hash=46d565d3f4f9e422fb08ee86135bc55ca9674a199b4f14e1e0a7097108130000
[2026-09-07T00:01:03Z INFO  minertim::pool_connection] New job: IzNmcFCovmzZ7S0g (difficulty: 93768, target: ecb20000)
[2026-09-07T00:01:03Z INFO  minertim] H/s 1m:2095.0 5m:2251.2 10m:2279.3 | Shares: 190/1 (found:193) | Diff: 93768 | 2s elapsed (since last share, avg 44s) | best=136 target=45804 (999%)
[2026-09-07T00:01:03Z INFO  minertim::pool_connection] Share accepted by pool
[2026-09-07T00:01:04Z INFO  minertim::pool_connection] Share accepted by pool
[2026-09-07T00:01:05Z INFO  minertim::miner] Worker 2 SHARE FOUND! job_id=IzNmcFCovmzZ7S0g, nonce=fe2c4e01, hash_val=16688, difficulty=93768, hash=3f5f9c79283a26f27a037d518b6b408714ddf9471432a2e2ee58db6430410000
[2026-09-07T00:01:13Z INFO  minertim] H/s 1m:2130.7 5m:2237.1 10m:2277.4 | Shares: 192/1 (found:194) | Diff: 93768 | 7s elapsed (since last share, avg 44s) | best=136 target=45804 (999%)
[2026-09-07T00:01:17Z INFO  minertim::pool_connection] New job: Wt0avvWuCDz96b0d (difficulty: 93768, target: ecb20000)
[2026-09-07T00:01:18Z INFO  minertim::pool_connection] Share accepted by pool
[2026-09-07T00:01:22Z INFO  minertim::miner] Worker 3 SHARE FOUND! job_id=Wt0avvWuCDz96b0d, nonce=73945401, hash_val=10157, difficulty=93768, hash=5e603eded73f55b3dd2c36d2b940fd856d87a7b44adfc4cabf004d1fad270000
[2026-09-07T00:01:23Z INFO  minertim] H/s 1m:2107.6 5m:2227.8 10m:2282.7 | Shares: 193/1 (found:195) | Diff: 93768 | 1s elapsed (since last share, avg 44s) | best=136 target=45804 (999%)
[2026-09-07T00:01:33Z INFO  minertim] H/s 1m:1990.8 5m:2218.3 10m:2275.2 | Shares: 193/1 (found:195) | Diff: 93768 | 11s elapsed (since last share, avg 47s) | best=136 target=45804 (999%)
[2026-09-07T00:01:37Z INFO  minertim::pool_connection] New job: 0k0JKUvHOhGktz90 (difficulty: 93768, target: ecb20000)
[2026-09-07T00:01:38Z INFO  minertim::pool_connection] Share accepted by pool
[2026-09-07T00:01:43Z INFO  minertim] H/s 1m:2019.7 5m:2212.7 10m:2272.6 | Shares: 194/1 (found:195) | Diff: 93768 | 21s elapsed (since last share, avg 46s) | best=136 target=45804 (999%)
[2026-09-07T00:01:52Z INFO  minertim::miner] Worker 3 SHARE FOUND! job_id=0k0JKUvHOhGktz90, nonce=0f195501, hash_val=30525, difficulty=93768, hash=58a6eb73e71a1637214f3e848ea1ab6b30f4dd8c8dbd861c36995b5e3d770000
[2026-09-07T00:01:53Z INFO  minertim] H/s 1m:2032.6 5m:2202.5 10m:2267.6 | Shares: 194/1 (found:196) | Diff: 93768 | 1s elapsed (since last share, avg 46s) | best=136 target=45804 (999%)
[2026-09-07T00:01:57Z INFO  minertim::pool_connection] New job: WRgzb3x7HV07OoEZ (difficulty: 93768, target: ecb20000)
[2026-09-07T00:01:58Z INFO  minertim::pool_connection] Share accepted by pool
[2026-09-07T00:02:03Z INFO  minertim] H/s 1m:2106.9 5m:2201.3 10m:2267.0 | Shares: 195/1 (found:196) | Diff: 93768 | 11s elapsed (since last share, avg 44s) | best=136 target=45804 (999%)
[2026-09-07T00:02:13Z INFO  minertim] H/s 1m:2161.3 5m:2201.2 10m:2267.0 | Shares: 195/1 (found:196) | Diff: 93768 | 21s elapsed (since last share, avg 43s) | best=136 target=45804 (999%)
[2026-09-07T00:02:17Z INFO  minertim::pool_connection] New job: daTBbq4w9FWp9YGK (difficulty: 93768, target: ecb20000)
[2026-09-07T00:02:23Z INFO  minertim] H/s 1m:2337.3 5m:2218.1 10m:2272.1 | Shares: 195/1 (found:196) | Diff: 93768 | 31s elapsed (since last share, avg 40s) | best=136 target=45804 (999%)
[2026-09-07T00:02:33Z INFO  minertim] H/s 1m:2368.0 5m:2218.2 10m:2272.1 | Shares: 195/1 (found:196) | Diff: 93768 | 41s elapsed (since last share, avg 39s) | best=136 target=45804 (999%)
[2026-09-07T00:02:37Z INFO  minertim::pool_connection] New job: tVWhmXx8GwVwLhTp (difficulty: 93768, target: ecb20000)
[2026-09-07T00:02:43Z INFO  minertim] H/s 1m:2427.6 5m:2218.4 10m:2272.1 | Shares: 195/1 (found:196) | Diff: 93768 | 51s elapsed (since last share, avg 38s) | best=136 target=45804 (999%)
[2026-09-07T00:02:53Z INFO  minertim] H/s 1m:2434.7 5m:2219.0 10m:2272.1 | Shares: 195/1 (found:196) | Diff: 93768 | 1m1s elapsed (since last share, avg 38s) | best=136 target=45804 (999%)
[2026-09-07T00:02:57Z INFO  minertim::pool_connection] New job: vcYioH13MkQ0mqpI (difficulty: 93768, target: ecb20000)
[2026-09-07T00:03:03Z INFO  minertim] H/s 1m:2434.8 5m:2221.0 10m:2272.1 | Shares: 195/1 (found:196) | Diff: 93768 | 1m11s elapsed (since last share, avg 38s) | best=136 target=45804 (999%)
[2026-09-07T00:03:13Z INFO  minertim] H/s 1m:2375.3 5m:2233.1 10m:2272.1 | Shares: 195/1 (found:196) | Diff: 93768 | 1m21s elapsed (since last share, avg 39s) | best=136 target=45804 (999%)
[2026-09-07T00:03:16Z INFO  minertim::pool_connection] New job: wrn30ha9FyRZYtwr (difficulty: 93768, target: ecb20000)
[2026-09-07T00:03:23Z INFO  minertim] H/s 1m:2375.3 5m:2240.4 10m:2272.0 | Shares: 195/1 (found:196) | Diff: 93768 | 1m31s elapsed (since last share, avg 39s) | best=136 target=45804 (999%)
[2026-09-07T00:03:28Z INFO  minertim::pool_connection] New job: T6YxzwsLPzPCcQO6 (difficulty: 93768, target: ecb20000)
[2026-09-07T00:03:33Z INFO  minertim] H/s 1m:2374.7 5m:2242.3 10m:2272.0 | Shares: 195/1 (found:196) | Diff: 93768 | 1m41s elapsed (since last share, avg 39s) | best=136 target=45804 (999%)
[2026-09-07T00:03:41Z INFO  minertim::miner] Worker 2 SHARE FOUND! job_id=T6YxzwsLPzPCcQO6, nonce=ba625301, hash_val=39249, difficulty=93768, hash=12669120ba973c2c63844b7f83a4332ac8839c2b4e3f99f9f40412bf51990000
[2026-09-07T00:03:43Z INFO  minertim] H/s 1m:2315.9 5m:2234.7 10m:2267.0 | Shares: 195/1 (found:197) | Diff: 93768 | 2s elapsed (since last share, avg 40s) | best=136 target=45804 (999%)
[2026-09-07T00:03:45Z INFO  minertim::miner] Worker 0 SHARE FOUND! job_id=T6YxzwsLPzPCcQO6, nonce=f8605201, hash_val=40870, difficulty=93768, hash=c83a10236115505309e979b55047850808ab0340dffa0c1e26af21bba69f0000
[2026-09-07T00:03:48Z INFO  minertim::pool_connection] New job: HGtaAg5LRR9p9fKu (difficulty: 93768, target: ecb20000)
[2026-09-07T00:03:48Z INFO  minertim::pool_connection] Share accepted by pool
[2026-09-07T00:03:49Z INFO  minertim::pool_connection] Share accepted by pool
[2026-09-07T00:03:53Z INFO  minertim] H/s 1m:2265.6 5m:2247.1 10m:2262.7 | Shares: 197/1 (found:198) | Diff: 93768 | 8s elapsed (since last share, avg 41s) | best=136 target=45804 (999%)
[2026-09-07T00:03:55Z INFO  minertim::miner] Worker 3 SHARE FOUND! job_id=HGtaAg5LRR9p9fKu, nonce=cb5d5901, hash_val=38369, difficulty=93768, hash=dfa4bf84fd3e6a09a9673753243fddc07d6e20e740867edfa13f2ba2e1950000
[2026-09-07T00:04:03Z INFO  minertim] H/s 1m:2148.9 5m:2237.0 10m:2262.7 | Shares: 197/1 (found:199) | Diff: 93768 | 8s elapsed (since last share, avg 43s) | best=136 target=45804 (999%)
[2026-09-07T00:04:08Z INFO  minertim::pool_connection] New job: MMYUmFSCElv0HVgn (difficulty: 93768, target: ecb20000)
[2026-09-07T00:04:08Z INFO  minertim::pool_connection] Share accepted by pool
[2026-09-07T00:04:13Z INFO  minertim] H/s 1m:2123.2 5m:2232.7 10m:2262.2 | Shares: 198/1 (found:199) | Diff: 93768 | 18s elapsed (since last share, avg 44s) | best=136 target=45804 (999%)
[2026-09-07T00:04:23Z INFO  minertim] H/s 1m:2123.8 5m:2232.8 10m:2262.2 | Shares: 198/1 (found:199) | Diff: 93768 | 28s elapsed (since last share, avg 44s) | best=136 target=45804 (999%)
[2026-09-07T00:04:28Z INFO  minertim::pool_connection] New job: SeCx8oh0nYMW9QKi (difficulty: 93768, target: ecb20000)
[2026-09-07T00:04:33Z INFO  minertim] H/s 1m:2182.9 5m:2232.8 10m:2262.2 | Shares: 198/1 (found:199) | Diff: 93768 | 38s elapsed (since last share, avg 42s) | best=136 target=45804 (999%)
[2026-09-07T00:04:43Z INFO  minertim] H/s 1m:2233.4 5m:2232.9 10m:2262.2 | Shares: 198/1 (found:199) | Diff: 93768 | 48s elapsed (since last share, avg 41s) | best=136 target=45804 (999%)
[2026-09-07T00:04:47Z INFO  minertim::pool_connection] New job: AjH8e6HcCL0FBoq2 (difficulty: 93768, target: ecb20000)
[2026-09-07T00:04:53Z INFO  minertim] H/s 1m:2350.2 5m:2232.9 10m:2262.2 | Shares: 198/1 (found:199) | Diff: 93768 | 58s elapsed (since last share, avg 39s) | best=136 target=45804 (999%)
[2026-09-07T00:05:02Z INFO  minertim::miner] Worker 3 SHARE FOUND! job_id=AjH8e6HcCL0FBoq2, nonce=8f545b01, hash_val=4088, difficulty=93768, hash=25db21cded3d70da22221a5d7f16e56be8989ca79e45bdd5f0ac5cd4f80f0000
[2026-09-07T00:05:03Z INFO  minertim] H/s 1m:2316.8 5m:2223.3 10m:2257.2 | Shares: 198/1 (found:200) | Diff: 93768 | 1s elapsed (since last share, avg 40s) | best=136 target=45804 (999%)
[2026-09-07T00:05:07Z INFO  minertim::pool_connection] New job: WS6RJbCMnFACRESa (difficulty: 93768, target: ecb20000)
[2026-09-07T00:05:08Z INFO  minertim::pool_connection] Share accepted by pool
[2026-09-07T00:05:13Z INFO  minertim] H/s 1m:2308.1 5m:2242.1 10m:2256.4 | Shares: 199/1 (found:200) | Diff: 93768 | 11s elapsed (since last share, avg 40s) | best=136 target=45804 (999%)
[2026-09-07T00:05:23Z INFO  minertim] H/s 1m:2308.5 5m:2247.6 10m:2256.5 | Shares: 199/1 (found:200) | Diff: 93768 | 21s elapsed (since last share, avg 40s) | best=136 target=45804 (999%)
[2026-09-07T00:05:27Z INFO  minertim::pool_connection] New job: qAlIXBvsIWPewXvg (difficulty: 93768, target: ecb20000)
[2026-09-07T00:05:33Z INFO  minertim] H/s 1m:2308.3 5m:2247.6 10m:2256.5 | Shares: 199/1 (found:200) | Diff: 93768 | 31s elapsed (since last share, avg 40s) | best=136 target=45804 (999%)
[2026-09-07T00:05:43Z INFO  minertim] H/s 1m:2308.7 5m:2257.9 10m:2256.5 | Shares: 199/1 (found:200) | Diff: 93768 | 41s elapsed (since last share, avg 40s) | best=136 target=45804 (999%)
[2026-09-07T00:05:47Z INFO  minertim::pool_connection] New job: JiXxNQPB8Tf7D1ac (difficulty: 93768, target: ecb20000)
[2026-09-07T00:05:54Z INFO  minertim] H/s 1m:2368.6 5m:2270.5 10m:2262.8 | Shares: 199/1 (found:200) | Diff: 93768 | 51s elapsed (since last share, avg 39s) | best=136 target=45804 (999%)
[2026-09-07T00:06:04Z INFO  minertim] H/s 1m:2376.7 5m:2284.5 10m:2262.8 | Shares: 199/1 (found:200) | Diff: 93768 | 1m1s elapsed (since last share, avg 39s) | best=136 target=45804 (999%)
[2026-09-07T00:06:07Z INFO  minertim::pool_connection] New job: qk10C2Urg1mTnHXH (difficulty: 93768, target: ecb20000)
[2026-09-07T00:06:14Z INFO  minertim] H/s 1m:2376.3 5m:2293.9 10m:2262.7 | Shares: 199/1 (found:200) | Diff: 93768 | 1m11s elapsed (since last share, avg 39s) | best=136 target=45804 (999%)
[2026-09-07T00:06:24Z INFO  minertim] H/s 1m:2376.3 5m:2314.0 10m:2262.8 | Shares: 199/1 (found:200) | Diff: 93768 | 1m21s elapsed (since last share, avg 39s) | best=136 target=45804 (999%)
[2026-09-07T00:06:26Z INFO  minertim::pool_connection] New job: Usq65M6uuEb5Wf74 (difficulty: 93768, target: ecb20000)
[2026-09-07T00:06:34Z INFO  minertim] H/s 1m:2375.8 5m:2319.3 10m:2268.0 | Shares: 199/1 (found:200) | Diff: 93768 | 1m31s elapsed (since last share, avg 39s) | best=136 target=45804 (999%)
[2026-09-07T00:06:43Z INFO  minertim::miner] Worker 1 SHARE FOUND! job_id=Usq65M6uuEb5Wf74, nonce=e1286001, hash_val=20925, difficulty=93768, hash=f15694d241c2c4b385520fd8b3fe9f9f90549f0d05d2be9c409f9333bd510000
[2026-09-07T00:06:44Z INFO  minertim] H/s 1m:2315.6 5m:2319.2 10m:2262.8 | Shares: 199/1 (found:201) | Diff: 93768 | 0s elapsed (since last share, avg 40s) | best=136 target=45804 (999%)
[2026-09-07T00:06:46Z INFO  minertim::pool_connection] New job: HpuS8gTN3nSo43e3 (difficulty: 93768, target: ecb20000)
[2026-09-07T00:06:47Z INFO  minertim::pool_connection] Share accepted by pool
[2026-09-07T00:06:54Z INFO  minertim] H/s 1m:2312.8 5m:2320.0 10m:2262.6 | Shares: 200/1 (found:201) | Diff: 93768 | 10s elapsed (since last share, avg 40s) | best=136 target=45804 (999%)
[2026-09-07T00:07:04Z INFO  minertim] H/s 1m:2313.1 5m:2320.1 10m:2262.6 | Shares: 200/1 (found:201) | Diff: 93768 | 20s elapsed (since last share, avg 40s) | best=136 target=45804 (999%)
[2026-09-07T00:07:06Z INFO  minertim::pool_connection] New job: KNN1INWdnaYMrQd0 (difficulty: 93768, target: ecb20000)
[2026-09-07T00:07:10Z INFO  minertim::miner] Worker 1 SHARE FOUND! job_id=KNN1INWdnaYMrQd0, nonce=a9026101, hash_val=8357, difficulty=93768, hash=b264f1fbd6222bad0fd484cf3a23fba96495106ee4c9368d40f06982a5200000
[2026-09-07T00:07:14Z INFO  minertim] H/s 1m:2254.5 5m:2299.7 10m:2257.6 | Shares: 200/1 (found:202) | Diff: 93768 | 3s elapsed (since last share, avg 41s) | best=136 target=45804 (999%)
[2026-09-07T00:07:24Z INFO  minertim] H/s 1m:2138.0 5m:2279.7 10m:2251.0 | Shares: 200/1 (found:202) | Diff: 93768 | 13s elapsed (since last share, avg 43s) | best=136 target=45804 (999%)
[2026-09-07T00:07:26Z INFO  minertim::pool_connection] New job: RSiZX3GUlT7YfC3N (difficulty: 93768, target: ecb20000)
[2026-09-07T00:07:26Z INFO  minertim::pool_connection] Share accepted by pool
[2026-09-07T00:07:34Z INFO  minertim] H/s 1m:2179.2 5m:2276.4 10m:2249.5 | Shares: 201/1 (found:202) | Diff: 93768 | 23s elapsed (since last share, avg 43s) | best=136 target=45804 (999%)
[2026-09-07T00:07:44Z INFO  minertim] H/s 1m:2182.6 5m:2276.5 10m:2249.6 | Shares: 201/1 (found:202) | Diff: 93768 | 33s elapsed (since last share, avg 42s) | best=136 target=45804 (999%)
[2026-09-07T00:07:46Z INFO  minertim::pool_connection] New job: Ir3lIkV3kawUr18j (difficulty: 93768, target: ecb20000)
[2026-09-07T00:07:53Z INFO  minertim::pool_connection] New job: zBRQ3HvAcGmRzJ33 (difficulty: 93768, target: ecb20000)
[2026-09-07T00:07:54Z INFO  minertim] H/s 1m:2182.4 5m:2276.6 10m:2250.0 | Shares: 201/1 (found:202) | Diff: 93768 | 43s elapsed (since last share, avg 42s) | best=136 target=45804 (999%)
[2026-09-07T00:07:56Z INFO  minertim::pool_connection] New job: I83wYt20AMvqVIeg (difficulty: 93768, target: ecb20000)
[2026-09-07T00:08:04Z INFO  minertim] H/s 1m:2241.1 5m:2276.6 10m:2250.9 | Shares: 201/1 (found:202) | Diff: 93768 | 54s elapsed (since last share, avg 41s) | best=136 target=45804 (999%)
[2026-09-07T00:08:14Z INFO  minertim] H/s 1m:2357.9 5m:2276.7 10m:2256.9 | Shares: 201/1 (found:202) | Diff: 93768 | 1m4s elapsed (since last share, avg 39s) | best=136 target=45804 (999%)
[2026-09-07T00:08:16Z INFO  minertim::pool_connection] New job: ab2J0qhbH5MiblLM (difficulty: 93768, target: ecb20000)
[2026-09-07T00:08:24Z INFO  minertim] H/s 1m:2376.5 5m:2276.7 10m:2260.5 | Shares: 201/1 (found:202) | Diff: 93768 | 1m14s elapsed (since last share, avg 39s) | best=136 target=45804 (999%)
[2026-09-07T00:08:34Z INFO  minertim] H/s 1m:2375.7 5m:2286.9 10m:2261.5 | Shares: 201/1 (found:202) | Diff: 93768 | 1m24s elapsed (since last share, avg 39s) | best=136 target=45804 (999%)
[2026-09-07T00:08:36Z INFO  minertim::pool_connection] New job: 58bRF5N3ogW1mjX6 (difficulty: 93768, target: ecb20000)
[2026-09-07T00:08:44Z INFO  minertim] H/s 1m:2375.7 5m:2295.5 10m:2262.7 | Shares: 201/1 (found:202) | Diff: 93768 | 1m34s elapsed (since last share, avg 39s) | best=136 target=45804 (999%)
[2026-09-07T00:08:46Z INFO  minertim::miner] Worker 3 SHARE FOUND! job_id=58bRF5N3ogW1mjX6, nonce=7f446301, hash_val=14308, difficulty=93768, hash=b7219ceecf81221c31e2f08aba465e5b036f6df492d1eef411415f73e4370000
[2026-09-07T00:08:54Z INFO  minertim] H/s 1m:2258.1 5m:2295.4 10m:2263.1 | Shares: 201/1 (found:203) | Diff: 93768 | 7s elapsed (since last share, avg 41s) | best=136 target=45804 (999%)
[2026-09-07T00:08:56Z INFO  minertim::pool_connection] New job: hcXyFKnzsu0MTqUs (difficulty: 93768, target: ecb20000)
[2026-09-07T00:08:56Z INFO  minertim::pool_connection] Share accepted by pool
[2026-09-07T00:09:04Z INFO  minertim] H/s 1m:2243.0 5m:2297.3 10m:2266.8 | Shares: 202/1 (found:203) | Diff: 93768 | 17s elapsed (since last share, avg 41s) | best=136 target=45804 (999%)
[2026-09-07T00:09:08Z INFO  minertim::miner] Worker 2 SHARE FOUND! job_id=hcXyFKnzsu0MTqUs, nonce=a2015f01, hash_val=18073, difficulty=93768, hash=7d419a8f6f2f2c42d471fccb3bcf3ed183bd833a795cfafac19a4cfb99460000
[2026-09-07T00:09:09Z INFO  minertim::pool_connection] New job: lMvOS8QwPr77EMYJ (difficulty: 93768, target: ecb20000)
[2026-09-07T00:09:10Z INFO  minertim::pool_connection] Share accepted by pool
[2026-09-07T00:09:14Z INFO  minertim] H/s 1m:2230.9 5m:2295.2 10m:2265.9 | Shares: 203/1 (found:204) | Diff: 93768 | 5s elapsed (since last share, avg 42s) | best=136 target=45804 (999%)
[2026-09-07T00:09:24Z INFO  minertim] H/s 1m:2231.5 5m:2295.2 10m:2265.9 | Shares: 203/1 (found:204) | Diff: 93768 | 15s elapsed (since last share, avg 42s) | best=136 target=45804 (999%)
[2026-09-07T00:09:29Z INFO  minertim::pool_connection] New job: GEwq6AS2076IVaAp (difficulty: 93768, target: ecb20000)
[2026-09-07T00:09:34Z INFO  minertim] H/s 1m:2231.2 5m:2295.2 10m:2265.9 | Shares: 203/1 (found:204) | Diff: 93768 | 25s elapsed (since last share, avg 42s) | best=136 target=45804 (999%)
[2026-09-07T00:09:44Z INFO  minertim] H/s 1m:2348.8 5m:2295.2 10m:2265.9 | Shares: 203/1 (found:204) | Diff: 93768 | 35s elapsed (since last share, avg 39s) | best=136 target=45804 (999%)
[2026-09-07T00:09:49Z INFO  minertim::pool_connection] New job: w4VSf4qOxcIz1A48 (difficulty: 93768, target: ecb20000)
[2026-09-07T00:09:54Z INFO  minertim] H/s 1m:2363.8 5m:2305.4 10m:2266.0 | Shares: 203/1 (found:204) | Diff: 93768 | 45s elapsed (since last share, avg 39s) | best=136 target=45804 (999%)
[2026-09-07T00:10:04Z INFO  minertim] H/s 1m:2375.8 5m:2306.9 10m:2266.2 | Shares: 203/1 (found:204) | Diff: 93768 | 55s elapsed (since last share, avg 39s) | best=136 target=45804 (999%)
[2026-09-07T00:10:09Z INFO  minertim::pool_connection] New job: r8Dh7vuoDA9Z9n9t (difficulty: 93768, target: ecb20000)
[2026-09-07T00:10:14Z INFO  minertim] H/s 1m:2375.9 5m:2306.9 10m:2276.2 | Shares: 203/1 (found:204) | Diff: 93768 | 1m5s elapsed (since last share, avg 39s) | best=136 target=45804 (999%)
[2026-09-07T00:10:24Z INFO  minertim] H/s 1m:2376.0 5m:2306.8 10m:2278.9 | Shares: 203/1 (found:204) | Diff: 93768 | 1m15s elapsed (since last share, avg 39s) | best=136 target=45804 (999%)
[2026-09-07T00:10:29Z INFO  minertim::pool_connection] New job: O30xhaoSm0fKvl5Y (difficulty: 93768, target: ecb20000)
[2026-09-07T00:10:34Z INFO  minertim] H/s 1m:2376.0 5m:2306.8 10m:2278.9 | Shares: 203/1 (found:204) | Diff: 93768 | 1m25s elapsed (since last share, avg 39s) | best=136 target=45804 (999%)
[2026-09-07T00:10:41Z INFO  minertim::miner] Worker 2 SHARE FOUND! job_id=O30xhaoSm0fKvl5Y, nonce=86596201, hash_val=7588, difficulty=93768, hash=9585649285e09528b45528714ff96f2da2c83ccfff114ac548ea4b1aa41d0000
[2026-09-07T00:10:44Z INFO  minertim] H/s 1m:2317.2 5m:2296.6 10m:2279.0 | Shares: 203/1 (found:205) | Diff: 93768 | 2s elapsed (since last share, avg 40s) | best=136 target=45804 (999%)
[2026-09-07T00:10:49Z INFO  minertim::pool_connection] New job: GGLSNd915yO0E8Xf (difficulty: 93768, target: ecb20000)
[2026-09-07T00:10:49Z INFO  minertim::pool_connection] Share accepted by pool
[2026-09-07T00:10:51Z INFO  minertim::miner] Worker 3 SHARE FOUND! job_id=GGLSNd915yO0E8Xf, nonce=376b6701, hash_val=30524, difficulty=93768, hash=f6cd03504f8b8091684cd62159bc792cda5b21445cc8c62e0060cb6b3c770000
[2026-09-07T00:10:54Z INFO  minertim] H/s 1m:2237.8 5m:2282.9 10m:2278.3 | Shares: 204/1 (found:206) | Diff: 93768 | 3s elapsed (since last share, avg 41s) | best=136 target=45804 (999%)
[2026-09-07T00:11:04Z INFO  minertim] H/s 1m:2121.0 5m:2262.8 10m:2275.4 | Shares: 204/1 (found:206) | Diff: 93768 | 13s elapsed (since last share, avg 44s) | best=136 target=45804 (999%)
[2026-09-07T00:11:09Z INFO  minertim::pool_connection] New job: 0s0U8Ai0Bump291P (difficulty: 93768, target: ecb20000)
[2026-09-07T00:11:09Z INFO  minertim::pool_connection] Share accepted by pool
[2026-09-07T00:11:14Z INFO  minertim] H/s 1m:2115.2 5m:2261.8 10m:2279.5 | Shares: 205/1 (found:206) | Diff: 93768 | 23s elapsed (since last share, avg 44s) | best=136 target=45804 (999%)
[2026-09-07T00:11:19Z INFO  minertim::miner] Worker 1 SHARE FOUND! job_id=0s0U8Ai0Bump291P, nonce=a57e6901, hash_val=2723, difficulty=93768, hash=adb8e5cf00d52368ddef0f1440e8e87d92cdaed66d86a799e3ceaeb9a30a0000
[2026-09-07T00:11:24Z INFO  minertim] H/s 1m:2056.3 5m:2251.7 10m:2284.4 | Shares: 205/1 (found:207) | Diff: 93768 | 4s elapsed (since last share, avg 45s) | best=136 target=45804 (999%)
[2026-09-07T00:11:28Z INFO  minertim::pool_connection] New job: bwWfPFbgPZNbOBed (difficulty: 93768, target: ecb20000)
[2026-09-07T00:11:29Z INFO  minertim::pool_connection] Share accepted by pool
[2026-09-07T00:11:34Z INFO  minertim] H/s 1m:2096.3 5m:2258.7 10m:2285.4 | Shares: 206/1 (found:207) | Diff: 93768 | 14s elapsed (since last share, avg 44s) | best=136 target=45804 (999%)
[2026-09-07T00:11:44Z INFO  minertim] H/s 1m:2175.8 5m:2259.3 10m:2290.5 | Shares: 206/1 (found:207) | Diff: 93768 | 24s elapsed (since last share, avg 43s) | best=136 target=45804 (999%)
[2026-09-07T00:11:48Z INFO  minertim::pool_connection] New job: unDiFSkOmAbsxjnl (difficulty: 93768, target: ecb20000)
[2026-09-07T00:11:54Z INFO  minertim] H/s 1m:2292.3 5m:2259.2 10m:2291.1 | Shares: 206/1 (found:207) | Diff: 93768 | 34s elapsed (since last share, avg 40s) | best=136 target=45804 (999%)
[2026-09-07T00:12:04Z INFO  minertim] H/s 1m:2297.8 5m:2269.3 10m:2291.1 | Shares: 206/1 (found:207) | Diff: 93768 | 44s elapsed (since last share, avg 40s) | best=136 target=45804 (999%)
[2026-09-07T00:12:08Z INFO  minertim::pool_connection] New job: dEqCf06Ix0MaKxR7 (difficulty: 93768, target: ecb20000)
[2026-09-07T00:12:14Z INFO  minertim] H/s 1m:2357.0 5m:2289.5 10m:2286.1 | Shares: 206/1 (found:207) | Diff: 93768 | 54s elapsed (since last share, avg 39s) | best=136 target=45804 (999%)
[2026-09-07T00:12:19Z INFO  minertim::pool_connection] New job: 7iNXlqaFYVKEhVtA (difficulty: 93768, target: ecb20000)
[2026-09-07T00:12:24Z INFO  minertim] H/s 1m:2375.9 5m:2292.7 10m:2286.1 | Shares: 206/1 (found:207) | Diff: 93768 | 1m4s elapsed (since last share, avg 39s) | best=136 target=45804 (999%)
[2026-09-07T00:12:27Z INFO  minertim::pool_connection] New job: yyz4FJUtXZ0FElSc (difficulty: 93768, target: ecb20000)
[2026-09-07T00:12:31Z INFO  minertim::pool_connection] New job: st0etMiQh4fqsLZP (difficulty: 93768, target: ecb20000)
[2026-09-07T00:12:34Z INFO  minertim] H/s 1m:2375.1 5m:2292.5 10m:2286.0 | Shares: 206/1 (found:207) | Diff: 93768 | 1m14s elapsed (since last share, avg 39s) | best=136 target=45804 (999%)
[2026-09-07T00:12:44Z INFO  minertim] H/s 1m:2375.1 5m:2292.5 10m:2286.1 | Shares: 206/1 (found:207) | Diff: 93768 | 1m24s elapsed (since last share, avg 39s) | best=136 target=45804 (999%)
[2026-09-07T00:12:46Z INFO  minertim::miner] Worker 3 SHARE FOUND! job_id=st0etMiQh4fqsLZP, nonce=9ff16a01, hash_val=3837, difficulty=93768, hash=49af5c07f2799e666eebe01d4d5a1de958867ce74d78f11e2ee7eba9fd0e0000
[2026-09-07T00:12:51Z INFO  minertim::pool_connection] New job: pEct3zLLW84G3rnb (difficulty: 93768, target: ecb20000)
[2026-09-07T00:12:52Z INFO  minertim::pool_connection] Share accepted by pool
[2026-09-07T00:12:54Z INFO  minertim] H/s 1m:2283.6 5m:2276.6 10m:2278.3 | Shares: 207/1 (found:208) | Diff: 93768 | 8s elapsed (since last share, avg 41s) | best=136 target=45804 (999%)
[2026-09-07T00:13:04Z INFO  minertim] H/s 1m:2283.1 5m:2276.6 10m:2278.3 | Shares: 207/1 (found:208) | Diff: 93768 | 18s elapsed (since last share, avg 41s) | best=136 target=45804 (999%)
[2026-09-07T00:13:11Z INFO  minertim::miner] Worker 0 SHARE FOUND! job_id=pEct3zLLW84G3rnb, nonce=64cd6601, hash_val=30771, difficulty=93768, hash=cb737c4e5495a7293efba62bd0582cf3db83b1b9ea04df2aeeebf86b33780000
[2026-09-07T00:13:11Z INFO  minertim::pool_connection] New job: CkAjiP4GjV3qRalC (difficulty: 93768, target: ecb20000)
[2026-09-07T00:13:11Z INFO  minertim::pool_connection] Share accepted by pool
[2026-09-07T00:13:14Z INFO  minertim] H/s 1m:2281.1 5m:2276.2 10m:2278.1 | Shares: 208/1 (found:209) | Diff: 93768 | 2s elapsed (since last share, avg 41s) | best=136 target=45804 (999%)
[2026-09-07T00:13:24Z INFO  minertim] H/s 1m:2282.0 5m:2276.3 10m:2278.2 | Shares: 208/1 (found:209) | Diff: 93768 | 12s elapsed (since last share, avg 41s) | best=136 target=45804 (999%)
[2026-09-07T00:13:31Z INFO  minertim::pool_connection] New job: K0yyI5D1dgVVvRsd (difficulty: 93768, target: ecb20000)
[2026-09-07T00:13:34Z INFO  minertim] H/s 1m:2282.1 5m:2276.3 10m:2283.2 | Shares: 208/1 (found:209) | Diff: 93768 | 22s elapsed (since last share, avg 41s) | best=136 target=45804 (999%)
[2026-09-07T00:13:37Z INFO  minertim::miner] Worker 3 SHARE FOUND! job_id=K0yyI5D1dgVVvRsd, nonce=ef9b6c01, hash_val=41436, difficulty=93768, hash=1a9319d50cbb802d708bd2fb4db59db201ae8cbcafd2f03cf7215785dca10000
[2026-09-07T00:13:44Z INFO  minertim] H/s 1m:2315.7 5m:2286.5 10m:2282.5 | Shares: 208/1 (found:210) | Diff: 93768 | 6s elapsed (since last share, avg 40s) | best=136 target=45804 (999%)
[2026-09-07T00:13:51Z INFO  minertim::pool_connection] New job: 4yWW2I4ykJDa5ce0 (difficulty: 93768, target: ecb20000)
[2026-09-07T00:13:51Z INFO  minertim::pool_connection] Share accepted by pool
[2026-09-07T00:13:54Z INFO  minertim] H/s 1m:2210.2 5m:2270.9 10m:2283.5 | Shares: 209/1 (found:210) | Diff: 93768 | 16s elapsed (since last share, avg 42s) | best=136 target=45804 (999%)
[2026-09-07T00:14:04Z INFO  minertim] H/s 1m:2212.1 5m:2273.0 10m:2285.7 | Shares: 209/1 (found:210) | Diff: 93768 | 26s elapsed (since last share, avg 42s) | best=136 target=45804 (999%)
[2026-09-07T00:14:04Z INFO  minertim::pool_connection] New job: AI455TOStJq2N3ZU (difficulty: 93768, target: ecb20000)
[2026-09-07T00:14:14Z INFO  minertim] H/s 1m:2211.9 5m:2272.9 10m:2285.6 | Shares: 209/1 (found:210) | Diff: 93768 | 36s elapsed (since last share, avg 42s) | best=136 target=45804 (999%)
[2026-09-07T00:14:24Z INFO  minertim] H/s 1m:2211.9 5m:2273.0 10m:2285.6 | Shares: 209/1 (found:210) | Diff: 93768 | 46s elapsed (since last share, avg 42s) | best=136 target=45804 (999%)
[2026-09-07T00:14:24Z INFO  minertim::pool_connection] New job: Urg5lMpXA7iqvg3g (difficulty: 93768, target: ecb20000)
[2026-09-07T00:14:34Z INFO  minertim] H/s 1m:2270.3 5m:2273.0 10m:2285.6 | Shares: 209/1 (found:210) | Diff: 93768 | 56s elapsed (since last share, avg 41s) | best=136 target=45804 (999%)
[2026-09-07T00:14:44Z INFO  minertim] H/s 1m:2375.9 5m:2273.0 10m:2285.6 | Shares: 209/1 (found:210) | Diff: 93768 | 1m6s elapsed (since last share, avg 39s) | best=136 target=45804 (999%)
[2026-09-07T00:14:44Z INFO  minertim::pool_connection] New job: 0wXEsavLuAoEK5i6 (difficulty: 93768, target: ecb20000)
[2026-09-07T00:14:54Z INFO  minertim] H/s 1m:2375.7 5m:2273.0 10m:2290.7 | Shares: 209/1 (found:210) | Diff: 93768 | 1m16s elapsed (since last share, avg 39s) | best=136 target=45804 (999%)
[2026-09-07T00:15:04Z INFO  minertim::pool_connection] New job: 9xombAPUNL2eF0i6 (difficulty: 93768, target: ecb20000)
[2026-09-07T00:15:04Z INFO  minertim] H/s 1m:2375.8 5m:2272.9 10m:2291.4 | Shares: 209/1 (found:210) | Diff: 93768 | 1m26s elapsed (since last share, avg 39s) | best=136 target=45804 (999%)
[2026-09-07T00:15:14Z INFO  minertim] H/s 1m:2375.6 5m:2272.9 10m:2291.3 | Shares: 209/1 (found:210) | Diff: 93768 | 1m36s elapsed (since last share, avg 39s) | best=136 target=45804 (999%)
[2026-09-07T00:15:24Z INFO  minertim::pool_connection] New job: N3arjl97KVJpNh3a (difficulty: 93768, target: ecb20000)
[2026-09-07T00:15:24Z INFO  minertim] H/s 1m:2375.7 5m:2272.9 10m:2291.4 | Shares: 209/1 (found:210) | Diff: 93768 | 1m46s elapsed (since last share, avg 39s) | best=136 target=45804 (999%)
[2026-09-07T00:15:31Z INFO  minertim::pool_connection] New job: B7S1Udj9BWJRU0b9 (difficulty: 93768, target: ecb20000)
[2026-09-07T00:15:34Z INFO  minertim] H/s 1m:2375.6 5m:2283.1 10m:2291.3 | Shares: 209/1 (found:210) | Diff: 93768 | 1m56s elapsed (since last share, avg 39s) | best=136 target=45804 (999%)
[2026-09-07T00:15:44Z INFO  minertim] H/s 1m:2375.7 5m:2296.8 10m:2291.3 | Shares: 209/1 (found:210) | Diff: 93768 | 2m6s elapsed (since last share, avg 39s) | best=136 target=45804 (999%)
[2026-09-07T00:15:46Z INFO  minertim::miner] Worker 2 SHARE FOUND! job_id=B7S1Udj9BWJRU0b9, nonce=9a276d01, hash_val=36463, difficulty=93768, hash=17e3bc8a59f353754c50f45730bf0bf38297ad527001d201ae66664b6f8e0000
[2026-09-07T00:15:51Z INFO  minertim::pool_connection] New job: fVFy0Hx99fp9ug0B (difficulty: 93768, target: ecb20000)
[2026-09-07T00:15:51Z INFO  minertim::pool_connection] Share accepted by pool
[2026-09-07T00:15:54Z INFO  minertim] H/s 1m:2288.2 5m:2301.8 10m:2283.9 | Shares: 210/1 (found:211) | Diff: 93768 | 7s elapsed (since last share, avg 40s) | best=136 target=45804 (999%)
[2026-09-07T00:16:04Z INFO  minertim] H/s 1m:2288.2 5m:2302.7 10m:2283.9 | Shares: 210/1 (found:211) | Diff: 93768 | 17s elapsed (since last share, avg 40s) | best=136 target=45804 (999%)
[2026-09-07T00:16:11Z INFO  minertim::pool_connection] New job: qVeyA0srZJ0ei20P (difficulty: 93768, target: ecb20000)
[2026-09-07T00:16:14Z INFO  minertim] H/s 1m:2287.7 5m:2312.8 10m:2283.8 | Shares: 210/1 (found:211) | Diff: 93768 | 27s elapsed (since last share, avg 40s) | best=136 target=45804 (999%)
[2026-09-07T00:16:24Z INFO  minertim] H/s 1m:2287.5 5m:2316.0 10m:2283.8 | Shares: 210/1 (found:211) | Diff: 93768 | 37s elapsed (since last share, avg 40s) | best=136 target=45804 (999%)
[2026-09-07T00:16:28Z INFO  minertim::pool_connection] New job: 5G3tufYKd9PZGMbr (difficulty: 93768, target: ecb20000)
[2026-09-07T00:16:34Z INFO  minertim] H/s 1m:2287.6 5m:2316.0 10m:2288.9 | Shares: 210/1 (found:211) | Diff: 93768 | 47s elapsed (since last share, avg 40s) | best=136 target=45804 (999%)
[2026-09-07T00:16:44Z INFO  minertim] H/s 1m:2375.3 5m:2316.1 10m:2289.2 | Shares: 210/1 (found:211) | Diff: 93768 | 57s elapsed (since last share, avg 39s) | best=136 target=45804 (999%)
[2026-09-07T00:16:48Z INFO  minertim::pool_connection] New job: GZxl1SMmxDr10ff5 (difficulty: 93768, target: ecb20000)
[2026-09-07T00:16:54Z INFO  minertim] H/s 1m:2375.1 5m:2316.1 10m:2289.1 | Shares: 210/1 (found:211) | Diff: 93768 | 1m7s elapsed (since last share, avg 39s) | best=136 target=45804 (999%)
[2026-09-07T00:16:59Z INFO  minertim::miner] Worker 3 SHARE FOUND! job_id=GZxl1SMmxDr10ff5, nonce=2f707301, hash_val=37494, difficulty=93768, hash=0234f7284dc1e9352ad5158bb4ca07c97b2367309595a7e14d2a327d76920000
[2026-09-07T00:17:03Z INFO  minertim::miner] Worker 2 SHARE FOUND! job_id=GZxl1SMmxDr10ff5, nonce=96cc6f01, hash_val=602, difficulty=93768, hash=fef8c42d4aa4fa5792e7cde01b8fab6eccdf7842f530cdbd3a2d59915a020000
[2026-09-07T00:17:04Z INFO  minertim] H/s 1m:2316.5 5m:2305.9 10m:2289.1 | Shares: 210/1 (found:213) | Diff: 93768 | 0s elapsed (since last share, avg 40s) | best=136 target=45804 (999%)
[2026-09-07T00:17:06Z INFO  minertim::miner] Worker 1 SHARE FOUND! job_id=GZxl1SMmxDr10ff5, nonce=65c67501, hash_val=28676, difficulty=93768, hash=3917bfc06fa44972225c88ae6636947fee7802368c05b399224c949604700000
[2026-09-07T00:17:08Z INFO  minertim::pool_connection] New job: u5lTs7s8ToTdualR (difficulty: 93768, target: ecb20000)
[2026-09-07T00:17:08Z INFO  minertim::pool_connection] Share accepted by pool
[2026-09-07T00:17:09Z INFO  minertim::pool_connection] Share accepted by pool
[2026-09-07T00:17:09Z INFO  minertim::pool_connection] Share accepted by pool
[2026-09-07T00:17:14Z INFO  minertim] H/s 1m:2249.2 5m:2294.2 10m:2293.3 | Shares: 213/1 (found:214) | Diff: 93768 | 7s elapsed (since last share, avg 41s) | best=136 target=45804 (999%)
[2026-09-07T00:17:24Z INFO  minertim] H/s 1m:2249.4 5m:2294.4 10m:2294.8 | Shares: 213/1 (found:214) | Diff: 93768 | 17s elapsed (since last share, avg 41s) | best=136 target=45804 (999%)
[2026-09-07T00:17:28Z INFO  minertim::pool_connection] New job: Hgl6oAhqZA2uvDnu (difficulty: 93768, target: ecb20000)
[2026-09-07T00:17:34Z INFO  minertim] H/s 1m:2249.2 5m:2294.3 10m:2294.8 | Shares: 213/1 (found:214) | Diff: 93768 | 27s elapsed (since last share, avg 41s) | best=136 target=45804 (999%)
[2026-09-07T00:17:44Z INFO  minertim] H/s 1m:2249.5 5m:2310.2 10m:2294.8 | Shares: 213/1 (found:214) | Diff: 93768 | 37s elapsed (since last share, avg 41s) | best=136 target=45804 (999%)
[2026-09-07T00:17:48Z INFO  minertim::pool_connection] New job: WL0UGFZOPiLOnaM9 (difficulty: 93768, target: ecb20000)
[2026-09-07T00:17:54Z INFO  minertim] H/s 1m:2308.2 5m:2310.2 10m:2294.8 | Shares: 213/1 (found:214) | Diff: 93768 | 47s elapsed (since last share, avg 40s) | best=136 target=45804 (999%)
[2026-09-07T00:17:58Z INFO  minertim::miner] Worker 0 SHARE FOUND! job_id=WL0UGFZOPiLOnaM9, nonce=3c367101, hash_val=32777, difficulty=93768, hash=c74b9b2e7a1b0db206c11116c997e3b361ba67ff5e72b07e6e383ed309800000
[2026-09-07T00:18:04Z INFO  minertim] H/s 1m:2258.2 5m:2290.3 10m:2284.8 | Shares: 213/1 (found:215) | Diff: 93768 | 5s elapsed (since last share, avg 41s) | best=136 target=45804 (999%)
[2026-09-07T00:18:08Z INFO  minertim::pool_connection] New job: fPvJ4kRsqYHdKYxe (difficulty: 93768, target: ecb20000)
[2026-09-07T00:18:08Z INFO  minertim::pool_connection] Share accepted by pool
[2026-09-07T00:18:14Z INFO  minertim] H/s 1m:2255.7 5m:2289.8 10m:2284.6 | Shares: 214/1 (found:215) | Diff: 93768 | 15s elapsed (since last share, avg 41s) | best=136 target=45804 (999%)
[2026-09-07T00:18:24Z INFO  minertim] H/s 1m:2255.3 5m:2289.7 10m:2284.6 | Shares: 214/1 (found:215) | Diff: 93768 | 25s elapsed (since last share, avg 41s) | best=136 target=45804 (999%)
[2026-09-07T00:18:28Z INFO  minertim::pool_connection] New job: 38CieEwQVvBGB0D7 (difficulty: 93768, target: ecb20000)
[2026-09-07T00:18:28Z INFO  minertim::miner] Worker 3 SHARE FOUND! job_id=38CieEwQVvBGB0D7, nonce=f3527601, hash_val=45091, difficulty=93768, hash=814eb88572820ee0bedd540d4426694d02b38e40823b50574d875b8423b00000
[2026-09-07T00:18:34Z INFO  minertim] H/s 1m:2137.3 5m:2279.4 10m:2274.6 | Shares: 214/1 (found:216) | Diff: 93768 | 6s elapsed (since last share, avg 43s) | best=136 target=45804 (999%)
[2026-09-07T00:18:44Z INFO  minertim] H/s 1m:2020.6 5m:2277.5 10m:2274.6 | Shares: 214/1 (found:216) | Diff: 93768 | 16s elapsed (since last share, avg 46s) | best=136 target=45804 (999%)
[2026-09-07T00:18:47Z INFO  minertim::pool_connection] New job: 0i1RFlqpJUQFH00g (difficulty: 93768, target: ecb20000)
[2026-09-07T00:18:48Z INFO  minertim::pool_connection] Share accepted by pool
[2026-09-07T00:18:54Z INFO  minertim] H/s 1m:2133.1 5m:2276.6 10m:2275.5 | Shares: 215/1 (found:216) | Diff: 93768 | 26s elapsed (since last share, avg 43s) | best=136 target=45804 (999%)
[2026-09-07T00:18:58Z INFO  minertim::miner] Worker 0 SHARE FOUND! job_id=0i1RFlqpJUQFH00g, nonce=04057301, hash_val=39611, difficulty=93768, hash=55a527a0b9b7810e281623973e41e65a57b001bced4c2e3f3ec58e4bbb9a0000
[2026-09-07T00:19:04Z INFO  minertim] H/s 1m:2017.5 5m:2256.3 10m:2266.5 | Shares: 215/1 (found:217) | Diff: 93768 | 6s elapsed (since last share, avg 46s) | best=136 target=45804 (999%)
[2026-09-07T00:19:07Z INFO  minertim::pool_connection] New job: 2LeE1Q0ba04qoqdy (difficulty: 93768, target: ecb20000)
[2026-09-07T00:19:08Z INFO  minertim::pool_connection] Share accepted by pool
[2026-09-07T00:19:14Z INFO  minertim] H/s 1m:2017.5 5m:2256.2 10m:2266.5 | Shares: 216/1 (found:217) | Diff: 93768 | 16s elapsed (since last share, avg 46s) | best=136 target=45804 (999%)
[2026-09-07T00:19:24Z INFO  minertim] H/s 1m:2135.7 5m:2256.2 10m:2266.5 | Shares: 216/1 (found:217) | Diff: 93768 | 26s elapsed (since last share, avg 43s) | best=136 target=45804 (999%)
[2026-09-07T00:19:26Z INFO  minertim::miner] Worker 0 SHARE FOUND! job_id=2LeE1Q0ba04qoqdy, nonce=d4b37301, hash_val=28409, difficulty=93768, hash=ec28ce5c8c62f76b795d70a7cbe1d20bf007f2e799167081d777df8df96e0000
[2026-09-07T00:19:27Z INFO  minertim::pool_connection] New job: 5Ewsfyz5aBD4JUGt (difficulty: 93768, target: ecb20000)
[2026-09-07T00:19:27Z INFO  minertim::pool_connection] Share accepted by pool
[2026-09-07T00:19:34Z INFO  minertim] H/s 1m:2241.4 5m:2254.3 10m:2265.5 | Shares: 217/1 (found:218) | Diff: 93768 | 8s elapsed (since last share, avg 41s) | best=136 target=45804 (999%)
[2026-09-07T00:19:44Z INFO  minertim] H/s 1m:2246.5 5m:2254.3 10m:2265.5 | Shares: 217/1 (found:218) | Diff: 93768 | 18s elapsed (since last share, avg 41s) | best=136 target=45804 (999%)
[2026-09-07T00:19:47Z INFO  minertim::pool_connection] New job: Yibd07z317IXHt3g (difficulty: 93768, target: ecb20000)
[2026-09-07T00:19:54Z INFO  minertim] H/s 1m:2364.2 5m:2254.3 10m:2265.5 | Shares: 217/1 (found:218) | Diff: 93768 | 28s elapsed (since last share, avg 39s) | best=136 target=45804 (999%)
[2026-09-07T00:20:04Z INFO  minertim] H/s 1m:2364.7 5m:2254.3 10m:2265.5 | Shares: 217/1 (found:218) | Diff: 93768 | 38s elapsed (since last share, avg 39s) | best=136 target=45804 (999%)
[2026-09-07T00:20:07Z INFO  minertim::pool_connection] New job: gGoKLmf0KkiylQQI (difficulty: 93768, target: ecb20000)
[2026-09-07T00:20:14Z INFO  minertim] H/s 1m:2364.3 5m:2254.3 10m:2265.5 | Shares: 217/1 (found:218) | Diff: 93768 | 48s elapsed (since last share, avg 39s) | best=136 target=45804 (999%)
[2026-09-07T00:20:24Z INFO  minertim] H/s 1m:2375.9 5m:2254.3 10m:2265.5 | Shares: 217/1 (found:218) | Diff: 93768 | 58s elapsed (since last share, avg 39s) | best=136 target=45804 (999%)
[2026-09-07T00:20:27Z INFO  minertim::pool_connection] New job: No2dredC6PR7v0aL (difficulty: 93768, target: ecb20000)
[2026-09-07T00:20:34Z INFO  minertim] H/s 1m:2375.8 5m:2254.3 10m:2270.5 | Shares: 217/1 (found:218) | Diff: 93768 | 1m8s elapsed (since last share, avg 39s) | best=136 target=45804 (999%)
[2026-09-07T00:20:44Z INFO  minertim] H/s 1m:2375.9 5m:2269.4 10m:2277.2 | Shares: 217/1 (found:218) | Diff: 93768 | 1m18s elapsed (since last share, avg 39s) | best=136 target=45804 (999%)
[2026-09-07T00:20:47Z INFO  minertim::pool_connection] New job: J8yqoIkPJApXTeAn (difficulty: 93768, target: ecb20000)
[2026-09-07T00:20:54Z INFO  minertim] H/s 1m:2375.8 5m:2269.4 10m:2287.1 | Shares: 217/1 (found:218) | Diff: 93768 | 1m28s elapsed (since last share, avg 39s) | best=136 target=45804 (999%)
[2026-09-07T00:21:04Z INFO  minertim] H/s 1m:2375.9 5m:2269.5 10m:2287.6 | Shares: 217/1 (found:218) | Diff: 93768 | 1m38s elapsed (since last share, avg 39s) | best=136 target=45804 (999%)
[2026-09-07T00:21:07Z INFO  minertim::pool_connection] New job: lnn8IeW8JpXbBHDo (difficulty: 93768, target: ecb20000)
[2026-09-07T00:21:14Z INFO  minertim] H/s 1m:2375.9 5m:2269.6 10m:2292.6 | Shares: 217/1 (found:218) | Diff: 93768 | 1m48s elapsed (since last share, avg 39s) | best=136 target=45804 (999%)
[2026-09-07T00:21:24Z INFO  minertim] H/s 1m:2376.0 5m:2269.6 10m:2294.2 | Shares: 217/1 (found:218) | Diff: 93768 | 1m58s elapsed (since last share, avg 39s) | best=136 target=45804 (999%)
[2026-09-07T00:21:26Z INFO  minertim::pool_connection] New job: qfMjFQStlA5QwKF5 (difficulty: 93768, target: ecb20000)
[2026-09-07T00:21:34Z INFO  minertim] H/s 1m:2375.6 5m:2269.5 10m:2294.2 | Shares: 217/1 (found:218) | Diff: 93768 | 2m8s elapsed (since last share, avg 39s) | best=136 target=45804 (999%)
[2026-09-07T00:21:44Z INFO  minertim] H/s 1m:2375.9 5m:2269.6 10m:2294.2 | Shares: 217/1 (found:218) | Diff: 93768 | 2m18s elapsed (since last share, avg 39s) | best=136 target=45804 (999%)
[2026-09-07T00:21:46Z INFO  minertim::pool_connection] New job: 3V0dsmEpEHSPIA80 (difficulty: 93768, target: ecb20000)
[2026-09-07T00:21:48Z INFO  minertim::miner] Worker 1 SHARE FOUND! job_id=3V0dsmEpEHSPIA80, nonce=5df37f01, hash_val=31947, difficulty=93768, hash=46b7cde54d2e4ed3d5e06bc70667c7bd990ca2997987c91eede22380cb7c0000
[2026-09-07T00:21:54Z INFO  minertim] H/s 1m:2257.9 5m:2259.4 10m:2284.2 | Shares: 217/1 (found:219) | Diff: 93768 | 6s elapsed (since last share, avg 41s) | best=136 target=45804 (999%)
[2026-09-07T00:22:04Z INFO  minertim] H/s 1m:2140.7 5m:2250.9 10m:2274.3 | Shares: 217/1 (found:219) | Diff: 93768 | 16s elapsed (since last share, avg 43s) | best=136 target=45804 (999%)
[2026-09-07T00:22:05Z INFO  minertim::miner] Worker 3 SHARE FOUND! job_id=3V0dsmEpEHSPIA80, nonce=cf7c7d01, hash_val=26892, difficulty=93768, hash=65db856cc96cd7db52a257215fb898e2d2014344d3ba6dd6308c52390c690000
[2026-09-07T00:22:06Z INFO  minertim::pool_connection] New job: 66BV1phv0eqFJ4uB (difficulty: 93768, target: ecb20000)
[2026-09-07T00:22:07Z INFO  minertim::pool_connection] Share accepted by pool
[2026-09-07T00:22:07Z INFO  minertim::pool_connection] Share accepted by pool
[2026-09-07T00:22:14Z INFO  minertim] H/s 1m:2119.1 5m:2247.1 10m:2272.4 | Shares: 219/1 (found:220) | Diff: 93768 | 9s elapsed (since last share, avg 44s) | best=136 target=45804 (999%)
[2026-09-07T00:22:24Z INFO  minertim] H/s 1m:2119.5 5m:2247.1 10m:2272.5 | Shares: 219/1 (found:220) | Diff: 93768 | 19s elapsed (since last share, avg 44s) | best=136 target=45804 (999%)
[2026-09-07T00:22:26Z INFO  minertim::pool_connection] New job: o8igcgbz2X3XHu6z (difficulty: 93768, target: ecb20000)
[2026-09-07T00:22:34Z INFO  minertim] H/s 1m:2119.4 5m:2247.2 10m:2272.5 | Shares: 219/1 (found:220) | Diff: 93768 | 29s elapsed (since last share, avg 44s) | best=136 target=45804 (999%)
[2026-09-07T00:22:41Z INFO  minertim::miner] Worker 2 SHARE FOUND! job_id=o8igcgbz2X3XHu6z, nonce=b2e17b01, hash_val=30671, difficulty=93768, hash=4468da5465085b814f057acbb031f97a7adefdfa84500951239a4567cf770000
[2026-09-07T00:22:44Z INFO  minertim] H/s 1m:2178.6 5m:2237.0 10m:2275.3 | Shares: 219/1 (found:221) | Diff: 93768 | 3s elapsed (since last share, avg 43s) | best=136 target=45804 (999%)
[2026-09-07T00:22:46Z INFO  minertim::pool_connection] New job: 9LaliM7gMZvrm9ge (difficulty: 93768, target: ecb20000)
[2026-09-07T00:22:46Z INFO  minertim::pool_connection] Share accepted by pool
[2026-09-07T00:22:51Z INFO  minertim::pool_connection] New job: PSm821n0SYY80sfm (difficulty: 93768, target: ecb20000)
[2026-09-07T00:22:54Z INFO  minertim] H/s 1m:2267.2 5m:2252.4 10m:2272.9 | Shares: 220/1 (found:221) | Diff: 93768 | 13s elapsed (since last share, avg 41s) | best=136 target=45804 (999%)
[2026-09-07T00:23:04Z INFO  minertim] H/s 1m:2288.3 5m:2252.7 10m:2273.1 | Shares: 220/1 (found:221) | Diff: 93768 | 23s elapsed (since last share, avg 40s) | best=136 target=45804 (999%)
[2026-09-07T00:23:10Z INFO  minertim::pool_connection] New job: 8nhrkfYkFV34tlYw (difficulty: 93768, target: ecb20000)
[2026-09-07T00:23:14Z INFO  minertim] H/s 1m:2288.2 5m:2252.8 10m:2273.0 | Shares: 220/1 (found:221) | Diff: 93768 | 33s elapsed (since last share, avg 40s) | best=136 target=45804 (999%)
[2026-09-07T00:23:24Z INFO  minertim] H/s 1m:2287.9 5m:2273.1 10m:2273.0 | Shares: 220/1 (found:221) | Diff: 93768 | 43s elapsed (since last share, avg 40s) | best=136 target=45804 (999%)
[2026-09-07T00:23:30Z INFO  minertim::pool_connection] New job: fMYNZp2wZ7eGx9oT (difficulty: 93768, target: ecb20000)
[2026-09-07T00:23:34Z INFO  minertim] H/s 1m:2347.2 5m:2293.3 10m:2278.0 | Shares: 220/1 (found:221) | Diff: 93768 | 53s elapsed (since last share, avg 39s) | best=136 target=45804 (999%)
[2026-09-07T00:23:44Z INFO  minertim] H/s 1m:2375.0 5m:2294.1 10m:2286.9 | Shares: 220/1 (found:221) | Diff: 93768 | 1m3s elapsed (since last share, avg 39s) | best=136 target=45804 (999%)
[2026-09-07T00:23:50Z INFO  minertim::pool_connection] New job: hzGND05D9gNkE14e (difficulty: 93768, target: ecb20000)
[2026-09-07T00:23:54Z INFO  minertim] H/s 1m:2375.6 5m:2314.5 10m:2286.9 | Shares: 220/1 (found:221) | Diff: 93768 | 1m13s elapsed (since last share, avg 39s) | best=136 target=45804 (999%)
[2026-09-07T00:24:04Z INFO  minertim] H/s 1m:2374.9 5m:2314.4 10m:2286.9 | Shares: 220/1 (found:221) | Diff: 93768 | 1m23s elapsed (since last share, avg 39s) | best=136 target=45804 (999%)
[2026-09-07T00:24:10Z INFO  minertim::pool_connection] New job: V3DBzdQPQI69c4rt (difficulty: 93768, target: ecb20000)
[2026-09-07T00:24:12Z INFO  minertim::miner] Worker 0 SHARE FOUND! job_id=V3DBzdQPQI69c4rt, nonce=480a7e01, hash_val=23177, difficulty=93768, hash=c3b1b9dd60f877d75ae061277bbf61533f954ba3f37ba79c71e8eb4f895a0000
[2026-09-07T00:24:14Z INFO  minertim] H/s 1m:2315.4 5m:2304.1 10m:2281.8 | Shares: 220/1 (found:222) | Diff: 93768 | 2s elapsed (since last share, avg 40s) | best=136 target=45804 (999%)
[2026-09-07T00:24:25Z INFO  minertim] H/s 1m:2198.3 5m:2285.9 10m:2271.9 | Shares: 220/1 (found:222) | Diff: 93768 | 12s elapsed (since last share, avg 42s) | best=136 target=45804 (999%)
[2026-09-07T00:24:30Z INFO  minertim::pool_connection] New job: qqCd8P1GwtMRmZxu (difficulty: 93768, target: ecb20000)
[2026-09-07T00:24:30Z INFO  minertim::pool_connection] Share accepted by pool
[2026-09-07T00:24:35Z INFO  minertim] H/s 1m:2137.3 5m:2275.3 10m:2266.7 | Shares: 221/1 (found:222) | Diff: 93768 | 22s elapsed (since last share, avg 43s) | best=136 target=45804 (999%)
[2026-09-07T00:24:45Z INFO  minertim] H/s 1m:2137.2 5m:2275.3 10m:2266.7 | Shares: 221/1 (found:222) | Diff: 93768 | 32s elapsed (since last share, avg 43s) | best=136 target=45804 (999%)
[2026-09-07T00:24:50Z INFO  minertim::pool_connection] New job: UywKtLD0Axu8Uoyd (difficulty: 93768, target: ecb20000)
[2026-09-07T00:24:55Z INFO  minertim] H/s 1m:2138.1 5m:2275.4 10m:2266.7 | Shares: 221/1 (found:222) | Diff: 93768 | 42s elapsed (since last share, avg 43s) | best=136 target=45804 (999%)
[2026-09-07T00:25:05Z INFO  minertim] H/s 1m:2197.5 5m:2275.4 10m:2266.7 | Shares: 221/1 (found:222) | Diff: 93768 | 52s elapsed (since last share, avg 42s) | best=136 target=45804 (999%)
[2026-09-07T00:25:10Z INFO  minertim::pool_connection] New job: x9NxqzfNskevvtLW (difficulty: 93768, target: ecb20000)
[2026-09-07T00:25:15Z INFO  minertim] H/s 1m:2314.3 5m:2275.3 10m:2266.7 | Shares: 221/1 (found:222) | Diff: 93768 | 1m2s elapsed (since last share, avg 40s) | best=136 target=45804 (999%)
[2026-09-07T00:25:21Z INFO  minertim::miner] Worker 3 SHARE FOUND! job_id=x9NxqzfNskevvtLW, nonce=db8b8401, hash_val=14055, difficulty=93768, hash=32610c96d61feffd5138197c211e564b23da20625096739f3e03e1dee7360000
[2026-09-07T00:25:25Z INFO  minertim] H/s 1m:2316.2 5m:2265.0 10m:2261.7 | Shares: 221/1 (found:223) | Diff: 93768 | 3s elapsed (since last share, avg 40s) | best=136 target=45804 (999%)
[2026-09-07T00:25:30Z INFO  minertim::pool_connection] New job: L8ezVmFCe9ave9KS (difficulty: 93768, target: ecb20000)
[2026-09-07T00:25:30Z INFO  minertim::pool_connection] Share accepted by pool
[2026-09-07T00:25:32Z INFO  minertim::miner] Worker 0 SHARE FOUND! job_id=L8ezVmFCe9ave9KS, nonce=08468001, hash_val=1995, difficulty=93768, hash=9df254c8bdf27a8247e843d328b746e459894584ae86704a2f0a4c0ecb070000
[2026-09-07T00:25:35Z INFO  minertim] H/s 1m:2240.9 5m:2252.1 10m:2255.3 | Shares: 222/1 (found:224) | Diff: 93768 | 3s elapsed (since last share, avg 41s) | best=136 target=45804 (999%)
[2026-09-07T00:25:38Z INFO  minertim::miner] Worker 3 SHARE FOUND! job_id=L8ezVmFCe9ave9KS, nonce=7fd58401, hash_val=37128, difficulty=93768, hash=04a2312fe1d4144cf08fe4aebb2d875b6a17ff10cafd072ab8d513b008910000
[2026-09-07T00:25:39Z INFO  minertim::miner] Worker 1 SHARE FOUND! job_id=L8ezVmFCe9ave9KS, nonce=bdb08701, hash_val=18611, difficulty=93768, hash=f1cc154c39109550c9b4a9b09c8df80e0b2bb64c8b77a9c43b7c924ab3480000
[2026-09-07T00:25:45Z INFO  minertim] H/s 1m:2004.3 5m:2211.3 10m:2242.7 | Shares: 222/1 (found:226) | Diff: 93768 | 5s elapsed (since last share, avg 46s) | best=136 target=45804 (999%)
[2026-09-07T00:25:49Z INFO  minertim::pool_connection] New job: iDk1Hy9hAacmApr0 (difficulty: 93768, target: ecb20000)
[2026-09-07T00:25:50Z INFO  minertim::pool_connection] Share accepted by pool
[2026-09-07T00:25:50Z INFO  minertim::pool_connection] Share accepted by pool
[2026-09-07T00:25:50Z INFO  minertim::pool_connection] Share accepted by pool
[2026-09-07T00:25:55Z INFO  minertim] H/s 1m:1915.2 5m:2195.9 10m:2235.1 | Shares: 225/1 (found:226) | Diff: 93768 | 15s elapsed (since last share, avg 48s) | best=136 target=45804 (999%)
[2026-09-07T00:26:05Z INFO  minertim] H/s 1m:1915.3 5m:2195.9 10m:2235.1 | Shares: 225/1 (found:226) | Diff: 93768 | 25s elapsed (since last share, avg 48s) | best=136 target=45804 (999%)
[2026-09-07T00:26:09Z INFO  minertim::pool_connection] New job: 16V2edwJvQtf4Tsz (difficulty: 93768, target: ecb20000)
[2026-09-07T00:26:15Z INFO  minertim] H/s 1m:1974.8 5m:2195.9 10m:2235.1 | Shares: 225/1 (found:226) | Diff: 93768 | 35s elapsed (since last share, avg 47s) | best=136 target=45804 (999%)
[2026-09-07T00:26:25Z INFO  minertim] H/s 1m:2050.2 5m:2195.9 10m:2235.2 | Shares: 225/1 (found:226) | Diff: 93768 | 45s elapsed (since last share, avg 45s) | best=136 target=45804 (999%)
[2026-09-07T00:26:28Z INFO  minertim::miner] Worker 1 SHARE FOUND! job_id=16V2edwJvQtf4Tsz, nonce=99138901, hash_val=31999, difficulty=93768, hash=6c895ebed15c5aacaca445b5c4ca8bbf7217b841f2c958195ef24937ff7c0000
[2026-09-07T00:26:29Z INFO  minertim::pool_connection] New job: UNO60AsOW0B0XgCs (difficulty: 93768, target: ecb20000)
[2026-09-07T00:26:30Z INFO  minertim::pool_connection] Share accepted by pool
[2026-09-07T00:26:35Z INFO  minertim] H/s 1m:2267.0 5m:2192.5 10m:2233.5 | Shares: 226/1 (found:227) | Diff: 93768 | 7s elapsed (since last share, avg 41s) | best=136 target=45804 (999%)
[2026-09-07T00:26:45Z INFO  minertim] H/s 1m:2356.7 5m:2212.9 10m:2233.5 | Shares: 226/1 (found:227) | Diff: 93768 | 17s elapsed (since last share, avg 39s) | best=136 target=45804 (999%)
[2026-09-07T00:26:49Z INFO  minertim::pool_connection] New job: W58Z7g0ibYHsHXuw (difficulty: 93768, target: ecb20000)
[2026-09-07T00:26:55Z INFO  minertim] H/s 1m:2357.4 5m:2233.2 10m:2238.6 | Shares: 226/1 (found:227) | Diff: 93768 | 27s elapsed (since last share, avg 39s) | best=136 target=45804 (999%)
[2026-09-07T00:27:05Z INFO  minertim] H/s 1m:2357.7 5m:2237.0 10m:2244.3 | Shares: 226/1 (found:227) | Diff: 93768 | 37s elapsed (since last share, avg 39s) | best=136 target=45804 (999%)
[2026-09-07T00:27:05Z INFO  minertim::miner] Worker 0 SHARE FOUND! job_id=W58Z7g0ibYHsHXuw, nonce=c8058301, hash_val=32325, difficulty=93768, hash=c02a1e204c612f166a53b2d61445e44733930c5263aaa3b9b61eb28f457e0000
[2026-09-07T00:27:09Z INFO  minertim::pool_connection] New job: 3bhrHwKGb4NdROqi (difficulty: 93768, target: ecb20000)
[2026-09-07T00:27:09Z INFO  minertim::pool_connection] Share accepted by pool
[2026-09-07T00:27:15Z INFO  minertim] H/s 1m:2314.6 5m:2229.6 10m:2240.7 | Shares: 227/1 (found:228) | Diff: 93768 | 9s elapsed (since last share, avg 40s) | best=136 target=45804 (999%)
[2026-09-07T00:27:24Z INFO  minertim::miner] Worker 3 SHARE FOUND! job_id=3bhrHwKGb4NdROqi, nonce=0b458801, hash_val=15194, difficulty=93768, hash=52bef3d5ffe474e77d20979c873057ef556691184f12d128628859a35a3b0000
[2026-09-07T00:27:25Z INFO  minertim] H/s 1m:2274.7 5m:2219.3 10m:2235.6 | Shares: 227/1 (found:229) | Diff: 93768 | 0s elapsed (since last share, avg 41s) | best=136 target=45804 (999%)
[2026-09-07T00:27:29Z INFO  minertim::pool_connection] New job: nuN5FRYqEN0WWZSV (difficulty: 93768, target: ecb20000)
[2026-09-07T00:27:29Z INFO  minertim::pool_connection] Share accepted by pool
[2026-09-07T00:27:35Z INFO  minertim] H/s 1m:2271.7 5m:2229.0 10m:2235.4 | Shares: 228/1 (found:229) | Diff: 93768 | 10s elapsed (since last share, avg 41s) | best=136 target=45804 (999%)
[2026-09-07T00:27:45Z INFO  minertim] H/s 1m:2271.0 5m:2233.9 10m:2235.4 | Shares: 228/1 (found:229) | Diff: 93768 | 20s elapsed (since last share, avg 41s) | best=136 target=45804 (999%)
[2026-09-07T00:27:49Z INFO  minertim::pool_connection] New job: 7b0IERYxeK0qOYCS (difficulty: 93768, target: ecb20000)
[2026-09-07T00:27:55Z INFO  minertim] H/s 1m:2270.9 5m:2234.0 10m:2245.4 | Shares: 228/1 (found:229) | Diff: 93768 | 30s elapsed (since last share, avg 41s) | best=136 target=45804 (999%)
[2026-09-07T00:27:56Z INFO  minertim::miner] Worker 3 SHARE FOUND! job_id=7b0IERYxeK0qOYCS, nonce=0b418901, hash_val=36594, difficulty=93768, hash=5efb8bf9dcd8ef902bd649eaf35a874d9558bdba01cf19a02f441cc6f28e0000
[2026-09-07T00:28:01Z INFO  minertim::miner] Worker 0 SHARE FOUND! job_id=7b0IERYxeK0qOYCS, nonce=58ea8401, hash_val=8488, difficulty=93768, hash=5d5fa5096fd52c77bc713d75c5558e74168cac1f13643b44cb7387f228210000
[2026-09-07T00:28:05Z INFO  minertim] H/s 1m:2137.4 5m:2203.6 10m:2230.6 | Shares: 228/1 (found:231) | Diff: 93768 | 3s elapsed (since last share, avg 43s) | best=136 target=45804 (999%)
[2026-09-07T00:28:09Z INFO  minertim::pool_connection] New job: 1iWPeYG712ISQ5Wp (difficulty: 93768, target: ecb20000)
[2026-09-07T00:28:09Z INFO  minertim::pool_connection] Share accepted by pool
[2026-09-07T00:28:09Z INFO  minertim::pool_connection] Share accepted by pool
[2026-09-07T00:28:15Z INFO  minertim] H/s 1m:2125.5 5m:2191.3 10m:2224.6 | Shares: 230/1 (found:231) | Diff: 93768 | 13s elapsed (since last share, avg 44s) | best=136 target=45804 (999%)
[2026-09-07T00:28:25Z INFO  minertim] H/s 1m:2128.3 5m:2191.3 10m:2234.7 | Shares: 230/1 (found:231) | Diff: 93768 | 23s elapsed (since last share, avg 44s) | best=136 target=45804 (999%)
[2026-09-07T00:28:28Z INFO  minertim::pool_connection] New job: tyCKbN0U3ax0lDYw (difficulty: 93768, target: ecb20000)
[2026-09-07T00:28:35Z INFO  minertim] H/s 1m:2128.3 5m:2191.3 10m:2244.6 | Shares: 230/1 (found:231) | Diff: 93768 | 33s elapsed (since last share, avg 44s) | best=136 target=45804 (999%)
[2026-09-07T00:28:45Z INFO  minertim] H/s 1m:2128.0 5m:2191.3 10m:2245.0 | Shares: 230/1 (found:231) | Diff: 93768 | 43s elapsed (since last share, avg 44s) | best=136 target=45804 (999%)
[2026-09-07T00:28:48Z INFO  minertim::pool_connection] New job: Bp0yFxPVnHOBbCky (difficulty: 93768, target: ecb20000)
[2026-09-07T00:28:55Z INFO  minertim::pool_connection] Donation: mining to Author (donate-level 5%)
[2026-09-07T00:28:55Z INFO  minertim::pool_connection] Connecting to pool: monerohash.com:2222
[2026-09-07T00:28:55Z INFO  minertim] H/s 1m:2304.9 5m:2191.5 10m:2255.0 | Shares: 230/1 (found:231) | Diff: 93768 | 53s elapsed (since last share, avg 40s) | best=136 target=45804 (999%)
[2026-09-07T00:28:55Z INFO  minertim::pool_connection] Connected to pool (plain TCP): monerohash.com:2222
[2026-09-07T00:28:55Z INFO  minertim::pool_connection] Login successful, session id: Ieozc3MQSHd2I70X
[2026-09-07T00:28:55Z INFO  minertim::pool_connection] Initial job: 1t0BsqMWkMGb1T3f (difficulty: 50000, target: 8b4f0100)
[2026-09-07T00:29:04Z INFO  minertim::pool_connection] New job: C70zA9SqzURTxSdn (difficulty: 50000, target: 8b4f0100)
[2026-09-07T00:29:05Z INFO  minertim] H/s 1m:2345.2 5m:2196.4 10m:2252.4 | Shares: 230/1 (found:231) | Diff: 50000 | 1m3s elapsed (since last share, avg 21s) | best=136 target=85899 (999%)
[2026-09-07T00:29:15Z INFO  minertim] H/s 1m:2345.3 5m:2216.6 10m:2252.4 | Shares: 230/1 (found:231) | Diff: 50000 | 1m13s elapsed (since last share, avg 21s) | best=136 target=85899 (999%)
[2026-09-07T00:29:24Z INFO  minertim::pool_connection] New job: vCXTM0VYYSW8hNRy (difficulty: 50000, target: 8b4f0100)
[2026-09-07T00:29:25Z INFO  minertim] H/s 1m:2344.9 5m:2227.1 10m:2253.3 | Shares: 230/1 (found:231) | Diff: 50000 | 1m23s elapsed (since last share, avg 21s) | best=136 target=85899 (999%)
[2026-09-07T00:29:35Z INFO  minertim] H/s 1m:2345.0 5m:2227.1 10m:2253.3 | Shares: 230/1 (found:231) | Diff: 50000 | 1m33s elapsed (since last share, avg 21s) | best=136 target=85899 (999%)
[2026-09-07T00:29:44Z INFO  minertim::pool_connection] New job: GafTLhhTIWkQa7Yq (difficulty: 50000, target: 8b4f0100)
[2026-09-07T00:29:45Z INFO  minertim] H/s 1m:2344.9 5m:2227.2 10m:2253.4 | Shares: 230/1 (found:231) | Diff: 50000 | 1m43s elapsed (since last share, avg 21s) | best=136 target=85899 (999%)
[2026-09-07T00:29:55Z INFO  minertim] H/s 1m:2376.1 5m:2227.2 10m:2253.4 | Shares: 230/1 (found:231) | Diff: 50000 | 1m53s elapsed (since last share, avg 21s) | best=136 target=85899 (999%)
[2026-09-07T00:29:58Z INFO  minertim::miner] Worker 1 SHARE FOUND! job_id=GafTLhhTIWkQa7Yq, nonce=51a99001, hash_val=72369, difficulty=50000, hash=9f1a9f62bc1859b78460ae54c3a46d49a04b1980feffd1bc4a097fbeb11a0100
[2026-09-07T00:29:59Z INFO  minertim::miner] Worker 3 SHARE FOUND! job_id=GafTLhhTIWkQa7Yq, nonce=f33f8d01, hash_val=56253, difficulty=50000, hash=f73da2a6e89e8c957c2096e98156e973a7ef5c3170a635082678b915bddb0000
[2026-09-07T00:30:04Z INFO  minertim::pool_connection] New job: o7kye6VqWyuRZ00f (difficulty: 50000, target: 8b4f0100)
[2026-09-07T00:30:04Z INFO  minertim::pool_connection] Share accepted by pool
[2026-09-07T00:30:05Z INFO  minertim::pool_connection] Share accepted by pool
[2026-09-07T00:30:05Z INFO  minertim] H/s 1m:2254.0 5m:2206.2 10m:2243.1 | Shares: 232/1 (found:233) | Diff: 50000 | 5s elapsed (since last share, avg 22s) | best=136 target=85899 (999%)
[2026-09-07T00:30:15Z INFO  minertim] H/s 1m:2254.9 5m:2216.6 10m:2243.1 | Shares: 232/1 (found:233) | Diff: 50000 | 15s elapsed (since last share, avg 22s) | best=136 target=85899 (999%)
[2026-09-07T00:30:24Z INFO  minertim::pool_connection] New job: w7a9PLr4x2N0hmoN (difficulty: 50000, target: 8b4f0100)
[2026-09-07T00:30:25Z INFO  minertim] H/s 1m:2255.1 5m:2229.6 10m:2243.1 | Shares: 232/1 (found:233) | Diff: 50000 | 25s elapsed (since last share, avg 22s) | best=136 target=85899 (999%)
[2026-09-07T00:30:35Z INFO  minertim] H/s 1m:2254.4 5m:2270.3 10m:2243.1 | Shares: 232/1 (found:233) | Diff: 50000 | 35s elapsed (since last share, avg 22s) | best=136 target=85899 (999%)
[2026-09-07T00:30:44Z INFO  minertim::pool_connection] New job: 0KeMBHXCV9upyEQe (difficulty: 50000, target: 8b4f0100)
[2026-09-07T00:30:45Z INFO  minertim] H/s 1m:2254.5 5m:2285.8 10m:2243.1 | Shares: 232/1 (found:233) | Diff: 50000 | 45s elapsed (since last share, avg 22s) | best=136 target=85899 (999%)
[2026-09-07T00:30:55Z INFO  minertim] H/s 1m:2376.6 5m:2285.8 10m:2243.1 | Shares: 232/1 (found:233) | Diff: 50000 | 55s elapsed (since last share, avg 21s) | best=136 target=85899 (999%)
[2026-09-07T00:31:04Z INFO  minertim::pool_connection] New job: vzfjZuxmqJXftkmA (difficulty: 50000, target: 8b4f0100)
[2026-09-07T00:31:05Z INFO  minertim] H/s 1m:2376.6 5m:2285.8 10m:2243.1 | Shares: 232/1 (found:233) | Diff: 50000 | 1m5s elapsed (since last share, avg 21s) | best=136 target=85899 (999%)
[2026-09-07T00:31:15Z INFO  minertim] H/s 1m:2376.5 5m:2285.8 10m:2243.1 | Shares: 232/1 (found:233) | Diff: 50000 | 1m15s elapsed (since last share, avg 21s) | best=136 target=85899 (999%)
[2026-09-07T00:31:20Z INFO  minertim::miner] Worker 1 SHARE FOUND! job_id=vzfjZuxmqJXftkmA, nonce=d56b9301, hash_val=5341, difficulty=50000, hash=0a7b15f27a267b85b826a0f8d369a13a06577c268eee0cf86a285334dd140000
[2026-09-07T00:31:23Z INFO  minertim::pool_connection] New job: q9LD1FcVMR0ArDMT (difficulty: 50000, target: 8b4f0100)
[2026-09-07T00:31:24Z INFO  minertim::pool_connection] Share accepted by pool
[2026-09-07T00:31:25Z INFO  minertim::pool_connection] Donation: mining to Xmrig (donate-level 5%)
[2026-09-07T00:31:25Z INFO  minertim::pool_connection] Connecting to pool: monerohash.com:2222
[2026-09-07T00:31:25Z INFO  minertim::pool_connection] Connected to pool (plain TCP): monerohash.com:2222
[2026-09-07T00:31:25Z INFO  minertim] H/s 1m:2335.8 5m:2282.1 10m:2239.7 | Shares: 233/1 (found:234) | Diff: 50000 | 5s elapsed (since last share, avg 21s) | best=136 target=85899 (999%)
[2026-09-07T00:31:25Z INFO  minertim::pool_connection] Login successful, session id: vt4R5J6DuV7YpO3Q
[2026-09-07T00:31:25Z INFO  minertim::pool_connection] Initial job: vRJefKXaGsrzCirO (difficulty: 50000, target: 8b4f0100)
[2026-09-07T00:31:35Z INFO  minertim::miner] Worker 1 SHARE FOUND! job_id=vRJefKXaGsrzCirO, nonce=51cb9301, hash_val=84853, difficulty=50000, hash=4a425f098c2b415eac6395b26afa0e7c7a42349fb6b20bea5ab6c96c754b0100
[2026-09-07T00:31:35Z INFO  minertim] H/s 1m:2285.8 5m:2273.5 10m:2235.5 | Shares: 233/1 (found:235) | Diff: 50000 | 0s elapsed (since last share, avg 21s) | best=136 target=85899 (999%)
[2026-09-07T00:31:43Z INFO  minertim::miner] Worker 2 SHARE FOUND! job_id=vRJefKXaGsrzCirO, nonce=0a508f01, hash_val=83414, difficulty=50000, hash=6f8d23c774500f3ff94c044ff1d15134111cdb449e36c8c0bd4d79e5d6450100
[2026-09-07T00:31:43Z INFO  minertim::pool_connection] New job: jwjLwSx9X2NLMxfP (difficulty: 50000, target: 8b4f0100)
[2026-09-07T00:31:44Z INFO  minertim::pool_connection] Share accepted by pool
[2026-09-07T00:31:44Z INFO  minertim::pool_connection] Share accepted by pool
[2026-09-07T00:31:45Z INFO  minertim] H/s 1m:2160.1 5m:2251.7 10m:2234.8 | Shares: 235/1 (found:236) | Diff: 50000 | 1s elapsed (since last share, avg 23s) | best=136 target=85899 (999%)
[2026-09-07T00:31:55Z INFO  minertim] H/s 1m:2128.1 5m:2246.3 10m:2242.1 | Shares: 235/1 (found:236) | Diff: 50000 | 11s elapsed (since last share, avg 23s) | best=136 target=85899 (999%)
[2026-09-07T00:32:03Z INFO  minertim::pool_connection] New job: 3RlyMPFVwlvqu9A4 (difficulty: 50000, target: 8b4f0100)
[2026-09-07T00:32:05Z INFO  minertim] H/s 1m:2101.4 5m:2249.1 10m:2241.7 | Shares: 235/1 (found:236) | Diff: 50000 | 21s elapsed (since last share, avg 23s) | best=136 target=85899 (999%)
[2026-09-07T00:32:09Z INFO  minertim::miner] Worker 2 SHARE FOUND! job_id=3RlyMPFVwlvqu9A4, nonce=62299001, hash_val=65130, difficulty=50000, hash=a001a1105d37cae0e844d06469c421f9594703e4015605c33f972e0e6afe0000
[2026-09-07T00:32:10Z INFO  minertim::pool_connection] New job: ZWvvmCkdzN5R6HmT (difficulty: 75000, target: b2df0000)
[2026-09-07T00:32:10Z INFO  minertim::pool_connection] Share accepted by pool
[2026-09-07T00:32:15Z INFO  minertim] H/s 1m:2101.8 5m:2252.3 10m:2238.2 | Shares: 236/1 (found:237) | Diff: 75000 | 6s elapsed (since last share, avg 35s) | best=136 target=57266 (999%)
[2026-09-07T00:32:23Z INFO  minertim::pool_connection] New job: 1bB0cPVHkxVwD0RK (difficulty: 75000, target: b2df0000)
[2026-09-07T00:32:25Z INFO  minertim] H/s 1m:2125.1 5m:2248.2 10m:2235.9 | Shares: 236/1 (found:237) | Diff: 75000 | 16s elapsed (since last share, avg 35s) | best=136 target=57266 (999%)
[2026-09-07T00:32:26Z INFO  minertim::miner] Worker 0 SHARE FOUND! job_id=1bB0cPVHkxVwD0RK, nonce=e8148e01, hash_val=24969, difficulty=75000, hash=265e5ea66f9de394ddeaa6ff920d4dc6ed84bebe085a350bcf44ed2f89610000
[2026-09-07T00:32:33Z INFO  minertim::miner] Worker 1 SHARE FOUND! job_id=1bB0cPVHkxVwD0RK, nonce=49819501, hash_val=39810, difficulty=75000, hash=02ed112b781e7741c0a2bbed8d1b1cb8bf396e247645e219f9acff10829b0000
[2026-09-07T00:32:35Z INFO  minertim] H/s 1m:2059.1 5m:2215.2 10m:2224.7 | Shares: 236/1 (found:239) | Diff: 75000 | 1s elapsed (since last share, avg 36s) | best=136 target=57266 (999%)
[2026-09-07T00:32:37Z INFO  minertim::miner] Worker 3 SHARE FOUND! job_id=1bB0cPVHkxVwD0RK, nonce=5fa99201, hash_val=46967, difficulty=75000, hash=b33387f2f745997de8f75edd1c2230d3443150e963e0fbb177ac618077b70000
[2026-09-07T00:32:40Z INFO  minertim::pool_connection] New job: 6zkXNpBk7uqXe27t (difficulty: 112501, target: 21950000)
[2026-09-07T00:32:40Z INFO  minertim::pool_connection] Share accepted by pool
[2026-09-07T00:32:40Z INFO  minertim::pool_connection] Share accepted by pool
[2026-09-07T00:32:40Z INFO  minertim::pool_connection] Share accepted by pool
[2026-09-07T00:32:43Z INFO  minertim::pool_connection] New job: Qb2lxLFSZ2D0rqYo (difficulty: 112501, target: 21950000)
[2026-09-07T00:32:45Z INFO  minertim] H/s 1m:2021.5 5m:2203.3 10m:2221.2 | Shares: 239/1 (found:240) | Diff: 112501 | 7s elapsed (since last share, avg 55s) | best=136 target=38177 (999%)
[2026-09-07T00:32:55Z INFO  minertim] H/s 1m:2022.4 5m:2229.3 10m:2219.1 | Shares: 239/1 (found:240) | Diff: 112501 | 17s elapsed (since last share, avg 55s) | best=136 target=38177 (999%)
[2026-09-07T00:33:03Z INFO  minertim::pool_connection] New job: wzyvuXYKWB6mUbFs (difficulty: 112501, target: 21950000)
[2026-09-07T00:33:05Z INFO  minertim] H/s 1m:2036.6 5m:2237.0 10m:2216.9 | Shares: 239/1 (found:240) | Diff: 112501 | 27s elapsed (since last share, avg 55s) | best=136 target=38177 (999%)
[2026-09-07T00:33:10Z INFO  minertim::pool_connection] New job: 0s5JZwxSMawryOy3 (difficulty: 168754, target: 6b630000)
[2026-09-07T00:33:15Z INFO  minertim] H/s 1m:2036.5 5m:2232.4 10m:2214.6 | Shares: 239/1 (found:240) | Diff: 168754 | 37s elapsed (since last share, avg 1m22s) | best=136 target=25451 (999%)
[2026-09-07T00:33:23Z INFO  minertim::pool_connection] New job: tXLfwerBwFGU6zn9 (difficulty: 168754, target: 6b630000)
[2026-09-07T00:33:25Z INFO  minertim] H/s 1m:2200.2 5m:2227.6 10m:2212.3 | Shares: 239/1 (found:240) | Diff: 168754 | 47s elapsed (since last share, avg 1m16s) | best=136 target=25451 (999%)
[2026-09-07T00:33:35Z INFO  minertim] H/s 1m:2242.4 5m:2223.0 10m:2210.0 | Shares: 239/1 (found:240) | Diff: 168754 | 57s elapsed (since last share, avg 1m15s) | best=136 target=25451 (999%)
[2026-09-07T00:33:40Z INFO  minertim::pool_connection] New job: CYWM3UMFe5NY1d2t (difficulty: 126564, target: 8f840000)
[2026-09-07T00:33:43Z INFO  minertim::pool_connection] New job: It1SznLBsJD4qtIA (difficulty: 126564, target: 8f840000)
[2026-09-07T00:33:43Z INFO  minertim::pool_connection] New job: CzYLpbXog00Ht97l (difficulty: 126564, target: 8f840000)
[2026-09-07T00:33:45Z INFO  minertim] H/s 1m:2241.7 5m:2218.4 10m:2207.8 | Shares: 239/1 (found:240) | Diff: 126564 | 1m7s elapsed (since last share, avg 56s) | best=136 target=33935 (999%)
[2026-09-07T00:33:55Z INFO  minertim::pool_connection] Donation: mining to User (donate-level 5%)
[2026-09-07T00:33:55Z INFO  minertim::pool_connection] Connecting to pool: monerohash.com:2222
[2026-09-07T00:33:55Z INFO  minertim::pool_connection] Connected to pool (plain TCP): monerohash.com:2222
[2026-09-07T00:33:55Z INFO  minertim] H/s 1m:2073.8 5m:2190.2 10m:2191.4 | Shares: 239/1 (found:240) | Diff: 126564 | 1m17s elapsed (since last share, avg 1m1s) | best=136 target=33935 (999%)
[2026-09-07T00:33:55Z INFO  minertim::pool_connection] Login successful, session id: nA0VBKmF9xqTNgqT
[2026-09-07T00:33:55Z INFO  minertim::pool_connection] Initial job: cti0AbNWCwnaXaPw (difficulty: 50000, target: 8b4f0100)
[2026-09-07T00:33:56Z INFO  minertim::miner] Worker 2 SHARE FOUND! job_id=cti0AbNWCwnaXaPw, nonce=aacd9301, hash_val=11371, difficulty=50000, hash=99b7f23a652a03bb06eb10cb49f626d4a36b15878b1176479f38212f6b2c0000
[2026-09-07T00:34:03Z INFO  minertim::pool_connection] New job: 8oyZr8Z7EMAnyMtX (difficulty: 50000, target: 8b4f0100)
[2026-09-07T00:34:04Z INFO  minertim::pool_connection] Share accepted by pool
[2026-09-07T00:34:04Z INFO  minertim::miner] Worker 3 SHARE FOUND! job_id=8oyZr8Z7EMAnyMtX, nonce=cf899501, hash_val=85353, difficulty=50000, hash=dc6db422525bf8170e53afef43c6d2709c8c0d5fa3936962caef1bc8694d0100
[2026-09-07T00:34:05Z INFO  minertim] H/s 1m:2002.4 5m:2173.3 10m:2188.1 | Shares: 240/1 (found:242) | Diff: 50000 | 0s elapsed (since last share, avg 24s) | best=136 target=85899 (999%)
[2026-09-07T00:34:08Z INFO  minertim::pool_connection] New job: Ts9bTNacIKRDSkpb (difficulty: 50000, target: 8b4f0100)
[2026-09-07T00:34:08Z INFO  minertim::pool_connection] Share accepted by pool
[2026-09-07T00:34:10Z INFO  minertim::pool_connection] New job: KwBP2j8B51z2PyFf (difficulty: 75000, target: b2df0000)
[2026-09-07T00:34:15Z INFO  minertim] H/s 1m:1997.4 5m:2167.7 10m:2195.2 | Shares: 241/1 (found:242) | Diff: 75000 | 10s elapsed (since last share, avg 37s) | best=136 target=57266 (999%)
[2026-09-07T00:34:25Z INFO  minertim] H/s 1m:1997.6 5m:2163.1 10m:2198.2 | Shares: 241/1 (found:242) | Diff: 75000 | 20s elapsed (since last share, avg 37s) | best=136 target=57266 (999%)
[2026-09-07T00:34:27Z INFO  minertim::pool_connection] New job: IrEIs0NcPboX0RHx (difficulty: 75000, target: b2df0000)
[2026-09-07T00:34:35Z INFO  minertim] H/s 1m:1997.3 5m:2158.4 10m:2195.9 | Shares: 241/1 (found:242) | Diff: 75000 | 30s elapsed (since last share, avg 37s) | best=136 target=57266 (999%)
[2026-09-07T00:34:37Z INFO  minertim::pool_connection] New job: hfrJGYDFVjRKEka7 (difficulty: 75000, target: b2df0000)
[2026-09-07T00:34:45Z INFO  minertim] H/s 1m:2165.3 5m:2153.9 10m:2193.7 | Shares: 241/1 (found:242) | Diff: 75000 | 40s elapsed (since last share, avg 34s) | best=136 target=57266 (999%)
[2026-09-07T00:34:55Z INFO  minertim] H/s 1m:2236.3 5m:2170.2 10m:2191.4 | Shares: 241/1 (found:242) | Diff: 75000 | 50s elapsed (since last share, avg 33s) | best=136 target=57266 (999%)
[2026-09-07T00:34:57Z INFO  minertim::pool_connection] New job: 2BioUQlsASI0oAKH (difficulty: 75000, target: b2df0000)
[2026-09-07T00:35:05Z INFO  minertim] H/s 1m:2243.1 5m:2165.7 10m:2189.2 | Shares: 241/1 (found:242) | Diff: 75000 | 1m0s elapsed (since last share, avg 33s) | best=136 target=57266 (999%)
[2026-09-07T00:35:10Z INFO  minertim::pool_connection] New job: rdL96Ybd1cewg98I (difficulty: 54435, target: 34340100)
[2026-09-07T00:35:15Z INFO  minertim] H/s 1m:2243.8 5m:2161.2 10m:2192.0 | Shares: 241/1 (found:242) | Diff: 54435 | 1m10s elapsed (since last share, avg 24s) | best=136 target=78900 (999%)
[2026-09-07T00:35:17Z INFO  minertim::pool_connection] New job: tf0HKvJ5mTy9NLS7 (difficulty: 54435, target: 34340100)
[2026-09-07T00:35:25Z INFO  minertim] H/s 1m:2244.4 5m:2156.7 10m:2196.2 | Shares: 241/1 (found:242) | Diff: 54435 | 1m20s elapsed (since last share, avg 24s) | best=136 target=78900 (999%)
[2026-09-07T00:35:29Z INFO  minertim::pool_connection] New job: KdWzFT3Zw1uDUfrU (difficulty: 54435, target: 34340100)
[2026-09-07T00:35:35Z INFO  minertim] H/s 1m:2243.8 5m:2152.0 10m:2214.0 | Shares: 241/1 (found:242) | Diff: 54435 | 1m30s elapsed (since last share, avg 24s) | best=136 target=78900 (999%)
[2026-09-07T00:35:45Z INFO  minertim] H/s 1m:2244.9 5m:2147.5 10m:2219.3 | Shares: 241/1 (found:242) | Diff: 54435 | 1m40s elapsed (since last share, avg 24s) | best=136 target=78900 (999%)
[2026-09-07T00:35:49Z INFO  minertim::pool_connection] New job: tywG9mC16I0cZRP6 (difficulty: 54435, target: 34340100)
[2026-09-07T00:35:51Z INFO  minertim::pool_connection] New job: 9PZfMZJKb1oJ2eTD (difficulty: 54435, target: 34340100)
[2026-09-07T00:35:55Z INFO  minertim] H/s 1m:2245.0 5m:2143.0 10m:2217.2 | Shares: 241/1 (found:242) | Diff: 54435 | 1m50s elapsed (since last share, avg 24s) | best=136 target=78900 (999%)
[2026-09-07T00:35:56Z INFO  minertim::pool_connection] New job: 07bW2R06KiAgwxcZ (difficulty: 54435, target: 34340100)
[2026-09-07T00:36:05Z INFO  minertim] H/s 1m:2245.9 5m:2138.6 10m:2215.0 | Shares: 241/1 (found:242) | Diff: 54435 | 2m0s elapsed (since last share, avg 24s) | best=136 target=78900 (999%)
[2026-09-07T00:36:10Z INFO  minertim::pool_connection] New job: xmaCtn7BbrAZ2sfh (difficulty: 50000, target: 8b4f0100)
[2026-09-07T00:36:15Z INFO  minertim] H/s 1m:2302.7 5m:2151.0 10m:2217.6 | Shares: 241/1 (found:242) | Diff: 50000 | 2m10s elapsed (since last share, avg 21s) | best=136 target=85899 (999%)
[2026-09-07T00:36:16Z INFO  minertim::pool_connection] New job: SEp74gstPBObDb2h (difficulty: 50000, target: 8b4f0100)
[2026-09-07T00:36:25Z INFO  minertim] H/s 1m:2359.1 5m:2164.7 10m:2221.8 | Shares: 241/1 (found:242) | Diff: 50000 | 2m20s elapsed (since last share, avg 21s) | best=136 target=85899 (999%)
[2026-09-07T00:36:35Z INFO  minertim] H/s 1m:2358.8 5m:2181.8 10m:2219.5 | Shares: 241/1 (found:242) | Diff: 50000 | 2m30s elapsed (since last share, avg 21s) | best=136 target=85899 (999%)
[2026-09-07T00:36:36Z INFO  minertim::pool_connection] New job: oRdgO7JpIYr7EscK (difficulty: 50000, target: 8b4f0100)
[2026-09-07T00:36:45Z INFO  minertim] H/s 1m:2358.3 5m:2182.7 10m:2217.2 | Shares: 241/1 (found:242) | Diff: 50000 | 2m40s elapsed (since last share, avg 21s) | best=136 target=85899 (999%)
[2026-09-07T00:36:55Z INFO  minertim] H/s 1m:2357.3 5m:2182.7 10m:2215.0 | Shares: 241/1 (found:242) | Diff: 50000 | 2m50s elapsed (since last share, avg 21s) | best=136 target=85899 (999%)
[2026-09-07T00:36:56Z INFO  minertim::pool_connection] New job: jadzCO7hgJfpNkHs (difficulty: 50000, target: 8b4f0100)
[2026-09-07T00:37:05Z INFO  minertim] H/s 1m:2300.5 5m:2185.3 10m:2216.4 | Shares: 241/1 (found:242) | Diff: 50000 | 3m0s elapsed (since last share, avg 21s) | best=136 target=85899 (999%)
[2026-09-07T00:37:15Z INFO  minertim] H/s 1m:2242.2 5m:2184.9 10m:2219.0 | Shares: 241/1 (found:242) | Diff: 50000 | 3m10s elapsed (since last share, avg 22s) | best=136 target=85899 (999%)
[2026-09-07T00:37:16Z INFO  minertim::pool_connection] New job: o1UTx1ND5KOoxKUM (difficulty: 50000, target: 8b4f0100)
[2026-09-07T00:37:25Z INFO  minertim] H/s 1m:2242.5 5m:2213.4 10m:2217.1 | Shares: 241/1 (found:242) | Diff: 50000 | 3m20s elapsed (since last share, avg 22s) | best=136 target=85899 (999%)
[2026-09-07T00:37:35Z INFO  minertim] H/s 1m:2242.8 5m:2220.9 10m:2214.8 | Shares: 241/1 (found:242) | Diff: 50000 | 3m30s elapsed (since last share, avg 22s) | best=136 target=85899 (999%)
[2026-09-07T00:37:36Z INFO  minertim::pool_connection] New job: 0p2o5YuDR1axgmC6 (difficulty: 50000, target: 8b4f0100)
[2026-09-07T00:37:38Z INFO  minertim::miner] Worker 0 SHARE FOUND! job_id=0p2o5YuDR1axgmC6, nonce=2c459801, hash_val=17439, difficulty=50000, hash=2f633568cf8e767e7188c6a141b7c5ce12fe3a88cf834dd80e7740421f440000
[2026-09-07T00:37:45Z INFO  minertim] H/s 1m:2133.0 5m:2201.8 10m:2203.3 | Shares: 241/1 (found:243) | Diff: 50000 | 7s elapsed (since last share, avg 23s) | best=136 target=85899 (999%)
[2026-09-07T00:37:55Z INFO  minertim] H/s 1m:2026.6 5m:2183.5 10m:2207.0 | Shares: 241/1 (found:243) | Diff: 50000 | 17s elapsed (since last share, avg 24s) | best=136 target=85899 (999%)
[2026-09-07T00:37:56Z INFO  minertim::pool_connection] New job: T45e27wc51Way56Z (difficulty: 50000, target: 8b4f0100)
[2026-09-07T00:37:56Z INFO  minertim::pool_connection] Share accepted by pool
[2026-09-07T00:37:58Z INFO  minertim::miner] Worker 0 SHARE FOUND! job_id=T45e27wc51Way56Z, nonce=a05c9801, hash_val=72054, difficulty=50000, hash=e648022ce0a37d87f9e9fd7dd7fb5fad664a9b29914f96da6382dd3976190100
[2026-09-07T00:38:05Z INFO  minertim] H/s 1m:1947.3 5m:2169.5 10m:2203.9 | Shares: 242/1 (found:244) | Diff: 50000 | 7s elapsed (since last share, avg 25s) | best=136 target=85899 (999%)
[2026-09-07T00:38:15Z INFO  minertim] H/s 1m:1839.0 5m:2151.1 10m:2192.5 | Shares: 242/1 (found:244) | Diff: 50000 | 17s elapsed (since last share, avg 27s) | best=136 target=85899 (999%)
[2026-09-07T00:38:16Z INFO  minertim::pool_connection] New job: 7rqa6ypx0LHSCjgn (difficulty: 50000, target: 8b4f0100)
[2026-09-07T00:38:16Z INFO  minertim::pool_connection] Share accepted by pool
[2026-09-07T00:38:25Z INFO  minertim] H/s 1m:1813.4 5m:2146.9 10m:2188.2 | Shares: 243/1 (found:244) | Diff: 50000 | 27s elapsed (since last share, avg 27s) | best=136 target=85899 (999%)
[2026-09-07T00:38:29Z INFO  minertim::miner] Worker 0 SHARE FOUND! job_id=7rqa6ypx0LHSCjgn, nonce=34d09801, hash_val=36117, difficulty=50000, hash=8b785237dfc5c018a383695a74b3d7cd466e3157ae3d9cc0a19f1395158d0000
[2026-09-07T00:38:35Z INFO  minertim::pool_connection] New job: yBxnRaUM1Zh1Osjj (difficulty: 50000, target: 8b4f0100)
[2026-09-07T00:38:35Z INFO  minertim] H/s 1m:1904.5 5m:2143.6 10m:2184.4 | Shares: 243/1 (found:245) | Diff: 50000 | 6s elapsed (since last share, avg 26s) | best=136 target=85899 (999%)
[2026-09-07T00:38:36Z INFO  minertim::pool_connection] Share accepted by pool
[2026-09-07T00:38:43Z INFO  minertim::miner] Worker 3 SHARE FOUND! job_id=yBxnRaUM1Zh1Osjj, nonce=53019f01, hash_val=40465, difficulty=50000, hash=7fe5bbe19b377ec3173c4533ec94a08cd783fd24fb7c4f65650ff273119e0000
[2026-09-07T00:38:44Z INFO  minertim::miner] Worker 0 SHARE FOUND! job_id=yBxnRaUM1Zh1Osjj, nonce=641b9901, hash_val=39704, difficulty=50000, hash=952b0f40fab4cbfa9a3729b80f8754d30752b9a715c24a3305363623189b0000
[2026-09-07T00:38:45Z INFO  minertim] H/s 1m:1955.2 5m:2163.1 10m:2177.4 | Shares: 244/1 (found:247) | Diff: 50000 | 1s elapsed (since last share, avg 25s) | best=136 target=85899 (999%)
[2026-09-07T00:38:55Z INFO  minertim::pool_connection] New job: hjiZlu7lq67LUA34 (difficulty: 50000, target: 8b4f0100)
[2026-09-07T00:38:55Z INFO  minertim] H/s 1m:1873.5 5m:2147.3 10m:2163.9 | Shares: 244/1 (found:247) | Diff: 50000 | 11s elapsed (since last share, avg 26s) | best=136 target=85899 (999%)
[2026-09-07T00:38:56Z INFO  minertim::pool_connection] Share accepted by pool
[2026-09-07T00:38:56Z INFO  minertim::pool_connection] Share accepted by pool
[2026-09-07T00:39:05Z INFO  minertim] H/s 1m:1982.4 5m:2148.5 10m:2161.8 | Shares: 246/1 (found:247) | Diff: 50000 | 21s elapsed (since last share, avg 25s) | best=136 target=85899 (999%)
[2026-09-07T00:39:15Z INFO  minertim::pool_connection] New job: lp0TpehuV6eCPi3R (difficulty: 50000, target: 8b4f0100)
[2026-09-07T00:39:15Z INFO  minertim] H/s 1m:2007.3 5m:2148.6 10m:2159.6 | Shares: 246/1 (found:247) | Diff: 50000 | 31s elapsed (since last share, avg 24s) | best=136 target=85899 (999%)
[2026-09-07T00:39:26Z INFO  minertim] H/s 1m:2026.4 5m:2148.7 10m:2157.4 | Shares: 246/1 (found:247) | Diff: 50000 | 41s elapsed (since last share, avg 24s) | best=136 target=85899 (999%)
[2026-09-07T00:39:35Z INFO  minertim::pool_connection] New job: zFyqSzzI6LT2jfU8 (difficulty: 50000, target: 8b4f0100)
[2026-09-07T00:39:36Z INFO  minertim] H/s 1m:2081.1 5m:2148.6 10m:2155.0 | Shares: 246/1 (found:247) | Diff: 50000 | 51s elapsed (since last share, avg 24s) | best=136 target=85899 (999%)
[2026-09-07T00:39:36Z INFO  minertim::miner] Worker 2 SHARE FOUND! job_id=zFyqSzzI6LT2jfU8, nonce=fe3b9f01, hash_val=54025, difficulty=50000, hash=c64b9e088377d5dab413c346c39a0a624c6d4f61c07bc0c098ee5cd009d30000
[2026-09-07T00:39:44Z INFO  minertim::miner] Worker 0 SHARE FOUND! job_id=zFyqSzzI6LT2jfU8, nonce=0ccb9a01, hash_val=83607, difficulty=50000, hash=03e2631f4d8db1f61069d7343ca6ea5319488c8e3c54fa9d091a5a7897460100
[2026-09-07T00:39:46Z INFO  minertim] H/s 1m:2080.7 5m:2120.4 10m:2138.9 | Shares: 246/1 (found:249) | Diff: 50000 | 1s elapsed (since last share, avg 24s) | best=136 target=85899 (999%)
[2026-09-07T00:39:55Z INFO  minertim::pool_connection] New job: iTdx1ymClaABUAeD (difficulty: 50000, target: 8b4f0100)
[2026-09-07T00:39:55Z INFO  minertim::pool_connection] Share accepted by pool
[2026-09-07T00:39:55Z INFO  minertim::pool_connection] Share accepted by pool
[2026-09-07T00:39:56Z INFO  minertim] H/s 1m:1938.4 5m:2096.0 10m:2135.0 | Shares: 248/1 (found:249) | Diff: 50000 | 11s elapsed (since last share, avg 25s) | best=136 target=85899 (999%)
[2026-09-07T00:40:06Z INFO  minertim] H/s 1m:1937.2 5m:2095.7 10m:2132.6 | Shares: 248/1 (found:249) | Diff: 50000 | 21s elapsed (since last share, avg 25s) | best=136 target=85899 (999%)
[2026-09-07T00:40:13Z INFO  minertim::miner] Worker 0 SHARE FOUND! job_id=iTdx1ymClaABUAeD, nonce=98659b01, hash_val=16200, difficulty=50000, hash=25d705b0bc55841479318c8245444bc144d43371e63d39ebe641c631483f0000
[2026-09-07T00:40:15Z INFO  minertim::pool_connection] New job: jUrDC2UJKOjCboUH (difficulty: 50000, target: 8b4f0100)
[2026-09-07T00:40:15Z INFO  minertim::pool_connection] Share accepted by pool
[2026-09-07T00:40:16Z INFO  minertim] H/s 1m:1912.2 5m:2091.4 10m:2128.3 | Shares: 249/1 (found:250) | Diff: 50000 | 3s elapsed (since last share, avg 26s) | best=136 target=85899 (999%)
[2026-09-07T00:40:26Z INFO  minertim] H/s 1m:1911.8 5m:2091.3 10m:2126.0 | Shares: 249/1 (found:250) | Diff: 50000 | 13s elapsed (since last share, avg 26s) | best=136 target=85899 (999%)
[2026-09-07T00:40:35Z INFO  minertim::pool_connection] New job: Y60i1nK9gN3ixLk0 (difficulty: 50000, target: 8b4f0100)
[2026-09-07T00:40:35Z INFO  minertim::miner] Worker 2 SHARE FOUND! job_id=Y60i1nK9gN3ixLk0, nonce=b299a001, hash_val=9110, difficulty=50000, hash=ef9528296e734754cc4547faee57345e8ab0eab1c0bf62256c87e3c496230000
[2026-09-07T00:40:36Z INFO  minertim] H/s 1m:2018.4 5m:2081.4 10m:2118.9 | Shares: 249/1 (found:251) | Diff: 50000 | 0s elapsed (since last share, avg 24s) | best=136 target=85899 (999%)
[2026-09-07T00:40:40Z INFO  minertim::pool_connection] New job: wlQBlr8az74QEp8Z (difficulty: 73469, target: 5be40000)
[2026-09-07T00:40:40Z INFO  minertim::pool_connection] Share accepted by pool
[2026-09-07T00:40:46Z INFO  minertim] H/s 1m:2160.1 5m:2081.4 10m:2116.7 | Shares: 250/1 (found:251) | Diff: 73469 | 10s elapsed (since last share, avg 34s) | best=136 target=58459 (999%)
[2026-09-07T00:40:55Z INFO  minertim::pool_connection] New job: kVDUPNJ4wTJZCJ7p (difficulty: 73469, target: 5be40000)
[2026-09-07T00:40:56Z INFO  minertim] H/s 1m:2161.2 5m:2081.1 10m:2114.4 | Shares: 250/1 (found:251) | Diff: 73469 | 20s elapsed (since last share, avg 33s) | best=136 target=58459 (999%)
[2026-09-07T00:41:02Z INFO  minertim::pool_connection] New job: KfNwY40yiw0tJW2G (difficulty: 73469, target: 5be40000)
[2026-09-07T00:41:06Z INFO  minertim] H/s 1m:2186.7 5m:2071.4 10m:2112.2 | Shares: 250/1 (found:251) | Diff: 73469 | 30s elapsed (since last share, avg 33s) | best=136 target=58459 (999%)
[2026-09-07T00:41:10Z INFO  minertim::pool_connection] New job: DfsIZLfw0tYXxvdo (difficulty: 110206, target: 3c980000)
[2026-09-07T00:41:16Z INFO  minertim] H/s 1m:2187.5 5m:2061.7 10m:2113.4 | Shares: 250/1 (found:251) | Diff: 110206 | 40s elapsed (since last share, avg 50s) | best=136 target=38972 (999%)
[2026-09-07T00:41:22Z INFO  minertim::pool_connection] New job: onizQQcJEuYRl6Sp (difficulty: 110206, target: 3c980000)
[2026-09-07T00:41:26Z INFO  minertim] H/s 1m:2244.1 5m:2061.6 10m:2115.4 | Shares: 250/1 (found:251) | Diff: 110206 | 50s elapsed (since last share, avg 49s) | best=136 target=38972 (999%)
[2026-09-07T00:41:36Z INFO  minertim] H/s 1m:2263.8 5m:2065.1 10m:2125.5 | Shares: 250/1 (found:251) | Diff: 110206 | 1m0s elapsed (since last share, avg 48s) | best=136 target=38972 (999%)
[2026-09-07T00:41:40Z INFO  minertim::pool_connection] New job: Ha0Xw1NxWZuhQlj0 (difficulty: 82654, target: fbca0000)
[2026-09-07T00:41:42Z INFO  minertim::pool_connection] New job: zBuLG0RAksZRYkJP (difficulty: 82654, target: fbca0000)
[2026-09-07T00:41:44Z INFO  minertim::miner] Worker 1 SHARE FOUND! job_id=zBuLG0RAksZRYkJP, nonce=213ea801, hash_val=32636, difficulty=82654, hash=1c2983c6010367883f28e9b5d8143c36f5af7564c94abf407e62fde07c7f0000
[2026-09-07T00:41:46Z INFO  minertim] H/s 1m:2229.0 5m:2059.0 10m:2122.9 | Shares: 250/1 (found:252) | Diff: 82654 | 1s elapsed (since last share, avg 37s) | best=136 target=51963 (999%)
[2026-09-07T00:41:56Z INFO  minertim] H/s 1m:2137.7 5m:2043.3 10m:2115.3 | Shares: 250/1 (found:252) | Diff: 82654 | 11s elapsed (since last share, avg 38s) | best=136 target=51963 (999%)
[2026-09-07T00:42:02Z INFO  minertim::pool_connection] New job: pZuftcmy1C0hLjA3 (difficulty: 82654, target: fbca0000)
[2026-09-07T00:42:02Z INFO  minertim::pool_connection] Share accepted by pool
[2026-09-07T00:42:06Z INFO  minertim::miner] Worker 3 SHARE FOUND! job_id=pZuftcmy1C0hLjA3, nonce=839fa501, hash_val=34127, difficulty=82654, hash=1eec4bdfe9f436af70528ca691250384a1b889d7a870b4a31165bef74f850000
[2026-09-07T00:42:06Z INFO  minertim] H/s 1m:2094.0 5m:2036.2 10m:2112.8 | Shares: 251/1 (found:253) | Diff: 82654 | 0s elapsed (since last share, avg 39s) | best=136 target=51963 (999%)
[2026-09-07T00:42:10Z INFO  minertim::pool_connection] New job: VMJfadK4JLLRQBWl (difficulty: 123981, target: 52870000)
[2026-09-07T00:42:10Z INFO  minertim::pool_connection] Share accepted by pool
[2026-09-07T00:42:16Z INFO  minertim] H/s 1m:2065.1 5m:2031.0 10m:2110.3 | Shares: 252/1 (found:253) | Diff: 123981 | 10s elapsed (since last share, avg 1m0s) | best=136 target=34642 (999%)
[2026-09-07T00:42:22Z INFO  minertim::pool_connection] New job: rJB9lzPWr4xHDtNj (difficulty: 123981, target: 52870000)
[2026-09-07T00:42:26Z INFO  minertim] H/s 1m:2068.9 5m:2035.1 10m:2126.3 | Shares: 252/1 (found:253) | Diff: 123981 | 20s elapsed (since last share, avg 59s) | best=136 target=34642 (999%)
[2026-09-07T00:42:33Z INFO  minertim::miner] Worker 3 SHARE FOUND! job_id=rJB9lzPWr4xHDtNj, nonce=2b6ea601, hash_val=14698, difficulty=123981, hash=ce44821816261db0a9e60cf5a6284e57c494e09172677192ff9080df6a390000
[2026-09-07T00:42:36Z INFO  minertim] H/s 1m:2069.5 5m:2048.0 10m:2127.0 | Shares: 252/1 (found:254) | Diff: 123981 | 3s elapsed (since last share, avg 59s) | best=136 target=34642 (999%)
[2026-09-07T00:42:40Z INFO  minertim::pool_connection] New job: OeSUOno8uZzWcu1T (difficulty: 185977, target: 365a0000)
[2026-09-07T00:42:40Z INFO  minertim::pool_connection] Share accepted by pool
[2026-09-07T00:42:42Z INFO  minertim::pool_connection] New job: zX3fpbqVLF3yoI0L (difficulty: 185977, target: 365a0000)
[2026-09-07T00:42:46Z INFO  minertim] H/s 1m:2154.3 5m:2065.4 10m:2126.5 | Shares: 253/1 (found:254) | Diff: 185977 | 13s elapsed (since last share, avg 1m26s) | best=136 target=23094 (999%)
[2026-09-07T00:42:56Z INFO  minertim] H/s 1m:2223.4 5m:2083.8 10m:2128.6 | Shares: 253/1 (found:254) | Diff: 185977 | 23s elapsed (since last share, avg 1m23s) | best=136 target=23094 (999%)
[2026-09-07T00:43:02Z INFO  minertim::pool_connection] New job: 0eVpwSNIVQyZeiGX (difficulty: 185977, target: 365a0000)
[2026-09-07T00:43:06Z INFO  minertim] H/s 1m:2276.1 5m:2106.4 10m:2130.6 | Shares: 253/1 (found:254) | Diff: 185977 | 33s elapsed (since last share, avg 1m21s) | best=136 target=23094 (999%)
[2026-09-07T00:43:08Z INFO  minertim::miner] Worker 3 SHARE FOUND! job_id=0eVpwSNIVQyZeiGX, nonce=6b6ba701, hash_val=8037, difficulty=185977, hash=07bca84c76fcd1fc9c2e8a05d9ba7f563d6abe7671ebf5e4e5cdd6e8651f0000
[2026-09-07T00:43:10Z INFO  minertim::pool_connection] New job: rW0h0zCD1UdTwQS1 (difficulty: 278966, target: 243c0000)
[2026-09-07T00:43:11Z INFO  minertim::pool_connection] Share accepted by pool
[2026-09-07T00:43:16Z INFO  minertim] H/s 1m:2247.7 5m:2110.0 10m:2130.3 | Shares: 254/1 (found:255) | Diff: 278966 | 8s elapsed (since last share, avg 2m4s) | best=136 target=15396 (999%)
[2026-09-07T00:43:21Z INFO  minertim::pool_connection] New job: a22RGBDe30jolLXD (difficulty: 278966, target: 243c0000)
[2026-09-07T00:43:26Z INFO  minertim] H/s 1m:2306.2 5m:2117.3 10m:2132.4 | Shares: 254/1 (found:255) | Diff: 278966 | 18s elapsed (since last share, avg 2m0s) | best=136 target=15396 (999%)
[2026-09-07T00:43:36Z INFO  minertim] H/s 1m:2334.5 5m:2130.7 10m:2134.3 | Shares: 254/1 (found:255) | Diff: 278966 | 28s elapsed (since last share, avg 1m59s) | best=136 target=15396 (999%)
[2026-09-07T00:43:40Z INFO  minertim::pool_connection] New job: wezKx6Jsbt0WRgGM (difficulty: 418449, target: 18280000)
[2026-09-07T00:43:41Z INFO  minertim::pool_connection] New job: uTRHl1tHveKQR1pw (difficulty: 418449, target: 18280000)
[2026-09-07T00:43:46Z INFO  minertim] H/s 1m:2333.4 5m:2163.0 10m:2150.6 | Shares: 254/1 (found:255) | Diff: 418449 | 38s elapsed (since last share, avg 2m59s) | best=136 target=10264 (999%)
[2026-09-07T00:43:56Z INFO  minertim] H/s 1m:2333.3 5m:2166.9 10m:2158.6 | Shares: 254/1 (found:255) | Diff: 418449 | 48s elapsed (since last share, avg 2m59s) | best=136 target=10264 (999%)
[2026-09-07T00:44:01Z INFO  minertim::pool_connection] New job: rH0cR64vke07H5W0 (difficulty: 418449, target: 18280000)
[2026-09-07T00:44:06Z INFO  minertim] H/s 1m:2362.0 5m:2171.1 10m:2161.2 | Shares: 254/1 (found:255) | Diff: 418449 | 58s elapsed (since last share, avg 2m57s) | best=136 target=10264 (999%)
[2026-09-07T00:44:10Z INFO  minertim::pool_connection] New job: Wu5Gx3rCTa740ylH (difficulty: 313844, target: 75350000)
[2026-09-07T00:44:16Z INFO  minertim] H/s 1m:2362.2 5m:2175.2 10m:2163.3 | Shares: 254/1 (found:255) | Diff: 313844 | 1m8s elapsed (since last share, avg 2m12s) | best=136 target=13685 (999%)
[2026-09-07T00:44:22Z INFO  minertim::pool_connection] New job: ROpvUw80eymVAhp8 (difficulty: 313844, target: 75350000)
[2026-09-07T00:44:26Z INFO  minertim] H/s 1m:2363.0 5m:2179.4 10m:2165.3 | Shares: 254/1 (found:255) | Diff: 313844 | 1m18s elapsed (since last share, avg 2m12s) | best=136 target=13685 (999%)
[2026-09-07T00:44:36Z INFO  minertim] H/s 1m:2361.1 5m:2211.4 10m:2167.2 | Shares: 254/1 (found:255) | Diff: 313844 | 1m28s elapsed (since last share, avg 2m12s) | best=136 target=13685 (999%)
[2026-09-07T00:44:42Z INFO  minertim::pool_connection] New job: 02RU49jTGWzp5hQT (difficulty: 313844, target: 75350000)
[2026-09-07T00:44:46Z INFO  minertim] H/s 1m:2362.2 5m:2240.0 10m:2169.3 | Shares: 254/1 (found:255) | Diff: 313844 | 1m38s elapsed (since last share, avg 2m12s) | best=136 target=13685 (999%)
[2026-09-07T00:44:56Z INFO  minertim] H/s 1m:2361.4 5m:2244.3 10m:2171.3 | Shares: 254/1 (found:255) | Diff: 313844 | 1m48s elapsed (since last share, avg 2m12s) | best=136 target=13685 (999%)
[2026-09-07T00:45:01Z INFO  minertim::pool_connection] New job: M6jJr0ieKcfeahzx (difficulty: 313844, target: 75350000)
[2026-09-07T00:45:06Z INFO  minertim] H/s 1m:2361.0 5m:2252.6 10m:2173.2 | Shares: 254/1 (found:255) | Diff: 313844 | 1m58s elapsed (since last share, avg 2m12s) | best=136 target=13685 (999%)
[2026-09-07T00:45:10Z INFO  minertim::pool_connection] New job: qKQlRqEJJ0uSDgMi (difficulty: 235379, target: 47470000)
[2026-09-07T00:45:16Z INFO  minertim] H/s 1m:2361.0 5m:2256.8 10m:2175.2 | Shares: 254/1 (found:255) | Diff: 235379 | 2m8s elapsed (since last share, avg 1m39s) | best=136 target=18247 (999%)
[2026-09-07T00:45:21Z INFO  minertim::pool_connection] New job: 7tZ5JJlII8JdgG6l (difficulty: 235379, target: 47470000)
[2026-09-07T00:45:26Z INFO  minertim] H/s 1m:2362.2 5m:2270.7 10m:2177.2 | Shares: 254/1 (found:255) | Diff: 235379 | 2m18s elapsed (since last share, avg 1m39s) | best=136 target=18247 (999%)
[2026-09-07T00:45:36Z INFO  minertim] H/s 1m:2361.8 5m:2274.7 10m:2179.2 | Shares: 254/1 (found:255) | Diff: 235379 | 2m28s elapsed (since last share, avg 1m39s) | best=136 target=18247 (999%)
[2026-09-07T00:45:41Z INFO  minertim::pool_connection] New job: 4WetAheM970J0kkN (difficulty: 235379, target: 47470000)
[2026-09-07T00:45:46Z INFO  minertim] H/s 1m:2362.8 5m:2279.0 10m:2181.2 | Shares: 254/1 (found:255) | Diff: 235379 | 2m38s elapsed (since last share, avg 1m39s) | best=136 target=18247 (999%)
[2026-09-07T00:45:53Z INFO  minertim::pool_connection] New job: xMG2FbSX7siUFw0G (difficulty: 235379, target: 47470000)
[2026-09-07T00:45:56Z INFO  minertim] H/s 1m:2363.1 5m:2283.0 10m:2183.2 | Shares: 254/1 (found:255) | Diff: 235379 | 2m48s elapsed (since last share, avg 1m39s) | best=136 target=18247 (999%)
[2026-09-07T00:46:00Z INFO  minertim::pool_connection] New job: WaYuuECKlstbjbqk (difficulty: 235379, target: 47470000)
[2026-09-07T00:46:06Z INFO  minertim] H/s 1m:2363.0 5m:2287.1 10m:2180.3 | Shares: 254/1 (found:255) | Diff: 235379 | 2m58s elapsed (since last share, avg 1m39s) | best=136 target=18247 (999%)
[2026-09-07T00:46:10Z INFO  minertim::pool_connection] New job: HLhtT0LJdxyehRcH (difficulty: 176529, target: 0a5f0000)
[2026-09-07T00:46:16Z INFO  minertim] H/s 1m:2363.5 5m:2291.2 10m:2177.6 | Shares: 254/1 (found:255) | Diff: 176529 | 3m8s elapsed (since last share, avg 1m14s) | best=136 target=24330 (999%)
[2026-09-07T00:46:20Z INFO  minertim::pool_connection] New job: tsZBlKXzXJ4VmmUq (difficulty: 176529, target: 0a5f0000)
[2026-09-07T00:46:26Z INFO  minertim] H/s 1m:2363.0 5m:2291.8 10m:2179.6 | Shares: 254/1 (found:255) | Diff: 176529 | 3m18s elapsed (since last share, avg 1m14s) | best=136 target=24330 (999%)
[2026-09-07T00:46:36Z INFO  minertim] H/s 1m:2361.2 5m:2301.8 10m:2181.5 | Shares: 254/1 (found:255) | Diff: 176529 | 3m28s elapsed (since last share, avg 1m14s) | best=136 target=24330 (999%)
[2026-09-07T00:46:40Z INFO  minertim::pool_connection] New job: 8KkryPdTLYIkZj4I (difficulty: 176529, target: 0a5f0000)
[2026-09-07T00:46:46Z INFO  minertim] H/s 1m:2359.5 5m:2321.2 10m:2183.3 | Shares: 254/1 (found:255) | Diff: 176529 | 3m38s elapsed (since last share, avg 1m14s) | best=136 target=24330 (999%)
[2026-09-07T00:46:56Z INFO  minertim] H/s 1m:2359.5 5m:2332.8 10m:2185.3 | Shares: 254/1 (found:255) | Diff: 176529 | 3m48s elapsed (since last share, avg 1m14s) | best=136 target=24330 (999%)
[2026-09-07T00:46:59Z INFO  minertim::pool_connection] New job: 916owzsTpqsOQNkx (difficulty: 176529, target: 0a5f0000)
[2026-09-07T00:47:06Z INFO  minertim] H/s 1m:2360.4 5m:2342.2 10m:2187.6 | Shares: 254/1 (found:255) | Diff: 176529 | 3m58s elapsed (since last share, avg 1m14s) | best=136 target=24330 (999%)
[2026-09-07T00:47:10Z INFO  minertim::pool_connection] New job: kvWHCmJpDxS3llxy (difficulty: 132397, target: b87e0000)
[2026-09-07T00:47:16Z INFO  minertim] H/s 1m:2361.2 5m:2342.2 10m:2189.6 | Shares: 254/1 (found:255) | Diff: 132397 | 4m8s elapsed (since last share, avg 56s) | best=136 target=32440 (999%)
[2026-09-07T00:47:19Z INFO  minertim::pool_connection] New job: fvwQhJ4ZknjZNwEt (difficulty: 132397, target: b87e0000)
[2026-09-07T00:47:26Z INFO  minertim] H/s 1m:2362.5 5m:2352.3 10m:2191.6 | Shares: 254/1 (found:255) | Diff: 132397 | 4m18s elapsed (since last share, avg 56s) | best=136 target=32440 (999%)
[2026-09-07T00:47:34Z INFO  minertim::miner] Worker 2 SHARE FOUND! job_id=fvwQhJ4ZknjZNwEt, nonce=ba81af01, hash_val=19506, difficulty=132397, hash=7cb82c3e53edc003ab79cf15eb9bf1bfab8f55dba07e0958929855df324c0000
[2026-09-07T00:47:36Z INFO  minertim] H/s 1m:2305.1 5m:2347.2 10m:2197.9 | Shares: 254/1 (found:256) | Diff: 132397 | 1s elapsed (since last share, avg 57s) | best=136 target=32440 (999%)
[2026-09-07T00:47:39Z INFO  minertim::pool_connection] New job: OWRZ0YhvtlzGZhS0 (difficulty: 132397, target: b87e0000)
[2026-09-07T00:47:39Z INFO  minertim::pool_connection] Share accepted by pool
[2026-09-07T00:47:40Z INFO  minertim::pool_connection] New job: 4cCxildqFagTvWTh (difficulty: 198602, target: 7a540000)
[2026-09-07T00:47:46Z INFO  minertim] H/s 1m:2299.9 5m:2346.0 10m:2208.5 | Shares: 255/1 (found:256) | Diff: 198602 | 11s elapsed (since last share, avg 1m26s) | best=136 target=21626 (999%)
[2026-09-07T00:47:56Z INFO  minertim] H/s 1m:2299.1 5m:2346.1 10m:2217.4 | Shares: 255/1 (found:256) | Diff: 198602 | 21s elapsed (since last share, avg 1m26s) | best=136 target=21626 (999%)
[2026-09-07T00:47:57Z INFO  minertim::miner] Worker 0 SHARE FOUND! job_id=4cCxildqFagTvWTh, nonce=e0f4ab01, hash_val=5739, difficulty=198602, hash=9bc5d46096a409b65b30c459002f70e5b52ffca35462098092e133726b160000
[2026-09-07T00:47:59Z INFO  minertim::pool_connection] New job: WOKZrBMHN3S40sdE (difficulty: 198602, target: 7a540000)
[2026-09-07T00:47:59Z INFO  minertim::pool_connection] Share accepted by pool
[2026-09-07T00:48:06Z INFO  minertim] H/s 1m:2273.5 5m:2346.7 10m:2226.4 | Shares: 256/1 (found:257) | Diff: 198602 | 9s elapsed (since last share, avg 1m27s) | best=136 target=21626 (999%)
[2026-09-07T00:48:10Z INFO  minertim::pool_connection] New job: IMYsv1j6SrcKCH5M (difficulty: 297909, target: 51380000)
[2026-09-07T00:48:14Z INFO  minertim::pool_connection] New job: ATBuR0MYk4O7kgD3 (difficulty: 297909, target: 51380000)
[2026-09-07T00:48:16Z INFO  minertim] H/s 1m:2273.0 5m:2346.6 10m:2230.6 | Shares: 256/1 (found:257) | Diff: 297909 | 19s elapsed (since last share, avg 2m11s) | best=136 target=14417 (999%)
[2026-09-07T00:48:26Z INFO  minertim] H/s 1m:2332.3 5m:2346.8 10m:2234.2 | Shares: 256/1 (found:257) | Diff: 297909 | 29s elapsed (since last share, avg 2m7s) | best=136 target=14417 (999%)
[2026-09-07T00:48:34Z INFO  minertim::pool_connection] New job: HwYmkgQBjMzrrrKc (difficulty: 297909, target: 51380000)
[2026-09-07T00:48:36Z INFO  minertim] H/s 1m:2336.5 5m:2346.6 10m:2240.8 | Shares: 256/1 (found:257) | Diff: 297909 | 39s elapsed (since last share, avg 2m7s) | best=136 target=14417 (999%)
[2026-09-07T00:48:46Z INFO  minertim] H/s 1m:2337.9 5m:2346.9 10m:2256.8 | Shares: 256/1 (found:257) | Diff: 297909 | 49s elapsed (since last share, avg 2m7s) | best=136 target=14417 (999%)
[2026-09-07T00:48:54Z INFO  minertim::pool_connection] New job: QrGiuL6mW85O4axq (difficulty: 297909, target: 51380000)
[2026-09-07T00:48:56Z INFO  minertim] H/s 1m:2363.6 5m:2346.9 10m:2258.7 | Shares: 256/1 (found:257) | Diff: 297909 | 59s elapsed (since last share, avg 2m6s) | best=136 target=14417 (999%)
[2026-09-07T00:49:06Z INFO  minertim] H/s 1m:2364.8 5m:2347.1 10m:2260.9 | Shares: 256/1 (found:257) | Diff: 297909 | 1m9s elapsed (since last share, avg 2m5s) | best=136 target=14417 (999%)
[2026-09-07T00:49:10Z INFO  minertim::pool_connection] New job: 1W7ciCNZo0rJJp2v (difficulty: 188806, target: dc580000)
[2026-09-07T00:49:14Z INFO  minertim::pool_connection] New job: EfA02KlFqxEGphPY (difficulty: 188806, target: dc580000)
[2026-09-07T00:49:16Z INFO  minertim] H/s 1m:2366.1 5m:2347.4 10m:2263.0 | Shares: 256/1 (found:257) | Diff: 188806 | 1m19s elapsed (since last share, avg 1m19s) | best=136 target=22748 (999%)
[2026-09-07T00:49:26Z INFO  minertim] H/s 1m:2367.9 5m:2347.7 10m:2265.1 | Shares: 256/1 (found:257) | Diff: 188806 | 1m29s elapsed (since last share, avg 1m19s) | best=136 target=22748 (999%)
[2026-09-07T00:49:33Z INFO  minertim::pool_connection] New job: 3qsAQCVoE7ilElEd (difficulty: 188806, target: dc580000)
[2026-09-07T00:49:36Z INFO  minertim] H/s 1m:2366.8 5m:2347.7 10m:2281.0 | Shares: 256/1 (found:257) | Diff: 188806 | 1m39s elapsed (since last share, avg 1m19s) | best=136 target=22748 (999%)
[2026-09-07T00:49:46Z INFO  minertim] H/s 1m:2366.1 5m:2347.7 10m:2295.0 | Shares: 256/1 (found:257) | Diff: 188806 | 1m49s elapsed (since last share, avg 1m19s) | best=136 target=22748 (999%)
[2026-09-07T00:49:53Z INFO  minertim::pool_connection] New job: Jo0XuVUfHdohskHr (difficulty: 188806, target: dc580000)
[2026-09-07T00:49:56Z INFO  minertim] H/s 1m:2365.1 5m:2347.8 10m:2297.1 | Shares: 256/1 (found:257) | Diff: 188806 | 1m59s elapsed (since last share, avg 1m19s) | best=136 target=22748 (999%)
[2026-09-07T00:50:06Z INFO  minertim] H/s 1m:2363.1 5m:2347.7 10m:2301.2 | Shares: 256/1 (found:257) | Diff: 188806 | 2m9s elapsed (since last share, avg 1m19s) | best=136 target=22748 (999%)
[2026-09-07T00:50:10Z INFO  minertim::pool_connection] New job: DTw4WKoPfP0N1DQD (difficulty: 141603, target: 7b760000)
[2026-09-07T00:50:13Z INFO  minertim::pool_connection] New job: WmxX0oIWkEn5gXyd (difficulty: 141603, target: 7b760000)
[2026-09-07T00:50:16Z INFO  minertim] H/s 1m:2362.1 5m:2347.7 10m:2303.2 | Shares: 256/1 (found:257) | Diff: 141603 | 2m19s elapsed (since last share, avg 59s) | best=136 target=30331 (999%)
[2026-09-07T00:50:21Z INFO  minertim::pool_connection] New job: U72CM71lLM0JsTwm (difficulty: 141603, target: 7b760000)
[2026-09-07T00:50:26Z INFO  minertim] H/s 1m:2362.2 5m:2347.8 10m:2310.1 | Shares: 256/1 (found:257) | Diff: 141603 | 2m29s elapsed (since last share, avg 59s) | best=136 target=30331 (999%)
[2026-09-07T00:50:36Z INFO  minertim] H/s 1m:2362.7 5m:2347.7 10m:2312.2 | Shares: 256/1 (found:257) | Diff: 141603 | 2m39s elapsed (since last share, avg 59s) | best=136 target=30331 (999%)
[2026-09-07T00:50:41Z INFO  minertim::pool_connection] New job: CXPoL9spUyTy5Q2E (difficulty: 141603, target: 7b760000)
[2026-09-07T00:50:46Z INFO  minertim] H/s 1m:2363.0 5m:2347.7 10m:2314.2 | Shares: 256/1 (found:257) | Diff: 141603 | 2m49s elapsed (since last share, avg 59s) | best=136 target=30331 (999%)
[2026-09-07T00:50:56Z INFO  minertim] H/s 1m:2363.3 5m:2347.8 10m:2316.2 | Shares: 256/1 (found:257) | Diff: 141603 | 2m59s elapsed (since last share, avg 59s) | best=136 target=30331 (999%)
[2026-09-07T00:51:01Z INFO  minertim::pool_connection] New job: 1QrqWPi9iFySOUaB (difficulty: 141603, target: 7b760000)
[2026-09-07T00:51:06Z INFO  minertim] H/s 1m:2363.4 5m:2347.7 10m:2318.2 | Shares: 256/1 (found:257) | Diff: 141603 | 3m9s elapsed (since last share, avg 59s) | best=136 target=30331 (999%)
[2026-09-07T00:51:10Z INFO  minertim::pool_connection] New job: FhPhALhqpoxDAymE (difficulty: 106203, target: f99d0000)
[2026-09-07T00:51:16Z INFO  minertim] H/s 1m:2362.5 5m:2347.7 10m:2320.2 | Shares: 256/1 (found:257) | Diff: 106203 | 3m19s elapsed (since last share, avg 44s) | best=136 target=40441 (999%)
[2026-09-07T00:51:21Z INFO  minertim::pool_connection] New job: Iof2Nw0M0lGPQne1 (difficulty: 106203, target: f99d0000)
[2026-09-07T00:51:22Z INFO  minertim::pool_connection] New job: znPQO8QUJpREO8sm (difficulty: 106203, target: f99d0000)
[2026-09-07T00:51:26Z INFO  minertim] H/s 1m:2363.1 5m:2348.0 10m:2320.6 | Shares: 256/1 (found:257) | Diff: 106203 | 3m29s elapsed (since last share, avg 44s) | best=136 target=40441 (999%)
[2026-09-07T00:51:36Z INFO  minertim] H/s 1m:2362.8 5m:2348.3 10m:2325.6 | Shares: 256/1 (found:257) | Diff: 106203 | 3m39s elapsed (since last share, avg 44s) | best=136 target=40441 (999%)
[2026-09-07T00:51:41Z INFO  minertim::pool_connection] New job: dUEXfvfItF0DM3Sb (difficulty: 106203, target: f99d0000)
[2026-09-07T00:51:46Z INFO  minertim] H/s 1m:2362.6 5m:2348.3 10m:2335.2 | Shares: 256/1 (found:257) | Diff: 106203 | 3m49s elapsed (since last share, avg 44s) | best=136 target=40441 (999%)
[2026-09-07T00:51:54Z INFO  minertim::miner] Worker 1 SHARE FOUND! job_id=dUEXfvfItF0DM3Sb, nonce=7da6bd01, hash_val=13674, difficulty=106203, hash=4617ad02c2f026824eadc9e0e615162385f32527acb5f5b1b8df82c66a350000
[2026-09-07T00:51:56Z INFO  minertim] H/s 1m:2363.4 5m:2348.2 10m:2341.0 | Shares: 256/1 (found:258) | Diff: 106203 | 2s elapsed (since last share, avg 44s) | best=136 target=40441 (999%)
[2026-09-07T00:52:01Z INFO  minertim::pool_connection] New job: lCH10aWNyRRbQdj0 (difficulty: 106203, target: f99d0000)
[2026-09-07T00:52:01Z INFO  minertim::pool_connection] Share accepted by pool
[2026-09-07T00:52:06Z INFO  minertim] H/s 1m:2273.9 5m:2332.6 10m:2337.9 | Shares: 257/1 (found:258) | Diff: 106203 | 12s elapsed (since last share, avg 46s) | best=136 target=40441 (999%)
[2026-09-07T00:52:16Z INFO  minertim] H/s 1m:2272.6 5m:2332.5 10m:2337.8 | Shares: 257/1 (found:258) | Diff: 106203 | 22s elapsed (since last share, avg 46s) | best=136 target=40441 (999%)
[2026-09-07T00:52:21Z INFO  minertim::pool_connection] New job: NV0mdEbfXBAHlAOU (difficulty: 106203, target: f99d0000)
[2026-09-07T00:52:26Z INFO  minertim] H/s 1m:2272.2 5m:2342.7 10m:2342.8 | Shares: 257/1 (found:258) | Diff: 106203 | 32s elapsed (since last share, avg 46s) | best=136 target=40441 (999%)
[2026-09-07T00:52:36Z INFO  minertim] H/s 1m:2273.3 5m:2343.8 10m:2345.3 | Shares: 257/1 (found:258) | Diff: 106203 | 42s elapsed (since last share, avg 46s) | best=136 target=40441 (999%)
[2026-09-07T00:52:41Z INFO  minertim::pool_connection] New job: uHaFQNIwZC6HNSxH (difficulty: 106203, target: f99d0000)
[2026-09-07T00:52:45Z INFO  minertim::miner] Worker 1 SHARE FOUND! job_id=uHaFQNIwZC6HNSxH, nonce=853dbf01, hash_val=14478, difficulty=106203, hash=7d7ce34eaf269df6bb799d04d0c9931b3a9ddd50b2f1c90d01a4885d8e380000
[2026-09-07T00:52:46Z INFO  minertim] H/s 1m:2272.4 5m:2343.6 10m:2345.1 | Shares: 257/1 (found:259) | Diff: 106203 | 1s elapsed (since last share, avg 46s) | best=136 target=40441 (999%)
[2026-09-07T00:52:56Z INFO  minertim] H/s 1m:2248.1 5m:2328.3 10m:2335.5 | Shares: 257/1 (found:259) | Diff: 106203 | 11s elapsed (since last share, avg 47s) | best=136 target=40441 (999%)
[2026-09-07T00:53:00Z INFO  minertim::pool_connection] Share accepted by pool
[2026-09-07T00:53:01Z INFO  minertim::pool_connection] New job: sS35e25hC4XKOxHi (difficulty: 106203, target: f99d0000)
[2026-09-07T00:53:06Z INFO  minertim] H/s 1m:2237.2 5m:2326.4 10m:2336.9 | Shares: 258/1 (found:259) | Diff: 106203 | 21s elapsed (since last share, avg 47s) | best=136 target=40441 (999%)
[2026-09-07T00:53:16Z INFO  minertim] H/s 1m:2237.9 5m:2326.4 10m:2337.0 | Shares: 258/1 (found:259) | Diff: 106203 | 31s elapsed (since last share, avg 47s) | best=136 target=40441 (999%)
[2026-09-07T00:53:19Z INFO  minertim::miner] Worker 1 SHARE FOUND! job_id=sS35e25hC4XKOxHi, nonce=c9eabf01, hash_val=39490, difficulty=106203, hash=217e607222bd393d0fb738cf57d4b6634dd011aa767f44da66f27900429a0000
[2026-09-07T00:53:21Z INFO  minertim::pool_connection] New job: 0YL1rNlFRMF0RjNi (difficulty: 106203, target: f99d0000)
[2026-09-07T00:53:21Z INFO  minertim::miner] Worker 2 SHARE FOUND! job_id=0YL1rNlFRMF0RjNi, nonce=16e0bb01, hash_val=12521, difficulty=106203, hash=b0f3382ad1dc09a39abb0575060b63f865523bfe10a63698ce6e0245e9300000
[2026-09-07T00:53:21Z INFO  minertim::pool_connection] Share accepted by pool
[2026-09-07T00:53:21Z INFO  minertim::pool_connection] Share accepted by pool
[2026-09-07T00:53:26Z INFO  minertim] H/s 1m:2221.8 5m:2324.0 10m:2335.8 | Shares: 260/1 (found:261) | Diff: 106203 | 5s elapsed (since last share, avg 47s) | best=136 target=40441 (999%)
[2026-09-07T00:53:29Z INFO  minertim::miner] Worker 1 SHARE FOUND! job_id=0YL1rNlFRMF0RjNi, nonce=3137c001, hash_val=15108, difficulty=106203, hash=a5f93f5975e8ec40cd993731e9970e4a39b4f53277f96452d6d2a4db043b0000
[2026-09-07T00:53:36Z INFO  minertim] H/s 1m:2106.9 5m:2303.8 10m:2326.0 | Shares: 260/1 (found:262) | Diff: 106203 | 7s elapsed (since last share, avg 50s) | best=136 target=40441 (999%)
[2026-09-07T00:53:41Z INFO  minertim::pool_connection] New job: mEK4kKMSYLhCaxFi (difficulty: 106203, target: f99d0000)
[2026-09-07T00:53:41Z INFO  minertim::pool_connection] Share accepted by pool
[2026-09-07T00:53:46Z INFO  minertim] H/s 1m:2203.5 5m:2300.6 10m:2324.5 | Shares: 261/1 (found:262) | Diff: 106203 | 17s elapsed (since last share, avg 48s) | best=136 target=40441 (999%)
[2026-09-07T00:53:48Z INFO  minertim::pool_connection] New job: 1dcxBYB1S0kwzgci (difficulty: 106203, target: f99d0000)
[2026-09-07T00:53:56Z INFO  minertim] H/s 1m:2215.4 5m:2300.6 10m:2324.5 | Shares: 261/1 (found:262) | Diff: 106203 | 27s elapsed (since last share, avg 47s) | best=136 target=40441 (999%)
[2026-09-07T00:54:06Z INFO  minertim] H/s 1m:2214.9 5m:2300.3 10m:2324.5 | Shares: 261/1 (found:262) | Diff: 106203 | 37s elapsed (since last share, avg 47s) | best=136 target=40441 (999%)
[2026-09-07T00:54:08Z INFO  minertim::pool_connection] New job: f03csrSRrfYrbWiI (difficulty: 106203, target: f99d0000)
[2026-09-07T00:54:11Z INFO  minertim::pool_connection] New job: rgLfnKlsXM3BS8J5 (difficulty: 158252, target: 046a0000)
[2026-09-07T00:54:16Z INFO  minertim] H/s 1m:2230.1 5m:2300.2 10m:2324.5 | Shares: 261/1 (found:262) | Diff: 158252 | 47s elapsed (since last share, avg 1m10s) | best=136 target=27140 (999%)
[2026-09-07T00:54:24Z INFO  minertim::pool_connection] New job: 8ViQVPptOkq1vm1T (difficulty: 158252, target: 046a0000)
[2026-09-07T00:54:26Z INFO  minertim] H/s 1m:2345.9 5m:2300.2 10m:2324.7 | Shares: 261/1 (found:262) | Diff: 158252 | 57s elapsed (since last share, avg 1m7s) | best=136 target=27140 (999%)
[2026-09-07T00:54:36Z INFO  minertim] H/s 1m:2362.9 5m:2300.1 10m:2324.5 | Shares: 261/1 (found:262) | Diff: 158252 | 1m7s elapsed (since last share, avg 1m6s) | best=136 target=27140 (999%)
[2026-09-07T00:54:41Z INFO  minertim::pool_connection] New job: bVvKuTj0WgpZn0Hg (difficulty: 120699, target: 008b0000)
[2026-09-07T00:54:43Z INFO  minertim::miner] Worker 2 SHARE FOUND! job_id=bVvKuTj0WgpZn0Hg, nonce=8ed4be01, hash_val=2562, difficulty=120699, hash=599c69dea757595bf376c8ce2682b73e4aae966237ca0b1f6bdbad97020a0000
[2026-09-07T00:54:44Z INFO  minertim::pool_connection] New job: cqHZwaYAX5XSg0Ni (difficulty: 120699, target: 008b0000)
[2026-09-07T00:54:44Z INFO  minertim::pool_connection] Share accepted by pool
[2026-09-07T00:54:45Z INFO  minertim::miner] Worker 2 SHARE FOUND! job_id=cqHZwaYAX5XSg0Ni, nonce=eedabe01, hash_val=20411, difficulty=120699, hash=2844e2e0f31e618f949b2200c90ba5ff02022ac1bfe11e8c77ba78d1bb4f0000
[2026-09-07T00:54:46Z INFO  minertim] H/s 1m:2349.2 5m:2297.9 10m:2323.5 | Shares: 262/1 (found:264) | Diff: 120699 | 1s elapsed (since last share, avg 51s) | best=136 target=35584 (999%)
[2026-09-07T00:54:48Z INFO  minertim::miner] Worker 0 SHARE FOUND! job_id=cqHZwaYAX5XSg0Ni, nonce=b8c2ba01, hash_val=18827, difficulty=120699, hash=fc790bc89e3c8a88d307dc90547080d47d98880406b93589f9329b638b490000
[2026-09-07T00:54:56Z INFO  minertim] H/s 1m:2116.3 5m:2257.8 10m:2303.7 | Shares: 262/1 (found:265) | Diff: 120699 | 7s elapsed (since last share, avg 57s) | best=136 target=35584 (999%)
[2026-09-07T00:55:04Z INFO  minertim::pool_connection] New job: ezkxDDIIjRr1gRSi (difficulty: 120699, target: 008b0000)
[2026-09-07T00:55:04Z INFO  minertim::pool_connection] Share accepted by pool
[2026-09-07T00:55:05Z INFO  minertim::pool_connection] Share accepted by pool
[2026-09-07T00:55:06Z INFO  minertim] H/s 1m:1928.6 5m:2225.5 10m:2287.8 | Shares: 264/1 (found:265) | Diff: 120699 | 17s elapsed (since last share, avg 1m2s) | best=136 target=35584 (999%)
[2026-09-07T00:55:11Z INFO  minertim::pool_connection] New job: Nq3STijlW0Iu0Yxn (difficulty: 181054, target: aa5c0000)
[2026-09-07T00:55:16Z INFO  minertim] H/s 1m:1928.5 5m:2225.4 10m:2287.9 | Shares: 264/1 (found:265) | Diff: 181054 | 27s elapsed (since last share, avg 1m33s) | best=136 target=23722 (999%)
[2026-09-07T00:55:24Z INFO  minertim::pool_connection] New job: 4wk6R1qvQHhHq50N (difficulty: 181054, target: aa5c0000)
[2026-09-07T00:55:26Z INFO  minertim] H/s 1m:1927.9 5m:2225.1 10m:2287.8 | Shares: 264/1 (found:265) | Diff: 181054 | 37s elapsed (since last share, avg 1m33s) | best=136 target=23722 (999%)
[2026-09-07T00:55:29Z INFO  minertim::miner] Worker 1 SHARE FOUND! job_id=4wk6R1qvQHhHq50N, nonce=3128c401, hash_val=14311, difficulty=181054, hash=ff03982fea54591998ba97b0b554418a5e7807d3f6539799e3632ef1e7370000
[2026-09-07T00:55:36Z INFO  minertim] H/s 1m:1824.3 5m:2205.0 10m:2277.8 | Shares: 264/1 (found:266) | Diff: 181054 | 6s elapsed (since last share, avg 1m39s) | best=136 target=23722 (999%)
[2026-09-07T00:55:44Z INFO  minertim::pool_connection] New job: ShoFoo98bZJgSheG (difficulty: 181054, target: aa5c0000)
[2026-09-07T00:55:44Z INFO  minertim::pool_connection] Share accepted by pool
[2026-09-07T00:55:46Z INFO  minertim] H/s 1m:1986.3 5m:2192.8 10m:2271.8 | Shares: 265/1 (found:266) | Diff: 181054 | 16s elapsed (since last share, avg 1m31s) | best=136 target=23722 (999%)
[2026-09-07T00:55:56Z INFO  minertim] H/s 1m:2173.7 5m:2192.8 10m:2271.8 | Shares: 265/1 (found:266) | Diff: 181054 | 26s elapsed (since last share, avg 1m23s) | best=136 target=23722 (999%)
[2026-09-07T00:56:01Z INFO  minertim::miner] Worker 1 SHARE FOUND! job_id=ShoFoo98bZJgSheG, nonce=e9c9c401, hash_val=17249, difficulty=181054, hash=9256472d7ca804c0b66145ed6ec342b44877868721ac0d6f1c144eba61430000
[2026-09-07T00:56:04Z INFO  minertim::pool_connection] New job: iZLy5bGUz1ulndKI (difficulty: 181054, target: aa5c0000)
[2026-09-07T00:56:04Z INFO  minertim::pool_connection] Share accepted by pool
[2026-09-07T00:56:06Z INFO  minertim] H/s 1m:2147.1 5m:2188.3 10m:2269.6 | Shares: 266/1 (found:267) | Diff: 181054 | 5s elapsed (since last share, avg 1m24s) | best=136 target=23722 (999%)
[2026-09-07T00:56:11Z INFO  minertim::pool_connection] New job: D0mA7R2XZRPPTDF0 (difficulty: 271575, target: c73d0000)
[2026-09-07T00:56:16Z INFO  minertim] H/s 1m:2150.1 5m:2188.4 10m:2269.7 | Shares: 266/1 (found:267) | Diff: 271575 | 15s elapsed (since last share, avg 2m6s) | best=136 target=15815 (999%)
[2026-09-07T00:56:23Z INFO  minertim::pool_connection] New job: YaFPNXdNj3XgYbLi (difficulty: 271575, target: c73d0000)
[2026-09-07T00:56:26Z INFO  minertim] H/s 1m:2267.1 5m:2188.5 10m:2269.9 | Shares: 266/1 (found:267) | Diff: 271575 | 25s elapsed (since last share, avg 1m59s) | best=136 target=15815 (999%)
[2026-09-07T00:56:36Z INFO  minertim] H/s 1m:2339.2 5m:2188.7 10m:2270.1 | Shares: 266/1 (found:267) | Diff: 271575 | 35s elapsed (since last share, avg 1m56s) | best=136 target=15815 (999%)
[2026-09-07T00:56:43Z INFO  minertim::pool_connection] New job: ec4BbVRwJx0SLzA5 (difficulty: 271575, target: c73d0000)
[2026-09-07T00:56:46Z INFO  minertim] H/s 1m:2338.6 5m:2188.5 10m:2270.0 | Shares: 266/1 (found:267) | Diff: 271575 | 45s elapsed (since last share, avg 1m56s) | best=136 target=15815 (999%)
[2026-09-07T00:56:56Z INFO  minertim] H/s 1m:2365.6 5m:2204.1 10m:2270.0 | Shares: 266/1 (found:267) | Diff: 271575 | 55s elapsed (since last share, avg 1m54s) | best=136 target=15815 (999%)
[2026-09-07T00:57:03Z INFO  minertim::pool_connection] New job: AtcQ8TXNbQs20g0B (difficulty: 271575, target: c73d0000)
[2026-09-07T00:57:06Z INFO  minertim] H/s 1m:2365.4 5m:2204.4 10m:2270.1 | Shares: 266/1 (found:267) | Diff: 271575 | 1m5s elapsed (since last share, avg 1m54s) | best=136 target=15815 (999%)
[2026-09-07T00:57:11Z INFO  minertim::pool_connection] New job: n06VhNqZQE5yzbUd (difficulty: 182399, target: fb5b0000)
[2026-09-07T00:57:11Z INFO  minertim::miner] Worker 1 SHARE FOUND! job_id=n06VhNqZQE5yzbUd, nonce=413fc701, hash_val=22846, difficulty=182399, hash=60f1ef03f39f21fd6cbbe3d81a7f368b4726ec78f7af11a63c2c81033e590000
[2026-09-07T00:57:16Z INFO  minertim] H/s 1m:2307.7 5m:2194.6 10m:2265.2 | Shares: 266/1 (found:268) | Diff: 182399 | 4s elapsed (since last share, avg 1m19s) | best=136 target=23547 (999%)
[2026-09-07T00:57:24Z INFO  minertim::pool_connection] New job: dx3iSFfodFluCEn3 (difficulty: 182399, target: fb5b0000)
[2026-09-07T00:57:24Z INFO  minertim::pool_connection] Share accepted by pool
[2026-09-07T00:57:26Z INFO  minertim] H/s 1m:2224.8 5m:2180.3 10m:2263.3 | Shares: 267/1 (found:268) | Diff: 182399 | 14s elapsed (since last share, avg 1m21s) | best=136 target=23547 (999%)
[2026-09-07T00:57:36Z INFO  minertim] H/s 1m:2224.8 5m:2180.3 10m:2263.7 | Shares: 267/1 (found:268) | Diff: 182399 | 24s elapsed (since last share, avg 1m21s) | best=136 target=23547 (999%)
[2026-09-07T00:57:41Z INFO  minertim::pool_connection] New job: Yl1SrvO0X2qb8g8N (difficulty: 273599, target: 523d0000)
[2026-09-07T00:57:43Z INFO  minertim::pool_connection] New job: VdgzKWYIhpIT5Y1c (difficulty: 273599, target: 523d0000)
[2026-09-07T00:57:46Z INFO  minertim] H/s 1m:2224.1 5m:2200.0 10m:2263.7 | Shares: 267/1 (found:268) | Diff: 273599 | 34s elapsed (since last share, avg 2m3s) | best=136 target=15698 (999%)
[2026-09-07T00:57:56Z INFO  minertim] H/s 1m:2223.2 5m:2202.0 10m:2265.8 | Shares: 267/1 (found:268) | Diff: 273599 | 44s elapsed (since last share, avg 2m3s) | best=136 target=15698 (999%)
[2026-09-07T00:58:03Z INFO  minertim::pool_connection] New job: H7Iei4x2yNGAovYQ (difficulty: 273599, target: 523d0000)
[2026-09-07T00:58:06Z INFO  minertim] H/s 1m:2281.5 5m:2202.1 10m:2265.9 | Shares: 267/1 (found:268) | Diff: 273599 | 54s elapsed (since last share, avg 1m59s) | best=136 target=15698 (999%)
[2026-09-07T00:58:16Z INFO  minertim] H/s 1m:2363.8 5m:2204.8 10m:2265.9 | Shares: 267/1 (found:268) | Diff: 273599 | 1m4s elapsed (since last share, avg 1m55s) | best=136 target=15698 (999%)
[2026-09-07T00:58:23Z INFO  minertim::pool_connection] New job: aejb3hyCyrUKqIeK (difficulty: 273599, target: 523d0000)
[2026-09-07T00:58:26Z INFO  minertim] H/s 1m:2364.8 5m:2224.7 10m:2266.1 | Shares: 267/1 (found:268) | Diff: 273599 | 1m14s elapsed (since last share, avg 1m55s) | best=136 target=15698 (999%)
[2026-09-07T00:58:36Z INFO  minertim] H/s 1m:2364.7 5m:2227.8 10m:2265.9 | Shares: 267/1 (found:268) | Diff: 273599 | 1m25s elapsed (since last share, avg 1m55s) | best=136 target=15698 (999%)
[2026-09-07T00:58:41Z INFO  minertim::pool_connection] New job: GNgX1Ibm2iqbd3K3 (difficulty: 159896, target: ed680000)
[2026-09-07T00:58:43Z INFO  minertim::pool_connection] New job: cLGkzjxLbLRhr9UA (difficulty: 159896, target: ed680000)
[2026-09-07T00:58:47Z INFO  minertim] H/s 1m:2365.1 5m:2227.8 10m:2266.0 | Shares: 267/1 (found:268) | Diff: 159896 | 1m35s elapsed (since last share, avg 1m7s) | best=136 target=26861 (999%)
[2026-09-07T00:58:51Z INFO  minertim::miner] Worker 0 SHARE FOUND! job_id=cLGkzjxLbLRhr9UA, nonce=24fac201, hash_val=506, difficulty=159896, hash=e418555d5187c2d0141a865cbddd4e993b8f82555f3108f8ab051450fa010000
[2026-09-07T00:58:57Z INFO  minertim] H/s 1m:2306.3 5m:2217.9 10m:2261.0 | Shares: 267/1 (found:269) | Diff: 159896 | 5s elapsed (since last share, avg 1m9s) | best=136 target=26861 (999%)
[2026-09-07T00:59:01Z INFO  minertim::pool_connection] Share accepted by pool
[2026-09-07T00:59:03Z INFO  minertim::pool_connection] New job: YNLxbTU2QTM9hAXt (difficulty: 159896, target: ed680000)
[2026-09-07T00:59:07Z INFO  minertim] H/s 1m:2277.4 5m:2213.0 10m:2258.4 | Shares: 268/1 (found:269) | Diff: 159896 | 15s elapsed (since last share, avg 1m10s) | best=136 target=26861 (999%)
[2026-09-07T00:59:11Z INFO  minertim::pool_connection] New job: d9650J4c0fqRFTzx (difficulty: 239848, target: f3450000)
[2026-09-07T00:59:17Z INFO  minertim] H/s 1m:2269.9 5m:2211.6 10m:2257.8 | Shares: 268/1 (found:269) | Diff: 239848 | 25s elapsed (since last share, avg 1m45s) | best=136 target=17907 (999%)
[2026-09-07T00:59:22Z INFO  minertim::pool_connection] New job: 0DCRTr0szcmSwLoI (difficulty: 239848, target: f3450000)
[2026-09-07T00:59:27Z INFO  minertim] H/s 1m:2257.9 5m:2209.7 10m:2256.7 | Shares: 268/1 (found:269) | Diff: 239848 | 35s elapsed (since last share, avg 1m46s) | best=136 target=17907 (999%)
[2026-09-07T00:59:37Z INFO  minertim] H/s 1m:2239.3 5m:2208.9 10m:2255.2 | Shares: 268/1 (found:269) | Diff: 239848 | 45s elapsed (since last share, avg 1m47s) | best=136 target=17907 (999%)
[2026-09-07T00:59:42Z INFO  minertim::pool_connection] New job: sI0treUo71sFfJ6w (difficulty: 239848, target: f3450000)
[2026-09-07T00:59:47Z INFO  minertim] H/s 1m:2281.2 5m:2246.3 10m:2253.9 | Shares: 268/1 (found:269) | Diff: 239848 | 55s elapsed (since last share, avg 1m45s) | best=136 target=17907 (999%)
[2026-09-07T00:59:51Z INFO  minertim::pool_connection] New job: d0P00cvr68mFtJ0y (difficulty: 239848, target: f3450000)
[2026-09-07T00:59:57Z INFO  minertim] H/s 1m:2302.3 5m:2277.4 10m:2253.3 | Shares: 268/1 (found:269) | Diff: 239848 | 1m5s elapsed (since last share, avg 1m44s) | best=136 target=17907 (999%)
[2026-09-07T01:00:07Z INFO  minertim] H/s 1m:2289.1 5m:2273.8 10m:2251.6 | Shares: 268/1 (found:269) | Diff: 239848 | 1m15s elapsed (since last share, avg 1m44s) | best=136 target=17907 (999%)
[2026-09-07T01:00:11Z INFO  minertim::pool_connection] New job: QpKw0vuKV6kveaEL (difficulty: 152012, target: 5e6e0000)
[2026-09-07T01:00:11Z INFO  minertim::pool_connection] New job: l8tEDt7lgMMIefUp (difficulty: 152012, target: 5e6e0000)
[2026-09-07T01:00:17Z INFO  minertim] H/s 1m:2294.1 5m:2272.8 10m:2250.9 | Shares: 268/1 (found:269) | Diff: 152012 | 1m25s elapsed (since last share, avg 1m6s) | best=136 target=28254 (999%)
[2026-09-07T01:00:27Z INFO  minertim] H/s 1m:2309.7 5m:2292.6 10m:2250.7 | Shares: 268/1 (found:269) | Diff: 152012 | 1m35s elapsed (since last share, avg 1m5s) | best=136 target=28254 (999%)
[2026-09-07T01:00:31Z INFO  minertim::pool_connection] New job: 8BKQpLD0C8jZF37c (difficulty: 152012, target: 5e6e0000)
[2026-09-07T01:00:37Z INFO  minertim] H/s 1m:2322.8 5m:2304.3 10m:2250.5 | Shares: 268/1 (found:269) | Diff: 152012 | 1m45s elapsed (since last share, avg 1m5s) | best=136 target=28254 (999%)
[2026-09-07T01:00:40Z INFO  minertim::pool_connection] New job: uS3A9oK0zava90wX (difficulty: 152012, target: 5e6e0000)
[2026-09-07T01:00:47Z INFO  minertim] H/s 1m:2329.9 5m:2304.3 10m:2250.4 | Shares: 268/1 (found:269) | Diff: 152012 | 1m55s elapsed (since last share, avg 1m5s) | best=136 target=28254 (999%)
[2026-09-07T01:00:57Z INFO  minertim] H/s 1m:2348.4 5m:2308.5 10m:2250.3 | Shares: 268/1 (found:269) | Diff: 152012 | 2m5s elapsed (since last share, avg 1m4s) | best=136 target=28254 (999%)
[2026-09-07T01:01:00Z INFO  minertim::pool_connection] New job: b6G0OfFgu6qPghvh (difficulty: 152012, target: 5e6e0000)
[2026-09-07T01:01:07Z INFO  minertim] H/s 1m:2354.3 5m:2308.0 10m:2250.2 | Shares: 268/1 (found:269) | Diff: 152012 | 2m15s elapsed (since last share, avg 1m4s) | best=136 target=28254 (999%)
[2026-09-07T01:01:11Z INFO  minertim::pool_connection] New job: 4ogWLWSuLXQc16tl (difficulty: 114009, target: 28930000)
[2026-09-07T01:01:12Z INFO  minertim::miner] Worker 0 SHARE FOUND! job_id=4ogWLWSuLXQc16tl, nonce=a0b0c701, hash_val=36828, difficulty=114009, hash=fe270e6f95c71d9def8100d9b8af0e72e3c2c3d0dea2ad4829fab7a4dc8f0000
[2026-09-07T01:01:17Z INFO  minertim] H/s 1m:2298.6 5m:2298.0 10m:2245.3 | Shares: 268/1 (found:270) | Diff: 114009 | 4s elapsed (since last share, avg 49s) | best=136 target=37672 (999%)
[2026-09-07T01:01:20Z INFO  minertim::pool_connection] New job: 4wx7eaea00VxDqAn (difficulty: 114009, target: 28930000)
[2026-09-07T01:01:20Z INFO  minertim::pool_connection] Share accepted by pool
[2026-09-07T01:01:27Z INFO  minertim] H/s 1m:2267.9 5m:2292.0 10m:2242.4 | Shares: 269/1 (found:270) | Diff: 114009 | 14s elapsed (since last share, avg 50s) | best=136 target=37672 (999%)
[2026-09-07T01:01:37Z INFO  minertim] H/s 1m:2248.4 5m:2288.8 10m:2240.8 | Shares: 269/1 (found:270) | Diff: 114009 | 24s elapsed (since last share, avg 50s) | best=136 target=37672 (999%)
[2026-09-07T01:01:40Z INFO  minertim::pool_connection] New job: RSYcGBuYrcOLaWF0 (difficulty: 114009, target: 28930000)
[2026-09-07T01:01:41Z INFO  minertim::pool_connection] New job: iUXt70nNydQReXtm (difficulty: 171018, target: 1a620000)
[2026-09-07T01:01:47Z INFO  minertim] H/s 1m:2226.4 5m:2284.5 10m:2238.7 | Shares: 269/1 (found:270) | Diff: 171018 | 34s elapsed (since last share, avg 1m16s) | best=136 target=25114 (999%)
[2026-09-07T01:01:53Z INFO  minertim::miner] Worker 3 SHARE FOUND! job_id=iUXt70nNydQReXtm, nonce=a7a5cf01, hash_val=14159, difficulty=171018, hash=56196c10b18842d43a32b110c569e3546c5e392130d7d0e16c4bee6c4f370000
[2026-09-07T01:01:57Z INFO  minertim] H/s 1m:2148.9 5m:2270.7 10m:2239.6 | Shares: 269/1 (found:271) | Diff: 171018 | 3s elapsed (since last share, avg 1m19s) | best=136 target=25114 (999%)
[2026-09-07T01:02:00Z INFO  minertim::pool_connection] New job: 6oxyNWm7L8Sjl0Ph (difficulty: 171018, target: 1a620000)
[2026-09-07T01:02:00Z INFO  minertim::pool_connection] Share accepted by pool
[2026-09-07T01:02:07Z INFO  minertim] H/s 1m:2156.1 5m:2271.9 10m:2235.4 | Shares: 270/1 (found:271) | Diff: 171018 | 13s elapsed (since last share, avg 1m19s) | best=136 target=25114 (999%)
[2026-09-07T01:02:17Z INFO  minertim] H/s 1m:2165.0 5m:2281.7 10m:2233.3 | Shares: 270/1 (found:271) | Diff: 171018 | 23s elapsed (since last share, avg 1m18s) | best=136 target=25114 (999%)
[2026-09-07T01:02:20Z INFO  minertim::pool_connection] New job: Da8HbmQ893GisHrC (difficulty: 171018, target: 1a620000)
[2026-09-07T01:02:27Z INFO  minertim] H/s 1m:2161.8 5m:2277.9 10m:2231.3 | Shares: 270/1 (found:271) | Diff: 171018 | 33s elapsed (since last share, avg 1m19s) | best=136 target=25114 (999%)
[2026-09-07T01:02:37Z INFO  minertim] H/s 1m:2160.7 5m:2273.6 10m:2229.2 | Shares: 270/1 (found:271) | Diff: 171018 | 43s elapsed (since last share, avg 1m19s) | best=136 target=25114 (999%)
[2026-09-07T01:02:40Z INFO  minertim::pool_connection] New job: uRqgMkR98ZF2oyCO (difficulty: 171018, target: 1a620000)
[2026-09-07T01:02:42Z INFO  minertim::miner] Worker 2 SHARE FOUND! job_id=uRqgMkR98ZF2oyCO, nonce=6e3ecf01, hash_val=101, difficulty=171018, hash=c111608732e0eecc62d28e36c6b573ef1e4676d7e450c871b925ee8065000000
[2026-09-07T01:02:47Z INFO  minertim] H/s 1m:2159.1 5m:2259.6 10m:2232.1 | Shares: 270/1 (found:272) | Diff: 171018 | 4s elapsed (since last share, avg 1m19s) | best=101 target=25114 (999%)
[2026-09-07T01:02:56Z INFO  minertim::miner] Worker 1 SHARE FOUND! job_id=uRqgMkR98ZF2oyCO, nonce=6d0fd301, hash_val=18384, difficulty=171018, hash=069463fd18afde38bf383c166ca4b2087ec62df8f6e5f511748f5578d0470000
[2026-09-07T01:02:57Z INFO  minertim] H/s 1m:2080.6 5m:2237.2 10m:2222.1 | Shares: 270/1 (found:273) | Diff: 171018 | 0s elapsed (since last share, avg 1m22s) | best=101 target=25114 (999%)
[2026-09-07T01:02:58Z INFO  minertim::pool_connection] New job: 1bdUJSmij9KeFdDE (difficulty: 171018, target: 1a620000)
[2026-09-07T01:02:59Z INFO  minertim::pool_connection] Share accepted by pool
[2026-09-07T01:02:59Z INFO  minertim::pool_connection] Share accepted by pool
[2026-09-07T01:03:07Z INFO  minertim] H/s 1m:2041.1 5m:2226.1 10m:2216.7 | Shares: 272/1 (found:273) | Diff: 171018 | 10s elapsed (since last share, avg 1m23s) | best=101 target=25114 (999%)
[2026-09-07T01:03:17Z INFO  minertim] H/s 1m:2039.1 5m:2221.7 10m:2215.8 | Shares: 272/1 (found:273) | Diff: 171018 | 20s elapsed (since last share, avg 1m23s) | best=101 target=25114 (999%)
[2026-09-07T01:03:18Z INFO  minertim::pool_connection] New job: WtuDpWDxBXOx3LNR (difficulty: 171018, target: 1a620000)
[2026-09-07T01:03:27Z INFO  minertim] H/s 1m:2040.5 5m:2217.7 10m:2223.6 | Shares: 272/1 (found:273) | Diff: 171018 | 30s elapsed (since last share, avg 1m23s) | best=101 target=25114 (999%)
[2026-09-07T01:03:37Z INFO  minertim] H/s 1m:2096.7 5m:2213.4 10m:2223.1 | Shares: 272/1 (found:273) | Diff: 171018 | 40s elapsed (since last share, avg 1m21s) | best=101 target=25114 (999%)
[2026-09-07T01:03:38Z INFO  minertim::pool_connection] New job: sgCrb0l0TP6WsoSk (difficulty: 171018, target: 1a620000)
[2026-09-07T01:03:41Z INFO  minertim::miner] Worker 0 SHARE FOUND! job_id=sgCrb0l0TP6WsoSk, nonce=688ecc01, hash_val=11930, difficulty=171018, hash=52101fa63b6a8e627b7c589f3c8ed3199f9762ec6ccba549f95d45bc9a2e0000
[2026-09-07T01:03:47Z INFO  minertim] H/s 1m:2146.4 5m:2209.7 10m:2216.3 | Shares: 272/1 (found:274) | Diff: 171018 | 5s elapsed (since last share, avg 1m19s) | best=101 target=25114 (999%)
[2026-09-07T01:03:57Z INFO  minertim] H/s 1m:2079.9 5m:2192.1 10m:2205.2 | Shares: 272/1 (found:274) | Diff: 171018 | 15s elapsed (since last share, avg 1m22s) | best=101 target=25114 (999%)
[2026-09-07T01:03:58Z INFO  minertim::pool_connection] New job: ckqQDRq9VxNU2AC0 (difficulty: 171018, target: 1a620000)
[2026-09-07T01:03:58Z INFO  minertim::pool_connection] Share accepted by pool
[2026-09-07T01:04:01Z INFO  minertim::pool_connection] New job: Wx3X5918ksq47TRz (difficulty: 171018, target: 1a620000)
[2026-09-07T01:04:07Z INFO  minertim] H/s 1m:2041.7 5m:2182.4 10m:2199.9 | Shares: 273/1 (found:274) | Diff: 171018 | 25s elapsed (since last share, avg 1m23s) | best=101 target=25114 (999%)
[2026-09-07T01:04:09Z INFO  minertim::miner] Worker 2 SHARE FOUND! job_id=Wx3X5918ksq47TRz, nonce=32a9d101, hash_val=18803, difficulty=171018, hash=cd1e0886651b256be789b923a0cefa0e73bb7d72cd542086a1014ed773490000
[2026-09-07T01:04:17Z INFO  minertim] H/s 1m:1988.3 5m:2171.2 10m:2193.3 | Shares: 273/1 (found:275) | Diff: 171018 | 7s elapsed (since last share, avg 1m26s) | best=101 target=25114 (999%)
[2026-09-07T01:04:21Z INFO  minertim::pool_connection] New job: kayxU0dptabulLsc (difficulty: 171018, target: 1a620000)
[2026-09-07T01:04:21Z INFO  minertim::pool_connection] Share accepted by pool
[2026-09-07T01:04:27Z INFO  minertim] H/s 1m:1940.1 5m:2161.8 10m:2187.2 | Shares: 274/1 (found:275) | Diff: 171018 | 18s elapsed (since last share, avg 1m28s) | best=101 target=25114 (999%)
[2026-09-07T01:04:28Z INFO  minertim::pool_connection] New job: yUwB7lLKgTt0DZCo (difficulty: 171018, target: 1a620000)
[2026-09-07T01:04:37Z INFO  minertim] H/s 1m:1995.2 5m:2160.4 10m:2186.3 | Shares: 274/1 (found:275) | Diff: 171018 | 28s elapsed (since last share, avg 1m25s) | best=101 target=25114 (999%)
[2026-09-07T01:04:47Z INFO  minertim] H/s 1m:2101.3 5m:2157.4 10m:2203.9 | Shares: 274/1 (found:275) | Diff: 171018 | 38s elapsed (since last share, avg 1m21s) | best=101 target=25114 (999%)
[2026-09-07T01:04:48Z INFO  minertim::pool_connection] New job: 9SVjGGPkE42CuKv3 (difficulty: 171018, target: 1a620000)
[2026-09-07T01:04:57Z INFO  minertim] H/s 1m:2140.4 5m:2156.8 10m:2217.8 | Shares: 274/1 (found:275) | Diff: 171018 | 48s elapsed (since last share, avg 1m19s) | best=101 target=25114 (999%)
[2026-09-07T01:04:58Z INFO  minertim::miner] Worker 0 SHARE FOUND! job_id=9SVjGGPkE42CuKv3, nonce=b49cce01, hash_val=4155, difficulty=171018, hash=67525ba73f20b4dd8b713dd827456396d1248508ca40c17fddd81ff73b100000
[2026-09-07T01:05:01Z INFO  minertim::pool_connection] Share accepted by pool
[2026-09-07T01:05:07Z INFO  minertim] H/s 1m:2192.6 5m:2153.7 10m:2215.7 | Shares: 275/1 (found:276) | Diff: 171018 | 8s elapsed (since last share, avg 1m17s) | best=101 target=25114 (999%)
[2026-09-07T01:05:08Z INFO  minertim::pool_connection] New job: gRZckhlNhKNskdMt (difficulty: 171018, target: 1a620000)
[2026-09-07T01:05:17Z INFO  minertim] H/s 1m:2240.7 5m:2149.9 10m:2213.7 | Shares: 275/1 (found:276) | Diff: 171018 | 18s elapsed (since last share, avg 1m16s) | best=101 target=25114 (999%)
[2026-09-07T01:05:27Z INFO  minertim] H/s 1m:2240.1 5m:2146.1 10m:2221.5 | Shares: 275/1 (found:276) | Diff: 171018 | 28s elapsed (since last share, avg 1m16s) | best=101 target=25114 (999%)
[2026-09-07T01:05:28Z INFO  minertim::pool_connection] New job: n54nZJL0acGPFsg0 (difficulty: 171018, target: 1a620000)
[2026-09-07T01:05:37Z INFO  minertim] H/s 1m:2240.6 5m:2142.0 10m:2225.5 | Shares: 275/1 (found:276) | Diff: 171018 | 38s elapsed (since last share, avg 1m16s) | best=101 target=25114 (999%)
[2026-09-07T01:05:47Z INFO  minertim] H/s 1m:2239.2 5m:2137.9 10m:2223.4 | Shares: 275/1 (found:276) | Diff: 171018 | 48s elapsed (since last share, avg 1m16s) | best=101 target=25114 (999%)
[2026-09-07T01:05:47Z INFO  minertim::miner] Worker 0 SHARE FOUND! job_id=n54nZJL0acGPFsg0, nonce=6c38d001, hash_val=15790, difficulty=171018, hash=f3e92988cc2d9097aece39cf01d35c0a573b5236cf4fd8520b156066ae3d0000
[2026-09-07T01:05:47Z INFO  minertim::pool_connection] New job: t4dtmcP48VqG5Zbm (difficulty: 171018, target: 1a620000)
[2026-09-07T01:05:48Z INFO  minertim::pool_connection] Share accepted by pool
[2026-09-07T01:05:57Z INFO  minertim] H/s 1m:2239.6 5m:2133.9 10m:2223.5 | Shares: 276/1 (found:277) | Diff: 171018 | 9s elapsed (since last share, avg 1m16s) | best=101 target=25114 (999%)
[2026-09-07T01:06:07Z INFO  minertim] H/s 1m:2239.9 5m:2139.7 10m:2221.3 | Shares: 276/1 (found:277) | Diff: 171018 | 19s elapsed (since last share, avg 1m16s) | best=101 target=25114 (999%)
[2026-09-07T01:06:07Z INFO  minertim::pool_connection] New job: SaWtP3XGatBIRWLm (difficulty: 171018, target: 1a620000)
[2026-09-07T01:06:17Z INFO  minertim] H/s 1m:2240.4 5m:2141.4 10m:2219.3 | Shares: 276/1 (found:277) | Diff: 171018 | 29s elapsed (since last share, avg 1m16s) | best=101 target=25114 (999%)
[2026-09-07T01:06:27Z INFO  minertim] H/s 1m:2239.8 5m:2140.5 10m:2217.1 | Shares: 276/1 (found:277) | Diff: 171018 | 39s elapsed (since last share, avg 1m16s) | best=101 target=25114 (999%)
[2026-09-07T01:06:27Z INFO  minertim::pool_connection] New job: OtDeQqlfLnCbrQgW (difficulty: 171018, target: 1a620000)
[2026-09-07T01:06:37Z INFO  minertim::miner] Worker 3 SHARE FOUND! job_id=OtDeQqlfLnCbrQgW, nonce=cb24d901, hash_val=22713, difficulty=171018, hash=fb7069a982a1ea7caf01c21057181369b3bc9fde795d6260ef914d44b9580000
[2026-09-07T01:06:37Z INFO  minertim] H/s 1m:2239.8 5m:2140.3 10m:2215.0 | Shares: 276/1 (found:278) | Diff: 171018 | 0s elapsed (since last share, avg 1m16s) | best=101 target=25114 (999%)
[2026-09-07T01:06:47Z INFO  minertim] H/s 1m:2132.8 5m:2131.2 10m:2203.8 | Shares: 276/1 (found:278) | Diff: 171018 | 10s elapsed (since last share, avg 1m20s) | best=101 target=25114 (999%)
[2026-09-07T01:06:47Z INFO  minertim::pool_connection] New job: FcYemYnvoMxj3IC6 (difficulty: 171018, target: 1a620000)
[2026-09-07T01:06:48Z INFO  minertim::pool_connection] Share accepted by pool
[2026-09-07T01:06:50Z INFO  minertim::miner] Worker 3 SHARE FOUND! job_id=FcYemYnvoMxj3IC6, nonce=c73fd901, hash_val=22796, difficulty=171018, hash=5c9daf79456dcc1d526a5373400efd3dc4a1e9cd602f77270933ea840c590000
[2026-09-07T01:06:57Z INFO  minertim] H/s 1m:2042.8 5m:2120.2 10m:2194.0 | Shares: 277/1 (found:279) | Diff: 171018 | 6s elapsed (since last share, avg 1m23s) | best=101 target=25114 (999%)
[2026-09-07T01:07:07Z INFO  minertim] H/s 1m:1936.7 5m:2102.0 10m:2187.8 | Shares: 277/1 (found:279) | Diff: 171018 | 16s elapsed (since last share, avg 1m28s) | best=101 target=25114 (999%)
[2026-09-07T01:07:07Z INFO  minertim::pool_connection] New job: oGXV4nyMM5ilkv4q (difficulty: 171018, target: 1a620000)
[2026-09-07T01:07:07Z INFO  minertim::pool_connection] Share accepted by pool
[2026-09-07T01:07:17Z INFO  minertim] H/s 1m:1916.9 5m:2098.3 10m:2191.0 | Shares: 278/1 (found:279) | Diff: 171018 | 26s elapsed (since last share, avg 1m29s) | best=101 target=25114 (999%)
[2026-09-07T01:07:27Z INFO  minertim] H/s 1m:1918.7 5m:2098.5 10m:2189.1 | Shares: 278/1 (found:279) | Diff: 171018 | 36s elapsed (since last share, avg 1m29s) | best=101 target=25114 (999%)
[2026-09-07T01:07:27Z INFO  minertim::pool_connection] New job: ujQr90zEIc0GV0bQ (difficulty: 171018, target: 1a620000)
[2026-09-07T01:07:37Z INFO  minertim] H/s 1m:2027.1 5m:2108.4 10m:2187.1 | Shares: 278/1 (found:279) | Diff: 171018 | 46s elapsed (since last share, avg 1m24s) | best=101 target=25114 (999%)
[2026-09-07T01:07:47Z INFO  minertim::pool_connection] New job: YQwBGwF0buTgc3NV (difficulty: 171018, target: 1a620000)
[2026-09-07T01:07:47Z INFO  minertim] H/s 1m:2116.7 5m:2126.4 10m:2185.0 | Shares: 278/1 (found:279) | Diff: 171018 | 56s elapsed (since last share, avg 1m20s) | best=101 target=25114 (999%)
[2026-09-07T01:07:57Z INFO  minertim] H/s 1m:2223.2 5m:2133.4 10m:2182.9 | Shares: 278/1 (found:279) | Diff: 171018 | 1m6s elapsed (since last share, avg 1m16s) | best=101 target=25114 (999%)
[2026-09-07T01:08:07Z INFO  minertim::pool_connection] New job: 5YRcMRAWUUB3Sxh0 (difficulty: 171018, target: 1a620000)
[2026-09-07T01:08:07Z INFO  minertim] H/s 1m:2243.3 5m:2133.5 10m:2180.8 | Shares: 278/1 (found:279) | Diff: 171018 | 1m16s elapsed (since last share, avg 1m16s) | best=101 target=25114 (999%)
[2026-09-07T01:08:17Z INFO  minertim] H/s 1m:2242.4 5m:2133.3 10m:2178.7 | Shares: 278/1 (found:279) | Diff: 171018 | 1m26s elapsed (since last share, avg 1m16s) | best=101 target=25114 (999%)
[2026-09-07T01:08:27Z INFO  minertim::pool_connection] New job: u1k0o0KxtagpO6hV (difficulty: 171018, target: 1a620000)
[2026-09-07T01:08:27Z INFO  minertim] H/s 1m:2240.2 5m:2133.1 10m:2176.5 | Shares: 278/1 (found:279) | Diff: 171018 | 1m36s elapsed (since last share, avg 1m16s) | best=101 target=25114 (999%)
[2026-09-07T01:08:37Z INFO  minertim] H/s 1m:2240.5 5m:2142.7 10m:2174.4 | Shares: 278/1 (found:279) | Diff: 171018 | 1m46s elapsed (since last share, avg 1m16s) | best=101 target=25114 (999%)
[2026-09-07T01:08:47Z INFO  minertim::pool_connection] New job: hsYd0bVRCApYtQd1 (difficulty: 171018, target: 1a620000)
[2026-09-07T01:08:47Z INFO  minertim] H/s 1m:2240.3 5m:2161.1 10m:2177.3 | Shares: 278/1 (found:279) | Diff: 171018 | 1m56s elapsed (since last share, avg 1m16s) | best=101 target=25114 (999%)
[2026-09-07T01:08:57Z INFO  minertim] H/s 1m:2240.3 5m:2167.8 10m:2177.6 | Shares: 278/1 (found:279) | Diff: 171018 | 2m6s elapsed (since last share, avg 1m16s) | best=101 target=25114 (999%)
[2026-09-07T01:09:06Z INFO  minertim::pool_connection] New job: VjLnpFv4gv2Vd8iH (difficulty: 171018, target: 1a620000)
[2026-09-07T01:09:07Z INFO  minertim] H/s 1m:2241.9 5m:2177.0 10m:2176.3 | Shares: 278/1 (found:279) | Diff: 171018 | 2m16s elapsed (since last share, avg 1m16s) | best=101 target=25114 (999%)
[2026-09-07T01:09:17Z INFO  minertim] H/s 1m:2242.9 5m:2185.3 10m:2175.3 | Shares: 278/1 (found:279) | Diff: 171018 | 2m26s elapsed (since last share, avg 1m16s) | best=101 target=25114 (999%)
[2026-09-07T01:09:26Z INFO  minertim::pool_connection] New job: hMdal0PhmMC55B14 (difficulty: 171018, target: 1a620000)
[2026-09-07T01:09:27Z INFO  minertim] H/s 1m:2242.6 5m:2185.3 10m:2174.7 | Shares: 278/1 (found:279) | Diff: 171018 | 2m36s elapsed (since last share, avg 1m16s) | best=101 target=25114 (999%)
[2026-09-07T01:09:37Z INFO  minertim] H/s 1m:2241.6 5m:2185.2 10m:2173.9 | Shares: 278/1 (found:279) | Diff: 171018 | 2m46s elapsed (since last share, avg 1m16s) | best=101 target=25114 (999%)
[2026-09-07T01:09:46Z INFO  minertim::pool_connection] New job: J1NrpTlS2PI8h780 (difficulty: 171018, target: 1a620000)
[2026-09-07T01:09:47Z INFO  minertim] H/s 1m:2241.3 5m:2185.2 10m:2172.5 | Shares: 278/1 (found:279) | Diff: 171018 | 2m56s elapsed (since last share, avg 1m16s) | best=101 target=25114 (999%)
[2026-09-07T01:09:57Z INFO  minertim] H/s 1m:2240.3 5m:2185.3 10m:2172.2 | Shares: 278/1 (found:279) | Diff: 171018 | 3m6s elapsed (since last share, avg 1m16s) | best=101 target=25114 (999%)
[2026-09-07T01:10:06Z INFO  minertim::pool_connection] New job: J3bXyQPJstQHWlxP (difficulty: 171018, target: 1a620000)
[2026-09-07T01:10:07Z INFO  minertim] H/s 1m:2240.6 5m:2185.3 10m:2170.7 | Shares: 278/1 (found:279) | Diff: 171018 | 3m16s elapsed (since last share, avg 1m16s) | best=101 target=25114 (999%)
[2026-09-07T01:10:11Z INFO  minertim::pool_connection] New job: oPpLn4Mu0SldX9Jy (difficulty: 171018, target: 1a620000)
[2026-09-07T01:10:17Z INFO  minertim] H/s 1m:2240.6 5m:2185.4 10m:2168.8 | Shares: 278/1 (found:279) | Diff: 171018 | 3m26s elapsed (since last share, avg 1m16s) | best=101 target=25114 (999%)
[2026-09-07T01:10:27Z INFO  minertim] H/s 1m:2241.5 5m:2185.4 10m:2167.1 | Shares: 278/1 (found:279) | Diff: 171018 | 3m36s elapsed (since last share, avg 1m16s) | best=101 target=25114 (999%)
[2026-09-07T01:10:31Z INFO  minertim::pool_connection] New job: G5UPHKScgKEWyHno (difficulty: 171018, target: 1a620000)
[2026-09-07T01:10:37Z INFO  minertim] H/s 1m:2241.9 5m:2185.6 10m:2165.0 | Shares: 278/1 (found:279) | Diff: 171018 | 3m46s elapsed (since last share, avg 1m16s) | best=101 target=25114 (999%)
[2026-09-07T01:10:47Z INFO  minertim] H/s 1m:2241.3 5m:2185.6 10m:2163.1 | Shares: 278/1 (found:279) | Diff: 171018 | 3m56s elapsed (since last share, avg 1m16s) | best=101 target=25114 (999%)
[2026-09-07T01:10:51Z INFO  minertim::pool_connection] New job: Qt0pHlTshMLz3G9N (difficulty: 171018, target: 1a620000)
[2026-09-07T01:10:57Z INFO  minertim] H/s 1m:2240.5 5m:2185.4 10m:2161.1 | Shares: 278/1 (found:279) | Diff: 171018 | 4m6s elapsed (since last share, avg 1m16s) | best=101 target=25114 (999%)
[2026-09-07T01:11:03Z INFO  minertim::miner] Worker 1 SHARE FOUND! job_id=Qt0pHlTshMLz3G9N, nonce=e9aee301, hash_val=7616, difficulty=171018, hash=694028940fed43cdf37e2380756c5862d84478fbaae35a069d695654c01d0000
[2026-09-07T01:11:07Z INFO  minertim] H/s 1m:2184.6 5m:2175.8 10m:2159.2 | Shares: 278/1 (found:280) | Diff: 171018 | 3s elapsed (since last share, avg 1m18s) | best=101 target=25114 (999%)
[2026-09-07T01:11:07Z INFO  minertim::pool_connection] New job: OPQuKEwFkvXdYbWE (difficulty: 171018, target: 1a620000)
[2026-09-07T01:11:08Z INFO  minertim::pool_connection] Share accepted by pool
[2026-09-07T01:11:11Z INFO  minertim::pool_connection] New job: LsU5SCOm3IoM6049 (difficulty: 130880, target: 30800000)
[2026-09-07T01:11:17Z INFO  minertim] H/s 1m:2179.0 5m:2174.9 10m:2159.5 | Shares: 279/1 (found:280) | Diff: 130880 | 13s elapsed (since last share, avg 1m0s) | best=101 target=32816 (999%)
[2026-09-07T01:11:27Z INFO  minertim] H/s 1m:2179.9 5m:2175.3 10m:2159.2 | Shares: 279/1 (found:280) | Diff: 130880 | 23s elapsed (since last share, avg 1m0s) | best=101 target=32816 (999%)
[2026-09-07T01:11:27Z INFO  minertim::pool_connection] New job: HZdmxih8rW4w1qbH (difficulty: 130880, target: 30800000)
[2026-09-07T01:11:37Z INFO  minertim] H/s 1m:2199.3 5m:2197.0 10m:2160.8 | Shares: 279/1 (found:280) | Diff: 130880 | 33s elapsed (since last share, avg 59s) | best=101 target=32816 (999%)
[2026-09-07T01:11:47Z INFO  minertim] H/s 1m:2224.8 5m:2216.8 10m:2167.5 | Shares: 279/1 (found:280) | Diff: 130880 | 43s elapsed (since last share, avg 58s) | best=101 target=32816 (999%)
[2026-09-07T01:11:47Z INFO  minertim::pool_connection] New job: 3QgGwFbqdY3K1uiX (difficulty: 130880, target: 30800000)
[2026-09-07T01:11:57Z INFO  minertim] H/s 1m:2306.0 5m:2239.4 10m:2171.9 | Shares: 279/1 (found:280) | Diff: 130880 | 53s elapsed (since last share, avg 56s) | best=101 target=32816 (999%)
[2026-09-07T01:12:07Z INFO  minertim::pool_connection] New job: x0i1TvbZB0MbmNGm (difficulty: 130880, target: 30800000)
[2026-09-07T01:12:07Z INFO  minertim] H/s 1m:2334.8 5m:2247.0 10m:2173.9 | Shares: 279/1 (found:280) | Diff: 130880 | 1m3s elapsed (since last share, avg 56s) | best=101 target=32816 (999%)
[2026-09-07T01:12:11Z INFO  minertim::pool_connection] New job: 8PQyNVDEQbkJ9R0U (difficulty: 93484, target: 77b30000)
[2026-09-07T01:12:17Z INFO  minertim] H/s 1m:2357.9 5m:2251.0 10m:2175.8 | Shares: 279/1 (found:280) | Diff: 93484 | 1m13s elapsed (since last share, avg 39s) | best=101 target=45943 (999%)
[2026-09-07T01:12:22Z INFO  minertim::pool_connection] New job: r3wIRVo0PP0kzzkj (difficulty: 93484, target: 77b30000)
[2026-09-07T01:12:27Z INFO  minertim] H/s 1m:2363.0 5m:2255.0 10m:2177.9 | Shares: 279/1 (found:280) | Diff: 93484 | 1m23s elapsed (since last share, avg 39s) | best=101 target=45943 (999%)
[2026-09-07T01:12:34Z INFO  minertim::miner] Worker 0 SHARE FOUND! job_id=r3wIRVo0PP0kzzkj, nonce=e843de01, hash_val=3241, difficulty=93484, hash=1f207badd30ee364211afb089b09821dccba3df057de778d6c2babbca90c0000
[2026-09-07T01:12:37Z INFO  minertim] H/s 1m:2304.1 5m:2249.1 10m:2179.8 | Shares: 279/1 (found:281) | Diff: 93484 | 3s elapsed (since last share, avg 40s) | best=101 target=45943 (999%)
[2026-09-07T01:12:42Z INFO  minertim::pool_connection] New job: Y0ReGziHxyI2kXt7 (difficulty: 93484, target: 77b30000)
[2026-09-07T01:12:42Z INFO  minertim::pool_connection] Share accepted by pool
[2026-09-07T01:12:47Z INFO  minertim] H/s 1m:2285.4 5m:2250.2 10m:2189.2 | Shares: 280/1 (found:281) | Diff: 93484 | 13s elapsed (since last share, avg 40s) | best=101 target=45943 (999%)
[2026-09-07T01:12:57Z INFO  minertim] H/s 1m:2287.3 5m:2254.5 10m:2194.8 | Shares: 280/1 (found:281) | Diff: 93484 | 23s elapsed (since last share, avg 40s) | best=101 target=45943 (999%)
[2026-09-07T01:13:02Z INFO  minertim::pool_connection] New job: 09pEgGcED1gWO7xq (difficulty: 93484, target: 77b30000)
[2026-09-07T01:13:07Z INFO  minertim] H/s 1m:2287.5 5m:2258.8 10m:2196.9 | Shares: 280/1 (found:281) | Diff: 93484 | 33s elapsed (since last share, avg 40s) | best=101 target=45943 (999%)
[2026-09-07T01:13:11Z INFO  minertim::pool_connection] New job: 8xWIBMGPEIeQRrt5 (difficulty: 135706, target: a17b0000)
[2026-09-07T01:13:17Z INFO  minertim] H/s 1m:2288.4 5m:2263.3 10m:2198.9 | Shares: 280/1 (found:281) | Diff: 135706 | 43s elapsed (since last share, avg 59s) | best=101 target=31649 (999%)
[2026-09-07T01:13:22Z INFO  minertim::pool_connection] New job: 0nNzdY3wJ2tJFaiT (difficulty: 135706, target: a17b0000)
[2026-09-07T01:13:27Z INFO  minertim] H/s 1m:2347.8 5m:2267.6 10m:2201.1 | Shares: 280/1 (found:281) | Diff: 135706 | 53s elapsed (since last share, avg 57s) | best=101 target=31649 (999%)
[2026-09-07T01:13:33Z INFO  minertim::miner] Worker 0 SHARE FOUND! job_id=0nNzdY3wJ2tJFaiT, nonce=801fe001, hash_val=14557, difficulty=135706, hash=2337e945c6132ef51b00757177f2b0462ed6e15ddd1a0cb45bf33dafdd380000
[2026-09-07T01:13:37Z INFO  minertim] H/s 1m:2307.0 5m:2261.6 10m:2202.8 | Shares: 280/1 (found:282) | Diff: 135706 | 3s elapsed (since last share, avg 58s) | best=101 target=31649 (999%)
[2026-09-07T01:13:41Z INFO  minertim::pool_connection] New job: naMSAOw52HZM69JM (difficulty: 103503, target: 18a20000)
[2026-09-07T01:13:42Z INFO  minertim::pool_connection] New job: wV87VnDEdHFlPrvh (difficulty: 103503, target: 18a20000)
[2026-09-07T01:13:42Z INFO  minertim::pool_connection] Share accepted by pool
[2026-09-07T01:13:47Z INFO  minertim::pool_connection] New job: Pss8yj728OpoiOMy (difficulty: 103503, target: 18a20000)
[2026-09-07T01:13:47Z INFO  minertim] H/s 1m:2326.9 5m:2269.5 10m:2215.7 | Shares: 281/1 (found:282) | Diff: 103503 | 13s elapsed (since last share, avg 44s) | best=101 target=41496 (999%)
[2026-09-07T01:13:57Z INFO  minertim] H/s 1m:2328.5 5m:2273.7 10m:2221.2 | Shares: 281/1 (found:282) | Diff: 103503 | 24s elapsed (since last share, avg 44s) | best=101 target=41496 (999%)
[2026-09-07T01:14:07Z INFO  minertim::pool_connection] New job: FgvfabihJz0jCjUy (difficulty: 103503, target: 18a20000)
[2026-09-07T01:14:07Z INFO  minertim] H/s 1m:2328.2 5m:2278.0 10m:2227.8 | Shares: 281/1 (found:282) | Diff: 103503 | 34s elapsed (since last share, avg 44s) | best=101 target=41496 (999%)
[2026-09-07T01:14:11Z INFO  minertim::pool_connection] New job: R7mM8MVaRTZnIty0 (difficulty: 155254, target: 106c0000)
[2026-09-07T01:14:17Z INFO  minertim] H/s 1m:2327.7 5m:2282.3 10m:2233.9 | Shares: 281/1 (found:282) | Diff: 155254 | 44s elapsed (since last share, avg 1m6s) | best=101 target=27664 (999%)
[2026-09-07T01:14:26Z INFO  minertim::pool_connection] New job: efKylGP6BKYSTupQ (difficulty: 155254, target: 106c0000)
[2026-09-07T01:14:27Z INFO  minertim] H/s 1m:2386.5 5m:2286.6 10m:2236.0 | Shares: 281/1 (found:282) | Diff: 155254 | 54s elapsed (since last share, avg 1m5s) | best=101 target=27664 (999%)
[2026-09-07T01:14:37Z INFO  minertim] H/s 1m:2364.7 5m:2290.7 10m:2238.0 | Shares: 281/1 (found:282) | Diff: 155254 | 1m4s elapsed (since last share, avg 1m5s) | best=101 target=27664 (999%)
[2026-09-07T01:14:41Z INFO  minertim::pool_connection] New job: ZynPZdi5Tu7QJVHr (difficulty: 116442, target: 15900000)
[2026-09-07T01:14:46Z INFO  minertim::pool_connection] New job: i3nh7uyGCEbCk1Rj (difficulty: 116442, target: 15900000)
[2026-09-07T01:14:47Z INFO  minertim] H/s 1m:2362.1 5m:2294.7 10m:2240.0 | Shares: 281/1 (found:282) | Diff: 116442 | 1m14s elapsed (since last share, avg 49s) | best=101 target=36885 (999%)
[2026-09-07T01:14:57Z INFO  minertim] H/s 1m:2362.6 5m:2299.0 10m:2242.2 | Shares: 281/1 (found:282) | Diff: 116442 | 1m24s elapsed (since last share, avg 49s) | best=101 target=36885 (999%)
[2026-09-07T01:15:06Z INFO  minertim::pool_connection] New job: g7B1J0JVlzUn5j8k (difficulty: 116442, target: 15900000)
[2026-09-07T01:15:07Z INFO  minertim] H/s 1m:2362.0 5m:2303.2 10m:2244.2 | Shares: 281/1 (found:282) | Diff: 116442 | 1m34s elapsed (since last share, avg 49s) | best=101 target=36885 (999%)
[2026-09-07T01:15:17Z INFO  minertim] H/s 1m:2361.7 5m:2307.3 10m:2246.3 | Shares: 281/1 (found:282) | Diff: 116442 | 1m44s elapsed (since last share, avg 49s) | best=101 target=36885 (999%)
[2026-09-07T01:15:26Z INFO  minertim::pool_connection] New job: e0P91j6zwxA2dbjC (difficulty: 116442, target: 15900000)
[2026-09-07T01:15:27Z INFO  minertim] H/s 1m:2362.7 5m:2311.6 10m:2248.4 | Shares: 281/1 (found:282) | Diff: 116442 | 1m54s elapsed (since last share, avg 49s) | best=101 target=36885 (999%)
[2026-09-07T01:15:37Z INFO  minertim] H/s 1m:2364.6 5m:2316.0 10m:2250.6 | Shares: 281/1 (found:282) | Diff: 116442 | 2m4s elapsed (since last share, avg 49s) | best=101 target=36885 (999%)
[2026-09-07T01:15:41Z INFO  minertim::pool_connection] New job: tup4w0Q0d9bY9hfX (difficulty: 87331, target: 1cc00000)
[2026-09-07T01:15:46Z INFO  minertim::pool_connection] New job: Y37CY5grm1ZfnoZ2 (difficulty: 87331, target: 1cc00000)
[2026-09-07T01:15:47Z INFO  minertim] H/s 1m:2364.0 5m:2320.3 10m:2252.7 | Shares: 281/1 (found:282) | Diff: 87331 | 2m14s elapsed (since last share, avg 36s) | best=101 target=49180 (999%)
[2026-09-07T01:15:57Z INFO  minertim] H/s 1m:2365.5 5m:2334.4 10m:2254.9 | Shares: 281/1 (found:282) | Diff: 87331 | 2m24s elapsed (since last share, avg 36s) | best=101 target=49180 (999%)
[2026-09-07T01:16:06Z INFO  minertim::pool_connection] New job: JRp0rNL9Zap4fGyF (difficulty: 87331, target: 1cc00000)
[2026-09-07T01:16:07Z INFO  minertim] H/s 1m:2365.4 5m:2339.5 10m:2256.9 | Shares: 281/1 (found:282) | Diff: 87331 | 2m34s elapsed (since last share, avg 36s) | best=101 target=49180 (999%)
[2026-09-07T01:16:17Z INFO  minertim] H/s 1m:2365.3 5m:2343.5 10m:2259.0 | Shares: 281/1 (found:282) | Diff: 87331 | 2m44s elapsed (since last share, avg 36s) | best=101 target=49180 (999%)
[2026-09-07T01:16:26Z INFO  minertim::pool_connection] New job: JkRBxS1LdYuuSHiH (difficulty: 87331, target: 1cc00000)
[2026-09-07T01:16:27Z INFO  minertim] H/s 1m:2364.1 5m:2344.4 10m:2261.1 | Shares: 281/1 (found:282) | Diff: 87331 | 2m54s elapsed (since last share, avg 36s) | best=101 target=49180 (999%)
[2026-09-07T01:16:37Z INFO  minertim] H/s 1m:2365.0 5m:2344.5 10m:2272.4 | Shares: 281/1 (found:282) | Diff: 87331 | 3m4s elapsed (since last share, avg 36s) | best=101 target=49180 (999%)
[2026-09-07T01:16:41Z INFO  minertim::pool_connection] New job: SwQrWXu2Zo0gTlBU (difficulty: 65498, target: 26000100)
[2026-09-07T01:16:46Z INFO  minertim::pool_connection] New job: 6GlAS42dfTyCkPM2 (difficulty: 65498, target: 26000100)
[2026-09-07T01:16:47Z INFO  minertim] H/s 1m:2363.8 5m:2344.4 10m:2282.1 | Shares: 281/1 (found:282) | Diff: 65498 | 3m14s elapsed (since last share, avg 27s) | best=101 target=65574 (999%)
[2026-09-07T01:16:57Z INFO  minertim] H/s 1m:2364.5 5m:2344.6 10m:2293.2 | Shares: 281/1 (found:282) | Diff: 65498 | 3m24s elapsed (since last share, avg 27s) | best=101 target=65574 (999%)
[2026-09-07T01:17:06Z INFO  minertim::pool_connection] New job: M07o0uAbjAk2gZhD (difficulty: 65498, target: 26000100)
[2026-09-07T01:17:07Z INFO  minertim] H/s 1m:2363.4 5m:2344.5 10m:2296.8 | Shares: 281/1 (found:282) | Diff: 65498 | 3m34s elapsed (since last share, avg 27s) | best=101 target=65574 (999%)
[2026-09-07T01:17:17Z INFO  minertim] H/s 1m:2364.3 5m:2344.6 10m:2298.9 | Shares: 281/1 (found:282) | Diff: 65498 | 3m44s elapsed (since last share, avg 27s) | best=101 target=65574 (999%)
[2026-09-07T01:17:26Z INFO  minertim::pool_connection] New job: x00uKpyuEJ171nE3 (difficulty: 65498, target: 26000100)
[2026-09-07T01:17:26Z INFO  minertim::miner] Worker 2 SHARE FOUND! job_id=x00uKpyuEJ171nE3, nonce=4642ed01, hash_val=18651, difficulty=65498, hash=b4dd6b91bddf0f3be74e0467b6c653ebbb259e7f9928580ea3ca1d55db480000
[2026-09-07T01:17:27Z INFO  minertim] H/s 1m:2363.7 5m:2354.7 10m:2300.9 | Shares: 281/1 (found:283) | Diff: 65498 | 1s elapsed (since last share, avg 27s) | best=101 target=65574 (999%)
[2026-09-07T01:17:34Z INFO  minertim::pool_connection] New job: lHTgApHEJkGiM7Jx (difficulty: 65498, target: 26000100)
[2026-09-07T01:17:35Z INFO  minertim::pool_connection] Share accepted by pool
[2026-09-07T01:17:37Z INFO  minertim] H/s 1m:2250.8 5m:2338.4 10m:2293.4 | Shares: 282/1 (found:283) | Diff: 65498 | 11s elapsed (since last share, avg 29s) | best=101 target=65574 (999%)
[2026-09-07T01:17:47Z INFO  minertim] H/s 1m:2310.8 5m:2348.6 10m:2300.6 | Shares: 282/1 (found:283) | Diff: 65498 | 21s elapsed (since last share, avg 28s) | best=101 target=65574 (999%)
[2026-09-07T01:17:54Z INFO  minertim::pool_connection] New job: VY49lfXD5lGY68bo (difficulty: 65498, target: 26000100)
[2026-09-07T01:17:55Z INFO  minertim::miner] Worker 0 SHARE FOUND! job_id=VY49lfXD5lGY68bo, nonce=e04ae901, hash_val=32856, difficulty=65498, hash=f71f9d05f871dfc64b474f40a7b311b31529b333683b0815acf8a26658800000
[2026-09-07T01:17:57Z INFO  minertim] H/s 1m:2252.9 5m:2338.5 10m:2297.6 | Shares: 282/1 (found:284) | Diff: 65498 | 2s elapsed (since last share, avg 29s) | best=101 target=65574 (999%)
[2026-09-07T01:17:58Z INFO  minertim::pool_connection] New job: CRV6Z7VEe7mQ743x (difficulty: 65498, target: 26000100)
[2026-09-07T01:17:58Z INFO  minertim::pool_connection] Share accepted by pool
[2026-09-07T01:18:08Z INFO  minertim] H/s 1m:2241.9 5m:2336.6 10m:2298.9 | Shares: 283/1 (found:284) | Diff: 65498 | 12s elapsed (since last share, avg 29s) | best=101 target=65574 (999%)
[2026-09-07T01:18:18Z INFO  minertim] H/s 1m:2242.4 5m:2336.6 10m:2301.1 | Shares: 283/1 (found:284) | Diff: 65498 | 22s elapsed (since last share, avg 29s) | best=101 target=65574 (999%)
[2026-09-07T01:18:18Z INFO  minertim::pool_connection] New job: KFiN4ZtxalTEC4Pk (difficulty: 65498, target: 26000100)
[2026-09-07T01:18:28Z INFO  minertim] H/s 1m:2354.2 5m:2346.6 10m:2303.1 | Shares: 283/1 (found:284) | Diff: 65498 | 32s elapsed (since last share, avg 27s) | best=101 target=65574 (999%)
[2026-09-07T01:18:38Z INFO  minertim] H/s 1m:2294.4 5m:2343.0 10m:2305.2 | Shares: 283/1 (found:284) | Diff: 65498 | 42s elapsed (since last share, avg 28s) | best=101 target=65574 (999%)
[2026-09-07T01:18:38Z INFO  minertim::pool_connection] New job: EdgAt1o050Udk6SB (difficulty: 65498, target: 26000100)
[2026-09-07T01:18:48Z INFO  minertim] H/s 1m:2353.8 5m:2342.9 10m:2307.3 | Shares: 283/1 (found:284) | Diff: 65498 | 52s elapsed (since last share, avg 27s) | best=101 target=65574 (999%)
[2026-09-07T01:18:57Z INFO  minertim::miner] Worker 1 SHARE FOUND! job_id=EdgAt1o050Udk6SB, nonce=31a5f401, hash_val=45985, difficulty=65498, hash=e8241487c8c5172ff06983e6b1ce94c4cebd79d92ecd5df0ad686d68a1b30000
[2026-09-07T01:18:58Z INFO  minertim] H/s 1m:2305.7 5m:2332.7 10m:2304.3 | Shares: 283/1 (found:285) | Diff: 65498 | 0s elapsed (since last share, avg 28s) | best=101 target=65574 (999%)
[2026-09-07T01:18:58Z INFO  minertim::pool_connection] New job: OQkOi2GE9xhI6grt (difficulty: 65498, target: 26000100)
[2026-09-07T01:18:58Z INFO  minertim::pool_connection] Share accepted by pool
[2026-09-07T01:19:08Z INFO  minertim] H/s 1m:2294.7 5m:2330.9 10m:2305.5 | Shares: 284/1 (found:285) | Diff: 65498 | 10s elapsed (since last share, avg 28s) | best=101 target=65574 (999%)
[2026-09-07T01:19:18Z INFO  minertim] H/s 1m:2294.4 5m:2330.7 10m:2307.5 | Shares: 284/1 (found:285) | Diff: 65498 | 20s elapsed (since last share, avg 28s) | best=101 target=65574 (999%)
[2026-09-07T01:19:18Z INFO  minertim::pool_connection] New job: UB60SgEQsrmJKZAC (difficulty: 65498, target: 26000100)
[2026-09-07T01:19:28Z INFO  minertim] H/s 1m:2294.3 5m:2330.9 10m:2309.6 | Shares: 284/1 (found:285) | Diff: 65498 | 30s elapsed (since last share, avg 28s) | best=101 target=65574 (999%)
[2026-09-07T01:19:30Z INFO  minertim::miner] Worker 1 SHARE FOUND! job_id=UB60SgEQsrmJKZAC, nonce=7dcef501, hash_val=54595, difficulty=65498, hash=dadde85979536a54e4fbf6068c8cda72bace73a337de9b20506288a343d50000
[2026-09-07T01:19:37Z INFO  minertim::pool_connection] New job: VFQeQo480noAVIer (difficulty: 65498, target: 26000100)
[2026-09-07T01:19:38Z INFO  minertim] H/s 1m:2262.1 5m:2325.6 10m:2309.0 | Shares: 284/1 (found:286) | Diff: 65498 | 7s elapsed (since last share, avg 28s) | best=101 target=65574 (999%)
[2026-09-07T01:19:38Z INFO  minertim::pool_connection] Share accepted by pool
[2026-09-07T01:19:48Z INFO  minertim] H/s 1m:2321.8 5m:2325.7 10m:2311.2 | Shares: 285/1 (found:286) | Diff: 65498 | 17s elapsed (since last share, avg 28s) | best=101 target=65574 (999%)
[2026-09-07T01:19:50Z INFO  minertim::miner] Worker 2 SHARE FOUND! job_id=VFQeQo480noAVIer, nonce=c62af201, hash_val=19542, difficulty=65498, hash=85f41382b2bd468016ecb15dfb7a5a60aaa1d5c8424f9289d2429826564c0000
[2026-09-07T01:19:57Z INFO  minertim::pool_connection] New job: gK06nTy6nOc0vN0N (difficulty: 65498, target: 26000100)
[2026-09-07T01:19:58Z INFO  minertim] H/s 1m:2281.5 5m:2317.0 10m:2308.9 | Shares: 285/1 (found:287) | Diff: 65498 | 7s elapsed (since last share, avg 28s) | best=101 target=65574 (999%)
[2026-09-07T01:19:58Z INFO  minertim::pool_connection] Share accepted by pool
[2026-09-07T01:20:08Z INFO  minertim] H/s 1m:2282.5 5m:2317.1 10m:2311.0 | Shares: 286/1 (found:287) | Diff: 65498 | 17s elapsed (since last share, avg 28s) | best=101 target=65574 (999%)
[2026-09-07T01:20:17Z INFO  minertim::pool_connection] New job: MLbX61tmb561r8gH (difficulty: 65498, target: 26000100)
[2026-09-07T01:20:18Z INFO  minertim] H/s 1m:2282.7 5m:2317.1 10m:2313.1 | Shares: 286/1 (found:287) | Diff: 65498 | 27s elapsed (since last share, avg 28s) | best=101 target=65574 (999%)
[2026-09-07T01:20:28Z INFO  minertim] H/s 1m:2314.7 5m:2317.0 10m:2315.2 | Shares: 286/1 (found:287) | Diff: 65498 | 37s elapsed (since last share, avg 28s) | best=101 target=65574 (999%)
[2026-09-07T01:20:28Z INFO  minertim::miner] Worker 1 SHARE FOUND! job_id=MLbX61tmb561r8gH, nonce=51a2f701, hash_val=12659, difficulty=65498, hash=88ab4dd8022d4fae5f7517e76b2e957c343e6d79cfa227f2a02bad9273310000
[2026-09-07T01:20:37Z INFO  minertim::pool_connection] New job: 1Ls8ExN59epanbS0 (difficulty: 65498, target: 26000100)
[2026-09-07T01:20:37Z INFO  minertim::pool_connection] Share accepted by pool
[2026-09-07T01:20:38Z INFO  minertim] H/s 1m:2203.2 5m:2298.0 10m:2308.0 | Shares: 287/1 (found:288) | Diff: 65498 | 9s elapsed (since last share, avg 29s) | best=101 target=65574 (999%)
[2026-09-07T01:20:39Z INFO  minertim::miner] Worker 2 SHARE FOUND! job_id=1Ls8ExN59epanbS0, nonce=6ea9f301, hash_val=43929, difficulty=65498, hash=71cf6eb537fdda666f007204fe00d51fa90bc546ce6c474f53d708af99ab0000
[2026-09-07T01:20:48Z INFO  minertim] H/s 1m:2138.9 5m:2277.9 10m:2300.3 | Shares: 287/1 (found:289) | Diff: 65498 | 8s elapsed (since last share, avg 30s) | best=101 target=65574 (999%)
[2026-09-07T01:20:57Z INFO  minertim::pool_connection] New job: 0OuYKjWni92DNlmK (difficulty: 65498, target: 26000100)
[2026-09-07T01:20:57Z INFO  minertim::pool_connection] Share accepted by pool
[2026-09-07T01:20:58Z INFO  minertim] H/s 1m:2041.0 5m:2261.1 10m:2298.9 | Shares: 288/1 (found:289) | Diff: 65498 | 18s elapsed (since last share, avg 32s) | best=101 target=65574 (999%)
[2026-09-07T01:21:08Z INFO  minertim] H/s 1m:2041.7 5m:2261.3 10m:2301.5 | Shares: 288/1 (found:289) | Diff: 65498 | 28s elapsed (since last share, avg 32s) | best=101 target=65574 (999%)
[2026-09-07T01:21:17Z INFO  minertim::pool_connection] New job: gt2h4rp3yPVDrxjU (difficulty: 65498, target: 26000100)
[2026-09-07T01:21:18Z INFO  minertim] H/s 1m:2041.7 5m:2261.4 10m:2303.5 | Shares: 288/1 (found:289) | Diff: 65498 | 38s elapsed (since last share, avg 32s) | best=101 target=65574 (999%)
[2026-09-07T01:21:22Z INFO  minertim::miner] Worker 2 SHARE FOUND! job_id=gt2h4rp3yPVDrxjU, nonce=068cf401, hash_val=27317, difficulty=65498, hash=577c398493aa0b047a7e2f8eeddeca857262ea2ce62c01f1de6fdba8b56a0000
[2026-09-07T01:21:24Z INFO  minertim::miner] Worker 3 SHARE FOUND! job_id=gt2h4rp3yPVDrxjU, nonce=03aaf701, hash_val=13858, difficulty=65498, hash=9d020fbd3b0b56ce51ce203f1041fa047db2da88adbca3c50074992022360000
[2026-09-07T01:21:28Z INFO  minertim] H/s 1m:1976.4 5m:2231.0 10m:2289.1 | Shares: 288/1 (found:291) | Diff: 65498 | 3s elapsed (since last share, avg 33s) | best=101 target=65574 (999%)
[2026-09-07T01:21:37Z INFO  minertim::pool_connection] New job: KUpoaERDNlp41Ga4 (difficulty: 65498, target: 26000100)
[2026-09-07T01:21:37Z INFO  minertim::pool_connection] Share accepted by pool
[2026-09-07T01:21:37Z INFO  minertim::pool_connection] Share accepted by pool
[2026-09-07T01:21:38Z INFO  minertim] H/s 1m:1938.3 5m:2204.6 10m:2276.0 | Shares: 290/1 (found:291) | Diff: 65498 | 13s elapsed (since last share, avg 33s) | best=101 target=65574 (999%)
[2026-09-07T01:21:48Z INFO  minertim] H/s 1m:2036.6 5m:2204.6 10m:2276.0 | Shares: 290/1 (found:291) | Diff: 65498 | 23s elapsed (since last share, avg 32s) | best=101 target=65574 (999%)
[2026-09-07T01:21:57Z INFO  minertim::pool_connection] New job: 9nqThgv6ZPF989Eg (difficulty: 65498, target: 26000100)
[2026-09-07T01:21:58Z INFO  minertim] H/s 1m:2035.8 5m:2204.9 10m:2276.1 | Shares: 290/1 (found:291) | Diff: 65498 | 33s elapsed (since last share, avg 32s) | best=101 target=65574 (999%)
[2026-09-07T01:22:08Z INFO  minertim] H/s 1m:2033.9 5m:2204.5 10m:2276.0 | Shares: 290/1 (found:291) | Diff: 65498 | 43s elapsed (since last share, avg 32s) | best=101 target=65574 (999%)
[2026-09-07T01:22:17Z INFO  minertim::pool_connection] New job: n1ydt7mSH0d8XWPC (difficulty: 65498, target: 26000100)
[2026-09-07T01:22:18Z INFO  minertim] H/s 1m:2210.5 5m:2204.6 10m:2276.1 | Shares: 290/1 (found:291) | Diff: 65498 | 53s elapsed (since last share, avg 29s) | best=101 target=65574 (999%)
[2026-09-07T01:22:28Z INFO  minertim] H/s 1m:2362.7 5m:2223.9 10m:2281.0 | Shares: 290/1 (found:291) | Diff: 65498 | 1m3s elapsed (since last share, avg 27s) | best=101 target=65574 (999%)
[2026-09-07T01:22:28Z INFO  minertim::pool_connection] New job: 31fIhzzUcJdQgQyi (difficulty: 65498, target: 26000100)
[2026-09-07T01:22:31Z INFO  minertim::miner] Worker 3 SHARE FOUND! job_id=31fIhzzUcJdQgQyi, nonce=f39ef901, hash_val=44182, difficulty=65498, hash=18e96fd50ef8aa619492acff30a5c982eb3437517ac28cb0bed054f096ac0000
[2026-09-07T01:22:38Z INFO  minertim] H/s 1m:2246.6 5m:2193.5 10m:2272.7 | Shares: 290/1 (found:292) | Diff: 65498 | 6s elapsed (since last share, avg 29s) | best=101 target=65574 (999%)
[2026-09-07T01:22:48Z INFO  minertim] H/s 1m:2131.9 5m:2184.0 10m:2263.0 | Shares: 290/1 (found:292) | Diff: 65498 | 16s elapsed (since last share, avg 30s) | best=101 target=65574 (999%)
[2026-09-07T01:22:48Z INFO  minertim::pool_connection] New job: j0W9uqswXsDuAbY6 (difficulty: 65498, target: 26000100)
[2026-09-07T01:22:48Z INFO  minertim::pool_connection] Share accepted by pool
[2026-09-07T01:22:58Z INFO  minertim] H/s 1m:2129.3 5m:2185.0 10m:2262.6 | Shares: 291/1 (found:292) | Diff: 65498 | 26s elapsed (since last share, avg 30s) | best=101 target=65574 (999%)
[2026-09-07T01:23:05Z INFO  minertim::miner] Worker 2 SHARE FOUND! job_id=j0W9uqswXsDuAbY6, nonce=56baf701, hash_val=36978, difficulty=65498, hash=7d636a0242854afb7dadaed5295b13037f53e787598de0204a780b6f72900000
[2026-09-07T01:23:08Z INFO  minertim] H/s 1m:2069.4 5m:2174.7 10m:2257.6 | Shares: 291/1 (found:293) | Diff: 65498 | 2s elapsed (since last share, avg 31s) | best=101 target=65574 (999%)
[2026-09-07T01:23:08Z INFO  minertim::pool_connection] New job: 8cVHBjdXW2YKuaYC (difficulty: 65498, target: 26000100)
[2026-09-07T01:23:08Z INFO  minertim::pool_connection] Share accepted by pool
[2026-09-07T01:23:14Z INFO  minertim::miner] Worker 2 SHARE FOUND! job_id=8cVHBjdXW2YKuaYC, nonce=7af1f701, hash_val=27517, difficulty=65498, hash=677a2ac294ddf01e6b3a1880560fc2f8f5d03de92480299302bb79487d6b0000
[2026-09-07T01:23:18Z INFO  minertim] H/s 1m:2046.8 5m:2170.9 10m:2255.5 | Shares: 292/1 (found:294) | Diff: 65498 | 3s elapsed (since last share, avg 32s) | best=101 target=65574 (999%)
[2026-09-07T01:23:26Z INFO  minertim::miner] Worker 1 SHARE FOUND! job_id=8cVHBjdXW2YKuaYC, nonce=65c5fd01, hash_val=50566, difficulty=65498, hash=c39962746c0f885d888b6ce4b3aa48fdfc596807106817e8817f9d6886c50000
[2026-09-07T01:23:28Z INFO  minertim::pool_connection] New job: a407JSHQa0xCLUPF (difficulty: 65498, target: 26000100)
[2026-09-07T01:23:28Z INFO  minertim] H/s 1m:2045.3 5m:2150.6 10m:2250.6 | Shares: 292/1 (found:295) | Diff: 65498 | 1s elapsed (since last share, avg 32s) | best=101 target=65574 (999%)
[2026-09-07T01:23:28Z INFO  minertim::pool_connection] Share accepted by pool
[2026-09-07T01:23:28Z INFO  minertim::pool_connection] Share accepted by pool
[2026-09-07T01:23:38Z INFO  minertim] H/s 1m:2161.1 5m:2150.8 10m:2248.9 | Shares: 294/1 (found:295) | Diff: 65498 | 11s elapsed (since last share, avg 30s) | best=101 target=65574 (999%)
[2026-09-07T01:23:42Z INFO  minertim::pool_connection] New job: Y83NIeetwbYYNSaF (difficulty: 94144, target: 35b20000)
[2026-09-07T01:23:48Z INFO  minertim::pool_connection] New job: ramTs0hya4tPRsKA (difficulty: 94144, target: 35b20000)
[2026-09-07T01:23:48Z INFO  minertim] H/s 1m:2165.0 5m:2160.8 10m:2248.8 | Shares: 294/1 (found:295) | Diff: 94144 | 21s elapsed (since last share, avg 43s) | best=101 target=45621 (999%)
[2026-09-07T01:23:58Z INFO  minertim] H/s 1m:2224.3 5m:2162.6 10m:2248.8 | Shares: 294/1 (found:295) | Diff: 94144 | 31s elapsed (since last share, avg 42s) | best=101 target=45621 (999%)
[2026-09-07T01:24:03Z INFO  minertim::miner] Worker 2 SHARE FOUND! job_id=ramTs0hya4tPRsKA, nonce=3e36f901, hash_val=27380, difficulty=94144, hash=464ddc5920b6ec307a66581d9bc82dbafdce5373f247e3a518a775ddf46a0000
[2026-09-07T01:24:08Z INFO  minertim::pool_connection] New job: vW60q8VAaLlM05P7 (difficulty: 94144, target: 35b20000)
[2026-09-07T01:24:08Z INFO  minertim::pool_connection] Share accepted by pool
[2026-09-07T01:24:08Z INFO  minertim] H/s 1m:2194.5 5m:2153.6 10m:2244.2 | Shares: 295/1 (found:296) | Diff: 94144 | 4s elapsed (since last share, avg 42s) | best=101 target=45621 (999%)
[2026-09-07T01:24:10Z INFO  minertim::miner] Worker 1 SHARE FOUND! job_id=vW60q8VAaLlM05P7, nonce=b549ff01, hash_val=7450, difficulty=94144, hash=0e7aead183f5bb53be92e9169cff8426ed8e94995f479d56de4342731a1d0000
[2026-09-07T01:24:17Z INFO  minertim::miner] Worker 0 SHARE FOUND! job_id=vW60q8VAaLlM05P7, nonce=a00bf701, hash_val=23976, difficulty=94144, hash=5d1f0d2ea1cb91d2170d5965a7bcba9f621cee42eec1d9e469d1e138a85d0000
[2026-09-07T01:24:18Z INFO  minertim] H/s 1m:2196.7 5m:2133.8 10m:2234.5 | Shares: 295/1 (found:298) | Diff: 94144 | 0s elapsed (since last share, avg 42s) | best=101 target=45621 (999%)
[2026-09-07T01:24:27Z INFO  minertim::pool_connection] New job: 3ZYqqlW7bFpJyrWR (difficulty: 94144, target: 35b20000)
[2026-09-07T01:24:28Z INFO  minertim::pool_connection] Share accepted by pool
[2026-09-07T01:24:28Z INFO  minertim] H/s 1m:2032.3 5m:2111.2 10m:2220.7 | Shares: 296/1 (found:298) | Diff: 94144 | 10s elapsed (since last share, avg 46s) | best=101 target=45621 (999%)
[2026-09-07T01:24:28Z INFO  minertim::pool_connection] Share accepted by pool
[2026-09-07T01:24:38Z INFO  minertim] H/s 1m:2033.8 5m:2111.1 10m:2220.9 | Shares: 297/1 (found:298) | Diff: 94144 | 20s elapsed (since last share, avg 46s) | best=101 target=45621 (999%)
[2026-09-07T01:24:42Z INFO  minertim::pool_connection] New job: 9FL6G2qHXwS0WUkf (difficulty: 141216, target: ce760000)
[2026-09-07T01:24:47Z INFO  minertim::pool_connection] New job: ubFbap6IEmTge1tp (difficulty: 141216, target: ce760000)
[2026-09-07T01:24:48Z INFO  minertim] H/s 1m:2034.4 5m:2120.0 10m:2220.9 | Shares: 297/1 (found:298) | Diff: 141216 | 30s elapsed (since last share, avg 1m9s) | best=101 target=30414 (999%)
[2026-09-07T01:24:49Z INFO  minertim::pool_connection] New job: 1gBK0rAakNWQ122L (difficulty: 141216, target: ce760000)
[2026-09-07T01:24:50Z INFO  minertim::miner] Worker 3 SHARE FOUND! job_id=1gBK0rAakNWQ122L, nonce=bb07fe01, hash_val=4944, difficulty=141216, hash=4ba758e5f08456c8cd27df15394bc8cc2a0a4cd9d41e677140efc23950130000
[2026-09-07T01:24:50Z INFO  minertim::pool_connection] New job: VhYeA5oDnLrSA05T (difficulty: 141216, target: ce760000)
[2026-09-07T01:24:51Z INFO  minertim::pool_connection] Share accepted by pool
[2026-09-07T01:24:53Z INFO  minertim::pool_connection] New job: 9ZV6lM9oCfiGDiNl (difficulty: 141216, target: ce760000)
[2026-09-07T01:24:58Z INFO  minertim] H/s 1m:2085.5 5m:2119.6 10m:2220.8 | Shares: 298/1 (found:299) | Diff: 141216 | 7s elapsed (since last share, avg 1m7s) | best=101 target=30414 (999%)
[2026-09-07T01:25:08Z INFO  minertim] H/s 1m:2201.0 5m:2119.7 10m:2220.9 | Shares: 298/1 (found:299) | Diff: 141216 | 17s elapsed (since last share, avg 1m4s) | best=101 target=30414 (999%)
[2026-09-07T01:25:12Z INFO  minertim::pool_connection] New job: wnCtlYQ0mGnrKDUs (difficulty: 211825, target: 344f0000)
[2026-09-07T01:25:13Z INFO  minertim::pool_connection] New job: UJPX6ppICjsTj0mv (difficulty: 211825, target: 344f0000)
[2026-09-07T01:25:18Z INFO  minertim] H/s 1m:2363.7 5m:2119.6 10m:2220.8 | Shares: 298/1 (found:299) | Diff: 211825 | 27s elapsed (since last share, avg 1m29s) | best=101 target=20276 (999%)
[2026-09-07T01:25:28Z INFO  minertim] H/s 1m:2363.8 5m:2138.8 10m:2220.9 | Shares: 298/1 (found:299) | Diff: 211825 | 37s elapsed (since last share, avg 1m29s) | best=101 target=20276 (999%)
[2026-09-07T01:25:33Z INFO  minertim::pool_connection] New job: plkfnxl5MYJ0KD1R (difficulty: 211825, target: 344f0000)
[2026-09-07T01:25:38Z INFO  minertim] H/s 1m:2363.1 5m:2158.6 10m:2220.9 | Shares: 298/1 (found:299) | Diff: 211825 | 47s elapsed (since last share, avg 1m29s) | best=101 target=20276 (999%)
[2026-09-07T01:25:48Z INFO  minertim] H/s 1m:2365.2 5m:2175.5 10m:2220.8 | Shares: 298/1 (found:299) | Diff: 211825 | 57s elapsed (since last share, avg 1m29s) | best=101 target=20276 (999%)
[2026-09-07T01:25:53Z INFO  minertim::pool_connection] New job: qFdIodkWi1VyFKrG (difficulty: 211825, target: 344f0000)
[2026-09-07T01:25:58Z INFO  minertim] H/s 1m:2364.4 5m:2175.3 10m:2220.8 | Shares: 298/1 (found:299) | Diff: 211825 | 1m7s elapsed (since last share, avg 1m29s) | best=101 target=20276 (999%)
[2026-09-07T01:26:08Z INFO  minertim] H/s 1m:2364.5 5m:2175.2 10m:2220.8 | Shares: 298/1 (found:299) | Diff: 211825 | 1m17s elapsed (since last share, avg 1m29s) | best=101 target=20276 (999%)
[2026-09-07T01:26:12Z INFO  minertim::pool_connection] New job: A5V1WpCO9K6Ac0WH (difficulty: 117680, target: 918e0000)
[2026-09-07T01:26:13Z INFO  minertim::pool_connection] New job: Np0MIhEP9IUi0bzV (difficulty: 117680, target: 918e0000)
[2026-09-07T01:26:18Z INFO  minertim] H/s 1m:2364.1 5m:2205.6 10m:2220.9 | Shares: 298/1 (found:299) | Diff: 117680 | 1m27s elapsed (since last share, avg 49s) | best=101 target=36497 (999%)
[2026-09-07T01:26:28Z INFO  minertim] H/s 1m:2364.3 5m:2232.1 10m:2220.8 | Shares: 298/1 (found:299) | Diff: 117680 | 1m37s elapsed (since last share, avg 49s) | best=101 target=36497 (999%)
[2026-09-07T01:26:33Z INFO  minertim::pool_connection] New job: GXaF8Mb0jrFSuF8s (difficulty: 117680, target: 918e0000)
[2026-09-07T01:26:33Z INFO  minertim::miner] Worker 0 SHARE FOUND! job_id=GXaF8Mb0jrFSuF8s, nonce=e495fb01, hash_val=17929, difficulty=117680, hash=728d9f5000d66a19a5402d17678a6e1e76671ad33772a30e2a89931b09460000
[2026-09-07T01:26:38Z INFO  minertim] H/s 1m:2306.1 5m:2222.0 10m:2215.9 | Shares: 298/1 (found:300) | Diff: 117680 | 4s elapsed (since last share, avg 51s) | best=101 target=36497 (999%)
[2026-09-07T01:26:46Z INFO  minertim::miner] Worker 3 SHARE FOUND! job_id=GXaF8Mb0jrFSuF8s, nonce=b3310202, hash_val=23978, difficulty=117680, hash=5bb9d4042a78c438b505ff8d724a3073bfc3da8618dc62de13f3f053aa5d0000
[2026-09-07T01:26:48Z INFO  minertim] H/s 1m:2192.5 5m:2202.3 10m:2206.2 | Shares: 298/1 (found:301) | Diff: 117680 | 1s elapsed (since last share, avg 53s) | best=101 target=36497 (999%)
[2026-09-07T01:26:53Z INFO  minertim::pool_connection] New job: lMip59pIyVCdwdMx (difficulty: 117680, target: 918e0000)
[2026-09-07T01:26:53Z INFO  minertim::pool_connection] Share accepted by pool
[2026-09-07T01:26:53Z INFO  minertim::pool_connection] Share accepted by pool
[2026-09-07T01:26:58Z INFO  minertim] H/s 1m:2119.7 5m:2190.0 10m:2200.1 | Shares: 300/1 (found:301) | Diff: 117680 | 11s elapsed (since last share, avg 55s) | best=101 target=36497 (999%)
[2026-09-07T01:27:08Z INFO  minertim] H/s 1m:2118.2 5m:2189.7 10m:2200.0 | Shares: 300/1 (found:301) | Diff: 117680 | 21s elapsed (since last share, avg 55s) | best=101 target=36497 (999%)
[2026-09-07T01:27:12Z INFO  minertim::pool_connection] New job: y0yT0sdqd1Z4g1YS (difficulty: 176522, target: 0b5f0000)
[2026-09-07T01:27:12Z INFO  minertim::pool_connection] New job: PHJflOlw1MTan243 (difficulty: 176522, target: 0b5f0000)
[2026-09-07T01:27:18Z INFO  minertim] H/s 1m:2117.8 5m:2189.9 10m:2200.0 | Shares: 300/1 (found:301) | Diff: 176522 | 31s elapsed (since last share, avg 1m23s) | best=101 target=24331 (999%)
[2026-09-07T01:27:28Z INFO  minertim] H/s 1m:2174.9 5m:2209.6 10m:2209.4 | Shares: 300/1 (found:301) | Diff: 176522 | 41s elapsed (since last share, avg 1m21s) | best=101 target=24331 (999%)
[2026-09-07T01:27:32Z INFO  minertim::pool_connection] New job: mzF4wftQlwrz403w (difficulty: 176522, target: 0b5f0000)
[2026-09-07T01:27:38Z INFO  minertim] H/s 1m:2288.4 5m:2229.3 10m:2204.3 | Shares: 300/1 (found:301) | Diff: 176522 | 51s elapsed (since last share, avg 1m17s) | best=101 target=24331 (999%)
[2026-09-07T01:27:48Z INFO  minertim] H/s 1m:2361.3 5m:2230.0 10m:2209.3 | Shares: 300/1 (found:301) | Diff: 176522 | 1m1s elapsed (since last share, avg 1m14s) | best=101 target=24331 (999%)
[2026-09-07T01:27:52Z INFO  minertim::pool_connection] New job: sHYI36PY9hEozMEv (difficulty: 176522, target: 0b5f0000)
[2026-09-07T01:27:58Z INFO  minertim] H/s 1m:2361.9 5m:2240.2 10m:2210.2 | Shares: 300/1 (found:301) | Diff: 176522 | 1m11s elapsed (since last share, avg 1m14s) | best=101 target=24331 (999%)
[2026-09-07T01:28:01Z INFO  minertim::miner] Worker 1 SHARE FOUND! job_id=sHYI36PY9hEozMEv, nonce=c5040702, hash_val=2279, difficulty=176522, hash=7e045eddd777e201ad39f3825a2aff2b79b38a6ee15295cd03575305e7080000
[2026-09-07T01:28:08Z INFO  minertim] H/s 1m:2246.6 5m:2224.3 10m:2200.3 | Shares: 300/1 (found:302) | Diff: 176522 | 7s elapsed (since last share, avg 1m18s) | best=101 target=24331 (999%)
[2026-09-07T01:28:12Z INFO  minertim::pool_connection] New job: lEq6vJKN2e1bzEis (difficulty: 100549, target: dba60000)
[2026-09-07T01:28:12Z INFO  minertim::pool_connection] New job: XDwQ7eORi71fztQa (difficulty: 100549, target: dba60000)
[2026-09-07T01:28:12Z INFO  minertim::pool_connection] Share accepted by pool
[2026-09-07T01:28:18Z INFO  minertim] H/s 1m:2230.1 5m:2241.5 10m:2198.9 | Shares: 301/1 (found:302) | Diff: 100549 | 17s elapsed (since last share, avg 45s) | best=101 target=42715 (999%)
[2026-09-07T01:28:22Z INFO  minertim::miner] Worker 2 SHARE FOUND! job_id=XDwQ7eORi71fztQa, nonce=826d0202, hash_val=38639, difficulty=100549, hash=87d766a2953b0871e619c8ff86e134d99534228ea12994e62a1dadacef960000
[2026-09-07T01:28:28Z INFO  minertim] H/s 1m:2115.1 5m:2221.4 10m:2189.1 | Shares: 301/1 (found:303) | Diff: 100549 | 6s elapsed (since last share, avg 47s) | best=101 target=42715 (999%)
[2026-09-07T01:28:32Z INFO  minertim::pool_connection] New job: zwXmUq7RHOByp9ys (difficulty: 100549, target: dba60000)
[2026-09-07T01:28:32Z INFO  minertim::pool_connection] Share accepted by pool
[2026-09-07T01:28:38Z INFO  minertim] H/s 1m:2107.2 5m:2220.1 10m:2188.4 | Shares: 302/1 (found:303) | Diff: 100549 | 16s elapsed (since last share, avg 47s) | best=101 target=42715 (999%)
[2026-09-07T01:28:42Z INFO  minertim::pool_connection] New job: LJjECfkr6e0JeA1j (difficulty: 150827, target: 3c6f0000)
[2026-09-07T01:28:46Z INFO  minertim::pool_connection] New job: VRT4o6w740PCJZyS (difficulty: 150827, target: 3c6f0000)
[2026-09-07T01:28:48Z INFO  minertim] H/s 1m:2107.9 5m:2220.1 10m:2193.4 | Shares: 302/1 (found:303) | Diff: 150827 | 26s elapsed (since last share, avg 1m11s) | best=101 target=28476 (999%)
[2026-09-07T01:28:58Z INFO  minertim] H/s 1m:2223.6 5m:2229.3 10m:2194.3 | Shares: 302/1 (found:303) | Diff: 150827 | 36s elapsed (since last share, avg 1m7s) | best=101 target=28476 (999%)
[2026-09-07T01:29:06Z INFO  minertim::pool_connection] New job: W4EIdvAiHrEdCIRK (difficulty: 150827, target: 3c6f0000)
[2026-09-07T01:29:08Z INFO  minertim] H/s 1m:2240.7 5m:2249.1 10m:2194.4 | Shares: 302/1 (found:303) | Diff: 150827 | 46s elapsed (since last share, avg 1m7s) | best=101 target=28476 (999%)
[2026-09-07T01:29:18Z INFO  minertim] H/s 1m:2355.8 5m:2277.1 10m:2194.3 | Shares: 302/1 (found:303) | Diff: 150827 | 56s elapsed (since last share, avg 1m4s) | best=101 target=28476 (999%)
[2026-09-07T01:29:25Z INFO  minertim::pool_connection] New job: Ww1UHnZdOHz1g38C (difficulty: 150827, target: 3c6f0000)
[2026-09-07T01:29:28Z INFO  minertim] H/s 1m:2363.9 5m:2277.0 10m:2197.0 | Shares: 302/1 (found:303) | Diff: 150827 | 1m6s elapsed (since last share, avg 1m3s) | best=101 target=28476 (999%)
[2026-09-07T01:29:38Z INFO  minertim] H/s 1m:2365.0 5m:2277.1 10m:2197.1 | Shares: 302/1 (found:303) | Diff: 150827 | 1m16s elapsed (since last share, avg 1m3s) | best=101 target=28476 (999%)
[2026-09-07T01:29:42Z INFO  minertim::pool_connection] New job: 0or0PBVCm5d7MhWi (difficulty: 96958, target: 09ad0000)
[2026-09-07T01:29:45Z INFO  minertim::pool_connection] New job: G3NqHSAZ2hrwKGeJ (difficulty: 96958, target: 09ad0000)
[2026-09-07T01:29:48Z INFO  minertim] H/s 1m:2364.0 5m:2277.4 10m:2201.3 | Shares: 302/1 (found:303) | Diff: 96958 | 1m26s elapsed (since last share, avg 41s) | best=101 target=44297 (999%)
[2026-09-07T01:29:58Z INFO  minertim] H/s 1m:2364.9 5m:2277.3 10m:2201.3 | Shares: 302/1 (found:303) | Diff: 96958 | 1m36s elapsed (since last share, avg 40s) | best=101 target=44297 (999%)
[2026-09-07T01:30:05Z INFO  minertim::pool_connection] New job: 8xtGIiB9YY0SFIXm (difficulty: 96958, target: 09ad0000)
[2026-09-07T01:30:08Z INFO  minertim] H/s 1m:2365.5 5m:2277.4 10m:2201.3 | Shares: 302/1 (found:303) | Diff: 96958 | 1m46s elapsed (since last share, avg 40s) | best=101 target=44297 (999%)
[2026-09-07T01:30:11Z INFO  minertim::miner] Worker 0 SHARE FOUND! job_id=8xtGIiB9YY0SFIXm, nonce=fcc30202, hash_val=17851, difficulty=96958, hash=8c18f102c26e5f4cb745493095eae36c10238c4ec34a1cbc6a1c568dbb450000
[2026-09-07T01:30:12Z INFO  minertim::miner] Worker 3 SHARE FOUND! job_id=8xtGIiB9YY0SFIXm, nonce=435d0902, hash_val=30469, difficulty=96958, hash=97507354433e5fbca0fc5df66996ba1d87ca910432c0cdd78471004505770000
[2026-09-07T01:30:18Z INFO  minertim] H/s 1m:2132.1 5m:2237.0 10m:2181.6 | Shares: 302/1 (found:305) | Diff: 96958 | 6s elapsed (since last share, avg 45s) | best=101 target=44297 (999%)
[2026-09-07T01:30:25Z INFO  minertim::pool_connection] New job: G51i0XcBH62nlZh4 (difficulty: 96958, target: 09ad0000)
[2026-09-07T01:30:26Z INFO  minertim::pool_connection] Share accepted by pool
[2026-09-07T01:30:26Z INFO  minertim::pool_connection] Share accepted by pool
[2026-09-07T01:30:26Z INFO  minertim::miner] Worker 3 SHARE FOUND! job_id=G51i0XcBH62nlZh4, nonce=ab680902, hash_val=39747, difficulty=96958, hash=19543b0254975a7a6b02869da5e1d8ff1b4d82eb0190e1f53827afc2439b0000
[2026-09-07T01:30:28Z INFO  minertim] H/s 1m:1991.9 5m:2213.1 10m:2179.2 | Shares: 304/1 (found:306) | Diff: 96958 | 1s elapsed (since last share, avg 48s) | best=101 target=44297 (999%)
[2026-09-07T01:30:38Z INFO  minertim] H/s 1m:1878.4 5m:2193.4 10m:2179.2 | Shares: 304/1 (found:306) | Diff: 96958 | 11s elapsed (since last share, avg 51s) | best=101 target=44297 (999%)
[2026-09-07T01:30:42Z INFO  minertim::pool_connection] New job: QnF3Bm32EC09NrRW (difficulty: 145439, target: 5b730000)
[2026-09-07T01:30:42Z INFO  minertim::pool_connection] Share accepted by pool
[2026-09-07T01:30:45Z INFO  minertim::pool_connection] New job: KWFEwezpf7Keq9mY (difficulty: 145439, target: 5b730000)
[2026-09-07T01:30:48Z INFO  minertim] H/s 1m:1835.7 5m:2186.2 10m:2183.9 | Shares: 305/1 (found:306) | Diff: 145439 | 21s elapsed (since last share, avg 1m19s) | best=101 target=29531 (999%)
[2026-09-07T01:30:58Z INFO  minertim] H/s 1m:1834.7 5m:2186.1 10m:2183.8 | Shares: 305/1 (found:306) | Diff: 145439 | 31s elapsed (since last share, avg 1m19s) | best=101 target=29531 (999%)
[2026-09-07T01:31:05Z INFO  minertim::pool_connection] New job: N90ccr1b3ZGXTXZD (difficulty: 145439, target: 5b730000)
[2026-09-07T01:31:08Z INFO  minertim] H/s 1m:2067.2 5m:2185.9 10m:2183.7 | Shares: 305/1 (found:306) | Diff: 145439 | 41s elapsed (since last share, avg 1m10s) | best=101 target=29531 (999%)
[2026-09-07T01:31:12Z INFO  minertim::pool_connection] New job: UjO7umkk02V0DFWJ (difficulty: 218162, target: e74c0000)
[2026-09-07T01:31:18Z INFO  minertim] H/s 1m:2206.9 5m:2186.0 10m:2198.7 | Shares: 305/1 (found:306) | Diff: 218162 | 51s elapsed (since last share, avg 1m38s) | best=101 target=19687 (999%)
[2026-09-07T01:31:25Z INFO  minertim::pool_connection] New job: GI1tDlSAaJPWZubS (difficulty: 218162, target: e74c0000)
[2026-09-07T01:31:28Z INFO  minertim] H/s 1m:2319.2 5m:2195.7 10m:2211.5 | Shares: 305/1 (found:306) | Diff: 218162 | 1m1s elapsed (since last share, avg 1m34s) | best=101 target=19687 (999%)
[2026-09-07T01:31:38Z INFO  minertim] H/s 1m:2336.7 5m:2211.1 10m:2209.4 | Shares: 305/1 (found:306) | Diff: 218162 | 1m11s elapsed (since last share, avg 1m33s) | best=101 target=19687 (999%)
[2026-09-07T01:31:42Z INFO  minertim::pool_connection] New job: EVFD3byyFFZmf2b9 (difficulty: 163617, target: 8a660000)
[2026-09-07T01:31:45Z INFO  minertim::pool_connection] New job: y8nvzhyKc32d7w6R (difficulty: 163617, target: 8a660000)
[2026-09-07T01:31:48Z INFO  minertim] H/s 1m:2313.7 5m:2219.5 10m:2207.3 | Shares: 305/1 (found:306) | Diff: 163617 | 1m21s elapsed (since last share, avg 1m10s) | best=101 target=26250 (999%)
[2026-09-07T01:31:51Z INFO  minertim::miner] Worker 2 SHARE FOUND! job_id=y8nvzhyKc32d7w6R, nonce=129c0902, hash_val=9660, difficulty=163617, hash=d7c21c90cf0d8e256fa8fbd519d66347ae9406085128c769fe8f799dbc250000
[2026-09-07T01:31:58Z INFO  minertim] H/s 1m:2181.0 5m:2196.7 10m:2196.2 | Shares: 305/1 (found:307) | Diff: 163617 | 6s elapsed (since last share, avg 1m15s) | best=101 target=26250 (999%)
[2026-09-07T01:32:04Z INFO  minertim::pool_connection] New job: 7YwtPZOFF0IFYMBN (difficulty: 163617, target: 8a660000)
[2026-09-07T01:32:05Z INFO  minertim::pool_connection] Share accepted by pool
[2026-09-07T01:32:08Z INFO  minertim] H/s 1m:2097.0 5m:2182.4 10m:2189.1 | Shares: 306/1 (found:307) | Diff: 163617 | 16s elapsed (since last share, avg 1m18s) | best=101 target=26250 (999%)
[2026-09-07T01:32:12Z INFO  minertim::pool_connection] New job: tFteunZupRNoINHW (difficulty: 245426, target: 5c440000)
[2026-09-07T01:32:18Z INFO  minertim] H/s 1m:2074.8 5m:2178.4 10m:2187.1 | Shares: 306/1 (found:307) | Diff: 245426 | 26s elapsed (since last share, avg 1m58s) | best=101 target=17500 (999%)
[2026-09-07T01:32:24Z INFO  minertim::pool_connection] New job: jGFBCaunIpK90BON (difficulty: 245426, target: 5c440000)
[2026-09-07T01:32:28Z INFO  minertim] H/s 1m:2075.0 5m:2174.3 10m:2194.8 | Shares: 306/1 (found:307) | Diff: 245426 | 36s elapsed (since last share, avg 1m58s) | best=101 target=17500 (999%)
[2026-09-07T01:32:38Z INFO  minertim] H/s 1m:2073.5 5m:2169.9 10m:2202.4 | Shares: 306/1 (found:307) | Diff: 245426 | 46s elapsed (since last share, avg 1m58s) | best=101 target=17500 (999%)
[2026-09-07T01:32:42Z INFO  minertim::miner] Worker 2 SHARE FOUND! job_id=jGFBCaunIpK90BON, nonce=e6e20a02, hash_val=10778, difficulty=245426, hash=eae04ecb50edd32ce695390e2cc7fb669b722bff2f7892e78ec3b7cd1a2a0000
[2026-09-07T01:32:44Z INFO  minertim::pool_connection] New job: m9p7ZLfua6thptQx (difficulty: 245426, target: 5c440000)
[2026-09-07T01:32:44Z INFO  minertim::pool_connection] Share accepted by pool
[2026-09-07T01:32:48Z INFO  minertim] H/s 1m:2159.3 5m:2161.7 10m:2198.7 | Shares: 307/1 (found:308) | Diff: 245426 | 6s elapsed (since last share, avg 1m53s) | best=101 target=17500 (999%)
[2026-09-07T01:32:58Z INFO  minertim] H/s 1m:2218.6 5m:2177.6 10m:2201.7 | Shares: 307/1 (found:308) | Diff: 245426 | 16s elapsed (since last share, avg 1m50s) | best=101 target=17500 (999%)
[2026-09-07T01:33:04Z INFO  minertim::pool_connection] New job: lvEQKj7V4v07pqea (difficulty: 245426, target: 5c440000)
[2026-09-07T01:33:08Z INFO  minertim] H/s 1m:2218.9 5m:2176.5 10m:2201.7 | Shares: 307/1 (found:308) | Diff: 245426 | 26s elapsed (since last share, avg 1m50s) | best=101 target=17500 (999%)
[2026-09-07T01:33:18Z INFO  minertim] H/s 1m:2219.0 5m:2192.2 10m:2209.6 | Shares: 307/1 (found:308) | Diff: 245426 | 36s elapsed (since last share, avg 1m50s) | best=101 target=17500 (999%)
[2026-09-07T01:33:24Z INFO  minertim::pool_connection] New job: 3nMsunHUOhUE72OW (difficulty: 245426, target: 5c440000)
[2026-09-07T01:33:28Z INFO  minertim] H/s 1m:2220.6 5m:2189.5 10m:2207.4 | Shares: 307/1 (found:308) | Diff: 245426 | 46s elapsed (since last share, avg 1m50s) | best=101 target=17500 (999%)
[2026-09-07T01:33:38Z INFO  minertim] H/s 1m:2243.8 5m:2185.2 10m:2205.4 | Shares: 307/1 (found:308) | Diff: 245426 | 56s elapsed (since last share, avg 1m49s) | best=101 target=17500 (999%)
[2026-09-07T01:33:44Z INFO  minertim::pool_connection] New job: a7XI3a4t0A0ZqF7Q (difficulty: 245426, target: 5c440000)
[2026-09-07T01:33:48Z INFO  minertim] H/s 1m:2244.3 5m:2181.1 10m:2203.4 | Shares: 307/1 (found:308) | Diff: 245426 | 1m6s elapsed (since last share, avg 1m49s) | best=101 target=17500 (999%)
[2026-09-07T01:33:58Z INFO  minertim] H/s 1m:2243.3 5m:2176.9 10m:2205.8 | Shares: 307/1 (found:308) | Diff: 245426 | 1m16s elapsed (since last share, avg 1m49s) | best=101 target=17500 (999%)
[2026-09-07T01:34:04Z INFO  minertim::pool_connection] New job: E00GjtjjWgLhACP7 (difficulty: 245426, target: 5c440000)
[2026-09-07T01:34:08Z INFO  minertim] H/s 1m:2243.1 5m:2172.8 10m:2213.5 | Shares: 307/1 (found:308) | Diff: 245426 | 1m26s elapsed (since last share, avg 1m49s) | best=101 target=17500 (999%)
[2026-09-07T01:34:12Z INFO  minertim::pool_connection] New job: vudUx1oOKbhXGd6S (difficulty: 173927, target: 76600000)
[2026-09-07T01:34:15Z INFO  minertim::pool_connection] New job: WFvivwvLqKDIaRAQ (difficulty: 173927, target: 76600000)
[2026-09-07T01:34:18Z INFO  minertim] H/s 1m:2243.1 5m:2168.7 10m:2225.3 | Shares: 307/1 (found:308) | Diff: 173927 | 1m36s elapsed (since last share, avg 1m17s) | best=101 target=24694 (999%)
[2026-09-07T01:34:28Z INFO  minertim] H/s 1m:2243.5 5m:2164.2 10m:2223.2 | Shares: 307/1 (found:308) | Diff: 173927 | 1m46s elapsed (since last share, avg 1m17s) | best=101 target=24694 (999%)
[2026-09-07T01:34:32Z INFO  minertim::miner] Worker 3 SHARE FOUND! job_id=WFvivwvLqKDIaRAQ, nonce=3f5d1102, hash_val=22343, difficulty=173927, hash=2797e6c4694044860243c3ec61cd3a21f4edabf89f4a74da7c5cea5a47570000
[2026-09-07T01:34:35Z INFO  minertim::pool_connection] New job: TH1qz1j05UzCcxsr (difficulty: 173927, target: 76600000)
[2026-09-07T01:34:36Z INFO  minertim::pool_connection] Share accepted by pool
[2026-09-07T01:34:38Z INFO  minertim] H/s 1m:2185.8 5m:2150.4 10m:2216.3 | Shares: 308/1 (found:309) | Diff: 173927 | 6s elapsed (since last share, avg 1m19s) | best=101 target=24694 (999%)
[2026-09-07T01:34:42Z INFO  minertim::pool_connection] New job: XHTTw07G2TrHhp07 (difficulty: 260886, target: 4f400000)
[2026-09-07T01:34:48Z INFO  minertim] H/s 1m:2186.2 5m:2146.1 10m:2214.4 | Shares: 308/1 (found:309) | Diff: 260886 | 16s elapsed (since last share, avg 1m59s) | best=101 target=16463 (999%)
[2026-09-07T01:34:55Z INFO  minertim::pool_connection] New job: HIbl9Ow1O0raeXsL (difficulty: 260886, target: 4f400000)
[2026-09-07T01:34:58Z INFO  minertim] H/s 1m:2185.9 5m:2141.8 10m:2212.2 | Shares: 308/1 (found:309) | Diff: 260886 | 26s elapsed (since last share, avg 1m59s) | best=101 target=16463 (999%)
[2026-09-07T01:35:08Z INFO  minertim] H/s 1m:2185.9 5m:2177.9 10m:2210.2 | Shares: 308/1 (found:309) | Diff: 260886 | 36s elapsed (since last share, avg 1m59s) | best=101 target=16463 (999%)
[2026-09-07T01:35:15Z INFO  minertim::pool_connection] New job: q71xM5iMSGx9GDln (difficulty: 260886, target: 4f400000)
[2026-09-07T01:35:18Z INFO  minertim] H/s 1m:2185.4 5m:2197.6 10m:2208.0 | Shares: 308/1 (found:309) | Diff: 260886 | 46s elapsed (since last share, avg 1m59s) | best=101 target=16463 (999%)
[2026-09-07T01:35:29Z INFO  minertim] H/s 1m:2242.3 5m:2213.2 10m:2206.0 | Shares: 308/1 (found:309) | Diff: 260886 | 56s elapsed (since last share, avg 1m56s) | best=101 target=16463 (999%)
[2026-09-07T01:35:35Z INFO  minertim::pool_connection] New job: r4OQjsK5qXOZVK6x (difficulty: 260886, target: 4f400000)
[2026-09-07T01:35:39Z INFO  minertim] H/s 1m:2242.3 5m:2216.2 10m:2203.9 | Shares: 308/1 (found:309) | Diff: 260886 | 1m6s elapsed (since last share, avg 1m56s) | best=101 target=16463 (999%)
[2026-09-07T01:35:42Z INFO  minertim::pool_connection] New job: W5u1aDaG3w1008jN (difficulty: 175226, target: bf5f0000)
[2026-09-07T01:35:49Z INFO  minertim] H/s 1m:2243.0 5m:2212.2 10m:2201.9 | Shares: 308/1 (found:309) | Diff: 175226 | 1m16s elapsed (since last share, avg 1m18s) | best=101 target=24511 (999%)
[2026-09-07T01:35:55Z INFO  minertim::pool_connection] New job: bTzrJBXKpOhLR2X1 (difficulty: 175226, target: bf5f0000)
[2026-09-07T01:35:59Z INFO  minertim] H/s 1m:2242.9 5m:2208.2 10m:2199.9 | Shares: 308/1 (found:309) | Diff: 175226 | 1m26s elapsed (since last share, avg 1m18s) | best=101 target=24511 (999%)
[2026-09-07T01:36:09Z INFO  minertim] H/s 1m:2245.0 5m:2204.1 10m:2198.0 | Shares: 308/1 (found:309) | Diff: 175226 | 1m36s elapsed (since last share, avg 1m18s) | best=101 target=24511 (999%)
[2026-09-07T01:36:11Z INFO  minertim::miner] Worker 3 SHARE FOUND! job_id=bTzrJBXKpOhLR2X1, nonce=cfa11402, hash_val=12607, difficulty=175226, hash=360a4796fc59f181b38b6b077517c6ca86f64b066248087932d86ed73f310000
[2026-09-07T01:36:15Z INFO  minertim::pool_connection] New job: Aqs6RSumMzciOlGX (difficulty: 175226, target: bf5f0000)
[2026-09-07T01:36:15Z INFO  minertim::pool_connection] Share accepted by pool
[2026-09-07T01:36:19Z INFO  minertim] H/s 1m:2203.3 5m:2193.2 10m:2192.4 | Shares: 309/1 (found:310) | Diff: 175226 | 7s elapsed (since last share, avg 1m19s) | best=101 target=24511 (999%)
[2026-09-07T01:36:29Z INFO  minertim] H/s 1m:2202.5 5m:2193.1 10m:2195.2 | Shares: 309/1 (found:310) | Diff: 175226 | 17s elapsed (since last share, avg 1m19s) | best=101 target=24511 (999%)
[2026-09-07T01:36:35Z INFO  minertim::pool_connection] New job: K0Yg3mEm12MdYPOh (difficulty: 175226, target: bf5f0000)
[2026-09-07T01:36:39Z INFO  minertim] H/s 1m:2201.4 5m:2192.8 10m:2202.7 | Shares: 309/1 (found:310) | Diff: 175226 | 27s elapsed (since last share, avg 1m19s) | best=101 target=24511 (999%)
[2026-09-07T01:36:49Z INFO  minertim] H/s 1m:2201.0 5m:2211.7 10m:2206.8 | Shares: 309/1 (found:310) | Diff: 175226 | 37s elapsed (since last share, avg 1m19s) | best=101 target=24511 (999%)
[2026-09-07T01:36:54Z INFO  minertim::pool_connection] New job: yPKWp0iMXVJXBvee (difficulty: 175226, target: bf5f0000)
[2026-09-07T01:36:59Z INFO  minertim] H/s 1m:2199.5 5m:2221.8 10m:2204.8 | Shares: 309/1 (found:310) | Diff: 175226 | 47s elapsed (since last share, avg 1m19s) | best=101 target=24511 (999%)
[2026-09-07T01:37:09Z INFO  minertim] H/s 1m:2240.1 5m:2221.7 10m:2202.7 | Shares: 309/1 (found:310) | Diff: 175226 | 57s elapsed (since last share, avg 1m18s) | best=101 target=24511 (999%)
[2026-09-07T01:37:14Z INFO  minertim::pool_connection] New job: l71SmvW2Iyhk0ypx (difficulty: 175226, target: bf5f0000)
[2026-09-07T01:37:19Z INFO  minertim] H/s 1m:2244.0 5m:2222.2 10m:2201.0 | Shares: 309/1 (found:310) | Diff: 175226 | 1m7s elapsed (since last share, avg 1m18s) | best=101 target=24511 (999%)
[2026-09-07T01:37:29Z INFO  minertim] H/s 1m:2245.4 5m:2222.5 10m:2199.0 | Shares: 309/1 (found:310) | Diff: 175226 | 1m17s elapsed (since last share, avg 1m18s) | best=101 target=24511 (999%)
[2026-09-07T01:37:34Z INFO  minertim::pool_connection] New job: LWZKWayKB9JLd0oU (difficulty: 175226, target: bf5f0000)
[2026-09-07T01:37:39Z INFO  minertim] H/s 1m:2245.3 5m:2226.5 10m:2197.0 | Shares: 309/1 (found:310) | Diff: 175226 | 1m27s elapsed (since last share, avg 1m18s) | best=101 target=24511 (999%)
[2026-09-07T01:37:42Z INFO  minertim::pool_connection] New job: mA0tXGKJ0i7mum5P (difficulty: 131420, target: a97f0000)
[2026-09-07T01:37:49Z INFO  minertim] H/s 1m:2246.6 5m:2226.7 10m:2195.1 | Shares: 309/1 (found:310) | Diff: 131420 | 1m37s elapsed (since last share, avg 58s) | best=101 target=32681 (999%)
[2026-09-07T01:37:54Z INFO  minertim::pool_connection] New job: i4Q4thm82uSYQn0s (difficulty: 131420, target: a97f0000)
[2026-09-07T01:37:59Z INFO  minertim] H/s 1m:2247.3 5m:2226.6 10m:2202.8 | Shares: 309/1 (found:310) | Diff: 131420 | 1m47s elapsed (since last share, avg 58s) | best=101 target=32681 (999%)
[2026-09-07T01:38:09Z INFO  minertim] H/s 1m:2243.1 5m:2226.4 10m:2202.1 | Shares: 309/1 (found:310) | Diff: 131420 | 1m57s elapsed (since last share, avg 58s) | best=101 target=32681 (999%)
[2026-09-07T01:38:14Z INFO  minertim::pool_connection] New job: ZFIzMTb0aUSLat9u (difficulty: 131420, target: a97f0000)
[2026-09-07T01:38:19Z INFO  minertim] H/s 1m:2243.6 5m:2226.4 10m:2209.9 | Shares: 309/1 (found:310) | Diff: 131420 | 2m7s elapsed (since last share, avg 58s) | best=101 target=32681 (999%)
[2026-09-07T01:38:26Z INFO  minertim::miner] Worker 0 SHARE FOUND! job_id=ZFIzMTb0aUSLat9u, nonce=f45c1302, hash_val=25921, difficulty=131420, hash=2ae080d91616c3d7c0120555f6751fed9ef54ba10432305b63f3c1f141650000
[2026-09-07T01:38:29Z INFO  minertim] H/s 1m:2243.0 5m:2226.4 10m:2208.5 | Shares: 309/1 (found:311) | Diff: 131420 | 2s elapsed (since last share, avg 58s) | best=101 target=32681 (999%)
[2026-09-07T01:38:33Z INFO  minertim::pool_connection] New job: qYXWq1STjVqn6q0H (difficulty: 131420, target: a97f0000)
[2026-09-07T01:38:34Z INFO  minertim::pool_connection] Share accepted by pool
[2026-09-07T01:38:39Z INFO  minertim] H/s 1m:2196.0 5m:2218.3 10m:2202.5 | Shares: 310/1 (found:311) | Diff: 131420 | 12s elapsed (since last share, avg 59s) | best=101 target=32681 (999%)
[2026-09-07T01:38:49Z INFO  minertim] H/s 1m:2196.4 5m:2218.5 10m:2200.5 | Shares: 310/1 (found:311) | Diff: 131420 | 22s elapsed (since last share, avg 59s) | best=101 target=32681 (999%)
[2026-09-07T01:38:53Z INFO  minertim::pool_connection] New job: 0SYJu1iJaAO3PJq8 (difficulty: 131420, target: a97f0000)
[2026-09-07T01:38:59Z INFO  minertim] H/s 1m:2197.4 5m:2218.5 10m:2198.4 | Shares: 310/1 (found:311) | Diff: 131420 | 32s elapsed (since last share, avg 59s) | best=101 target=32681 (999%)
[2026-09-07T01:39:09Z INFO  minertim] H/s 1m:2196.3 5m:2218.4 10m:2196.4 | Shares: 310/1 (found:311) | Diff: 131420 | 42s elapsed (since last share, avg 59s) | best=101 target=32681 (999%)
[2026-09-07T01:39:09Z INFO  minertim::pool_connection] New job: v05R6gH09xhcwtUH (difficulty: 131420, target: a97f0000)
[2026-09-07T01:39:19Z INFO  minertim] H/s 1m:2196.6 5m:2218.3 10m:2194.3 | Shares: 310/1 (found:311) | Diff: 131420 | 52s elapsed (since last share, avg 59s) | best=101 target=32681 (999%)
[2026-09-07T01:39:29Z INFO  minertim] H/s 1m:2242.0 5m:2228.0 10m:2192.1 | Shares: 310/1 (found:311) | Diff: 131420 | 1m2s elapsed (since last share, avg 58s) | best=101 target=32681 (999%)
[2026-09-07T01:39:29Z INFO  minertim::pool_connection] New job: nb1UfGi0THeSh0jz (difficulty: 131420, target: a97f0000)
[2026-09-07T01:39:37Z INFO  minertim::pool_connection] New job: lmgE6cFI34ongeGm (difficulty: 131420, target: a97f0000)
[2026-09-07T01:39:39Z INFO  minertim] H/s 1m:2241.8 5m:2228.1 10m:2190.1 | Shares: 310/1 (found:311) | Diff: 131420 | 1m12s elapsed (since last share, avg 58s) | best=101 target=32681 (999%)
[2026-09-07T01:39:40Z INFO  minertim::pool_connection] New job: S0CPEd8FY5VljTlJ (difficulty: 131420, target: a97f0000)
[2026-09-07T01:39:42Z INFO  minertim::pool_connection] New job: 6LM6WstTqwBkMxVO (difficulty: 98564, target: 37aa0000)
[2026-09-07T01:39:49Z INFO  minertim] H/s 1m:2242.7 5m:2228.3 10m:2188.1 | Shares: 310/1 (found:311) | Diff: 98564 | 1m22s elapsed (since last share, avg 43s) | best=101 target=43575 (999%)
[2026-09-07T01:39:59Z INFO  minertim] H/s 1m:2243.7 5m:2228.3 10m:2186.1 | Shares: 310/1 (found:311) | Diff: 98564 | 1m32s elapsed (since last share, avg 43s) | best=101 target=43575 (999%)
[2026-09-07T01:40:00Z INFO  minertim::pool_connection] New job: JOhTRZlrBiBy0kVY (difficulty: 98564, target: 37aa0000)
[2026-09-07T01:40:09Z INFO  minertim] H/s 1m:2244.9 5m:2228.5 10m:2203.9 | Shares: 310/1 (found:311) | Diff: 98564 | 1m42s elapsed (since last share, avg 43s) | best=101 target=43575 (999%)
[2026-09-07T01:40:19Z INFO  minertim] H/s 1m:2245.5 5m:2228.5 10m:2213.6 | Shares: 310/1 (found:311) | Diff: 98564 | 1m52s elapsed (since last share, avg 43s) | best=101 target=43575 (999%)
[2026-09-07T01:40:20Z INFO  minertim::pool_connection] New job: Ct0HIMxbmx2wkxjz (difficulty: 98564, target: 37aa0000)
[2026-09-07T01:40:29Z INFO  minertim] H/s 1m:2244.9 5m:2228.5 10m:2221.2 | Shares: 310/1 (found:311) | Diff: 98564 | 2m2s elapsed (since last share, avg 43s) | best=101 target=43575 (999%)
[2026-09-07T01:40:31Z INFO  minertim::miner] Worker 0 SHARE FOUND! job_id=Ct0HIMxbmx2wkxjz, nonce=fc601702, hash_val=37948, difficulty=98564, hash=db32d367edc874cfbb9f9afd5f6389ca990e37c379ff9bba950cbe013c940000
[2026-09-07T01:40:37Z INFO  minertim::miner] Worker 1 SHARE FOUND! job_id=Ct0HIMxbmx2wkxjz, nonce=a1f32002, hash_val=6741, difficulty=98564, hash=ecc47aa8ee4450548cdd8b96694f1f7837a6a007945c542c0c44f0fe551a0000
[2026-09-07T01:40:39Z INFO  minertim] H/s 1m:2078.5 5m:2199.9 10m:2208.7 | Shares: 310/1 (found:313) | Diff: 98564 | 1s elapsed (since last share, avg 47s) | best=101 target=43575 (999%)
[2026-09-07T01:40:40Z INFO  minertim::pool_connection] New job: sVWCUXh6gk4Oeezx (difficulty: 98564, target: 37aa0000)
[2026-09-07T01:40:40Z INFO  minertim::pool_connection] Share accepted by pool
[2026-09-07T01:40:40Z INFO  minertim::pool_connection] Share accepted by pool
[2026-09-07T01:40:42Z INFO  minertim::pool_connection] New job: czE0KTas3NDYXdIX (difficulty: 147847, target: 7a710000)
[2026-09-07T01:40:49Z INFO  minertim] H/s 1m:2052.3 5m:2195.5 10m:2204.5 | Shares: 312/1 (found:313) | Diff: 147847 | 11s elapsed (since last share, avg 1m12s) | best=101 target=29050 (999%)
[2026-09-07T01:40:56Z INFO  minertim::miner] Worker 2 SHARE FOUND! job_id=czE0KTas3NDYXdIX, nonce=1ec21b02, hash_val=4256, difficulty=147847, hash=9e8480c23edc86e20127c773637186bd323c0e729990385e0cc8c942a0100000
[2026-09-07T01:40:59Z INFO  minertim] H/s 1m:2051.7 5m:2195.2 10m:2202.6 | Shares: 312/1 (found:314) | Diff: 147847 | 2s elapsed (since last share, avg 1m12s) | best=101 target=29050 (999%)
[2026-09-07T01:40:59Z INFO  minertim::pool_connection] New job: 36vTtwC3ApPlLlKr (difficulty: 147847, target: 7a710000)
[2026-09-07T01:41:00Z INFO  minertim::pool_connection] Share accepted by pool
[2026-09-07T01:41:09Z INFO  minertim] H/s 1m:2014.5 5m:2196.0 10m:2197.3 | Shares: 313/1 (found:314) | Diff: 147847 | 12s elapsed (since last share, avg 1m13s) | best=101 target=29050 (999%)
[2026-09-07T01:41:12Z INFO  minertim::pool_connection] New job: At7vGaW4FeXXR0JW (difficulty: 221778, target: a64b0000)
[2026-09-07T01:41:19Z INFO  minertim] H/s 1m:2015.8 5m:2196.3 10m:2195.5 | Shares: 313/1 (found:314) | Diff: 221778 | 22s elapsed (since last share, avg 1m50s) | best=101 target=19366 (999%)
[2026-09-07T01:41:19Z INFO  minertim::pool_connection] New job: ljJvMjcuwAu6I0C1 (difficulty: 221778, target: a64b0000)
[2026-09-07T01:41:29Z INFO  minertim] H/s 1m:2181.1 5m:2196.4 10m:2195.5 | Shares: 313/1 (found:314) | Diff: 221778 | 32s elapsed (since last share, avg 1m41s) | best=101 target=19366 (999%)
[2026-09-07T01:41:39Z INFO  minertim] H/s 1m:2223.6 5m:2199.4 10m:2196.9 | Shares: 313/1 (found:314) | Diff: 221778 | 42s elapsed (since last share, avg 1m39s) | best=101 target=19366 (999%)
[2026-09-07T01:41:39Z INFO  minertim::pool_connection] New job: JikSXlywlVG3hyJO (difficulty: 221778, target: a64b0000)
[2026-09-07T01:41:49Z INFO  minertim] H/s 1m:2244.9 5m:2203.0 10m:2208.0 | Shares: 313/1 (found:314) | Diff: 221778 | 52s elapsed (since last share, avg 1m38s) | best=101 target=19366 (999%)
[2026-09-07T01:41:59Z INFO  minertim::pool_connection] New job: QKhyozwgm2CMVorN (difficulty: 221778, target: a64b0000)
[2026-09-07T01:41:59Z INFO  minertim] H/s 1m:2303.3 5m:2206.9 10m:2214.8 | Shares: 313/1 (found:314) | Diff: 221778 | 1m2s elapsed (since last share, avg 1m36s) | best=101 target=19366 (999%)
[2026-09-07T01:42:09Z INFO  minertim] H/s 1m:2322.8 5m:2209.9 10m:2216.5 | Shares: 313/1 (found:314) | Diff: 221778 | 1m12s elapsed (since last share, avg 1m35s) | best=101 target=19366 (999%)
[2026-09-07T01:42:12Z INFO  minertim::pool_connection] New job: nyEgGT04tbOExoeC (difficulty: 136708, target: b97a0000)
[2026-09-07T01:42:19Z INFO  minertim::pool_connection] New job: yhcZ1EN0RPmkdWvg (difficulty: 136708, target: b97a0000)
[2026-09-07T01:42:19Z INFO  minertim] H/s 1m:2344.4 5m:2213.5 10m:2218.3 | Shares: 313/1 (found:314) | Diff: 136708 | 1m22s elapsed (since last share, avg 58s) | best=101 target=31417 (999%)
[2026-09-07T01:42:29Z INFO  minertim] H/s 1m:2349.0 5m:2217.2 10m:2220.2 | Shares: 313/1 (found:314) | Diff: 136708 | 1m32s elapsed (since last share, avg 58s) | best=101 target=31417 (999%)
[2026-09-07T01:42:38Z INFO  minertim::pool_connection] New job: jBOHlvOUFZ8xYxCl (difficulty: 136708, target: b97a0000)
[2026-09-07T01:42:39Z INFO  minertim] H/s 1m:2348.5 5m:2220.6 10m:2224.0 | Shares: 313/1 (found:314) | Diff: 136708 | 1m42s elapsed (since last share, avg 58s) | best=101 target=31417 (999%)
[2026-09-07T01:42:49Z INFO  minertim] H/s 1m:2348.3 5m:2224.3 10m:2225.8 | Shares: 313/1 (found:314) | Diff: 136708 | 1m52s elapsed (since last share, avg 58s) | best=101 target=31417 (999%)
[2026-09-07T01:42:58Z INFO  minertim::pool_connection] New job: 9laXEpQD3Z4q07kj (difficulty: 136708, target: b97a0000)
[2026-09-07T01:42:59Z INFO  minertim] H/s 1m:2349.4 5m:2228.3 10m:2227.6 | Shares: 313/1 (found:314) | Diff: 136708 | 2m2s elapsed (since last share, avg 58s) | best=101 target=31417 (999%)
[2026-09-07T01:43:09Z INFO  minertim::miner] Worker 0 SHARE FOUND! job_id=9laXEpQD3Z4q07kj, nonce=70a01c02, hash_val=18915, difficulty=136708, hash=107a577e8499b9211e587fa647fa2c46b2587f4f130db5c62f551840e3490000
[2026-09-07T01:43:09Z INFO  minertim] H/s 1m:2349.4 5m:2231.8 10m:2229.4 | Shares: 313/1 (found:315) | Diff: 136708 | 0s elapsed (since last share, avg 58s) | best=101 target=31417 (999%)
[2026-09-07T01:43:12Z INFO  minertim::pool_connection] New job: 0ATALcRRM9zw1obk (difficulty: 102532, target: a1a30000)
[2026-09-07T01:43:13Z INFO  minertim::pool_connection] Share accepted by pool
[2026-09-07T01:43:18Z INFO  minertim::pool_connection] New job: r2u8rSUVJtiEZkwQ (difficulty: 102532, target: a1a30000)
[2026-09-07T01:43:19Z INFO  minertim] H/s 1m:2339.0 5m:2233.8 10m:2230.3 | Shares: 314/1 (found:315) | Diff: 102532 | 10s elapsed (since last share, avg 43s) | best=101 target=41889 (999%)
[2026-09-07T01:43:29Z INFO  minertim] H/s 1m:2339.1 5m:2245.3 10m:2232.1 | Shares: 314/1 (found:315) | Diff: 102532 | 20s elapsed (since last share, avg 43s) | best=101 target=41889 (999%)
[2026-09-07T01:43:38Z INFO  minertim::pool_connection] New job: 0mpjP7QYEm26y5Xc (difficulty: 102532, target: a1a30000)
[2026-09-07T01:43:38Z INFO  minertim::pool_connection] New job: KexihaPk35iWGoyX (difficulty: 102532, target: a1a30000)
[2026-09-07T01:43:39Z INFO  minertim] H/s 1m:2338.5 5m:2248.8 10m:2233.8 | Shares: 314/1 (found:315) | Diff: 102532 | 30s elapsed (since last share, avg 43s) | best=101 target=41889 (999%)
[2026-09-07T01:43:42Z INFO  minertim::pool_connection] New job: S3ok0mYJOCp2GpMV (difficulty: 153798, target: 166d0000)
[2026-09-07T01:43:49Z INFO  minertim] H/s 1m:2338.3 5m:2252.6 10m:2235.6 | Shares: 314/1 (found:315) | Diff: 153798 | 40s elapsed (since last share, avg 1m5s) | best=101 target=27926 (999%)
[2026-09-07T01:43:58Z INFO  minertim::pool_connection] New job: qLuGoPvupLvxboi2 (difficulty: 153798, target: 166d0000)
[2026-09-07T01:43:59Z INFO  minertim] H/s 1m:2338.6 5m:2256.3 10m:2237.5 | Shares: 314/1 (found:315) | Diff: 153798 | 50s elapsed (since last share, avg 1m5s) | best=101 target=27926 (999%)
[2026-09-07T01:44:09Z INFO  minertim] H/s 1m:2348.7 5m:2260.0 10m:2239.2 | Shares: 314/1 (found:315) | Diff: 153798 | 1m0s elapsed (since last share, avg 1m5s) | best=101 target=27926 (999%)
[2026-09-07T01:44:12Z INFO  minertim::pool_connection] New job: Rs0OjhKua8pUttdf (difficulty: 117303, target: 068f0000)
[2026-09-07T01:44:18Z INFO  minertim::pool_connection] New job: dY56dTf6uKCnN3mJ (difficulty: 117303, target: 068f0000)
[2026-09-07T01:44:19Z INFO  minertim] H/s 1m:2348.7 5m:2263.7 10m:2241.0 | Shares: 314/1 (found:315) | Diff: 117303 | 1m10s elapsed (since last share, avg 49s) | best=101 target=36614 (999%)
[2026-09-07T01:44:29Z INFO  minertim] H/s 1m:2348.7 5m:2267.2 10m:2247.6 | Shares: 314/1 (found:315) | Diff: 117303 | 1m20s elapsed (since last share, avg 49s) | best=101 target=36614 (999%)
[2026-09-07T01:44:37Z INFO  minertim::pool_connection] New job: SGfC8M6tlb1SSven (difficulty: 117303, target: 068f0000)
[2026-09-07T01:44:39Z INFO  minertim] H/s 1m:2349.0 5m:2270.9 10m:2249.4 | Shares: 314/1 (found:315) | Diff: 117303 | 1m30s elapsed (since last share, avg 49s) | best=101 target=36614 (999%)
[2026-09-07T01:44:49Z INFO  minertim] H/s 1m:2348.6 5m:2274.4 10m:2251.3 | Shares: 314/1 (found:315) | Diff: 117303 | 1m40s elapsed (since last share, avg 49s) | best=101 target=36614 (999%)
[2026-09-07T01:44:57Z INFO  minertim::pool_connection] New job: IaT7Zjx9lcUodB2F (difficulty: 117303, target: 068f0000)
[2026-09-07T01:44:59Z INFO  minertim] H/s 1m:2348.4 5m:2277.9 10m:2253.0 | Shares: 314/1 (found:315) | Diff: 117303 | 1m50s elapsed (since last share, avg 49s) | best=101 target=36614 (999%)
[2026-09-07T01:45:09Z INFO  minertim] H/s 1m:2348.3 5m:2281.4 10m:2254.8 | Shares: 314/1 (found:315) | Diff: 117303 | 2m0s elapsed (since last share, avg 49s) | best=101 target=36614 (999%)
[2026-09-07T01:45:12Z INFO  minertim::pool_connection] New job: 5sl6cJvbBhUCF9Ub (difficulty: 87977, target: b3be0000)
[2026-09-07T01:45:17Z INFO  minertim::pool_connection] New job: IO6d05K0bNNoBm03 (difficulty: 87977, target: b3be0000)
[2026-09-07T01:45:19Z INFO  minertim] H/s 1m:2348.5 5m:2285.1 10m:2256.6 | Shares: 314/1 (found:315) | Diff: 87977 | 2m10s elapsed (since last share, avg 37s) | best=101 target=48819 (999%)
[2026-09-07T01:45:24Z INFO  minertim::miner] Worker 1 SHARE FOUND! job_id=IO6d05K0bNNoBm03, nonce=79242b02, hash_val=46903, difficulty=87977, hash=3eb2425f3ba2b5d69b9dd7ddd6f307a87b181cad8e34f3f2988aff1137b70000
[2026-09-07T01:45:29Z INFO  minertim] H/s 1m:2290.1 5m:2307.3 10m:2253.5 | Shares: 314/1 (found:316) | Diff: 87977 | 5s elapsed (since last share, avg 38s) | best=101 target=48819 (999%)
[2026-09-07T01:45:37Z INFO  minertim::pool_connection] New job: gkj0KmNjm9KdShG4 (difficulty: 87977, target: b3be0000)
[2026-09-07T01:45:37Z INFO  minertim::pool_connection] Share accepted by pool
[2026-09-07T01:45:39Z INFO  minertim] H/s 1m:2217.8 5m:2302.9 10m:2249.1 | Shares: 315/1 (found:316) | Diff: 87977 | 15s elapsed (since last share, avg 39s) | best=101 target=48819 (999%)
[2026-09-07T01:45:43Z INFO  minertim::pool_connection] New job: BP0O33JCuEu7W8vU (difficulty: 131966, target: 227f0000)
[2026-09-07T01:45:44Z INFO  minertim::miner] Worker 1 SHARE FOUND! job_id=BP0O33JCuEu7W8vU, nonce=11642b02, hash_val=2031, difficulty=131966, hash=222a0e41aaed0fc486560bc339b6e5c1ecbf261d8549c8da892b7f79ef070000
[2026-09-07T01:45:49Z INFO  minertim] H/s 1m:2156.5 5m:2295.9 10m:2245.7 | Shares: 315/1 (found:317) | Diff: 131966 | 5s elapsed (since last share, avg 1m1s) | best=101 target=32546 (999%)
[2026-09-07T01:45:56Z INFO  minertim::pool_connection] New job: nwO0o6NYKWnzpMVK (difficulty: 131966, target: 227f0000)
[2026-09-07T01:45:57Z INFO  minertim::pool_connection] Share accepted by pool
[2026-09-07T01:45:59Z INFO  minertim] H/s 1m:2059.3 5m:2289.1 10m:2239.1 | Shares: 316/1 (found:317) | Diff: 131966 | 15s elapsed (since last share, avg 1m4s) | best=101 target=32546 (999%)
[2026-09-07T01:46:09Z INFO  minertim] H/s 1m:2058.8 5m:2292.5 10m:2244.3 | Shares: 316/1 (found:317) | Diff: 131966 | 25s elapsed (since last share, avg 1m4s) | best=101 target=32546 (999%)
[2026-09-07T01:46:13Z INFO  minertim::pool_connection] New job: RTNIfKX010wHJ95P (difficulty: 197952, target: c1540000)
[2026-09-07T01:46:16Z INFO  minertim::pool_connection] New job: 0sS8vtlcmeC0SaZ4 (difficulty: 197952, target: c1540000)
[2026-09-07T01:46:17Z INFO  minertim::miner] Worker 3 SHARE FOUND! job_id=0sS8vtlcmeC0SaZ4, nonce=7fcc2902, hash_val=20092, difficulty=197952, hash=b93a7250950124c60b199894e1a9256d199f4ac1ff4a74d8b4dfb4347c4e0000
[2026-09-07T01:46:19Z INFO  minertim] H/s 1m:2117.0 5m:2296.3 10m:2246.2 | Shares: 316/1 (found:318) | Diff: 197952 | 1s elapsed (since last share, avg 1m33s) | best=101 target=21697 (999%)
[2026-09-07T01:46:29Z INFO  minertim] H/s 1m:2071.8 5m:2276.7 10m:2238.1 | Shares: 316/1 (found:318) | Diff: 197952 | 11s elapsed (since last share, avg 1m35s) | best=101 target=21697 (999%)
[2026-09-07T01:46:36Z INFO  minertim::pool_connection] New job: 03VyEoLco6TNZaTr (difficulty: 197952, target: c1540000)
[2026-09-07T01:46:36Z INFO  minertim::pool_connection] Share accepted by pool
[2026-09-07T01:46:39Z INFO  minertim] H/s 1m:2035.4 5m:2259.8 10m:2231.6 | Shares: 317/1 (found:318) | Diff: 197952 | 21s elapsed (since last share, avg 1m37s) | best=101 target=21697 (999%)
[2026-09-07T01:46:49Z INFO  minertim] H/s 1m:2133.3 5m:2259.8 10m:2233.5 | Shares: 317/1 (found:318) | Diff: 197952 | 32s elapsed (since last share, avg 1m32s) | best=101 target=21697 (999%)
[2026-09-07T01:46:56Z INFO  minertim::pool_connection] New job: 3q0Oyj3qhUnGMFam (difficulty: 197952, target: c1540000)
[2026-09-07T01:46:59Z INFO  minertim] H/s 1m:2134.1 5m:2260.0 10m:2235.3 | Shares: 317/1 (found:318) | Diff: 197952 | 42s elapsed (since last share, avg 1m32s) | best=101 target=21697 (999%)
[2026-09-07T01:47:09Z INFO  minertim::pool_connection] New job: zA1Rh5L10ZH7PPmz (difficulty: 197952, target: c1540000)
[2026-09-07T01:47:09Z INFO  minertim] H/s 1m:2134.0 5m:2260.0 10m:2236.9 | Shares: 317/1 (found:318) | Diff: 197952 | 52s elapsed (since last share, avg 1m32s) | best=101 target=21697 (999%)
[2026-09-07T01:47:19Z INFO  minertim] H/s 1m:2251.8 5m:2260.0 10m:2238.7 | Shares: 317/1 (found:318) | Diff: 197952 | 1m2s elapsed (since last share, avg 1m27s) | best=101 target=21697 (999%)
[2026-09-07T01:47:25Z INFO  minertim::miner] Worker 0 SHARE FOUND! job_id=zA1Rh5L10ZH7PPmz, nonce=54a12502, hash_val=11960, difficulty=197952, hash=bbf67923c8523c5b6d09ff1f53fe396d9a306c1c6f0963e14b5fb731b82e0000
[2026-09-07T01:47:26Z INFO  minertim::pool_connection] New job: FAwyWwvsz0nZ4uAg (difficulty: 197952, target: c1540000)
[2026-09-07T01:47:26Z INFO  minertim::pool_connection] Share accepted by pool
[2026-09-07T01:47:29Z INFO  minertim] H/s 1m:2342.6 5m:2258.8 10m:2239.9 | Shares: 318/1 (found:319) | Diff: 197952 | 4s elapsed (since last share, avg 1m24s) | best=101 target=21697 (999%)
[2026-09-07T01:47:39Z INFO  minertim] H/s 1m:2342.2 5m:2258.8 10m:2241.6 | Shares: 318/1 (found:319) | Diff: 197952 | 14s elapsed (since last share, avg 1m24s) | best=101 target=21697 (999%)
[2026-09-07T01:47:45Z INFO  minertim::pool_connection] New job: rsfIcXnnEsLwtvbZ (difficulty: 197952, target: c1540000)
[2026-09-07T01:47:49Z INFO  minertim] H/s 1m:2341.8 5m:2258.7 10m:2243.3 | Shares: 318/1 (found:319) | Diff: 197952 | 24s elapsed (since last share, avg 1m24s) | best=101 target=21697 (999%)
[2026-09-07T01:47:59Z INFO  minertim] H/s 1m:2341.9 5m:2258.7 10m:2245.3 | Shares: 318/1 (found:319) | Diff: 197952 | 34s elapsed (since last share, avg 1m24s) | best=101 target=21697 (999%)
[2026-09-07T01:48:05Z INFO  minertim::pool_connection] New job: 8zDGD4HzTYfjDbml (difficulty: 197952, target: c1540000)
[2026-09-07T01:48:09Z INFO  minertim] H/s 1m:2341.7 5m:2260.5 10m:2247.0 | Shares: 318/1 (found:319) | Diff: 197952 | 44s elapsed (since last share, avg 1m24s) | best=101 target=21697 (999%)
[2026-09-07T01:48:19Z INFO  minertim] H/s 1m:2348.7 5m:2260.5 10m:2248.8 | Shares: 318/1 (found:319) | Diff: 197952 | 54s elapsed (since last share, avg 1m24s) | best=101 target=21697 (999%)
[2026-09-07T01:48:25Z INFO  minertim::pool_connection] New job: Ccw1HLsPzwrcAcxB (difficulty: 197952, target: c1540000)
[2026-09-07T01:48:29Z INFO  minertim] H/s 1m:2348.6 5m:2260.5 10m:2254.5 | Shares: 318/1 (found:319) | Diff: 197952 | 1m4s elapsed (since last share, avg 1m24s) | best=101 target=21697 (999%)
[2026-09-07T01:48:39Z INFO  minertim] H/s 1m:2348.9 5m:2260.5 10m:2256.3 | Shares: 318/1 (found:319) | Diff: 197952 | 1m14s elapsed (since last share, avg 1m24s) | best=101 target=21697 (999%)
[2026-09-07T01:48:44Z INFO  minertim::pool_connection] New job: c9ytDMhpyOZlxU2I (difficulty: 197952, target: c1540000)
[2026-09-07T01:48:49Z INFO  minertim] H/s 1m:2348.6 5m:2260.4 10m:2258.1 | Shares: 318/1 (found:319) | Diff: 197952 | 1m24s elapsed (since last share, avg 1m24s) | best=101 target=21697 (999%)
[2026-09-07T01:48:59Z INFO  minertim] H/s 1m:2348.9 5m:2260.5 10m:2259.9 | Shares: 318/1 (found:319) | Diff: 197952 | 1m34s elapsed (since last share, avg 1m24s) | best=101 target=21697 (999%)
[2026-09-07T01:49:04Z INFO  minertim::pool_connection] New job: W7fVdu34qn7w4Fz2 (difficulty: 197952, target: c1540000)
[2026-09-07T01:49:09Z INFO  minertim] H/s 1m:2349.4 5m:2260.6 10m:2261.8 | Shares: 318/1 (found:319) | Diff: 197952 | 1m44s elapsed (since last share, avg 1m24s) | best=101 target=21697 (999%)
[2026-09-07T01:49:13Z INFO  minertim::pool_connection] New job: UmuO8vIyCy1hdb9K (difficulty: 137044, target: 6c7a0000)
[2026-09-07T01:49:19Z INFO  minertim] H/s 1m:2349.5 5m:2260.6 10m:2263.6 | Shares: 318/1 (found:319) | Diff: 137044 | 1m54s elapsed (since last share, avg 58s) | best=101 target=31340 (999%)
[2026-09-07T01:49:24Z INFO  minertim::pool_connection] New job: ws36ZrZbT951DCpy (difficulty: 137044, target: 6c7a0000)
[2026-09-07T01:49:29Z INFO  minertim] H/s 1m:2349.2 5m:2260.5 10m:2265.4 | Shares: 318/1 (found:319) | Diff: 137044 | 2m4s elapsed (since last share, avg 58s) | best=101 target=31340 (999%)
[2026-09-07T01:49:31Z INFO  minertim::miner] Worker 2 SHARE FOUND! job_id=ws36ZrZbT951DCpy, nonce=faf22d02, hash_val=17094, difficulty=137044, hash=332b1f91017d43f647e35b37a8a5ebab2cee61d64ac7b55e914f55bdc6420000
[2026-09-07T01:49:39Z INFO  minertim] H/s 1m:2293.9 5m:2251.0 10m:2262.4 | Shares: 318/1 (found:320) | Diff: 137044 | 7s elapsed (since last share, avg 59s) | best=101 target=31340 (999%)
[2026-09-07T01:49:41Z INFO  minertim::miner] Worker 3 SHARE FOUND! job_id=ws36ZrZbT951DCpy, nonce=d77c3002, hash_val=28312, difficulty=137044, hash=6ad3f3ac2dfc1bfd6352ae4ca8f4472dda9184e3c7255f3ee87e3e96986e0000
[2026-09-07T01:49:42Z INFO  minertim::pool_connection] New job: K5bvgdnBpHQr0wlU (difficulty: 137044, target: 6c7a0000)
[2026-09-07T01:49:42Z INFO  minertim::pool_connection] Share accepted by pool
[2026-09-07T01:49:42Z INFO  minertim::pool_connection] Share accepted by pool
[2026-09-07T01:49:43Z INFO  minertim::pool_connection] New job: vnCz0vDm5BR5xPpT (difficulty: 205569, target: 9d510000)
[2026-09-07T01:49:49Z INFO  minertim] H/s 1m:2254.1 5m:2244.2 10m:2260.8 | Shares: 320/1 (found:321) | Diff: 205569 | 7s elapsed (since last share, avg 1m31s) | best=101 target=20893 (999%)
[2026-09-07T01:49:59Z INFO  minertim] H/s 1m:2253.7 5m:2244.3 10m:2262.5 | Shares: 320/1 (found:321) | Diff: 205569 | 17s elapsed (since last share, avg 1m31s) | best=101 target=20893 (999%)
[2026-09-07T01:50:00Z INFO  minertim::pool_connection] New job: D04FeOEtgcKv6s8F (difficulty: 205569, target: 9d510000)
[2026-09-07T01:50:09Z INFO  minertim] H/s 1m:2253.5 5m:2244.3 10m:2264.3 | Shares: 320/1 (found:321) | Diff: 205569 | 28s elapsed (since last share, avg 1m31s) | best=101 target=20893 (999%)
[2026-09-07T01:50:19Z INFO  minertim] H/s 1m:2253.5 5m:2254.2 10m:2266.1 | Shares: 320/1 (found:321) | Diff: 205569 | 38s elapsed (since last share, avg 1m31s) | best=101 target=20893 (999%)
[2026-09-07T01:50:20Z INFO  minertim::pool_connection] New job: xm6B0I1Um0aqBRHu (difficulty: 205569, target: 9d510000)
[2026-09-07T01:50:29Z INFO  minertim] H/s 1m:2309.2 5m:2266.8 10m:2282.0 | Shares: 320/1 (found:321) | Diff: 205569 | 48s elapsed (since last share, avg 1m29s) | best=101 target=20893 (999%)
[2026-09-07T01:50:39Z INFO  minertim] H/s 1m:2348.5 5m:2277.3 10m:2285.9 | Shares: 320/1 (found:321) | Diff: 205569 | 58s elapsed (since last share, avg 1m27s) | best=101 target=20893 (999%)
[2026-09-07T01:50:40Z INFO  minertim::pool_connection] New job: rUvKj0mhmp0OcKV0 (difficulty: 205569, target: 9d510000)
[2026-09-07T01:50:43Z INFO  minertim::pool_connection] New job: 0TK25lHgNzRR30F3 (difficulty: 154173, target: d26c0000)
[2026-09-07T01:50:49Z INFO  minertim] H/s 1m:2348.3 5m:2294.1 10m:2287.7 | Shares: 320/1 (found:321) | Diff: 154173 | 1m8s elapsed (since last share, avg 1m5s) | best=101 target=27858 (999%)
[2026-09-07T01:50:59Z INFO  minertim] H/s 1m:2348.5 5m:2294.2 10m:2292.6 | Shares: 320/1 (found:321) | Diff: 154173 | 1m18s elapsed (since last share, avg 1m5s) | best=101 target=27858 (999%)
[2026-09-07T01:51:00Z INFO  minertim::pool_connection] New job: kh9exgARxM619svT (difficulty: 154173, target: d26c0000)
[2026-09-07T01:51:09Z INFO  minertim::pool_connection] New job: GHkdy02aIWZMfmdJ (difficulty: 154173, target: d26c0000)
[2026-09-07T01:51:09Z INFO  minertim] H/s 1m:2348.3 5m:2294.1 10m:2294.3 | Shares: 320/1 (found:321) | Diff: 154173 | 1m28s elapsed (since last share, avg 1m5s) | best=101 target=27858 (999%)
[2026-09-07T01:51:19Z INFO  minertim] H/s 1m:2348.5 5m:2314.5 10m:2296.1 | Shares: 320/1 (found:321) | Diff: 154173 | 1m38s elapsed (since last share, avg 1m5s) | best=101 target=27858 (999%)
[2026-09-07T01:51:28Z INFO  minertim::pool_connection] New job: O9MDJt5VZxlSHS89 (difficulty: 154173, target: d26c0000)
[2026-09-07T01:51:29Z INFO  minertim] H/s 1m:2347.9 5m:2331.2 10m:2296.4 | Shares: 320/1 (found:321) | Diff: 154173 | 1m48s elapsed (since last share, avg 1m5s) | best=101 target=27858 (999%)
[2026-09-07T01:51:39Z INFO  minertim] H/s 1m:2328.7 5m:2327.8 10m:2294.8 | Shares: 320/1 (found:321) | Diff: 154173 | 1m58s elapsed (since last share, avg 1m6s) | best=101 target=27858 (999%)
[2026-09-07T01:51:43Z INFO  minertim::pool_connection] New job: oSNMJZr7R3VGxziy (difficulty: 113734, target: 83930000)
[2026-09-07T01:51:48Z INFO  minertim::pool_connection] New job: 2kBEEjuKF00yohWs (difficulty: 113734, target: 83930000)
[2026-09-07T01:51:49Z INFO  minertim] H/s 1m:2307.9 5m:2324.2 10m:2293.0 | Shares: 320/1 (found:321) | Diff: 113734 | 2m8s elapsed (since last share, avg 49s) | best=101 target=37763 (999%)
[2026-09-07T01:51:59Z INFO  minertim] H/s 1m:2287.5 5m:2320.6 10m:2291.3 | Shares: 320/1 (found:321) | Diff: 113734 | 2m18s elapsed (since last share, avg 49s) | best=101 target=37763 (999%)
[2026-09-07T01:52:08Z INFO  minertim::pool_connection] New job: bF602yoUZpw3eXPh (difficulty: 113734, target: 83930000)
[2026-09-07T01:52:09Z INFO  minertim] H/s 1m:2265.0 5m:2316.8 10m:2289.4 | Shares: 320/1 (found:321) | Diff: 113734 | 2m28s elapsed (since last share, avg 50s) | best=101 target=37763 (999%)
[2026-09-07T01:52:19Z INFO  minertim] H/s 1m:2245.9 5m:2314.5 10m:2287.7 | Shares: 320/1 (found:321) | Diff: 113734 | 2m38s elapsed (since last share, avg 50s) | best=101 target=37763 (999%)
[2026-09-07T01:52:22Z INFO  minertim::miner] Worker 2 SHARE FOUND! job_id=bF602yoUZpw3eXPh, nonce=aa903302, hash_val=27173, difficulty=113734, hash=5cc20d97cfd54d90f6cce599c2cd4c99870ee16add67051fe42339a3256a0000
[2026-09-07T01:52:28Z INFO  minertim::pool_connection] New job: 7Q0X4QsI4XONW5Qn (difficulty: 113734, target: 83930000)
[2026-09-07T01:52:28Z INFO  minertim::pool_connection] Share accepted by pool
[2026-09-07T01:52:29Z INFO  minertim] H/s 1m:2189.2 5m:2301.4 10m:2281.3 | Shares: 321/1 (found:322) | Diff: 113734 | 7s elapsed (since last share, avg 51s) | best=101 target=37763 (999%)
[2026-09-07T01:52:31Z INFO  minertim::pool_connection] New job: tZpZ6cAmGhByfxou (difficulty: 113734, target: 83930000)
[2026-09-07T01:52:39Z INFO  minertim] H/s 1m:2188.1 5m:2297.7 10m:2279.4 | Shares: 321/1 (found:322) | Diff: 113734 | 17s elapsed (since last share, avg 51s) | best=101 target=37763 (999%)
[2026-09-07T01:52:43Z INFO  minertim::miner] Worker 1 SHARE FOUND! job_id=tZpZ6cAmGhByfxou, nonce=e1f53902, hash_val=15516, difficulty=113734, hash=4395a0c18f557077d414ebc270e77effe5c1ed0f00ca3db5a79cf2299c3c0000
[2026-09-07T01:52:49Z INFO  minertim] H/s 1m:2132.4 5m:2284.5 10m:2272.9 | Shares: 321/1 (found:323) | Diff: 113734 | 6s elapsed (since last share, avg 53s) | best=101 target=37763 (999%)
[2026-09-07T01:52:51Z INFO  minertim::pool_connection] New job: 5qAghOhBAqBD5aqi (difficulty: 113734, target: 83930000)
[2026-09-07T01:52:51Z INFO  minertim::pool_connection] Share accepted by pool
[2026-09-07T01:52:59Z INFO  minertim] H/s 1m:2099.4 5m:2275.0 10m:2268.2 | Shares: 322/1 (found:323) | Diff: 113734 | 16s elapsed (since last share, avg 54s) | best=101 target=37763 (999%)
[2026-09-07T01:53:09Z INFO  minertim] H/s 1m:2099.1 5m:2271.5 10m:2267.4 | Shares: 322/1 (found:323) | Diff: 113734 | 26s elapsed (since last share, avg 54s) | best=101 target=37763 (999%)
[2026-09-07T01:53:11Z INFO  minertim::pool_connection] New job: T3Qqxve5CYkmyvvI (difficulty: 113734, target: 83930000)
[2026-09-07T01:53:19Z INFO  minertim] H/s 1m:2154.4 5m:2268.0 10m:2265.6 | Shares: 322/1 (found:323) | Diff: 113734 | 36s elapsed (since last share, avg 52s) | best=101 target=37763 (999%)
[2026-09-07T01:53:29Z INFO  minertim] H/s 1m:2155.1 5m:2264.3 10m:2263.9 | Shares: 322/1 (found:323) | Diff: 113734 | 46s elapsed (since last share, avg 52s) | best=101 target=37763 (999%)
[2026-09-07T01:53:31Z INFO  minertim::pool_connection] New job: DuH7Vn0Vp0Bo4LMn (difficulty: 113734, target: 83930000)
[2026-09-07T01:53:39Z INFO  minertim] H/s 1m:2211.7 5m:2260.9 10m:2262.2 | Shares: 322/1 (found:323) | Diff: 113734 | 56s elapsed (since last share, avg 51s) | best=101 target=37763 (999%)
[2026-09-07T01:53:49Z INFO  minertim] H/s 1m:2246.4 5m:2257.3 10m:2260.4 | Shares: 322/1 (found:323) | Diff: 113734 | 1m6s elapsed (since last share, avg 50s) | best=101 target=37763 (999%)
[2026-09-07T01:53:51Z INFO  minertim::pool_connection] New job: nj7Phi364QJs4yi0 (difficulty: 113734, target: 83930000)
[2026-09-07T01:53:58Z INFO  minertim::miner] Worker 2 SHARE FOUND! job_id=nj7Phi364QJs4yi0, nonce=9ea93602, hash_val=9857, difficulty=113734, hash=36d1c1780ab6ce4d9c0b0e31012e84119f75eaec455d625476bac36981260000
[2026-09-07T01:54:00Z INFO  minertim] H/s 1m:2245.4 5m:2253.6 10m:2258.6 | Shares: 322/1 (found:324) | Diff: 113734 | 1s elapsed (since last share, avg 50s) | best=101 target=37763 (999%)
[2026-09-07T01:54:10Z INFO  minertim] H/s 1m:2136.2 5m:2231.2 10m:2247.6 | Shares: 322/1 (found:324) | Diff: 113734 | 11s elapsed (since last share, avg 53s) | best=101 target=37763 (999%)
[2026-09-07T01:54:10Z INFO  minertim::pool_connection] New job: Q4m5mI2yhNjhrzXK (difficulty: 113734, target: 83930000)
[2026-09-07T01:54:11Z INFO  minertim::pool_connection] Share accepted by pool
[2026-09-07T01:54:20Z INFO  minertim] H/s 1m:2085.0 5m:2218.7 10m:2241.5 | Shares: 323/1 (found:324) | Diff: 113734 | 21s elapsed (since last share, avg 54s) | best=101 target=37763 (999%)
[2026-09-07T01:54:30Z INFO  minertim] H/s 1m:2083.6 5m:2224.6 10m:2239.7 | Shares: 323/1 (found:324) | Diff: 113734 | 31s elapsed (since last share, avg 54s) | best=101 target=37763 (999%)
[2026-09-07T01:54:30Z INFO  minertim::pool_connection] New job: psduXmtV0A3PvSr0 (difficulty: 113734, target: 83930000)
[2026-09-07T01:54:35Z INFO  minertim::miner] Worker 2 SHARE FOUND! job_id=psduXmtV0A3PvSr0, nonce=f67d3702, hash_val=37438, difficulty=113734, hash=64d21c34f118946dcbbf66061df11629b7c700f5ba030b2f48401a643e920000
[2026-09-07T01:54:40Z INFO  minertim] H/s 1m:2027.2 5m:2218.2 10m:2233.2 | Shares: 323/1 (found:325) | Diff: 113734 | 5s elapsed (since last share, avg 56s) | best=101 target=37763 (999%)
[2026-09-07T01:54:42Z INFO  minertim::miner] Worker 1 SHARE FOUND! job_id=psduXmtV0A3PvSr0, nonce=75c03d02, hash_val=6102, difficulty=113734, hash=b01e0fe2bb93f629ffdde2db086d5d9d8bf5ce0c071654e18af7d840d6170000
[2026-09-07T01:54:50Z INFO  minertim] H/s 1m:1869.0 5m:2187.2 10m:2218.0 | Shares: 323/1 (found:326) | Diff: 113734 | 7s elapsed (since last share, avg 1m0s) | best=101 target=37763 (999%)
[2026-09-07T01:54:50Z INFO  minertim::pool_connection] New job: z2E0nqnrZGzKBnCA (difficulty: 113734, target: 83930000)
[2026-09-07T01:54:50Z INFO  minertim::pool_connection] Share accepted by pool
[2026-09-07T01:54:51Z INFO  minertim::pool_connection] Share accepted by pool
[2026-09-07T01:55:00Z INFO  minertim] H/s 1m:1922.3 5m:2174.1 10m:2211.5 | Shares: 325/1 (found:326) | Diff: 113734 | 17s elapsed (since last share, avg 59s) | best=101 target=37763 (999%)
[2026-09-07T01:55:04Z INFO  minertim::pool_connection] New job: UybeKR6eZuNuH89s (difficulty: 113734, target: 83930000)
[2026-09-07T01:55:10Z INFO  minertim] H/s 1m:1972.5 5m:2170.2 10m:2209.6 | Shares: 325/1 (found:326) | Diff: 113734 | 27s elapsed (since last share, avg 57s) | best=101 target=37763 (999%)
[2026-09-07T01:55:20Z INFO  minertim] H/s 1m:1973.1 5m:2166.7 10m:2212.8 | Shares: 325/1 (found:326) | Diff: 113734 | 38s elapsed (since last share, avg 57s) | best=101 target=37763 (999%)
[2026-09-07T01:55:23Z INFO  minertim::pool_connection] New job: uXjwu20Q8ESNAgZ2 (difficulty: 113734, target: 83930000)
[2026-09-07T01:55:30Z INFO  minertim] H/s 1m:2027.9 5m:2162.9 10m:2217.1 | Shares: 325/1 (found:326) | Diff: 113734 | 48s elapsed (since last share, avg 56s) | best=101 target=37763 (999%)
[2026-09-07T01:55:40Z INFO  minertim] H/s 1m:2186.1 5m:2159.3 10m:2220.5 | Shares: 325/1 (found:326) | Diff: 113734 | 58s elapsed (since last share, avg 52s) | best=101 target=37763 (999%)
[2026-09-07T01:55:43Z INFO  minertim::pool_connection] New job: l2IDWrn6oUcR6t10 (difficulty: 113734, target: 83930000)
[2026-09-07T01:55:50Z INFO  minertim] H/s 1m:2241.0 5m:2155.5 10m:2226.9 | Shares: 325/1 (found:326) | Diff: 113734 | 1m8s elapsed (since last share, avg 50s) | best=101 target=37763 (999%)
[2026-09-07T01:56:00Z INFO  minertim] H/s 1m:2241.7 5m:2151.9 10m:2225.1 | Shares: 325/1 (found:326) | Diff: 113734 | 1m18s elapsed (since last share, avg 50s) | best=101 target=37763 (999%)
[2026-09-07T01:56:03Z INFO  minertim::pool_connection] New job: cvssWfzjq5Kcf0Ad (difficulty: 113734, target: 83930000)
[2026-09-07T01:56:10Z INFO  minertim] H/s 1m:2240.4 5m:2148.0 10m:2223.3 | Shares: 325/1 (found:326) | Diff: 113734 | 1m28s elapsed (since last share, avg 50s) | best=101 target=37763 (999%)
[2026-09-07T01:56:20Z INFO  minertim] H/s 1m:2241.0 5m:2144.5 10m:2231.4 | Shares: 325/1 (found:326) | Diff: 113734 | 1m38s elapsed (since last share, avg 50s) | best=101 target=37763 (999%)
[2026-09-07T01:56:23Z INFO  minertim::pool_connection] New job: DP0t632DP8KZoOPY (difficulty: 113734, target: 83930000)
[2026-09-07T01:56:24Z INFO  minertim::miner] Worker 3 SHARE FOUND! job_id=DP0t632DP8KZoOPY, nonce=33823e02, hash_val=30733, difficulty=113734, hash=7ca6147040b14ac89bab8d4f44c0914a2efc05381c86cc83e0168bbe0d780000
[2026-09-07T01:56:30Z INFO  minertim] H/s 1m:2185.2 5m:2134.5 10m:2233.2 | Shares: 325/1 (found:327) | Diff: 113734 | 5s elapsed (since last share, avg 52s) | best=101 target=37763 (999%)
[2026-09-07T01:56:40Z INFO  minertim] H/s 1m:2078.4 5m:2116.0 10m:2222.3 | Shares: 325/1 (found:327) | Diff: 113734 | 15s elapsed (since last share, avg 54s) | best=101 target=37763 (999%)
[2026-09-07T01:56:43Z INFO  minertim::pool_connection] New job: jYuIoDqf3gK94t2b (difficulty: 113734, target: 83930000)
[2026-09-07T01:56:43Z INFO  minertim::pool_connection] Share accepted by pool
[2026-09-07T01:56:50Z INFO  minertim] H/s 1m:2062.6 5m:2113.1 10m:2219.1 | Shares: 326/1 (found:327) | Diff: 113734 | 25s elapsed (since last share, avg 55s) | best=101 target=37763 (999%)
[2026-09-07T01:56:57Z INFO  minertim::pool_connection] New job: 2lwNa3GmvEv78N5P (difficulty: 113734, target: 83930000)
[2026-09-07T01:57:00Z INFO  minertim] H/s 1m:2064.0 5m:2113.4 10m:2217.4 | Shares: 326/1 (found:327) | Diff: 113734 | 35s elapsed (since last share, avg 55s) | best=101 target=37763 (999%)
[2026-09-07T01:57:10Z INFO  minertim] H/s 1m:2064.5 5m:2113.2 10m:2215.6 | Shares: 326/1 (found:327) | Diff: 113734 | 45s elapsed (since last share, avg 55s) | best=101 target=37763 (999%)
[2026-09-07T01:57:17Z INFO  minertim::pool_connection] New job: suwZuMPGhT8TpNSl (difficulty: 113734, target: 83930000)
[2026-09-07T01:57:20Z INFO  minertim] H/s 1m:2120.4 5m:2122.7 10m:2214.4 | Shares: 326/1 (found:327) | Diff: 113734 | 55s elapsed (since last share, avg 53s) | best=101 target=37763 (999%)
[2026-09-07T01:57:29Z INFO  minertim::miner] Worker 1 SHARE FOUND! job_id=suwZuMPGhT8TpNSl, nonce=49354302, hash_val=37288, difficulty=113734, hash=27e2e5e6eda9d4f9af2dfc507ab29d2ec3b6c731df3bfbe16430aaaca8910000
[2026-09-07T01:57:30Z INFO  minertim] H/s 1m:2228.4 5m:2122.9 10m:2212.6 | Shares: 326/1 (found:328) | Diff: 113734 | 0s elapsed (since last share, avg 51s) | best=101 target=37763 (999%)
[2026-09-07T01:57:37Z INFO  minertim::pool_connection] New job: DynImaPQhlq8Me06 (difficulty: 113734, target: 83930000)
[2026-09-07T01:57:37Z INFO  minertim::pool_connection] Share accepted by pool
[2026-09-07T01:57:40Z INFO  minertim] H/s 1m:2181.0 5m:2121.5 10m:2205.5 | Shares: 327/1 (found:328) | Diff: 113734 | 10s elapsed (since last share, avg 52s) | best=101 target=37763 (999%)
[2026-09-07T01:57:50Z INFO  minertim] H/s 1m:2179.3 5m:2127.1 10m:2203.6 | Shares: 327/1 (found:328) | Diff: 113734 | 20s elapsed (since last share, avg 52s) | best=101 target=37763 (999%)
[2026-09-07T01:57:56Z INFO  minertim::pool_connection] New job: iHiRGsz00RDnsHac (difficulty: 113734, target: 83930000)
[2026-09-07T01:58:00Z INFO  minertim] H/s 1m:2178.6 5m:2126.9 10m:2201.7 | Shares: 327/1 (found:328) | Diff: 113734 | 30s elapsed (since last share, avg 52s) | best=101 target=37763 (999%)
[2026-09-07T01:58:10Z INFO  minertim] H/s 1m:2177.4 5m:2126.6 10m:2199.9 | Shares: 327/1 (found:328) | Diff: 113734 | 40s elapsed (since last share, avg 52s) | best=101 target=37763 (999%)
[2026-09-07T01:58:16Z INFO  minertim::pool_connection] New job: 1XTM0WIec51MijkU (difficulty: 113734, target: 83930000)
[2026-09-07T01:58:20Z INFO  minertim] H/s 1m:2177.0 5m:2126.7 10m:2198.1 | Shares: 327/1 (found:328) | Diff: 113734 | 50s elapsed (since last share, avg 52s) | best=101 target=37763 (999%)
[2026-09-07T01:58:30Z INFO  minertim] H/s 1m:2240.0 5m:2126.4 10m:2196.2 | Shares: 327/1 (found:328) | Diff: 113734 | 1m0s elapsed (since last share, avg 50s) | best=101 target=37763 (999%)
[2026-09-07T01:58:36Z INFO  minertim::pool_connection] New job: 5Hp6e8WUqxDdznbu (difficulty: 113734, target: 83930000)
[2026-09-07T01:58:40Z INFO  minertim] H/s 1m:2240.7 5m:2126.2 10m:2194.4 | Shares: 327/1 (found:328) | Diff: 113734 | 1m10s elapsed (since last share, avg 50s) | best=101 target=37763 (999%)
[2026-09-07T01:58:47Z INFO  minertim::pool_connection] New job: IAz851QtQHmZMHRN (difficulty: 113734, target: 83930000)
[2026-09-07T01:58:50Z INFO  minertim] H/s 1m:2240.7 5m:2126.1 10m:2192.6 | Shares: 327/1 (found:328) | Diff: 113734 | 1m20s elapsed (since last share, avg 50s) | best=101 target=37763 (999%)
[2026-09-07T01:59:00Z INFO  minertim] H/s 1m:2241.1 5m:2144.7 10m:2190.7 | Shares: 327/1 (found:328) | Diff: 113734 | 1m30s elapsed (since last share, avg 50s) | best=101 target=37763 (999%)
[2026-09-07T01:59:01Z INFO  minertim::miner] Worker 2 SHARE FOUND! job_id=IAz851QtQHmZMHRN, nonce=d2144002, hash_val=7083, difficulty=113734, hash=0b7572e390641fa7a1fc6acebf8d510652ef81c07b5d2e6663583d4fab1b0000
[2026-09-07T01:59:06Z INFO  minertim::miner] Worker 0 SHARE FOUND! job_id=IAz851QtQHmZMHRN, nonce=d0003e02, hash_val=9883, difficulty=113734, hash=43979d44b154c697f7227598ab299493e48154611bae55052dde97ba9b260000
[2026-09-07T01:59:07Z INFO  minertim::pool_connection] New job: DAm6VEdUlZEepAG9 (difficulty: 113734, target: 83930000)
[2026-09-07T01:59:07Z INFO  minertim::pool_connection] Share accepted by pool
[2026-09-07T01:59:07Z INFO  minertim::pool_connection] Share accepted by pool
[2026-09-07T01:59:10Z INFO  minertim] H/s 1m:2186.1 5m:2144.1 10m:2184.2 | Shares: 329/1 (found:330) | Diff: 113734 | 4s elapsed (since last share, avg 52s) | best=101 target=37763 (999%)
[2026-09-07T01:59:20Z INFO  minertim] H/s 1m:2185.9 5m:2144.0 10m:2182.4 | Shares: 329/1 (found:330) | Diff: 113734 | 14s elapsed (since last share, avg 52s) | best=101 target=37763 (999%)
[2026-09-07T01:59:26Z INFO  minertim::pool_connection] New job: owgZaZDi9O4GMnSW (difficulty: 113734, target: 83930000)
[2026-09-07T01:59:30Z INFO  minertim] H/s 1m:2178.9 5m:2152.3 10m:2184.7 | Shares: 329/1 (found:330) | Diff: 113734 | 24s elapsed (since last share, avg 52s) | best=101 target=37763 (999%)
[2026-09-07T01:59:40Z INFO  minertim] H/s 1m:2164.9 5m:2177.1 10m:2185.0 | Shares: 329/1 (found:330) | Diff: 113734 | 34s elapsed (since last share, avg 52s) | best=101 target=37763 (999%)
[2026-09-07T01:59:46Z INFO  minertim::pool_connection] New job: jo7gtRZ35uQ463uj (difficulty: 113734, target: 83930000)
[2026-09-07T01:59:46Z INFO  minertim::miner] Worker 3 SHARE FOUND! job_id=jo7gtRZ35uQ463uj, nonce=0fc64402, hash_val=13123, difficulty=113734, hash=a2df764a7f5de26c1af245814f673fe2fee270d8cf87950331f31cf243330000
[2026-09-07T01:59:50Z INFO  minertim] H/s 1m:2098.5 5m:2175.1 10m:2177.5 | Shares: 329/1 (found:331) | Diff: 113734 | 3s elapsed (since last share, avg 54s) | best=101 target=37763 (999%)
[2026-09-07T02:00:00Z INFO  minertim] H/s 1m:2033.3 5m:2154.6 10m:2165.6 | Shares: 329/1 (found:331) | Diff: 113734 | 13s elapsed (since last share, avg 55s) | best=101 target=37763 (999%)
[2026-09-07T02:00:01Z INFO  minertim::pool_connection] Share accepted by pool
[2026-09-07T02:00:02Z INFO  minertim::miner] Worker 1 SHARE FOUND! job_id=jo7gtRZ35uQ463uj, nonce=21244802, hash_val=7050, difficulty=113734, hash=fab09a3cd1e890ace9a9b3d5e648d22c434c8fe64f48bf7933df48f68a1b0000
[2026-09-07T02:00:02Z INFO  minertim::pool_connection] Share accepted by pool
[2026-09-07T02:00:06Z INFO  minertim::pool_connection] New job: 3nvSy9c0yGfuEzlA (difficulty: 113734, target: 83930000)
[2026-09-07T02:00:10Z INFO  minertim] H/s 1m:2002.8 5m:2149.1 10m:2161.2 | Shares: 331/1 (found:332) | Diff: 113734 | 8s elapsed (since last share, avg 56s) | best=101 target=37763 (999%)
[2026-09-07T02:00:19Z INFO  minertim::miner] Worker 2 SHARE FOUND! job_id=3nvSy9c0yGfuEzlA, nonce=be814202, hash_val=9209, difficulty=113734, hash=037dc766d7b1259b2a5cbfe83e9c361d024d92d515a06ef9f92a5853f9230000
[2026-09-07T02:00:20Z INFO  minertim] H/s 1m:2001.8 5m:2147.8 10m:2158.6 | Shares: 331/1 (found:333) | Diff: 113734 | 0s elapsed (since last share, avg 56s) | best=101 target=37763 (999%)
[2026-09-07T02:00:26Z INFO  minertim::pool_connection] New job: MyujIP47OwnHka8Q (difficulty: 113734, target: 83930000)
[2026-09-07T02:00:26Z INFO  minertim::pool_connection] Share accepted by pool
[2026-09-07T02:00:30Z INFO  minertim] H/s 1m:1928.9 5m:2132.8 10m:2149.5 | Shares: 332/1 (found:333) | Diff: 113734 | 11s elapsed (since last share, avg 58s) | best=101 target=37763 (999%)
[2026-09-07T02:00:40Z INFO  minertim] H/s 1m:1992.1 5m:2132.2 10m:2147.3 | Shares: 332/1 (found:333) | Diff: 113734 | 21s elapsed (since last share, avg 57s) | best=101 target=37763 (999%)
[2026-09-07T02:00:46Z INFO  minertim::pool_connection] New job: wHlebaKd6dzNtDeB (difficulty: 113734, target: 83930000)
[2026-09-07T02:00:50Z INFO  minertim] H/s 1m:2111.3 5m:2132.1 10m:2145.5 | Shares: 332/1 (found:333) | Diff: 113734 | 31s elapsed (since last share, avg 53s) | best=101 target=37763 (999%)
[2026-09-07T02:01:00Z INFO  minertim] H/s 1m:2142.3 5m:2132.2 10m:2143.7 | Shares: 332/1 (found:333) | Diff: 113734 | 41s elapsed (since last share, avg 53s) | best=101 target=37763 (999%)
[2026-09-07T02:01:06Z INFO  minertim::pool_connection] New job: 0c9uc0l5yppw2Vr2 (difficulty: 113734, target: 83930000)
[2026-09-07T02:01:10Z INFO  minertim] H/s 1m:2150.5 5m:2132.2 10m:2141.8 | Shares: 332/1 (found:333) | Diff: 113734 | 51s elapsed (since last share, avg 52s) | best=101 target=37763 (999%)
[2026-09-07T02:01:20Z INFO  minertim] H/s 1m:2237.8 5m:2141.8 10m:2140.1 | Shares: 332/1 (found:333) | Diff: 113734 | 1m1s elapsed (since last share, avg 50s) | best=101 target=37763 (999%)
[2026-09-07T02:01:25Z INFO  minertim::pool_connection] New job: NKionVG03fGXKj7o (difficulty: 113734, target: 83930000)
[2026-09-07T02:01:28Z INFO  minertim::miner] Worker 2 SHARE FOUND! job_id=NKionVG03fGXKj7o, nonce=22a54402, hash_val=26957, difficulty=113734, hash=98315ba015911130fc0c5ddea18ad76782d2e7a49e8ba354926d9e3d4d690000
[2026-09-07T02:01:30Z INFO  minertim] H/s 1m:2241.8 5m:2160.4 10m:2140.0 | Shares: 332/1 (found:334) | Diff: 113734 | 1s elapsed (since last share, avg 50s) | best=101 target=37763 (999%)
[2026-09-07T02:01:40Z INFO  minertim] H/s 1m:2152.0 5m:2147.5 10m:2132.3 | Shares: 332/1 (found:334) | Diff: 113734 | 11s elapsed (since last share, avg 52s) | best=101 target=37763 (999%)
[2026-09-07T02:01:43Z INFO  minertim::miner] Worker 3 SHARE FOUND! job_id=NKionVG03fGXKj7o, nonce=c34d4802, hash_val=11681, difficulty=113734, hash=08b3d81c835273a321c89a23efd4199b07fbcebee57577e947509168a12d0000
[2026-09-07T02:01:45Z INFO  minertim::pool_connection] New job: l9RPzLCIM8spE8ke (difficulty: 113734, target: 83930000)
[2026-09-07T02:01:45Z INFO  minertim::pool_connection] Share accepted by pool
[2026-09-07T02:01:46Z INFO  minertim::pool_connection] Share accepted by pool
[2026-09-07T02:01:50Z INFO  minertim] H/s 1m:2067.4 5m:2132.8 10m:2125.0 | Shares: 334/1 (found:335) | Diff: 113734 | 6s elapsed (since last share, avg 55s) | best=101 target=37763 (999%)
[2026-09-07T02:02:00Z INFO  minertim] H/s 1m:2094.5 5m:2137.4 10m:2127.4 | Shares: 334/1 (found:335) | Diff: 113734 | 16s elapsed (since last share, avg 54s) | best=101 target=37763 (999%)
[2026-09-07T02:02:05Z INFO  minertim::pool_connection] New job: SNVA2ad14K0TOr41 (difficulty: 113734, target: 83930000)
[2026-09-07T02:02:10Z INFO  minertim] H/s 1m:2121.1 5m:2142.0 10m:2129.5 | Shares: 334/1 (found:335) | Diff: 113734 | 26s elapsed (since last share, avg 53s) | best=101 target=37763 (999%)
[2026-09-07T02:02:20Z INFO  minertim] H/s 1m:2147.7 5m:2146.5 10m:2136.5 | Shares: 334/1 (found:335) | Diff: 113734 | 36s elapsed (since last share, avg 52s) | best=101 target=37763 (999%)
[2026-09-07T02:02:25Z INFO  minertim::pool_connection] New job: eWiQMr68tw6KKapA (difficulty: 113734, target: 83930000)
[2026-09-07T02:02:30Z INFO  minertim] H/s 1m:2265.3 5m:2162.0 10m:2138.8 | Shares: 334/1 (found:335) | Diff: 113734 | 46s elapsed (since last share, avg 50s) | best=101 target=37763 (999%)
[2026-09-07T02:02:40Z INFO  minertim] H/s 1m:2376.3 5m:2166.8 10m:2145.7 | Shares: 334/1 (found:335) | Diff: 113734 | 56s elapsed (since last share, avg 47s) | best=101 target=37763 (999%)
[2026-09-07T02:02:45Z INFO  minertim::pool_connection] New job: NxzmDeXLEWjnoxQ4 (difficulty: 113734, target: 83930000)
[2026-09-07T02:02:50Z INFO  minertim] H/s 1m:2376.3 5m:2171.5 10m:2150.9 | Shares: 334/1 (found:335) | Diff: 113734 | 1m6s elapsed (since last share, avg 47s) | best=101 target=37763 (999%)
[2026-09-07T02:03:00Z INFO  minertim] H/s 1m:2376.3 5m:2176.3 10m:2153.0 | Shares: 334/1 (found:335) | Diff: 113734 | 1m16s elapsed (since last share, avg 47s) | best=101 target=37763 (999%)
[2026-09-07T02:03:04Z INFO  minertim::pool_connection] New job: g6gOkW0zNWwUicWX (difficulty: 113734, target: 83930000)
[2026-09-07T02:03:10Z INFO  minertim] H/s 1m:2375.9 5m:2180.8 10m:2155.2 | Shares: 334/1 (found:335) | Diff: 113734 | 1m26s elapsed (since last share, avg 47s) | best=101 target=37763 (999%)
[2026-09-07T02:03:18Z INFO  minertim::miner] Worker 1 SHARE FOUND! job_id=g6gOkW0zNWwUicWX, nonce=1d184f02, hash_val=21383, difficulty=113734, hash=e6bd2aaece9e3fce24f450447868ff7f707fc09264d5fe6232d8ade887530000
[2026-09-07T02:03:20Z INFO  minertim] H/s 1m:2375.8 5m:2185.4 10m:2157.5 | Shares: 334/1 (found:336) | Diff: 113734 | 1s elapsed (since last share, avg 47s) | best=101 target=37763 (999%)
[2026-09-07T02:03:24Z INFO  minertim::pool_connection] New job: 3BM6guzGpCotwxLh (difficulty: 113734, target: 83930000)
[2026-09-07T02:03:25Z INFO  minertim::pool_connection] Share accepted by pool
[2026-09-07T02:03:28Z INFO  minertim::miner] Worker 2 SHARE FOUND! job_id=3BM6guzGpCotwxLh, nonce=565e4802, hash_val=35983, difficulty=113734, hash=0ceb6f7df8444e705eca7fff50f54c5ecd31aa1fb6d6305c65fcb2a38f8c0000
[2026-09-07T02:03:30Z INFO  minertim] H/s 1m:2339.0 5m:2183.7 10m:2156.5 | Shares: 335/1 (found:337) | Diff: 113734 | 2s elapsed (since last share, avg 48s) | best=101 target=37763 (999%)
[2026-09-07T02:03:40Z INFO  minertim] H/s 1m:2222.4 5m:2168.3 10m:2148.8 | Shares: 335/1 (found:337) | Diff: 113734 | 12s elapsed (since last share, avg 51s) | best=101 target=37763 (999%)
[2026-09-07T02:03:44Z INFO  minertim::pool_connection] New job: wMgmWf80YGhoaI4n (difficulty: 113734, target: 83930000)
[2026-09-07T02:03:44Z INFO  minertim::pool_connection] Share accepted by pool
[2026-09-07T02:03:50Z INFO  minertim] H/s 1m:2195.2 5m:2168.3 10m:2148.8 | Shares: 336/1 (found:337) | Diff: 113734 | 22s elapsed (since last share, avg 51s) | best=101 target=37763 (999%)
[2026-09-07T02:04:00Z INFO  minertim] H/s 1m:2195.9 5m:2182.4 10m:2160.3 | Shares: 336/1 (found:337) | Diff: 113734 | 32s elapsed (since last share, avg 51s) | best=101 target=37763 (999%)
[2026-09-07T02:04:04Z INFO  minertim::pool_connection] New job: nwDKJG9UymVjBOvL (difficulty: 113734, target: 83930000)
[2026-09-07T02:04:08Z INFO  minertim::pool_connection] New job: 0s5pOBH4ZcRnDTi5 (difficulty: 113734, target: 83930000)
[2026-09-07T02:04:10Z INFO  minertim] H/s 1m:2195.9 5m:2187.2 10m:2166.9 | Shares: 336/1 (found:337) | Diff: 113734 | 42s elapsed (since last share, avg 51s) | best=101 target=37763 (999%)
[2026-09-07T02:04:20Z INFO  minertim] H/s 1m:2233.2 5m:2193.1 10m:2169.2 | Shares: 336/1 (found:337) | Diff: 113734 | 52s elapsed (since last share, avg 50s) | best=101 target=37763 (999%)
[2026-09-07T02:04:28Z INFO  minertim::pool_connection] New job: tzfeUixBgTmYYxtu (difficulty: 113734, target: 83930000)
[2026-09-07T02:04:30Z INFO  minertim] H/s 1m:2349.6 5m:2200.2 10m:2176.2 | Shares: 336/1 (found:337) | Diff: 113734 | 1m2s elapsed (since last share, avg 48s) | best=101 target=37763 (999%)
[2026-09-07T02:04:40Z INFO  minertim] H/s 1m:2376.9 5m:2216.3 10m:2191.8 | Shares: 336/1 (found:337) | Diff: 113734 | 1m12s elapsed (since last share, avg 47s) | best=101 target=37763 (999%)
[2026-09-07T02:04:47Z INFO  minertim::miner] Worker 0 SHARE FOUND! job_id=tzfeUixBgTmYYxtu, nonce=80044a02, hash_val=18784, difficulty=113734, hash=1ebe80c6e4c46e8a1ec1e04fcca60b3ab3dec3bcc9d099d83a64e3b360490000
[2026-09-07T02:04:48Z INFO  minertim::pool_connection] New job: RIiOO9rc2tDiNSV5 (difficulty: 113734, target: 83930000)
[2026-09-07T02:04:48Z INFO  minertim::pool_connection] Share accepted by pool
[2026-09-07T02:04:50Z INFO  minertim] H/s 1m:2366.6 5m:2239.9 10m:2197.9 | Shares: 337/1 (found:338) | Diff: 113734 | 3s elapsed (since last share, avg 48s) | best=101 target=37763 (999%)
[2026-09-07T02:05:00Z INFO  minertim] H/s 1m:2366.8 5m:2249.9 10m:2200.3 | Shares: 337/1 (found:338) | Diff: 113734 | 13s elapsed (since last share, avg 48s) | best=101 target=37763 (999%)
[2026-09-07T02:05:08Z INFO  minertim::pool_connection] New job: JywdCNRuaHjrFhKz (difficulty: 113734, target: 83930000)
[2026-09-07T02:05:10Z INFO  minertim] H/s 1m:2366.5 5m:2255.9 10m:2202.5 | Shares: 337/1 (found:338) | Diff: 113734 | 23s elapsed (since last share, avg 48s) | best=101 target=37763 (999%)
[2026-09-07T02:05:20Z INFO  minertim] H/s 1m:2366.5 5m:2275.6 10m:2204.9 | Shares: 337/1 (found:338) | Diff: 113734 | 33s elapsed (since last share, avg 48s) | best=101 target=37763 (999%)
[2026-09-07T02:05:28Z INFO  minertim::pool_connection] New job: 6OYWYuqz10awY57x (difficulty: 113734, target: 83930000)
[2026-09-07T02:05:30Z INFO  minertim] H/s 1m:2366.9 5m:2281.0 10m:2207.1 | Shares: 337/1 (found:338) | Diff: 113734 | 43s elapsed (since last share, avg 48s) | best=101 target=37763 (999%)
[2026-09-07T02:05:33Z INFO  minertim::miner] Worker 3 SHARE FOUND! job_id=6OYWYuqz10awY57x, nonce=1f905002, hash_val=6413, difficulty=113734, hash=d5f493efa9fa2109f957b95624ee194069c75c54d30a0dd079a8c5b10d190000
[2026-09-07T02:05:40Z INFO  minertim] H/s 1m:2318.9 5m:2275.7 10m:2204.5 | Shares: 337/1 (found:339) | Diff: 113734 | 7s elapsed (since last share, avg 49s) | best=101 target=37763 (999%)
[2026-09-07T02:05:48Z INFO  minertim::pool_connection] New job: n42SoyidoqRvlTY7 (difficulty: 113734, target: 83930000)
[2026-09-07T02:05:48Z INFO  minertim::pool_connection] Share accepted by pool
[2026-09-07T02:05:50Z INFO  minertim] H/s 1m:2226.9 5m:2264.5 10m:2199.1 | Shares: 338/1 (found:339) | Diff: 113734 | 17s elapsed (since last share, avg 51s) | best=101 target=37763 (999%)
[2026-09-07T02:06:00Z INFO  minertim] H/s 1m:2227.1 5m:2269.2 10m:2201.4 | Shares: 338/1 (found:339) | Diff: 113734 | 27s elapsed (since last share, avg 51s) | best=101 target=37763 (999%)
[2026-09-07T02:06:07Z INFO  minertim::pool_connection] New job: 1nfTGZHvKW4G5WrV (difficulty: 113734, target: 83930000)
[2026-09-07T02:06:10Z INFO  minertim] H/s 1m:2226.6 5m:2273.7 10m:2203.6 | Shares: 338/1 (found:339) | Diff: 113734 | 37s elapsed (since last share, avg 51s) | best=101 target=37763 (999%)
[2026-09-07T02:06:14Z INFO  minertim::miner] Worker 3 SHARE FOUND! job_id=1nfTGZHvKW4G5WrV, nonce=d7895102, hash_val=6065, difficulty=113734, hash=80fdfc4f34740e4197be54f92415602732468f89740c17979178f9b9b1170000
[2026-09-07T02:06:20Z INFO  minertim] H/s 1m:2167.9 5m:2268.2 10m:2205.7 | Shares: 338/1 (found:340) | Diff: 113734 | 5s elapsed (since last share, avg 52s) | best=101 target=37763 (999%)
[2026-09-07T02:06:27Z INFO  minertim::pool_connection] New job: amJT6SCY3f3dQAz1 (difficulty: 113734, target: 83930000)
[2026-09-07T02:06:28Z INFO  minertim::pool_connection] Share accepted by pool
[2026-09-07T02:06:30Z INFO  minertim] H/s 1m:2131.8 5m:2272.2 10m:2209.1 | Shares: 339/1 (found:340) | Diff: 113734 | 15s elapsed (since last share, avg 53s) | best=101 target=37763 (999%)
[2026-09-07T02:06:40Z INFO  minertim] H/s 1m:2223.7 5m:2291.5 10m:2212.7 | Shares: 339/1 (found:340) | Diff: 113734 | 25s elapsed (since last share, avg 51s) | best=101 target=37763 (999%)
[2026-09-07T02:06:47Z INFO  minertim::pool_connection] New job: 35BXoQ0CDNgR0eTo (difficulty: 113734, target: 83930000)
[2026-09-07T02:06:50Z INFO  minertim] H/s 1m:2223.7 5m:2291.4 10m:2214.9 | Shares: 339/1 (found:340) | Diff: 113734 | 35s elapsed (since last share, avg 51s) | best=101 target=37763 (999%)
[2026-09-07T02:07:00Z INFO  minertim] H/s 1m:2224.0 5m:2291.4 10m:2217.1 | Shares: 339/1 (found:340) | Diff: 113734 | 45s elapsed (since last share, avg 51s) | best=101 target=37763 (999%)
[2026-09-07T02:07:07Z INFO  minertim::pool_connection] New job: NDvE4dgQ2zZhjG0s (difficulty: 113734, target: 83930000)
[2026-09-07T02:07:10Z INFO  minertim] H/s 1m:2282.5 5m:2291.5 10m:2219.4 | Shares: 339/1 (found:340) | Diff: 113734 | 55s elapsed (since last share, avg 49s) | best=101 target=37763 (999%)
[2026-09-07T02:07:18Z INFO  minertim::miner] Worker 2 SHARE FOUND! job_id=NDvE4dgQ2zZhjG0s, nonce=6a1e5002, hash_val=29284, difficulty=113734, hash=9843c8c41390cd41e418ed881dcbcbb6e67006591644c4bac9d7a62064720000
[2026-09-07T02:07:20Z INFO  minertim] H/s 1m:2317.7 5m:2281.3 10m:2216.6 | Shares: 339/1 (found:341) | Diff: 113734 | 2s elapsed (since last share, avg 49s) | best=101 target=37763 (999%)
[2026-09-07T02:07:21Z INFO  minertim::miner] Worker 0 SHARE FOUND! job_id=NDvE4dgQ2zZhjG0s, nonce=10904f02, hash_val=22640, difficulty=113734, hash=4d55c706fe99994227d21d87bc29cbfd32ca5d906676ae6b9b0be0e470580000
[2026-09-07T02:07:27Z INFO  minertim::pool_connection] New job: oMhL9lgIE0oQbhdH (difficulty: 113734, target: 83930000)
[2026-09-07T02:07:27Z INFO  minertim::pool_connection] Share accepted by pool
[2026-09-07T02:07:28Z INFO  minertim::pool_connection] Share accepted by pool
[2026-09-07T02:07:30Z INFO  minertim] H/s 1m:2155.2 5m:2253.3 10m:2210.5 | Shares: 341/1 (found:342) | Diff: 113734 | 9s elapsed (since last share, avg 52s) | best=101 target=37763 (999%)
[2026-09-07T02:07:40Z INFO  minertim] H/s 1m:2154.7 5m:2253.2 10m:2212.8 | Shares: 341/1 (found:342) | Diff: 113734 | 19s elapsed (since last share, avg 52s) | best=101 target=37763 (999%)
[2026-09-07T02:07:47Z INFO  minertim::pool_connection] New job: fMnZsUP0Y03ud6Z4 (difficulty: 113734, target: 83930000)
[2026-09-07T02:07:50Z INFO  minertim] H/s 1m:2154.6 5m:2253.2 10m:2215.1 | Shares: 341/1 (found:342) | Diff: 113734 | 29s elapsed (since last share, avg 52s) | best=101 target=37763 (999%)
[2026-09-07T02:07:54Z INFO  minertim::pool_connection] New job: C2WupBqIb0ykKc7Y (difficulty: 113734, target: 83930000)
[2026-09-07T02:07:55Z INFO  minertim::miner] Worker 1 SHARE FOUND! job_id=C2WupBqIb0ykKc7Y, nonce=ddef5802, hash_val=35255, difficulty=113734, hash=3f0caebb2e0fd3f1fafc331bb0037cdae9e707560a07c9c822456630b7890000
[2026-09-07T02:08:00Z INFO  minertim] H/s 1m:2095.4 5m:2243.1 10m:2212.5 | Shares: 341/1 (found:343) | Diff: 113734 | 5s elapsed (since last share, avg 54s) | best=101 target=37763 (999%)
[2026-09-07T02:08:06Z INFO  minertim::miner] Worker 3 SHARE FOUND! job_id=C2WupBqIb0ykKc7Y, nonce=b31a5502, hash_val=10116, difficulty=113734, hash=5c793f050a39341b628690e1783e12b97ade565645de13bae624d9ed84270000
[2026-09-07T02:08:10Z INFO  minertim] H/s 1m:1977.6 5m:2212.6 10m:2199.7 | Shares: 341/1 (found:344) | Diff: 113734 | 4s elapsed (since last share, avg 57s) | best=101 target=37763 (999%)
[2026-09-07T02:08:14Z INFO  minertim::pool_connection] New job: DpjpZrdwwIhSU8M8 (difficulty: 113734, target: 83930000)
[2026-09-07T02:08:15Z INFO  minertim::pool_connection] Share accepted by pool
[2026-09-07T02:08:15Z INFO  minertim::pool_connection] Share accepted by pool
[2026-09-07T02:08:20Z INFO  minertim] H/s 1m:2064.7 5m:2206.1 10m:2195.7 | Shares: 343/1 (found:344) | Diff: 113734 | 14s elapsed (since last share, avg 55s) | best=101 target=37763 (999%)
[2026-09-07T02:08:24Z INFO  minertim::miner] Worker 1 SHARE FOUND! job_id=DpjpZrdwwIhSU8M8, nonce=29485902, hash_val=23477, difficulty=113734, hash=9156c9476a2602c4ce60c00533ef8d724cf066d3698f315e5c1f44afb55b0000
[2026-09-07T02:08:30Z INFO  minertim] H/s 1m:1947.0 5m:2205.7 10m:2187.9 | Shares: 343/1 (found:345) | Diff: 113734 | 6s elapsed (since last share, avg 58s) | best=101 target=37763 (999%)
[2026-09-07T02:08:34Z INFO  minertim::pool_connection] New job: L0tQ0ASOXEBggMa9 (difficulty: 113734, target: 83930000)
[2026-09-07T02:08:34Z INFO  minertim::pool_connection] Share accepted by pool
[2026-09-07T02:08:40Z INFO  minertim] H/s 1m:1943.3 5m:2209.8 10m:2189.9 | Shares: 344/1 (found:345) | Diff: 113734 | 16s elapsed (since last share, avg 58s) | best=101 target=37763 (999%)
[2026-09-07T02:08:50Z INFO  minertim] H/s 1m:2002.6 5m:2209.8 10m:2192.2 | Shares: 344/1 (found:345) | Diff: 113734 | 26s elapsed (since last share, avg 56s) | best=101 target=37763 (999%)
[2026-09-07T02:08:54Z INFO  minertim::pool_connection] New job: a9GHphNOG4nDGse5 (difficulty: 113734, target: 83930000)
[2026-09-07T02:08:55Z INFO  minertim::pool_connection] Donation: mining to Author (donate-level 5%)
[2026-09-07T02:08:55Z INFO  minertim::pool_connection] Connecting to pool: monerohash.com:2222
[2026-09-07T02:08:55Z INFO  minertim::pool_connection] Connected to pool (plain TCP): monerohash.com:2222
[2026-09-07T02:08:55Z INFO  minertim::pool_connection] Login successful, session id: 2jDRswkU0hxCFnl0
[2026-09-07T02:08:55Z INFO  minertim::pool_connection] Initial job: BuUPh4YsR4YNk0bh (difficulty: 50000, target: 8b4f0100)
[2026-09-07T02:09:00Z INFO  minertim] H/s 1m:2142.7 5m:2203.5 10m:2196.1 | Shares: 344/1 (found:345) | Diff: 50000 | 36s elapsed (since last share, avg 23s) | best=101 target=85899 (999%)
[2026-09-07T02:09:10Z INFO  minertim] H/s 1m:2217.9 5m:2203.4 10m:2198.4 | Shares: 344/1 (found:345) | Diff: 50000 | 46s elapsed (since last share, avg 22s) | best=101 target=85899 (999%)
[2026-09-07T02:09:14Z INFO  minertim::pool_connection] New job: wM97Z0rSLOwprJTd (difficulty: 50000, target: 8b4f0100)
[2026-09-07T02:09:20Z INFO  minertim] H/s 1m:2336.0 5m:2203.4 10m:2201.3 | Shares: 344/1 (found:345) | Diff: 50000 | 56s elapsed (since last share, avg 21s) | best=101 target=85899 (999%)
[2026-09-07T02:09:30Z INFO  minertim] H/s 1m:2340.2 5m:2203.4 10m:2204.8 | Shares: 344/1 (found:345) | Diff: 50000 | 1m6s elapsed (since last share, avg 21s) | best=101 target=85899 (999%)
[2026-09-07T02:09:34Z INFO  minertim::pool_connection] New job: 6fduPitJY5gc5U80 (difficulty: 50000, target: 8b4f0100)
[2026-09-07T02:09:40Z INFO  minertim] H/s 1m:2340.2 5m:2205.2 10m:2212.7 | Shares: 344/1 (found:345) | Diff: 50000 | 1m16s elapsed (since last share, avg 21s) | best=101 target=85899 (999%)
[2026-09-07T02:09:48Z INFO  minertim::miner] Worker 3 SHARE FOUND! job_id=6fduPitJY5gc5U80, nonce=db7a5802, hash_val=11760, difficulty=50000, hash=0eaa0e1df0ef881e78c777138a74b1e7738182e3b881a16f837244cbf02d0000
[2026-09-07T02:09:50Z INFO  minertim] H/s 1m:2317.6 5m:2195.0 10m:2220.2 | Shares: 344/1 (found:346) | Diff: 50000 | 2s elapsed (since last share, avg 21s) | best=101 target=85899 (999%)
[2026-09-07T02:09:54Z INFO  minertim::pool_connection] New job: l0GDRv8lj7KuhhaD (difficulty: 50000, target: 8b4f0100)
[2026-09-07T02:09:54Z INFO  minertim::pool_connection] Share accepted by pool
[2026-09-07T02:10:00Z INFO  minertim] H/s 1m:2303.7 5m:2192.6 10m:2223.9 | Shares: 345/1 (found:346) | Diff: 50000 | 12s elapsed (since last share, avg 21s) | best=101 target=85899 (999%)
[2026-09-07T02:10:10Z INFO  minertim] H/s 1m:2303.7 5m:2192.6 10m:2226.8 | Shares: 345/1 (found:346) | Diff: 50000 | 22s elapsed (since last share, avg 21s) | best=101 target=85899 (999%)
[2026-09-07T02:10:14Z INFO  minertim::pool_connection] New job: Mca0OhKR9e69ezwh (difficulty: 50000, target: 8b4f0100)
[2026-09-07T02:10:20Z INFO  minertim] H/s 1m:2303.1 5m:2192.4 10m:2236.5 | Shares: 345/1 (found:346) | Diff: 50000 | 32s elapsed (since last share, avg 21s) | best=101 target=85899 (999%)
[2026-09-07T02:10:30Z INFO  minertim] H/s 1m:2302.8 5m:2202.4 10m:2239.1 | Shares: 345/1 (found:346) | Diff: 50000 | 42s elapsed (since last share, avg 21s) | best=101 target=85899 (999%)
[2026-09-07T02:10:34Z INFO  minertim::pool_connection] New job: D89nvRgGCRdSKcaj (difficulty: 50000, target: 8b4f0100)
[2026-09-07T02:10:40Z INFO  minertim] H/s 1m:2361.7 5m:2218.2 10m:2241.4 | Shares: 345/1 (found:346) | Diff: 50000 | 52s elapsed (since last share, avg 21s) | best=101 target=85899 (999%)
[2026-09-07T02:10:50Z INFO  minertim] H/s 1m:2375.5 5m:2218.2 10m:2243.6 | Shares: 345/1 (found:346) | Diff: 50000 | 1m2s elapsed (since last share, avg 21s) | best=101 target=85899 (999%)
[2026-09-07T02:10:54Z INFO  minertim::pool_connection] New job: fWMvpa2w4I0AnQ21 (difficulty: 50000, target: 8b4f0100)
[2026-09-07T02:10:59Z INFO  minertim::miner] Worker 2 SHARE FOUND! job_id=fWMvpa2w4I0AnQ21, nonce=3ece5702, hash_val=44178, difficulty=50000, hash=cfdc488f00d5bf91496982b5f87f7caf247dae4f3b7dad4d83e1215d92ac0000
[2026-09-07T02:11:00Z INFO  minertim] H/s 1m:2375.6 5m:2218.3 10m:2245.9 | Shares: 345/1 (found:347) | Diff: 50000 | 1s elapsed (since last share, avg 21s) | best=101 target=85899 (999%)
[2026-09-07T02:11:03Z INFO  minertim::miner] Worker 1 SHARE FOUND! job_id=fWMvpa2w4I0AnQ21, nonce=f5ac5e02, hash_val=16577, difficulty=50000, hash=42e6c048d77be373b208a6e4364163dafb73e296c54c9d9b163c2958c1400000
[2026-09-07T02:11:05Z INFO  minertim::miner] Worker 0 SHARE FOUND! job_id=fWMvpa2w4I0AnQ21, nonce=58745702, hash_val=75489, difficulty=50000, hash=438cf661f28a6aa2440359a9f2cab8fca6fa6efa0e84eecdbdc04183e1260100
[2026-09-07T02:11:10Z INFO  minertim] H/s 1m:2080.0 5m:2177.3 10m:2223.1 | Shares: 345/1 (found:349) | Diff: 50000 | 5s elapsed (since last share, avg 24s) | best=101 target=85899 (999%)
[2026-09-07T02:11:14Z INFO  minertim::pool_connection] New job: J8iB03ZhyFatTZeu (difficulty: 50000, target: 8b4f0100)
[2026-09-07T02:11:14Z INFO  minertim::pool_connection] Share accepted by pool
[2026-09-07T02:11:14Z INFO  minertim::pool_connection] Share accepted by pool
[2026-09-07T02:11:14Z INFO  minertim::pool_connection] Share accepted by pool
[2026-09-07T02:11:20Z INFO  minertim] H/s 1m:2017.0 5m:2182.6 10m:2220.0 | Shares: 348/1 (found:349) | Diff: 50000 | 15s elapsed (since last share, avg 24s) | best=101 target=85899 (999%)
[2026-09-07T02:11:25Z INFO  minertim::pool_connection] Donation: mining to Xmrig (donate-level 5%)
[2026-09-07T02:11:25Z INFO  minertim::pool_connection] Connecting to pool: monerohash.com:2222
[2026-09-07T02:11:25Z INFO  minertim::pool_connection] Connected to pool (plain TCP): monerohash.com:2222
[2026-09-07T02:11:25Z INFO  minertim::pool_connection] Login successful, session id: YmFJkce0pC134SKv
[2026-09-07T02:11:25Z INFO  minertim::pool_connection] Initial job: sppDk3pvoAt7QlaY (difficulty: 50000, target: 8b4f0100)
[2026-09-07T02:11:30Z INFO  minertim] H/s 1m:1980.3 5m:2176.2 10m:2226.8 | Shares: 348/1 (found:349) | Diff: 50000 | 25s elapsed (since last share, avg 25s) | best=101 target=85899 (999%)
[2026-09-07T02:11:33Z INFO  minertim::pool_connection] New job: 0JgB8BD42INjsAiH (difficulty: 50000, target: 8b4f0100)
[2026-09-07T02:11:36Z INFO  minertim::miner] Worker 3 SHARE FOUND! job_id=0JgB8BD42INjsAiH, nonce=9b225c02, hash_val=58269, difficulty=50000, hash=5d1772b26f4ab80ec95e77d062ca30d89d9aad672b19c1e512335b639de30000
[2026-09-07T02:11:40Z INFO  minertim] H/s 1m:1898.4 5m:2162.1 10m:2229.3 | Shares: 348/1 (found:350) | Diff: 50000 | 4s elapsed (since last share, avg 26s) | best=101 target=85899 (999%)
[2026-09-07T02:11:40Z INFO  minertim::miner] Worker 2 SHARE FOUND! job_id=0JgB8BD42INjsAiH, nonce=76bb5802, hash_val=20240, difficulty=50000, hash=3b6e3b47f536a50db722fcf20b6f13ce79732e1ac66bebe6952eebb7104f0000
[2026-09-07T02:11:50Z INFO  minertim] H/s 1m:1660.0 5m:2121.0 10m:2209.1 | Shares: 348/1 (found:351) | Diff: 50000 | 10s elapsed (since last share, avg 30s) | best=101 target=85899 (999%)
[2026-09-07T02:11:53Z INFO  minertim::pool_connection] New job: hz0UYkZnjnBqIln1 (difficulty: 50000, target: 8b4f0100)
[2026-09-07T02:11:54Z INFO  minertim::pool_connection] Share accepted by pool
[2026-09-07T02:11:54Z INFO  minertim::pool_connection] Share accepted by pool
[2026-09-07T02:12:00Z INFO  minertim] H/s 1m:1866.7 5m:2105.6 10m:2201.5 | Shares: 350/1 (found:351) | Diff: 50000 | 20s elapsed (since last share, avg 26s) | best=101 target=85899 (999%)
[2026-09-07T02:12:01Z INFO  minertim::pool_connection] New job: 2AQkwsuWeoYVl4tv (difficulty: 75000, target: b2df0000)
[2026-09-07T02:12:10Z INFO  minertim] H/s 1m:1904.6 5m:2111.4 10m:2199.4 | Shares: 350/1 (found:351) | Diff: 75000 | 30s elapsed (since last share, avg 39s) | best=101 target=57266 (999%)
[2026-09-07T02:12:13Z INFO  minertim::pool_connection] New job: QDRav9vwpLqXyT6x (difficulty: 75000, target: b2df0000)
[2026-09-07T02:12:20Z INFO  minertim] H/s 1m:1914.7 5m:2134.8 10m:2197.1 | Shares: 350/1 (found:351) | Diff: 75000 | 40s elapsed (since last share, avg 39s) | best=101 target=57266 (999%)
[2026-09-07T02:12:31Z INFO  minertim] H/s 1m:1969.4 5m:2130.1 10m:2194.8 | Shares: 350/1 (found:351) | Diff: 75000 | 50s elapsed (since last share, avg 38s) | best=101 target=57266 (999%)
[2026-09-07T02:12:33Z INFO  minertim::pool_connection] New job: coAq05hd4ETSQa2R (difficulty: 75000, target: b2df0000)
[2026-09-07T02:12:41Z INFO  minertim] H/s 1m:2181.6 5m:2125.7 10m:2192.6 | Shares: 350/1 (found:351) | Diff: 75000 | 1m0s elapsed (since last share, avg 34s) | best=101 target=57266 (999%)
[2026-09-07T02:12:41Z INFO  minertim::pool_connection] New job: bXOh5iJs38t0EJ9G (difficulty: 75000, target: b2df0000)
[2026-09-07T02:12:51Z INFO  minertim] H/s 1m:2243.9 5m:2131.2 10m:2190.3 | Shares: 350/1 (found:351) | Diff: 75000 | 1m10s elapsed (since last share, avg 33s) | best=101 target=57266 (999%)
[2026-09-07T02:13:01Z INFO  minertim] H/s 1m:2240.3 5m:2156.7 10m:2187.9 | Shares: 350/1 (found:351) | Diff: 75000 | 1m20s elapsed (since last share, avg 33s) | best=101 target=57266 (999%)
[2026-09-07T02:13:01Z INFO  minertim::pool_connection] New job: mcNua4z5jEtlLg2u (difficulty: 75000, target: b2df0000)
[2026-09-07T02:13:01Z INFO  minertim::pool_connection] New job: 6Yq9KFX1AMMT3olw (difficulty: 50373, target: 0f4d0100)
[2026-09-07T02:13:11Z INFO  minertim] H/s 1m:2239.7 5m:2164.9 10m:2185.6 | Shares: 350/1 (found:351) | Diff: 50373 | 1m30s elapsed (since last share, avg 22s) | best=101 target=85263 (999%)
[2026-09-07T02:13:20Z INFO  minertim::pool_connection] New job: a0tsK0AnfIp0wzDK (difficulty: 50373, target: 0f4d0100)
[2026-09-07T02:13:21Z INFO  minertim::miner] Worker 1 SHARE FOUND! job_id=a0tsK0AnfIp0wzDK, nonce=d50e6302, hash_val=72140, difficulty=50373, hash=4fb79aa66583dc224529699b551c3245c30a48429a6eb02cfd3b010fcc190100
[2026-09-07T02:13:21Z INFO  minertim] H/s 1m:2240.8 5m:2180.8 10m:2186.5 | Shares: 350/1 (found:352) | Diff: 50373 | 0s elapsed (since last share, avg 22s) | best=101 target=85263 (999%)
[2026-09-07T02:13:28Z INFO  minertim::miner] Worker 0 SHARE FOUND! job_id=a0tsK0AnfIp0wzDK, nonce=5c145c02, hash_val=24889, difficulty=50373, hash=fc81842d66df2d5651b4c7afd6c56719aeceec4debf6b017bd9379cb39610000
[2026-09-07T02:13:31Z INFO  minertim] H/s 1m:2075.9 5m:2148.5 10m:2180.2 | Shares: 350/1 (found:353) | Diff: 50373 | 2s elapsed (since last share, avg 24s) | best=101 target=85263 (999%)
[2026-09-07T02:13:40Z INFO  minertim::pool_connection] New job: hlCZLMeBYqstkplm (difficulty: 50373, target: 0f4d0100)
[2026-09-07T02:13:41Z INFO  minertim] H/s 1m:1934.0 5m:2119.4 10m:2168.2 | Shares: 350/1 (found:353) | Diff: 50373 | 12s elapsed (since last share, avg 26s) | best=101 target=85263 (999%)
[2026-09-07T02:13:41Z INFO  minertim::pool_connection] Share accepted by pool
[2026-09-07T02:13:41Z INFO  minertim::pool_connection] Share accepted by pool
[2026-09-07T02:13:51Z INFO  minertim] H/s 1m:1938.4 5m:2121.4 10m:2166.1 | Shares: 352/1 (found:353) | Diff: 50373 | 22s elapsed (since last share, avg 25s) | best=101 target=85263 (999%)
[2026-09-07T02:13:51Z INFO  minertim::pool_connection] New job: o5EsZOCcEDWbLGK0 (difficulty: 50373, target: 0f4d0100)
[2026-09-07T02:13:55Z INFO  minertim::pool_connection] Donation: mining to User (donate-level 5%)
[2026-09-07T02:13:55Z INFO  minertim::pool_connection] Connecting to pool: monerohash.com:2222
[2026-09-07T02:13:55Z INFO  minertim::pool_connection] Connected to pool (plain TCP): monerohash.com:2222
[2026-09-07T02:13:55Z INFO  minertim::pool_connection] Login successful, session id: fQsfr00bwR9xliMZ
[2026-09-07T02:13:55Z INFO  minertim::pool_connection] Initial job: rJ9XuPylQVpKStSP (difficulty: 50000, target: 8b4f0100)
[2026-09-07T02:14:01Z INFO  minertim] H/s 1m:1914.2 5m:2112.6 10m:2161.7 | Shares: 352/1 (found:353) | Diff: 50000 | 32s elapsed (since last share, avg 26s) | best=101 target=85899 (999%)
[2026-09-07T02:14:11Z INFO  minertim] H/s 1m:1914.3 5m:2108.1 10m:2159.5 | Shares: 352/1 (found:353) | Diff: 50000 | 42s elapsed (since last share, avg 26s) | best=101 target=85899 (999%)
[2026-09-07T02:14:11Z INFO  minertim::pool_connection] New job: 6Qq5EtkCB3gqFzyo (difficulty: 50000, target: 8b4f0100)
[2026-09-07T02:14:15Z INFO  minertim::pool_connection] New job: 4e0koVg9AVyXTkxd (difficulty: 50000, target: 8b4f0100)
[2026-09-07T02:14:20Z INFO  minertim::miner] Worker 2 SHARE FOUND! job_id=4e0koVg9AVyXTkxd, nonce=32c15d02, hash_val=26085, difficulty=50000, hash=9b8f9d32ed9f7ae39bde5f9342474e95a2c9974d2ff71256e697ba2de5650000
[2026-09-07T02:14:21Z INFO  minertim] H/s 1m:2079.5 5m:2103.6 10m:2157.3 | Shares: 352/1 (found:354) | Diff: 50000 | 0s elapsed (since last share, avg 24s) | best=101 target=85899 (999%)
[2026-09-07T02:14:26Z INFO  minertim::miner] Worker 0 SHARE FOUND! job_id=4e0koVg9AVyXTkxd, nonce=68a35d02, hash_val=32227, difficulty=50000, hash=3ca818839a5cc890072ce744f027cb1461c79139636a864c977082d4e37d0000
[2026-09-07T02:14:29Z INFO  minertim::miner] Worker 3 SHARE FOUND! job_id=4e0koVg9AVyXTkxd, nonce=b77a6102, hash_val=68011, difficulty=50000, hash=42cbe3b14bd38b6fd9c584e0783f228c73f9b724404fc003a8346ecfab090100
[2026-09-07T02:14:31Z INFO  minertim] H/s 1m:2061.5 5m:2071.3 10m:2141.5 | Shares: 352/1 (found:356) | Diff: 50000 | 1s elapsed (since last share, avg 24s) | best=101 target=85899 (999%)
[2026-09-07T02:14:35Z INFO  minertim::pool_connection] New job: ZoIB9kRN3v2Eg4Ks (difficulty: 50000, target: 8b4f0100)
[2026-09-07T02:14:35Z INFO  minertim::pool_connection] Share accepted by pool
[2026-09-07T02:14:35Z INFO  minertim::pool_connection] Share accepted by pool
[2026-09-07T02:14:35Z INFO  minertim::pool_connection] Share accepted by pool
[2026-09-07T02:14:41Z INFO  minertim] H/s 1m:1923.4 5m:2053.5 10m:2128.5 | Shares: 355/1 (found:356) | Diff: 50000 | 11s elapsed (since last share, avg 25s) | best=101 target=85899 (999%)
[2026-09-07T02:14:45Z INFO  minertim::miner] Worker 1 SHARE FOUND! job_id=ZoIB9kRN3v2Eg4Ks, nonce=71486502, hash_val=8335, difficulty=50000, hash=f42c7ecd6494311927615e712e3cb47a13f6650854982a9bb7ab4d758f200000
[2026-09-07T02:14:51Z INFO  minertim] H/s 1m:1838.5 5m:2032.4 10m:2116.9 | Shares: 355/1 (found:357) | Diff: 50000 | 5s elapsed (since last share, avg 27s) | best=101 target=85899 (999%)
[2026-09-07T02:14:55Z INFO  minertim::pool_connection] New job: qVfITZFyaqIL4G4J (difficulty: 50000, target: 8b4f0100)
[2026-09-07T02:14:55Z INFO  minertim::pool_connection] Share accepted by pool
[2026-09-07T02:14:58Z INFO  minertim::miner] Worker 2 SHARE FOUND! job_id=qVfITZFyaqIL4G4J, nonce=968a5e02, hash_val=3481, difficulty=50000, hash=a4b03ea9943c1eaf153f88fe6330aeefe03d90de980f78bd9d2edc35990d0000
[2026-09-07T02:15:01Z INFO  minertim] H/s 1m:1782.7 5m:2018.3 10m:2110.0 | Shares: 356/1 (found:358) | Diff: 50000 | 3s elapsed (since last share, avg 28s) | best=101 target=85899 (999%)
[2026-09-07T02:15:01Z INFO  minertim::pool_connection] New job: A8DultDz1CD8zAjs (difficulty: 75000, target: b2df0000)
[2026-09-07T02:15:01Z INFO  minertim::pool_connection] Share accepted by pool
[2026-09-07T02:15:11Z INFO  minertim] H/s 1m:1758.3 5m:2009.6 10m:2105.7 | Shares: 357/1 (found:358) | Diff: 75000 | 13s elapsed (since last share, avg 42s) | best=101 target=57266 (999%)
[2026-09-07T02:15:15Z INFO  minertim::pool_connection] New job: tBYdwhFIvR0aau3M (difficulty: 75000, target: b2df0000)
[2026-09-07T02:15:21Z INFO  minertim] H/s 1m:1917.7 5m:2004.9 10m:2103.4 | Shares: 357/1 (found:358) | Diff: 75000 | 23s elapsed (since last share, avg 39s) | best=101 target=57266 (999%)
[2026-09-07T02:15:31Z INFO  minertim] H/s 1m:2052.3 5m:2000.1 10m:2105.9 | Shares: 357/1 (found:358) | Diff: 75000 | 33s elapsed (since last share, avg 36s) | best=101 target=57266 (999%)
[2026-09-07T02:15:31Z INFO  minertim::pool_connection] New job: 4GVSMA62oMAMksLx (difficulty: 112501, target: 21950000)
[2026-09-07T02:15:34Z INFO  minertim::pool_connection] New job: ySN0VnBbm8KfJz3F (difficulty: 112501, target: 21950000)
[2026-09-07T02:15:41Z INFO  minertim] H/s 1m:2161.4 5m:1995.5 10m:2111.4 | Shares: 357/1 (found:358) | Diff: 112501 | 43s elapsed (since last share, avg 52s) | best=101 target=38177 (999%)
[2026-09-07T02:15:51Z INFO  minertim] H/s 1m:2215.5 5m:1990.7 10m:2109.0 | Shares: 357/1 (found:358) | Diff: 112501 | 53s elapsed (since last share, avg 50s) | best=101 target=38177 (999%)
[2026-09-07T02:15:54Z INFO  minertim::pool_connection] New job: TWrvSCKTnY3J53tO (difficulty: 112501, target: 21950000)
[2026-09-07T02:16:01Z INFO  minertim] H/s 1m:2238.9 5m:2037.0 10m:2106.8 | Shares: 357/1 (found:358) | Diff: 112501 | 1m3s elapsed (since last share, avg 50s) | best=101 target=38177 (999%)
[2026-09-07T02:16:01Z INFO  minertim::pool_connection] New job: Qze0u29xtbXr0bZQ (difficulty: 84375, target: d7c60000)
[2026-09-07T02:16:11Z INFO  minertim] H/s 1m:2239.3 5m:2043.3 10m:2109.4 | Shares: 357/1 (found:358) | Diff: 84375 | 1m13s elapsed (since last share, avg 37s) | best=101 target=50903 (999%)
[2026-09-07T02:16:14Z INFO  minertim::pool_connection] New job: jcEdyHb2jcDZ4u5M (difficulty: 84375, target: d7c60000)
[2026-09-07T02:16:21Z INFO  minertim] H/s 1m:2240.2 5m:2045.0 10m:2115.1 | Shares: 357/1 (found:358) | Diff: 84375 | 1m23s elapsed (since last share, avg 37s) | best=101 target=50903 (999%)
[2026-09-07T02:16:31Z INFO  minertim] H/s 1m:2240.2 5m:2054.4 10m:2112.8 | Shares: 357/1 (found:358) | Diff: 84375 | 1m33s elapsed (since last share, avg 37s) | best=101 target=50903 (999%)
[2026-09-07T02:16:32Z INFO  minertim::miner] Worker 1 SHARE FOUND! job_id=jcEdyHb2jcDZ4u5M, nonce=499b6802, hash_val=2507, difficulty=84375, hash=5e56a8ed0c970826b82d02c6841978bdab7de32d679362022f046d73cb090000
[2026-09-07T02:16:34Z INFO  minertim::pool_connection] New job: QoFFj0hJYR4ZKXfA (difficulty: 84375, target: d7c60000)
[2026-09-07T02:16:35Z INFO  minertim::pool_connection] Share accepted by pool
[2026-09-07T02:16:37Z INFO  minertim::miner] Worker 0 SHARE FOUND! job_id=QoFFj0hJYR4ZKXfA, nonce=b4d06102, hash_val=15691, difficulty=84375, hash=897dfa07144c801c7b07eff5aadf820036fa9e83d9a1696977eb210d4b3d0000
[2026-09-07T02:16:41Z INFO  minertim] H/s 1m:2159.1 5m:2076.7 10m:2103.6 | Shares: 358/1 (found:360) | Diff: 84375 | 4s elapsed (since last share, avg 39s) | best=101 target=50903 (999%)
[2026-09-07T02:16:43Z INFO  minertim::miner] Worker 3 SHARE FOUND! job_id=QoFFj0hJYR4ZKXfA, nonce=3be26502, hash_val=39113, difficulty=84375, hash=6f43d2df8ed0f8739f126db290be86517a499d0adb20c8f4197a8f8ac9980000
[2026-09-07T02:16:51Z INFO  minertim] H/s 1m:1944.6 5m:2050.5 10m:2083.1 | Shares: 358/1 (found:361) | Diff: 84375 | 7s elapsed (since last share, avg 43s) | best=101 target=50903 (999%)
[2026-09-07T02:16:54Z INFO  minertim::pool_connection] New job: YQ4QWQngr0lZTkQC (difficulty: 84375, target: d7c60000)
[2026-09-07T02:16:54Z INFO  minertim::pool_connection] Share accepted by pool
[2026-09-07T02:16:55Z INFO  minertim::pool_connection] Share accepted by pool
[2026-09-07T02:17:01Z INFO  minertim] H/s 1m:1901.2 5m:2042.7 10m:2077.1 | Shares: 360/1 (found:361) | Diff: 84375 | 17s elapsed (since last share, avg 44s) | best=101 target=50903 (999%)
[2026-09-07T02:17:01Z INFO  minertim::pool_connection] New job: Z9y4RbEltUzA025Q (difficulty: 126564, target: 8f840000)
[2026-09-07T02:17:11Z INFO  minertim] H/s 1m:1900.8 5m:2042.6 10m:2079.8 | Shares: 360/1 (found:361) | Diff: 126564 | 27s elapsed (since last share, avg 1m6s) | best=101 target=33935 (999%)
[2026-09-07T02:17:14Z INFO  minertim::pool_connection] New job: 2nsmdGySiL8AusKH (difficulty: 126564, target: 8f840000)
[2026-09-07T02:17:21Z INFO  minertim] H/s 1m:1901.2 5m:2042.7 10m:2091.3 | Shares: 360/1 (found:361) | Diff: 126564 | 37s elapsed (since last share, avg 1m6s) | best=101 target=33935 (999%)
[2026-09-07T02:17:31Z INFO  minertim] H/s 1m:1984.0 5m:2042.7 10m:2089.1 | Shares: 360/1 (found:361) | Diff: 126564 | 47s elapsed (since last share, avg 1m3s) | best=101 target=33935 (999%)
[2026-09-07T02:17:34Z INFO  minertim::pool_connection] New job: LY6c0MCppfU4Zlba (difficulty: 126564, target: 8f840000)
[2026-09-07T02:17:41Z INFO  minertim] H/s 1m:2198.3 5m:2042.6 10m:2086.8 | Shares: 360/1 (found:361) | Diff: 126564 | 57s elapsed (since last share, avg 57s) | best=101 target=33935 (999%)
[2026-09-07T02:17:51Z INFO  minertim] H/s 1m:2241.9 5m:2043.0 10m:2089.5 | Shares: 360/1 (found:361) | Diff: 126564 | 1m7s elapsed (since last share, avg 56s) | best=101 target=33935 (999%)
[2026-09-07T02:17:54Z INFO  minertim::pool_connection] New job: 9QwfnExGbmuQAmvV (difficulty: 126564, target: 8f840000)
[2026-09-07T02:18:00Z INFO  minertim::miner] Worker 1 SHARE FOUND! job_id=9QwfnExGbmuQAmvV, nonce=09936b02, hash_val=12112, difficulty=126564, hash=c5fe1d4402729f344417c269a8e14bfa620fcdeb9463dcb2e6b2d1bb502f0000
[2026-09-07T02:18:01Z INFO  minertim] H/s 1m:2242.4 5m:2043.0 10m:2102.2 | Shares: 360/1 (found:362) | Diff: 126564 | 0s elapsed (since last share, avg 56s) | best=101 target=33935 (999%)
[2026-09-07T02:18:01Z INFO  minertim::pool_connection] New job: 3w3OknSscKfLn4Io (difficulty: 85005, target: 5ec50000)
[2026-09-07T02:18:01Z INFO  minertim::pool_connection] Share accepted by pool
[2026-09-07T02:18:11Z INFO  minertim] H/s 1m:2233.1 5m:2041.3 10m:2105.5 | Shares: 361/1 (found:362) | Diff: 85005 | 10s elapsed (since last share, avg 38s) | best=101 target=50526 (999%)
[2026-09-07T02:18:14Z INFO  minertim::pool_connection] New job: qXcJD6ObRGRcKA5Z (difficulty: 85005, target: 5ec50000)
[2026-09-07T02:18:21Z INFO  minertim] H/s 1m:2232.4 5m:2069.7 10m:2113.3 | Shares: 361/1 (found:362) | Diff: 85005 | 20s elapsed (since last share, avg 38s) | best=101 target=50526 (999%)
[2026-09-07T02:18:24Z INFO  minertim::miner] Worker 0 SHARE FOUND! job_id=qXcJD6ObRGRcKA5Z, nonce=10e76402, hash_val=20034, difficulty=85005, hash=efdebb42ae2f63f88b30a4d4b46fe79cc97e1260095f6c887d96fe69424e0000
[2026-09-07T02:18:31Z INFO  minertim] H/s 1m:2178.3 5m:2084.7 10m:2106.7 | Shares: 361/1 (found:363) | Diff: 85005 | 6s elapsed (since last share, avg 39s) | best=101 target=50526 (999%)
[2026-09-07T02:18:31Z INFO  minertim::pool_connection] New job: mqRoOwBxNuDbbHIe (difficulty: 127511, target: 93830000)
[2026-09-07T02:18:31Z INFO  minertim::pool_connection] Share accepted by pool
[2026-09-07T02:18:33Z INFO  minertim::pool_connection] New job: SMiGYDw0yJL70Gdr (difficulty: 127511, target: 93830000)
[2026-09-07T02:18:41Z INFO  minertim] H/s 1m:2180.8 5m:2084.8 10m:2104.6 | Shares: 362/1 (found:363) | Diff: 127511 | 16s elapsed (since last share, avg 58s) | best=101 target=33683 (999%)
[2026-09-07T02:18:51Z INFO  minertim] H/s 1m:2180.9 5m:2089.0 10m:2105.5 | Shares: 362/1 (found:363) | Diff: 127511 | 26s elapsed (since last share, avg 58s) | best=101 target=33683 (999%)
[2026-09-07T02:18:53Z INFO  minertim::pool_connection] New job: BXZFY4BC9oqcXT09 (difficulty: 127511, target: 93830000)
[2026-09-07T02:18:56Z INFO  minertim::pool_connection] New job: OVVwsgraXLVe0zAc (difficulty: 127511, target: 93830000)
[2026-09-07T02:19:00Z INFO  minertim::miner] Worker 1 SHARE FOUND! job_id=OVVwsgraXLVe0zAc, nonce=c5996d02, hash_val=21357, difficulty=127511, hash=641c37cfc9bd9abfc1b4c23a5fb7bdaa2bd2c185d70ad8da2665390f6d530000
[2026-09-07T02:19:01Z INFO  minertim::pool_connection] New job: DfNt6zuMCPC2RTnl (difficulty: 191269, target: b7570000)
[2026-09-07T02:19:01Z INFO  minertim] H/s 1m:2245.7 5m:2098.5 10m:2107.9 | Shares: 362/1 (found:364) | Diff: 191269 | 0s elapsed (since last share, avg 1m25s) | best=101 target=22455 (999%)
[2026-09-07T02:19:01Z INFO  minertim::pool_connection] Share accepted by pool
[2026-09-07T02:19:11Z INFO  minertim] H/s 1m:2235.8 5m:2096.6 10m:2104.8 | Shares: 363/1 (found:364) | Diff: 191269 | 10s elapsed (since last share, avg 1m25s) | best=101 target=22455 (999%)
[2026-09-07T02:19:16Z INFO  minertim::pool_connection] New job: 5ojNw0Oa3VifgXTp (difficulty: 191269, target: b7570000)
[2026-09-07T02:19:21Z INFO  minertim] H/s 1m:2289.7 5m:2124.1 10m:2102.4 | Shares: 363/1 (found:364) | Diff: 191269 | 20s elapsed (since last share, avg 1m23s) | best=101 target=22455 (999%)
[2026-09-07T02:19:31Z INFO  minertim] H/s 1m:2286.6 5m:2147.4 10m:2100.1 | Shares: 363/1 (found:364) | Diff: 191269 | 30s elapsed (since last share, avg 1m23s) | best=101 target=22455 (999%)
[2026-09-07T02:19:31Z INFO  minertim::pool_connection] New job: ZKUKK9tepAR106cL (difficulty: 286904, target: 7a3a0000)
[2026-09-07T02:19:35Z INFO  minertim::pool_connection] New job: 9pkb09G6q2Y7vAn0 (difficulty: 286904, target: 7a3a0000)
[2026-09-07T02:19:41Z INFO  minertim] H/s 1m:2285.2 5m:2166.0 10m:2102.7 | Shares: 363/1 (found:364) | Diff: 286904 | 40s elapsed (since last share, avg 2m5s) | best=101 target=14970 (999%)
[2026-09-07T02:19:51Z INFO  minertim] H/s 1m:2229.6 5m:2175.5 10m:2101.6 | Shares: 363/1 (found:364) | Diff: 286904 | 50s elapsed (since last share, avg 2m8s) | best=101 target=14970 (999%)
[2026-09-07T02:19:55Z INFO  minertim::pool_connection] New job: CniGwp0x1WQLR3uM (difficulty: 286904, target: 7a3a0000)
[2026-09-07T02:20:01Z INFO  minertim] H/s 1m:2239.6 5m:2179.6 10m:2099.4 | Shares: 363/1 (found:364) | Diff: 286904 | 1m0s elapsed (since last share, avg 2m8s) | best=101 target=14970 (999%)
[2026-09-07T02:20:01Z INFO  minertim::pool_connection] New job: p3hU43IBoAPPAAkb (difficulty: 215178, target: f84d0000)
[2026-09-07T02:20:05Z INFO  minertim::pool_connection] New job: aT5BcejJLaEHmqyU (difficulty: 215178, target: f84d0000)
[2026-09-07T02:20:11Z INFO  minertim] H/s 1m:2241.0 5m:2179.8 10m:2097.2 | Shares: 363/1 (found:364) | Diff: 215178 | 1m10s elapsed (since last share, avg 1m36s) | best=101 target=19960 (999%)
[2026-09-07T02:20:21Z INFO  minertim] H/s 1m:2241.6 5m:2180.0 10m:2094.9 | Shares: 363/1 (found:364) | Diff: 215178 | 1m20s elapsed (since last share, avg 1m35s) | best=101 target=19960 (999%)
[2026-09-07T02:20:25Z INFO  minertim::pool_connection] New job: mtrE9WJIH01Pgk6K (difficulty: 215178, target: f84d0000)
[2026-09-07T02:20:31Z INFO  minertim] H/s 1m:2242.5 5m:2180.0 10m:2092.6 | Shares: 363/1 (found:364) | Diff: 215178 | 1m30s elapsed (since last share, avg 1m35s) | best=101 target=19960 (999%)
[2026-09-07T02:20:41Z INFO  minertim] H/s 1m:2242.4 5m:2180.2 10m:2090.4 | Shares: 363/1 (found:364) | Diff: 215178 | 1m40s elapsed (since last share, avg 1m35s) | best=101 target=19960 (999%)
[2026-09-07T02:20:45Z INFO  minertim::pool_connection] New job: owH5JcL1qofwsEAI (difficulty: 215178, target: f84d0000)
[2026-09-07T02:20:51Z INFO  minertim] H/s 1m:2242.8 5m:2180.3 10m:2088.1 | Shares: 363/1 (found:364) | Diff: 215178 | 1m50s elapsed (since last share, avg 1m35s) | best=101 target=19960 (999%)
[2026-09-07T02:21:01Z INFO  minertim::pool_connection] New job: hUORS296hxkFJLnQ (difficulty: 161379, target: f6670000)
[2026-09-07T02:21:01Z INFO  minertim] H/s 1m:2240.9 5m:2180.1 10m:2110.8 | Shares: 363/1 (found:364) | Diff: 161379 | 2m0s elapsed (since last share, avg 1m12s) | best=101 target=26614 (999%)
[2026-09-07T02:21:05Z INFO  minertim::pool_connection] New job: Fs1xS1JtLDp0wHj5 (difficulty: 161379, target: f6670000)
[2026-09-07T02:21:11Z INFO  minertim] H/s 1m:2240.0 5m:2180.0 10m:2113.8 | Shares: 363/1 (found:364) | Diff: 161379 | 2m10s elapsed (since last share, avg 1m12s) | best=101 target=26614 (999%)
[2026-09-07T02:21:21Z INFO  minertim] H/s 1m:2240.8 5m:2180.1 10m:2114.7 | Shares: 363/1 (found:364) | Diff: 161379 | 2m20s elapsed (since last share, avg 1m12s) | best=101 target=26614 (999%)
[2026-09-07T02:21:25Z INFO  minertim::pool_connection] New job: 1791yR2E9CPwN5Ex (difficulty: 161379, target: f6670000)
[2026-09-07T02:21:31Z INFO  minertim] H/s 1m:2249.6 5m:2195.8 10m:2120.1 | Shares: 363/1 (found:364) | Diff: 161379 | 2m30s elapsed (since last share, avg 1m11s) | best=101 target=26614 (999%)
[2026-09-07T02:21:41Z INFO  minertim] H/s 1m:2276.2 5m:2237.4 10m:2140.3 | Shares: 363/1 (found:364) | Diff: 161379 | 2m40s elapsed (since last share, avg 1m10s) | best=101 target=26614 (999%)
[2026-09-07T02:21:45Z INFO  minertim::pool_connection] New job: PShJEseMwL601lWF (difficulty: 161379, target: f6670000)
[2026-09-07T02:21:51Z INFO  minertim] H/s 1m:2304.5 5m:2249.6 10m:2147.9 | Shares: 363/1 (found:364) | Diff: 161379 | 2m50s elapsed (since last share, avg 1m10s) | best=101 target=26614 (999%)
[2026-09-07T02:22:01Z INFO  minertim::pool_connection] New job: KyQuquMnfUZXZR9D (difficulty: 121036, target: 9d8a0000)
[2026-09-07T02:22:01Z INFO  minertim] H/s 1m:2332.1 5m:2254.3 10m:2150.1 | Shares: 363/1 (found:364) | Diff: 121036 | 3m1s elapsed (since last share, avg 51s) | best=101 target=35485 (999%)
[2026-09-07T02:22:05Z INFO  minertim::pool_connection] New job: NmARoFrzu0G0IwO9 (difficulty: 121036, target: 9d8a0000)
[2026-09-07T02:22:11Z INFO  minertim] H/s 1m:2358.6 5m:2258.9 10m:2152.3 | Shares: 363/1 (found:364) | Diff: 121036 | 3m11s elapsed (since last share, avg 51s) | best=101 target=35485 (999%)
[2026-09-07T02:22:21Z INFO  minertim] H/s 1m:2376.7 5m:2263.5 10m:2154.6 | Shares: 363/1 (found:364) | Diff: 121036 | 3m21s elapsed (since last share, avg 50s) | best=101 target=35485 (999%)
[2026-09-07T02:22:25Z INFO  minertim::pool_connection] New job: dM5sfUEtL7IcM0hv (difficulty: 121036, target: 9d8a0000)
[2026-09-07T02:22:31Z INFO  minertim] H/s 1m:2376.5 5m:2268.2 10m:2156.9 | Shares: 363/1 (found:364) | Diff: 121036 | 3m31s elapsed (since last share, avg 50s) | best=101 target=35485 (999%)
[2026-09-07T02:22:41Z INFO  minertim] H/s 1m:2375.9 5m:2272.7 10m:2159.1 | Shares: 363/1 (found:364) | Diff: 121036 | 3m41s elapsed (since last share, avg 50s) | best=101 target=35485 (999%)
[2026-09-07T02:22:45Z INFO  minertim::pool_connection] New job: IN00lvOz7o0QlsG0 (difficulty: 121036, target: 9d8a0000)
[2026-09-07T02:22:51Z INFO  minertim] H/s 1m:2376.1 5m:2277.4 10m:2161.6 | Shares: 363/1 (found:364) | Diff: 121036 | 3m51s elapsed (since last share, avg 50s) | best=101 target=35485 (999%)
[2026-09-07T02:23:01Z INFO  minertim::pool_connection] New job: nF2jg4x0YFqxuj0d (difficulty: 90777, target: d1b80000)
[2026-09-07T02:23:01Z INFO  minertim] H/s 1m:2376.2 5m:2283.6 10m:2163.9 | Shares: 363/1 (found:364) | Diff: 90777 | 4m1s elapsed (since last share, avg 38s) | best=101 target=47313 (999%)
[2026-09-07T02:23:04Z INFO  minertim::pool_connection] New job: gQvZ1tD4Qbrnvviq (difficulty: 90777, target: d1b80000)
[2026-09-07T02:23:11Z INFO  minertim] H/s 1m:2376.0 5m:2288.2 10m:2166.1 | Shares: 363/1 (found:364) | Diff: 90777 | 4m11s elapsed (since last share, avg 38s) | best=101 target=47313 (999%)
[2026-09-07T02:23:11Z INFO  minertim::miner] Worker 3 SHARE FOUND! job_id=gQvZ1tD4Qbrnvviq, nonce=c3007302, hash_val=2230, difficulty=90777, hash=8a7c29ddcb0d920ef32a8c14a05372f66e79c05612de691e50111512b6080000
[2026-09-07T02:23:21Z INFO  minertim::miner] Worker 2 SHARE FOUND! job_id=gQvZ1tD4Qbrnvviq, nonce=06ef6f02, hash_val=36903, difficulty=90777, hash=b140db25d26901418b171ac7617d1bdb5a375e6ce58dd9780ad2dd9d27900000
[2026-09-07T02:23:21Z INFO  minertim] H/s 1m:2259.4 5m:2282.1 10m:2172.4 | Shares: 363/1 (found:366) | Diff: 90777 | 0s elapsed (since last share, avg 40s) | best=101 target=47313 (999%)
[2026-09-07T02:23:24Z INFO  minertim::pool_connection] New job: 0L6Fi0VFRm0XhhcC (difficulty: 90777, target: d1b80000)
[2026-09-07T02:23:25Z INFO  minertim::pool_connection] Share accepted by pool
[2026-09-07T02:23:25Z INFO  minertim::pool_connection] Share accepted by pool
[2026-09-07T02:23:31Z INFO  minertim::pool_connection] New job: itbr8k8t4sdLvZm0 (difficulty: 136166, target: 367b0000)
[2026-09-07T02:23:31Z INFO  minertim] H/s 1m:2186.1 5m:2273.6 10m:2180.5 | Shares: 365/1 (found:366) | Diff: 136166 | 10s elapsed (since last share, avg 1m2s) | best=101 target=31542 (999%)
[2026-09-07T02:23:41Z INFO  minertim] H/s 1m:2185.8 5m:2278.2 10m:2182.5 | Shares: 365/1 (found:366) | Diff: 136166 | 20s elapsed (since last share, avg 1m2s) | best=101 target=31542 (999%)
[2026-09-07T02:23:43Z INFO  minertim::miner] Worker 0 SHARE FOUND! job_id=itbr8k8t4sdLvZm0, nonce=3ce06f02, hash_val=14214, difficulty=136166, hash=32563e09b2d3b1cbcc6e89767baa3058753ea7ead4567cfd1d1d55cf86370000
[2026-09-07T02:23:44Z INFO  minertim::pool_connection] New job: p8QNX5RmjPuqntnv (difficulty: 136166, target: 367b0000)
[2026-09-07T02:23:44Z INFO  minertim::pool_connection] Share accepted by pool
[2026-09-07T02:23:51Z INFO  minertim] H/s 1m:2176.6 5m:2271.7 10m:2186.1 | Shares: 366/1 (found:367) | Diff: 136166 | 7s elapsed (since last share, avg 1m2s) | best=101 target=31542 (999%)
[2026-09-07T02:24:01Z INFO  minertim::pool_connection] New job: K6VRwrKloNEZijGZ (difficulty: 204249, target: 24520000)
[2026-09-07T02:24:01Z INFO  minertim] H/s 1m:2176.3 5m:2278.0 10m:2188.3 | Shares: 366/1 (found:367) | Diff: 204249 | 17s elapsed (since last share, avg 1m33s) | best=101 target=21028 (999%)
[2026-09-07T02:24:03Z INFO  minertim::pool_connection] New job: zoASFEqAjCp2WaCb (difficulty: 204249, target: 24520000)
[2026-09-07T02:24:10Z INFO  minertim::pool_connection] New job: Av3nWfQwJuwX54Ag (difficulty: 204249, target: 24520000)
[2026-09-07T02:24:11Z INFO  minertim] H/s 1m:2288.0 5m:2281.9 10m:2190.1 | Shares: 366/1 (found:367) | Diff: 204249 | 27s elapsed (since last share, avg 1m29s) | best=101 target=21028 (999%)
[2026-09-07T02:24:21Z INFO  minertim] H/s 1m:2359.7 5m:2286.2 10m:2205.7 | Shares: 366/1 (found:367) | Diff: 204249 | 37s elapsed (since last share, avg 1m26s) | best=101 target=21028 (999%)
[2026-09-07T02:24:30Z INFO  minertim::pool_connection] New job: Kp7qtAP0f4bpW78q (difficulty: 204249, target: 24520000)
[2026-09-07T02:24:31Z INFO  minertim] H/s 1m:2357.3 5m:2290.7 10m:2219.3 | Shares: 366/1 (found:367) | Diff: 204249 | 47s elapsed (since last share, avg 1m26s) | best=101 target=21028 (999%)
[2026-09-07T02:24:41Z INFO  minertim] H/s 1m:2366.5 5m:2295.3 10m:2230.8 | Shares: 366/1 (found:367) | Diff: 204249 | 57s elapsed (since last share, avg 1m26s) | best=101 target=21028 (999%)
[2026-09-07T02:24:50Z INFO  minertim::pool_connection] New job: JuwNCf5tKzNFg3wE (difficulty: 204249, target: 24520000)
[2026-09-07T02:24:51Z INFO  minertim] H/s 1m:2367.2 5m:2300.0 10m:2237.8 | Shares: 366/1 (found:367) | Diff: 204249 | 1m7s elapsed (since last share, avg 1m26s) | best=101 target=21028 (999%)
[2026-09-07T02:25:01Z INFO  minertim::pool_connection] New job: 1p3DjFg6QIyibh6M (difficulty: 119367, target: 8d8c0000)
[2026-09-07T02:25:01Z INFO  minertim] H/s 1m:2372.4 5m:2304.5 10m:2242.1 | Shares: 366/1 (found:367) | Diff: 119367 | 1m17s elapsed (since last share, avg 50s) | best=101 target=35981 (999%)
[2026-09-07T02:25:10Z INFO  minertim::pool_connection] New job: q7PZG0xg7gpWjt6T (difficulty: 119367, target: 8d8c0000)
[2026-09-07T02:25:11Z INFO  minertim] H/s 1m:2374.3 5m:2309.1 10m:2244.4 | Shares: 366/1 (found:367) | Diff: 119367 | 1m27s elapsed (since last share, avg 50s) | best=101 target=35981 (999%)
[2026-09-07T02:25:21Z INFO  minertim] H/s 1m:2377.2 5m:2313.9 10m:2246.8 | Shares: 366/1 (found:367) | Diff: 119367 | 1m37s elapsed (since last share, avg 50s) | best=101 target=35981 (999%)
[2026-09-07T02:25:29Z INFO  minertim::pool_connection] New job: d6PCnUypAmTsbfKy (difficulty: 119367, target: 8d8c0000)
[2026-09-07T02:25:31Z INFO  minertim] H/s 1m:2377.2 5m:2318.5 10m:2249.1 | Shares: 366/1 (found:367) | Diff: 119367 | 1m47s elapsed (since last share, avg 50s) | best=101 target=35981 (999%)
[2026-09-07T02:25:41Z INFO  minertim] H/s 1m:2377.0 5m:2323.1 10m:2251.5 | Shares: 366/1 (found:367) | Diff: 119367 | 1m57s elapsed (since last share, avg 50s) | best=101 target=35981 (999%)
[2026-09-07T02:25:49Z INFO  minertim::pool_connection] New job: OiAJC0HYjBquUr0O (difficulty: 119367, target: 8d8c0000)
[2026-09-07T02:25:51Z INFO  minertim] H/s 1m:2377.2 5m:2328.0 10m:2253.8 | Shares: 366/1 (found:367) | Diff: 119367 | 2m7s elapsed (since last share, avg 50s) | best=101 target=35981 (999%)
[2026-09-07T02:26:01Z INFO  minertim::pool_connection] New job: STuaCXFc0fMXF3vP (difficulty: 89525, target: 67bb0000)
[2026-09-07T02:26:01Z INFO  minertim] H/s 1m:2377.5 5m:2332.8 10m:2256.1 | Shares: 366/1 (found:367) | Diff: 89525 | 2m17s elapsed (since last share, avg 37s) | best=101 target=47975 (999%)
[2026-09-07T02:26:09Z INFO  minertim::pool_connection] New job: RnUWMAgHKIb6hzgh (difficulty: 89525, target: 67bb0000)
[2026-09-07T02:26:11Z INFO  minertim] H/s 1m:2377.4 5m:2337.4 10m:2258.5 | Shares: 366/1 (found:367) | Diff: 89525 | 2m27s elapsed (since last share, avg 37s) | best=101 target=47975 (999%)
[2026-09-07T02:26:11Z INFO  minertim::miner] Worker 0 SHARE FOUND! job_id=RnUWMAgHKIb6hzgh, nonce=18347502, hash_val=47694, difficulty=89525, hash=9673f93c71216044ca5e4b463b3ba6f92a30991b0b59cfef4120aaa54eba0000
[2026-09-07T02:26:21Z INFO  minertim] H/s 1m:2260.3 5m:2320.4 10m:2250.8 | Shares: 366/1 (found:368) | Diff: 89525 | 9s elapsed (since last share, avg 39s) | best=101 target=47975 (999%)
[2026-09-07T02:26:29Z INFO  minertim::pool_connection] New job: yGnVJ8Mr4WXTWGS5 (difficulty: 89525, target: 67bb0000)
[2026-09-07T02:26:29Z INFO  minertim::pool_connection] Share accepted by pool
[2026-09-07T02:26:31Z INFO  minertim::pool_connection] New job: gq8GxF0SJ5AFKdwg (difficulty: 134289, target: ef7c0000)
[2026-09-07T02:26:31Z INFO  minertim] H/s 1m:2147.2 5m:2300.9 10m:2250.5 | Shares: 367/1 (found:368) | Diff: 134289 | 19s elapsed (since last share, avg 1m2s) | best=101 target=31983 (999%)
[2026-09-07T02:26:41Z INFO  minertim] H/s 1m:2146.5 5m:2300.8 10m:2270.9 | Shares: 367/1 (found:368) | Diff: 134289 | 30s elapsed (since last share, avg 1m2s) | best=101 target=31983 (999%)
[2026-09-07T02:26:49Z INFO  minertim::pool_connection] New job: ZmcF30eAb186lkDI (difficulty: 134289, target: ef7c0000)
[2026-09-07T02:26:51Z INFO  minertim] H/s 1m:2146.3 5m:2300.8 10m:2276.9 | Shares: 367/1 (found:368) | Diff: 134289 | 40s elapsed (since last share, avg 1m2s) | best=101 target=31983 (999%)
[2026-09-07T02:26:52Z INFO  minertim::pool_connection] New job: K8oou5W20uhayZhI (difficulty: 134289, target: ef7c0000)
[2026-09-07T02:27:01Z INFO  minertim] H/s 1m:2146.2 5m:2300.8 10m:2279.3 | Shares: 367/1 (found:368) | Diff: 134289 | 50s elapsed (since last share, avg 1m2s) | best=101 target=31983 (999%)
[2026-09-07T02:27:11Z INFO  minertim] H/s 1m:2263.2 5m:2300.8 10m:2281.5 | Shares: 367/1 (found:368) | Diff: 134289 | 1m0s elapsed (since last share, avg 59s) | best=101 target=31983 (999%)
[2026-09-07T02:27:12Z INFO  minertim::pool_connection] New job: 08YFHx6AdQd33FZJ (difficulty: 134289, target: ef7c0000)
[2026-09-07T02:27:21Z INFO  minertim] H/s 1m:2376.2 5m:2300.8 10m:2283.7 | Shares: 367/1 (found:368) | Diff: 134289 | 1m10s elapsed (since last share, avg 56s) | best=101 target=31983 (999%)
[2026-09-07T02:27:31Z INFO  minertim::pool_connection] New job: fapIANNPS2nfaJaH (difficulty: 97466, target: 22ac0000)
[2026-09-07T02:27:31Z INFO  minertim] H/s 1m:2376.3 5m:2300.8 10m:2286.0 | Shares: 367/1 (found:368) | Diff: 97466 | 1m20s elapsed (since last share, avg 41s) | best=101 target=44066 (999%)
[2026-09-07T02:27:32Z INFO  minertim::pool_connection] New job: sTwdDVKVK0dGcD8j (difficulty: 97466, target: 22ac0000)
[2026-09-07T02:27:41Z INFO  minertim] H/s 1m:2376.2 5m:2300.8 10m:2288.3 | Shares: 367/1 (found:368) | Diff: 97466 | 1m30s elapsed (since last share, avg 41s) | best=101 target=44066 (999%)
[2026-09-07T02:27:51Z INFO  minertim] H/s 1m:2376.0 5m:2300.8 10m:2290.6 | Shares: 367/1 (found:368) | Diff: 97466 | 1m40s elapsed (since last share, avg 41s) | best=101 target=44066 (999%)
[2026-09-07T02:27:52Z INFO  minertim::pool_connection] New job: zzhXeE8HbvQZe5Q1 (difficulty: 97466, target: 22ac0000)
[2026-09-07T02:28:01Z INFO  minertim] H/s 1m:2376.8 5m:2300.9 10m:2293.7 | Shares: 367/1 (found:368) | Diff: 97466 | 1m50s elapsed (since last share, avg 41s) | best=101 target=44066 (999%)
[2026-09-07T02:28:06Z INFO  minertim::miner] Worker 0 SHARE FOUND! job_id=zzhXeE8HbvQZe5Q1, nonce=64b47802, hash_val=38245, difficulty=97466, hash=4407edcd8d4ec2c50dfc7ea72dc54912c860c49551ea2b8daf73294665950000
[2026-09-07T02:28:11Z INFO  minertim::miner] Worker 2 SHARE FOUND! job_id=zzhXeE8HbvQZe5Q1, nonce=f6567a02, hash_val=4332, difficulty=97466, hash=c1f158dd6fbc82cf94355e29dd3b278c17b8fb9ee6432cf4f1340018ec100000
[2026-09-07T02:28:11Z INFO  minertim] H/s 1m:2318.6 5m:2311.0 10m:2291.0 | Shares: 367/1 (found:370) | Diff: 97466 | 0s elapsed (since last share, avg 42s) | best=101 target=44066 (999%)
[2026-09-07T02:28:12Z INFO  minertim::pool_connection] New job: kn0ewSp7VXmyZiKq (difficulty: 97466, target: 22ac0000)
[2026-09-07T02:28:12Z INFO  minertim::pool_connection] Share accepted by pool
[2026-09-07T02:28:12Z INFO  minertim::pool_connection] Share accepted by pool
[2026-09-07T02:28:21Z INFO  minertim] H/s 1m:2274.4 5m:2316.1 10m:2294.2 | Shares: 369/1 (found:370) | Diff: 97466 | 10s elapsed (since last share, avg 42s) | best=101 target=44066 (999%)
[2026-09-07T02:28:26Z INFO  minertim::miner] Worker 2 SHARE FOUND! job_id=kn0ewSp7VXmyZiKq, nonce=d2da7a02, hash_val=23433, difficulty=97466, hash=ac1f0d598e55abb069af0372fa1daee04185e64664d92ff93aac4c89895b0000
[2026-09-07T02:28:26Z INFO  minertim::pool_connection] New job: dCaSvbBO05oSZQs3 (difficulty: 97466, target: 22ac0000)
[2026-09-07T02:28:26Z INFO  minertim::pool_connection] Share accepted by pool
[2026-09-07T02:28:31Z INFO  minertim::pool_connection] New job: W0dkk2QIKXD9Vv9j (difficulty: 146201, target: c1720000)
[2026-09-07T02:28:31Z INFO  minertim] H/s 1m:2272.6 5m:2315.8 10m:2296.1 | Shares: 370/1 (found:371) | Diff: 146201 | 5s elapsed (since last share, avg 1m4s) | best=101 target=29377 (999%)
[2026-09-07T02:28:41Z INFO  minertim] H/s 1m:2272.6 5m:2317.4 10m:2298.3 | Shares: 370/1 (found:371) | Diff: 146201 | 15s elapsed (since last share, avg 1m4s) | best=101 target=29377 (999%)
[2026-09-07T02:28:46Z INFO  minertim::pool_connection] New job: jW9nh32flkSnmo1F (difficulty: 146201, target: c1720000)
[2026-09-07T02:28:51Z INFO  minertim] H/s 1m:2272.4 5m:2317.5 10m:2295.9 | Shares: 370/1 (found:371) | Diff: 146201 | 25s elapsed (since last share, avg 1m4s) | best=101 target=29377 (999%)
[2026-09-07T02:28:54Z INFO  minertim::miner] Worker 1 SHARE FOUND! job_id=jW9nh32flkSnmo1F, nonce=f9d68202, hash_val=10498, difficulty=146201, hash=0652dfae1400b0692e2c3549b06b4226afdf9cb72acddb2bec31d4e302290000
[2026-09-07T02:29:01Z INFO  minertim] H/s 1m:2212.7 5m:2298.0 10m:2289.1 | Shares: 370/1 (found:372) | Diff: 146201 | 7s elapsed (since last share, avg 1m6s) | best=101 target=29377 (999%)
[2026-09-07T02:29:06Z INFO  minertim::pool_connection] New job: l6Kp9Tnew1DxOGlP (difficulty: 146201, target: c1720000)
[2026-09-07T02:29:06Z INFO  minertim::pool_connection] Share accepted by pool
[2026-09-07T02:29:11Z INFO  minertim] H/s 1m:2246.3 5m:2296.5 10m:2290.5 | Shares: 371/1 (found:372) | Diff: 146201 | 17s elapsed (since last share, avg 1m5s) | best=101 target=29377 (999%)
[2026-09-07T02:29:21Z INFO  minertim] H/s 1m:2248.3 5m:2297.0 10m:2292.8 | Shares: 371/1 (found:372) | Diff: 146201 | 27s elapsed (since last share, avg 1m5s) | best=101 target=29377 (999%)
[2026-09-07T02:29:26Z INFO  minertim::pool_connection] New job: UnBZLO9vd5iP5MP0 (difficulty: 146201, target: c1720000)
[2026-09-07T02:29:31Z INFO  minertim] H/s 1m:2247.3 5m:2296.8 10m:2295.1 | Shares: 371/1 (found:372) | Diff: 146201 | 37s elapsed (since last share, avg 1m5s) | best=101 target=29377 (999%)
[2026-09-07T02:29:41Z INFO  minertim] H/s 1m:2246.8 5m:2296.8 10m:2297.4 | Shares: 371/1 (found:372) | Diff: 146201 | 47s elapsed (since last share, avg 1m5s) | best=101 target=29377 (999%)
[2026-09-07T02:29:45Z INFO  minertim::pool_connection] New job: FsvQrG4qxdextfVD (difficulty: 146201, target: c1720000)
[2026-09-07T02:29:51Z INFO  minertim] H/s 1m:2364.6 5m:2296.7 10m:2299.7 | Shares: 371/1 (found:372) | Diff: 146201 | 57s elapsed (since last share, avg 1m1s) | best=101 target=29377 (999%)
[2026-09-07T02:30:01Z INFO  minertim] H/s 1m:2375.2 5m:2296.7 10m:2301.9 | Shares: 371/1 (found:372) | Diff: 146201 | 1m7s elapsed (since last share, avg 1m1s) | best=101 target=29377 (999%)
[2026-09-07T02:30:05Z INFO  minertim::pool_connection] New job: 1SpiJTKAvQJfY5NM (difficulty: 146201, target: c1720000)
[2026-09-07T02:30:11Z INFO  minertim] H/s 1m:2374.9 5m:2296.6 10m:2304.1 | Shares: 371/1 (found:372) | Diff: 146201 | 1m17s elapsed (since last share, avg 1m1s) | best=101 target=29377 (999%)
[2026-09-07T02:30:21Z INFO  minertim] H/s 1m:2376.2 5m:2296.6 10m:2306.5 | Shares: 371/1 (found:372) | Diff: 146201 | 1m27s elapsed (since last share, avg 1m1s) | best=101 target=29377 (999%)
[2026-09-07T02:30:25Z INFO  minertim::pool_connection] New job: bPbpQEgBMYdbbMRK (difficulty: 146201, target: c1720000)
[2026-09-07T02:30:31Z INFO  minertim::pool_connection] New job: hxT5ddB49cQl0JG3 (difficulty: 105263, target: 629f0000)
[2026-09-07T02:30:31Z INFO  minertim] H/s 1m:2375.8 5m:2296.6 10m:2308.7 | Shares: 371/1 (found:372) | Diff: 105263 | 1m37s elapsed (since last share, avg 44s) | best=101 target=40802 (999%)
[2026-09-07T02:30:41Z INFO  minertim] H/s 1m:2374.7 5m:2296.3 10m:2310.9 | Shares: 371/1 (found:372) | Diff: 105263 | 1m47s elapsed (since last share, avg 44s) | best=101 target=40802 (999%)
[2026-09-07T02:30:45Z INFO  minertim::pool_connection] New job: t2AryqIkindFXOK5 (difficulty: 105263, target: 629f0000)
[2026-09-07T02:30:51Z INFO  minertim] H/s 1m:2373.5 5m:2296.0 10m:2313.1 | Shares: 371/1 (found:372) | Diff: 105263 | 1m57s elapsed (since last share, avg 44s) | best=101 target=40802 (999%)
[2026-09-07T02:31:02Z INFO  minertim] H/s 1m:2372.3 5m:2295.7 10m:2315.3 | Shares: 371/1 (found:372) | Diff: 105263 | 2m7s elapsed (since last share, avg 44s) | best=101 target=40802 (999%)
[2026-09-07T02:31:03Z INFO  minertim::miner] Worker 1 SHARE FOUND! job_id=t2AryqIkindFXOK5, nonce=e1198702, hash_val=243, difficulty=105263, hash=a536dbc07ecf82fd84aedf7e2fabed4f9c71d22f0a541dffd91f16d5f3000000
[2026-09-07T02:31:05Z INFO  minertim::pool_connection] New job: SXFIsyKHaBJ0npMW (difficulty: 105263, target: 629f0000)
[2026-09-07T02:31:05Z INFO  minertim::pool_connection] Share accepted by pool
[2026-09-07T02:31:12Z INFO  minertim] H/s 1m:2342.5 5m:2310.8 10m:2315.1 | Shares: 372/1 (found:373) | Diff: 105263 | 8s elapsed (since last share, avg 44s) | best=101 target=40802 (999%)
[2026-09-07T02:31:22Z INFO  minertim] H/s 1m:2337.7 5m:2329.4 10m:2316.2 | Shares: 372/1 (found:373) | Diff: 105263 | 18s elapsed (since last share, avg 45s) | best=101 target=40802 (999%)
[2026-09-07T02:31:25Z INFO  minertim::pool_connection] New job: VdVbRsGwK9a0xQwa (difficulty: 105263, target: 629f0000)
[2026-09-07T02:31:32Z INFO  minertim] H/s 1m:2333.3 5m:2328.5 10m:2315.7 | Shares: 372/1 (found:373) | Diff: 105263 | 28s elapsed (since last share, avg 45s) | best=101 target=40802 (999%)
[2026-09-07T02:31:40Z INFO  minertim::miner] Worker 2 SHARE FOUND! job_id=VdVbRsGwK9a0xQwa, nonce=cadc8102, hash_val=19553, difficulty=105263, hash=5a8afb5c81aff65f142335eb4de3a3e39c4e29b4bf19f567d7708fc7614c0000
[2026-09-07T02:31:42Z INFO  minertim] H/s 1m:2259.3 5m:2315.5 10m:2309.3 | Shares: 372/1 (found:374) | Diff: 105263 | 1s elapsed (since last share, avg 46s) | best=101 target=40802 (999%)
[2026-09-07T02:31:45Z INFO  minertim::pool_connection] New job: YQuYJAgS7IRaw72U (difficulty: 105263, target: 629f0000)
[2026-09-07T02:31:45Z INFO  minertim::pool_connection] Share accepted by pool
[2026-09-07T02:31:52Z INFO  minertim] H/s 1m:2247.0 5m:2313.1 10m:2308.1 | Shares: 373/1 (found:374) | Diff: 105263 | 11s elapsed (since last share, avg 46s) | best=101 target=40802 (999%)
[2026-09-07T02:32:02Z INFO  minertim] H/s 1m:2276.6 5m:2313.1 10m:2308.1 | Shares: 373/1 (found:374) | Diff: 105263 | 21s elapsed (since last share, avg 46s) | best=101 target=40802 (999%)
[2026-09-07T02:32:03Z INFO  minertim::miner] Worker 3 SHARE FOUND! job_id=YQuYJAgS7IRaw72U, nonce=bfc58502, hash_val=1866, difficulty=105263, hash=7f8cc594d0c96c1b8502ccb0a8d2b7e0ba346e241f9e3e6b1a9a564d4a070000
[2026-09-07T02:32:05Z INFO  minertim::pool_connection] New job: eE8dp0iohKtHQFan (difficulty: 105263, target: 629f0000)
[2026-09-07T02:32:05Z INFO  minertim::pool_connection] Share accepted by pool
[2026-09-07T02:32:12Z INFO  minertim] H/s 1m:2261.1 5m:2309.5 10m:2306.4 | Shares: 374/1 (found:375) | Diff: 105263 | 8s elapsed (since last share, avg 46s) | best=101 target=40802 (999%)
[2026-09-07T02:32:22Z INFO  minertim] H/s 1m:2325.7 5m:2319.8 10m:2311.4 | Shares: 374/1 (found:375) | Diff: 105263 | 18s elapsed (since last share, avg 45s) | best=101 target=40802 (999%)
[2026-09-07T02:32:25Z INFO  minertim::pool_connection] New job: lm36tQvKK4hBsPDY (difficulty: 105263, target: 629f0000)
[2026-09-07T02:32:31Z INFO  minertim::pool_connection] New job: ZWyGd12dnST1Ycf4 (difficulty: 151178, target: fa6e0000)
[2026-09-07T02:32:32Z INFO  minertim] H/s 1m:2400.1 5m:2319.6 10m:2311.3 | Shares: 374/1 (found:375) | Diff: 151178 | 28s elapsed (since last share, avg 1m2s) | best=101 target=28410 (999%)
[2026-09-07T02:32:42Z INFO  minertim] H/s 1m:2413.0 5m:2319.5 10m:2311.3 | Shares: 374/1 (found:375) | Diff: 151178 | 38s elapsed (since last share, avg 1m2s) | best=101 target=28410 (999%)
[2026-09-07T02:32:45Z INFO  minertim::pool_connection] New job: 0z8MY8PS6pR0JOMx (difficulty: 151178, target: fa6e0000)
[2026-09-07T02:32:52Z INFO  minertim] H/s 1m:2413.1 5m:2319.4 10m:2311.3 | Shares: 374/1 (found:375) | Diff: 151178 | 48s elapsed (since last share, avg 1m2s) | best=101 target=28410 (999%)
[2026-09-07T02:32:59Z INFO  minertim::miner] Worker 2 SHARE FOUND! job_id=0z8MY8PS6pR0JOMx, nonce=868a8402, hash_val=15132, difficulty=151178, hash=8641530f034d21a7a4a0820a521ef4eacc340b063991c3618214779b1c3b0000
[2026-09-07T02:33:02Z INFO  minertim] H/s 1m:2375.1 5m:2319.3 10m:2306.3 | Shares: 374/1 (found:376) | Diff: 151178 | 3s elapsed (since last share, avg 1m3s) | best=101 target=28410 (999%)
[2026-09-07T02:33:04Z INFO  minertim::pool_connection] New job: XOgy2TOUrfR8yRnT (difficulty: 151178, target: fa6e0000)
[2026-09-07T02:33:05Z INFO  minertim::pool_connection] Share accepted by pool
[2026-09-07T02:33:11Z INFO  minertim::miner] Worker 3 SHARE FOUND! job_id=XOgy2TOUrfR8yRnT, nonce=c32d8802, hash_val=5001, difficulty=151178, hash=c59c17ca4a3e5a693aa45db5eef5fd44517b9f758794002c6d16151489130000
[2026-09-07T02:33:12Z INFO  minertim] H/s 1m:2303.2 5m:2324.7 10m:2315.1 | Shares: 375/1 (found:377) | Diff: 151178 | 0s elapsed (since last share, avg 1m5s) | best=101 target=28410 (999%)
[2026-09-07T02:33:21Z INFO  minertim::miner] Worker 2 SHARE FOUND! job_id=XOgy2TOUrfR8yRnT, nonce=8e288502, hash_val=163, difficulty=151178, hash=cbcb13f8204df4d0d392e1e5d54cf4a92c58e86da818e340bdffd6f5a3000000
[2026-09-07T02:33:22Z INFO  minertim] H/s 1m:2188.1 5m:2305.0 10m:2311.5 | Shares: 375/1 (found:378) | Diff: 151178 | 0s elapsed (since last share, avg 1m9s) | best=101 target=28410 (999%)
[2026-09-07T02:33:24Z INFO  minertim::pool_connection] New job: pyLEZxGveQDgVDAr (difficulty: 151178, target: fa6e0000)
[2026-09-07T02:33:25Z INFO  minertim::pool_connection] Share accepted by pool
[2026-09-07T02:33:25Z INFO  minertim::pool_connection] Share accepted by pool
[2026-09-07T02:33:31Z INFO  minertim::pool_connection] New job: phuGy0hZWbvZ2MZH (difficulty: 226767, target: fc490000)
[2026-09-07T02:33:32Z INFO  minertim] H/s 1m:2111.7 5m:2291.8 10m:2305.0 | Shares: 377/1 (found:378) | Diff: 226767 | 10s elapsed (since last share, avg 1m47s) | best=101 target=18940 (999%)
[2026-09-07T02:33:42Z INFO  minertim] H/s 1m:2112.0 5m:2291.7 10m:2305.8 | Shares: 377/1 (found:378) | Diff: 226767 | 20s elapsed (since last share, avg 1m47s) | best=101 target=18940 (999%)
[2026-09-07T02:33:44Z INFO  minertim::pool_connection] New job: Gv02IJE0pQkxK4x0 (difficulty: 226767, target: fc490000)
[2026-09-07T02:33:52Z INFO  minertim] H/s 1m:2170.9 5m:2312.1 10m:2305.8 | Shares: 377/1 (found:378) | Diff: 226767 | 30s elapsed (since last share, avg 1m44s) | best=101 target=18940 (999%)
[2026-09-07T02:34:02Z INFO  minertim] H/s 1m:2184.1 5m:2314.0 10m:2306.3 | Shares: 377/1 (found:378) | Diff: 226767 | 40s elapsed (since last share, avg 1m43s) | best=101 target=18940 (999%)
[2026-09-07T02:34:04Z INFO  minertim::pool_connection] New job: Mmr5g3yoC0CFEAOW (difficulty: 226767, target: fc490000)
[2026-09-07T02:34:12Z INFO  minertim] H/s 1m:2300.4 5m:2314.0 10m:2306.5 | Shares: 377/1 (found:378) | Diff: 226767 | 50s elapsed (since last share, avg 1m38s) | best=101 target=18940 (999%)
[2026-09-07T02:34:22Z INFO  minertim] H/s 1m:2377.5 5m:2314.2 10m:2306.7 | Shares: 377/1 (found:378) | Diff: 226767 | 1m0s elapsed (since last share, avg 1m35s) | best=101 target=18940 (999%)
[2026-09-07T02:34:24Z INFO  minertim::pool_connection] New job: pVLBRcSyZiKyG18W (difficulty: 226767, target: fc490000)
[2026-09-07T02:34:31Z INFO  minertim::pool_connection] New job: iiBcjJafSGoV2tAt (difficulty: 152309, target: 276e0000)
[2026-09-07T02:34:32Z INFO  minertim] H/s 1m:2377.3 5m:2314.2 10m:2306.7 | Shares: 377/1 (found:378) | Diff: 152309 | 1m10s elapsed (since last share, avg 1m4s) | best=101 target=28199 (999%)
[2026-09-07T02:34:42Z INFO  minertim] H/s 1m:2377.2 5m:2314.2 10m:2306.7 | Shares: 377/1 (found:378) | Diff: 152309 | 1m20s elapsed (since last share, avg 1m4s) | best=101 target=28199 (999%)
[2026-09-07T02:34:44Z INFO  minertim::pool_connection] New job: ZLIJj5m1HIdJThwl (difficulty: 152309, target: 276e0000)
[2026-09-07T02:34:51Z INFO  minertim::pool_connection] New job: 0mkQVHk0UGJJB2t8 (difficulty: 152309, target: 276e0000)
[2026-09-07T02:34:52Z INFO  minertim] H/s 1m:2376.3 5m:2314.2 10m:2306.6 | Shares: 377/1 (found:378) | Diff: 152309 | 1m30s elapsed (since last share, avg 1m4s) | best=101 target=28199 (999%)
[2026-09-07T02:35:02Z INFO  minertim] H/s 1m:2376.3 5m:2314.2 10m:2306.6 | Shares: 377/1 (found:378) | Diff: 152309 | 1m40s elapsed (since last share, avg 1m4s) | best=101 target=28199 (999%)
[2026-09-07T02:35:11Z INFO  minertim::pool_connection] New job: EHCr0puTCLbP4wG6 (difficulty: 152309, target: 276e0000)
[2026-09-07T02:35:12Z INFO  minertim] H/s 1m:2376.0 5m:2314.2 10m:2306.6 | Shares: 377/1 (found:378) | Diff: 152309 | 1m50s elapsed (since last share, avg 1m4s) | best=101 target=28199 (999%)
[2026-09-07T02:35:22Z INFO  minertim] H/s 1m:2376.7 5m:2314.4 10m:2306.7 | Shares: 377/1 (found:378) | Diff: 152309 | 2m0s elapsed (since last share, avg 1m4s) | best=101 target=28199 (999%)
[2026-09-07T02:35:31Z INFO  minertim::pool_connection] New job: aEs100560Y7TKE0v (difficulty: 152309, target: 276e0000)
[2026-09-07T02:35:31Z INFO  minertim::pool_connection] New job: QmSCBwGh03v0sjdj (difficulty: 114230, target: df920000)
[2026-09-07T02:35:32Z INFO  minertim] H/s 1m:2376.3 5m:2314.5 10m:2306.6 | Shares: 377/1 (found:378) | Diff: 114230 | 2m10s elapsed (since last share, avg 48s) | best=101 target=37599 (999%)
[2026-09-07T02:35:42Z INFO  minertim] H/s 1m:2377.2 5m:2314.8 10m:2306.6 | Shares: 377/1 (found:378) | Diff: 114230 | 2m20s elapsed (since last share, avg 48s) | best=101 target=37599 (999%)
[2026-09-07T02:35:50Z INFO  minertim::pool_connection] New job: InCgYMidL09CYmKW (difficulty: 114230, target: df920000)
[2026-09-07T02:35:52Z INFO  minertim] H/s 1m:2377.4 5m:2315.1 10m:2306.6 | Shares: 377/1 (found:378) | Diff: 114230 | 2m30s elapsed (since last share, avg 48s) | best=101 target=37599 (999%)
[2026-09-07T02:36:02Z INFO  minertim] H/s 1m:2377.3 5m:2320.2 10m:2306.6 | Shares: 377/1 (found:378) | Diff: 114230 | 2m40s elapsed (since last share, avg 48s) | best=101 target=37599 (999%)
[2026-09-07T02:36:03Z INFO  minertim::miner] Worker 1 SHARE FOUND! job_id=InCgYMidL09CYmKW, nonce=f9e79102, hash_val=18024, difficulty=114230, hash=3562501c0c00492e33018de235655ad89087afb8e13c76491b289e0368460000
[2026-09-07T02:36:06Z INFO  minertim::pool_connection] New job: 6W4XJ1yCrUc1c1jt (difficulty: 114230, target: df920000)
[2026-09-07T02:36:06Z INFO  minertim::pool_connection] Share accepted by pool
[2026-09-07T02:36:12Z INFO  minertim] H/s 1m:2340.5 5m:2314.9 10m:2313.5 | Shares: 378/1 (found:379) | Diff: 114230 | 9s elapsed (since last share, avg 48s) | best=101 target=37599 (999%)
[2026-09-07T02:36:22Z INFO  minertim] H/s 1m:2341.1 5m:2315.9 10m:2323.1 | Shares: 378/1 (found:379) | Diff: 114230 | 19s elapsed (since last share, avg 48s) | best=101 target=37599 (999%)
[2026-09-07T02:36:26Z INFO  minertim::pool_connection] New job: 3gVzHuOEHDp5FxK4 (difficulty: 114230, target: df920000)
[2026-09-07T02:36:32Z INFO  minertim] H/s 1m:2341.1 5m:2328.9 10m:2323.1 | Shares: 378/1 (found:379) | Diff: 114230 | 29s elapsed (since last share, avg 48s) | best=101 target=37599 (999%)
[2026-09-07T02:36:42Z INFO  minertim] H/s 1m:2341.0 5m:2331.3 10m:2323.1 | Shares: 378/1 (found:379) | Diff: 114230 | 39s elapsed (since last share, avg 48s) | best=101 target=37599 (999%)
[2026-09-07T02:36:46Z INFO  minertim::pool_connection] New job: fCwx0cgmW0pIvhSs (difficulty: 114230, target: df920000)
[2026-09-07T02:36:52Z INFO  minertim] H/s 1m:2341.4 5m:2331.3 10m:2323.1 | Shares: 378/1 (found:379) | Diff: 114230 | 49s elapsed (since last share, avg 48s) | best=101 target=37599 (999%)
[2026-09-07T02:36:59Z INFO  minertim::miner] Worker 1 SHARE FOUND! job_id=fCwx0cgmW0pIvhSs, nonce=cdd39302, hash_val=17974, difficulty=114230, hash=68c95f60c0cdd7f073e0d598b5e9093b4238a93e591d7874fecabbce36460000
[2026-09-07T02:37:02Z INFO  minertim] H/s 1m:2317.9 5m:2324.7 10m:2318.1 | Shares: 378/1 (found:380) | Diff: 114230 | 2s elapsed (since last share, avg 49s) | best=101 target=37599 (999%)
[2026-09-07T02:37:03Z INFO  minertim::miner] Worker 3 SHARE FOUND! job_id=fCwx0cgmW0pIvhSs, nonce=cb209002, hash_val=13675, difficulty=114230, hash=c2d2b796ccc6d7d6a8076e120fdc4cf429677d4e4abffef1661c10766b350000
[2026-09-07T02:37:05Z INFO  minertim::pool_connection] New job: Qsy17kMF7LSCrJQ2 (difficulty: 114230, target: df920000)
[2026-09-07T02:37:06Z INFO  minertim::pool_connection] Share accepted by pool
[2026-09-07T02:37:06Z INFO  minertim::pool_connection] Share accepted by pool
[2026-09-07T02:37:12Z INFO  minertim] H/s 1m:2282.3 5m:2308.4 10m:2315.1 | Shares: 380/1 (found:381) | Diff: 114230 | 8s elapsed (since last share, avg 50s) | best=101 target=37599 (999%)
[2026-09-07T02:37:12Z INFO  minertim::miner] Worker 2 SHARE FOUND! job_id=Qsy17kMF7LSCrJQ2, nonce=8e6e8d02, hash_val=18255, difficulty=114230, hash=9b0b772fdeb3a21fa74bde5c4b1abacb24f07d06922ed098a1f1a0904f470000
[2026-09-07T02:37:16Z INFO  minertim::pool_connection] New job: YzfkQXU0cNZ6tfsF (difficulty: 114230, target: df920000)
[2026-09-07T02:37:16Z INFO  minertim::pool_connection] Share accepted by pool
[2026-09-07T02:37:22Z INFO  minertim] H/s 1m:2258.1 5m:2304.5 10m:2313.1 | Shares: 381/1 (found:382) | Diff: 114230 | 9s elapsed (since last share, avg 50s) | best=101 target=37599 (999%)
[2026-09-07T02:37:31Z INFO  minertim::pool_connection] New job: 06db4pEzI1iW45YA (difficulty: 171346, target: ea610000)
[2026-09-07T02:37:32Z INFO  minertim] H/s 1m:2258.4 5m:2304.6 10m:2313.1 | Shares: 381/1 (found:382) | Diff: 171346 | 19s elapsed (since last share, avg 1m15s) | best=101 target=25066 (999%)
[2026-09-07T02:37:36Z INFO  minertim::pool_connection] New job: GMX91BOCGLi0qw8y (difficulty: 171346, target: ea610000)
[2026-09-07T02:37:42Z INFO  minertim] H/s 1m:2258.0 5m:2304.6 10m:2313.1 | Shares: 381/1 (found:382) | Diff: 171346 | 29s elapsed (since last share, avg 1m15s) | best=101 target=25066 (999%)
[2026-09-07T02:37:52Z INFO  minertim] H/s 1m:2317.4 5m:2314.7 10m:2313.1 | Shares: 381/1 (found:382) | Diff: 171346 | 39s elapsed (since last share, avg 1m13s) | best=101 target=25066 (999%)
[2026-09-07T02:37:56Z INFO  minertim::pool_connection] New job: Ilv2KQJnhDTJjuzE (difficulty: 171346, target: ea610000)
[2026-09-07T02:38:02Z INFO  minertim] H/s 1m:2352.7 5m:2316.9 10m:2318.0 | Shares: 381/1 (found:382) | Diff: 171346 | 49s elapsed (since last share, avg 1m12s) | best=101 target=25066 (999%)
[2026-09-07T02:38:12Z INFO  minertim] H/s 1m:2376.7 5m:2337.0 10m:2321.8 | Shares: 381/1 (found:382) | Diff: 171346 | 59s elapsed (since last share, avg 1m12s) | best=101 target=25066 (999%)
[2026-09-07T02:38:16Z INFO  minertim::pool_connection] New job: z8X5ChRXb4C5tJ0b (difficulty: 171346, target: ea610000)
[2026-09-07T02:38:22Z INFO  minertim] H/s 1m:2376.0 5m:2350.2 10m:2321.9 | Shares: 381/1 (found:382) | Diff: 171346 | 1m9s elapsed (since last share, avg 1m12s) | best=101 target=25066 (999%)
[2026-09-07T02:38:32Z INFO  minertim::pool_connection] New job: Hd3SZXVyL07z28aA (difficulty: 102806, target: 31a30000)
[2026-09-07T02:38:32Z INFO  minertim] H/s 1m:2376.3 5m:2350.2 10m:2321.9 | Shares: 381/1 (found:382) | Diff: 102806 | 1m19s elapsed (since last share, avg 43s) | best=101 target=41777 (999%)
[2026-09-07T02:38:36Z INFO  minertim::pool_connection] New job: 5HM21MWGe2itV1tp (difficulty: 102806, target: 31a30000)
[2026-09-07T02:38:42Z INFO  minertim] H/s 1m:2376.3 5m:2350.1 10m:2321.9 | Shares: 381/1 (found:382) | Diff: 102806 | 1m29s elapsed (since last share, avg 43s) | best=101 target=41777 (999%)
[2026-09-07T02:38:48Z INFO  minertim::miner] Worker 1 SHARE FOUND! job_id=5HM21MWGe2itV1tp, nonce=41919702, hash_val=275, difficulty=102806, hash=a33074c585eff1c138a86533de9c14dd9a532dea8f3e90f2985be26c13010000
[2026-09-07T02:38:52Z INFO  minertim] H/s 1m:2316.9 5m:2339.8 10m:2326.8 | Shares: 381/1 (found:383) | Diff: 102806 | 3s elapsed (since last share, avg 44s) | best=101 target=41777 (999%)
[2026-09-07T02:38:52Z INFO  minertim::miner] Worker 0 SHARE FOUND! job_id=5HM21MWGe2itV1tp, nonce=44ef8f02, hash_val=32351, difficulty=102806, hash=6c4dea73898f39bb2ab0cc59b7ee1e069d72064bbb8f869fa77a54b45f7e0000
[2026-09-07T02:38:55Z INFO  minertim::pool_connection] New job: C7jWbYDF08mOtD0t (difficulty: 102806, target: 31a30000)
[2026-09-07T02:38:56Z INFO  minertim::pool_connection] Share accepted by pool
[2026-09-07T02:38:56Z INFO  minertim::pool_connection] Share accepted by pool
[2026-09-07T02:39:02Z INFO  minertim::pool_connection] New job: PP3jkhCppww7Mv0Z (difficulty: 154212, target: cb6c0000)
[2026-09-07T02:39:02Z INFO  minertim] H/s 1m:2257.4 5m:2329.6 10m:2322.7 | Shares: 383/1 (found:384) | Diff: 154212 | 9s elapsed (since last share, avg 1m8s) | best=101 target=27851 (999%)
[2026-09-07T02:39:12Z INFO  minertim] H/s 1m:2257.4 5m:2329.5 10m:2322.7 | Shares: 383/1 (found:384) | Diff: 154212 | 19s elapsed (since last share, avg 1m8s) | best=101 target=27851 (999%)
[2026-09-07T02:39:15Z INFO  minertim::pool_connection] New job: YlGGZe4rczZlBdUL (difficulty: 154212, target: cb6c0000)
[2026-09-07T02:39:22Z INFO  minertim] H/s 1m:2257.3 5m:2329.5 10m:2322.8 | Shares: 383/1 (found:384) | Diff: 154212 | 29s elapsed (since last share, avg 1m8s) | best=101 target=27851 (999%)
[2026-09-07T02:39:32Z INFO  minertim] H/s 1m:2257.5 5m:2329.5 10m:2322.8 | Shares: 383/1 (found:384) | Diff: 154212 | 39s elapsed (since last share, avg 1m8s) | best=101 target=27851 (999%)
[2026-09-07T02:39:35Z INFO  minertim::pool_connection] New job: 8GBVgckDqz6aJm4c (difficulty: 154212, target: cb6c0000)
[2026-09-07T02:39:36Z INFO  minertim::miner] Worker 1 SHARE FOUND! job_id=8GBVgckDqz6aJm4c, nonce=750e9902, hash_val=12324, difficulty=154212, hash=07457dba29218d0f9b56b1c94363ecb6064e1dcaa1f1ebd1a2aaa84624300000
[2026-09-07T02:39:42Z INFO  minertim] H/s 1m:2258.7 5m:2319.5 10m:2317.9 | Shares: 383/1 (found:385) | Diff: 154212 | 5s elapsed (since last share, avg 1m8s) | best=101 target=27851 (999%)
[2026-09-07T02:39:52Z INFO  minertim] H/s 1m:2201.4 5m:2299.4 10m:2308.0 | Shares: 383/1 (found:385) | Diff: 154212 | 15s elapsed (since last share, avg 1m10s) | best=101 target=27851 (999%)
[2026-09-07T02:39:55Z INFO  minertim::pool_connection] New job: VmpyYgGw3LBK977F (difficulty: 154212, target: cb6c0000)
[2026-09-07T02:39:55Z INFO  minertim::pool_connection] Share accepted by pool
[2026-09-07T02:40:02Z INFO  minertim::pool_connection] New job: Q6Q26S7VgjSxPULX (difficulty: 117618, target: a48e0000)
[2026-09-07T02:40:02Z INFO  minertim] H/s 1m:2154.2 5m:2291.3 10m:2304.0 | Shares: 384/1 (found:385) | Diff: 117618 | 25s elapsed (since last share, avg 54s) | best=101 target=36516 (999%)
[2026-09-07T02:40:11Z INFO  minertim::pool_connection] New job: JoKDibFqASc0PtFp (difficulty: 117618, target: a48e0000)
[2026-09-07T02:40:12Z INFO  minertim] H/s 1m:2154.2 5m:2291.1 10m:2303.9 | Shares: 384/1 (found:385) | Diff: 117618 | 35s elapsed (since last share, avg 54s) | best=101 target=36516 (999%)
[2026-09-07T02:40:22Z INFO  minertim] H/s 1m:2154.2 5m:2291.2 10m:2304.0 | Shares: 384/1 (found:385) | Diff: 117618 | 45s elapsed (since last share, avg 54s) | best=101 target=36516 (999%)
[2026-09-07T02:40:31Z INFO  minertim::pool_connection] New job: DLGQDv0DkKXNxuk7 (difficulty: 117618, target: a48e0000)
[2026-09-07T02:40:32Z INFO  minertim] H/s 1m:2212.9 5m:2291.2 10m:2304.1 | Shares: 384/1 (found:385) | Diff: 117618 | 55s elapsed (since last share, avg 53s) | best=101 target=36516 (999%)
[2026-09-07T02:40:42Z INFO  minertim] H/s 1m:2329.4 5m:2291.1 10m:2304.2 | Shares: 384/1 (found:385) | Diff: 117618 | 1m5s elapsed (since last share, avg 50s) | best=101 target=36516 (999%)
[2026-09-07T02:40:51Z INFO  minertim::pool_connection] New job: 0Ovb14zvb0O29ezI (difficulty: 117618, target: a48e0000)
[2026-09-07T02:40:52Z INFO  minertim] H/s 1m:2377.0 5m:2291.2 10m:2304.4 | Shares: 384/1 (found:385) | Diff: 117618 | 1m15s elapsed (since last share, avg 49s) | best=101 target=36516 (999%)
[2026-09-07T02:40:59Z INFO  minertim::miner] Worker 3 SHARE FOUND! job_id=0Ovb14zvb0O29ezI, nonce=4b979802, hash_val=12786, difficulty=117618, hash=5737fdd70aa5c77b6bd92216a2aa440927f27e084dca03f48a63a250f2310000
[2026-09-07T02:41:02Z INFO  minertim::pool_connection] New job: eYqr2uAyl7f7WRyD (difficulty: 80194, target: 35d10000)
[2026-09-07T02:41:02Z INFO  minertim::pool_connection] Share accepted by pool
[2026-09-07T02:41:02Z INFO  minertim] H/s 1m:2354.9 5m:2293.6 10m:2305.0 | Shares: 385/1 (found:386) | Diff: 80194 | 3s elapsed (since last share, avg 34s) | best=101 target=53557 (999%)
[2026-09-07T02:41:03Z INFO  minertim::miner] Worker 0 SHARE FOUND! job_id=eYqr2uAyl7f7WRyD, nonce=04959402, hash_val=15549, difficulty=80194, hash=957debe929c922719e3abf9a5188a18b628a7b207a37d054f65958d8bd3c0000
[2026-09-07T02:41:10Z INFO  minertim::miner] Worker 2 SHARE FOUND! job_id=eYqr2uAyl7f7WRyD, nonce=deec9502, hash_val=17972, difficulty=80194, hash=cef286d0ada75d65c023a73f87b8abfdcdaa8abadc25423818a4731a34460000
[2026-09-07T02:41:10Z INFO  minertim::pool_connection] New job: 01j7zUY7K6e0RV6a (difficulty: 80194, target: 35d10000)
[2026-09-07T02:41:11Z INFO  minertim::pool_connection] Share accepted by pool
[2026-09-07T02:41:11Z INFO  minertim::pool_connection] Share accepted by pool
[2026-09-07T02:41:11Z INFO  minertim::miner] Worker 1 SHARE FOUND! job_id=01j7zUY7K6e0RV6a, nonce=c1d59b02, hash_val=18084, difficulty=80194, hash=db8c6a7f6626373cdec44d49fac6e3d789a63fff86c78ba336bfa164a4460000
[2026-09-07T02:41:12Z INFO  minertim] H/s 1m:2248.4 5m:2275.2 10m:2296.4 | Shares: 387/1 (found:389) | Diff: 80194 | 0s elapsed (since last share, avg 35s) | best=101 target=53557 (999%)
[2026-09-07T02:41:22Z INFO  minertim] H/s 1m:2130.9 5m:2255.0 10m:2287.0 | Shares: 387/1 (found:389) | Diff: 80194 | 10s elapsed (since last share, avg 37s) | best=101 target=53557 (999%)
[2026-09-07T02:41:25Z INFO  minertim::miner] Worker 3 SHARE FOUND! job_id=01j7zUY7K6e0RV6a, nonce=a76d9902, hash_val=2199, difficulty=80194, hash=16186f76f9c6fe39c8e1bf33fb603c6dc73f549918bd60bb012a7ef297080000
[2026-09-07T02:41:30Z INFO  minertim::pool_connection] New job: xZ0EXi3vaMRSAT0d (difficulty: 80194, target: 35d10000)
[2026-09-07T02:41:31Z INFO  minertim::pool_connection] Share accepted by pool
[2026-09-07T02:41:31Z INFO  minertim::pool_connection] Share accepted by pool
[2026-09-07T02:41:32Z INFO  minertim::pool_connection] New job: 8R04U010XLG3gFyn (difficulty: 120290, target: 798b0000)
[2026-09-07T02:41:32Z INFO  minertim] H/s 1m:1947.8 5m:2223.3 10m:2277.9 | Shares: 389/1 (found:390) | Diff: 120290 | 7s elapsed (since last share, avg 1m1s) | best=101 target=35705 (999%)
[2026-09-07T02:41:41Z INFO  minertim::miner] Worker 0 SHARE FOUND! job_id=8R04U010XLG3gFyn, nonce=18ad9502, hash_val=22149, difficulty=120290, hash=ae58e3ac0ea510682cc1eddb1dea55dd8b0c6e3eab74ea53caeb97df85560000
[2026-09-07T02:41:42Z INFO  minertim] H/s 1m:1947.4 5m:2223.3 10m:2279.0 | Shares: 389/1 (found:391) | Diff: 120290 | 1s elapsed (since last share, avg 1m1s) | best=101 target=35705 (999%)
[2026-09-07T02:41:50Z INFO  minertim::pool_connection] New job: l4u57RUTq3a0EomZ (difficulty: 120290, target: 798b0000)
[2026-09-07T02:41:51Z INFO  minertim::pool_connection] Share accepted by pool
[2026-09-07T02:41:52Z INFO  minertim] H/s 1m:1853.5 5m:2213.5 10m:2269.1 | Shares: 390/1 (found:391) | Diff: 120290 | 11s elapsed (since last share, avg 1m4s) | best=101 target=35705 (999%)
[2026-09-07T02:42:02Z INFO  minertim::pool_connection] New job: 1AxvzGIuZPB549jL (difficulty: 180438, target: fb5c0000)
[2026-09-07T02:42:02Z INFO  minertim] H/s 1m:1960.0 5m:2219.7 10m:2270.9 | Shares: 390/1 (found:391) | Diff: 180438 | 21s elapsed (since last share, avg 1m32s) | best=101 target=23803 (999%)
[2026-09-07T02:42:10Z INFO  minertim::pool_connection] New job: CP0UCjvFsCkh0hER (difficulty: 180438, target: fb5c0000)
[2026-09-07T02:42:12Z INFO  minertim] H/s 1m:2076.7 5m:2223.7 10m:2265.9 | Shares: 390/1 (found:391) | Diff: 180438 | 31s elapsed (since last share, avg 1m26s) | best=101 target=23803 (999%)
[2026-09-07T02:42:22Z INFO  minertim] H/s 1m:2260.3 5m:2223.7 10m:2266.0 | Shares: 390/1 (found:391) | Diff: 180438 | 41s elapsed (since last share, avg 1m19s) | best=101 target=23803 (999%)
[2026-09-07T02:42:30Z INFO  minertim::pool_connection] New job: NhL6CCCKJDEukNhS (difficulty: 180438, target: fb5c0000)
[2026-09-07T02:42:32Z INFO  minertim] H/s 1m:2260.8 5m:2223.8 10m:2266.1 | Shares: 390/1 (found:391) | Diff: 180438 | 51s elapsed (since last share, avg 1m19s) | best=101 target=23803 (999%)
[2026-09-07T02:42:35Z INFO  minertim::pool_connection] New job: VFDWAiS3j60bD0ZJ (difficulty: 180438, target: fb5c0000)
[2026-09-07T02:42:42Z INFO  minertim] H/s 1m:2376.9 5m:2223.8 10m:2266.1 | Shares: 390/1 (found:391) | Diff: 180438 | 1m1s elapsed (since last share, avg 1m15s) | best=101 target=23803 (999%)
[2026-09-07T02:42:52Z INFO  minertim] H/s 1m:2376.9 5m:2223.8 10m:2271.1 | Shares: 390/1 (found:391) | Diff: 180438 | 1m11s elapsed (since last share, avg 1m15s) | best=101 target=23803 (999%)
[2026-09-07T02:42:54Z INFO  minertim::pool_connection] New job: k3DtTrcLAIsNUmqj (difficulty: 180438, target: fb5c0000)
[2026-09-07T02:42:55Z INFO  minertim::miner] Worker 3 SHARE FOUND! job_id=k3DtTrcLAIsNUmqj, nonce=177d9c02, hash_val=14045, difficulty=180438, hash=b64dba8a8b79db48d3384d7653ce4e2861366126f0b5a041eae1b86ddd360000
[2026-09-07T02:43:02Z INFO  minertim::pool_connection] New job: VdZtFVtw4cqHPTHr (difficulty: 112773, target: c5940000)
[2026-09-07T02:43:02Z INFO  minertim::pool_connection] Share accepted by pool
[2026-09-07T02:43:02Z INFO  minertim] H/s 1m:2310.8 5m:2212.3 10m:2266.5 | Shares: 391/1 (found:392) | Diff: 112773 | 7s elapsed (since last share, avg 48s) | best=101 target=38085 (999%)
[2026-09-07T02:43:05Z INFO  minertim::miner] Worker 3 SHARE FOUND! job_id=VdZtFVtw4cqHPTHr, nonce=2f979c02, hash_val=35836, difficulty=112773, hash=747b029c2d614244ead5e7d509124a02bd5afcdbb0051bf0668bd242fc8b0000
[2026-09-07T02:43:12Z INFO  minertim] H/s 1m:2193.4 5m:2192.2 10m:2266.4 | Shares: 391/1 (found:393) | Diff: 112773 | 7s elapsed (since last share, avg 51s) | best=101 target=38085 (999%)
[2026-09-07T02:43:14Z INFO  minertim::pool_connection] New job: 5Mz60tupnwxsQtOy (difficulty: 112773, target: c5940000)
[2026-09-07T02:43:15Z INFO  minertim::pool_connection] Share accepted by pool
[2026-09-07T02:43:22Z INFO  minertim] H/s 1m:2168.1 5m:2187.9 10m:2270.9 | Shares: 392/1 (found:393) | Diff: 112773 | 17s elapsed (since last share, avg 52s) | best=101 target=38085 (999%)
[2026-09-07T02:43:32Z INFO  minertim::pool_connection] New job: 10mKeJzuf8xfNE1h (difficulty: 169159, target: 2e630000)
[2026-09-07T02:43:32Z INFO  minertim] H/s 1m:2168.2 5m:2187.9 10m:2270.8 | Shares: 392/1 (found:393) | Diff: 169159 | 27s elapsed (since last share, avg 1m18s) | best=101 target=25390 (999%)
[2026-09-07T02:43:34Z INFO  minertim::pool_connection] New job: 7LE4902XLtW7vFMg (difficulty: 169159, target: 2e630000)
[2026-09-07T02:43:36Z INFO  minertim::miner] Worker 2 SHARE FOUND! job_id=7LE4902XLtW7vFMg, nonce=b2379b02, hash_val=17133, difficulty=169159, hash=69f496ae24c43e33f72674e20e9b7eccaa9a95ae1f417342c2fee736ed420000
[2026-09-07T02:43:42Z INFO  minertim] H/s 1m:2050.0 5m:2177.8 10m:2260.8 | Shares: 392/1 (found:394) | Diff: 169159 | 6s elapsed (since last share, avg 1m22s) | best=101 target=25390 (999%)
[2026-09-07T02:43:52Z INFO  minertim] H/s 1m:2000.4 5m:2168.0 10m:2251.0 | Shares: 392/1 (found:394) | Diff: 169159 | 16s elapsed (since last share, avg 1m24s) | best=101 target=25390 (999%)
[2026-09-07T02:43:54Z INFO  minertim::pool_connection] New job: Xk6tz2QCqyz7f3RC (difficulty: 169159, target: 2e630000)
[2026-09-07T02:43:54Z INFO  minertim::pool_connection] Share accepted by pool
[2026-09-07T02:44:02Z INFO  minertim] H/s 1m:2118.2 5m:2168.2 10m:2251.0 | Shares: 393/1 (found:394) | Diff: 169159 | 26s elapsed (since last share, avg 1m19s) | best=101 target=25390 (999%)
[2026-09-07T02:44:12Z INFO  minertim] H/s 1m:2143.1 5m:2168.2 10m:2251.0 | Shares: 393/1 (found:394) | Diff: 169159 | 36s elapsed (since last share, avg 1m18s) | best=101 target=25390 (999%)
[2026-09-07T02:44:14Z INFO  minertim::pool_connection] New job: fioQa40f34fZMzNO (difficulty: 169159, target: 2e630000)
[2026-09-07T02:44:22Z INFO  minertim] H/s 1m:2143.2 5m:2168.2 10m:2251.0 | Shares: 393/1 (found:394) | Diff: 169159 | 46s elapsed (since last share, avg 1m18s) | best=101 target=25390 (999%)
[2026-09-07T02:44:32Z INFO  minertim] H/s 1m:2260.7 5m:2178.1 10m:2251.0 | Shares: 393/1 (found:394) | Diff: 169159 | 56s elapsed (since last share, avg 1m14s) | best=101 target=25390 (999%)
[2026-09-07T02:44:34Z INFO  minertim::pool_connection] New job: ZalmIUAcAqV0bwol (difficulty: 169159, target: 2e630000)
[2026-09-07T02:44:42Z INFO  minertim::pool_connection] New job: rmIxAd0cbgIjTCzp (difficulty: 169159, target: 2e630000)
[2026-09-07T02:44:42Z INFO  minertim] H/s 1m:2376.6 5m:2198.2 10m:2251.0 | Shares: 393/1 (found:394) | Diff: 169159 | 1m6s elapsed (since last share, avg 1m11s) | best=101 target=25390 (999%)
[2026-09-07T02:44:52Z INFO  minertim] H/s 1m:2376.7 5m:2206.5 10m:2251.0 | Shares: 393/1 (found:394) | Diff: 169159 | 1m16s elapsed (since last share, avg 1m11s) | best=101 target=25390 (999%)
[2026-09-07T02:45:02Z INFO  minertim::pool_connection] New job: Zr7klfu8e0ehXy7n (difficulty: 169159, target: 2e630000)
[2026-09-07T02:45:02Z INFO  minertim] H/s 1m:2376.5 5m:2206.5 10m:2251.0 | Shares: 393/1 (found:394) | Diff: 169159 | 1m26s elapsed (since last share, avg 1m11s) | best=101 target=25390 (999%)
[2026-09-07T02:45:08Z INFO  minertim::miner] Worker 1 SHARE FOUND! job_id=Zr7klfu8e0ehXy7n, nonce=c9c2a302, hash_val=11664, difficulty=169159, hash=88b11cfe3ea748c877a61e8fc3f2cdef28af4aff4cea7a6b10d72b0e902d0000
[2026-09-07T02:45:12Z INFO  minertim] H/s 1m:2317.0 5m:2196.2 10m:2245.9 | Shares: 393/1 (found:395) | Diff: 169159 | 4s elapsed (since last share, avg 1m13s) | best=101 target=25390 (999%)
[2026-09-07T02:45:21Z INFO  minertim::pool_connection] New job: 0kjypZRVPSnY7MS4 (difficulty: 169159, target: 2e630000)
[2026-09-07T02:45:22Z INFO  minertim::pool_connection] Share accepted by pool
[2026-09-07T02:45:22Z INFO  minertim] H/s 1m:2233.7 5m:2181.7 10m:2238.9 | Shares: 394/1 (found:395) | Diff: 169159 | 14s elapsed (since last share, avg 1m15s) | best=101 target=25390 (999%)
[2026-09-07T02:45:28Z INFO  minertim::miner] Worker 2 SHARE FOUND! job_id=0kjypZRVPSnY7MS4, nonce=0aa59e02, hash_val=21335, difficulty=169159, hash=b76fdc5576c2fc64eba0c93dfb4c7a96f14399bb7a7df7e8cba92d5f57530000
[2026-09-07T02:45:32Z INFO  minertim::pool_connection] New job: qe24UAe4Od6GBGzG (difficulty: 118941, target: 0e8d0000)
[2026-09-07T02:45:32Z INFO  minertim::pool_connection] Share accepted by pool
[2026-09-07T02:45:32Z INFO  minertim] H/s 1m:2227.1 5m:2180.6 10m:2238.3 | Shares: 395/1 (found:396) | Diff: 118941 | 4s elapsed (since last share, avg 53s) | best=101 target=36110 (999%)
[2026-09-07T02:45:41Z INFO  minertim::pool_connection] New job: TJtVab8obvR16R1y (difficulty: 118941, target: 0e8d0000)
[2026-09-07T02:45:42Z INFO  minertim] H/s 1m:2226.9 5m:2180.6 10m:2238.3 | Shares: 395/1 (found:396) | Diff: 118941 | 14s elapsed (since last share, avg 53s) | best=101 target=36110 (999%)
[2026-09-07T02:45:52Z INFO  minertim] H/s 1m:2227.5 5m:2184.5 10m:2238.3 | Shares: 395/1 (found:396) | Diff: 118941 | 24s elapsed (since last share, avg 53s) | best=101 target=36110 (999%)
[2026-09-07T02:46:01Z INFO  minertim::pool_connection] New job: Op0Yr2KstEzOJ177 (difficulty: 118941, target: 0e8d0000)
[2026-09-07T02:46:02Z INFO  minertim::pool_connection] New job: 982AwYGFXhT0Wq0d (difficulty: 178414, target: 095e0000)
[2026-09-07T02:46:02Z INFO  minertim] H/s 1m:2286.7 5m:2202.8 10m:2241.4 | Shares: 395/1 (found:396) | Diff: 178414 | 34s elapsed (since last share, avg 1m18s) | best=101 target=24073 (999%)
[2026-09-07T02:46:12Z INFO  minertim] H/s 1m:2370.5 5m:2223.0 10m:2241.4 | Shares: 395/1 (found:396) | Diff: 178414 | 44s elapsed (since last share, avg 1m15s) | best=101 target=24073 (999%)
[2026-09-07T02:46:14Z INFO  minertim::pool_connection] New job: gC5k0XO4sliPgUeZ (difficulty: 178414, target: 095e0000)
[2026-09-07T02:46:17Z INFO  minertim::miner] Worker 1 SHARE FOUND! job_id=gC5k0XO4sliPgUeZ, nonce=1dcba502, hash_val=11504, difficulty=178414, hash=c1e5fc9cb8d8d798e5694c7ba7e02c0be967170dfd0327d5069e0b6af02c0000
[2026-09-07T02:46:22Z INFO  minertim] H/s 1m:2318.5 5m:2244.5 10m:2236.4 | Shares: 395/1 (found:397) | Diff: 178414 | 5s elapsed (since last share, avg 1m16s) | best=101 target=24073 (999%)
[2026-09-07T02:46:32Z INFO  minertim::pool_connection] New job: jaWlNa2DIUrBrrCx (difficulty: 133807, target: 627d0000)
[2026-09-07T02:46:32Z INFO  minertim::pool_connection] Share accepted by pool
[2026-09-07T02:46:32Z INFO  minertim] H/s 1m:2211.6 5m:2226.2 10m:2227.3 | Shares: 396/1 (found:397) | Diff: 133807 | 15s elapsed (since last share, avg 1m0s) | best=101 target=32098 (999%)
[2026-09-07T02:46:34Z INFO  minertim::pool_connection] New job: MQVVaXuvhmigoYFk (difficulty: 133807, target: 627d0000)
[2026-09-07T02:46:42Z INFO  minertim] H/s 1m:2211.8 5m:2246.3 10m:2227.4 | Shares: 396/1 (found:397) | Diff: 133807 | 25s elapsed (since last share, avg 1m0s) | best=101 target=32098 (999%)
[2026-09-07T02:46:52Z INFO  minertim] H/s 1m:2211.5 5m:2246.2 10m:2232.4 | Shares: 396/1 (found:397) | Diff: 133807 | 35s elapsed (since last share, avg 1m0s) | best=101 target=32098 (999%)
[2026-09-07T02:46:54Z INFO  minertim::pool_connection] New job: HXOGLrAxyQRgDMIT (difficulty: 133807, target: 627d0000)
[2026-09-07T02:47:02Z INFO  minertim::pool_connection] New job: FHGX2nBDgumwByg5 (difficulty: 200718, target: 96530000)
[2026-09-07T02:47:02Z INFO  minertim] H/s 1m:2211.5 5m:2246.3 10m:2235.4 | Shares: 396/1 (found:397) | Diff: 200718 | 45s elapsed (since last share, avg 1m30s) | best=101 target=21398 (999%)
[2026-09-07T02:47:12Z INFO  minertim] H/s 1m:2270.0 5m:2246.2 10m:2237.4 | Shares: 396/1 (found:397) | Diff: 200718 | 55s elapsed (since last share, avg 1m28s) | best=101 target=21398 (999%)
[2026-09-07T02:47:14Z INFO  minertim::pool_connection] New job: f5kjJpw7FSBZOVia (difficulty: 200718, target: 96530000)
[2026-09-07T02:47:22Z INFO  minertim] H/s 1m:2377.0 5m:2246.2 10m:2237.4 | Shares: 396/1 (found:397) | Diff: 200718 | 1m5s elapsed (since last share, avg 1m24s) | best=101 target=21398 (999%)
[2026-09-07T02:47:32Z INFO  minertim::pool_connection] New job: MwddVccpRb81hF0C (difficulty: 150536, target: 736f0000)
[2026-09-07T02:47:32Z INFO  minertim] H/s 1m:2375.9 5m:2246.1 10m:2237.3 | Shares: 396/1 (found:397) | Diff: 150536 | 1m15s elapsed (since last share, avg 1m3s) | best=101 target=28531 (999%)
[2026-09-07T02:47:34Z INFO  minertim::pool_connection] New job: B02PSMb2IMP2QUBU (difficulty: 150536, target: 736f0000)
[2026-09-07T02:47:42Z INFO  minertim] H/s 1m:2376.0 5m:2246.0 10m:2237.3 | Shares: 396/1 (found:397) | Diff: 150536 | 1m25s elapsed (since last share, avg 1m3s) | best=101 target=28531 (999%)
[2026-09-07T02:47:52Z INFO  minertim] H/s 1m:2356.3 5m:2254.1 10m:2235.7 | Shares: 396/1 (found:397) | Diff: 150536 | 1m35s elapsed (since last share, avg 1m3s) | best=101 target=28531 (999%)
[2026-09-07T02:47:54Z INFO  minertim::pool_connection] New job: e2Jhj8ZtbHcfWKeo (difficulty: 150536, target: 736f0000)
[2026-09-07T02:48:02Z INFO  minertim] H/s 1m:2329.8 5m:2269.7 10m:2233.4 | Shares: 396/1 (found:397) | Diff: 150536 | 1m45s elapsed (since last share, avg 1m4s) | best=101 target=28531 (999%)
[2026-09-07T02:48:12Z INFO  minertim] H/s 1m:2302.8 5m:2269.5 10m:2231.2 | Shares: 396/1 (found:397) | Diff: 150536 | 1m55s elapsed (since last share, avg 1m5s) | best=101 target=28531 (999%)
[2026-09-07T02:48:13Z INFO  minertim::pool_connection] New job: jg46ZYK00Xv6teRG (difficulty: 150536, target: 736f0000)
[2026-09-07T02:48:22Z INFO  minertim] H/s 1m:2277.2 5m:2264.9 10m:2228.9 | Shares: 396/1 (found:397) | Diff: 150536 | 2m5s elapsed (since last share, avg 1m6s) | best=101 target=28531 (999%)
[2026-09-07T02:48:32Z INFO  minertim::pool_connection] New job: fPWdNwRAgAj1AUvF (difficulty: 112900, target: 9a940000)
[2026-09-07T02:48:33Z INFO  minertim] H/s 1m:2249.8 5m:2280.5 10m:2226.6 | Shares: 396/1 (found:397) | Diff: 112900 | 2m15s elapsed (since last share, avg 50s) | best=101 target=38042 (999%)
[2026-09-07T02:48:33Z INFO  minertim::pool_connection] New job: k2KfTWLZQllZawdG (difficulty: 112900, target: 9a940000)
[2026-09-07T02:48:43Z INFO  minertim] H/s 1m:2242.3 5m:2295.8 10m:2229.3 | Shares: 396/1 (found:397) | Diff: 112900 | 2m25s elapsed (since last share, avg 50s) | best=101 target=38042 (999%)
[2026-09-07T02:48:52Z INFO  minertim::miner] Worker 0 SHARE FOUND! job_id=k2KfTWLZQllZawdG, nonce=1cd4a402, hash_val=20343, difficulty=112900, hash=3efff14f3977810def7582c9dd0162242e33bf518c9ad51840558073774f0000
[2026-09-07T02:48:53Z INFO  minertim] H/s 1m:2242.9 5m:2291.2 10m:2232.2 | Shares: 396/1 (found:398) | Diff: 112900 | 0s elapsed (since last share, avg 50s) | best=101 target=38042 (999%)
[2026-09-07T02:48:53Z INFO  minertim::pool_connection] New job: q6wTsk0SfPaYBW0e (difficulty: 112900, target: 9a940000)
[2026-09-07T02:48:53Z INFO  minertim::pool_connection] Share accepted by pool
[2026-09-07T02:49:02Z INFO  minertim::pool_connection] New job: dhFbwAnd1zbnjs8Q (difficulty: 169353, target: 11630000)
[2026-09-07T02:49:03Z INFO  minertim] H/s 1m:2225.9 5m:2283.7 10m:2228.5 | Shares: 397/1 (found:398) | Diff: 169353 | 10s elapsed (since last share, avg 1m16s) | best=101 target=25361 (999%)
[2026-09-07T02:49:13Z INFO  minertim] H/s 1m:2226.6 5m:2279.3 10m:2226.3 | Shares: 397/1 (found:398) | Diff: 169353 | 20s elapsed (since last share, avg 1m16s) | best=101 target=25361 (999%)
[2026-09-07T02:49:13Z INFO  minertim::pool_connection] New job: uQ4lh5sh7Xrr1ugf (difficulty: 169353, target: 11630000)
[2026-09-07T02:49:23Z INFO  minertim] H/s 1m:2228.2 5m:2274.9 10m:2224.1 | Shares: 397/1 (found:398) | Diff: 169353 | 30s elapsed (since last share, avg 1m16s) | best=101 target=25361 (999%)
[2026-09-07T02:49:33Z INFO  minertim] H/s 1m:2229.6 5m:2270.5 10m:2226.9 | Shares: 397/1 (found:398) | Diff: 169353 | 40s elapsed (since last share, avg 1m15s) | best=101 target=25361 (999%)
[2026-09-07T02:49:33Z INFO  minertim::pool_connection] New job: Ms0lxcOZL0US4aeo (difficulty: 169353, target: 11630000)
[2026-09-07T02:49:43Z INFO  minertim] H/s 1m:2229.7 5m:2265.9 10m:2234.6 | Shares: 397/1 (found:398) | Diff: 169353 | 50s elapsed (since last share, avg 1m15s) | best=101 target=25361 (999%)
[2026-09-07T02:49:53Z INFO  minertim] H/s 1m:2247.2 5m:2261.4 10m:2236.4 | Shares: 397/1 (found:398) | Diff: 169353 | 1m0s elapsed (since last share, avg 1m15s) | best=101 target=25361 (999%)
[2026-09-07T02:49:53Z INFO  minertim::pool_connection] New job: 2zXuK10b1L40l1vZ (difficulty: 169353, target: 11630000)
[2026-09-07T02:50:02Z INFO  minertim::pool_connection] New job: 94Wl59UHTuN1ssV6 (difficulty: 110447, target: e7970000)
[2026-09-07T02:50:03Z INFO  minertim] H/s 1m:2246.7 5m:2267.2 10m:2234.2 | Shares: 397/1 (found:398) | Diff: 110447 | 1m10s elapsed (since last share, avg 49s) | best=101 target=38887 (999%)
[2026-09-07T02:50:13Z INFO  minertim] H/s 1m:2245.3 5m:2276.9 10m:2231.8 | Shares: 397/1 (found:398) | Diff: 110447 | 1m20s elapsed (since last share, avg 49s) | best=101 target=38887 (999%)
[2026-09-07T02:50:13Z INFO  minertim::pool_connection] New job: WcUGw8rWfMd0TWGo (difficulty: 110447, target: e7970000)
[2026-09-07T02:50:23Z INFO  minertim] H/s 1m:2244.9 5m:2273.5 10m:2229.6 | Shares: 397/1 (found:398) | Diff: 110447 | 1m30s elapsed (since last share, avg 49s) | best=101 target=38887 (999%)
[2026-09-07T02:50:33Z INFO  minertim] H/s 1m:2245.7 5m:2269.1 10m:2227.5 | Shares: 397/1 (found:398) | Diff: 110447 | 1m40s elapsed (since last share, avg 49s) | best=101 target=38887 (999%)
[2026-09-07T02:50:33Z INFO  minertim::pool_connection] New job: usq5j004oB6lwLA6 (difficulty: 110447, target: e7970000)
[2026-09-07T02:50:43Z INFO  minertim] H/s 1m:2246.0 5m:2264.6 10m:2225.3 | Shares: 397/1 (found:398) | Diff: 110447 | 1m50s elapsed (since last share, avg 49s) | best=101 target=38887 (999%)
[2026-09-07T02:50:53Z INFO  minertim::pool_connection] New job: 1LeUELzDeFYRbJ6c (difficulty: 110447, target: e7970000)
[2026-09-07T02:50:53Z INFO  minertim] H/s 1m:2245.2 5m:2260.0 10m:2224.9 | Shares: 397/1 (found:398) | Diff: 110447 | 2m0s elapsed (since last share, avg 49s) | best=101 target=38887 (999%)
[2026-09-07T02:51:02Z INFO  minertim::pool_connection] New job: AkLkLFlYKd0y6Cys (difficulty: 82836, target: 89ca0000)
[2026-09-07T02:51:03Z INFO  minertim] H/s 1m:2246.8 5m:2255.6 10m:2231.7 | Shares: 397/1 (found:398) | Diff: 82836 | 2m11s elapsed (since last share, avg 36s) | best=101 target=51849 (999%)
[2026-09-07T02:51:04Z INFO  minertim::pool_connection] New job: RPly7BvA4bF8Ze3T (difficulty: 82836, target: 89ca0000)
[2026-09-07T02:51:13Z INFO  minertim] H/s 1m:2246.8 5m:2261.2 10m:2239.4 | Shares: 397/1 (found:398) | Diff: 82836 | 2m21s elapsed (since last share, avg 36s) | best=101 target=51849 (999%)
[2026-09-07T02:51:23Z INFO  minertim] H/s 1m:2244.6 5m:2274.8 10m:2252.6 | Shares: 397/1 (found:398) | Diff: 82836 | 2m31s elapsed (since last share, avg 36s) | best=101 target=51849 (999%)
[2026-09-07T02:51:24Z INFO  minertim::pool_connection] New job: xx1EgAu9devgMVsP (difficulty: 82836, target: 89ca0000)
[2026-09-07T02:51:33Z INFO  minertim] H/s 1m:2252.7 5m:2271.7 10m:2251.1 | Shares: 397/1 (found:398) | Diff: 82836 | 2m41s elapsed (since last share, avg 36s) | best=101 target=51849 (999%)
[2026-09-07T02:51:43Z INFO  minertim] H/s 1m:2274.2 5m:2270.8 10m:2260.5 | Shares: 397/1 (found:398) | Diff: 82836 | 2m51s elapsed (since last share, avg 36s) | best=101 target=51849 (999%)
[2026-09-07T02:51:44Z INFO  minertim::pool_connection] New job: Q50075tQBf3lcsja (difficulty: 82836, target: 89ca0000)
[2026-09-07T02:51:53Z INFO  minertim] H/s 1m:2295.0 5m:2270.0 10m:2260.1 | Shares: 397/1 (found:398) | Diff: 82836 | 3m1s elapsed (since last share, avg 36s) | best=101 target=51849 (999%)
[2026-09-07T02:51:54Z INFO  minertim::miner] Worker 1 SHARE FOUND! job_id=Q50075tQBf3lcsja, nonce=790bb102, hash_val=40936, difficulty=82836, hash=447ea45f9d1b2b5813fb935124c65260d2911de86add9cd004e6cbebe89f0000
[2026-09-07T02:52:02Z INFO  minertim::pool_connection] New job: RofFCoWB0S4My5sz (difficulty: 62126, target: 0d0e0100)
[2026-09-07T02:52:02Z INFO  minertim::pool_connection] Share accepted by pool
[2026-09-07T02:52:03Z INFO  minertim] H/s 1m:2226.1 5m:2253.6 10m:2252.1 | Shares: 398/1 (found:399) | Diff: 62126 | 8s elapsed (since last share, avg 27s) | best=101 target=69133 (999%)
[2026-09-07T02:52:04Z INFO  minertim::pool_connection] New job: QgtEjReT8qRVdtmZ (difficulty: 62126, target: 0d0e0100)
[2026-09-07T02:52:07Z INFO  minertim::pool_connection] New job: vZpooWYoUlD0em8B (difficulty: 62126, target: 0d0e0100)
[2026-09-07T02:52:13Z INFO  minertim] H/s 1m:2247.5 5m:2252.5 10m:2251.5 | Shares: 398/1 (found:399) | Diff: 62126 | 18s elapsed (since last share, avg 27s) | best=101 target=69133 (999%)
[2026-09-07T02:52:23Z INFO  minertim] H/s 1m:2260.3 5m:2251.7 10m:2251.1 | Shares: 398/1 (found:399) | Diff: 62126 | 28s elapsed (since last share, avg 27s) | best=101 target=69133 (999%)
[2026-09-07T02:52:27Z INFO  minertim::pool_connection] New job: 5QeVaOAQJmQydcvl (difficulty: 62126, target: 0d0e0100)
[2026-09-07T02:52:31Z INFO  minertim::miner] Worker 1 SHARE FOUND! job_id=5QeVaOAQJmQydcvl, nonce=1515b202, hash_val=9450, difficulty=62126, hash=9906cb39430083e23773fc01903a991fa97296b069f4d09224950db7ea240000
[2026-09-07T02:52:32Z INFO  minertim::pool_connection] New job: zOp7eiqgxY0FSKqb (difficulty: 93190, target: 08b40000)
[2026-09-07T02:52:32Z INFO  minertim::pool_connection] Share accepted by pool
[2026-09-07T02:52:33Z INFO  minertim] H/s 1m:2242.7 5m:2247.9 10m:2249.2 | Shares: 399/1 (found:400) | Diff: 93190 | 2s elapsed (since last share, avg 41s) | best=101 target=46088 (999%)
[2026-09-07T02:52:43Z INFO  minertim] H/s 1m:2241.5 5m:2250.2 10m:2248.6 | Shares: 399/1 (found:400) | Diff: 93190 | 12s elapsed (since last share, avg 41s) | best=101 target=46088 (999%)
[2026-09-07T02:52:47Z INFO  minertim::pool_connection] New job: OzV0tOuR0nJLTT0y (difficulty: 93190, target: 08b40000)
[2026-09-07T02:52:53Z INFO  minertim] H/s 1m:2331.8 5m:2253.9 10m:2253.8 | Shares: 399/1 (found:400) | Diff: 93190 | 22s elapsed (since last share, avg 39s) | best=101 target=46088 (999%)
[2026-09-07T02:53:02Z INFO  minertim::pool_connection] New job: C16rziPxbwRgnA08 (difficulty: 139787, target: 05780000)
[2026-09-07T02:53:03Z INFO  minertim] H/s 1m:2332.3 5m:2257.6 10m:2263.3 | Shares: 399/1 (found:400) | Diff: 139787 | 32s elapsed (since last share, avg 59s) | best=101 target=30725 (999%)
[2026-09-07T02:53:07Z INFO  minertim::pool_connection] New job: shGX7sNTAa4E8Hw4 (difficulty: 139787, target: 05780000)
[2026-09-07T02:53:13Z INFO  minertim] H/s 1m:2331.5 5m:2261.1 10m:2264.9 | Shares: 399/1 (found:400) | Diff: 139787 | 42s elapsed (since last share, avg 59s) | best=101 target=30725 (999%)
[2026-09-07T02:53:21Z INFO  minertim::pool_connection] New job: gvkUt7tmJNatsav0 (difficulty: 139787, target: 05780000)
[2026-09-07T02:53:23Z INFO  minertim] H/s 1m:2348.9 5m:2265.0 10m:2264.5 | Shares: 399/1 (found:400) | Diff: 139787 | 52s elapsed (since last share, avg 59s) | best=101 target=30725 (999%)
[2026-09-07T02:53:32Z INFO  minertim::pool_connection] New job: dGAZx1uemRvRS1Md (difficulty: 104839, target: 07a00000)
[2026-09-07T02:53:33Z INFO  minertim] H/s 1m:2349.7 5m:2268.7 10m:2274.0 | Shares: 399/1 (found:400) | Diff: 104839 | 1m2s elapsed (since last share, avg 44s) | best=101 target=40967 (999%)
[2026-09-07T02:53:41Z INFO  minertim::pool_connection] New job: rcPGb5z6ccvOEYwL (difficulty: 104839, target: 07a00000)
[2026-09-07T02:53:43Z INFO  minertim] H/s 1m:2349.0 5m:2272.2 10m:2283.4 | Shares: 399/1 (found:400) | Diff: 104839 | 1m12s elapsed (since last share, avg 44s) | best=101 target=40967 (999%)
[2026-09-07T02:53:53Z INFO  minertim] H/s 1m:2349.0 5m:2278.8 10m:2282.9 | Shares: 399/1 (found:400) | Diff: 104839 | 1m22s elapsed (since last share, avg 44s) | best=101 target=40967 (999%)
[2026-09-07T02:54:01Z INFO  minertim::pool_connection] New job: Nm5Sx28395NGvtSe (difficulty: 104839, target: 07a00000)
[2026-09-07T02:54:03Z INFO  minertim] H/s 1m:2349.1 5m:2282.2 10m:2282.4 | Shares: 399/1 (found:400) | Diff: 104839 | 1m32s elapsed (since last share, avg 44s) | best=101 target=40967 (999%)
[2026-09-07T02:54:13Z INFO  minertim] H/s 1m:2349.4 5m:2285.8 10m:2281.9 | Shares: 399/1 (found:400) | Diff: 104839 | 1m42s elapsed (since last share, avg 44s) | best=101 target=40967 (999%)
[2026-09-07T02:54:17Z INFO  minertim::miner] Worker 1 SHARE FOUND! job_id=Nm5Sx28395NGvtSe, nonce=75e6b502, hash_val=32995, difficulty=104839, hash=e7022c563114274c748f5a1d4b6ebde4b05af40b971be42bfd206356e3800000
[2026-09-07T02:54:21Z INFO  minertim::pool_connection] New job: k0MBqSr1hpYey7Fd (difficulty: 104839, target: 07a00000)
[2026-09-07T02:54:21Z INFO  minertim::pool_connection] Share accepted by pool
[2026-09-07T02:54:23Z INFO  minertim] H/s 1m:2307.2 5m:2282.1 10m:2278.0 | Shares: 400/1 (found:401) | Diff: 104839 | 5s elapsed (since last share, avg 45s) | best=101 target=40967 (999%)
[2026-09-07T02:54:31Z INFO  minertim::miner] Worker 0 SHARE FOUND! job_id=k0MBqSr1hpYey7Fd, nonce=64b9b002, hash_val=23798, difficulty=104839, hash=b243694242525773353ecca8593952d32b83ad7df38cb69d7c2a6dc2f65c0000
[2026-09-07T02:54:33Z INFO  minertim] H/s 1m:2306.4 5m:2285.5 10m:2277.4 | Shares: 400/1 (found:402) | Diff: 104839 | 2s elapsed (since last share, avg 45s) | best=101 target=40967 (999%)
[2026-09-07T02:54:41Z INFO  minertim::pool_connection] New job: uWk4bNJXRizWMy2l (difficulty: 104839, target: 07a00000)
[2026-09-07T02:54:41Z INFO  minertim::pool_connection] Share accepted by pool
[2026-09-07T02:54:43Z INFO  minertim] H/s 1m:2190.9 5m:2269.1 10m:2267.1 | Shares: 401/1 (found:402) | Diff: 104839 | 12s elapsed (since last share, avg 47s) | best=101 target=40967 (999%)
[2026-09-07T02:54:53Z INFO  minertim] H/s 1m:2191.6 5m:2272.7 10m:2266.7 | Shares: 401/1 (found:402) | Diff: 104839 | 22s elapsed (since last share, avg 47s) | best=101 target=40967 (999%)
[2026-09-07T02:55:01Z INFO  minertim::pool_connection] New job: rbyWTSfBKgcsdeVM (difficulty: 104839, target: 07a00000)
[2026-09-07T02:55:03Z INFO  minertim] H/s 1m:2191.1 5m:2276.5 10m:2271.3 | Shares: 401/1 (found:402) | Diff: 104839 | 32s elapsed (since last share, avg 47s) | best=101 target=40967 (999%)
[2026-09-07T02:55:13Z INFO  minertim] H/s 1m:2232.9 5m:2280.0 10m:2277.9 | Shares: 401/1 (found:402) | Diff: 104839 | 42s elapsed (since last share, avg 46s) | best=101 target=40967 (999%)
[2026-09-07T02:55:20Z INFO  minertim::pool_connection] New job: LKKAqRMnYwaUAVeD (difficulty: 104839, target: 07a00000)
[2026-09-07T02:55:23Z INFO  minertim] H/s 1m:2234.0 5m:2283.4 10m:2278.0 | Shares: 401/1 (found:402) | Diff: 104839 | 52s elapsed (since last share, avg 46s) | best=101 target=40967 (999%)
[2026-09-07T02:55:24Z INFO  minertim::miner] Worker 0 SHARE FOUND! job_id=LKKAqRMnYwaUAVeD, nonce=6048b202, hash_val=11177, difficulty=104839, hash=5b6b6363a372d720efaf20d9af51507cd9105169db7ee6f73537a6d6a92b0000
[2026-09-07T02:55:33Z INFO  minertim] H/s 1m:2231.7 5m:2266.6 10m:2267.5 | Shares: 401/1 (found:403) | Diff: 104839 | 8s elapsed (since last share, avg 46s) | best=101 target=40967 (999%)
[2026-09-07T02:55:40Z INFO  minertim::pool_connection] New job: Be5O1eouyNxym4ys (difficulty: 104839, target: 07a00000)
[2026-09-07T02:55:41Z INFO  minertim::pool_connection] Share accepted by pool
[2026-09-07T02:55:43Z INFO  minertim] H/s 1m:2150.4 5m:2256.4 10m:2260.2 | Shares: 402/1 (found:403) | Diff: 104839 | 18s elapsed (since last share, avg 48s) | best=101 target=40967 (999%)
[2026-09-07T02:55:53Z INFO  minertim] H/s 1m:2150.7 5m:2259.9 10m:2259.8 | Shares: 402/1 (found:403) | Diff: 104839 | 28s elapsed (since last share, avg 48s) | best=101 target=40967 (999%)
[2026-09-07T02:56:00Z INFO  minertim::pool_connection] New job: IVsXLHylFOdsagaF (difficulty: 104839, target: 07a00000)
[2026-09-07T02:56:02Z INFO  minertim::miner] Worker 3 SHARE FOUND! job_id=IVsXLHylFOdsagaF, nonce=0fceb702, hash_val=28307, difficulty=104839, hash=c781927c8e029b530e7673b38403e2195ce645f9a38e54cb08b221c7936e0000
[2026-09-07T02:56:03Z INFO  minertim] H/s 1m:2151.1 5m:2263.5 10m:2259.3 | Shares: 402/1 (found:404) | Diff: 104839 | 1s elapsed (since last share, avg 48s) | best=101 target=40967 (999%)
[2026-09-07T02:56:13Z INFO  minertim] H/s 1m:2039.7 5m:2248.1 10m:2254.4 | Shares: 402/1 (found:404) | Diff: 104839 | 11s elapsed (since last share, avg 51s) | best=101 target=40967 (999%)
[2026-09-07T02:56:20Z INFO  minertim::pool_connection] New job: t0cYGOK0DRLF8gE0 (difficulty: 104839, target: 07a00000)
[2026-09-07T02:56:20Z INFO  minertim::pool_connection] Share accepted by pool
[2026-09-07T02:56:23Z INFO  minertim] H/s 1m:2073.4 5m:2235.7 10m:2255.8 | Shares: 403/1 (found:404) | Diff: 104839 | 21s elapsed (since last share, avg 50s) | best=101 target=40967 (999%)
[2026-09-07T02:56:33Z INFO  minertim::miner] Worker 1 SHARE FOUND! job_id=t0cYGOK0DRLF8gE0, nonce=71adba02, hash_val=129, difficulty=104839, hash=b4a5607f6b143a2caca977ac754bb28f55230d9cd6124cf9d4def1f581000000
[2026-09-07T02:56:33Z INFO  minertim] H/s 1m:2154.1 5m:2235.7 10m:2255.3 | Shares: 403/1 (found:405) | Diff: 104839 | 0s elapsed (since last share, avg 48s) | best=101 target=40967 (999%)
[2026-09-07T02:56:40Z INFO  minertim::pool_connection] New job: 0xHRZnwBVIH0Gerh (difficulty: 104839, target: 07a00000)
[2026-09-07T02:56:40Z INFO  minertim::pool_connection] Share accepted by pool
[2026-09-07T02:56:43Z INFO  minertim] H/s 1m:2043.9 5m:2216.6 10m:2245.6 | Shares: 404/1 (found:405) | Diff: 104839 | 10s elapsed (since last share, avg 51s) | best=101 target=40967 (999%)
[2026-09-07T02:56:53Z INFO  minertim] H/s 1m:2044.2 5m:2232.2 10m:2245.1 | Shares: 404/1 (found:405) | Diff: 104839 | 20s elapsed (since last share, avg 51s) | best=101 target=40967 (999%)
[2026-09-07T02:57:00Z INFO  minertim::pool_connection] New job: QcBKNPsQ8RioV0hE (difficulty: 104839, target: 07a00000)
[2026-09-07T02:57:03Z INFO  minertim] H/s 1m:2155.5 5m:2232.2 10m:2244.7 | Shares: 404/1 (found:405) | Diff: 104839 | 30s elapsed (since last share, avg 48s) | best=101 target=40967 (999%)
[2026-09-07T02:57:13Z INFO  minertim] H/s 1m:2239.5 5m:2232.1 10m:2244.2 | Shares: 404/1 (found:405) | Diff: 104839 | 40s elapsed (since last share, avg 46s) | best=101 target=40967 (999%)
[2026-09-07T02:57:20Z INFO  minertim::pool_connection] New job: M3rS6qbYKEpvjFBQ (difficulty: 104839, target: 07a00000)
[2026-09-07T02:57:23Z INFO  minertim] H/s 1m:2239.7 5m:2235.2 10m:2243.8 | Shares: 404/1 (found:405) | Diff: 104839 | 50s elapsed (since last share, avg 46s) | best=101 target=40967 (999%)
[2026-09-07T02:57:30Z INFO  minertim::miner] Worker 1 SHARE FOUND! job_id=M3rS6qbYKEpvjFBQ, nonce=717bbc02, hash_val=14615, difficulty=104839, hash=c7535fc8c958d1ac6bfe6dfb405366269bd7abb898a27307faef935717390000
[2026-09-07T02:57:33Z INFO  minertim] H/s 1m:2291.0 5m:2225.2 10m:2238.4 | Shares: 404/1 (found:406) | Diff: 104839 | 3s elapsed (since last share, avg 45s) | best=101 target=40967 (999%)
[2026-09-07T02:57:40Z INFO  minertim::pool_connection] New job: 2hw5zvdMTQhOz7CT (difficulty: 104839, target: 07a00000)
[2026-09-07T02:57:40Z INFO  minertim::pool_connection] Share accepted by pool
[2026-09-07T02:57:43Z INFO  minertim] H/s 1m:2230.3 5m:2214.7 10m:2234.5 | Shares: 405/1 (found:406) | Diff: 104839 | 13s elapsed (since last share, avg 47s) | best=101 target=40967 (999%)
[2026-09-07T02:57:53Z INFO  minertim] H/s 1m:2230.4 5m:2214.7 10m:2236.3 | Shares: 405/1 (found:406) | Diff: 104839 | 23s elapsed (since last share, avg 47s) | best=101 target=40967 (999%)
[2026-09-07T02:57:59Z INFO  minertim::pool_connection] New job: VXh1oOpouq08O2Na (difficulty: 104839, target: 07a00000)
[2026-09-07T02:58:03Z INFO  minertim] H/s 1m:2231.0 5m:2214.8 10m:2238.1 | Shares: 405/1 (found:406) | Diff: 104839 | 33s elapsed (since last share, avg 46s) | best=101 target=40967 (999%)
[2026-09-07T02:58:13Z INFO  minertim] H/s 1m:2231.2 5m:2214.9 10m:2239.9 | Shares: 405/1 (found:406) | Diff: 104839 | 43s elapsed (since last share, avg 46s) | best=101 target=40967 (999%)
[2026-09-07T02:58:19Z INFO  minertim::pool_connection] New job: 6nbk3OsQut5T7WjH (difficulty: 104839, target: 07a00000)
[2026-09-07T02:58:23Z INFO  minertim] H/s 1m:2290.0 5m:2214.9 10m:2241.8 | Shares: 405/1 (found:406) | Diff: 104839 | 53s elapsed (since last share, avg 45s) | best=101 target=40967 (999%)
[2026-09-07T02:58:33Z INFO  minertim::miner] Worker 2 SHARE FOUND! job_id=6nbk3OsQut5T7WjH, nonce=da47ba02, hash_val=40835, difficulty=104839, hash=0b597e56c6c2cdcf467ffeb944a1492b052393e88223f4a0273fcc26839f0000
[2026-09-07T02:58:33Z INFO  minertim] H/s 1m:2350.2 5m:2214.9 10m:2243.6 | Shares: 405/1 (found:407) | Diff: 104839 | 0s elapsed (since last share, avg 44s) | best=101 target=40967 (999%)
[2026-09-07T02:58:39Z INFO  minertim::pool_connection] New job: 8tGJBljNdz0h2XZl (difficulty: 104839, target: 07a00000)
[2026-09-07T02:58:39Z INFO  minertim::pool_connection] Share accepted by pool
[2026-09-07T02:58:43Z INFO  minertim] H/s 1m:2245.6 5m:2196.9 10m:2236.5 | Shares: 406/1 (found:407) | Diff: 104839 | 10s elapsed (since last share, avg 46s) | best=101 target=40967 (999%)
[2026-09-07T02:58:53Z INFO  minertim] H/s 1m:2245.1 5m:2196.9 10m:2239.7 | Shares: 406/1 (found:407) | Diff: 104839 | 20s elapsed (since last share, avg 46s) | best=101 target=40967 (999%)
[2026-09-07T02:58:59Z INFO  minertim::pool_connection] New job: NVPdI9t3c7sxfkPm (difficulty: 104839, target: 07a00000)
[2026-09-07T02:59:03Z INFO  minertim] H/s 1m:2244.9 5m:2196.8 10m:2241.4 | Shares: 406/1 (found:407) | Diff: 104839 | 30s elapsed (since last share, avg 46s) | best=101 target=40967 (999%)
[2026-09-07T02:59:13Z INFO  minertim] H/s 1m:2245.2 5m:2204.1 10m:2243.2 | Shares: 406/1 (found:407) | Diff: 104839 | 40s elapsed (since last share, avg 46s) | best=101 target=40967 (999%)
[2026-09-07T02:59:17Z INFO  minertim::miner] Worker 2 SHARE FOUND! job_id=NVPdI9t3c7sxfkPm, nonce=16a4bb02, hash_val=2418, difficulty=104839, hash=b3dd18703dee7688ce68de94e94b9e2de65421abada78e779a2f01aa72090000
[2026-09-07T02:59:18Z INFO  minertim::pool_connection] New job: OJD0oXpP0e597bY0 (difficulty: 104839, target: 07a00000)
[2026-09-07T02:59:19Z INFO  minertim::pool_connection] Share accepted by pool
[2026-09-07T02:59:23Z INFO  minertim] H/s 1m:2228.6 5m:2201.5 10m:2243.5 | Shares: 407/1 (found:408) | Diff: 104839 | 6s elapsed (since last share, avg 47s) | best=101 target=40967 (999%)
[2026-09-07T02:59:33Z INFO  minertim] H/s 1m:2333.3 5m:2221.4 10m:2245.3 | Shares: 407/1 (found:408) | Diff: 104839 | 16s elapsed (since last share, avg 44s) | best=101 target=40967 (999%)
[2026-09-07T02:59:38Z INFO  minertim::pool_connection] New job: W0gI0NCGq4s8xSpo (difficulty: 104839, target: 07a00000)
[2026-09-07T02:59:38Z INFO  minertim::miner] Worker 2 SHARE FOUND! job_id=W0gI0NCGq4s8xSpo, nonce=865bbc02, hash_val=15886, difficulty=104839, hash=a0bc9980b484e751fda1efc1a78d38cc8e7804c639b60813ba3adf080e3e0000
[2026-09-07T02:59:43Z INFO  minertim] H/s 1m:2276.2 5m:2211.4 10m:2242.2 | Shares: 407/1 (found:409) | Diff: 104839 | 4s elapsed (since last share, avg 46s) | best=101 target=40967 (999%)
[2026-09-07T02:59:53Z INFO  minertim] H/s 1m:2164.9 5m:2192.3 10m:2234.5 | Shares: 407/1 (found:409) | Diff: 104839 | 14s elapsed (since last share, avg 48s) | best=101 target=40967 (999%)
[2026-09-07T02:59:58Z INFO  minertim::pool_connection] New job: hlpgihlRzTOah0j5 (difficulty: 104839, target: 07a00000)
[2026-09-07T02:59:58Z INFO  minertim::pool_connection] Share accepted by pool
[2026-09-07T03:00:01Z INFO  minertim::pool_connection] New job: 8E5PcC6QK5iIELbu (difficulty: 104839, target: 07a00000)
[2026-09-07T03:00:02Z INFO  minertim::miner] Worker 1 SHARE FOUND! job_id=8E5PcC6QK5iIELbu, nonce=c5a6c102, hash_val=20603, difficulty=104839, hash=5961c8a34712304f51259d283d394b0774e26caf89f6ce9eeb2f446b7b500000
[2026-09-07T03:00:03Z INFO  minertim] H/s 1m:2164.9 5m:2192.4 10m:2236.4 | Shares: 408/1 (found:410) | Diff: 104839 | 1s elapsed (since last share, avg 48s) | best=101 target=40967 (999%)
[2026-09-07T03:00:13Z INFO  minertim] H/s 1m:2058.5 5m:2171.2 10m:2227.7 | Shares: 408/1 (found:410) | Diff: 104839 | 11s elapsed (since last share, avg 50s) | best=101 target=40967 (999%)
[2026-09-07T03:00:14Z INFO  minertim::miner] Worker 2 SHARE FOUND! job_id=8E5PcC6QK5iIELbu, nonce=ceedbc02, hash_val=5764, difficulty=104839, hash=b1dbb857005eec707e48687904a30d027399eed9c38662f8bb65065d84160000
[2026-09-07T03:00:21Z INFO  minertim::pool_connection] New job: rX0Erwn0U03h3umH (difficulty: 104839, target: 07a00000)
[2026-09-07T03:00:21Z INFO  minertim::pool_connection] Share accepted by pool
[2026-09-07T03:00:21Z INFO  minertim::pool_connection] Share accepted by pool
[2026-09-07T03:00:23Z INFO  minertim] H/s 1m:1863.0 5m:2157.7 10m:2212.8 | Shares: 410/1 (found:411) | Diff: 104839 | 9s elapsed (since last share, avg 56s) | best=101 target=40967 (999%)
[2026-09-07T03:00:33Z INFO  minertim] H/s 1m:1917.3 5m:2171.1 10m:2214.2 | Shares: 410/1 (found:411) | Diff: 104839 | 19s elapsed (since last share, avg 54s) | best=101 target=40967 (999%)
[2026-09-07T03:00:38Z INFO  minertim::pool_connection] New job: 2JhUHNxb3SsQ4lJB (difficulty: 104839, target: 07a00000)
[2026-09-07T03:00:43Z INFO  minertim] H/s 1m:2008.9 5m:2167.8 10m:2214.4 | Shares: 410/1 (found:411) | Diff: 104839 | 29s elapsed (since last share, avg 52s) | best=101 target=40967 (999%)
[2026-09-07T03:00:53Z INFO  minertim] H/s 1m:1987.8 5m:2164.2 10m:2214.4 | Shares: 410/1 (found:411) | Diff: 104839 | 39s elapsed (since last share, avg 52s) | best=101 target=40967 (999%)
[2026-09-07T03:00:58Z INFO  minertim::pool_connection] New job: AJlnJwvijMGchw3F (difficulty: 104839, target: 07a00000)
[2026-09-07T03:00:58Z INFO  minertim::miner] Worker 3 SHARE FOUND! job_id=AJlnJwvijMGchw3F, nonce=83abc102, hash_val=4530, difficulty=104839, hash=bcdfe93a5213c2e0ec428f3482217d0e5d61f052c5151d820c36e9a2b2110000
[2026-09-07T03:01:03Z INFO  minertim] H/s 1m:2036.4 5m:2170.6 10m:2209.9 | Shares: 410/1 (found:412) | Diff: 104839 | 4s elapsed (since last share, avg 51s) | best=101 target=40967 (999%)
[2026-09-07T03:01:13Z INFO  minertim] H/s 1m:2103.2 5m:2162.9 10m:2200.8 | Shares: 410/1 (found:412) | Diff: 104839 | 14s elapsed (since last share, avg 49s) | best=101 target=40967 (999%)
[2026-09-07T03:01:18Z INFO  minertim::pool_connection] New job: yVhJrmvzM8NMwZum (difficulty: 104839, target: 07a00000)
[2026-09-07T03:01:18Z INFO  minertim::pool_connection] Share accepted by pool
[2026-09-07T03:01:23Z INFO  minertim] H/s 1m:2073.4 5m:2157.2 10m:2199.1 | Shares: 411/1 (found:412) | Diff: 104839 | 25s elapsed (since last share, avg 50s) | best=101 target=40967 (999%)
[2026-09-07T03:01:29Z INFO  minertim::miner] Worker 2 SHARE FOUND! job_id=yVhJrmvzM8NMwZum, nonce=c23fbf02, hash_val=18871, difficulty=104839, hash=d607457d1f265829524a893cffa4d8204fd7ea976b1fe3b9a95f12c4b7490000
[2026-09-07T03:01:32Z INFO  minertim::pool_connection] Share accepted by pool
[2026-09-07T03:01:33Z INFO  minertim] H/s 1m:2057.5 5m:2170.2 10m:2196.1 | Shares: 412/1 (found:413) | Diff: 104839 | 4s elapsed (since last share, avg 50s) | best=101 target=40967 (999%)
[2026-09-07T03:01:38Z INFO  minertim::pool_connection] New job: p0Y2iUreg5FIraTk (difficulty: 104839, target: 07a00000)
[2026-09-07T03:01:43Z INFO  minertim] H/s 1m:2078.4 5m:2170.1 10m:2196.0 | Shares: 412/1 (found:413) | Diff: 104839 | 14s elapsed (since last share, avg 50s) | best=101 target=40967 (999%)
[2026-09-07T03:01:53Z INFO  minertim] H/s 1m:2156.9 5m:2170.8 10m:2204.0 | Shares: 412/1 (found:413) | Diff: 104839 | 24s elapsed (since last share, avg 48s) | best=101 target=40967 (999%)
[2026-09-07T03:01:58Z INFO  minertim::pool_connection] New job: wD6shWwmLq0IYK1M (difficulty: 104839, target: 07a00000)
[2026-09-07T03:02:03Z INFO  minertim] H/s 1m:2290.0 5m:2171.6 10m:2204.4 | Shares: 412/1 (found:413) | Diff: 104839 | 34s elapsed (since last share, avg 45s) | best=101 target=40967 (999%)
[2026-09-07T03:02:13Z INFO  minertim] H/s 1m:2326.7 5m:2172.2 10m:2204.7 | Shares: 412/1 (found:413) | Diff: 104839 | 44s elapsed (since last share, avg 45s) | best=101 target=40967 (999%)
[2026-09-07T03:02:18Z INFO  minertim::pool_connection] New job: q6MtDym6lOS0wPEI (difficulty: 104839, target: 07a00000)
[2026-09-07T03:02:23Z INFO  minertim] H/s 1m:2365.4 5m:2183.0 10m:2206.5 | Shares: 412/1 (found:413) | Diff: 104839 | 54s elapsed (since last share, avg 44s) | best=101 target=40967 (999%)
[2026-09-07T03:02:26Z INFO  minertim::miner] Worker 2 SHARE FOUND! job_id=q6MtDym6lOS0wPEI, nonce=f635c102, hash_val=15803, difficulty=104839, hash=f77cd7e05f20ec0dc474230e12f2305eb1148ea86269c01ab3295151bb3d0000
[2026-09-07T03:02:33Z INFO  minertim] H/s 1m:2251.9 5m:2173.8 10m:2196.9 | Shares: 412/1 (found:414) | Diff: 104839 | 7s elapsed (since last share, avg 46s) | best=101 target=40967 (999%)
[2026-09-07T03:02:37Z INFO  minertim::pool_connection] New job: qRamK4qIQIHKTObk (difficulty: 104839, target: 07a00000)
[2026-09-07T03:02:38Z INFO  minertim::pool_connection] Share accepted by pool
[2026-09-07T03:02:43Z INFO  minertim] H/s 1m:2240.4 5m:2172.6 10m:2196.2 | Shares: 413/1 (found:414) | Diff: 104839 | 17s elapsed (since last share, avg 46s) | best=101 target=40967 (999%)
[2026-09-07T03:02:53Z INFO  minertim] H/s 1m:2236.6 5m:2172.5 10m:2196.3 | Shares: 413/1 (found:414) | Diff: 104839 | 27s elapsed (since last share, avg 46s) | best=101 target=40967 (999%)
[2026-09-07T03:02:57Z INFO  minertim::pool_connection] New job: 07TW0OfeY8WPhOuy (difficulty: 104839, target: 07a00000)
[2026-09-07T03:02:59Z INFO  minertim::pool_connection] New job: dyQ0aV3HFEe8Uv4f (difficulty: 104839, target: 07a00000)
[2026-09-07T03:03:03Z INFO  minertim] H/s 1m:2237.8 5m:2173.3 10m:2196.7 | Shares: 413/1 (found:414) | Diff: 104839 | 37s elapsed (since last share, avg 46s) | best=101 target=40967 (999%)
[2026-09-07T03:03:13Z INFO  minertim] H/s 1m:2237.8 5m:2174.0 10m:2197.0 | Shares: 413/1 (found:414) | Diff: 104839 | 47s elapsed (since last share, avg 46s) | best=101 target=40967 (999%)
[2026-09-07T03:03:19Z INFO  minertim::pool_connection] New job: GfSX0avY3no0jmJR (difficulty: 104839, target: 07a00000)
[2026-09-07T03:03:23Z INFO  minertim] H/s 1m:2355.6 5m:2174.7 10m:2197.4 | Shares: 413/1 (found:414) | Diff: 104839 | 57s elapsed (since last share, avg 44s) | best=101 target=40967 (999%)
[2026-09-07T03:03:33Z INFO  minertim] H/s 1m:2367.3 5m:2193.5 10m:2197.8 | Shares: 413/1 (found:414) | Diff: 104839 | 1m7s elapsed (since last share, avg 44s) | best=101 target=40967 (999%)
[2026-09-07T03:03:39Z INFO  minertim::pool_connection] New job: 0nj70Tb7i003OetL (difficulty: 104839, target: 07a00000)
[2026-09-07T03:03:43Z INFO  minertim] H/s 1m:2371.6 5m:2194.3 10m:2198.2 | Shares: 413/1 (found:414) | Diff: 104839 | 1m17s elapsed (since last share, avg 44s) | best=101 target=40967 (999%)
[2026-09-07T03:03:53Z INFO  minertim] H/s 1m:2370.8 5m:2195.0 10m:2198.6 | Shares: 413/1 (found:414) | Diff: 104839 | 1m27s elapsed (since last share, avg 44s) | best=101 target=40967 (999%)
[2026-09-07T03:03:59Z INFO  minertim::pool_connection] New job: JQNTGetu0zxviaAF (difficulty: 104839, target: 07a00000)
[2026-09-07T03:04:04Z INFO  minertim] H/s 1m:2371.2 5m:2195.7 10m:2198.9 | Shares: 413/1 (found:414) | Diff: 104839 | 1m37s elapsed (since last share, avg 44s) | best=101 target=40967 (999%)
[2026-09-07T03:04:05Z INFO  minertim::miner] Worker 0 SHARE FOUND! job_id=JQNTGetu0zxviaAF, nonce=b87bc402, hash_val=29048, difficulty=104839, hash=be4ef71a22111dab0f275b5492974a33beab9216a84cbd7f897de94c78710000
[2026-09-07T03:04:08Z INFO  minertim::pool_connection] Share accepted by pool
[2026-09-07T03:04:10Z INFO  minertim::miner] Worker 3 SHARE FOUND! job_id=JQNTGetu0zxviaAF, nonce=9fdcc702, hash_val=19957, difficulty=104839, hash=b547ba4e15165e1942e17381f1e95d06d39bbd4b95510a641e91f794f54d0000
[2026-09-07T03:04:14Z INFO  minertim] H/s 1m:2290.0 5m:2185.3 10m:2195.9 | Shares: 414/1 (found:416) | Diff: 104839 | 3s elapsed (since last share, avg 45s) | best=101 target=40967 (999%)
[2026-09-07T03:04:17Z INFO  minertim::miner] Worker 0 SHARE FOUND! job_id=JQNTGetu0zxviaAF, nonce=5cd9c402, hash_val=38961, difficulty=104839, hash=d608c6e14353ed46b5f22d3d9b86b97ed99a31d3c8e0253fa24c2d0631980000
[2026-09-07T03:04:19Z INFO  minertim::pool_connection] New job: PRkUwkpICX7102TD (difficulty: 104839, target: 07a00000)
[2026-09-07T03:04:19Z INFO  minertim::pool_connection] Share accepted by pool
[2026-09-07T03:04:20Z INFO  minertim::pool_connection] Share accepted by pool
[2026-09-07T03:04:24Z INFO  minertim] H/s 1m:2180.1 5m:2167.1 10m:2187.1 | Shares: 416/1 (found:417) | Diff: 104839 | 6s elapsed (since last share, avg 48s) | best=101 target=40967 (999%)
[2026-09-07T03:04:32Z INFO  minertim::pool_connection] New job: 7qrugQ6SkGNJJaP8 (difficulty: 104839, target: 07a00000)
[2026-09-07T03:04:34Z INFO  minertim] H/s 1m:2180.8 5m:2177.9 10m:2197.3 | Shares: 416/1 (found:417) | Diff: 104839 | 16s elapsed (since last share, avg 48s) | best=101 target=40967 (999%)
[2026-09-07T03:04:44Z INFO  minertim] H/s 1m:2181.6 5m:2197.9 10m:2197.7 | Shares: 416/1 (found:417) | Diff: 104839 | 26s elapsed (since last share, avg 48s) | best=101 target=40967 (999%)
[2026-09-07T03:04:52Z INFO  minertim::pool_connection] New job: pXlUb7LftmTH0DbX (difficulty: 104839, target: 07a00000)
[2026-09-07T03:04:54Z INFO  minertim] H/s 1m:2182.9 5m:2198.8 10m:2198.2 | Shares: 416/1 (found:417) | Diff: 104839 | 36s elapsed (since last share, avg 48s) | best=101 target=40967 (999%)
[2026-09-07T03:05:04Z INFO  minertim] H/s 1m:2265.5 5m:2221.0 10m:2198.7 | Shares: 416/1 (found:417) | Diff: 104839 | 46s elapsed (since last share, avg 46s) | best=101 target=40967 (999%)
[2026-09-07T03:05:12Z INFO  minertim::pool_connection] New job: SJ1MYQVUfnK8nnAr (difficulty: 104839, target: 07a00000)
[2026-09-07T03:05:14Z INFO  minertim] H/s 1m:2376.7 5m:2255.8 10m:2199.2 | Shares: 416/1 (found:417) | Diff: 104839 | 56s elapsed (since last share, avg 44s) | best=101 target=40967 (999%)
[2026-09-07T03:05:18Z INFO  minertim::pool_connection] New job: JxiZxnMxBm0LJRhQ (difficulty: 104839, target: 07a00000)
[2026-09-07T03:05:24Z INFO  minertim] H/s 1m:2376.7 5m:2257.2 10m:2209.6 | Shares: 416/1 (found:417) | Diff: 104839 | 1m6s elapsed (since last share, avg 44s) | best=101 target=40967 (999%)
[2026-09-07T03:05:34Z INFO  minertim] H/s 1m:2376.9 5m:2261.4 10m:2216.9 | Shares: 416/1 (found:417) | Diff: 104839 | 1m16s elapsed (since last share, avg 44s) | best=101 target=40967 (999%)
[2026-09-07T03:05:38Z INFO  minertim::pool_connection] New job: 0Yr3GGyBKGf0k6wQ (difficulty: 104839, target: 07a00000)
[2026-09-07T03:05:44Z INFO  minertim] H/s 1m:2377.4 5m:2266.1 10m:2217.4 | Shares: 416/1 (found:417) | Diff: 104839 | 1m26s elapsed (since last share, avg 44s) | best=101 target=40967 (999%)
[2026-09-07T03:05:54Z INFO  minertim] H/s 1m:2377.0 5m:2279.8 10m:2217.8 | Shares: 416/1 (found:417) | Diff: 104839 | 1m36s elapsed (since last share, avg 44s) | best=101 target=40967 (999%)
[2026-09-07T03:05:58Z INFO  minertim::pool_connection] New job: hhXWG1KvTn0x9lbB (difficulty: 104839, target: 07a00000)
[2026-09-07T03:06:04Z INFO  minertim] H/s 1m:2376.3 5m:2302.9 10m:2227.7 | Shares: 416/1 (found:417) | Diff: 104839 | 1m46s elapsed (since last share, avg 44s) | best=101 target=40967 (999%)
[2026-09-07T03:06:07Z INFO  minertim::miner] Worker 1 SHARE FOUND! job_id=hhXWG1KvTn0x9lbB, nonce=1d24ce02, hash_val=1779, difficulty=104839, hash=8d1d6d4c434d6fc8d4fe358adda878db1db56545b736ff03f4656030f3060000
[2026-09-07T03:06:14Z INFO  minertim] H/s 1m:2317.1 5m:2299.3 10m:2230.3 | Shares: 416/1 (found:418) | Diff: 104839 | 7s elapsed (since last share, avg 45s) | best=101 target=40967 (999%)
[2026-09-07T03:06:17Z INFO  minertim::pool_connection] New job: mhyqR7MfXD9UdsYp (difficulty: 104839, target: 07a00000)
[2026-09-07T03:06:18Z INFO  minertim::pool_connection] Share accepted by pool
[2026-09-07T03:06:24Z INFO  minertim] H/s 1m:2269.0 5m:2297.9 10m:2226.7 | Shares: 417/1 (found:418) | Diff: 104839 | 17s elapsed (since last share, avg 46s) | best=101 target=40967 (999%)
[2026-09-07T03:06:28Z INFO  minertim::pool_connection] New job: 6i34yh0nBVMCK8o5 (difficulty: 104839, target: 07a00000)
[2026-09-07T03:06:34Z INFO  minertim] H/s 1m:2268.6 5m:2298.9 10m:2236.4 | Shares: 417/1 (found:418) | Diff: 104839 | 27s elapsed (since last share, avg 46s) | best=101 target=40967 (999%)
[2026-09-07T03:06:44Z INFO  minertim] H/s 1m:2269.0 5m:2299.1 10m:2236.9 | Shares: 417/1 (found:418) | Diff: 104839 | 37s elapsed (since last share, avg 46s) | best=101 target=40967 (999%)
[2026-09-07T03:06:47Z INFO  minertim::miner] Worker 1 SHARE FOUND! job_id=6i34yh0nBVMCK8o5, nonce=6934cf02, hash_val=4890, difficulty=104839, hash=d294164c09cdb89acf87c3b50d92dc2b579472def5b00b086c017a201a130000
[2026-09-07T03:06:48Z INFO  minertim::pool_connection] New job: 0H2006WV6ntUSoWD (difficulty: 104839, target: 07a00000)
[2026-09-07T03:06:48Z INFO  minertim::pool_connection] Share accepted by pool
[2026-09-07T03:06:54Z INFO  minertim] H/s 1m:2260.5 5m:2297.8 10m:2236.6 | Shares: 418/1 (found:419) | Diff: 104839 | 6s elapsed (since last share, avg 46s) | best=101 target=40967 (999%)
[2026-09-07T03:07:04Z INFO  minertim] H/s 1m:2320.2 5m:2298.1 10m:2237.1 | Shares: 418/1 (found:419) | Diff: 104839 | 16s elapsed (since last share, avg 45s) | best=101 target=40967 (999%)
[2026-09-07T03:07:07Z INFO  minertim::miner] Worker 0 SHARE FOUND! job_id=0H2006WV6ntUSoWD, nonce=3cf2ca02, hash_val=37547, difficulty=104839, hash=7cbdc74d74bac44e3ff3e562deb4cb97e4470d2f21a726935246c759ab920000
[2026-09-07T03:07:07Z INFO  minertim::pool_connection] New job: p9ZVnpIe8KKu0bV6 (difficulty: 104839, target: 07a00000)
[2026-09-07T03:07:08Z INFO  minertim::pool_connection] Share accepted by pool
[2026-09-07T03:07:14Z INFO  minertim] H/s 1m:2365.0 5m:2297.9 10m:2237.3 | Shares: 419/1 (found:420) | Diff: 104839 | 6s elapsed (since last share, avg 44s) | best=101 target=40967 (999%)
[2026-09-07T03:07:24Z INFO  minertim] H/s 1m:2365.0 5m:2318.4 10m:2242.7 | Shares: 419/1 (found:420) | Diff: 104839 | 16s elapsed (since last share, avg 44s) | best=101 target=40967 (999%)
[2026-09-07T03:07:27Z INFO  minertim::pool_connection] New job: 5y2rvKOD0ACHwmr0 (difficulty: 104839, target: 07a00000)
[2026-09-07T03:07:34Z INFO  minertim] H/s 1m:2364.5 5m:2320.5 10m:2248.2 | Shares: 419/1 (found:420) | Diff: 104839 | 26s elapsed (since last share, avg 44s) | best=101 target=40967 (999%)
[2026-09-07T03:07:44Z INFO  minertim] H/s 1m:2373.5 5m:2321.4 10m:2248.7 | Shares: 419/1 (found:420) | Diff: 104839 | 36s elapsed (since last share, avg 44s) | best=101 target=40967 (999%)
[2026-09-07T03:07:47Z INFO  minertim::pool_connection] New job: JTx8TOIlLESwIy8J (difficulty: 104839, target: 07a00000)
[2026-09-07T03:07:54Z INFO  minertim] H/s 1m:2373.4 5m:2321.5 10m:2249.2 | Shares: 419/1 (found:420) | Diff: 104839 | 46s elapsed (since last share, avg 44s) | best=101 target=40967 (999%)
[2026-09-07T03:08:04Z INFO  minertim] H/s 1m:2376.8 5m:2321.8 10m:2249.6 | Shares: 419/1 (found:420) | Diff: 104839 | 56s elapsed (since last share, avg 44s) | best=101 target=40967 (999%)
[2026-09-07T03:08:07Z INFO  minertim::pool_connection] New job: RZcU2bmz0F0HnUKz (difficulty: 104839, target: 07a00000)
[2026-09-07T03:08:14Z INFO  minertim] H/s 1m:2376.6 5m:2322.0 10m:2250.1 | Shares: 419/1 (found:420) | Diff: 104839 | 1m6s elapsed (since last share, avg 44s) | best=101 target=40967 (999%)
[2026-09-07T03:08:24Z INFO  minertim] H/s 1m:2377.2 5m:2322.2 10m:2250.5 | Shares: 419/1 (found:420) | Diff: 104839 | 1m16s elapsed (since last share, avg 44s) | best=101 target=40967 (999%)
[2026-09-07T03:08:27Z INFO  minertim::pool_connection] New job: iB1F6aMUBuzveph2 (difficulty: 104839, target: 07a00000)
[2026-09-07T03:08:34Z INFO  minertim] H/s 1m:2376.5 5m:2322.3 10m:2259.8 | Shares: 419/1 (found:420) | Diff: 104839 | 1m26s elapsed (since last share, avg 44s) | best=101 target=40967 (999%)
[2026-09-07T03:08:44Z INFO  minertim] H/s 1m:2376.1 5m:2322.4 10m:2260.3 | Shares: 419/1 (found:420) | Diff: 104839 | 1m36s elapsed (since last share, avg 44s) | best=101 target=40967 (999%)
[2026-09-07T03:08:44Z INFO  minertim::miner] Worker 2 SHARE FOUND! job_id=iB1F6aMUBuzveph2, nonce=5284ce02, hash_val=19806, difficulty=104839, hash=a7bd692c7c7cadf2e17d5c4eef9fcb22fcb8cf7f09700c1ac90f44c55e4d0000
[2026-09-07T03:08:47Z INFO  minertim::pool_connection] New job: FLPKvvKWnqCf0bce (difficulty: 104839, target: 07a00000)
[2026-09-07T03:08:47Z INFO  minertim::pool_connection] Share accepted by pool
[2026-09-07T03:08:54Z INFO  minertim] H/s 1m:2348.0 5m:2317.8 10m:2258.3 | Shares: 420/1 (found:421) | Diff: 104839 | 9s elapsed (since last share, avg 44s) | best=101 target=40967 (999%)
[2026-09-07T03:08:55Z INFO  minertim::miner] Worker 3 SHARE FOUND! job_id=FLPKvvKWnqCf0bce, nonce=b7e2d102, hash_val=4739, difficulty=104839, hash=fd3e87fdad1b0cf21dc886207a38b7316b8132f17f0929c51a40137e83120000
[2026-09-07T03:09:04Z INFO  minertim] H/s 1m:2290.1 5m:2322.0 10m:2253.9 | Shares: 420/1 (found:422) | Diff: 104839 | 8s elapsed (since last share, avg 45s) | best=101 target=40967 (999%)
[2026-09-07T03:09:07Z INFO  minertim::pool_connection] New job: yySTGYBzW408Zr4O (difficulty: 104839, target: 07a00000)
[2026-09-07T03:09:07Z INFO  minertim::pool_connection] Share accepted by pool
[2026-09-07T03:09:14Z INFO  minertim] H/s 1m:2246.5 5m:2333.6 10m:2252.0 | Shares: 421/1 (found:422) | Diff: 104839 | 18s elapsed (since last share, avg 46s) | best=101 target=40967 (999%)
[2026-09-07T03:09:20Z INFO  minertim::pool_connection] New job: c2yexJwonO1bA78W (difficulty: 104839, target: 07a00000)
[2026-09-07T03:09:24Z INFO  minertim] H/s 1m:2247.2 5m:2333.7 10m:2252.5 | Shares: 421/1 (found:422) | Diff: 104839 | 28s elapsed (since last share, avg 46s) | best=101 target=40967 (999%)
[2026-09-07T03:09:34Z INFO  minertim] H/s 1m:2246.8 5m:2333.7 10m:2257.8 | Shares: 421/1 (found:422) | Diff: 104839 | 38s elapsed (since last share, avg 46s) | best=101 target=40967 (999%)
[2026-09-07T03:09:40Z INFO  minertim::pool_connection] New job: tVfcKBVmczUYqhBR (difficulty: 104839, target: 07a00000)
[2026-09-07T03:09:44Z INFO  minertim] H/s 1m:2275.0 5m:2333.7 10m:2267.7 | Shares: 421/1 (found:422) | Diff: 104839 | 48s elapsed (since last share, avg 46s) | best=101 target=40967 (999%)
[2026-09-07T03:09:54Z INFO  minertim] H/s 1m:2333.2 5m:2333.7 10m:2268.1 | Shares: 421/1 (found:422) | Diff: 104839 | 58s elapsed (since last share, avg 44s) | best=101 target=40967 (999%)
[2026-09-07T03:10:00Z INFO  minertim::pool_connection] New job: tVx0OQ8IXcRMSW5T (difficulty: 104839, target: 07a00000)
[2026-09-07T03:10:02Z INFO  minertim::miner] Worker 3 SHARE FOUND! job_id=tVx0OQ8IXcRMSW5T, nonce=9fe3d302, hash_val=12257, difficulty=104839, hash=02bcea5e0a589a12d60850b9e40d8ae91f1d21939e3cdad62680ea68e12f0000
[2026-09-07T03:10:04Z INFO  minertim] H/s 1m:2376.8 5m:2333.7 10m:2279.1 | Shares: 421/1 (found:423) | Diff: 104839 | 2s elapsed (since last share, avg 44s) | best=101 target=40967 (999%)
[2026-09-07T03:10:07Z INFO  minertim::miner] Worker 1 SHARE FOUND! job_id=tVx0OQ8IXcRMSW5T, nonce=d176d602, hash_val=33335, difficulty=104839, hash=9030857e7e20f50c3c6ba77a1b4ce5f4c5ced16f11853514d2948f6c37820000
[2026-09-07T03:10:14Z INFO  minertim] H/s 1m:2141.2 5m:2293.1 10m:2276.2 | Shares: 421/1 (found:424) | Diff: 104839 | 6s elapsed (since last share, avg 48s) | best=101 target=40967 (999%)
[2026-09-07T03:10:20Z INFO  minertim::pool_connection] New job: 5SYfTMAzD7Sid5j4 (difficulty: 104839, target: 07a00000)
[2026-09-07T03:10:20Z INFO  minertim::pool_connection] Share accepted by pool
[2026-09-07T03:10:20Z INFO  minertim::pool_connection] Share accepted by pool
[2026-09-07T03:10:24Z INFO  minertim] H/s 1m:1963.3 5m:2262.4 10m:2261.8 | Shares: 423/1 (found:424) | Diff: 104839 | 16s elapsed (since last share, avg 53s) | best=101 target=40967 (999%)
[2026-09-07T03:10:34Z INFO  minertim] H/s 1m:1963.3 5m:2262.3 10m:2263.9 | Shares: 423/1 (found:424) | Diff: 104839 | 26s elapsed (since last share, avg 53s) | best=101 target=40967 (999%)
[2026-09-07T03:10:40Z INFO  minertim::pool_connection] New job: YzW3GHB0a0hcWMPM (difficulty: 104839, target: 07a00000)
[2026-09-07T03:10:44Z INFO  minertim] H/s 1m:1963.4 5m:2262.4 10m:2266.1 | Shares: 423/1 (found:424) | Diff: 104839 | 36s elapsed (since last share, avg 53s) | best=101 target=40967 (999%)
[2026-09-07T03:10:54Z INFO  minertim] H/s 1m:1963.2 5m:2262.4 10m:2272.9 | Shares: 423/1 (found:424) | Diff: 104839 | 46s elapsed (since last share, avg 53s) | best=101 target=40967 (999%)
[2026-09-07T03:10:59Z INFO  minertim::miner] Worker 2 SHARE FOUND! job_id=YzW3GHB0a0hcWMPM, nonce=3258d302, hash_val=37759, difficulty=104839, hash=48daad732a264762dd2dc13a129ccdeee06e3e8fa2ed49f48a50b1797f930000
[2026-09-07T03:11:00Z INFO  minertim::pool_connection] New job: cFbqaO6RHyykw707 (difficulty: 104839, target: 07a00000)
[2026-09-07T03:11:00Z INFO  minertim::pool_connection] Share accepted by pool
[2026-09-07T03:11:04Z INFO  minertim] H/s 1m:2197.4 5m:2272.5 10m:2284.2 | Shares: 424/1 (found:425) | Diff: 104839 | 4s elapsed (since last share, avg 47s) | best=101 target=40967 (999%)
[2026-09-07T03:11:06Z INFO  minertim::miner] Worker 1 SHARE FOUND! job_id=cFbqaO6RHyykw707, nonce=712ad802, hash_val=14655, difficulty=104839, hash=cd77279c836997566cf9191d78f81d0448c6753512b0455d1b59e6a73f390000
[2026-09-07T03:11:14Z INFO  minertim] H/s 1m:2317.4 5m:2270.7 10m:2282.5 | Shares: 424/1 (found:426) | Diff: 104839 | 7s elapsed (since last share, avg 45s) | best=101 target=40967 (999%)
[2026-09-07T03:11:19Z INFO  minertim::miner] Worker 3 SHARE FOUND! job_id=cFbqaO6RHyykw707, nonce=8707d602, hash_val=9042, difficulty=104839, hash=72b5a0be9aa3b2c9a17af871ee1d322d617418ed8a50976f5e4414d052230000
[2026-09-07T03:11:19Z INFO  minertim::pool_connection] New job: 7I9QATnyDyhbTnDa (difficulty: 104839, target: 07a00000)
[2026-09-07T03:11:20Z INFO  minertim::pool_connection] Share accepted by pool
[2026-09-07T03:11:20Z INFO  minertim::pool_connection] Share accepted by pool
[2026-09-07T03:11:24Z INFO  minertim] H/s 1m:2212.6 5m:2252.6 10m:2277.0 | Shares: 426/1 (found:427) | Diff: 104839 | 5s elapsed (since last share, avg 47s) | best=101 target=40967 (999%)
[2026-09-07T03:11:25Z INFO  minertim::miner] Worker 2 SHARE FOUND! job_id=7I9QATnyDyhbTnDa, nonce=4e43d402, hash_val=40495, difficulty=104839, hash=14fa18961d136272e0b6712bae1b0ceef1b5dcfec474e1a90ab21ece2f9e0000
[2026-09-07T03:11:34Z INFO  minertim] H/s 1m:2094.8 5m:2232.4 10m:2267.5 | Shares: 426/1 (found:428) | Diff: 104839 | 9s elapsed (since last share, avg 50s) | best=101 target=40967 (999%)
[2026-09-07T03:11:39Z INFO  minertim::pool_connection] New job: byCfJXs6S3f9PFEf (difficulty: 104839, target: 07a00000)
[2026-09-07T03:11:39Z INFO  minertim::pool_connection] Share accepted by pool
[2026-09-07T03:11:44Z INFO  minertim] H/s 1m:2007.0 5m:2218.7 10m:2260.2 | Shares: 427/1 (found:428) | Diff: 104839 | 19s elapsed (since last share, avg 52s) | best=101 target=40967 (999%)
[2026-09-07T03:11:54Z INFO  minertim] H/s 1m:2008.2 5m:2218.7 10m:2260.3 | Shares: 427/1 (found:428) | Diff: 104839 | 29s elapsed (since last share, avg 52s) | best=101 target=40967 (999%)
[2026-09-07T03:11:59Z INFO  minertim::miner] Worker 3 SHARE FOUND! job_id=byCfJXs6S3f9PFEf, nonce=0777d702, hash_val=36220, difficulty=104839, hash=d53af288049f25cb1f9c528bdca7385ad61b23a29ea1c4e190be4d9e7c8d0000
[2026-09-07T03:11:59Z INFO  minertim::pool_connection] New job: SnDz5KSpQAvN5zlL (difficulty: 104839, target: 07a00000)
[2026-09-07T03:11:59Z INFO  minertim::pool_connection] Share accepted by pool
[2026-09-07T03:12:04Z INFO  minertim::miner] Worker 0 SHARE FOUND! job_id=SnDz5KSpQAvN5zlL, nonce=2cb6d502, hash_val=25652, difficulty=104839, hash=615cb57caefba5f27718bad7c3d5c55b2c30ae03c5b2c99b16f49ca134640000
[2026-09-07T03:12:04Z INFO  minertim] H/s 1m:2062.3 5m:2218.5 10m:2260.0 | Shares: 428/1 (found:430) | Diff: 104839 | 0s elapsed (since last share, avg 50s) | best=101 target=40967 (999%)
[2026-09-07T03:12:10Z INFO  minertim::pool_connection] New job: hTTz3ClYIuNYgI6O (difficulty: 104839, target: 07a00000)
[2026-09-07T03:12:10Z INFO  minertim::pool_connection] Share accepted by pool
[2026-09-07T03:12:14Z INFO  minertim] H/s 1m:2087.2 5m:2204.7 10m:2253.4 | Shares: 429/1 (found:430) | Diff: 104839 | 10s elapsed (since last share, avg 50s) | best=101 target=40967 (999%)
[2026-09-07T03:12:24Z INFO  minertim] H/s 1m:2204.0 5m:2204.7 10m:2263.4 | Shares: 429/1 (found:430) | Diff: 104839 | 20s elapsed (since last share, avg 47s) | best=101 target=40967 (999%)
[2026-09-07T03:12:30Z INFO  minertim::pool_connection] New job: vfLGuV8F7mEslmRB (difficulty: 104839, target: 07a00000)
[2026-09-07T03:12:34Z INFO  minertim] H/s 1m:2291.6 5m:2204.6 10m:2264.5 | Shares: 429/1 (found:430) | Diff: 104839 | 30s elapsed (since last share, avg 45s) | best=101 target=40967 (999%)
[2026-09-07T03:12:44Z INFO  minertim] H/s 1m:2291.8 5m:2204.6 10m:2265.0 | Shares: 429/1 (found:430) | Diff: 104839 | 40s elapsed (since last share, avg 45s) | best=101 target=40967 (999%)
[2026-09-07T03:12:50Z INFO  minertim::pool_connection] New job: DHcX0NmU7j06nW05 (difficulty: 104839, target: 07a00000)
[2026-09-07T03:12:54Z INFO  minertim] H/s 1m:2296.3 5m:2204.6 10m:2265.0 | Shares: 429/1 (found:430) | Diff: 104839 | 50s elapsed (since last share, avg 45s) | best=101 target=40967 (999%)
[2026-09-07T03:13:04Z INFO  minertim] H/s 1m:2376.3 5m:2204.7 10m:2265.2 | Shares: 429/1 (found:430) | Diff: 104839 | 1m0s elapsed (since last share, avg 44s) | best=101 target=40967 (999%)
[2026-09-07T03:13:09Z INFO  minertim::pool_connection] New job: O05IVT91zqPWKDSM (difficulty: 104839, target: 07a00000)
[2026-09-07T03:13:14Z INFO  minertim] H/s 1m:2377.2 5m:2204.7 10m:2265.3 | Shares: 429/1 (found:430) | Diff: 104839 | 1m10s elapsed (since last share, avg 44s) | best=101 target=40967 (999%)
[2026-09-07T03:13:24Z INFO  minertim] H/s 1m:2377.7 5m:2204.8 10m:2265.4 | Shares: 429/1 (found:430) | Diff: 104839 | 1m20s elapsed (since last share, avg 44s) | best=101 target=40967 (999%)
[2026-09-07T03:13:29Z INFO  minertim::pool_connection] New job: tDv9EjLdjIqo7tcS (difficulty: 104839, target: 07a00000)
[2026-09-07T03:13:34Z INFO  minertim] H/s 1m:2377.5 5m:2204.8 10m:2265.5 | Shares: 429/1 (found:430) | Diff: 104839 | 1m30s elapsed (since last share, avg 44s) | best=101 target=40967 (999%)
[2026-09-07T03:13:44Z INFO  minertim] H/s 1m:2377.1 5m:2209.7 10m:2265.5 | Shares: 429/1 (found:430) | Diff: 104839 | 1m40s elapsed (since last share, avg 44s) | best=101 target=40967 (999%)
[2026-09-07T03:13:49Z INFO  minertim::pool_connection] New job: CyBhb65eFWt4Jw00 (difficulty: 104839, target: 07a00000)
[2026-09-07T03:13:54Z INFO  minertim] H/s 1m:2377.0 5m:2219.7 10m:2265.7 | Shares: 429/1 (found:430) | Diff: 104839 | 1m50s elapsed (since last share, avg 44s) | best=101 target=40967 (999%)
[2026-09-07T03:14:04Z INFO  minertim] H/s 1m:2376.9 5m:2227.2 10m:2272.7 | Shares: 429/1 (found:430) | Diff: 104839 | 2m0s elapsed (since last share, avg 44s) | best=101 target=40967 (999%)
[2026-09-07T03:14:09Z INFO  minertim::pool_connection] New job: 5H00SZpe2HPYua7G (difficulty: 104839, target: 07a00000)
[2026-09-07T03:14:14Z INFO  minertim] H/s 1m:2376.9 5m:2227.2 10m:2282.1 | Shares: 429/1 (found:430) | Diff: 104839 | 2m10s elapsed (since last share, avg 44s) | best=101 target=40967 (999%)
[2026-09-07T03:14:24Z INFO  minertim::miner] Worker 0 SHARE FOUND! job_id=5H00SZpe2HPYua7G, nonce=3093da02, hash_val=19692, difficulty=104839, hash=6b64c0a2207f20ddb9f672b2a7434f1229fd8f712e1e38708b4dbea4ec4c0000
[2026-09-07T03:14:24Z INFO  minertim] H/s 1m:2377.0 5m:2227.3 10m:2282.1 | Shares: 429/1 (found:431) | Diff: 104839 | 0s elapsed (since last share, avg 44s) | best=101 target=40967 (999%)
[2026-09-07T03:14:29Z INFO  minertim::pool_connection] New job: FlxMP98Wz0xwPeFe (difficulty: 104839, target: 07a00000)
[2026-09-07T03:14:29Z INFO  minertim::pool_connection] Share accepted by pool
[2026-09-07T03:14:34Z INFO  minertim] H/s 1m:2366.9 5m:2225.5 10m:2281.2 | Shares: 430/1 (found:431) | Diff: 104839 | 10s elapsed (since last share, avg 44s) | best=101 target=40967 (999%)
[2026-09-07T03:14:44Z INFO  minertim] H/s 1m:2367.0 5m:2225.5 10m:2281.3 | Shares: 430/1 (found:431) | Diff: 104839 | 20s elapsed (since last share, avg 44s) | best=101 target=40967 (999%)
[2026-09-07T03:14:49Z INFO  minertim::pool_connection] New job: QP9VRngbTLjKhmVZ (difficulty: 104839, target: 07a00000)
[2026-09-07T03:14:50Z INFO  minertim::miner] Worker 0 SHARE FOUND! job_id=QP9VRngbTLjKhmVZ, nonce=7c56db02, hash_val=8135, difficulty=104839, hash=dcf32093e7f08c8555082ec60277cdee8e49abc9678341c57236f332c71f0000
[2026-09-07T03:14:54Z INFO  minertim] H/s 1m:2307.7 5m:2215.3 10m:2276.2 | Shares: 430/1 (found:432) | Diff: 104839 | 4s elapsed (since last share, avg 45s) | best=101 target=40967 (999%)
[2026-09-07T03:15:04Z INFO  minertim] H/s 1m:2190.7 5m:2235.8 10m:2266.3 | Shares: 430/1 (found:432) | Diff: 104839 | 14s elapsed (since last share, avg 47s) | best=101 target=40967 (999%)
[2026-09-07T03:15:06Z INFO  minertim::miner] Worker 1 SHARE FOUND! job_id=QP9VRngbTLjKhmVZ, nonce=e167e002, hash_val=39134, difficulty=104839, hash=c9dbe5b1cf662cdd2c357e58b50ea16fddf2b0d1b62292cbda538736de980000
[2026-09-07T03:15:09Z INFO  minertim::pool_connection] New job: jmfQ2VAuvXQuwJff (difficulty: 104839, target: 07a00000)
[2026-09-07T03:15:09Z INFO  minertim::pool_connection] Share accepted by pool
[2026-09-07T03:15:09Z INFO  minertim::pool_connection] Share accepted by pool
[2026-09-07T03:15:13Z INFO  minertim::pool_connection] New job: 0gLfSy586m3LDz0a (difficulty: 104839, target: 07a00000)
[2026-09-07T03:15:14Z INFO  minertim] H/s 1m:2111.4 5m:2252.8 10m:2259.6 | Shares: 432/1 (found:433) | Diff: 104839 | 8s elapsed (since last share, avg 49s) | best=101 target=40967 (999%)
[2026-09-07T03:15:24Z INFO  minertim] H/s 1m:2121.7 5m:2252.8 10m:2259.6 | Shares: 432/1 (found:433) | Diff: 104839 | 18s elapsed (since last share, avg 49s) | best=101 target=40967 (999%)
[2026-09-07T03:15:33Z INFO  minertim::pool_connection] New job: 4cWUm1HToWtbzYgw (difficulty: 104839, target: 07a00000)
[2026-09-07T03:15:34Z INFO  minertim] H/s 1m:2121.6 5m:2252.8 10m:2259.6 | Shares: 432/1 (found:433) | Diff: 104839 | 28s elapsed (since last share, avg 49s) | best=101 target=40967 (999%)
[2026-09-07T03:15:40Z INFO  minertim::pool_connection] New job: 5S9CwBvc7aSzQZkZ (difficulty: 104839, target: 07a00000)
[2026-09-07T03:15:44Z INFO  minertim] H/s 1m:2181.1 5m:2252.8 10m:2259.6 | Shares: 432/1 (found:433) | Diff: 104839 | 38s elapsed (since last share, avg 48s) | best=101 target=40967 (999%)
[2026-09-07T03:15:54Z INFO  minertim] H/s 1m:2298.0 5m:2253.1 10m:2259.7 | Shares: 432/1 (found:433) | Diff: 104839 | 48s elapsed (since last share, avg 45s) | best=101 target=40967 (999%)
[2026-09-07T03:16:00Z INFO  minertim::pool_connection] New job: xK4uIIxCg3SHSrO8 (difficulty: 104839, target: 07a00000)
[2026-09-07T03:16:04Z INFO  minertim] H/s 1m:2377.5 5m:2263.2 10m:2264.7 | Shares: 432/1 (found:433) | Diff: 104839 | 58s elapsed (since last share, avg 44s) | best=101 target=40967 (999%)
[2026-09-07T03:16:14Z INFO  minertim] H/s 1m:2377.4 5m:2281.2 10m:2268.8 | Shares: 432/1 (found:433) | Diff: 104839 | 1m8s elapsed (since last share, avg 44s) | best=101 target=40967 (999%)
[2026-09-07T03:16:19Z INFO  minertim::miner] Worker 1 SHARE FOUND! job_id=xK4uIIxCg3SHSrO8, nonce=69f8e202, hash_val=6689, difficulty=104839, hash=bf36fd1824c0b9b97ca4bcf1a989951e50c936c0e4cb60d6456930dd211a0000
[2026-09-07T03:16:19Z INFO  minertim::pool_connection] New job: g2coTO0N48G8PQo7 (difficulty: 104839, target: 07a00000)
[2026-09-07T03:16:20Z INFO  minertim::pool_connection] Share accepted by pool
[2026-09-07T03:16:24Z INFO  minertim] H/s 1m:2375.3 5m:2301.1 10m:2268.6 | Shares: 433/1 (found:434) | Diff: 104839 | 5s elapsed (since last share, avg 44s) | best=101 target=40967 (999%)
[2026-09-07T03:16:34Z INFO  minertim] H/s 1m:2434.5 5m:2326.5 10m:2273.7 | Shares: 433/1 (found:434) | Diff: 104839 | 15s elapsed (since last share, avg 43s) | best=101 target=40967 (999%)
[2026-09-07T03:16:39Z INFO  minertim::pool_connection] New job: hKkpoFhTHjrOYOQC (difficulty: 104839, target: 07a00000)
[2026-09-07T03:16:44Z INFO  minertim] H/s 1m:2434.4 5m:2326.6 10m:2274.4 | Shares: 433/1 (found:434) | Diff: 104839 | 25s elapsed (since last share, avg 43s) | best=101 target=40967 (999%)
[2026-09-07T03:16:54Z INFO  minertim] H/s 1m:2433.5 5m:2327.2 10m:2274.3 | Shares: 433/1 (found:434) | Diff: 104839 | 35s elapsed (since last share, avg 43s) | best=101 target=40967 (999%)
[2026-09-07T03:16:59Z INFO  minertim::miner] Worker 3 SHARE FOUND! job_id=hKkpoFhTHjrOYOQC, nonce=8b56e202, hash_val=25404, difficulty=104839, hash=c81c605b930568b8fd0d931176a6853429aaa3bc267f8f7b44043a193c630000
[2026-09-07T03:16:59Z INFO  minertim::pool_connection] New job: bxA0jadzWskP6cTb (difficulty: 104839, target: 07a00000)
[2026-09-07T03:16:59Z INFO  minertim::pool_connection] Share accepted by pool
[2026-09-07T03:17:04Z INFO  minertim] H/s 1m:2427.8 5m:2339.9 10m:2274.1 | Shares: 434/1 (found:435) | Diff: 104839 | 5s elapsed (since last share, avg 43s) | best=101 target=40967 (999%)
[2026-09-07T03:17:14Z INFO  minertim] H/s 1m:2429.3 5m:2340.0 10m:2274.1 | Shares: 434/1 (found:435) | Diff: 104839 | 15s elapsed (since last share, avg 43s) | best=101 target=40967 (999%)
[2026-09-07T03:17:19Z INFO  minertim::pool_connection] New job: KN2TMkxy5O0lHN2E (difficulty: 104839, target: 07a00000)
[2026-09-07T03:17:24Z INFO  minertim] H/s 1m:2369.9 5m:2340.0 10m:2274.1 | Shares: 434/1 (found:435) | Diff: 104839 | 25s elapsed (since last share, avg 44s) | best=101 target=40967 (999%)
[2026-09-07T03:17:31Z INFO  minertim::pool_connection] New job: G8sors26e0I50A0V (difficulty: 104839, target: 07a00000)
[2026-09-07T03:17:34Z INFO  minertim] H/s 1m:2370.0 5m:2340.0 10m:2274.1 | Shares: 434/1 (found:435) | Diff: 104839 | 35s elapsed (since last share, avg 44s) | best=101 target=40967 (999%)
[2026-09-07T03:17:44Z INFO  minertim] H/s 1m:2370.6 5m:2340.0 10m:2274.1 | Shares: 434/1 (found:435) | Diff: 104839 | 45s elapsed (since last share, avg 44s) | best=101 target=40967 (999%)
[2026-09-07T03:17:50Z INFO  minertim::pool_connection] New job: 0EkhNiJDlYmrY2nV (difficulty: 104839, target: 07a00000)
[2026-09-07T03:17:54Z INFO  minertim] H/s 1m:2376.9 5m:2340.0 10m:2274.1 | Shares: 434/1 (found:435) | Diff: 104839 | 55s elapsed (since last share, avg 44s) | best=101 target=40967 (999%)
[2026-09-07T03:18:04Z INFO  minertim::miner] Worker 2 SHARE FOUND! job_id=0EkhNiJDlYmrY2nV, nonce=c638e202, hash_val=38312, difficulty=104839, hash=b6def564da5d6c43a0c3ceebe5be55d7934b979d5446c90b670cf262a8950000
[2026-09-07T03:18:04Z INFO  minertim] H/s 1m:2318.1 5m:2329.8 10m:2269.1 | Shares: 434/1 (found:436) | Diff: 104839 | 0s elapsed (since last share, avg 45s) | best=101 target=40967 (999%)
[2026-09-07T03:18:05Z INFO  minertim::miner] Worker 1 SHARE FOUND! job_id=0EkhNiJDlYmrY2nV, nonce=e9cae602, hash_val=19132, difficulty=104839, hash=feecc62895702ad5f2738ae7273c0a5921b5efa2496b22714cfead69bc4a0000
[2026-09-07T03:18:10Z INFO  minertim::pool_connection] New job: f4RaVMJX1HXF3LQw (difficulty: 104839, target: 07a00000)
[2026-09-07T03:18:11Z INFO  minertim::pool_connection] Share accepted by pool
[2026-09-07T03:18:11Z INFO  minertim::pool_connection] Share accepted by pool
[2026-09-07T03:18:14Z INFO  minertim] H/s 1m:2197.8 5m:2309.0 10m:2258.9 | Shares: 436/1 (found:437) | Diff: 104839 | 9s elapsed (since last share, avg 47s) | best=101 target=40967 (999%)
[2026-09-07T03:18:19Z INFO  minertim::miner] Worker 2 SHARE FOUND! job_id=f4RaVMJX1HXF3LQw, nonce=4a89e202, hash_val=15519, difficulty=104839, hash=a1f71c851796da006705eb1d01d15b9da245064baee83efcf0838cb79f3c0000
[2026-09-07T03:18:24Z INFO  minertim] H/s 1m:2139.0 5m:2298.9 10m:2254.0 | Shares: 436/1 (found:438) | Diff: 104839 | 5s elapsed (since last share, avg 49s) | best=101 target=40967 (999%)
[2026-09-07T03:18:30Z INFO  minertim::pool_connection] New job: yFXkhA4bmxzqJIsl (difficulty: 104839, target: 07a00000)
[2026-09-07T03:18:31Z INFO  minertim::pool_connection] Share accepted by pool
[2026-09-07T03:18:34Z INFO  minertim] H/s 1m:2065.7 5m:2286.3 10m:2247.8 | Shares: 437/1 (found:438) | Diff: 104839 | 15s elapsed (since last share, avg 50s) | best=101 target=40967 (999%)
[2026-09-07T03:18:44Z INFO  minertim] H/s 1m:2065.4 5m:2286.3 10m:2250.2 | Shares: 437/1 (found:438) | Diff: 104839 | 25s elapsed (since last share, avg 50s) | best=101 target=40967 (999%)
[2026-09-07T03:18:50Z INFO  minertim::pool_connection] New job: RLlhCM0L9TTdtYuw (difficulty: 104839, target: 07a00000)
[2026-09-07T03:18:54Z INFO  minertim] H/s 1m:2124.9 5m:2286.3 10m:2255.1 | Shares: 437/1 (found:438) | Diff: 104839 | 35s elapsed (since last share, avg 49s) | best=101 target=40967 (999%)
[2026-09-07T03:19:04Z INFO  minertim] H/s 1m:2245.3 5m:2286.3 10m:2258.8 | Shares: 437/1 (found:438) | Diff: 104839 | 45s elapsed (since last share, avg 46s) | best=101 target=40967 (999%)
[2026-09-07T03:19:10Z INFO  minertim::pool_connection] New job: 04fzJvy1kpoohn0q (difficulty: 104839, target: 07a00000)
[2026-09-07T03:19:14Z INFO  minertim::miner] Worker 2 SHARE FOUND! job_id=04fzJvy1kpoohn0q, nonce=8e1ce402, hash_val=5066, difficulty=104839, hash=d2c343bf22b2710e3bed8ebe5dbebb44d8d58b48e882c41bd27313b0ca130000
[2026-09-07T03:19:14Z INFO  minertim] H/s 1m:2303.9 5m:2286.3 10m:2258.8 | Shares: 437/1 (found:439) | Diff: 104839 | 0s elapsed (since last share, avg 45s) | best=101 target=40967 (999%)
[2026-09-07T03:19:24Z INFO  minertim] H/s 1m:2260.3 5m:2267.9 10m:2248.9 | Shares: 437/1 (found:439) | Diff: 104839 | 10s elapsed (since last share, avg 46s) | best=101 target=40967 (999%)
[2026-09-07T03:19:30Z INFO  minertim::pool_connection] New job: 32XAK2wPzOFiZK6x (difficulty: 104839, target: 07a00000)
[2026-09-07T03:19:30Z INFO  minertim::pool_connection] Share accepted by pool
[2026-09-07T03:19:34Z INFO  minertim] H/s 1m:2184.1 5m:2254.8 10m:2242.5 | Shares: 438/1 (found:439) | Diff: 104839 | 20s elapsed (since last share, avg 48s) | best=101 target=40967 (999%)
[2026-09-07T03:19:40Z INFO  minertim::miner] Worker 1 SHARE FOUND! job_id=32XAK2wPzOFiZK6x, nonce=150cea02, hash_val=24725, difficulty=104839, hash=a9d3f9077ac724ccbdc90fc6d245c636713456c2aa866056f59abdae95600000
[2026-09-07T03:19:44Z INFO  minertim] H/s 1m:2124.6 5m:2254.8 10m:2237.4 | Shares: 438/1 (found:440) | Diff: 104839 | 4s elapsed (since last share, avg 49s) | best=101 target=40967 (999%)
[2026-09-07T03:19:50Z INFO  minertim::pool_connection] New job: 7R09qBmw5JGh756O (difficulty: 104839, target: 07a00000)
[2026-09-07T03:19:50Z INFO  minertim::pool_connection] Share accepted by pool
[2026-09-07T03:19:50Z INFO  minertim::miner] Worker 1 SHARE FOUND! job_id=7R09qBmw5JGh756O, nonce=cd0fea02, hash_val=40218, difficulty=104839, hash=3b8261289556683cdeda71b19a5a298b747ec3e05c57e2fe31ce7f751a9d0000
[2026-09-07T03:19:54Z INFO  minertim] H/s 1m:2058.9 5m:2263.6 10m:2231.9 | Shares: 439/1 (found:441) | Diff: 104839 | 4s elapsed (since last share, avg 50s) | best=101 target=40967 (999%)
[2026-09-07T03:19:56Z INFO  minertim::miner] Worker 2 SHARE FOUND! job_id=7R09qBmw5JGh756O, nonce=e20de502, hash_val=11029, difficulty=104839, hash=220e47f478521b9f24050df8f987d9ae73cda51798fb60263d80ec69152b0000
[2026-09-07T03:20:04Z INFO  minertim] H/s 1m:1883.4 5m:2247.0 10m:2237.0 | Shares: 439/1 (found:442) | Diff: 104839 | 8s elapsed (since last share, avg 55s) | best=101 target=40967 (999%)
[2026-09-07T03:20:10Z INFO  minertim::pool_connection] New job: ThhqoIKFD9xxGHNu (difficulty: 104839, target: 07a00000)
[2026-09-07T03:20:10Z INFO  minertim::pool_connection] Share accepted by pool
[2026-09-07T03:20:10Z INFO  minertim::pool_connection] Share accepted by pool
[2026-09-07T03:20:14Z INFO  minertim] H/s 1m:1780.6 5m:2209.1 10m:2233.4 | Shares: 441/1 (found:442) | Diff: 104839 | 18s elapsed (since last share, avg 58s) | best=101 target=40967 (999%)
[2026-09-07T03:20:15Z INFO  minertim::miner] Worker 0 SHARE FOUND! job_id=ThhqoIKFD9xxGHNu, nonce=9077e602, hash_val=34134, difficulty=104839, hash=6e4fd560e03818a3fbf1ba8162ef5c2f6a9a619ce6af1bfedcd3e7c556850000
[2026-09-07T03:20:24Z INFO  minertim] H/s 1m:1739.2 5m:2188.9 10m:2223.5 | Shares: 441/1 (found:443) | Diff: 104839 | 9s elapsed (since last share, avg 1m0s) | best=101 target=40967 (999%)
[2026-09-07T03:20:29Z INFO  minertim::pool_connection] New job: u4F10bgrIA0fud6r (difficulty: 104839, target: 07a00000)
[2026-09-07T03:20:30Z INFO  minertim::pool_connection] Share accepted by pool
[2026-09-07T03:20:34Z INFO  minertim] H/s 1m:1696.2 5m:2171.2 10m:2214.8 | Shares: 442/1 (found:443) | Diff: 104839 | 19s elapsed (since last share, avg 1m1s) | best=101 target=40967 (999%)
[2026-09-07T03:20:44Z INFO  minertim] H/s 1m:1761.8 5m:2171.1 10m:2214.8 | Shares: 442/1 (found:443) | Diff: 104839 | 29s elapsed (since last share, avg 59s) | best=101 target=40967 (999%)
[2026-09-07T03:20:49Z INFO  minertim::pool_connection] New job: fhYoWHmm5n8u0BaG (difficulty: 104839, target: 07a00000)
[2026-09-07T03:20:50Z INFO  minertim::miner] Worker 2 SHARE FOUND! job_id=fhYoWHmm5n8u0BaG, nonce=3286e602, hash_val=9450, difficulty=104839, hash=38683a5e2b814fa72cc01f5129e79225d1c0fbba4389efe828ab2fccea240000
[2026-09-07T03:20:54Z INFO  minertim] H/s 1m:1937.0 5m:2171.1 10m:2214.9 | Shares: 442/1 (found:444) | Diff: 104839 | 4s elapsed (since last share, avg 54s) | best=101 target=40967 (999%)
[2026-09-07T03:21:04Z INFO  minertim::pool_connection] New job: 9ofYsaT64TVQkzcY (difficulty: 104839, target: 07a00000)
[2026-09-07T03:21:04Z INFO  minertim] H/s 1m:2045.4 5m:2151.9 10m:2210.4 | Shares: 442/1 (found:444) | Diff: 104839 | 14s elapsed (since last share, avg 51s) | best=101 target=40967 (999%)
[2026-09-07T03:21:05Z INFO  minertim::pool_connection] Share accepted by pool
[2026-09-07T03:21:14Z INFO  minertim] H/s 1m:2164.2 5m:2152.5 10m:2219.4 | Shares: 443/1 (found:444) | Diff: 104839 | 24s elapsed (since last share, avg 48s) | best=101 target=40967 (999%)
[2026-09-07T03:21:24Z INFO  minertim::pool_connection] New job: EIJKGj0p4z9b2Vtw (difficulty: 104839, target: 07a00000)
[2026-09-07T03:21:24Z INFO  minertim] H/s 1m:2266.5 5m:2142.2 10m:2229.3 | Shares: 443/1 (found:444) | Diff: 104839 | 34s elapsed (since last share, avg 46s) | best=101 target=40967 (999%)
[2026-09-07T03:21:34Z INFO  minertim] H/s 1m:2254.7 5m:2140.2 10m:2235.8 | Shares: 443/1 (found:444) | Diff: 104839 | 44s elapsed (since last share, avg 46s) | best=101 target=40967 (999%)
[2026-09-07T03:21:44Z INFO  minertim::miner] Worker 2 SHARE FOUND! job_id=EIJKGj0p4z9b2Vtw, nonce=62ebe702, hash_val=7260, difficulty=104839, hash=b74083f91af292c94a8f653798d51f38c969959739ce8f7d412b03b45c1c0000
[2026-09-07T03:21:44Z INFO  minertim::pool_connection] New job: qdP5FouOg3kgG3VG (difficulty: 104839, target: 07a00000)
[2026-09-07T03:21:44Z INFO  minertim::pool_connection] Share accepted by pool
[2026-09-07T03:21:44Z INFO  minertim] H/s 1m:2223.7 5m:2134.9 10m:2233.1 | Shares: 444/1 (found:445) | Diff: 104839 | 0s elapsed (since last share, avg 47s) | best=101 target=40967 (999%)
[2026-09-07T03:21:46Z INFO  minertim::miner] Worker 0 SHARE FOUND! job_id=qdP5FouOg3kgG3VG, nonce=0038e902, hash_val=10454, difficulty=104839, hash=abe4490006397f528833269faea71dc138cc3cd6d40859c1d902527ad6280000
[2026-09-07T03:21:55Z INFO  minertim] H/s 1m:2255.4 5m:2122.2 10m:2226.8 | Shares: 444/1 (found:446) | Diff: 104839 | 8s elapsed (since last share, avg 46s) | best=101 target=40967 (999%)
[2026-09-07T03:21:59Z INFO  minertim::miner] Worker 1 SHARE FOUND! job_id=qdP5FouOg3kgG3VG, nonce=bdfced02, hash_val=469, difficulty=104839, hash=a7529cd51060e62d13edb9cf1432876b4a1bb060596e48249e829d7cd5010000
[2026-09-07T03:22:04Z INFO  minertim::pool_connection] New job: DMelBpwkiwkXlqME (difficulty: 104839, target: 07a00000)
[2026-09-07T03:22:04Z INFO  minertim::pool_connection] Share accepted by pool
[2026-09-07T03:22:05Z INFO  minertim] H/s 1m:2138.8 5m:2102.4 10m:2223.7 | Shares: 445/1 (found:447) | Diff: 104839 | 5s elapsed (since last share, avg 49s) | best=101 target=40967 (999%)
[2026-09-07T03:22:05Z INFO  minertim::pool_connection] Share accepted by pool
[2026-09-07T03:22:15Z INFO  minertim] H/s 1m:2116.3 5m:2098.5 10m:2221.9 | Shares: 446/1 (found:447) | Diff: 104839 | 15s elapsed (since last share, avg 49s) | best=101 target=40967 (999%)
[2026-09-07T03:22:24Z INFO  minertim::pool_connection] New job: Rgp7UNo4LwRKRwIm (difficulty: 104839, target: 07a00000)
[2026-09-07T03:22:25Z INFO  minertim] H/s 1m:2101.7 5m:2093.9 10m:2219.7 | Shares: 446/1 (found:447) | Diff: 104839 | 25s elapsed (since last share, avg 49s) | best=101 target=40967 (999%)
[2026-09-07T03:22:33Z INFO  minertim::pool_connection] New job: 0fx3TOXnEj0mTSFz (difficulty: 157261, target: af6a0000)
[2026-09-07T03:22:35Z INFO  minertim] H/s 1m:2106.4 5m:2089.3 10m:2217.4 | Shares: 446/1 (found:447) | Diff: 157261 | 35s elapsed (since last share, avg 1m14s) | best=101 target=27311 (999%)
[2026-09-07T03:22:44Z INFO  minertim::pool_connection] New job: r0zi6k1O4ly2AIlh (difficulty: 157261, target: af6a0000)
[2026-09-07T03:22:45Z INFO  minertim] H/s 1m:2159.6 5m:2084.7 10m:2215.2 | Shares: 446/1 (found:447) | Diff: 157261 | 45s elapsed (since last share, avg 1m12s) | best=101 target=27311 (999%)
[2026-09-07T03:22:55Z INFO  minertim] H/s 1m:2249.1 5m:2090.5 10m:2213.0 | Shares: 446/1 (found:447) | Diff: 157261 | 55s elapsed (since last share, avg 1m9s) | best=101 target=27311 (999%)
[2026-09-07T03:23:03Z INFO  minertim::pool_connection] New job: JWnkvyVolE4lB6H6 (difficulty: 119944, target: e08b0000)
[2026-09-07T03:23:04Z INFO  minertim::pool_connection] New job: lDF3f8D95BffExDq (difficulty: 119944, target: e08b0000)
[2026-09-07T03:23:05Z INFO  minertim] H/s 1m:2245.6 5m:2106.7 10m:2210.7 | Shares: 446/1 (found:447) | Diff: 119944 | 1m5s elapsed (since last share, avg 53s) | best=101 target=35808 (999%)
[2026-09-07T03:23:15Z INFO  minertim] H/s 1m:2245.1 5m:2112.2 10m:2208.5 | Shares: 446/1 (found:447) | Diff: 119944 | 1m15s elapsed (since last share, avg 53s) | best=101 target=35808 (999%)
[2026-09-07T03:23:24Z INFO  minertim::pool_connection] New job: L2CbrOQZ6iQHRmzK (difficulty: 119944, target: e08b0000)
[2026-09-07T03:23:25Z INFO  minertim] H/s 1m:2244.6 5m:2120.2 10m:2206.2 | Shares: 446/1 (found:447) | Diff: 119944 | 1m25s elapsed (since last share, avg 53s) | best=101 target=35808 (999%)
[2026-09-07T03:23:35Z INFO  minertim] H/s 1m:2244.4 5m:2115.6 10m:2203.9 | Shares: 446/1 (found:447) | Diff: 119944 | 1m35s elapsed (since last share, avg 53s) | best=101 target=35808 (999%)
[2026-09-07T03:23:43Z INFO  minertim::pool_connection] New job: 7j0PRu001Uj4uDNL (difficulty: 119944, target: e08b0000)
[2026-09-07T03:23:45Z INFO  minertim] H/s 1m:2243.7 5m:2111.0 10m:2201.7 | Shares: 446/1 (found:447) | Diff: 119944 | 1m45s elapsed (since last share, avg 53s) | best=101 target=35808 (999%)
[2026-09-07T03:23:53Z INFO  minertim::miner] Worker 2 SHARE FOUND! job_id=7j0PRu001Uj4uDNL, nonce=925fec02, hash_val=185, difficulty=119944, hash=2d17bc8a80e969d6de3c6a3d5f82eb45411ec731c44ea9a932e1e0d0b9000000
[2026-09-07T03:23:55Z INFO  minertim] H/s 1m:2186.6 5m:2096.6 10m:2194.6 | Shares: 446/1 (found:448) | Diff: 119944 | 1s elapsed (since last share, avg 54s) | best=101 target=35808 (999%)
[2026-09-07T03:24:03Z INFO  minertim::pool_connection] New job: Scxq00U2pT0Iudqe (difficulty: 89958, target: 80ba0000)
[2026-09-07T03:24:03Z INFO  minertim::pool_connection] New job: oh49CbFVIvntIxne (difficulty: 89958, target: 80ba0000)
[2026-09-07T03:24:04Z INFO  minertim::pool_connection] Share accepted by pool
[2026-09-07T03:24:05Z INFO  minertim] H/s 1m:2124.4 5m:2081.2 10m:2187.1 | Shares: 447/1 (found:448) | Diff: 89958 | 11s elapsed (since last share, avg 42s) | best=101 target=47744 (999%)
[2026-09-07T03:24:07Z INFO  minertim::miner] Worker 3 SHARE FOUND! job_id=oh49CbFVIvntIxne, nonce=fb93f102, hash_val=44204, difficulty=89958, hash=a11caceefd5e179e4c02da01e021bb8395d2886a256653bec1080b1facac0000
[2026-09-07T03:24:07Z INFO  minertim::pool_connection] New job: P8vTvVs4oV54xlcL (difficulty: 89958, target: 80ba0000)
[2026-09-07T03:24:07Z INFO  minertim::pool_connection] Share accepted by pool
[2026-09-07T03:24:15Z INFO  minertim] H/s 1m:2126.3 5m:2097.1 10m:2184.9 | Shares: 448/1 (found:449) | Diff: 89958 | 7s elapsed (since last share, avg 42s) | best=101 target=47744 (999%)
[2026-09-07T03:24:23Z INFO  minertim::miner] Worker 0 SHARE FOUND! job_id=P8vTvVs4oV54xlcL, nonce=6800ee02, hash_val=19039, difficulty=89958, hash=4e749b2e95ecf595c661cecfee2d2b60839816beb2f314a59c4ee93d5f4a0000
[2026-09-07T03:24:25Z INFO  minertim] H/s 1m:2070.0 5m:2095.9 10m:2178.8 | Shares: 448/1 (found:450) | Diff: 89958 | 1s elapsed (since last share, avg 43s) | best=101 target=47744 (999%)
[2026-09-07T03:24:27Z INFO  minertim::pool_connection] New job: 192OENIdFL4BGWPu (difficulty: 89958, target: 80ba0000)
[2026-09-07T03:24:27Z INFO  minertim::pool_connection] Share accepted by pool
[2026-09-07T03:24:33Z INFO  minertim::pool_connection] New job: Mek3XL5thH0mQpT8 (difficulty: 134938, target: 557c0000)
[2026-09-07T03:24:35Z INFO  minertim] H/s 1m:2064.9 5m:2100.7 10m:2176.1 | Shares: 449/1 (found:450) | Diff: 134938 | 11s elapsed (since last share, avg 1m5s) | best=101 target=31829 (999%)
[2026-09-07T03:24:45Z INFO  minertim] H/s 1m:2120.9 5m:2107.3 10m:2178.8 | Shares: 449/1 (found:450) | Diff: 134938 | 21s elapsed (since last share, avg 1m3s) | best=101 target=31829 (999%)
[2026-09-07T03:24:47Z INFO  minertim::pool_connection] New job: Ir3DA9ThIIjA60If (difficulty: 134938, target: 557c0000)
[2026-09-07T03:24:55Z INFO  minertim] H/s 1m:2183.1 5m:2132.9 10m:2186.4 | Shares: 449/1 (found:450) | Diff: 134938 | 31s elapsed (since last share, avg 1m1s) | best=101 target=31829 (999%)
[2026-09-07T03:24:58Z INFO  minertim::miner] Worker 0 SHARE FOUND! job_id=Ir3DA9ThIIjA60If, nonce=800fef02, hash_val=30206, difficulty=134938, hash=ef48ea01ce06e71967984d9d7d71ab6cf547efbd6eee21cdda62e072fe750000
[2026-09-07T03:25:05Z INFO  minertim] H/s 1m:2126.7 5m:2156.8 10m:2186.2 | Shares: 449/1 (found:451) | Diff: 134938 | 6s elapsed (since last share, avg 1m3s) | best=101 target=31829 (999%)
[2026-09-07T03:25:07Z INFO  minertim::pool_connection] New job: 4WSH0ZwhpjNdnsal (difficulty: 134938, target: 557c0000)
[2026-09-07T03:25:07Z INFO  minertim::pool_connection] Share accepted by pool
[2026-09-07T03:25:15Z INFO  minertim] H/s 1m:2140.3 5m:2165.0 10m:2180.3 | Shares: 450/1 (found:451) | Diff: 134938 | 16s elapsed (since last share, avg 1m3s) | best=101 target=31829 (999%)
[2026-09-07T03:25:25Z INFO  minertim] H/s 1m:2145.0 5m:2178.1 10m:2178.1 | Shares: 450/1 (found:451) | Diff: 134938 | 26s elapsed (since last share, avg 1m2s) | best=101 target=31829 (999%)
[2026-09-07T03:25:27Z INFO  minertim::pool_connection] New job: vZpj05sihTdlbZ3q (difficulty: 134938, target: 557c0000)
[2026-09-07T03:25:35Z INFO  minertim] H/s 1m:2144.7 5m:2173.3 10m:2175.7 | Shares: 450/1 (found:451) | Diff: 134938 | 36s elapsed (since last share, avg 1m2s) | best=101 target=31829 (999%)
[2026-09-07T03:25:45Z INFO  minertim] H/s 1m:2146.1 5m:2168.9 10m:2173.5 | Shares: 450/1 (found:451) | Diff: 134938 | 46s elapsed (since last share, avg 1m2s) | best=101 target=31829 (999%)
[2026-09-07T03:25:46Z INFO  minertim::pool_connection] New job: 3GBf8XdIcT4Q2MQl (difficulty: 134938, target: 557c0000)
[2026-09-07T03:25:52Z INFO  minertim::miner] Worker 3 SHARE FOUND! job_id=3GBf8XdIcT4Q2MQl, nonce=2333f502, hash_val=7471, difficulty=134938, hash=34b0faed26135185a20dd174fbeffa9b8d75ffe2c674bdf1694a317f2f1d0000
[2026-09-07T03:25:55Z INFO  minertim] H/s 1m:2200.4 5m:2183.5 10m:2171.2 | Shares: 450/1 (found:452) | Diff: 134938 | 2s elapsed (since last share, avg 1m1s) | best=101 target=31829 (999%)
[2026-09-07T03:26:01Z INFO  minertim::miner] Worker 2 SHARE FOUND! job_id=3GBf8XdIcT4Q2MQl, nonce=d26af002, hash_val=12323, difficulty=134938, hash=87c766402334a50d6b91b1ff6020a83f4671d48600ae5cdc37d6e39f23300000
[2026-09-07T03:26:05Z INFO  minertim] H/s 1m:2081.1 5m:2150.7 10m:2155.2 | Shares: 450/1 (found:453) | Diff: 134938 | 3s elapsed (since last share, avg 1m4s) | best=101 target=31829 (999%)
[2026-09-07T03:26:06Z INFO  minertim::pool_connection] New job: c2HtKBLcK047IgpM (difficulty: 134938, target: 557c0000)
[2026-09-07T03:26:06Z INFO  minertim::pool_connection] Share accepted by pool
[2026-09-07T03:26:07Z INFO  minertim::pool_connection] Share accepted by pool
[2026-09-07T03:26:15Z INFO  minertim] H/s 1m:2034.1 5m:2138.0 10m:2149.1 | Shares: 452/1 (found:453) | Diff: 134938 | 13s elapsed (since last share, avg 1m6s) | best=101 target=31829 (999%)
[2026-09-07T03:26:25Z INFO  minertim] H/s 1m:2034.1 5m:2135.3 10m:2141.8 | Shares: 452/1 (found:453) | Diff: 134938 | 23s elapsed (since last share, avg 1m6s) | best=101 target=31829 (999%)
[2026-09-07T03:26:26Z INFO  minertim::pool_connection] New job: 0dt5kFIg7wAfQwdX (difficulty: 134938, target: 557c0000)
[2026-09-07T03:26:35Z INFO  minertim] H/s 1m:2031.7 5m:2135.8 10m:2139.4 | Shares: 452/1 (found:453) | Diff: 134938 | 33s elapsed (since last share, avg 1m6s) | best=101 target=31829 (999%)
[2026-09-07T03:26:45Z INFO  minertim] H/s 1m:2032.5 5m:2145.0 10m:2137.2 | Shares: 452/1 (found:453) | Diff: 134938 | 43s elapsed (since last share, avg 1m6s) | best=101 target=31829 (999%)
[2026-09-07T03:26:46Z INFO  minertim::pool_connection] New job: HppPSp5vuMYg3Np1 (difficulty: 134938, target: 557c0000)
[2026-09-07T03:26:55Z INFO  minertim] H/s 1m:2192.9 5m:2160.1 10m:2135.3 | Shares: 452/1 (found:453) | Diff: 134938 | 53s elapsed (since last share, avg 1m1s) | best=101 target=31829 (999%)
[2026-09-07T03:27:05Z INFO  minertim] H/s 1m:2239.3 5m:2159.2 10m:2133.0 | Shares: 452/1 (found:453) | Diff: 134938 | 1m3s elapsed (since last share, avg 1m0s) | best=101 target=31829 (999%)
[2026-09-07T03:27:06Z INFO  minertim::pool_connection] New job: E7UKx9kunggLCWD4 (difficulty: 134938, target: 557c0000)
[2026-09-07T03:27:15Z INFO  minertim] H/s 1m:2239.5 5m:2159.0 10m:2130.7 | Shares: 452/1 (found:453) | Diff: 134938 | 1m13s elapsed (since last share, avg 1m0s) | best=101 target=31829 (999%)
[2026-09-07T03:27:16Z INFO  minertim::pool_connection] New job: 9nbvhTDtl9zn1wHF (difficulty: 134938, target: 557c0000)
[2026-09-07T03:27:25Z INFO  minertim] H/s 1m:2240.4 5m:2158.9 10m:2128.4 | Shares: 452/1 (found:453) | Diff: 134938 | 1m23s elapsed (since last share, avg 1m0s) | best=101 target=31829 (999%)
[2026-09-07T03:27:35Z INFO  minertim] H/s 1m:2238.5 5m:2158.6 10m:2126.0 | Shares: 452/1 (found:453) | Diff: 134938 | 1m33s elapsed (since last share, avg 1m0s) | best=101 target=31829 (999%)
[2026-09-07T03:27:36Z INFO  minertim::pool_connection] New job: lFYtKbGeNaQrgUi0 (difficulty: 134938, target: 557c0000)
[2026-09-07T03:27:45Z INFO  minertim] H/s 1m:2240.2 5m:2158.5 10m:2123.7 | Shares: 452/1 (found:453) | Diff: 134938 | 1m43s elapsed (since last share, avg 1m0s) | best=101 target=31829 (999%)
[2026-09-07T03:27:55Z INFO  minertim] H/s 1m:2239.5 5m:2158.1 10m:2126.4 | Shares: 452/1 (found:453) | Diff: 134938 | 1m53s elapsed (since last share, avg 1m0s) | best=101 target=31829 (999%)
[2026-09-07T03:27:56Z INFO  minertim::pool_connection] New job: x45KUB40hp3mOYbo (difficulty: 134938, target: 557c0000)
[2026-09-07T03:28:05Z INFO  minertim] H/s 1m:2239.5 5m:2158.1 10m:2134.3 | Shares: 452/1 (found:453) | Diff: 134938 | 2m3s elapsed (since last share, avg 1m0s) | best=101 target=31829 (999%)
[2026-09-07T03:28:15Z INFO  minertim] H/s 1m:2239.0 5m:2158.0 10m:2136.9 | Shares: 452/1 (found:453) | Diff: 134938 | 2m13s elapsed (since last share, avg 1m0s) | best=101 target=31829 (999%)
[2026-09-07T03:28:15Z INFO  minertim::pool_connection] New job: q5YLTf42VvD2Df4S (difficulty: 134938, target: 557c0000)
[2026-09-07T03:28:25Z INFO  minertim] H/s 1m:2240.0 5m:2157.9 10m:2140.8 | Shares: 452/1 (found:453) | Diff: 134938 | 2m23s elapsed (since last share, avg 1m0s) | best=101 target=31829 (999%)
[2026-09-07T03:28:33Z INFO  minertim::pool_connection] New job: N7P5Cdg3xeU8GJ1n (difficulty: 98734, target: eca90000)
[2026-09-07T03:28:35Z INFO  minertim] H/s 1m:2239.4 5m:2157.8 10m:2138.5 | Shares: 452/1 (found:453) | Diff: 98734 | 2m34s elapsed (since last share, avg 44s) | best=101 target=43500 (999%)
[2026-09-07T03:28:35Z INFO  minertim::pool_connection] New job: 7TqRMEGY897UCqXX (difficulty: 98734, target: eca90000)
[2026-09-07T03:28:45Z INFO  minertim] H/s 1m:2241.6 5m:2167.6 10m:2136.3 | Shares: 452/1 (found:453) | Diff: 98734 | 2m44s elapsed (since last share, avg 44s) | best=101 target=43500 (999%)
[2026-09-07T03:28:55Z INFO  minertim] H/s 1m:2241.3 5m:2178.2 10m:2133.9 | Shares: 452/1 (found:453) | Diff: 98734 | 2m54s elapsed (since last share, avg 44s) | best=101 target=43500 (999%)
[2026-09-07T03:28:55Z INFO  minertim::pool_connection] New job: Z8rnxJZrk03nOU0K (difficulty: 98734, target: eca90000)
[2026-09-07T03:29:05Z INFO  minertim] H/s 1m:2241.9 5m:2177.9 10m:2131.6 | Shares: 452/1 (found:453) | Diff: 98734 | 3m4s elapsed (since last share, avg 44s) | best=101 target=43500 (999%)
[2026-09-07T03:29:15Z INFO  minertim] H/s 1m:2240.8 5m:2187.4 10m:2139.2 | Shares: 452/1 (found:453) | Diff: 98734 | 3m14s elapsed (since last share, avg 44s) | best=101 target=43500 (999%)
[2026-09-07T03:29:15Z INFO  minertim::pool_connection] New job: 1BzFD1HKIDR7Wykg (difficulty: 98734, target: eca90000)
[2026-09-07T03:29:25Z INFO  minertim] H/s 1m:2241.2 5m:2188.2 10m:2143.3 | Shares: 452/1 (found:453) | Diff: 98734 | 3m24s elapsed (since last share, avg 44s) | best=101 target=43500 (999%)
[2026-09-07T03:29:33Z INFO  minertim::pool_connection] New job: jSrJ5ZJte9b57wOa (difficulty: 74051, target: 90e20000)
[2026-09-07T03:29:35Z INFO  minertim::pool_connection] New job: UPahMaszVFgmP9Vh (difficulty: 74051, target: 90e20000)
[2026-09-07T03:29:35Z INFO  minertim] H/s 1m:2238.8 5m:2188.0 10m:2145.9 | Shares: 452/1 (found:453) | Diff: 74051 | 3m34s elapsed (since last share, avg 33s) | best=101 target=58000 (999%)
[2026-09-07T03:29:45Z INFO  minertim] H/s 1m:2238.8 5m:2187.8 10m:2149.2 | Shares: 452/1 (found:453) | Diff: 74051 | 3m44s elapsed (since last share, avg 33s) | best=101 target=58000 (999%)
[2026-09-07T03:29:55Z INFO  minertim::pool_connection] New job: jRMNty171re6CSRA (difficulty: 74051, target: 90e20000)
[2026-09-07T03:29:55Z INFO  minertim] H/s 1m:2238.7 5m:2197.2 10m:2161.7 | Shares: 452/1 (found:453) | Diff: 74051 | 3m54s elapsed (since last share, avg 33s) | best=101 target=58000 (999%)
[2026-09-07T03:30:05Z INFO  minertim] H/s 1m:2239.6 5m:2204.5 10m:2178.1 | Shares: 452/1 (found:453) | Diff: 74051 | 4m4s elapsed (since last share, avg 33s) | best=101 target=58000 (999%)
[2026-09-07T03:30:15Z INFO  minertim::pool_connection] New job: X0DTx3Ri6R0KqNKG (difficulty: 74051, target: 90e20000)
[2026-09-07T03:30:15Z INFO  minertim] H/s 1m:2240.1 5m:2204.5 10m:2185.8 | Shares: 452/1 (found:453) | Diff: 74051 | 4m14s elapsed (since last share, avg 33s) | best=101 target=58000 (999%)
[2026-09-07T03:30:16Z INFO  minertim::miner] Worker 0 SHARE FOUND! job_id=X0DTx3Ri6R0KqNKG, nonce=d4a5f902, hash_val=30314, difficulty=74051, hash=de3f8b770b7e5ed0d090a21a10e8b864850456f5554db4c3247ee96a6a760000
[2026-09-07T03:30:25Z INFO  minertim] H/s 1m:2132.3 5m:2185.8 10m:2182.9 | Shares: 452/1 (found:454) | Diff: 74051 | 9s elapsed (since last share, avg 34s) | best=101 target=58000 (999%)
[2026-09-07T03:30:33Z INFO  minertim::pool_connection] New job: AOBaRQkQlsAMf7vb (difficulty: 55538, target: 152e0100)
[2026-09-07T03:30:33Z INFO  minertim::pool_connection] Share accepted by pool
[2026-09-07T03:30:35Z INFO  minertim::pool_connection] New job: I1FQQQzQbHppohbg (difficulty: 55538, target: 152e0100)
[2026-09-07T03:30:35Z INFO  minertim] H/s 1m:2070.8 5m:2174.8 10m:2175.4 | Shares: 453/1 (found:454) | Diff: 55538 | 19s elapsed (since last share, avg 26s) | best=101 target=77333 (999%)
[2026-09-07T03:30:45Z INFO  minertim] H/s 1m:2072.9 5m:2175.2 10m:2173.3 | Shares: 453/1 (found:454) | Diff: 55538 | 29s elapsed (since last share, avg 26s) | best=101 target=77333 (999%)
[2026-09-07T03:30:55Z INFO  minertim::pool_connection] New job: uhMx8BXlv1MVh1g7 (difficulty: 55538, target: 152e0100)
[2026-09-07T03:30:55Z INFO  minertim] H/s 1m:2072.8 5m:2203.1 10m:2180.4 | Shares: 453/1 (found:454) | Diff: 55538 | 39s elapsed (since last share, avg 26s) | best=101 target=77333 (999%)
[2026-09-07T03:31:03Z INFO  minertim::pool_connection] New job: 129uMsCGji9TQ0pA (difficulty: 83308, target: 63c90000)
[2026-09-07T03:31:05Z INFO  minertim] H/s 1m:2071.9 5m:2211.1 10m:2177.9 | Shares: 453/1 (found:454) | Diff: 83308 | 49s elapsed (since last share, avg 40s) | best=101 target=51555 (999%)
[2026-09-07T03:31:15Z INFO  minertim::pool_connection] New job: Ek6OlEcdaQx0unaN (difficulty: 83308, target: 63c90000)
[2026-09-07T03:31:15Z INFO  minertim] H/s 1m:2179.9 5m:2211.0 10m:2175.6 | Shares: 453/1 (found:454) | Diff: 83308 | 59s elapsed (since last share, avg 38s) | best=101 target=51555 (999%)
[2026-09-07T03:31:22Z INFO  minertim::pool_connection] New job: c0dMelWILfQ00XtR (difficulty: 83308, target: 63c90000)
[2026-09-07T03:31:25Z INFO  minertim] H/s 1m:2240.5 5m:2210.8 10m:2174.1 | Shares: 453/1 (found:454) | Diff: 83308 | 1m9s elapsed (since last share, avg 37s) | best=101 target=51555 (999%)
[2026-09-07T03:31:33Z INFO  minertim::pool_connection] New job: ik81iHsBWq5mLIaO (difficulty: 62480, target: 850c0100)
[2026-09-07T03:31:34Z INFO  minertim::miner] Worker 2 SHARE FOUND! job_id=ik81iHsBWq5mLIaO, nonce=0ea7fb02, hash_val=39058, difficulty=62480, hash=9e27df5f9461314624c2e71d70a443b596a599bb682435eaa279567b92980000
[2026-09-07T03:31:35Z INFO  minertim] H/s 1m:2253.3 5m:2213.3 10m:2175.8 | Shares: 453/1 (found:455) | Diff: 62480 | 1s elapsed (since last share, avg 27s) | best=101 target=68741 (999%)
[2026-09-07T03:31:42Z INFO  minertim::pool_connection] New job: XW5Cf9J97gV5puCR (difficulty: 62480, target: 850c0100)
[2026-09-07T03:31:42Z INFO  minertim::pool_connection] Share accepted by pool
[2026-09-07T03:31:45Z INFO  minertim] H/s 1m:2193.8 5m:2203.2 10m:2175.2 | Shares: 454/1 (found:455) | Diff: 62480 | 11s elapsed (since last share, avg 28s) | best=101 target=68741 (999%)
[2026-09-07T03:31:55Z INFO  minertim] H/s 1m:2218.8 5m:2207.5 10m:2184.7 | Shares: 454/1 (found:455) | Diff: 62480 | 21s elapsed (since last share, avg 28s) | best=101 target=68741 (999%)
[2026-09-07T03:32:02Z INFO  minertim::pool_connection] New job: ZyWzB3GSgxptP0wO (difficulty: 62480, target: 850c0100)
[2026-09-07T03:32:03Z INFO  minertim::pool_connection] New job: HkvKI6WK60SNlue0 (difficulty: 93721, target: 03b30000)
[2026-09-07T03:32:05Z INFO  minertim] H/s 1m:2243.5 5m:2211.7 10m:2186.4 | Shares: 454/1 (found:455) | Diff: 93721 | 31s elapsed (since last share, avg 41s) | best=101 target=45827 (999%)
[2026-09-07T03:32:15Z INFO  minertim] H/s 1m:2268.7 5m:2215.7 10m:2188.3 | Shares: 454/1 (found:455) | Diff: 93721 | 41s elapsed (since last share, avg 41s) | best=101 target=45827 (999%)
[2026-09-07T03:32:22Z INFO  minertim::pool_connection] New job: RdZGtpHIDE7m7k5c (difficulty: 93721, target: 03b30000)
[2026-09-07T03:32:25Z INFO  minertim] H/s 1m:2277.9 5m:2220.1 10m:2190.3 | Shares: 454/1 (found:455) | Diff: 93721 | 51s elapsed (since last share, avg 41s) | best=101 target=45827 (999%)
[2026-09-07T03:32:35Z INFO  minertim] H/s 1m:2361.5 5m:2224.1 10m:2192.3 | Shares: 454/1 (found:455) | Diff: 93721 | 1m1s elapsed (since last share, avg 39s) | best=101 target=45827 (999%)
[2026-09-07T03:32:43Z INFO  minertim::pool_connection] New job: kRJXYH8aD7lS6ibp (difficulty: 93721, target: 03b30000)
[2026-09-07T03:32:45Z INFO  minertim] H/s 1m:2361.2 5m:2228.5 10m:2194.2 | Shares: 454/1 (found:455) | Diff: 93721 | 1m11s elapsed (since last share, avg 39s) | best=101 target=45827 (999%)
[2026-09-07T03:32:55Z INFO  minertim] H/s 1m:2362.0 5m:2232.8 10m:2196.2 | Shares: 454/1 (found:455) | Diff: 93721 | 1m21s elapsed (since last share, avg 39s) | best=101 target=45827 (999%)
[2026-09-07T03:33:02Z INFO  minertim::miner] Worker 0 SHARE FOUND! job_id=kRJXYH8aD7lS6ibp, nonce=b4edfe02, hash_val=2191, difficulty=93721, hash=31175692cba549847d7a66126e867736ddca6ad79c82d94744842ef28f080000
[2026-09-07T03:33:03Z INFO  minertim::pool_connection] New job: bB0d0RYMA0munRWo (difficulty: 93721, target: 03b30000)
[2026-09-07T03:33:03Z INFO  minertim::pool_connection] Share accepted by pool
[2026-09-07T03:33:03Z INFO  minertim::pool_connection] New job: Jj9v1jKYO0eCXOCu (difficulty: 52067, target: 39420100)
[2026-09-07T03:33:04Z INFO  minertim::pool_connection] New job: Bcot4B1efb3d3CCF (difficulty: 52067, target: 39420100)
[2026-09-07T03:33:05Z INFO  minertim] H/s 1m:2357.9 5m:2236.2 10m:2197.9 | Shares: 455/1 (found:456) | Diff: 52067 | 2s elapsed (since last share, avg 22s) | best=101 target=82489 (999%)
[2026-09-07T03:33:08Z INFO  minertim::miner] Worker 2 SHARE FOUND! job_id=Bcot4B1efb3d3CCF, nonce=e6c7fe02, hash_val=29382, difficulty=52067, hash=e778f7b6c0683396f026e4c806db31cbc3521d9871fd88674e97e0bbc6720000
[2026-09-07T03:33:15Z INFO  minertim] H/s 1m:2301.3 5m:2230.6 10m:2195.1 | Shares: 455/1 (found:457) | Diff: 52067 | 6s elapsed (since last share, avg 22s) | best=101 target=82489 (999%)
[2026-09-07T03:33:24Z INFO  minertim::pool_connection] New job: 8o6N2xsZSWZvMkrK (difficulty: 52067, target: 39420100)
[2026-09-07T03:33:24Z INFO  minertim::pool_connection] Share accepted by pool
[2026-09-07T03:33:25Z INFO  minertim::miner] Worker 2 SHARE FOUND! job_id=8o6N2xsZSWZvMkrK, nonce=cad1fe02, hash_val=3207, difficulty=52067, hash=57bff866edd58ae39a6d17be695a8addc85b52e9a91c3bbd0b144612870c0000
[2026-09-07T03:33:25Z INFO  minertim] H/s 1m:2207.6 5m:2218.6 10m:2189.1 | Shares: 456/1 (found:458) | Diff: 52067 | 0s elapsed (since last share, avg 23s) | best=101 target=82489 (999%)
[2026-09-07T03:33:33Z INFO  minertim::pool_connection] New job: zrxaV4kij0i4vp8h (difficulty: 78101, target: d0d60000)
[2026-09-07T03:33:34Z INFO  minertim::pool_connection] Share accepted by pool
[2026-09-07T03:33:35Z INFO  minertim] H/s 1m:2105.9 5m:2205.1 10m:2182.5 | Shares: 457/1 (found:458) | Diff: 78101 | 10s elapsed (since last share, avg 37s) | best=101 target=54992 (999%)
[2026-09-07T03:33:44Z INFO  minertim::pool_connection] New job: IjdTqG0GRO6Sq0Sb (difficulty: 78101, target: d0d60000)
[2026-09-07T03:33:45Z INFO  minertim] H/s 1m:2106.6 5m:2209.6 10m:2189.4 | Shares: 457/1 (found:458) | Diff: 78101 | 20s elapsed (since last share, avg 37s) | best=101 target=54992 (999%)
[2026-09-07T03:33:55Z INFO  minertim] H/s 1m:2111.7 5m:2213.8 10m:2196.8 | Shares: 457/1 (found:458) | Diff: 78101 | 30s elapsed (since last share, avg 36s) | best=101 target=54992 (999%)
[2026-09-07T03:33:56Z INFO  minertim::miner] Worker 3 SHARE FOUND! job_id=IjdTqG0GRO6Sq0Sb, nonce=b3980503, hash_val=14259, difficulty=78101, hash=33eb78764eb4b6d930ff984d0418b6a855798e8599988f5fe2b52355b3370000
[2026-09-07T03:34:03Z INFO  minertim::pool_connection] New job: X0ojxCIvKFQw0zJ3 (difficulty: 117153, target: 358f0000)
[2026-09-07T03:34:04Z INFO  minertim::pool_connection] Share accepted by pool
[2026-09-07T03:34:04Z INFO  minertim::pool_connection] New job: je0B72uyTPovKMNN (difficulty: 117153, target: 358f0000)
[2026-09-07T03:34:05Z INFO  minertim] H/s 1m:2113.7 5m:2208.7 10m:2194.0 | Shares: 458/1 (found:459) | Diff: 117153 | 8s elapsed (since last share, avg 55s) | best=101 target=36661 (999%)
[2026-09-07T03:34:15Z INFO  minertim] H/s 1m:2207.7 5m:2212.9 10m:2200.8 | Shares: 458/1 (found:459) | Diff: 117153 | 18s elapsed (since last share, avg 53s) | best=101 target=36661 (999%)
[2026-09-07T03:34:24Z INFO  minertim::pool_connection] New job: w6bQRYo3x0AAAlgI (difficulty: 117153, target: 358f0000)
[2026-09-07T03:34:25Z INFO  minertim] H/s 1m:2310.6 5m:2217.5 10m:2203.4 | Shares: 458/1 (found:459) | Diff: 117153 | 28s elapsed (since last share, avg 50s) | best=101 target=36661 (999%)
[2026-09-07T03:34:33Z INFO  minertim::pool_connection] New job: Uy0rd8PDp0mty7qr (difficulty: 170064, target: a7620000)
[2026-09-07T03:34:35Z INFO  minertim] H/s 1m:2310.1 5m:2221.9 10m:2205.5 | Shares: 458/1 (found:459) | Diff: 170064 | 38s elapsed (since last share, avg 1m13s) | best=101 target=25255 (999%)
[2026-09-07T03:34:44Z INFO  minertim::pool_connection] New job: O503SVtGt8wl6xFy (difficulty: 170064, target: a7620000)
[2026-09-07T03:34:45Z INFO  minertim] H/s 1m:2310.7 5m:2226.2 10m:2207.6 | Shares: 458/1 (found:459) | Diff: 170064 | 48s elapsed (since last share, avg 1m13s) | best=101 target=25255 (999%)
[2026-09-07T03:34:51Z INFO  minertim::miner] Worker 1 SHARE FOUND! job_id=O503SVtGt8wl6xFy, nonce=79ab0803, hash_val=18327, difficulty=170064, hash=0e55c3e0f00896e6cfd1a4a6b46546474a5bf0cb15f4b4754da1b66a97470000
[2026-09-07T03:34:55Z INFO  minertim] H/s 1m:2306.3 5m:2220.2 10m:2209.3 | Shares: 458/1 (found:460) | Diff: 170064 | 3s elapsed (since last share, avg 1m13s) | best=101 target=25255 (999%)
[2026-09-07T03:35:03Z INFO  minertim::pool_connection] New job: 5n4MJgWvr2czhI0t (difficulty: 170064, target: a7620000)
[2026-09-07T03:35:04Z INFO  minertim::pool_connection] New job: IB2cYCAJ5fLDijQ2 (difficulty: 129706, target: 59810000)
[2026-09-07T03:35:04Z INFO  minertim::pool_connection] Share accepted by pool
[2026-09-07T03:35:05Z INFO  minertim] H/s 1m:2217.3 5m:2208.9 10m:2207.3 | Shares: 459/1 (found:460) | Diff: 129706 | 13s elapsed (since last share, avg 58s) | best=101 target=33113 (999%)
[2026-09-07T03:35:15Z INFO  minertim] H/s 1m:2214.7 5m:2231.7 10m:2209.3 | Shares: 459/1 (found:460) | Diff: 129706 | 23s elapsed (since last share, avg 58s) | best=101 target=33113 (999%)
[2026-09-07T03:35:17Z INFO  minertim::miner] Worker 0 SHARE FOUND! job_id=IB2cYCAJ5fLDijQ2, nonce=5cca0303, hash_val=22552, difficulty=129706, hash=96ecaa5171dc426c122e3d06b3006ab8d1234ad54a7a0077717be79f18580000
[2026-09-07T03:35:23Z INFO  minertim::pool_connection] New job: 0QVEU2OzAqYmtSK2 (difficulty: 129706, target: 59810000)
[2026-09-07T03:35:23Z INFO  minertim::pool_connection] Share accepted by pool
[2026-09-07T03:35:25Z INFO  minertim] H/s 1m:2141.2 5m:2234.0 10m:2205.2 | Shares: 460/1 (found:461) | Diff: 129706 | 8s elapsed (since last share, avg 1m0s) | best=101 target=33113 (999%)
[2026-09-07T03:35:33Z INFO  minertim::miner] Worker 0 SHARE FOUND! job_id=0QVEU2OzAqYmtSK2, nonce=b4220403, hash_val=27457, difficulty=129706, hash=c065f5f9fb7e7bc936d3e18df114d601fc8d39f09caa9301c1c27108416b0000
[2026-09-07T03:35:33Z INFO  minertim::pool_connection] New job: 8kAi8iPxNA40Q4jd (difficulty: 194562, target: 3b560000)
[2026-09-07T03:35:34Z INFO  minertim::pool_connection] Share accepted by pool
[2026-09-07T03:35:35Z INFO  minertim] H/s 1m:2135.0 5m:2236.9 10m:2206.7 | Shares: 461/1 (found:462) | Diff: 194562 | 2s elapsed (since last share, avg 1m31s) | best=101 target=22075 (999%)
[2026-09-07T03:35:43Z INFO  minertim::pool_connection] New job: GnkNc3PINDVMaFIM (difficulty: 194562, target: 3b560000)
[2026-09-07T03:35:45Z INFO  minertim] H/s 1m:2194.8 5m:2241.3 10m:2208.8 | Shares: 461/1 (found:462) | Diff: 194562 | 12s elapsed (since last share, avg 1m28s) | best=101 target=22075 (999%)
[2026-09-07T03:35:55Z INFO  minertim] H/s 1m:2284.6 5m:2245.6 10m:2224.6 | Shares: 461/1 (found:462) | Diff: 194562 | 22s elapsed (since last share, avg 1m25s) | best=101 target=22075 (999%)
[2026-09-07T03:36:03Z INFO  minertim::pool_connection] New job: 4o8sfXbe8C10WdvY (difficulty: 194562, target: 3b560000)
[2026-09-07T03:36:03Z INFO  minertim::pool_connection] New job: YnPaCXJfN3kh9QDe (difficulty: 291856, target: 7c390000)
[2026-09-07T03:36:05Z INFO  minertim] H/s 1m:2285.7 5m:2249.9 10m:2230.6 | Shares: 461/1 (found:462) | Diff: 291856 | 32s elapsed (since last share, avg 2m7s) | best=101 target=14716 (999%)
[2026-09-07T03:36:15Z INFO  minertim] H/s 1m:2358.4 5m:2254.3 10m:2232.7 | Shares: 461/1 (found:462) | Diff: 291856 | 42s elapsed (since last share, avg 2m3s) | best=101 target=14716 (999%)
[2026-09-07T03:36:23Z INFO  minertim::pool_connection] New job: AariF8iFenHLYeHm (difficulty: 291856, target: 7c390000)
[2026-09-07T03:36:25Z INFO  minertim] H/s 1m:2363.0 5m:2255.8 10m:2234.7 | Shares: 461/1 (found:462) | Diff: 291856 | 52s elapsed (since last share, avg 2m3s) | best=101 target=14716 (999%)
[2026-09-07T03:36:34Z INFO  minertim::pool_connection] New job: E0BIs25LlcdwiLOw (difficulty: 222594, target: 5f4b0000)
[2026-09-07T03:36:35Z INFO  minertim] H/s 1m:2363.0 5m:2270.4 10m:2236.8 | Shares: 461/1 (found:462) | Diff: 222594 | 1m2s elapsed (since last share, avg 1m34s) | best=101 target=19295 (999%)
[2026-09-07T03:36:43Z INFO  minertim::pool_connection] New job: IV30JaHbRnV4T02I (difficulty: 222594, target: 5f4b0000)
[2026-09-07T03:36:45Z INFO  minertim] H/s 1m:2362.3 5m:2270.3 10m:2238.9 | Shares: 461/1 (found:462) | Diff: 222594 | 1m12s elapsed (since last share, avg 1m34s) | best=101 target=19295 (999%)
[2026-09-07T03:36:55Z INFO  minertim] H/s 1m:2362.0 5m:2270.4 10m:2241.0 | Shares: 461/1 (found:462) | Diff: 222594 | 1m22s elapsed (since last share, avg 1m34s) | best=101 target=19295 (999%)
[2026-09-07T03:37:02Z INFO  minertim::pool_connection] New job: QZzdZ4jhQm0uu4rC (difficulty: 222594, target: 5f4b0000)
[2026-09-07T03:37:05Z INFO  minertim] H/s 1m:2361.9 5m:2270.4 10m:2243.0 | Shares: 461/1 (found:462) | Diff: 222594 | 1m32s elapsed (since last share, avg 1m34s) | best=101 target=19295 (999%)
[2026-09-07T03:37:15Z INFO  minertim] H/s 1m:2362.1 5m:2270.4 10m:2245.1 | Shares: 461/1 (found:462) | Diff: 222594 | 1m42s elapsed (since last share, avg 1m34s) | best=101 target=19295 (999%)
[2026-09-07T03:37:22Z INFO  minertim::pool_connection] New job: BStF0u4R0Kk0GoYt (difficulty: 222594, target: 5f4b0000)
[2026-09-07T03:37:25Z INFO  minertim] H/s 1m:2362.1 5m:2270.6 10m:2247.3 | Shares: 461/1 (found:462) | Diff: 222594 | 1m52s elapsed (since last share, avg 1m34s) | best=101 target=19295 (999%)
[2026-09-07T03:37:34Z INFO  minertim::pool_connection] New job: Kyetrw0EzxzK0H9p (difficulty: 166943, target: 7f640000)
[2026-09-07T03:37:35Z INFO  minertim] H/s 1m:2361.9 5m:2270.5 10m:2249.3 | Shares: 461/1 (found:462) | Diff: 166943 | 2m2s elapsed (since last share, avg 1m10s) | best=101 target=25727 (999%)
[2026-09-07T03:37:42Z INFO  minertim::pool_connection] New job: JH9fORMa4mHcu0I4 (difficulty: 166943, target: 7f640000)
[2026-09-07T03:37:45Z INFO  minertim] H/s 1m:2363.5 5m:2270.6 10m:2251.5 | Shares: 461/1 (found:462) | Diff: 166943 | 2m12s elapsed (since last share, avg 1m10s) | best=101 target=25727 (999%)
[2026-09-07T03:37:55Z INFO  minertim] H/s 1m:2364.0 5m:2271.4 10m:2253.6 | Shares: 461/1 (found:462) | Diff: 166943 | 2m22s elapsed (since last share, avg 1m10s) | best=101 target=25727 (999%)
[2026-09-07T03:38:02Z INFO  minertim::pool_connection] New job: SFEF6KcCivfUT3WV (difficulty: 166943, target: 7f640000)
[2026-09-07T03:38:05Z INFO  minertim] H/s 1m:2363.6 5m:2281.1 10m:2255.6 | Shares: 461/1 (found:462) | Diff: 166943 | 2m32s elapsed (since last share, avg 1m10s) | best=101 target=25727 (999%)
[2026-09-07T03:38:15Z INFO  minertim] H/s 1m:2362.7 5m:2297.3 10m:2257.7 | Shares: 461/1 (found:462) | Diff: 166943 | 2m42s elapsed (since last share, avg 1m10s) | best=101 target=25727 (999%)
[2026-09-07T03:38:22Z INFO  minertim::pool_connection] New job: SPGI31bmOtW1tlLY (difficulty: 166943, target: 7f640000)
[2026-09-07T03:38:25Z INFO  minertim] H/s 1m:2363.1 5m:2314.8 10m:2259.7 | Shares: 461/1 (found:462) | Diff: 166943 | 2m52s elapsed (since last share, avg 1m10s) | best=101 target=25727 (999%)
[2026-09-07T03:38:34Z INFO  minertim::pool_connection] New job: pqpn2PeJd6D49Xjh (difficulty: 125210, target: fe850000)
[2026-09-07T03:38:35Z INFO  minertim] H/s 1m:2362.4 5m:2314.7 10m:2261.8 | Shares: 461/1 (found:462) | Diff: 125210 | 3m2s elapsed (since last share, avg 53s) | best=101 target=34302 (999%)
[2026-09-07T03:38:42Z INFO  minertim::pool_connection] New job: V8A8DSHj7EIUAR07 (difficulty: 125210, target: fe850000)
[2026-09-07T03:38:45Z INFO  minertim] H/s 1m:2362.1 5m:2314.6 10m:2263.8 | Shares: 461/1 (found:462) | Diff: 125210 | 3m12s elapsed (since last share, avg 53s) | best=101 target=34302 (999%)
[2026-09-07T03:38:55Z INFO  minertim] H/s 1m:2362.4 5m:2324.0 10m:2265.8 | Shares: 461/1 (found:462) | Diff: 125210 | 3m22s elapsed (since last share, avg 53s) | best=101 target=34302 (999%)
[2026-09-07T03:39:02Z INFO  minertim::pool_connection] New job: hBjnK69HZ0ZS5YTU (difficulty: 125210, target: fe850000)
[2026-09-07T03:39:05Z INFO  minertim::pool_connection] New job: Kb2CL03WhoA3uAo2 (difficulty: 125210, target: fe850000)
[2026-09-07T03:39:05Z INFO  minertim] H/s 1m:2363.4 5m:2324.1 10m:2268.0 | Shares: 461/1 (found:462) | Diff: 125210 | 3m32s elapsed (since last share, avg 52s) | best=101 target=34302 (999%)
[2026-09-07T03:39:13Z INFO  minertim::miner] Worker 1 SHARE FOUND! job_id=Kb2CL03WhoA3uAo2, nonce=b5a81103, hash_val=25154, difficulty=125210, hash=622d3f8fa61eeb8f4312e98051153a31a576cd228dc35006dcdb0b8042620000
[2026-09-07T03:39:15Z INFO  minertim] H/s 1m:2305.2 5m:2313.9 10m:2265.2 | Shares: 461/1 (found:463) | Diff: 125210 | 2s elapsed (since last share, avg 54s) | best=101 target=34302 (999%)
[2026-09-07T03:39:17Z INFO  minertim::miner] Worker 2 SHARE FOUND! job_id=Kb2CL03WhoA3uAo2, nonce=a6370b03, hash_val=15658, difficulty=125210, hash=6cacda6ddaac0efa5ace70826b428180d22bf89bc60bb5229014d3ef2a3d0000
[2026-09-07T03:39:24Z INFO  minertim::pool_connection] New job: gZ4BUQLW0Z2i4m0m (difficulty: 125210, target: fe850000)
[2026-09-07T03:39:25Z INFO  minertim::pool_connection] Share accepted by pool
[2026-09-07T03:39:25Z INFO  minertim::pool_connection] Share accepted by pool
[2026-09-07T03:39:25Z INFO  minertim] H/s 1m:2166.7 5m:2290.0 10m:2255.6 | Shares: 463/1 (found:464) | Diff: 125210 | 8s elapsed (since last share, avg 57s) | best=101 target=34302 (999%)
[2026-09-07T03:39:34Z INFO  minertim::pool_connection] New job: S7bk0eH47Jaj61Kg (difficulty: 187815, target: 54590000)
[2026-09-07T03:39:35Z INFO  minertim] H/s 1m:2167.2 5m:2289.8 10m:2257.8 | Shares: 463/1 (found:464) | Diff: 187815 | 18s elapsed (since last share, avg 1m26s) | best=101 target=22868 (999%)
[2026-09-07T03:39:44Z INFO  minertim::pool_connection] New job: X9dcHwXj4rHO0Wc7 (difficulty: 187815, target: 54590000)
[2026-09-07T03:39:45Z INFO  minertim] H/s 1m:2166.8 5m:2300.0 10m:2259.7 | Shares: 463/1 (found:464) | Diff: 187815 | 28s elapsed (since last share, avg 1m26s) | best=101 target=22868 (999%)
[2026-09-07T03:39:55Z INFO  minertim] H/s 1m:2166.0 5m:2315.3 10m:2261.8 | Shares: 463/1 (found:464) | Diff: 187815 | 38s elapsed (since last share, avg 1m26s) | best=101 target=22868 (999%)
[2026-09-07T03:40:04Z INFO  minertim::pool_connection] New job: A72J0PQAe00v5vvy (difficulty: 187815, target: 54590000)
[2026-09-07T03:40:05Z INFO  minertim] H/s 1m:2223.6 5m:2315.4 10m:2263.8 | Shares: 463/1 (found:464) | Diff: 187815 | 48s elapsed (since last share, avg 1m24s) | best=101 target=22868 (999%)
[2026-09-07T03:40:16Z INFO  minertim] H/s 1m:2362.4 5m:2328.1 10m:2275.1 | Shares: 463/1 (found:464) | Diff: 187815 | 58s elapsed (since last share, avg 1m19s) | best=101 target=22868 (999%)
[2026-09-07T03:40:24Z INFO  minertim::pool_connection] New job: E12vb5fD9osZ1Yyu (difficulty: 187815, target: 54590000)
[2026-09-07T03:40:26Z INFO  minertim] H/s 1m:2361.9 5m:2329.0 10m:2282.4 | Shares: 463/1 (found:464) | Diff: 187815 | 1m8s elapsed (since last share, avg 1m19s) | best=101 target=22868 (999%)
[2026-09-07T03:40:34Z INFO  minertim::pool_connection] New job: vE8CEJ7d60XqDwML (difficulty: 122485, target: f9880000)
[2026-09-07T03:40:36Z INFO  minertim] H/s 1m:2363.4 5m:2329.0 10m:2284.4 | Shares: 463/1 (found:464) | Diff: 122485 | 1m18s elapsed (since last share, avg 51s) | best=101 target=35065 (999%)
[2026-09-07T03:40:44Z INFO  minertim::pool_connection] New job: 70vw9Y2IL0SDtx3l (difficulty: 122485, target: f9880000)
[2026-09-07T03:40:46Z INFO  minertim] H/s 1m:2363.6 5m:2328.9 10m:2286.4 | Shares: 463/1 (found:464) | Diff: 122485 | 1m28s elapsed (since last share, avg 51s) | best=101 target=35065 (999%)
[2026-09-07T03:40:56Z INFO  minertim] H/s 1m:2364.2 5m:2328.9 10m:2288.5 | Shares: 463/1 (found:464) | Diff: 122485 | 1m38s elapsed (since last share, avg 51s) | best=101 target=35065 (999%)
[2026-09-07T03:41:02Z INFO  minertim::miner] Worker 0 SHARE FOUND! job_id=70vw9Y2IL0SDtx3l, nonce=b0031003, hash_val=8278, difficulty=122485, hash=e3f95569da1f343bacb81ff8a2305ab9aeeb111d78b060f4912ec9a356200000
[2026-09-07T03:41:04Z INFO  minertim::pool_connection] New job: 0auvzqCb27SWLvK0 (difficulty: 122485, target: f9880000)
[2026-09-07T03:41:04Z INFO  minertim::pool_connection] Share accepted by pool
[2026-09-07T03:41:06Z INFO  minertim] H/s 1m:2348.5 5m:2326.4 10m:2289.4 | Shares: 464/1 (found:465) | Diff: 122485 | 3s elapsed (since last share, avg 52s) | best=101 target=35065 (999%)
[2026-09-07T03:41:16Z INFO  minertim] H/s 1m:2349.6 5m:2326.6 10m:2291.7 | Shares: 464/1 (found:465) | Diff: 122485 | 13s elapsed (since last share, avg 52s) | best=101 target=35065 (999%)
[2026-09-07T03:41:24Z INFO  minertim::pool_connection] New job: g06mZwEdGOxALKC0 (difficulty: 122485, target: f9880000)
[2026-09-07T03:41:26Z INFO  minertim] H/s 1m:2348.8 5m:2326.5 10m:2292.5 | Shares: 464/1 (found:465) | Diff: 122485 | 23s elapsed (since last share, avg 52s) | best=101 target=35065 (999%)
[2026-09-07T03:41:34Z INFO  minertim::pool_connection] New job: Jf2pOcAGAOIYYqw5 (difficulty: 177801, target: 5c5e0000)
[2026-09-07T03:41:36Z INFO  minertim] H/s 1m:2330.0 5m:2323.3 10m:2298.0 | Shares: 464/1 (found:465) | Diff: 177801 | 33s elapsed (since last share, avg 1m16s) | best=101 target=24156 (999%)
[2026-09-07T03:41:43Z INFO  minertim::pool_connection] New job: usLXvnGjMoYalRsl (difficulty: 177801, target: 5c5e0000)
[2026-09-07T03:41:46Z INFO  minertim] H/s 1m:2305.6 5m:2319.2 10m:2295.9 | Shares: 464/1 (found:465) | Diff: 177801 | 43s elapsed (since last share, avg 1m17s) | best=101 target=24156 (999%)
[2026-09-07T03:41:56Z INFO  minertim] H/s 1m:2296.4 5m:2315.1 10m:2293.9 | Shares: 464/1 (found:465) | Diff: 177801 | 53s elapsed (since last share, avg 1m17s) | best=101 target=24156 (999%)
[2026-09-07T03:42:03Z INFO  minertim::pool_connection] New job: 9168pKhdOGxnj9Xs (difficulty: 177801, target: 5c5e0000)
[2026-09-07T03:42:04Z INFO  minertim::pool_connection] New job: WuclM5Q903VHp5qf (difficulty: 135611, target: b77b0000)
[2026-09-07T03:42:06Z INFO  minertim] H/s 1m:2271.1 5m:2311.0 10m:2291.9 | Shares: 464/1 (found:465) | Diff: 135611 | 1m3s elapsed (since last share, avg 59s) | best=101 target=31671 (999%)
[2026-09-07T03:42:16Z INFO  minertim] H/s 1m:2246.0 5m:2306.5 10m:2289.8 | Shares: 464/1 (found:465) | Diff: 135611 | 1m13s elapsed (since last share, avg 1m0s) | best=101 target=31671 (999%)
[2026-09-07T03:42:23Z INFO  minertim::pool_connection] New job: x56z7BGguTwFtfSI (difficulty: 135611, target: b77b0000)
[2026-09-07T03:42:26Z INFO  minertim] H/s 1m:2240.8 5m:2302.4 10m:2287.8 | Shares: 464/1 (found:465) | Diff: 135611 | 1m23s elapsed (since last share, avg 1m0s) | best=101 target=31671 (999%)
[2026-09-07T03:42:36Z INFO  minertim] H/s 1m:2241.5 5m:2298.2 10m:2285.8 | Shares: 464/1 (found:465) | Diff: 135611 | 1m33s elapsed (since last share, avg 1m0s) | best=101 target=31671 (999%)
[2026-09-07T03:42:43Z INFO  minertim::pool_connection] New job: S7Xaqp93eNQmu6L9 (difficulty: 135611, target: b77b0000)
[2026-09-07T03:42:46Z INFO  minertim] H/s 1m:2242.2 5m:2294.1 10m:2283.8 | Shares: 464/1 (found:465) | Diff: 135611 | 1m43s elapsed (since last share, avg 1m0s) | best=101 target=31671 (999%)
[2026-09-07T03:42:55Z INFO  minertim::miner] Worker 1 SHARE FOUND! job_id=S7Xaqp93eNQmu6L9, nonce=fd141903, hash_val=24406, difficulty=135611, hash=c2f5e1d14bb4d06778ae77554b5500b08a60c819b406a742e2576b06565f0000
[2026-09-07T03:42:56Z INFO  minertim] H/s 1m:2242.9 5m:2290.1 10m:2282.1 | Shares: 464/1 (found:466) | Diff: 135611 | 1s elapsed (since last share, avg 1m0s) | best=101 target=31671 (999%)
[2026-09-07T03:43:03Z INFO  minertim::pool_connection] New job: qFlTA7c7k3JK9pKN (difficulty: 135611, target: b77b0000)
[2026-09-07T03:43:03Z INFO  minertim::pool_connection] Share accepted by pool
[2026-09-07T03:43:04Z INFO  minertim::pool_connection] New job: 2GcjpKQXSoO74l5a (difficulty: 101708, target: f4a40000)
[2026-09-07T03:43:05Z INFO  minertim::miner] Worker 3 SHARE FOUND! job_id=2GcjpKQXSoO74l5a, nonce=2b021903, hash_val=19174, difficulty=101708, hash=c69aa432c71784dd42a988fdcadefe5941af96fd0bbc642f231247bae64a0000
[2026-09-07T03:43:06Z INFO  minertim] H/s 1m:2140.8 5m:2268.3 10m:2276.2 | Shares: 465/1 (found:467) | Diff: 101708 | 0s elapsed (since last share, avg 47s) | best=101 target=42228 (999%)
[2026-09-07T03:43:16Z INFO  minertim] H/s 1m:2032.7 5m:2245.5 10m:2272.9 | Shares: 465/1 (found:467) | Diff: 101708 | 10s elapsed (since last share, avg 50s) | best=101 target=42228 (999%)
[2026-09-07T03:43:23Z INFO  minertim::pool_connection] New job: HQla3WR7AqhYjnEz (difficulty: 101708, target: f4a40000)
[2026-09-07T03:43:23Z INFO  minertim::pool_connection] Share accepted by pool
[2026-09-07T03:43:26Z INFO  minertim] H/s 1m:1942.3 5m:2225.8 10m:2271.9 | Shares: 466/1 (found:467) | Diff: 101708 | 20s elapsed (since last share, avg 52s) | best=101 target=42228 (999%)
[2026-09-07T03:43:34Z INFO  minertim::pool_connection] New job: 6rqCxeFMpHcbKlI1 (difficulty: 152563, target: f86d0000)
[2026-09-07T03:43:36Z INFO  minertim] H/s 1m:1941.4 5m:2221.6 10m:2269.8 | Shares: 466/1 (found:467) | Diff: 152563 | 30s elapsed (since last share, avg 1m18s) | best=101 target=28152 (999%)
[2026-09-07T03:43:43Z INFO  minertim::pool_connection] New job: MLGskjF9TUV2AylD (difficulty: 152563, target: f86d0000)
[2026-09-07T03:43:46Z INFO  minertim] H/s 1m:1940.4 5m:2217.4 10m:2267.6 | Shares: 466/1 (found:467) | Diff: 152563 | 40s elapsed (since last share, avg 1m18s) | best=101 target=28152 (999%)
[2026-09-07T03:43:51Z INFO  minertim::miner] Worker 3 SHARE FOUND! job_id=MLGskjF9TUV2AylD, nonce=1bfc1903, hash_val=4851, difficulty=152563, hash=b9dc143ef87fd7ae702ad0acb89286ced2fb51bda94c2b8017bdde3df3120000
[2026-09-07T03:43:56Z INFO  minertim] H/s 1m:1989.2 5m:2203.8 10m:2265.6 | Shares: 466/1 (found:468) | Diff: 152563 | 4s elapsed (since last share, avg 1m16s) | best=101 target=28152 (999%)
[2026-09-07T03:44:00Z INFO  minertim::miner] Worker 2 SHARE FOUND! job_id=MLGskjF9TUV2AylD, nonce=52ea1403, hash_val=20133, difficulty=152563, hash=ab5c67d44166c14388f416e29bc911eed5824faae1e930eb04de03c5a54e0000
[2026-09-07T03:44:02Z INFO  minertim::pool_connection] New job: SVG0uYykm1p5R5kL (difficulty: 152563, target: f86d0000)
[2026-09-07T03:44:03Z INFO  minertim::pool_connection] Share accepted by pool
[2026-09-07T03:44:03Z INFO  minertim::pool_connection] Share accepted by pool
[2026-09-07T03:44:04Z INFO  minertim::pool_connection] New job: 7obAdXBHSCLAgw4z (difficulty: 228845, target: 50490000)
[2026-09-07T03:44:06Z INFO  minertim] H/s 1m:2008.0 5m:2194.3 10m:2256.0 | Shares: 468/1 (found:469) | Diff: 228845 | 5s elapsed (since last share, avg 1m53s) | best=101 target=18768 (999%)
[2026-09-07T03:44:16Z INFO  minertim] H/s 1m:2099.1 5m:2214.1 10m:2254.0 | Shares: 468/1 (found:469) | Diff: 228845 | 15s elapsed (since last share, avg 1m49s) | best=101 target=18768 (999%)
[2026-09-07T03:44:22Z INFO  minertim::pool_connection] New job: AbBClY9rRsJriPWm (difficulty: 228845, target: 50490000)
[2026-09-07T03:44:26Z INFO  minertim] H/s 1m:2099.7 5m:2210.0 10m:2251.9 | Shares: 468/1 (found:469) | Diff: 228845 | 25s elapsed (since last share, avg 1m48s) | best=101 target=18768 (999%)
[2026-09-07T03:44:30Z INFO  minertim::pool_connection] New job: RiWtzMvlUp7iNbYD (difficulty: 228845, target: 50490000)
[2026-09-07T03:44:36Z INFO  minertim] H/s 1m:2100.9 5m:2206.0 10m:2249.8 | Shares: 468/1 (found:469) | Diff: 228845 | 35s elapsed (since last share, avg 1m48s) | best=101 target=18768 (999%)
[2026-09-07T03:44:46Z INFO  minertim] H/s 1m:2156.0 5m:2202.0 10m:2252.9 | Shares: 468/1 (found:469) | Diff: 228845 | 45s elapsed (since last share, avg 1m46s) | best=101 target=18768 (999%)
[2026-09-07T03:44:50Z INFO  minertim::pool_connection] New job: p8zxtTbKlWuVb2hq (difficulty: 228845, target: 50490000)
[2026-09-07T03:44:56Z INFO  minertim] H/s 1m:2245.5 5m:2198.0 10m:2258.4 | Shares: 468/1 (found:469) | Diff: 228845 | 55s elapsed (since last share, avg 1m41s) | best=101 target=18768 (999%)
[2026-09-07T03:45:04Z INFO  minertim::pool_connection] New job: AqhDmUXOBvUXPmwi (difficulty: 168820, target: 61630000)
[2026-09-07T03:45:06Z INFO  minertim] H/s 1m:2243.6 5m:2193.6 10m:2256.4 | Shares: 468/1 (found:469) | Diff: 168820 | 1m5s elapsed (since last share, avg 1m15s) | best=101 target=25441 (999%)
[2026-09-07T03:45:09Z INFO  minertim::pool_connection] New job: uiVvH07PfZsr10h8 (difficulty: 168820, target: 61630000)
[2026-09-07T03:45:16Z INFO  minertim] H/s 1m:2242.0 5m:2189.3 10m:2260.5 | Shares: 468/1 (found:469) | Diff: 168820 | 1m15s elapsed (since last share, avg 1m15s) | best=101 target=25441 (999%)
[2026-09-07T03:45:25Z INFO  minertim::pool_connection] New job: XCqXhD1Z4w6cf6eg (difficulty: 168820, target: 61630000)
[2026-09-07T03:45:26Z INFO  minertim] H/s 1m:2241.0 5m:2184.9 10m:2258.8 | Shares: 468/1 (found:469) | Diff: 168820 | 1m25s elapsed (since last share, avg 1m15s) | best=101 target=25441 (999%)
[2026-09-07T03:45:36Z INFO  minertim] H/s 1m:2241.1 5m:2180.9 10m:2256.8 | Shares: 468/1 (found:469) | Diff: 168820 | 1m35s elapsed (since last share, avg 1m15s) | best=101 target=25441 (999%)
[2026-09-07T03:45:45Z INFO  minertim::pool_connection] New job: 4Y4uBpzUmSmXBgGn (difficulty: 168820, target: 61630000)
[2026-09-07T03:45:46Z INFO  minertim] H/s 1m:2241.9 5m:2176.9 10m:2254.8 | Shares: 468/1 (found:469) | Diff: 168820 | 1m45s elapsed (since last share, avg 1m15s) | best=101 target=25441 (999%)
[2026-09-07T03:45:56Z INFO  minertim] H/s 1m:2243.4 5m:2175.5 10m:2252.8 | Shares: 468/1 (found:469) | Diff: 168820 | 1m55s elapsed (since last share, avg 1m15s) | best=101 target=25441 (999%)
[2026-09-07T03:46:04Z INFO  minertim::pool_connection] New job: 1XCo4rmGBJ1yUofT (difficulty: 126616, target: 81840000)
[2026-09-07T03:46:05Z INFO  minertim::pool_connection] New job: Nc0mwiDIRS2g2vj7 (difficulty: 126616, target: 81840000)
[2026-09-07T03:46:06Z INFO  minertim] H/s 1m:2244.6 5m:2171.2 10m:2250.8 | Shares: 468/1 (found:469) | Diff: 126616 | 2m5s elapsed (since last share, avg 56s) | best=101 target=33921 (999%)
[2026-09-07T03:46:16Z INFO  minertim] H/s 1m:2243.9 5m:2166.9 10m:2248.7 | Shares: 468/1 (found:469) | Diff: 126616 | 2m15s elapsed (since last share, avg 56s) | best=101 target=33921 (999%)
[2026-09-07T03:46:24Z INFO  minertim::pool_connection] New job: bkNnl8DvtJ0WL4Ef (difficulty: 126616, target: 81840000)
[2026-09-07T03:46:26Z INFO  minertim] H/s 1m:2243.3 5m:2166.0 10m:2246.6 | Shares: 468/1 (found:469) | Diff: 126616 | 2m25s elapsed (since last share, avg 56s) | best=101 target=33921 (999%)
[2026-09-07T03:46:27Z INFO  minertim::pool_connection] New job: JBbtGi6hGAEW9nN0 (difficulty: 126616, target: 81840000)
[2026-09-07T03:46:36Z INFO  minertim] H/s 1m:2243.0 5m:2166.1 10m:2244.7 | Shares: 468/1 (found:469) | Diff: 126616 | 2m35s elapsed (since last share, avg 56s) | best=101 target=33921 (999%)
[2026-09-07T03:46:46Z INFO  minertim] H/s 1m:2242.2 5m:2166.1 10m:2242.7 | Shares: 468/1 (found:469) | Diff: 126616 | 2m45s elapsed (since last share, avg 56s) | best=101 target=33921 (999%)
[2026-09-07T03:46:46Z INFO  minertim::pool_connection] New job: GEtkJWWndBCIi2lP (difficulty: 126616, target: 81840000)
[2026-09-07T03:46:56Z INFO  minertim] H/s 1m:2241.2 5m:2166.1 10m:2240.6 | Shares: 468/1 (found:469) | Diff: 126616 | 2m55s elapsed (since last share, avg 56s) | best=101 target=33921 (999%)
[2026-09-07T03:47:04Z INFO  minertim::pool_connection] New job: wZKKWvsKNFajJAFt (difficulty: 94962, target: acb00000)
[2026-09-07T03:47:06Z INFO  minertim] H/s 1m:2242.1 5m:2166.2 10m:2238.6 | Shares: 468/1 (found:469) | Diff: 94962 | 3m5s elapsed (since last share, avg 42s) | best=101 target=45228 (999%)
[2026-09-07T03:47:06Z INFO  minertim::pool_connection] New job: gg0xm3Gq0hJ0WYhn (difficulty: 94962, target: acb00000)
[2026-09-07T03:47:16Z INFO  minertim] H/s 1m:2241.4 5m:2166.1 10m:2236.4 | Shares: 468/1 (found:469) | Diff: 94962 | 3m15s elapsed (since last share, avg 42s) | best=101 target=45228 (999%)
[2026-09-07T03:47:19Z INFO  minertim::miner] Worker 3 SHARE FOUND! job_id=gg0xm3Gq0hJ0WYhn, nonce=e7b72003, hash_val=21421, difficulty=94962, hash=858da691e2ab812f516ffa6c36e0891f3dc2ca1d984b7420dfea79e0ad530000
[2026-09-07T03:47:26Z INFO  minertim] H/s 1m:2186.8 5m:2156.7 10m:2229.9 | Shares: 468/1 (found:470) | Diff: 94962 | 6s elapsed (since last share, avg 43s) | best=101 target=45228 (999%)
[2026-09-07T03:47:26Z INFO  minertim::pool_connection] New job: oYUTQCbDQ7xx2S80 (difficulty: 94962, target: acb00000)
[2026-09-07T03:47:26Z INFO  minertim::pool_connection] Share accepted by pool
[2026-09-07T03:47:34Z INFO  minertim::pool_connection] New job: wKCX5XtgxNbNl3li (difficulty: 142443, target: c8750000)
[2026-09-07T03:47:36Z INFO  minertim] H/s 1m:2151.1 5m:2150.4 10m:2224.7 | Shares: 469/1 (found:470) | Diff: 142443 | 16s elapsed (since last share, avg 1m6s) | best=101 target=30152 (999%)
[2026-09-07T03:47:46Z INFO  minertim] H/s 1m:2152.4 5m:2150.5 10m:2222.7 | Shares: 469/1 (found:470) | Diff: 142443 | 26s elapsed (since last share, avg 1m6s) | best=101 target=30152 (999%)
[2026-09-07T03:47:46Z INFO  minertim::pool_connection] New job: zSzUC0X5ZuR1MeCC (difficulty: 142443, target: c8750000)
[2026-09-07T03:47:56Z INFO  minertim] H/s 1m:2153.5 5m:2168.4 10m:2220.7 | Shares: 469/1 (found:470) | Diff: 142443 | 36s elapsed (since last share, avg 1m6s) | best=101 target=30152 (999%)
[2026-09-07T03:48:06Z INFO  minertim::pool_connection] New job: 5dly4HLDMlj8D0VP (difficulty: 142443, target: c8750000)
[2026-09-07T03:48:06Z INFO  minertim] H/s 1m:2154.0 5m:2187.0 10m:2218.7 | Shares: 469/1 (found:470) | Diff: 142443 | 46s elapsed (since last share, avg 1m6s) | best=101 target=30152 (999%)
[2026-09-07T03:48:16Z INFO  minertim] H/s 1m:2208.1 5m:2202.5 10m:2216.7 | Shares: 469/1 (found:470) | Diff: 142443 | 56s elapsed (since last share, avg 1m4s) | best=101 target=30152 (999%)
[2026-09-07T03:48:26Z INFO  minertim::pool_connection] New job: 43Bxwb9o54Io1Qgt (difficulty: 142443, target: c8750000)
[2026-09-07T03:48:26Z INFO  minertim] H/s 1m:2244.3 5m:2202.6 10m:2214.7 | Shares: 469/1 (found:470) | Diff: 142443 | 1m6s elapsed (since last share, avg 1m3s) | best=101 target=30152 (999%)
[2026-09-07T03:48:34Z INFO  minertim::pool_connection] New job: vdTLOme1Q05EqDbd (difficulty: 94264, target: fbb10000)
[2026-09-07T03:48:36Z INFO  minertim] H/s 1m:2242.6 5m:2202.6 10m:2212.5 | Shares: 469/1 (found:470) | Diff: 94264 | 1m16s elapsed (since last share, avg 42s) | best=101 target=45563 (999%)
[2026-09-07T03:48:46Z INFO  minertim::pool_connection] New job: nvHJ4QBb7Qmx0xdS (difficulty: 94264, target: fbb10000)
[2026-09-07T03:48:46Z INFO  minertim] H/s 1m:2241.7 5m:2211.9 10m:2210.5 | Shares: 469/1 (found:470) | Diff: 94264 | 1m26s elapsed (since last share, avg 42s) | best=101 target=45563 (999%)
[2026-09-07T03:48:50Z INFO  minertim::miner] Worker 1 SHARE FOUND! job_id=nvHJ4QBb7Qmx0xdS, nonce=69fe2403, hash_val=2145, difficulty=94264, hash=3478e11cd7e264df144bc374b2025d43102e52f395669bf45e63c7b761080000
[2026-09-07T03:48:51Z INFO  minertim::pool_connection] New job: Dp40bVlj0a5TldCv (difficulty: 94264, target: fbb10000)
[2026-09-07T03:48:51Z INFO  minertim::pool_connection] Share accepted by pool
[2026-09-07T03:48:55Z INFO  minertim::pool_connection] Donation: mining to Author (donate-level 5%)
[2026-09-07T03:48:55Z INFO  minertim::pool_connection] Connecting to pool: monerohash.com:2222
[2026-09-07T03:48:55Z INFO  minertim::pool_connection] Connected to pool (plain TCP): monerohash.com:2222
[2026-09-07T03:48:55Z INFO  minertim::pool_connection] Login successful, session id: S1a3rWJIFtyp2YU4
[2026-09-07T03:48:55Z INFO  minertim::pool_connection] Initial job: 6YUOihCOhANPyQEx (difficulty: 50000, target: 8b4f0100)
[2026-09-07T03:48:56Z INFO  minertim] H/s 1m:2235.0 5m:2226.1 10m:2207.8 | Shares: 470/1 (found:471) | Diff: 50000 | 5s elapsed (since last share, avg 22s) | best=101 target=85899 (999%)
[2026-09-07T03:49:00Z INFO  minertim::pool_connection] New job: btJAZFQSh20pgGAP (difficulty: 50000, target: 8b4f0100)
[2026-09-07T03:49:06Z INFO  minertim] H/s 1m:2204.2 5m:2220.7 10m:2208.2 | Shares: 470/1 (found:471) | Diff: 50000 | 15s elapsed (since last share, avg 22s) | best=101 target=85899 (999%)
[2026-09-07T03:49:16Z INFO  minertim] H/s 1m:2202.6 5m:2220.4 10m:2217.7 | Shares: 470/1 (found:471) | Diff: 50000 | 25s elapsed (since last share, avg 22s) | best=101 target=85899 (999%)
[2026-09-07T03:49:20Z INFO  minertim::pool_connection] New job: 9Cjks0zoKdMNf70D (difficulty: 50000, target: 8b4f0100)
[2026-09-07T03:49:26Z INFO  minertim] H/s 1m:2203.3 5m:2220.2 10m:2215.6 | Shares: 470/1 (found:471) | Diff: 50000 | 35s elapsed (since last share, avg 22s) | best=101 target=85899 (999%)
[2026-09-07T03:49:35Z INFO  minertim::miner] Worker 1 SHARE FOUND! job_id=9Cjks0zoKdMNf70D, nonce=d17c2603, hash_val=60119, difficulty=50000, hash=1dd76732a3012311b3784964fa323a472284c92733c5b2d62fd76fc4d7ea0000
[2026-09-07T03:49:36Z INFO  minertim] H/s 1m:2203.8 5m:2220.2 10m:2213.6 | Shares: 470/1 (found:472) | Diff: 50000 | 0s elapsed (since last share, avg 22s) | best=101 target=85899 (999%)
[2026-09-07T03:49:40Z INFO  minertim::pool_connection] New job: 9Hizv0AddMQFUpa6 (difficulty: 50000, target: 8b4f0100)
[2026-09-07T03:49:40Z INFO  minertim::pool_connection] Share accepted by pool
[2026-09-07T03:49:46Z INFO  minertim] H/s 1m:2182.1 5m:2215.2 10m:2209.2 | Shares: 471/1 (found:472) | Diff: 50000 | 10s elapsed (since last share, avg 22s) | best=101 target=85899 (999%)
[2026-09-07T03:49:56Z INFO  minertim] H/s 1m:2211.9 5m:2215.2 10m:2207.2 | Shares: 471/1 (found:472) | Diff: 50000 | 20s elapsed (since last share, avg 22s) | best=101 target=85899 (999%)
[2026-09-07T03:50:00Z INFO  minertim::pool_connection] New job: pjGv2Lo4uelsc47E (difficulty: 50000, target: 8b4f0100)
[2026-09-07T03:50:06Z INFO  minertim] H/s 1m:2213.2 5m:2215.4 10m:2205.1 | Shares: 471/1 (found:472) | Diff: 50000 | 30s elapsed (since last share, avg 22s) | best=101 target=85899 (999%)
[2026-09-07T03:50:12Z INFO  minertim::miner] Worker 2 SHARE FOUND! job_id=pjGv2Lo4uelsc47E, nonce=3e8b2103, hash_val=14318, difficulty=50000, hash=1a2c79f80fb81bca3e5ff566453135976de5ef08b37ece2b45bad5cdee370000
[2026-09-07T03:50:16Z INFO  minertim] H/s 1m:2157.8 5m:2205.9 10m:2198.3 | Shares: 471/1 (found:473) | Diff: 50000 | 4s elapsed (since last share, avg 23s) | best=101 target=85899 (999%)
[2026-09-07T03:50:20Z INFO  minertim::pool_connection] New job: lmYAeQDIY0hNLyOE (difficulty: 50000, target: 8b4f0100)
[2026-09-07T03:50:20Z INFO  minertim::pool_connection] Share accepted by pool
[2026-09-07T03:50:26Z INFO  minertim] H/s 1m:2129.4 5m:2200.9 10m:2193.8 | Shares: 472/1 (found:473) | Diff: 50000 | 14s elapsed (since last share, avg 23s) | best=101 target=85899 (999%)
[2026-09-07T03:50:35Z INFO  minertim::miner] Worker 2 SHARE FOUND! job_id=lmYAeQDIY0hNLyOE, nonce=76122203, hash_val=43359, difficulty=50000, hash=2f994d7fd31684bbbfb71e7f4b12a50f0d6c06675a504e88198f204c5fa90000
[2026-09-07T03:50:36Z INFO  minertim] H/s 1m:2157.2 5m:2200.6 10m:2191.7 | Shares: 472/1 (found:474) | Diff: 50000 | 0s elapsed (since last share, avg 23s) | best=101 target=85899 (999%)
[2026-09-07T03:50:40Z INFO  minertim::pool_connection] New job: BQ0Bw1AwHyBHRajp (difficulty: 50000, target: 8b4f0100)
[2026-09-07T03:50:40Z INFO  minertim::pool_connection] Share accepted by pool
[2026-09-07T03:50:46Z INFO  minertim] H/s 1m:2109.5 5m:2192.1 10m:2185.6 | Shares: 473/1 (found:474) | Diff: 50000 | 10s elapsed (since last share, avg 23s) | best=101 target=85899 (999%)
[2026-09-07T03:50:55Z INFO  minertim::miner] Worker 0 SHARE FOUND! job_id=BQ0Bw1AwHyBHRajp, nonce=8c552403, hash_val=53046, difficulty=50000, hash=93461572923c81e91343bc42d7859411b5fbe6355940aa948a529b1d36cf0000
[2026-09-07T03:50:56Z INFO  minertim] H/s 1m:2109.3 5m:2192.1 10m:2184.8 | Shares: 473/1 (found:475) | Diff: 50000 | 0s elapsed (since last share, avg 23s) | best=101 target=85899 (999%)
[2026-09-07T03:51:00Z INFO  minertim::pool_connection] New job: W4u045l2e6Z22uzF (difficulty: 50000, target: 8b4f0100)
[2026-09-07T03:51:00Z INFO  minertim::pool_connection] Share accepted by pool
[2026-09-07T03:51:00Z INFO  minertim::miner] Worker 2 SHARE FOUND! job_id=W4u045l2e6Z22uzF, nonce=92c52203, hash_val=58535, difficulty=50000, hash=bacaf9fb04b1029ea50612b8856d6e88750902f03032cb9b5bc7b450a7e40000
[2026-09-07T03:51:03Z INFO  minertim::miner] Worker 1 SHARE FOUND! job_id=W4u045l2e6Z22uzF, nonce=e5562903, hash_val=34423, difficulty=50000, hash=3bd1edb695316d638435b75f585ddf91fc3eac347bfa80be2633099377860000
[2026-09-07T03:51:06Z INFO  minertim] H/s 1m:2020.4 5m:2167.3 10m:2170.4 | Shares: 474/1 (found:477) | Diff: 50000 | 2s elapsed (since last share, avg 24s) | best=101 target=85899 (999%)
[2026-09-07T03:51:09Z INFO  minertim::pool_connection] New job: HDdnquO4YluBDKNB (difficulty: 72000, target: 04e90000)
[2026-09-07T03:51:10Z INFO  minertim::pool_connection] Share accepted by pool
[2026-09-07T03:51:10Z INFO  minertim::pool_connection] Share accepted by pool
[2026-09-07T03:51:16Z INFO  minertim] H/s 1m:1981.5 5m:2155.8 10m:2162.7 | Shares: 476/1 (found:477) | Diff: 72000 | 12s elapsed (since last share, avg 36s) | best=101 target=59652 (999%)
[2026-09-07T03:51:19Z INFO  minertim::pool_connection] New job: u9TZJiZ68H0YJxlU (difficulty: 72000, target: 04e90000)
[2026-09-07T03:51:25Z INFO  minertim::pool_connection] Donation: mining to Xmrig (donate-level 5%)
[2026-09-07T03:51:25Z INFO  minertim::pool_connection] Connecting to pool: monerohash.com:2222
[2026-09-07T03:51:25Z INFO  minertim::pool_connection] Connected to pool (plain TCP): monerohash.com:2222
[2026-09-07T03:51:25Z INFO  minertim::pool_connection] Login successful, session id: ycDLXN4x8gAeXdi0
[2026-09-07T03:51:25Z INFO  minertim::pool_connection] Initial job: N8MjgAIjw9ifMNlg (difficulty: 50000, target: 8b4f0100)
[2026-09-07T03:51:26Z INFO  minertim] H/s 1m:1981.5 5m:2155.5 10m:2162.2 | Shares: 476/1 (found:477) | Diff: 50000 | 22s elapsed (since last share, avg 25s) | best=101 target=85899 (999%)
[2026-09-07T03:51:36Z INFO  minertim] H/s 1m:2009.3 5m:2152.0 10m:2160.5 | Shares: 476/1 (found:477) | Diff: 50000 | 32s elapsed (since last share, avg 24s) | best=101 target=85899 (999%)
[2026-09-07T03:51:36Z INFO  minertim::miner] Worker 0 SHARE FOUND! job_id=N8MjgAIjw9ifMNlg, nonce=ac962503, hash_val=47074, difficulty=50000, hash=3982a1216b99cd60aa2226dfc4b1c0ef612d514bc874eb02960d8611e2b70000
[2026-09-07T03:51:39Z INFO  minertim::pool_connection] New job: EliJvMlRLGsx03N5 (difficulty: 50000, target: 8b4f0100)
[2026-09-07T03:51:40Z INFO  minertim::pool_connection] Share accepted by pool
[2026-09-07T03:51:46Z INFO  minertim] H/s 1m:1996.0 5m:2149.8 10m:2159.3 | Shares: 477/1 (found:478) | Diff: 50000 | 9s elapsed (since last share, avg 25s) | best=101 target=85899 (999%)
[2026-09-07T03:51:48Z INFO  minertim::miner] Worker 1 SHARE FOUND! job_id=EliJvMlRLGsx03N5, nonce=71aa2a03, hash_val=32739, difficulty=50000, hash=491a4c9fba1c72136f0ae216838cb51c8136298adacfe006e3b8015fe37f0000
[2026-09-07T03:51:56Z INFO  minertim] H/s 1m:2048.5 5m:2133.9 10m:2151.5 | Shares: 477/1 (found:479) | Diff: 50000 | 8s elapsed (since last share, avg 24s) | best=101 target=85899 (999%)
[2026-09-07T03:51:59Z INFO  minertim::pool_connection] New job: rwSwDHE5X2E4JWFU (difficulty: 50000, target: 8b4f0100)
[2026-09-07T03:52:00Z INFO  minertim::pool_connection] Share accepted by pool
[2026-09-07T03:52:06Z INFO  minertim] H/s 1m:2122.4 5m:2135.3 10m:2152.2 | Shares: 478/1 (found:479) | Diff: 50000 | 18s elapsed (since last share, avg 23s) | best=101 target=85899 (999%)
[2026-09-07T03:52:10Z INFO  minertim::pool_connection] New job: 0G1hsJMZqeSqpbhU (difficulty: 75000, target: b2df0000)
[2026-09-07T03:52:12Z INFO  minertim::miner] Worker 2 SHARE FOUND! job_id=0G1hsJMZqeSqpbhU, nonce=02f92403, hash_val=53247, difficulty=75000, hash=110ed9d0e1a5b839d6ca96d20e294c3ba7db1c3c55676ecede67967fffcf0000
[2026-09-07T03:52:16Z INFO  minertim] H/s 1m:2085.1 5m:2138.0 10m:2149.0 | Shares: 478/1 (found:480) | Diff: 75000 | 4s elapsed (since last share, avg 35s) | best=101 target=57266 (999%)
[2026-09-07T03:52:19Z INFO  minertim::pool_connection] New job: 93ojbFGp8tkD43Fo (difficulty: 75000, target: b2df0000)
[2026-09-07T03:52:19Z INFO  minertim::pool_connection] Share accepted by pool
[2026-09-07T03:52:26Z INFO  minertim] H/s 1m:2097.3 5m:2142.7 10m:2148.2 | Shares: 479/1 (found:480) | Diff: 75000 | 14s elapsed (since last share, avg 35s) | best=101 target=57266 (999%)
[2026-09-07T03:52:36Z INFO  minertim] H/s 1m:2131.7 5m:2146.2 10m:2150.0 | Shares: 479/1 (found:480) | Diff: 75000 | 24s elapsed (since last share, avg 35s) | best=101 target=57266 (999%)
[2026-09-07T03:52:39Z INFO  minertim::pool_connection] New job: pdpInH7hsciVaxj9 (difficulty: 75000, target: b2df0000)
[2026-09-07T03:52:39Z INFO  minertim::pool_connection] New job: Di4H3vKD0skNmhcl (difficulty: 112501, target: 21950000)
[2026-09-07T03:52:41Z INFO  minertim::miner] Worker 1 SHARE FOUND! job_id=Di4H3vKD0skNmhcl, nonce=a5282c03, hash_val=28561, difficulty=112501, hash=eba3fd12180927226747baf52a79128c0321850e7384536dedc61c4c916f0000
[2026-09-07T03:52:46Z INFO  minertim] H/s 1m:2187.7 5m:2139.8 10m:2146.9 | Shares: 479/1 (found:481) | Diff: 112501 | 4s elapsed (since last share, avg 51s) | best=101 target=38177 (999%)
[2026-09-07T03:52:56Z INFO  minertim::miner] Worker 0 SHARE FOUND! job_id=Di4H3vKD0skNmhcl, nonce=ac512803, hash_val=27157, difficulty=112501, hash=fd60361e4bc59f78689752d522ce8dfc49cea4dc3e0b39d1925cf3a1156a0000
[2026-09-07T03:52:56Z INFO  minertim] H/s 1m:2090.7 5m:2124.3 10m:2148.0 | Shares: 479/1 (found:482) | Diff: 112501 | 0s elapsed (since last share, avg 53s) | best=101 target=38177 (999%)
[2026-09-07T03:52:59Z INFO  minertim::pool_connection] New job: RIMvS2DyCgDWVoyc (difficulty: 112501, target: 21950000)
[2026-09-07T03:52:59Z INFO  minertim::pool_connection] Share accepted by pool
[2026-09-07T03:52:59Z INFO  minertim::pool_connection] Share accepted by pool
[2026-09-07T03:53:05Z INFO  minertim::miner] Worker 3 SHARE FOUND! job_id=RIMvS2DyCgDWVoyc, nonce=b7782c03, hash_val=25328, difficulty=112501, hash=98aca8bc6cf32bc19ba954efc34560644b4e80f5b6b5ff8c37b12f17f0620000
[2026-09-07T03:53:06Z INFO  minertim] H/s 1m:2076.2 5m:2115.2 10m:2152.7 | Shares: 481/1 (found:483) | Diff: 112501 | 1s elapsed (since last share, avg 54s) | best=101 target=38177 (999%)
[2026-09-07T03:53:09Z INFO  minertim::pool_connection] New job: FR1WasfXsWGYi8Mo (difficulty: 168754, target: 6b630000)
[2026-09-07T03:53:10Z INFO  minertim::pool_connection] Share accepted by pool
[2026-09-07T03:53:16Z INFO  minertim] H/s 1m:2084.7 5m:2115.2 10m:2160.3 | Shares: 482/1 (found:483) | Diff: 168754 | 11s elapsed (since last share, avg 1m20s) | best=101 target=25451 (999%)
[2026-09-07T03:53:19Z INFO  minertim::pool_connection] New job: N0OKRBXYTeMZIEEo (difficulty: 168754, target: 6b630000)
[2026-09-07T03:53:26Z INFO  minertim] H/s 1m:2084.5 5m:2119.0 10m:2162.1 | Shares: 482/1 (found:483) | Diff: 168754 | 21s elapsed (since last share, avg 1m20s) | best=101 target=25451 (999%)
[2026-09-07T03:53:36Z INFO  minertim] H/s 1m:2141.8 5m:2122.6 10m:2163.9 | Shares: 482/1 (found:483) | Diff: 168754 | 31s elapsed (since last share, avg 1m18s) | best=101 target=25451 (999%)
[2026-09-07T03:53:39Z INFO  minertim::pool_connection] New job: Qf060o9v309GU0we (difficulty: 168754, target: 6b630000)
[2026-09-07T03:53:39Z INFO  minertim::pool_connection] New job: JaC3Y9dFxOWttbA3 (difficulty: 253136, target: 47420000)
[2026-09-07T03:53:46Z INFO  minertim] H/s 1m:2252.3 5m:2127.3 10m:2170.3 | Shares: 482/1 (found:483) | Diff: 253136 | 41s elapsed (since last share, avg 1m52s) | best=101 target=16967 (999%)
[2026-09-07T03:53:55Z INFO  minertim::pool_connection] Donation: mining to User (donate-level 5%)
[2026-09-07T03:53:55Z INFO  minertim::pool_connection] Connecting to pool: monerohash.com:2222
[2026-09-07T03:53:55Z INFO  minertim::pool_connection] Connected to pool (plain TCP): monerohash.com:2222
[2026-09-07T03:53:55Z INFO  minertim::pool_connection] Login successful, session id: c7R6eEfXazOnsf0a
[2026-09-07T03:53:55Z INFO  minertim::pool_connection] Initial job: Q4jknnjFU788YIXx (difficulty: 50000, target: 8b4f0100)
[2026-09-07T03:53:56Z INFO  minertim] H/s 1m:2325.7 5m:2136.2 10m:2179.6 | Shares: 482/1 (found:483) | Diff: 50000 | 51s elapsed (since last share, avg 21s) | best=101 target=85899 (999%)
[2026-09-07T03:53:59Z INFO  minertim::pool_connection] New job: dLKQjk1x5zfhFu9f (difficulty: 50000, target: 8b4f0100)
[2026-09-07T03:54:06Z INFO  minertim] H/s 1m:2315.4 5m:2134.6 10m:2178.6 | Shares: 482/1 (found:483) | Diff: 50000 | 1m1s elapsed (since last share, avg 21s) | best=101 target=85899 (999%)
[2026-09-07T03:54:16Z INFO  minertim] H/s 1m:2315.3 5m:2138.3 10m:2180.4 | Shares: 482/1 (found:483) | Diff: 50000 | 1m11s elapsed (since last share, avg 21s) | best=101 target=85899 (999%)
[2026-09-07T03:54:18Z INFO  minertim::pool_connection] New job: Va7V1BW7bQ9F1LZc (difficulty: 50000, target: 8b4f0100)
[2026-09-07T03:54:26Z INFO  minertim] H/s 1m:2315.2 5m:2141.8 10m:2182.1 | Shares: 482/1 (found:483) | Diff: 50000 | 1m21s elapsed (since last share, avg 21s) | best=101 target=85899 (999%)
[2026-09-07T03:54:32Z INFO  minertim::miner] Worker 1 SHARE FOUND! job_id=Va7V1BW7bQ9F1LZc, nonce=796f2f03, hash_val=82109, difficulty=50000, hash=46ce3c4c63eaab24cc6681b47c284b18b0cde7d290c973cb471954d7bd400100
[2026-09-07T03:54:36Z INFO  minertim] H/s 1m:2258.9 5m:2140.6 10m:2179.0 | Shares: 482/1 (found:484) | Diff: 50000 | 4s elapsed (since last share, avg 22s) | best=101 target=85899 (999%)
[2026-09-07T03:54:38Z INFO  minertim::pool_connection] New job: Gr68FxwLHvKddi6R (difficulty: 50000, target: 8b4f0100)
[2026-09-07T03:54:39Z INFO  minertim::pool_connection] Share accepted by pool
[2026-09-07T03:54:46Z INFO  minertim] H/s 1m:2232.6 5m:2139.7 10m:2178.5 | Shares: 483/1 (found:484) | Diff: 50000 | 14s elapsed (since last share, avg 22s) | best=101 target=85899 (999%)
[2026-09-07T03:54:56Z INFO  minertim] H/s 1m:2263.7 5m:2143.4 10m:2180.3 | Shares: 483/1 (found:484) | Diff: 50000 | 24s elapsed (since last share, avg 22s) | best=101 target=85899 (999%)
[2026-09-07T03:54:58Z INFO  minertim::pool_connection] New job: 9Yr0ARLij5ex7x82 (difficulty: 50000, target: 8b4f0100)
[2026-09-07T03:55:06Z INFO  minertim] H/s 1m:2263.6 5m:2156.6 10m:2182.2 | Shares: 483/1 (found:484) | Diff: 50000 | 34s elapsed (since last share, avg 22s) | best=101 target=85899 (999%)
[2026-09-07T03:55:13Z INFO  minertim::miner] Worker 3 SHARE FOUND! job_id=9Yr0ARLij5ex7x82, nonce=f7ea3003, hash_val=10344, difficulty=50000, hash=97467208d99d2fda4496a4b53242bbe4d065401dfc1aed4a9b77c97168280000
[2026-09-07T03:55:16Z INFO  minertim] H/s 1m:2205.5 5m:2154.9 10m:2179.1 | Shares: 483/1 (found:485) | Diff: 50000 | 3s elapsed (since last share, avg 22s) | best=101 target=85899 (999%)
[2026-09-07T03:55:18Z INFO  minertim::pool_connection] New job: 5TaWIpIdeiRzGhiH (difficulty: 50000, target: 8b4f0100)
[2026-09-07T03:55:18Z INFO  minertim::pool_connection] Share accepted by pool
[2026-09-07T03:55:26Z INFO  minertim] H/s 1m:2247.7 5m:2156.2 10m:2179.6 | Shares: 484/1 (found:485) | Diff: 50000 | 13s elapsed (since last share, avg 22s) | best=101 target=85899 (999%)
[2026-09-07T03:55:36Z INFO  minertim] H/s 1m:2274.6 5m:2168.2 10m:2181.3 | Shares: 484/1 (found:485) | Diff: 50000 | 23s elapsed (since last share, avg 21s) | best=101 target=85899 (999%)
[2026-09-07T03:55:38Z INFO  minertim::pool_connection] New job: 0wQmcGyD0aP6kL89 (difficulty: 50000, target: 8b4f0100)
[2026-09-07T03:55:46Z INFO  minertim] H/s 1m:2274.2 5m:2171.8 10m:2183.0 | Shares: 484/1 (found:485) | Diff: 50000 | 33s elapsed (since last share, avg 21s) | best=101 target=85899 (999%)
[2026-09-07T03:55:51Z INFO  minertim::miner] Worker 1 SHARE FOUND! job_id=0wQmcGyD0aP6kL89, nonce=ed083203, hash_val=52545, difficulty=50000, hash=d46229ca177b007476dc471c7b2ee2b7fa1b690ee071438c8f88111641cd0000
[2026-09-07T03:55:54Z INFO  minertim::miner] Worker 3 SHARE FOUND! job_id=0wQmcGyD0aP6kL89, nonce=d7343203, hash_val=10438, difficulty=50000, hash=f5a483910d7eddf33f69c6db1a52c990ad0e1683bade4bf2b7a6644dc6280000
[2026-09-07T03:55:56Z INFO  minertim] H/s 1m:2217.1 5m:2190.5 10m:2179.9 | Shares: 484/1 (found:487) | Diff: 50000 | 2s elapsed (since last share, avg 22s) | best=101 target=85899 (999%)
[2026-09-07T03:55:58Z INFO  minertim::pool_connection] New job: 75YqPKE0E1E9SVbR (difficulty: 50000, target: 8b4f0100)
[2026-09-07T03:55:58Z INFO  minertim::pool_connection] Share accepted by pool
[2026-09-07T03:55:58Z INFO  minertim::pool_connection] Share accepted by pool
[2026-09-07T03:56:06Z INFO  minertim] H/s 1m:2204.3 5m:2193.3 10m:2175.7 | Shares: 486/1 (found:487) | Diff: 50000 | 12s elapsed (since last share, avg 22s) | best=101 target=85899 (999%)
[2026-09-07T03:56:10Z INFO  minertim::pool_connection] New job: TLcXnQpSbYnMSCkb (difficulty: 73171, target: 49e50000)
[2026-09-07T03:56:10Z INFO  minertim::miner] Worker 1 SHARE FOUND! job_id=TLcXnQpSbYnMSCkb, nonce=e9753203, hash_val=24257, difficulty=73171, hash=e5dd958952ce7557dccd394353816edcb59e63aa02d4bdf61ac7b970c15e0000
[2026-09-07T03:56:16Z INFO  minertim] H/s 1m:2162.9 5m:2187.4 10m:2172.7 | Shares: 486/1 (found:488) | Diff: 73171 | 6s elapsed (since last share, avg 33s) | best=101 target=58697 (999%)
[2026-09-07T03:56:18Z INFO  minertim::pool_connection] New job: oOXAIZ6P7PWiXuRs (difficulty: 73171, target: 49e50000)
[2026-09-07T03:56:18Z INFO  minertim::pool_connection] Share accepted by pool
[2026-09-07T03:56:26Z INFO  minertim] H/s 1m:2128.5 5m:2188.7 10m:2171.6 | Shares: 487/1 (found:488) | Diff: 73171 | 16s elapsed (since last share, avg 34s) | best=101 target=58697 (999%)
[2026-09-07T03:56:36Z INFO  minertim] H/s 1m:2128.9 5m:2194.7 10m:2173.4 | Shares: 487/1 (found:488) | Diff: 73171 | 26s elapsed (since last share, avg 34s) | best=101 target=58697 (999%)
[2026-09-07T03:56:37Z INFO  minertim::pool_connection] New job: ge2Gbas30Yl30smc (difficulty: 73171, target: 49e50000)
[2026-09-07T03:56:40Z INFO  minertim::pool_connection] New job: 5TIyEYwwQlTVZNou (difficulty: 109758, target: db980000)
[2026-09-07T03:56:46Z INFO  minertim] H/s 1m:2186.1 5m:2214.2 10m:2175.2 | Shares: 487/1 (found:488) | Diff: 109758 | 36s elapsed (since last share, avg 50s) | best=101 target=39131 (999%)
[2026-09-07T03:56:52Z INFO  minertim::miner] Worker 1 SHARE FOUND! job_id=5TIyEYwwQlTVZNou, nonce=7db03303, hash_val=17465, difficulty=109758, hash=cfbee06959586cf52167cb67ef492b40c59c4318853869f4986c622139440000
[2026-09-07T03:56:56Z INFO  minertim] H/s 1m:2200.0 5m:2206.7 10m:2172.2 | Shares: 487/1 (found:489) | Diff: 109758 | 4s elapsed (since last share, avg 49s) | best=101 target=39131 (999%)
[2026-09-07T03:56:57Z INFO  minertim::pool_connection] New job: CA03MFFa4V1suK0R (difficulty: 109758, target: db980000)
[2026-09-07T03:56:58Z INFO  minertim::pool_connection] Share accepted by pool
[2026-09-07T03:57:06Z INFO  minertim] H/s 1m:2251.4 5m:2216.1 10m:2173.6 | Shares: 488/1 (found:489) | Diff: 109758 | 14s elapsed (since last share, avg 48s) | best=101 target=39131 (999%)
[2026-09-07T03:57:16Z INFO  minertim] H/s 1m:2284.6 5m:2221.0 10m:2179.9 | Shares: 488/1 (found:489) | Diff: 109758 | 24s elapsed (since last share, avg 48s) | best=101 target=39131 (999%)
[2026-09-07T03:57:17Z INFO  minertim::pool_connection] New job: wb1LTSmeHokNwNWu (difficulty: 109758, target: db980000)
[2026-09-07T03:57:23Z INFO  minertim::miner] Worker 1 SHARE FOUND! job_id=wb1LTSmeHokNwNWu, nonce=b99a3403, hash_val=5987, difficulty=109758, hash=993091ae17fdd01c817402a25787fb3905599d5b66a51ea4e54a338c63170000
[2026-09-07T03:57:26Z INFO  minertim] H/s 1m:2285.3 5m:2221.1 10m:2184.7 | Shares: 488/1 (found:490) | Diff: 109758 | 3s elapsed (since last share, avg 48s) | best=101 target=39131 (999%)
[2026-09-07T03:57:36Z INFO  minertim] H/s 1m:2174.3 5m:2211.9 10m:2177.1 | Shares: 488/1 (found:490) | Diff: 109758 | 13s elapsed (since last share, avg 50s) | best=101 target=39131 (999%)
[2026-09-07T03:57:37Z INFO  minertim::pool_connection] New job: NEgsuXjwvdH7oiQp (difficulty: 109758, target: db980000)
[2026-09-07T03:57:37Z INFO  minertim::pool_connection] Share accepted by pool
[2026-09-07T03:57:39Z INFO  minertim::miner] Worker 1 SHARE FOUND! job_id=NEgsuXjwvdH7oiQp, nonce=d1ab3403, hash_val=20861, difficulty=109758, hash=b2adb1ccbef4387666175f08ffbaccde2997ed17b5acc19c16e72faa7d510000
[2026-09-07T03:57:46Z INFO  minertim] H/s 1m:2127.3 5m:2213.0 10m:2169.9 | Shares: 489/1 (found:491) | Diff: 109758 | 7s elapsed (since last share, avg 51s) | best=101 target=39131 (999%)
[2026-09-07T03:57:56Z INFO  minertim] H/s 1m:2020.8 5m:2206.6 10m:2162.3 | Shares: 489/1 (found:491) | Diff: 109758 | 17s elapsed (since last share, avg 54s) | best=101 target=39131 (999%)
[2026-09-07T03:57:57Z INFO  minertim::pool_connection] New job: ZZB8LflPsX240ruz (difficulty: 109758, target: db980000)
[2026-09-07T03:57:57Z INFO  minertim::pool_connection] Share accepted by pool
[2026-09-07T03:58:06Z INFO  minertim] H/s 1m:1986.3 5m:2204.1 10m:2161.1 | Shares: 490/1 (found:491) | Diff: 109758 | 27s elapsed (since last share, avg 55s) | best=101 target=39131 (999%)
[2026-09-07T03:58:16Z INFO  minertim] H/s 1m:1985.9 5m:2204.1 10m:2162.8 | Shares: 490/1 (found:491) | Diff: 109758 | 37s elapsed (since last share, avg 55s) | best=101 target=39131 (999%)
[2026-09-07T03:58:17Z INFO  minertim::pool_connection] New job: Te4qAdBtCVrkdDND (difficulty: 109758, target: db980000)
[2026-09-07T03:58:26Z INFO  minertim] H/s 1m:2096.8 5m:2204.1 10m:2164.7 | Shares: 490/1 (found:491) | Diff: 109758 | 47s elapsed (since last share, avg 52s) | best=101 target=39131 (999%)
[2026-09-07T03:58:36Z INFO  minertim] H/s 1m:2201.1 5m:2204.2 10m:2166.5 | Shares: 490/1 (found:491) | Diff: 109758 | 57s elapsed (since last share, avg 49s) | best=101 target=39131 (999%)
[2026-09-07T03:58:37Z INFO  minertim::pool_connection] New job: 3UjUM7VRLa914gBI (difficulty: 109758, target: db980000)
[2026-09-07T03:58:46Z INFO  minertim::miner] Worker 0 SHARE FOUND! job_id=3UjUM7VRLa914gBI, nonce=94ab3403, hash_val=24708, difficulty=109758, hash=b3cb46446df7576db223e91e9986613bee89926f302da76f42820d6184600000
[2026-09-07T03:58:46Z INFO  minertim] H/s 1m:2311.9 5m:2204.2 10m:2168.8 | Shares: 490/1 (found:492) | Diff: 109758 | 0s elapsed (since last share, avg 47s) | best=101 target=39131 (999%)
[2026-09-07T03:58:52Z INFO  minertim::pool_connection] New job: 1NC4188s70HsduiC (difficulty: 109758, target: db980000)
[2026-09-07T03:58:52Z INFO  minertim::pool_connection] Share accepted by pool
[2026-09-07T03:58:56Z INFO  minertim] H/s 1m:2244.6 5m:2191.9 10m:2164.5 | Shares: 491/1 (found:492) | Diff: 109758 | 10s elapsed (since last share, avg 48s) | best=101 target=39131 (999%)
[2026-09-07T03:59:06Z INFO  minertim] H/s 1m:2243.9 5m:2191.8 10m:2166.3 | Shares: 491/1 (found:492) | Diff: 109758 | 20s elapsed (since last share, avg 48s) | best=101 target=39131 (999%)
[2026-09-07T03:59:12Z INFO  minertim::pool_connection] New job: bQZNRqjbLlOGS6kc (difficulty: 109758, target: db980000)
[2026-09-07T03:59:17Z INFO  minertim] H/s 1m:2244.6 5m:2191.9 10m:2168.2 | Shares: 491/1 (found:492) | Diff: 109758 | 30s elapsed (since last share, avg 48s) | best=101 target=39131 (999%)
[2026-09-07T03:59:27Z INFO  minertim] H/s 1m:2243.9 5m:2201.6 10m:2169.9 | Shares: 491/1 (found:492) | Diff: 109758 | 40s elapsed (since last share, avg 48s) | best=101 target=39131 (999%)
[2026-09-07T03:59:32Z INFO  minertim::pool_connection] New job: UYyR4PklXHhfEPj4 (difficulty: 109758, target: db980000)
[2026-09-07T03:59:37Z INFO  minertim] H/s 1m:2244.2 5m:2206.2 10m:2174.1 | Shares: 491/1 (found:492) | Diff: 109758 | 50s elapsed (since last share, avg 48s) | best=101 target=39131 (999%)
[2026-09-07T03:59:47Z INFO  minertim] H/s 1m:2346.9 5m:2206.2 10m:2175.9 | Shares: 491/1 (found:492) | Diff: 109758 | 1m0s elapsed (since last share, avg 46s) | best=101 target=39131 (999%)
[2026-09-07T03:59:52Z INFO  minertim::pool_connection] New job: HkjJ1LUzrHtULWXW (difficulty: 109758, target: db980000)
[2026-09-07T03:59:57Z INFO  minertim] H/s 1m:2346.6 5m:2206.1 10m:2177.6 | Shares: 491/1 (found:492) | Diff: 109758 | 1m10s elapsed (since last share, avg 46s) | best=101 target=39131 (999%)
[2026-09-07T04:00:06Z INFO  minertim::miner] Worker 1 SHARE FOUND! job_id=HkjJ1LUzrHtULWXW, nonce=6d443903, hash_val=21681, difficulty=109758, hash=48bb62127dafa83fc24f4f8d1ea633d7fc592ccf088c657194cca6f2b1540000
[2026-09-07T04:00:07Z INFO  minertim] H/s 1m:2344.8 5m:2216.0 10m:2184.0 | Shares: 491/1 (found:493) | Diff: 109758 | 0s elapsed (since last share, avg 46s) | best=101 target=39131 (999%)
[2026-09-07T04:00:12Z INFO  minertim::pool_connection] New job: zmAhS37MD75rF0Cy (difficulty: 109758, target: db980000)
[2026-09-07T04:00:12Z INFO  minertim::pool_connection] Share accepted by pool
[2026-09-07T04:00:17Z INFO  minertim] H/s 1m:2332.6 5m:2216.3 10m:2187.1 | Shares: 492/1 (found:493) | Diff: 109758 | 10s elapsed (since last share, avg 47s) | best=101 target=39131 (999%)
[2026-09-07T04:00:27Z INFO  minertim] H/s 1m:2329.9 5m:2215.7 10m:2188.7 | Shares: 492/1 (found:493) | Diff: 109758 | 20s elapsed (since last share, avg 47s) | best=101 target=39131 (999%)
[2026-09-07T04:00:28Z INFO  minertim::pool_connection] New job: KrNRr5L0mBAbDqEo (difficulty: 109758, target: db980000)
[2026-09-07T04:00:37Z INFO  minertim] H/s 1m:2321.4 5m:2214.3 10m:2193.9 | Shares: 492/1 (found:493) | Diff: 109758 | 30s elapsed (since last share, avg 47s) | best=101 target=39131 (999%)
[2026-09-07T04:00:47Z INFO  minertim] H/s 1m:2309.8 5m:2222.1 10m:2194.6 | Shares: 492/1 (found:493) | Diff: 109758 | 40s elapsed (since last share, avg 47s) | best=101 target=39131 (999%)
[2026-09-07T04:00:48Z INFO  minertim::pool_connection] New job: pudOC0siOTpSluRy (difficulty: 109758, target: db980000)
[2026-09-07T04:00:57Z INFO  minertim] H/s 1m:2297.3 5m:2232.0 10m:2207.5 | Shares: 492/1 (found:493) | Diff: 109758 | 50s elapsed (since last share, avg 47s) | best=101 target=39131 (999%)
[2026-09-07T04:01:00Z INFO  minertim::miner] Worker 1 SHARE FOUND! job_id=pudOC0siOTpSluRy, nonce=45f63a03, hash_val=33815, difficulty=109758, hash=60caeaa2856322b728e8d7a3cd9b87bd2a0dcdf73cdde7420112988517840000
[2026-09-07T04:01:07Z INFO  minertim] H/s 1m:2187.2 5m:2220.5 10m:2204.5 | Shares: 492/1 (found:494) | Diff: 109758 | 6s elapsed (since last share, avg 50s) | best=101 target=39131 (999%)
[2026-09-07T04:01:08Z INFO  minertim::pool_connection] New job: 0HZJrWxCVKv56hkI (difficulty: 109758, target: db980000)
[2026-09-07T04:01:09Z INFO  minertim::pool_connection] Share accepted by pool
[2026-09-07T04:01:17Z INFO  minertim] H/s 1m:2165.9 5m:2222.2 10m:2204.3 | Shares: 493/1 (found:494) | Diff: 109758 | 16s elapsed (since last share, avg 50s) | best=101 target=39131 (999%)
[2026-09-07T04:01:27Z INFO  minertim] H/s 1m:2156.4 5m:2219.1 10m:2206.3 | Shares: 493/1 (found:494) | Diff: 109758 | 26s elapsed (since last share, avg 50s) | best=101 target=39131 (999%)
[2026-09-07T04:01:28Z INFO  minertim::pool_connection] New job: T5XJQS0qomXoWS0W (difficulty: 109758, target: db980000)
[2026-09-07T04:01:37Z INFO  minertim] H/s 1m:2149.4 5m:2215.8 10m:2207.6 | Shares: 493/1 (found:494) | Diff: 109758 | 36s elapsed (since last share, avg 51s) | best=101 target=39131 (999%)
[2026-09-07T04:01:43Z INFO  minertim::miner] Worker 1 SHARE FOUND! job_id=T5XJQS0qomXoWS0W, nonce=c9313c03, hash_val=14982, difficulty=109758, hash=fb248fe6b7cf9bbe1eb02827e4d7285196d2f4662c255ceb4251fcd7863a0000
[2026-09-07T04:01:47Z INFO  minertim] H/s 1m:2164.5 5m:2225.9 10m:2217.3 | Shares: 493/1 (found:495) | Diff: 109758 | 3s elapsed (since last share, avg 50s) | best=101 target=39131 (999%)
[2026-09-07T04:01:47Z INFO  minertim::pool_connection] New job: sEXrbqBj0xOQXKcN (difficulty: 109758, target: db980000)
[2026-09-07T04:01:48Z INFO  minertim::pool_connection] Share accepted by pool
[2026-09-07T04:01:57Z INFO  minertim] H/s 1m:2241.0 5m:2218.7 10m:2214.6 | Shares: 494/1 (found:495) | Diff: 109758 | 13s elapsed (since last share, avg 48s) | best=101 target=39131 (999%)
[2026-09-07T04:02:07Z INFO  minertim] H/s 1m:2268.3 5m:2219.3 10m:2219.9 | Shares: 494/1 (found:495) | Diff: 109758 | 23s elapsed (since last share, avg 48s) | best=101 target=39131 (999%)
[2026-09-07T04:02:07Z INFO  minertim::pool_connection] New job: j15Wg85WIONLOBcv (difficulty: 109758, target: db980000)
[2026-09-07T04:02:17Z INFO  minertim] H/s 1m:2290.1 5m:2219.9 10m:2222.7 | Shares: 494/1 (found:495) | Diff: 109758 | 33s elapsed (since last share, avg 47s) | best=101 target=39131 (999%)
[2026-09-07T04:02:26Z INFO  minertim::pool_connection] New job: 0qALvp00tkA3NJv5 (difficulty: 109758, target: db980000)
[2026-09-07T04:02:27Z INFO  minertim] H/s 1m:2311.9 5m:2239.5 10m:2222.9 | Shares: 494/1 (found:495) | Diff: 109758 | 43s elapsed (since last share, avg 47s) | best=101 target=39131 (999%)
[2026-09-07T04:02:37Z INFO  minertim] H/s 1m:2312.0 5m:2257.7 10m:2227.9 | Shares: 494/1 (found:495) | Diff: 109758 | 53s elapsed (since last share, avg 47s) | best=101 target=39131 (999%)
[2026-09-07T04:02:43Z INFO  minertim::miner] Worker 1 SHARE FOUND! job_id=0qALvp00tkA3NJv5, nonce=d9303e03, hash_val=30439, difficulty=109758, hash=293add086e0973ea0c314705ad1901fd8738fde8125ed55ea6b5f208e7760000
[2026-09-07T04:02:46Z INFO  minertim::pool_connection] New job: guffXVtBUgRISnHm (difficulty: 109758, target: db980000)
[2026-09-07T04:02:46Z INFO  minertim::pool_connection] Share accepted by pool
[2026-09-07T04:02:47Z INFO  minertim] H/s 1m:2361.1 5m:2277.3 10m:2237.5 | Shares: 495/1 (found:496) | Diff: 109758 | 3s elapsed (since last share, avg 46s) | best=101 target=39131 (999%)
[2026-09-07T04:02:57Z INFO  minertim] H/s 1m:2327.7 5m:2278.2 10m:2241.2 | Shares: 495/1 (found:496) | Diff: 109758 | 13s elapsed (since last share, avg 47s) | best=101 target=39131 (999%)
[2026-09-07T04:03:06Z INFO  minertim::pool_connection] New job: hUmyZL2dc4tiLLyn (difficulty: 109758, target: db980000)
[2026-09-07T04:03:07Z INFO  minertim] H/s 1m:2327.0 5m:2278.7 10m:2243.2 | Shares: 495/1 (found:496) | Diff: 109758 | 23s elapsed (since last share, avg 47s) | best=101 target=39131 (999%)
[2026-09-07T04:03:17Z INFO  minertim] H/s 1m:2328.0 5m:2279.4 10m:2243.5 | Shares: 495/1 (found:496) | Diff: 109758 | 33s elapsed (since last share, avg 47s) | best=101 target=39131 (999%)
[2026-09-07T04:03:17Z INFO  minertim::miner] Worker 1 SHARE FOUND! job_id=hUmyZL2dc4tiLLyn, nonce=354e3f03, hash_val=27583, difficulty=109758, hash=440da74f05d599388a92108c411e0622042cbb413db31243729f29b1bf6b0000
[2026-09-07T04:03:20Z INFO  minertim::miner] Worker 0 SHARE FOUND! job_id=hUmyZL2dc4tiLLyn, nonce=982a3e03, hash_val=5240, difficulty=109758, hash=0d163dfa135892b9c9182656ac1f587646744730441f22feb483a33e78140000
[2026-09-07T04:03:26Z INFO  minertim::pool_connection] New job: Yase5Gu8u1fPtuNm (difficulty: 109758, target: db980000)
[2026-09-07T04:03:26Z INFO  minertim::pool_connection] Share accepted by pool
[2026-09-07T04:03:26Z INFO  minertim::pool_connection] Share accepted by pool
[2026-09-07T04:03:27Z INFO  minertim] H/s 1m:2243.4 5m:2265.0 10m:2236.5 | Shares: 497/1 (found:498) | Diff: 109758 | 6s elapsed (since last share, avg 48s) | best=101 target=39131 (999%)
[2026-09-07T04:03:37Z INFO  minertim] H/s 1m:2243.8 5m:2265.6 10m:2236.8 | Shares: 497/1 (found:498) | Diff: 109758 | 16s elapsed (since last share, avg 48s) | best=101 target=39131 (999%)
[2026-09-07T04:03:45Z INFO  minertim::pool_connection] New job: W0pfIvBYFh4DOOGS (difficulty: 109758, target: db980000)
[2026-09-07T04:03:47Z INFO  minertim] H/s 1m:2277.2 5m:2283.8 10m:2237.1 | Shares: 497/1 (found:498) | Diff: 109758 | 26s elapsed (since last share, avg 48s) | best=101 target=39131 (999%)
[2026-09-07T04:03:56Z INFO  minertim::miner] Worker 3 SHARE FOUND! job_id=W0pfIvBYFh4DOOGS, nonce=4f734303, hash_val=12702, difficulty=109758, hash=85979c9f1ecbd38119721ef9317cc2d6a80d216bab05efce5c7d2b199e310000
[2026-09-07T04:03:57Z INFO  minertim] H/s 1m:2277.0 5m:2284.4 10m:2240.0 | Shares: 497/1 (found:499) | Diff: 109758 | 1s elapsed (since last share, avg 48s) | best=101 target=39131 (999%)
[2026-09-07T04:04:05Z INFO  minertim::pool_connection] New job: 9Ucj71gtJrZakkka (difficulty: 109758, target: db980000)
[2026-09-07T04:04:06Z INFO  minertim::pool_connection] Share accepted by pool
[2026-09-07T04:04:07Z INFO  minertim] H/s 1m:2195.2 5m:2270.9 10m:2233.3 | Shares: 498/1 (found:499) | Diff: 109758 | 11s elapsed (since last share, avg 49s) | best=101 target=39131 (999%)
[2026-09-07T04:04:17Z INFO  minertim] H/s 1m:2281.3 5m:2271.4 10m:2233.6 | Shares: 498/1 (found:499) | Diff: 109758 | 21s elapsed (since last share, avg 48s) | best=101 target=39131 (999%)
[2026-09-07T04:04:25Z INFO  minertim::pool_connection] New job: slnWGoSUbexgA9vR (difficulty: 109758, target: db980000)
[2026-09-07T04:04:27Z INFO  minertim] H/s 1m:2282.7 5m:2272.2 10m:2238.8 | Shares: 498/1 (found:499) | Diff: 109758 | 31s elapsed (since last share, avg 48s) | best=101 target=39131 (999%)
[2026-09-07T04:04:37Z INFO  minertim] H/s 1m:2282.2 5m:2272.7 10m:2241.3 | Shares: 498/1 (found:499) | Diff: 109758 | 41s elapsed (since last share, avg 48s) | best=101 target=39131 (999%)
[2026-09-07T04:04:45Z INFO  minertim::pool_connection] New job: vUBuR2UTHWBxIVxR (difficulty: 109758, target: db980000)
[2026-09-07T04:04:47Z INFO  minertim] H/s 1m:2282.8 5m:2273.5 10m:2241.6 | Shares: 498/1 (found:499) | Diff: 109758 | 51s elapsed (since last share, avg 48s) | best=101 target=39131 (999%)
[2026-09-07T04:04:57Z INFO  minertim] H/s 1m:2363.4 5m:2274.1 10m:2241.8 | Shares: 498/1 (found:499) | Diff: 109758 | 1m1s elapsed (since last share, avg 46s) | best=101 target=39131 (999%)
[2026-09-07T04:05:05Z INFO  minertim::pool_connection] New job: 0kvDhUgeXwlFz6se (difficulty: 109758, target: db980000)
[2026-09-07T04:05:07Z INFO  minertim] H/s 1m:2363.9 5m:2276.8 10m:2247.0 | Shares: 498/1 (found:499) | Diff: 109758 | 1m11s elapsed (since last share, avg 46s) | best=101 target=39131 (999%)
[2026-09-07T04:05:17Z INFO  minertim] H/s 1m:2361.8 5m:2277.7 10m:2248.5 | Shares: 498/1 (found:499) | Diff: 109758 | 1m21s elapsed (since last share, avg 46s) | best=101 target=39131 (999%)
[2026-09-07T04:05:18Z INFO  minertim::miner] Worker 3 SHARE FOUND! job_id=0kvDhUgeXwlFz6se, nonce=3b174603, hash_val=4044, difficulty=109758, hash=43de6132b83305fa36e1fd925ac64f9c81c2b36e388f243a8f66a43dcc0f0000
[2026-09-07T04:05:25Z INFO  minertim::pool_connection] New job: X3Rk401cfRuY9Guq (difficulty: 109758, target: db980000)
[2026-09-07T04:05:25Z INFO  minertim::pool_connection] Share accepted by pool
[2026-09-07T04:05:27Z INFO  minertim] H/s 1m:2283.2 5m:2266.1 10m:2242.0 | Shares: 499/1 (found:500) | Diff: 109758 | 8s elapsed (since last share, avg 48s) | best=101 target=39131 (999%)
[2026-09-07T04:05:27Z INFO  minertim::miner] Worker 1 SHARE FOUND! job_id=X3Rk401cfRuY9Guq, nonce=5dae4303, hash_val=16864, difficulty=109758, hash=e5483a7ab727b8bfb4383b9154155dc5b9cbffd3a34599d5b36bf570e0410000
[2026-09-07T04:05:37Z INFO  minertim] H/s 1m:2168.0 5m:2249.0 10m:2232.6 | Shares: 499/1 (found:501) | Diff: 109758 | 9s elapsed (since last share, avg 50s) | best=101 target=39131 (999%)
[2026-09-07T04:05:45Z INFO  minertim::pool_connection] New job: x3us7wBTIT0dOaTO (difficulty: 109758, target: db980000)
[2026-09-07T04:05:45Z INFO  minertim::pool_connection] Share accepted by pool
[2026-09-07T04:05:47Z INFO  minertim] H/s 1m:2070.9 5m:2235.1 10m:2229.4 | Shares: 500/1 (found:501) | Diff: 109758 | 19s elapsed (since last share, avg 52s) | best=101 target=39131 (999%)
[2026-09-07T04:05:57Z INFO  minertim] H/s 1m:2072.1 5m:2257.0 10m:2235.8 | Shares: 500/1 (found:501) | Diff: 109758 | 29s elapsed (since last share, avg 52s) | best=101 target=39131 (999%)
[2026-09-07T04:06:04Z INFO  minertim::pool_connection] New job: Bb7yna0eTxg3gHd8 (difficulty: 109758, target: db980000)
[2026-09-07T04:06:07Z INFO  minertim] H/s 1m:2073.0 5m:2261.7 10m:2240.8 | Shares: 500/1 (found:501) | Diff: 109758 | 39s elapsed (since last share, avg 52s) | best=101 target=39131 (999%)
[2026-09-07T04:06:17Z INFO  minertim] H/s 1m:2153.1 5m:2265.5 10m:2244.1 | Shares: 500/1 (found:501) | Diff: 109758 | 49s elapsed (since last share, avg 50s) | best=101 target=39131 (999%)
[2026-09-07T04:06:24Z INFO  minertim::pool_connection] New job: WdTfI0raGH1BttaF (difficulty: 109758, target: db980000)
[2026-09-07T04:06:27Z INFO  minertim] H/s 1m:2267.8 5m:2269.4 10m:2244.4 | Shares: 500/1 (found:501) | Diff: 109758 | 59s elapsed (since last share, avg 48s) | best=101 target=39131 (999%)
[2026-09-07T04:06:37Z INFO  minertim] H/s 1m:2366.9 5m:2270.0 10m:2244.7 | Shares: 500/1 (found:501) | Diff: 109758 | 1m9s elapsed (since last share, avg 46s) | best=101 target=39131 (999%)
[2026-09-07T04:06:44Z INFO  minertim::pool_connection] New job: wr3U094wuOCwFk0h (difficulty: 109758, target: db980000)
[2026-09-07T04:06:47Z INFO  minertim] H/s 1m:2365.6 5m:2278.5 10m:2249.9 | Shares: 500/1 (found:501) | Diff: 109758 | 1m19s elapsed (since last share, avg 46s) | best=101 target=39131 (999%)
[2026-09-07T04:06:57Z INFO  minertim] H/s 1m:2364.7 5m:2278.3 10m:2250.4 | Shares: 500/1 (found:501) | Diff: 109758 | 1m29s elapsed (since last share, avg 46s) | best=101 target=39131 (999%)
[2026-09-07T04:07:04Z INFO  minertim::pool_connection] New job: znG7FLbSmJxqXZ8P (difficulty: 109758, target: db980000)
[2026-09-07T04:07:07Z INFO  minertim] H/s 1m:2364.1 5m:2278.3 10m:2250.8 | Shares: 500/1 (found:501) | Diff: 109758 | 1m39s elapsed (since last share, avg 46s) | best=101 target=39131 (999%)
[2026-09-07T04:07:13Z INFO  minertim::miner] Worker 1 SHARE FOUND! job_id=znG7FLbSmJxqXZ8P, nonce=f5dd4603, hash_val=38515, difficulty=109758, hash=b5f14ba662a9944d51ea18bf7f6a9fe2c927c950f200b08c41805d8673960000
[2026-09-07T04:07:17Z INFO  minertim] H/s 1m:2306.1 5m:2268.4 10m:2246.1 | Shares: 500/1 (found:502) | Diff: 109758 | 3s elapsed (since last share, avg 47s) | best=101 target=39131 (999%)
[2026-09-07T04:07:24Z INFO  minertim::pool_connection] New job: OuRHcpwDifDycGDl (difficulty: 109758, target: db980000)
[2026-09-07T04:07:24Z INFO  minertim::pool_connection] Share accepted by pool
[2026-09-07T04:07:27Z INFO  minertim] H/s 1m:2229.5 5m:2255.7 10m:2249.4 | Shares: 501/1 (found:502) | Diff: 109758 | 13s elapsed (since last share, avg 49s) | best=101 target=39131 (999%)
[2026-09-07T04:07:34Z INFO  minertim::pool_connection] New job: tpzkfbPUWqVIzpTr (difficulty: 109758, target: db980000)
[2026-09-07T04:07:37Z INFO  minertim] H/s 1m:2228.4 5m:2255.6 10m:2258.4 | Shares: 501/1 (found:502) | Diff: 109758 | 23s elapsed (since last share, avg 49s) | best=101 target=39131 (999%)
[2026-09-07T04:07:39Z INFO  minertim::pool_connection] New job: 6kd970bN2tGbl1K7 (difficulty: 109758, target: db980000)
[2026-09-07T04:07:47Z INFO  minertim] H/s 1m:2229.0 5m:2261.3 10m:2268.1 | Shares: 501/1 (found:502) | Diff: 109758 | 33s elapsed (since last share, avg 49s) | best=101 target=39131 (999%)
[2026-09-07T04:07:57Z INFO  minertim] H/s 1m:2229.3 5m:2261.4 10m:2271.4 | Shares: 501/1 (found:502) | Diff: 109758 | 43s elapsed (since last share, avg 49s) | best=101 target=39131 (999%)
[2026-09-07T04:07:59Z INFO  minertim::pool_connection] New job: jZ6ShkofkOmvE5Pj (difficulty: 109758, target: db980000)
[2026-09-07T04:08:06Z INFO  minertim::pool_connection] New job: yDS8eDYPqzHdSzHL (difficulty: 109758, target: db980000)
[2026-09-07T04:08:07Z INFO  minertim] H/s 1m:2286.7 5m:2261.3 10m:2271.6 | Shares: 501/1 (found:502) | Diff: 109758 | 53s elapsed (since last share, avg 47s) | best=101 target=39131 (999%)
[2026-09-07T04:08:17Z INFO  minertim] H/s 1m:2361.4 5m:2276.1 10m:2271.9 | Shares: 501/1 (found:502) | Diff: 109758 | 1m3s elapsed (since last share, avg 46s) | best=101 target=39131 (999%)
[2026-09-07T04:08:25Z INFO  minertim::pool_connection] New job: wMBrDit4gXxle1C1 (difficulty: 109758, target: db980000)
[2026-09-07T04:08:27Z INFO  minertim] H/s 1m:2362.5 5m:2276.1 10m:2272.1 | Shares: 501/1 (found:502) | Diff: 109758 | 1m13s elapsed (since last share, avg 46s) | best=101 target=39131 (999%)
[2026-09-07T04:08:37Z INFO  minertim::miner] Worker 1 SHARE FOUND! job_id=wMBrDit4gXxle1C1, nonce=197e4903, hash_val=24232, difficulty=109758, hash=9dc2391645710b8edf3ddc1882cabb2c38c1d70ca134abc45fd5035da85e0000
[2026-09-07T04:08:37Z INFO  minertim] H/s 1m:2363.4 5m:2276.2 10m:2272.5 | Shares: 501/1 (found:503) | Diff: 109758 | 0s elapsed (since last share, avg 46s) | best=101 target=39131 (999%)
[2026-09-07T04:08:45Z INFO  minertim::pool_connection] New job: EmsSF0nP0tOrZkw3 (difficulty: 109758, target: db980000)
[2026-09-07T04:08:46Z INFO  minertim::pool_connection] Share accepted by pool
[2026-09-07T04:08:47Z INFO  minertim] H/s 1m:2281.9 5m:2262.3 10m:2274.6 | Shares: 502/1 (found:503) | Diff: 109758 | 10s elapsed (since last share, avg 48s) | best=101 target=39131 (999%)
[2026-09-07T04:08:57Z INFO  minertim] H/s 1m:2282.6 5m:2276.4 10m:2274.9 | Shares: 502/1 (found:503) | Diff: 109758 | 20s elapsed (since last share, avg 48s) | best=101 target=39131 (999%)
[2026-09-07T04:09:05Z INFO  minertim::pool_connection] New job: kDenYLJ041q4919k (difficulty: 109758, target: db980000)
[2026-09-07T04:09:07Z INFO  minertim] H/s 1m:2283.1 5m:2276.4 10m:2275.1 | Shares: 502/1 (found:503) | Diff: 109758 | 30s elapsed (since last share, avg 48s) | best=101 target=39131 (999%)
[2026-09-07T04:09:17Z INFO  minertim] H/s 1m:2283.2 5m:2276.1 10m:2275.4 | Shares: 502/1 (found:503) | Diff: 109758 | 40s elapsed (since last share, avg 48s) | best=101 target=39131 (999%)
[2026-09-07T04:09:25Z INFO  minertim::pool_connection] New job: VB8PkfRAXZivc6OM (difficulty: 109758, target: db980000)
[2026-09-07T04:09:27Z INFO  minertim] H/s 1m:2282.1 5m:2276.1 10m:2275.7 | Shares: 502/1 (found:503) | Diff: 109758 | 50s elapsed (since last share, avg 48s) | best=101 target=39131 (999%)
[2026-09-07T04:09:37Z INFO  minertim] H/s 1m:2364.1 5m:2276.3 10m:2276.0 | Shares: 502/1 (found:503) | Diff: 109758 | 1m0s elapsed (since last share, avg 46s) | best=101 target=39131 (999%)
[2026-09-07T04:09:39Z INFO  minertim::miner] Worker 1 SHARE FOUND! job_id=VB8PkfRAXZivc6OM, nonce=a1704b03, hash_val=24995, difficulty=109758, hash=13f377c13a01e179a9af37280a1f8eeaedd43fccc830a49374ba0e0aa3610000
[2026-09-07T04:09:45Z INFO  minertim::pool_connection] New job: 4dcQLwDOYp1PBO5T (difficulty: 109758, target: db980000)
[2026-09-07T04:09:45Z INFO  minertim::pool_connection] Share accepted by pool
[2026-09-07T04:09:47Z INFO  minertim] H/s 1m:2294.9 5m:2264.5 10m:2270.5 | Shares: 503/1 (found:504) | Diff: 109758 | 7s elapsed (since last share, avg 47s) | best=101 target=39131 (999%)
[2026-09-07T04:09:57Z INFO  minertim] H/s 1m:2294.5 5m:2264.4 10m:2270.9 | Shares: 503/1 (found:504) | Diff: 109758 | 17s elapsed (since last share, avg 47s) | best=101 target=39131 (999%)
[2026-09-07T04:10:05Z INFO  minertim::pool_connection] New job: MrkiYKpJLjMXPHS6 (difficulty: 109758, target: db980000)
[2026-09-07T04:10:07Z INFO  minertim] H/s 1m:2295.7 5m:2264.8 10m:2272.3 | Shares: 503/1 (found:504) | Diff: 109758 | 27s elapsed (since last share, avg 47s) | best=101 target=39131 (999%)
[2026-09-07T04:10:17Z INFO  minertim] H/s 1m:2296.5 5m:2278.4 10m:2272.8 | Shares: 503/1 (found:504) | Diff: 109758 | 37s elapsed (since last share, avg 47s) | best=101 target=39131 (999%)
[2026-09-07T04:10:25Z INFO  minertim::pool_connection] New job: 0WaXPzwjTpl7E4N0 (difficulty: 109758, target: db980000)
[2026-09-07T04:10:27Z INFO  minertim] H/s 1m:2295.3 5m:2298.2 10m:2273.8 | Shares: 503/1 (found:504) | Diff: 109758 | 47s elapsed (since last share, avg 47s) | best=101 target=39131 (999%)
[2026-09-07T04:10:37Z INFO  minertim] H/s 1m:2363.8 5m:2315.0 10m:2275.1 | Shares: 503/1 (found:504) | Diff: 109758 | 57s elapsed (since last share, avg 46s) | best=101 target=39131 (999%)
[2026-09-07T04:10:39Z INFO  minertim::pool_connection] New job: rXLaKRX9v0y0i0HM (difficulty: 109758, target: db980000)
[2026-09-07T04:10:47Z INFO  minertim] H/s 1m:2364.6 5m:2314.9 10m:2276.6 | Shares: 503/1 (found:504) | Diff: 109758 | 1m7s elapsed (since last share, avg 46s) | best=101 target=39131 (999%)
[2026-09-07T04:10:57Z INFO  minertim] H/s 1m:2365.0 5m:2315.1 10m:2287.4 | Shares: 503/1 (found:504) | Diff: 109758 | 1m17s elapsed (since last share, avg 46s) | best=101 target=39131 (999%)
[2026-09-07T04:10:58Z INFO  minertim::pool_connection] New job: zUf6kPmBfRYM3iSb (difficulty: 109758, target: db980000)
[2026-09-07T04:11:07Z INFO  minertim] H/s 1m:2364.5 5m:2314.9 10m:2289.7 | Shares: 503/1 (found:504) | Diff: 109758 | 1m27s elapsed (since last share, avg 46s) | best=101 target=39131 (999%)
[2026-09-07T04:11:17Z INFO  minertim] H/s 1m:2364.2 5m:2314.8 10m:2291.4 | Shares: 503/1 (found:504) | Diff: 109758 | 1m37s elapsed (since last share, avg 46s) | best=101 target=39131 (999%)
[2026-09-07T04:11:18Z INFO  minertim::pool_connection] New job: PKDo9lQgC2rPF0Ys (difficulty: 109758, target: db980000)
[2026-09-07T04:11:20Z INFO  minertim::pool_connection] New job: CfTrmb60FoZOPEHK (difficulty: 109758, target: db980000)
[2026-09-07T04:11:27Z INFO  minertim] H/s 1m:2365.2 5m:2314.7 10m:2293.4 | Shares: 503/1 (found:504) | Diff: 109758 | 1m47s elapsed (since last share, avg 46s) | best=101 target=39131 (999%)
[2026-09-07T04:11:37Z INFO  minertim] H/s 1m:2343.8 5m:2311.1 10m:2291.8 | Shares: 503/1 (found:504) | Diff: 109758 | 1m57s elapsed (since last share, avg 46s) | best=101 target=39131 (999%)
[2026-09-07T04:11:40Z INFO  minertim::pool_connection] New job: RSlXX72NGOGaUUAT (difficulty: 109758, target: db980000)
[2026-09-07T04:11:47Z INFO  minertim] H/s 1m:2316.9 5m:2306.9 10m:2293.8 | Shares: 503/1 (found:504) | Diff: 109758 | 2m7s elapsed (since last share, avg 47s) | best=101 target=39131 (999%)
[2026-09-07T04:11:57Z INFO  minertim] H/s 1m:2292.2 5m:2302.5 10m:2291.7 | Shares: 503/1 (found:504) | Diff: 109758 | 2m17s elapsed (since last share, avg 47s) | best=101 target=39131 (999%)
[2026-09-07T04:12:00Z INFO  minertim::pool_connection] New job: z0P5QvLsUpiVbdvX (difficulty: 109758, target: db980000)
[2026-09-07T04:12:07Z INFO  minertim] H/s 1m:2270.7 5m:2308.7 10m:2289.8 | Shares: 503/1 (found:504) | Diff: 109758 | 2m27s elapsed (since last share, avg 48s) | best=101 target=39131 (999%)
[2026-09-07T04:12:13Z INFO  minertim::pool_connection] New job: 76Ixa86ylROHkiJO (difficulty: 109758, target: db980000)
[2026-09-07T04:12:16Z INFO  minertim::miner] Worker 2 SHARE FOUND! job_id=76Ixa86ylROHkiJO, nonce=22115003, hash_val=32541, difficulty=109758, hash=8a6176bb7eb9c3081ad3c0a8985d62f7488b3d16e79a6cf406036e8b1d7f0000
[2026-09-07T04:12:17Z INFO  minertim] H/s 1m:2246.7 5m:2317.7 10m:2287.8 | Shares: 503/1 (found:505) | Diff: 109758 | 1s elapsed (since last share, avg 48s) | best=101 target=39131 (999%)
[2026-09-07T04:12:18Z INFO  minertim::miner] Worker 3 SHARE FOUND! job_id=76Ixa86ylROHkiJO, nonce=cbee5403, hash_val=29572, difficulty=109758, hash=3107d7dff6fe5b02657aa85b06c4237aaff4d5a93d5d59d1820847c984730000
[2026-09-07T04:12:27Z INFO  minertim] H/s 1m:2030.7 5m:2277.1 10m:2267.9 | Shares: 503/1 (found:506) | Diff: 109758 | 9s elapsed (since last share, avg 54s) | best=101 target=39131 (999%)
[2026-09-07T04:12:33Z INFO  minertim::pool_connection] New job: yUNelK6Hdwz6NHKE (difficulty: 109758, target: db980000)
[2026-09-07T04:12:33Z INFO  minertim::pool_connection] Share accepted by pool
[2026-09-07T04:12:34Z INFO  minertim::pool_connection] Share accepted by pool
[2026-09-07T04:12:37Z INFO  minertim] H/s 1m:1869.4 5m:2244.9 10m:2252.1 | Shares: 505/1 (found:506) | Diff: 109758 | 19s elapsed (since last share, avg 58s) | best=101 target=39131 (999%)
[2026-09-07T04:12:47Z INFO  minertim] H/s 1m:1870.2 5m:2240.6 10m:2252.9 | Shares: 505/1 (found:506) | Diff: 109758 | 29s elapsed (since last share, avg 58s) | best=101 target=39131 (999%)
[2026-09-07T04:12:53Z INFO  minertim::pool_connection] New job: YoroFx9MrXlE9r6J (difficulty: 109758, target: db980000)
[2026-09-07T04:12:57Z INFO  minertim] H/s 1m:1866.9 5m:2236.3 10m:2250.8 | Shares: 505/1 (found:506) | Diff: 109758 | 39s elapsed (since last share, avg 58s) | best=101 target=39131 (999%)
[2026-09-07T04:13:07Z INFO  minertim] H/s 1m:1865.8 5m:2232.3 10m:2248.7 | Shares: 505/1 (found:506) | Diff: 109758 | 49s elapsed (since last share, avg 58s) | best=101 target=39131 (999%)
[2026-09-07T04:13:09Z INFO  minertim::pool_connection] New job: hIrcl0Lmf7FUu2HV (difficulty: 109758, target: db980000)
[2026-09-07T04:13:17Z INFO  minertim] H/s 1m:2078.0 5m:2228.0 10m:2253.9 | Shares: 505/1 (found:506) | Diff: 109758 | 59s elapsed (since last share, avg 52s) | best=101 target=39131 (999%)
[2026-09-07T04:13:27Z INFO  minertim] H/s 1m:2239.8 5m:2223.6 10m:2251.8 | Shares: 505/1 (found:506) | Diff: 109758 | 1m9s elapsed (since last share, avg 49s) | best=101 target=39131 (999%)
[2026-09-07T04:13:29Z INFO  minertim::pool_connection] New job: hcZb7EWAlkGTzfml (difficulty: 109758, target: db980000)
[2026-09-07T04:13:37Z INFO  minertim] H/s 1m:2239.1 5m:2233.2 10m:2249.7 | Shares: 505/1 (found:506) | Diff: 109758 | 1m19s elapsed (since last share, avg 49s) | best=101 target=39131 (999%)
[2026-09-07T04:13:46Z INFO  minertim::miner] Worker 0 SHARE FOUND! job_id=hcZb7EWAlkGTzfml, nonce=9c575403, hash_val=5948, difficulty=109758, hash=248cf8a789281988f95d6666b2759736ca97d93a7c16909ca897d7df3c170000
[2026-09-07T04:13:47Z INFO  minertim] H/s 1m:2183.5 5m:2219.3 10m:2242.9 | Shares: 505/1 (found:507) | Diff: 109758 | 1s elapsed (since last share, avg 50s) | best=101 target=39131 (999%)
[2026-09-07T04:13:49Z INFO  minertim::pool_connection] New job: r1sNKS0RgOhqbN5k (difficulty: 109758, target: db980000)
[2026-09-07T04:13:49Z INFO  minertim::pool_connection] Share accepted by pool
[2026-09-07T04:13:57Z INFO  minertim] H/s 1m:2184.8 5m:2215.3 10m:2247.8 | Shares: 506/1 (found:507) | Diff: 109758 | 11s elapsed (since last share, avg 50s) | best=101 target=39131 (999%)
[2026-09-07T04:14:07Z INFO  minertim] H/s 1m:2185.0 5m:2211.1 10m:2245.8 | Shares: 506/1 (found:507) | Diff: 109758 | 21s elapsed (since last share, avg 50s) | best=101 target=39131 (999%)
[2026-09-07T04:14:09Z INFO  minertim::pool_connection] New job: 3qh3AzDMRwHXR3b0 (difficulty: 109758, target: db980000)
[2026-09-07T04:14:10Z INFO  minertim::pool_connection] New job: 0wq8Lmzd2kbtujEE (difficulty: 83010, target: 1cca0000)
[2026-09-07T04:14:15Z INFO  minertim::miner] Worker 0 SHARE FOUND! job_id=0wq8Lmzd2kbtujEE, nonce=e0415503, hash_val=29164, difficulty=83010, hash=d9c20328e1425400b57a8fa3f67a184e1e58c38f6f562ecfdcff202eec710000
[2026-09-07T04:14:17Z INFO  minertim] H/s 1m:2185.6 5m:2206.9 10m:2243.6 | Shares: 506/1 (found:508) | Diff: 83010 | 2s elapsed (since last share, avg 37s) | best=101 target=51740 (999%)
[2026-09-07T04:14:27Z INFO  minertim] H/s 1m:2078.5 5m:2184.0 10m:2232.4 | Shares: 506/1 (found:508) | Diff: 83010 | 12s elapsed (since last share, avg 39s) | best=101 target=51740 (999%)
[2026-09-07T04:14:28Z INFO  minertim::pool_connection] New job: aWE6mKcB80rKM6gH (difficulty: 83010, target: 1cca0000)
[2026-09-07T04:14:29Z INFO  minertim::pool_connection] Share accepted by pool
[2026-09-07T04:14:37Z INFO  minertim] H/s 1m:2100.0 5m:2185.7 10m:2227.4 | Shares: 507/1 (found:508) | Diff: 83010 | 22s elapsed (since last share, avg 39s) | best=101 target=51740 (999%)
[2026-09-07T04:14:47Z INFO  minertim] H/s 1m:2098.1 5m:2181.4 10m:2225.3 | Shares: 507/1 (found:508) | Diff: 83010 | 32s elapsed (since last share, avg 39s) | best=101 target=51740 (999%)
[2026-09-07T04:14:48Z INFO  minertim::pool_connection] New job: r5B1KdPLjLzH9DAW (difficulty: 83010, target: 1cca0000)
[2026-09-07T04:14:57Z INFO  minertim] H/s 1m:2098.6 5m:2177.1 10m:2223.3 | Shares: 507/1 (found:508) | Diff: 83010 | 42s elapsed (since last share, avg 39s) | best=101 target=51740 (999%)
[2026-09-07T04:15:00Z INFO  minertim::miner] Worker 0 SHARE FOUND! job_id=r5B1KdPLjLzH9DAW, nonce=78595603, hash_val=20572, difficulty=83010, hash=2560726ccccf998eda30bb9846c6a18a8a7adfb3702cda64f29f2be65c500000
[2026-09-07T04:15:00Z INFO  minertim::miner] Worker 1 SHARE FOUND! job_id=r5B1KdPLjLzH9DAW, nonce=bd775603, hash_val=14974, difficulty=83010, hash=4d7350749091c4e52b414607afc18ac7733e22057eb44a543cc4ba1a7e3a0000
[2026-09-07T04:15:01Z INFO  minertim::pool_connection] Share accepted by pool
[2026-09-07T04:15:01Z INFO  minertim::pool_connection] Share accepted by pool
[2026-09-07T04:15:07Z INFO  minertim] H/s 1m:2095.6 5m:2172.3 10m:2221.0 | Shares: 509/1 (found:510) | Diff: 83010 | 6s elapsed (since last share, avg 39s) | best=101 target=51740 (999%)
[2026-09-07T04:15:08Z INFO  minertim::pool_connection] New job: 6FmxgUQ9GS0LLbeT (difficulty: 83010, target: 1cca0000)
[2026-09-07T04:15:10Z INFO  minertim::pool_connection] New job: 4t9GSnmEGIxaV20J (difficulty: 124517, target: bd860000)
[2026-09-07T04:15:12Z INFO  minertim::pool_connection] New job: WJOH2DWWD6foDiZO (difficulty: 124517, target: bd860000)
[2026-09-07T04:15:17Z INFO  minertim] H/s 1m:2202.7 5m:2168.0 10m:2225.6 | Shares: 509/1 (found:510) | Diff: 124517 | 16s elapsed (since last share, avg 56s) | best=101 target=34493 (999%)
[2026-09-07T04:15:27Z INFO  minertim] H/s 1m:2236.9 5m:2163.8 10m:2233.2 | Shares: 509/1 (found:510) | Diff: 124517 | 26s elapsed (since last share, avg 55s) | best=101 target=34493 (999%)
[2026-09-07T04:15:31Z INFO  minertim::pool_connection] New job: 9bIdm7EPaon8s5sq (difficulty: 124517, target: bd860000)
[2026-09-07T04:15:37Z INFO  minertim] H/s 1m:2238.1 5m:2159.6 10m:2239.5 | Shares: 509/1 (found:510) | Diff: 124517 | 36s elapsed (since last share, avg 55s) | best=101 target=34493 (999%)
[2026-09-07T04:15:47Z INFO  minertim] H/s 1m:2236.7 5m:2155.0 10m:2237.2 | Shares: 509/1 (found:510) | Diff: 124517 | 46s elapsed (since last share, avg 55s) | best=101 target=34493 (999%)
[2026-09-07T04:15:51Z INFO  minertim::pool_connection] New job: irMyzKr810eGVVxX (difficulty: 124517, target: bd860000)
[2026-09-07T04:15:57Z INFO  minertim] H/s 1m:2239.7 5m:2150.8 10m:2235.1 | Shares: 509/1 (found:510) | Diff: 124517 | 56s elapsed (since last share, avg 55s) | best=101 target=34493 (999%)
[2026-09-07T04:16:07Z INFO  minertim] H/s 1m:2241.4 5m:2146.8 10m:2233.1 | Shares: 509/1 (found:510) | Diff: 124517 | 1m6s elapsed (since last share, avg 55s) | best=101 target=34493 (999%)
[2026-09-07T04:16:10Z INFO  minertim::pool_connection] New job: 3loSEL7jqJHygaBg (difficulty: 81205, target: 9ace0000)
[2026-09-07T04:16:11Z INFO  minertim::pool_connection] New job: 40A1zGPst4m0aBi1 (difficulty: 81205, target: 9ace0000)
[2026-09-07T04:16:17Z INFO  minertim] H/s 1m:2242.9 5m:2142.7 10m:2231.1 | Shares: 509/1 (found:510) | Diff: 81205 | 1m16s elapsed (since last share, avg 36s) | best=101 target=52890 (999%)
[2026-09-07T04:16:25Z INFO  minertim::miner] Worker 1 SHARE FOUND! job_id=40A1zGPst4m0aBi1, nonce=9d5c5903, hash_val=16269, difficulty=81205, hash=d9eb7fa28e283d989f2f70fa6d2c50e66d32c7aa34f10ef2023d0f688d3f0000
[2026-09-07T04:16:27Z INFO  minertim] H/s 1m:2242.6 5m:2142.2 10m:2229.0 | Shares: 509/1 (found:511) | Diff: 81205 | 2s elapsed (since last share, avg 36s) | best=101 target=52890 (999%)
[2026-09-07T04:16:31Z INFO  minertim::pool_connection] New job: r6dAGWvO3nrMH1Nl (difficulty: 81205, target: 9ace0000)
[2026-09-07T04:16:31Z INFO  minertim::pool_connection] Share accepted by pool
[2026-09-07T04:16:37Z INFO  minertim] H/s 1m:2192.2 5m:2133.5 10m:2222.5 | Shares: 510/1 (found:511) | Diff: 81205 | 12s elapsed (since last share, avg 37s) | best=101 target=52890 (999%)
[2026-09-07T04:16:40Z INFO  minertim::pool_connection] New job: 7KSySygabvl0IQXE (difficulty: 121808, target: bc890000)
[2026-09-07T04:16:45Z INFO  minertim::pool_connection] New job: 9gY7G7u00csxqYZa (difficulty: 121808, target: bc890000)
[2026-09-07T04:16:47Z INFO  minertim] H/s 1m:2191.5 5m:2133.4 10m:2220.5 | Shares: 510/1 (found:511) | Diff: 121808 | 22s elapsed (since last share, avg 55s) | best=101 target=35260 (999%)
[2026-09-07T04:16:57Z INFO  minertim] H/s 1m:2191.4 5m:2133.2 10m:2218.5 | Shares: 510/1 (found:511) | Diff: 121808 | 32s elapsed (since last share, avg 55s) | best=101 target=35260 (999%)
[2026-09-07T04:17:05Z INFO  minertim::pool_connection] New job: cJCcprDUobKsnnqg (difficulty: 121808, target: bc890000)
[2026-09-07T04:17:07Z INFO  minertim] H/s 1m:2191.4 5m:2133.2 10m:2221.4 | Shares: 510/1 (found:511) | Diff: 121808 | 42s elapsed (since last share, avg 55s) | best=101 target=35260 (999%)
[2026-09-07T04:17:17Z INFO  minertim] H/s 1m:2190.7 5m:2169.7 10m:2225.7 | Shares: 510/1 (found:511) | Diff: 121808 | 52s elapsed (since last share, avg 55s) | best=101 target=35260 (999%)
[2026-09-07T04:17:25Z INFO  minertim::pool_connection] New job: bDqY6sXoYyjOLCtz (difficulty: 121808, target: bc890000)
[2026-09-07T04:17:28Z INFO  minertim] H/s 1m:2243.7 5m:2198.0 10m:2223.8 | Shares: 510/1 (found:511) | Diff: 121808 | 1m2s elapsed (since last share, avg 54s) | best=101 target=35260 (999%)
[2026-09-07T04:17:38Z INFO  minertim] H/s 1m:2244.5 5m:2198.0 10m:2221.8 | Shares: 510/1 (found:511) | Diff: 121808 | 1m12s elapsed (since last share, avg 54s) | best=101 target=35260 (999%)
[2026-09-07T04:17:40Z INFO  minertim::pool_connection] New job: e9jJPZKmM7OkvRsu (difficulty: 79440, target: 31d30000)
[2026-09-07T04:17:45Z INFO  minertim::pool_connection] New job: UrFdyXRp7CwbAlUg (difficulty: 79440, target: 31d30000)
[2026-09-07T04:17:48Z INFO  minertim] H/s 1m:2243.4 5m:2198.1 10m:2219.7 | Shares: 510/1 (found:511) | Diff: 79440 | 1m22s elapsed (since last share, avg 35s) | best=101 target=54065 (999%)
[2026-09-07T04:17:58Z INFO  minertim] H/s 1m:2243.3 5m:2198.2 10m:2217.7 | Shares: 510/1 (found:511) | Diff: 79440 | 1m32s elapsed (since last share, avg 35s) | best=101 target=54065 (999%)
[2026-09-07T04:18:05Z INFO  minertim::pool_connection] New job: NBmaO1J45qzWynVi (difficulty: 79440, target: 31d30000)
[2026-09-07T04:18:07Z INFO  minertim::miner] Worker 1 SHARE FOUND! job_id=NBmaO1J45qzWynVi, nonce=0da95c03, hash_val=50441, difficulty=79440, hash=9e81bdde884599badb5bf608d353c3c4d1f21422eb34dea70543b30f09c50000
[2026-09-07T04:18:08Z INFO  minertim] H/s 1m:2243.9 5m:2198.3 10m:2215.7 | Shares: 510/1 (found:512) | Diff: 79440 | 0s elapsed (since last share, avg 35s) | best=101 target=54065 (999%)
[2026-09-07T04:18:18Z INFO  minertim] H/s 1m:2134.7 5m:2179.9 10m:2204.5 | Shares: 510/1 (found:512) | Diff: 79440 | 10s elapsed (since last share, avg 37s) | best=101 target=54065 (999%)
[2026-09-07T04:18:25Z INFO  minertim::pool_connection] New job: PPlFHAijzbMqrk0q (difficulty: 79440, target: 31d30000)
[2026-09-07T04:18:25Z INFO  minertim::pool_connection] Share accepted by pool
[2026-09-07T04:18:28Z INFO  minertim] H/s 1m:2042.5 5m:2164.1 10m:2194.6 | Shares: 511/1 (found:512) | Diff: 79440 | 20s elapsed (since last share, avg 38s) | best=101 target=54065 (999%)
[2026-09-07T04:18:37Z INFO  minertim::pool_connection] New job: oAQ610cwFQzVHKqV (difficulty: 79440, target: 31d30000)
[2026-09-07T04:18:38Z INFO  minertim] H/s 1m:2044.1 5m:2174.1 10m:2199.5 | Shares: 511/1 (found:512) | Diff: 79440 | 30s elapsed (since last share, avg 38s) | best=101 target=54065 (999%)
[2026-09-07T04:18:48Z INFO  minertim] H/s 1m:2042.9 5m:2173.8 10m:2197.4 | Shares: 511/1 (found:512) | Diff: 79440 | 40s elapsed (since last share, avg 38s) | best=101 target=54065 (999%)
[2026-09-07T04:18:57Z INFO  minertim::pool_connection] New job: 047tgwuCqurfYItn (difficulty: 79440, target: 31d30000)
[2026-09-07T04:18:58Z INFO  minertim] H/s 1m:2043.4 5m:2173.9 10m:2195.4 | Shares: 511/1 (found:512) | Diff: 79440 | 50s elapsed (since last share, avg 38s) | best=101 target=54065 (999%)
[2026-09-07T04:19:08Z INFO  minertim] H/s 1m:2150.5 5m:2173.8 10m:2193.3 | Shares: 511/1 (found:512) | Diff: 79440 | 1m0s elapsed (since last share, avg 36s) | best=101 target=54065 (999%)
[2026-09-07T04:19:17Z INFO  minertim::pool_connection] New job: P5EXpIwH20TunRBc (difficulty: 79440, target: 31d30000)
[2026-09-07T04:19:18Z INFO  minertim] H/s 1m:2243.9 5m:2192.6 10m:2191.4 | Shares: 511/1 (found:512) | Diff: 79440 | 1m10s elapsed (since last share, avg 35s) | best=101 target=54065 (999%)
[2026-09-07T04:19:22Z INFO  minertim::miner] Worker 0 SHARE FOUND! job_id=P5EXpIwH20TunRBc, nonce=304c5f03, hash_val=7913, difficulty=79440, hash=38edf04c21be485be02cd5241ff39ebc0d461f2b756ce6548ff2e1a8e91e0000
[2026-09-07T04:19:24Z INFO  minertim::miner] Worker 2 SHARE FOUND! job_id=P5EXpIwH20TunRBc, nonce=3e2e5e03, hash_val=20219, difficulty=79440, hash=e5e20b1833d109f219a6d5c6b50f586d784ccd3572acfd0f69bc5b1afb4e0000
[2026-09-07T04:19:28Z INFO  minertim] H/s 1m:2187.7 5m:2189.2 10m:2184.6 | Shares: 511/1 (found:514) | Diff: 79440 | 3s elapsed (since last share, avg 36s) | best=101 target=54065 (999%)
[2026-09-07T04:19:37Z INFO  minertim::pool_connection] New job: eLQoCzgJio6k1E4g (difficulty: 79440, target: 31d30000)
[2026-09-07T04:19:37Z INFO  minertim::pool_connection] Share accepted by pool
[2026-09-07T04:19:37Z INFO  minertim::pool_connection] Share accepted by pool
[2026-09-07T04:19:38Z INFO  minertim] H/s 1m:2027.0 5m:2161.5 10m:2174.7 | Shares: 513/1 (found:514) | Diff: 79440 | 13s elapsed (since last share, avg 39s) | best=101 target=54065 (999%)
[2026-09-07T04:19:48Z INFO  minertim] H/s 1m:2030.0 5m:2162.1 10m:2173.0 | Shares: 513/1 (found:514) | Diff: 79440 | 23s elapsed (since last share, avg 39s) | best=101 target=54065 (999%)
[2026-09-07T04:19:57Z INFO  minertim::pool_connection] New job: X1Ugio2oZqGDDyuO (difficulty: 79440, target: 31d30000)
[2026-09-07T04:19:58Z INFO  minertim] H/s 1m:2030.7 5m:2162.6 10m:2170.8 | Shares: 513/1 (found:514) | Diff: 79440 | 33s elapsed (since last share, avg 39s) | best=101 target=54065 (999%)
[2026-09-07T04:20:08Z INFO  minertim] H/s 1m:2030.6 5m:2162.9 10m:2168.8 | Shares: 513/1 (found:514) | Diff: 79440 | 43s elapsed (since last share, avg 39s) | best=101 target=54065 (999%)
[2026-09-07T04:20:16Z INFO  minertim::pool_connection] New job: eWYd0cPkRG69RXyh (difficulty: 79440, target: 31d30000)
[2026-09-07T04:20:18Z INFO  minertim] H/s 1m:2085.9 5m:2163.2 10m:2166.8 | Shares: 513/1 (found:514) | Diff: 79440 | 53s elapsed (since last share, avg 38s) | best=101 target=54065 (999%)
[2026-09-07T04:20:18Z INFO  minertim::miner] Worker 3 SHARE FOUND! job_id=eWYd0cPkRG69RXyh, nonce=27e46403, hash_val=26025, difficulty=79440, hash=e78c0fba693ba4bc9f3f9dce65ca16461aebc02f743ccd282d6a2d50a9650000
[2026-09-07T04:20:21Z INFO  minertim::pool_connection] New job: cieb09zFWFOcWf05 (difficulty: 79440, target: 31d30000)
[2026-09-07T04:20:21Z INFO  minertim::pool_connection] Share accepted by pool
[2026-09-07T04:20:26Z INFO  minertim::pool_connection] New job: vZ31IkPf0SXHexP3 (difficulty: 79440, target: 31d30000)
[2026-09-07T04:20:28Z INFO  minertim] H/s 1m:2245.2 5m:2162.7 10m:2164.6 | Shares: 514/1 (found:515) | Diff: 79440 | 9s elapsed (since last share, avg 35s) | best=101 target=54065 (999%)
[2026-09-07T04:20:38Z INFO  minertim] H/s 1m:2242.0 5m:2163.0 10m:2162.6 | Shares: 514/1 (found:515) | Diff: 79440 | 19s elapsed (since last share, avg 35s) | best=101 target=54065 (999%)
[2026-09-07T04:20:38Z INFO  minertim::pool_connection] New job: oJ6gS7Z8WkJEplHf (difficulty: 79440, target: 31d30000)
[2026-09-07T04:20:45Z INFO  minertim::miner] Worker 0 SHARE FOUND! job_id=oJ6gS7Z8WkJEplHf, nonce=c8a06103, hash_val=46652, difficulty=79440, hash=bea2e0bc7c9fde75254d4f975003a878e397fec3cabecf17d760fb903cb60000
[2026-09-07T04:20:48Z INFO  minertim] H/s 1m:2185.9 5m:2153.4 10m:2155.6 | Shares: 514/1 (found:516) | Diff: 79440 | 3s elapsed (since last share, avg 36s) | best=101 target=54065 (999%)
[2026-09-07T04:20:58Z INFO  minertim] H/s 1m:2079.0 5m:2134.9 10m:2144.6 | Shares: 514/1 (found:516) | Diff: 79440 | 13s elapsed (since last share, avg 38s) | best=101 target=54065 (999%)
[2026-09-07T04:20:58Z INFO  minertim::pool_connection] New job: IxVNfYphen7ZYHCp (difficulty: 79440, target: 31d30000)
[2026-09-07T04:20:58Z INFO  minertim::pool_connection] Share accepted by pool
[2026-09-07T04:21:08Z INFO  minertim] H/s 1m:2057.9 5m:2131.3 10m:2140.9 | Shares: 515/1 (found:516) | Diff: 79440 | 23s elapsed (since last share, avg 38s) | best=101 target=54065 (999%)
[2026-09-07T04:21:18Z INFO  minertim] H/s 1m:2060.8 5m:2131.4 10m:2138.8 | Shares: 515/1 (found:516) | Diff: 79440 | 33s elapsed (since last share, avg 38s) | best=101 target=54065 (999%)
[2026-09-07T04:21:18Z INFO  minertim::pool_connection] New job: S5rZZ60dE4brPSre (difficulty: 79440, target: 31d30000)
[2026-09-07T04:21:28Z INFO  minertim] H/s 1m:2061.5 5m:2140.5 10m:2138.6 | Shares: 515/1 (found:516) | Diff: 79440 | 43s elapsed (since last share, avg 38s) | best=101 target=54065 (999%)
[2026-09-07T04:21:38Z INFO  minertim] H/s 1m:2136.7 5m:2143.9 10m:2140.4 | Shares: 515/1 (found:516) | Diff: 79440 | 53s elapsed (since last share, avg 37s) | best=101 target=54065 (999%)
[2026-09-07T04:21:38Z INFO  minertim::pool_connection] New job: k9Aw3hh8h4lnNNLd (difficulty: 79440, target: 31d30000)
[2026-09-07T04:21:44Z INFO  minertim::miner] Worker 0 SHARE FOUND! job_id=k9Aw3hh8h4lnNNLd, nonce=a03a6303, hash_val=14952, difficulty=79440, hash=4f197e7f636b367e71bb3e3525cd6058937a0573b1a534a1d6d58467683a0000
[2026-09-07T04:21:45Z INFO  minertim::miner] Worker 2 SHARE FOUND! job_id=k9Aw3hh8h4lnNNLd, nonce=b6a26203, hash_val=35958, difficulty=79440, hash=d548857fbb758917d56f893183b1d26a12dc7dd9e07edd22e5bddd3c768c0000
[2026-09-07T04:21:48Z INFO  minertim] H/s 1m:2207.9 5m:2137.7 10m:2137.5 | Shares: 515/1 (found:518) | Diff: 79440 | 2s elapsed (since last share, avg 35s) | best=101 target=54065 (999%)
[2026-09-07T04:21:49Z INFO  minertim::pool_connection] New job: jrV3ZjYH82FxPJHN (difficulty: 79440, target: 31d30000)
[2026-09-07T04:21:50Z INFO  minertim::pool_connection] Share accepted by pool
[2026-09-07T04:21:50Z INFO  minertim::pool_connection] Share accepted by pool
[2026-09-07T04:21:58Z INFO  minertim] H/s 1m:2188.8 5m:2130.8 10m:2133.9 | Shares: 517/1 (found:518) | Diff: 79440 | 12s elapsed (since last share, avg 36s) | best=101 target=54065 (999%)
[2026-09-07T04:22:08Z INFO  minertim] H/s 1m:2210.9 5m:2134.9 10m:2135.8 | Shares: 517/1 (found:518) | Diff: 79440 | 22s elapsed (since last share, avg 35s) | best=101 target=54065 (999%)
[2026-09-07T04:22:09Z INFO  minertim::pool_connection] New job: uq8LWgCe5wjTtAnk (difficulty: 79440, target: 31d30000)
[2026-09-07T04:22:18Z INFO  minertim] H/s 1m:2234.7 5m:2138.9 10m:2155.9 | Shares: 517/1 (found:518) | Diff: 79440 | 32s elapsed (since last share, avg 35s) | best=101 target=54065 (999%)
[2026-09-07T04:22:28Z INFO  minertim] H/s 1m:2239.3 5m:2143.0 10m:2171.7 | Shares: 517/1 (found:518) | Diff: 79440 | 42s elapsed (since last share, avg 35s) | best=101 target=54065 (999%)
[2026-09-07T04:22:29Z INFO  minertim::pool_connection] New job: N9vaiFu6ubEz4yrA (difficulty: 79440, target: 31d30000)
[2026-09-07T04:22:38Z INFO  minertim] H/s 1m:2298.4 5m:2147.2 10m:2173.8 | Shares: 517/1 (found:518) | Diff: 79440 | 52s elapsed (since last share, avg 34s) | best=101 target=54065 (999%)
[2026-09-07T04:22:48Z INFO  minertim] H/s 1m:2362.2 5m:2151.3 10m:2175.9 | Shares: 517/1 (found:518) | Diff: 79440 | 1m2s elapsed (since last share, avg 33s) | best=101 target=54065 (999%)
[2026-09-07T04:22:49Z INFO  minertim::pool_connection] New job: hZZPccUrrPAdXeZ0 (difficulty: 79440, target: 31d30000)
[2026-09-07T04:22:58Z INFO  minertim] H/s 1m:2364.3 5m:2155.6 10m:2178.0 | Shares: 517/1 (found:518) | Diff: 79440 | 1m12s elapsed (since last share, avg 33s) | best=101 target=54065 (999%)
[2026-09-07T04:23:08Z INFO  minertim] H/s 1m:2364.2 5m:2178.5 10m:2180.2 | Shares: 517/1 (found:518) | Diff: 79440 | 1m22s elapsed (since last share, avg 33s) | best=101 target=54065 (999%)
[2026-09-07T04:23:09Z INFO  minertim::pool_connection] New job: IcTb36qomSMxVWwz (difficulty: 79440, target: 31d30000)
[2026-09-07T04:23:18Z INFO  minertim] H/s 1m:2364.7 5m:2198.6 10m:2182.3 | Shares: 517/1 (found:518) | Diff: 79440 | 1m32s elapsed (since last share, avg 33s) | best=101 target=54065 (999%)
[2026-09-07T04:23:20Z INFO  minertim::miner] Worker 0 SHARE FOUND! job_id=IcTb36qomSMxVWwz, nonce=ac856603, hash_val=28190, difficulty=79440, hash=3526177654d59864f82155bd0daeb19760c51df1f94845856851c24d1e6e0000
[2026-09-07T04:23:28Z INFO  minertim] H/s 1m:2307.3 5m:2192.6 10m:2179.5 | Shares: 517/1 (found:519) | Diff: 79440 | 7s elapsed (since last share, avg 34s) | best=101 target=54065 (999%)
[2026-09-07T04:23:29Z INFO  minertim::pool_connection] New job: cB6TPCZEfayzxicp (difficulty: 79440, target: 31d30000)
[2026-09-07T04:23:29Z INFO  minertim::pool_connection] Share accepted by pool
[2026-09-07T04:23:38Z INFO  minertim] H/s 1m:2262.7 5m:2189.2 10m:2182.6 | Shares: 518/1 (found:519) | Diff: 79440 | 17s elapsed (since last share, avg 35s) | best=101 target=54065 (999%)
[2026-09-07T04:23:45Z INFO  minertim::miner] Worker 2 SHARE FOUND! job_id=cB6TPCZEfayzxicp, nonce=a2ce6603, hash_val=24364, difficulty=79440, hash=e6aeed4b82dd8baed2370d703f9d4f82e2455edfc14fdbef2d87922f2c5f0000
[2026-09-07T04:23:48Z INFO  minertim] H/s 1m:2262.2 5m:2193.4 10m:2184.6 | Shares: 518/1 (found:520) | Diff: 79440 | 3s elapsed (since last share, avg 35s) | best=101 target=54065 (999%)
[2026-09-07T04:23:49Z INFO  minertim::pool_connection] New job: 9v26VdFiPkFwzp6C (difficulty: 79440, target: 31d30000)
[2026-09-07T04:23:49Z INFO  minertim::pool_connection] Share accepted by pool
[2026-09-07T04:23:58Z INFO  minertim] H/s 1m:2214.9 5m:2189.6 10m:2182.7 | Shares: 519/1 (found:520) | Diff: 79440 | 13s elapsed (since last share, avg 35s) | best=101 target=54065 (999%)
[2026-09-07T04:24:08Z INFO  minertim] H/s 1m:2214.6 5m:2193.5 10m:2184.8 | Shares: 519/1 (found:520) | Diff: 79440 | 23s elapsed (since last share, avg 35s) | best=101 target=54065 (999%)
[2026-09-07T04:24:08Z INFO  minertim::pool_connection] New job: 00dhwVu2DKvp07G6 (difficulty: 79440, target: 31d30000)
[2026-09-07T04:24:18Z INFO  minertim] H/s 1m:2271.5 5m:2207.0 10m:2195.9 | Shares: 519/1 (found:520) | Diff: 79440 | 33s elapsed (since last share, avg 34s) | best=101 target=54065 (999%)
[2026-09-07T04:24:28Z INFO  minertim] H/s 1m:2315.8 5m:2239.0 10m:2200.9 | Shares: 519/1 (found:520) | Diff: 79440 | 43s elapsed (since last share, avg 34s) | best=101 target=54065 (999%)
[2026-09-07T04:24:28Z INFO  minertim::pool_connection] New job: fjufx4fJ14Pgj5Mx (difficulty: 79440, target: 31d30000)
[2026-09-07T04:24:38Z INFO  minertim] H/s 1m:2315.7 5m:2242.6 10m:2203.0 | Shares: 519/1 (found:520) | Diff: 79440 | 53s elapsed (since last share, avg 34s) | best=101 target=54065 (999%)
[2026-09-07T04:24:48Z INFO  minertim] H/s 1m:2361.5 5m:2246.6 10m:2205.0 | Shares: 519/1 (found:520) | Diff: 79440 | 1m3s elapsed (since last share, avg 33s) | best=101 target=54065 (999%)
[2026-09-07T04:24:48Z INFO  minertim::pool_connection] New job: vez2TpQn3EzlOYQs (difficulty: 79440, target: 31d30000)
[2026-09-07T04:24:58Z INFO  minertim] H/s 1m:2361.0 5m:2250.5 10m:2207.3 | Shares: 519/1 (found:520) | Diff: 79440 | 1m13s elapsed (since last share, avg 33s) | best=101 target=54065 (999%)
[2026-09-07T04:24:59Z INFO  minertim::pool_connection] New job: yYgzG2Mejx0RXJhL (difficulty: 79440, target: 31d30000)
[2026-09-07T04:25:08Z INFO  minertim] H/s 1m:2362.2 5m:2254.7 10m:2209.4 | Shares: 519/1 (found:520) | Diff: 79440 | 1m23s elapsed (since last share, avg 33s) | best=101 target=54065 (999%)
[2026-09-07T04:25:18Z INFO  minertim] H/s 1m:2361.7 5m:2259.1 10m:2211.5 | Shares: 519/1 (found:520) | Diff: 79440 | 1m33s elapsed (since last share, avg 33s) | best=101 target=54065 (999%)
[2026-09-07T04:25:19Z INFO  minertim::pool_connection] New job: C7oSaVsyEnElTls5 (difficulty: 79440, target: 31d30000)
[2026-09-07T04:25:28Z INFO  minertim] H/s 1m:2361.9 5m:2263.3 10m:2213.5 | Shares: 519/1 (found:520) | Diff: 79440 | 1m43s elapsed (since last share, avg 33s) | best=101 target=54065 (999%)
[2026-09-07T04:25:38Z INFO  minertim] H/s 1m:2363.2 5m:2277.2 10m:2215.7 | Shares: 519/1 (found:520) | Diff: 79440 | 1m53s elapsed (since last share, avg 33s) | best=101 target=54065 (999%)
[2026-09-07T04:25:39Z INFO  minertim::pool_connection] New job: 39q50KeDuQYMXzO6 (difficulty: 79440, target: 31d30000)
[2026-09-07T04:25:40Z INFO  minertim::miner] Worker 0 SHARE FOUND! job_id=39q50KeDuQYMXzO6, nonce=c43c6b03, hash_val=42046, difficulty=79440, hash=1655e8ecf847d5f812c31bc3e1534ea0f971d186426554f8535afc1b3ea40000
[2026-09-07T04:25:48Z INFO  minertim] H/s 1m:2306.7 5m:2289.8 10m:2212.9 | Shares: 519/1 (found:521) | Diff: 79440 | 8s elapsed (since last share, avg 34s) | best=101 target=54065 (999%)
[2026-09-07T04:25:58Z INFO  minertim] H/s 1m:2191.6 5m:2277.7 10m:2205.2 | Shares: 519/1 (found:521) | Diff: 79440 | 18s elapsed (since last share, avg 36s) | best=101 target=54065 (999%)
[2026-09-07T04:25:59Z INFO  minertim::pool_connection] New job: y6FtIO05NIY3sXqB (difficulty: 79440, target: 31d30000)
[2026-09-07T04:25:59Z INFO  minertim::pool_connection] Share accepted by pool
[2026-09-07T04:26:08Z INFO  minertim] H/s 1m:2145.0 5m:2273.6 10m:2203.2 | Shares: 520/1 (found:521) | Diff: 79440 | 28s elapsed (since last share, avg 37s) | best=101 target=54065 (999%)
[2026-09-07T04:26:18Z INFO  minertim] H/s 1m:2144.3 5m:2277.6 10m:2205.2 | Shares: 520/1 (found:521) | Diff: 79440 | 38s elapsed (since last share, avg 37s) | best=101 target=54065 (999%)
[2026-09-07T04:26:19Z INFO  minertim::pool_connection] New job: zkqSiOLIa4fv7qA7 (difficulty: 79440, target: 31d30000)
[2026-09-07T04:26:20Z INFO  minertim::miner] Worker 1 SHARE FOUND! job_id=zkqSiOLIa4fv7qA7, nonce=6d7f6d03, hash_val=22419, difficulty=79440, hash=18976f8054ea1c7dccf193d38c82c5ba8557d6140f9fff19818b4ef193570000
[2026-09-07T04:26:28Z INFO  minertim] H/s 1m:2086.5 5m:2268.5 10m:2206.7 | Shares: 520/1 (found:522) | Diff: 79440 | 8s elapsed (since last share, avg 38s) | best=101 target=54065 (999%)
[2026-09-07T04:26:37Z INFO  minertim::miner] Worker 0 SHARE FOUND! job_id=zkqSiOLIa4fv7qA7, nonce=a09b6c03, hash_val=13188, difficulty=79440, hash=27eb0dbd1dc7d3db16da3823b2ea051ccb90dddbcf960660a076527984330000
[2026-09-07T04:26:38Z INFO  minertim] H/s 1m:2030.1 5m:2259.1 10m:2199.2 | Shares: 520/1 (found:523) | Diff: 79440 | 1s elapsed (since last share, avg 39s) | best=101 target=54065 (999%)
[2026-09-07T04:26:39Z INFO  minertim::pool_connection] New job: VGaVwvsDekkdyWQN (difficulty: 79440, target: 31d30000)
[2026-09-07T04:26:39Z INFO  minertim::pool_connection] Share accepted by pool
[2026-09-07T04:26:39Z INFO  minertim::pool_connection] Share accepted by pool
[2026-09-07T04:26:48Z INFO  minertim] H/s 1m:2064.3 5m:2256.2 10m:2194.4 | Shares: 522/1 (found:523) | Diff: 79440 | 11s elapsed (since last share, avg 38s) | best=101 target=54065 (999%)
[2026-09-07T04:26:58Z INFO  minertim] H/s 1m:2111.3 5m:2256.4 10m:2196.4 | Shares: 522/1 (found:523) | Diff: 79440 | 21s elapsed (since last share, avg 37s) | best=101 target=54065 (999%)
[2026-09-07T04:26:59Z INFO  minertim::pool_connection] New job: 80fR7oyVlfIvGE0b (difficulty: 79440, target: 31d30000)
[2026-09-07T04:27:08Z INFO  minertim] H/s 1m:2111.7 5m:2256.4 10m:2198.5 | Shares: 522/1 (found:523) | Diff: 79440 | 31s elapsed (since last share, avg 37s) | best=101 target=54065 (999%)
[2026-09-07T04:27:18Z INFO  minertim] H/s 1m:2170.2 5m:2256.6 10m:2200.5 | Shares: 522/1 (found:523) | Diff: 79440 | 41s elapsed (since last share, avg 36s) | best=101 target=54065 (999%)
[2026-09-07T04:27:19Z INFO  minertim::pool_connection] New job: dJaoCd7r4TEmiytH (difficulty: 79440, target: 31d30000)
[2026-09-07T04:27:27Z INFO  minertim::miner] Worker 0 SHARE FOUND! job_id=dJaoCd7r4TEmiytH, nonce=f0586e03, hash_val=15113, difficulty=79440, hash=cdb725a806f2885b13248f31ddee27557d9e2da0142708dea42be580093b0000
[2026-09-07T04:27:28Z INFO  minertim] H/s 1m:2283.9 5m:2256.6 10m:2202.6 | Shares: 522/1 (found:524) | Diff: 79440 | 1s elapsed (since last share, avg 34s) | best=101 target=54065 (999%)
[2026-09-07T04:27:28Z INFO  minertim::miner] Worker 3 SHARE FOUND! job_id=dJaoCd7r4TEmiytH, nonce=a73f7403, hash_val=14018, difficulty=79440, hash=6627576a1579d4dc5cf04f4c7dd002078b4a8bfd62337b6494aa4414c2360000
[2026-09-07T04:27:38Z INFO  minertim] H/s 1m:2130.6 5m:2216.3 10m:2184.8 | Shares: 522/1 (found:525) | Diff: 79440 | 9s elapsed (since last share, avg 37s) | best=101 target=54065 (999%)
[2026-09-07T04:27:38Z INFO  minertim::pool_connection] New job: Q4rybmD0cPnrBv0B (difficulty: 79440, target: 31d30000)
[2026-09-07T04:27:39Z INFO  minertim::pool_connection] Share accepted by pool
[2026-09-07T04:27:39Z INFO  minertim::pool_connection] Share accepted by pool
[2026-09-07T04:27:48Z INFO  minertim] H/s 1m:2082.5 5m:2207.8 10m:2182.8 | Shares: 524/1 (found:525) | Diff: 79440 | 19s elapsed (since last share, avg 38s) | best=101 target=54065 (999%)
[2026-09-07T04:27:57Z INFO  minertim::miner] Worker 1 SHARE FOUND! job_id=Q4rybmD0cPnrBv0B, nonce=d5557003, hash_val=8701, difficulty=79440, hash=3937b5a697d14bfe470f95340db86c41c7ce7dfc43a6c965c6ff98dcfd210000
[2026-09-07T04:27:58Z INFO  minertim] H/s 1m:2082.1 5m:2207.7 10m:2184.8 | Shares: 524/1 (found:526) | Diff: 79440 | 0s elapsed (since last share, avg 38s) | best=101 target=54065 (999%)
[2026-09-07T04:27:58Z INFO  minertim::pool_connection] New job: NyKCKaxMUOwZPMiA (difficulty: 79440, target: 31d30000)
[2026-09-07T04:27:59Z INFO  minertim::pool_connection] Share accepted by pool
[2026-09-07T04:28:08Z INFO  minertim] H/s 1m:2069.8 5m:2205.8 10m:2195.0 | Shares: 525/1 (found:526) | Diff: 79440 | 10s elapsed (since last share, avg 38s) | best=101 target=54065 (999%)
[2026-09-07T04:28:13Z INFO  minertim::miner] Worker 1 SHARE FOUND! job_id=NyKCKaxMUOwZPMiA, nonce=7ddb7003, hash_val=46092, difficulty=79440, hash=8843693c639ce09e02735c74dbd43b141c0c705a41831de019c825250cb40000
[2026-09-07T04:28:18Z INFO  minertim] H/s 1m:2010.4 5m:2205.4 10m:2199.9 | Shares: 525/1 (found:527) | Diff: 79440 | 5s elapsed (since last share, avg 39s) | best=101 target=54065 (999%)
[2026-09-07T04:28:18Z INFO  minertim::pool_connection] New job: ihQq6zXMx4J0lVmE (difficulty: 79440, target: 31d30000)
[2026-09-07T04:28:19Z INFO  minertim::pool_connection] Share accepted by pool
[2026-09-07T04:28:28Z INFO  minertim::miner] Worker 3 SHARE FOUND! job_id=ihQq6zXMx4J0lVmE, nonce=87097603, hash_val=24852, difficulty=79440, hash=4a808fb22b6860a014c5f7f7916ac5ad07076f254d9217dd6f6e677214610000
[2026-09-07T04:28:28Z INFO  minertim] H/s 1m:2234.6 5m:2211.5 10m:2201.0 | Shares: 526/1 (found:528) | Diff: 79440 | 0s elapsed (since last share, avg 35s) | best=101 target=54065 (999%)
[2026-09-07T04:28:31Z INFO  minertim::miner] Worker 2 SHARE FOUND! job_id=ihQq6zXMx4J0lVmE, nonce=1a0c7103, hash_val=12598, difficulty=79440, hash=cf0b373a0ca9aa37a2b96ce024213793644272c865c33450287982ab36310000
[2026-09-07T04:28:38Z INFO  minertim] H/s 1m:2107.0 5m:2181.1 10m:2188.2 | Shares: 526/1 (found:529) | Diff: 79440 | 6s elapsed (since last share, avg 37s) | best=101 target=54065 (999%)
[2026-09-07T04:28:38Z INFO  minertim::pool_connection] New job: BihPzU5bYLYrd9xp (difficulty: 79440, target: 31d30000)
[2026-09-07T04:28:38Z INFO  minertim::pool_connection] Share accepted by pool
[2026-09-07T04:28:39Z INFO  minertim::pool_connection] Share accepted by pool
[2026-09-07T04:28:46Z INFO  minertim::pool_connection] New job: vmdQ502N0DhRqmQI (difficulty: 79440, target: 31d30000)
[2026-09-07T04:28:48Z INFO  minertim] H/s 1m:2068.3 5m:2182.4 10m:2186.9 | Shares: 528/1 (found:529) | Diff: 79440 | 16s elapsed (since last share, avg 38s) | best=101 target=54065 (999%)
[2026-09-07T04:28:58Z INFO  minertim] H/s 1m:2079.2 5m:2182.4 10m:2189.0 | Shares: 528/1 (found:529) | Diff: 79440 | 26s elapsed (since last share, avg 38s) | best=101 target=54065 (999%)
[2026-09-07T04:28:59Z INFO  minertim::miner] Worker 3 SHARE FOUND! job_id=vmdQ502N0DhRqmQI, nonce=b7ca7603, hash_val=41313, difficulty=79440, hash=87f3092ac24d6e2390a60b33dcd6cbfe36e43d4ab11d31edd6ad049461a10000
[2026-09-07T04:29:06Z INFO  minertim::pool_connection] New job: L07tu2VOJMAsDKmR (difficulty: 79440, target: 31d30000)
[2026-09-07T04:29:06Z INFO  minertim::pool_connection] Share accepted by pool
[2026-09-07T04:29:08Z INFO  minertim] H/s 1m:2093.1 5m:2174.7 10m:2187.1 | Shares: 529/1 (found:530) | Diff: 79440 | 9s elapsed (since last share, avg 37s) | best=101 target=54065 (999%)
[2026-09-07T04:29:14Z INFO  minertim::miner] Worker 0 SHARE FOUND! job_id=L07tu2VOJMAsDKmR, nonce=e4c97103, hash_val=22564, difficulty=79440, hash=2ff3c182f7c55117efce24518a2d7ccd71915e0573ea853bebd8096124580000
[2026-09-07T04:29:18Z INFO  minertim] H/s 1m:2103.1 5m:2174.8 10m:2193.8 | Shares: 529/1 (found:531) | Diff: 79440 | 4s elapsed (since last share, avg 37s) | best=101 target=54065 (999%)
[2026-09-07T04:29:26Z INFO  minertim::pool_connection] New job: lfopQPLEBww73oVW (difficulty: 79440, target: 31d30000)
[2026-09-07T04:29:26Z INFO  minertim::pool_connection] Share accepted by pool
[2026-09-07T04:29:28Z INFO  minertim] H/s 1m:2165.1 5m:2155.1 10m:2199.9 | Shares: 530/1 (found:531) | Diff: 79440 | 14s elapsed (since last share, avg 36s) | best=101 target=54065 (999%)
[2026-09-07T04:29:38Z INFO  minertim] H/s 1m:2204.3 5m:2155.3 10m:2201.7 | Shares: 530/1 (found:531) | Diff: 79440 | 24s elapsed (since last share, avg 36s) | best=101 target=54065 (999%)
[2026-09-07T04:29:40Z INFO  minertim::miner] Worker 1 SHARE FOUND! job_id=lfopQPLEBww73oVW, nonce=11cd7303, hash_val=15423, difficulty=79440, hash=850ea53999b6bea560d6419c814a99072261df73d9bb068e8e4377c53f3c0000
[2026-09-07T04:29:45Z INFO  minertim::pool_connection] New job: GXxTvmMxYuVcMZNg (difficulty: 79440, target: 31d30000)
[2026-09-07T04:29:46Z INFO  minertim::pool_connection] Share accepted by pool
[2026-09-07T04:29:48Z INFO  minertim] H/s 1m:2222.5 5m:2158.5 10m:2205.2 | Shares: 531/1 (found:532) | Diff: 79440 | 8s elapsed (since last share, avg 35s) | best=101 target=54065 (999%)
[2026-09-07T04:29:58Z INFO  minertim] H/s 1m:2269.1 5m:2158.6 10m:2207.3 | Shares: 531/1 (found:532) | Diff: 79440 | 18s elapsed (since last share, avg 35s) | best=101 target=54065 (999%)
[2026-09-07T04:30:06Z INFO  minertim::pool_connection] New job: s0j3TbZxIvYXxQIK (difficulty: 79440, target: 31d30000)
[2026-09-07T04:30:08Z INFO  minertim] H/s 1m:2268.5 5m:2158.7 10m:2209.3 | Shares: 531/1 (found:532) | Diff: 79440 | 28s elapsed (since last share, avg 35s) | best=101 target=54065 (999%)
[2026-09-07T04:30:18Z INFO  minertim] H/s 1m:2380.6 5m:2158.3 10m:2211.4 | Shares: 531/1 (found:532) | Diff: 79440 | 38s elapsed (since last share, avg 33s) | best=101 target=54065 (999%)
[2026-09-07T04:30:25Z INFO  minertim::pool_connection] New job: 9BKNjlLAIewjY66z (difficulty: 79440, target: 31d30000)
[2026-09-07T04:30:28Z INFO  minertim] H/s 1m:2379.5 5m:2158.2 10m:2213.3 | Shares: 531/1 (found:532) | Diff: 79440 | 48s elapsed (since last share, avg 33s) | best=101 target=54065 (999%)
[2026-09-07T04:30:38Z INFO  minertim] H/s 1m:2362.4 5m:2168.2 10m:2220.2 | Shares: 531/1 (found:532) | Diff: 79440 | 58s elapsed (since last share, avg 33s) | best=101 target=54065 (999%)
[2026-09-07T04:30:45Z INFO  minertim::pool_connection] New job: UVNIpCMzyu0Zjhmc (difficulty: 79440, target: 31d30000)
[2026-09-07T04:30:48Z INFO  minertim] H/s 1m:2361.1 5m:2187.8 10m:2231.2 | Shares: 531/1 (found:532) | Diff: 79440 | 1m8s elapsed (since last share, avg 33s) | best=101 target=54065 (999%)
[2026-09-07T04:30:56Z INFO  minertim::miner] Worker 0 SHARE FOUND! job_id=UVNIpCMzyu0Zjhmc, nonce=cc0d7503, hash_val=20177, difficulty=79440, hash=6a9f7f5ad2ebea67bdd60b3780d1ba47566a1113e99dad992fbe6842d14e0000
[2026-09-07T04:30:58Z INFO  minertim] H/s 1m:2360.5 5m:2195.9 10m:2234.9 | Shares: 531/1 (found:533) | Diff: 79440 | 2s elapsed (since last share, avg 33s) | best=101 target=54065 (999%)
[2026-09-07T04:31:05Z INFO  minertim::pool_connection] New job: 8925InELLZ7JiK2x (difficulty: 79440, target: 31d30000)
[2026-09-07T04:31:05Z INFO  minertim::pool_connection] Share accepted by pool
[2026-09-07T04:31:08Z INFO  minertim] H/s 1m:2253.0 5m:2177.1 10m:2227.7 | Shares: 532/1 (found:533) | Diff: 79440 | 12s elapsed (since last share, avg 35s) | best=101 target=54065 (999%)
[2026-09-07T04:31:18Z INFO  minertim] H/s 1m:2253.1 5m:2186.9 10m:2229.6 | Shares: 532/1 (found:533) | Diff: 79440 | 22s elapsed (since last share, avg 35s) | best=101 target=54065 (999%)
[2026-09-07T04:31:25Z INFO  minertim::pool_connection] New job: 6S8JJuIfG1IXx6RG (difficulty: 79440, target: 31d30000)
[2026-09-07T04:31:28Z INFO  minertim] H/s 1m:2252.3 5m:2206.5 10m:2230.0 | Shares: 532/1 (found:533) | Diff: 79440 | 32s elapsed (since last share, avg 35s) | best=101 target=54065 (999%)
[2026-09-07T04:31:33Z INFO  minertim::miner] Worker 2 SHARE FOUND! job_id=6S8JJuIfG1IXx6RG, nonce=1e5e7703, hash_val=19752, difficulty=79440, hash=006ed330ff82bfefaf7d25e631fbf95fd71a9026efb4f93effb8524d284d0000
[2026-09-07T04:31:38Z INFO  minertim] H/s 1m:2118.5 5m:2197.2 10m:2223.6 | Shares: 532/1 (found:534) | Diff: 79440 | 5s elapsed (since last share, avg 37s) | best=101 target=54065 (999%)
[2026-09-07T04:31:45Z INFO  minertim::pool_connection] New job: jSB2Pl6C7HlD12F2 (difficulty: 79440, target: 31d30000)
[2026-09-07T04:31:45Z INFO  minertim::pool_connection] Share accepted by pool
[2026-09-07T04:31:48Z INFO  minertim] H/s 1m:2043.3 5m:2184.1 10m:2222.6 | Shares: 533/1 (found:534) | Diff: 79440 | 15s elapsed (since last share, avg 38s) | best=101 target=54065 (999%)
[2026-09-07T04:31:58Z INFO  minertim] H/s 1m:2127.4 5m:2179.8 10m:2220.6 | Shares: 533/1 (found:534) | Diff: 79440 | 25s elapsed (since last share, avg 37s) | best=101 target=54065 (999%)
[2026-09-07T04:32:05Z INFO  minertim::pool_connection] New job: X6mxyPv7S0pZegIC (difficulty: 79440, target: 31d30000)
[2026-09-07T04:32:08Z INFO  minertim] H/s 1m:2103.2 5m:2175.3 10m:2218.4 | Shares: 533/1 (found:534) | Diff: 79440 | 35s elapsed (since last share, avg 37s) | best=101 target=54065 (999%)
[2026-09-07T04:32:18Z INFO  minertim] H/s 1m:2079.1 5m:2171.1 10m:2216.4 | Shares: 533/1 (found:534) | Diff: 79440 | 45s elapsed (since last share, avg 38s) | best=101 target=54065 (999%)
[2026-09-07T04:32:24Z INFO  minertim::pool_connection] New job: a69tINyUyy4CZ8fE (difficulty: 79440, target: 31d30000)
[2026-09-07T04:32:26Z INFO  minertim::miner] Worker 2 SHARE FOUND! job_id=a69tINyUyy4CZ8fE, nonce=2eca7803, hash_val=48288, difficulty=79440, hash=85fb215f09918274b57b9de261ca29a0fb351303152d18efdf329a8ca0bc0000
[2026-09-07T04:32:28Z INFO  minertim] H/s 1m:2188.8 5m:2207.2 10m:2214.4 | Shares: 533/1 (found:535) | Diff: 79440 | 1s elapsed (since last share, avg 36s) | best=101 target=54065 (999%)
[2026-09-07T04:32:38Z INFO  minertim] H/s 1m:2133.9 5m:2193.0 10m:2203.3 | Shares: 533/1 (found:535) | Diff: 79440 | 11s elapsed (since last share, avg 37s) | best=101 target=54065 (999%)
[2026-09-07T04:32:44Z INFO  minertim::pool_connection] New job: FnATgqJFSiF93u03 (difficulty: 79440, target: 31d30000)
[2026-09-07T04:32:45Z INFO  minertim::pool_connection] Share accepted by pool
[2026-09-07T04:32:48Z INFO  minertim] H/s 1m:2045.0 5m:2173.4 10m:2193.5 | Shares: 534/1 (found:535) | Diff: 79440 | 21s elapsed (since last share, avg 38s) | best=101 target=54065 (999%)
[2026-09-07T04:32:58Z INFO  minertim] H/s 1m:2044.8 5m:2171.0 10m:2191.4 | Shares: 534/1 (found:535) | Diff: 79440 | 31s elapsed (since last share, avg 38s) | best=101 target=54065 (999%)
[2026-09-07T04:33:04Z INFO  minertim::pool_connection] New job: 9yGa0FTs0YkAqWNn (difficulty: 79440, target: 31d30000)
[2026-09-07T04:33:08Z INFO  minertim] H/s 1m:2043.9 5m:2176.9 10m:2189.2 | Shares: 534/1 (found:535) | Diff: 79440 | 41s elapsed (since last share, avg 38s) | best=101 target=54065 (999%)
[2026-09-07T04:33:18Z INFO  minertim] H/s 1m:2043.2 5m:2174.2 10m:2192.0 | Shares: 534/1 (found:535) | Diff: 79440 | 51s elapsed (since last share, avg 38s) | best=101 target=54065 (999%)
[2026-09-07T04:33:24Z INFO  minertim::pool_connection] New job: Pbi00W5VSBSqoBzy (difficulty: 79440, target: 31d30000)
[2026-09-07T04:33:28Z INFO  minertim] H/s 1m:2149.5 5m:2200.3 10m:2193.7 | Shares: 534/1 (found:535) | Diff: 79440 | 1m1s elapsed (since last share, avg 36s) | best=101 target=54065 (999%)
[2026-09-07T04:33:38Z INFO  minertim] H/s 1m:2237.9 5m:2202.7 10m:2191.5 | Shares: 534/1 (found:535) | Diff: 79440 | 1m11s elapsed (since last share, avg 35s) | best=101 target=54065 (999%)
[2026-09-07T04:33:44Z INFO  minertim::pool_connection] New job: yBzzzxBLGDI2oF5P (difficulty: 79440, target: 31d30000)
[2026-09-07T04:33:47Z INFO  minertim::miner] Worker 1 SHARE FOUND! job_id=yBzzzxBLGDI2oF5P, nonce=29437c03, hash_val=25264, difficulty=79440, hash=ad2ee958ebf337577f3294c6a6dfc11ef089e6490284b3e66f9d7142b0620000
[2026-09-07T04:33:48Z INFO  minertim] H/s 1m:2239.1 5m:2198.6 10m:2193.4 | Shares: 534/1 (found:536) | Diff: 79440 | 1s elapsed (since last share, avg 35s) | best=101 target=54065 (999%)
[2026-09-07T04:33:58Z INFO  minertim] H/s 1m:2132.2 5m:2183.7 10m:2182.2 | Shares: 534/1 (found:536) | Diff: 79440 | 11s elapsed (since last share, avg 37s) | best=101 target=54065 (999%)
[2026-09-07T04:34:04Z INFO  minertim::pool_connection] New job: dCtDSOafDBeZvspX (difficulty: 79440, target: 31d30000)
[2026-09-07T04:34:04Z INFO  minertim::pool_connection] Share accepted by pool
[2026-09-07T04:34:08Z INFO  minertim] H/s 1m:2040.8 5m:2163.5 10m:2172.4 | Shares: 535/1 (found:536) | Diff: 79440 | 21s elapsed (since last share, avg 38s) | best=101 target=54065 (999%)
[2026-09-07T04:34:18Z INFO  minertim] H/s 1m:2040.8 5m:2178.9 10m:2170.4 | Shares: 535/1 (found:536) | Diff: 79440 | 31s elapsed (since last share, avg 38s) | best=101 target=54065 (999%)
[2026-09-07T04:34:24Z INFO  minertim::pool_connection] New job: 1B4g9xSmydWPcAeI (difficulty: 79440, target: 31d30000)
[2026-09-07T04:34:28Z INFO  minertim] H/s 1m:2042.5 5m:2174.8 10m:2168.3 | Shares: 535/1 (found:536) | Diff: 79440 | 41s elapsed (since last share, avg 38s) | best=101 target=54065 (999%)
[2026-09-07T04:34:29Z INFO  minertim::miner] Worker 2 SHARE FOUND! job_id=1B4g9xSmydWPcAeI, nonce=2e607c03, hash_val=43537, difficulty=79440, hash=ef721315c12155027ac2045564d27781f94b2c30cb5d9e35507bd9d511aa0000
[2026-09-07T04:34:38Z INFO  minertim] H/s 1m:1933.4 5m:2148.7 10m:2157.1 | Shares: 535/1 (found:537) | Diff: 79440 | 9s elapsed (since last share, avg 41s) | best=101 target=54065 (999%)
[2026-09-07T04:34:44Z INFO  minertim::pool_connection] New job: nrkN0eQsljgSJqFm (difficulty: 79440, target: 31d30000)
[2026-09-07T04:34:44Z INFO  minertim::pool_connection] Share accepted by pool
[2026-09-07T04:34:48Z INFO  minertim] H/s 1m:1985.8 5m:2134.8 10m:2150.4 | Shares: 536/1 (found:537) | Diff: 79440 | 19s elapsed (since last share, avg 40s) | best=101 target=54065 (999%)
[2026-09-07T04:34:58Z INFO  minertim] H/s 1m:2078.3 5m:2130.7 10m:2148.4 | Shares: 536/1 (found:537) | Diff: 79440 | 29s elapsed (since last share, avg 38s) | best=101 target=54065 (999%)
[2026-09-07T04:35:03Z INFO  minertim::pool_connection] New job: HNkOBf0V6raQPLQU (difficulty: 79440, target: 31d30000)
[2026-09-07T04:35:08Z INFO  minertim] H/s 1m:2077.8 5m:2126.7 10m:2146.3 | Shares: 536/1 (found:537) | Diff: 79440 | 39s elapsed (since last share, avg 38s) | best=101 target=54065 (999%)
[2026-09-07T04:35:18Z INFO  minertim] H/s 1m:2077.1 5m:2122.6 10m:2144.2 | Shares: 536/1 (found:537) | Diff: 79440 | 49s elapsed (since last share, avg 38s) | best=101 target=54065 (999%)
[2026-09-07T04:35:23Z INFO  minertim::pool_connection] New job: nJqKOiWpbGnifvBN (difficulty: 79440, target: 31d30000)
[2026-09-07T04:35:28Z INFO  minertim] H/s 1m:2186.6 5m:2118.4 10m:2142.2 | Shares: 536/1 (found:537) | Diff: 79440 | 59s elapsed (since last share, avg 36s) | best=101 target=54065 (999%)
[2026-09-07T04:35:38Z INFO  minertim] H/s 1m:2242.0 5m:2114.3 10m:2145.0 | Shares: 536/1 (found:537) | Diff: 79440 | 1m9s elapsed (since last share, avg 35s) | best=101 target=54065 (999%)
[2026-09-07T04:35:39Z INFO  minertim::miner] Worker 3 SHARE FOUND! job_id=nJqKOiWpbGnifvBN, nonce=fb908403, hash_val=14155, difficulty=79440, hash=c73ac4f766268d43af969f7a3e24ab5ba0fe197737cc9250df7a72144b370000
[2026-09-07T04:35:43Z INFO  minertim::pool_connection] New job: HbO7782rn8uP0NLX (difficulty: 79440, target: 31d30000)
[2026-09-07T04:35:44Z INFO  minertim::pool_connection] Share accepted by pool
[2026-09-07T04:35:48Z INFO  minertim] H/s 1m:2226.0 5m:2107.5 10m:2151.3 | Shares: 537/1 (found:538) | Diff: 79440 | 9s elapsed (since last share, avg 35s) | best=101 target=54065 (999%)
[2026-09-07T04:35:58Z INFO  minertim] H/s 1m:2226.1 5m:2122.1 10m:2153.2 | Shares: 537/1 (found:538) | Diff: 79440 | 19s elapsed (since last share, avg 35s) | best=101 target=54065 (999%)
[2026-09-07T04:36:03Z INFO  minertim::pool_connection] New job: PPQg8exI8NkkqKkx (difficulty: 79440, target: 31d30000)
[2026-09-07T04:36:04Z INFO  minertim::miner] Worker 3 SHARE FOUND! job_id=PPQg8exI8NkkqKkx, nonce=e3488503, hash_val=45679, difficulty=79440, hash=53e09b2c023e6119b24d8bc77c5db2f8258312cd4119cd2adfbf88c36fb20000
[2026-09-07T04:36:08Z INFO  minertim] H/s 1m:2170.8 5m:2108.4 10m:2146.4 | Shares: 537/1 (found:539) | Diff: 79440 | 4s elapsed (since last share, avg 36s) | best=101 target=54065 (999%)
[2026-09-07T04:36:18Z INFO  minertim] H/s 1m:2062.9 5m:2085.7 10m:2140.2 | Shares: 537/1 (found:539) | Diff: 79440 | 14s elapsed (since last share, avg 38s) | best=101 target=54065 (999%)
[2026-09-07T04:36:23Z INFO  minertim::miner] Worker 0 SHARE FOUND! job_id=PPQg8exI8NkkqKkx, nonce=b4038003, hash_val=17921, difficulty=79440, hash=bfbfb26affef880c1a710d2171188dc24a9f4fabebee2e1a9c8f3b9501460000
[2026-09-07T04:36:23Z INFO  minertim::pool_connection] New job: rH1M4S0BnW0gwtfw (difficulty: 79440, target: 31d30000)
[2026-09-07T04:36:23Z INFO  minertim::pool_connection] Share accepted by pool
[2026-09-07T04:36:24Z INFO  minertim::pool_connection] Share accepted by pool
[2026-09-07T04:36:28Z INFO  minertim] H/s 1m:2019.7 5m:2097.3 10m:2144.1 | Shares: 539/1 (found:540) | Diff: 79440 | 5s elapsed (since last share, avg 39s) | best=101 target=54065 (999%)
[2026-09-07T04:36:38Z INFO  minertim] H/s 1m:2035.8 5m:2106.2 10m:2148.9 | Shares: 539/1 (found:540) | Diff: 79440 | 15s elapsed (since last share, avg 39s) | best=101 target=54065 (999%)
[2026-09-07T04:36:43Z INFO  minertim::pool_connection] New job: 6V6x2NPn8oLJDXPy (difficulty: 79440, target: 31d30000)
[2026-09-07T04:36:48Z INFO  minertim] H/s 1m:2036.8 5m:2106.5 10m:2146.9 | Shares: 539/1 (found:540) | Diff: 79440 | 25s elapsed (since last share, avg 39s) | best=101 target=54065 (999%)
[2026-09-07T04:36:58Z INFO  minertim] H/s 1m:2092.5 5m:2106.6 10m:2144.8 | Shares: 539/1 (found:540) | Diff: 79440 | 35s elapsed (since last share, avg 37s) | best=101 target=54065 (999%)
[2026-09-07T04:37:03Z INFO  minertim::pool_connection] New job: xdwpvOZA1IMhwIZE (difficulty: 79440, target: 31d30000)
[2026-09-07T04:37:08Z INFO  minertim] H/s 1m:2198.4 5m:2106.3 10m:2142.5 | Shares: 539/1 (found:540) | Diff: 79440 | 45s elapsed (since last share, avg 36s) | best=101 target=54065 (999%)
[2026-09-07T04:37:18Z INFO  minertim::miner] Worker 2 SHARE FOUND! job_id=xdwpvOZA1IMhwIZE, nonce=caaf8103, hash_val=23478, difficulty=79440, hash=22ddcf79ec4153ad46105f1eeeb564785c7b504a2c704f108aa5c871b65b0000
[2026-09-07T04:37:18Z INFO  minertim] H/s 1m:2240.8 5m:2106.2 10m:2140.4 | Shares: 539/1 (found:541) | Diff: 79440 | 0s elapsed (since last share, avg 35s) | best=101 target=54065 (999%)
[2026-09-07T04:37:22Z INFO  minertim::miner] Worker 1 SHARE FOUND! job_id=xdwpvOZA1IMhwIZE, nonce=290f8303, hash_val=30580, difficulty=79440, hash=f396cb6f6d5b5d2bbc4572e399aeb2dc6002e8f7395dda66937caadb74770000
[2026-09-07T04:37:23Z INFO  minertim::pool_connection] New job: zIbA2E0U1t0rjRUr (difficulty: 79440, target: 31d30000)
[2026-09-07T04:37:23Z INFO  minertim::pool_connection] Share accepted by pool
[2026-09-07T04:37:23Z INFO  minertim::pool_connection] Share accepted by pool
[2026-09-07T04:37:28Z INFO  minertim] H/s 1m:2232.0 5m:2123.1 10m:2157.4 | Shares: 541/1 (found:542) | Diff: 79440 | 6s elapsed (since last share, avg 35s) | best=101 target=54065 (999%)
[2026-09-07T04:37:33Z INFO  minertim::miner] Worker 1 SHARE FOUND! job_id=zIbA2E0U1t0rjRUr, nonce=7d6c8303, hash_val=33610, difficulty=79440, hash=dcf68954e02f4d8a3d91091a30192e6ec13fdf4c5c6b1ddc515ff9984a830000
[2026-09-07T04:37:38Z INFO  minertim::miner] Worker 0 SHARE FOUND! job_id=zIbA2E0U1t0rjRUr, nonce=94978203, hash_val=36664, difficulty=79440, hash=96c4f5e6fa9258492350bef88c42951c35bd9950d5e54524d1066a5b388f0000
[2026-09-07T04:37:38Z INFO  minertim] H/s 1m:2179.0 5m:2129.6 10m:2155.0 | Shares: 541/1 (found:544) | Diff: 79440 | 0s elapsed (since last share, avg 36s) | best=101 target=54065 (999%)
[2026-09-07T04:37:38Z INFO  minertim::miner] Worker 2 SHARE FOUND! job_id=zIbA2E0U1t0rjRUr, nonce=fe3b8203, hash_val=3423, difficulty=79440, hash=0c0f3518bf7151f7f686cf48cb1eaf79751c07bd6f14afee159633055f0d0000
[2026-09-07T04:37:42Z INFO  minertim::pool_connection] New job: 7VReBAUxp9TtTWZA (difficulty: 79440, target: 31d30000)
[2026-09-07T04:37:43Z INFO  minertim::pool_connection] Share accepted by pool
[2026-09-07T04:37:43Z INFO  minertim::pool_connection] Share accepted by pool
[2026-09-07T04:37:43Z INFO  minertim::pool_connection] Share accepted by pool
[2026-09-07T04:37:48Z INFO  minertim] H/s 1m:2110.4 5m:2117.9 10m:2147.2 | Shares: 544/1 (found:545) | Diff: 79440 | 9s elapsed (since last share, avg 37s) | best=101 target=54065 (999%)
[2026-09-07T04:37:52Z INFO  minertim::pool_connection] New job: oxGGuzFoc4wTSt2J (difficulty: 79440, target: 31d30000)
[2026-09-07T04:37:57Z INFO  minertim::miner] Worker 1 SHARE FOUND! job_id=oxGGuzFoc4wTSt2J, nonce=d1ed8303, hash_val=28265, difficulty=79440, hash=4123aa56587d7456ac41b86a37f1a98e263ebca6b1d54517074d4334696e0000
[2026-09-07T04:37:58Z INFO  minertim] H/s 1m:2055.3 5m:2108.3 10m:2141.3 | Shares: 544/1 (found:546) | Diff: 79440 | 1s elapsed (since last share, avg 38s) | best=101 target=54065 (999%)
[2026-09-07T04:38:08Z INFO  minertim] H/s 1m:1948.7 5m:2089.9 10m:2135.2 | Shares: 544/1 (found:546) | Diff: 79440 | 11s elapsed (since last share, avg 40s) | best=101 target=54065 (999%)
[2026-09-07T04:38:12Z INFO  minertim::pool_connection] New job: 0O4dp1xrNxd6oxla (difficulty: 79440, target: 31d30000)
[2026-09-07T04:38:12Z INFO  minertim::pool_connection] Share accepted by pool
[2026-09-07T04:38:13Z INFO  minertim::pool_connection] New job: rLtI7ZtyDB9kc0KG (difficulty: 79440, target: 31d30000)
[2026-09-07T04:38:18Z INFO  minertim] H/s 1m:1956.4 5m:2089.8 10m:2133.9 | Shares: 545/1 (found:546) | Diff: 79440 | 21s elapsed (since last share, avg 40s) | best=101 target=54065 (999%)
[2026-09-07T04:38:28Z INFO  minertim] H/s 1m:2008.4 5m:2090.0 10m:2146.7 | Shares: 545/1 (found:546) | Diff: 79440 | 31s elapsed (since last share, avg 39s) | best=101 target=54065 (999%)
[2026-09-07T04:38:29Z INFO  minertim::miner] Worker 0 SHARE FOUND! job_id=rLtI7ZtyDB9kc0KG, nonce=14338403, hash_val=33324, difficulty=79440, hash=60c22781245d961c0aecdf32b4443fc4dffb403006dbc0c09ce81b072c820000
[2026-09-07T04:38:33Z INFO  minertim::pool_connection] New job: 8HOFNaAZUnGKjp00 (difficulty: 79440, target: 31d30000)
[2026-09-07T04:38:33Z INFO  minertim::pool_connection] Share accepted by pool
[2026-09-07T04:38:38Z INFO  minertim] H/s 1m:2041.5 5m:2083.8 10m:2144.9 | Shares: 546/1 (found:547) | Diff: 79440 | 9s elapsed (since last share, avg 38s) | best=101 target=54065 (999%)
[2026-09-07T04:38:48Z INFO  minertim] H/s 1m:2098.1 5m:2102.4 10m:2142.9 | Shares: 546/1 (found:547) | Diff: 79440 | 19s elapsed (since last share, avg 37s) | best=101 target=54065 (999%)
[2026-09-07T04:38:53Z INFO  minertim::pool_connection] New job: SbUJJ8cK6Trcldmp (difficulty: 79440, target: 31d30000)
[2026-09-07T04:38:59Z INFO  minertim] H/s 1m:2205.0 5m:2118.2 10m:2144.7 | Shares: 546/1 (found:547) | Diff: 79440 | 29s elapsed (since last share, avg 36s) | best=101 target=54065 (999%)
[2026-09-07T04:39:09Z INFO  minertim] H/s 1m:2204.5 5m:2118.1 10m:2142.5 | Shares: 546/1 (found:547) | Diff: 79440 | 39s elapsed (since last share, avg 36s) | best=101 target=54065 (999%)
[2026-09-07T04:39:13Z INFO  minertim::pool_connection] New job: MQC8a0aK6w0y7D8u (difficulty: 79440, target: 31d30000)
[2026-09-07T04:39:19Z INFO  minertim] H/s 1m:2206.5 5m:2118.2 10m:2150.2 | Shares: 546/1 (found:547) | Diff: 79440 | 49s elapsed (since last share, avg 36s) | best=101 target=54065 (999%)
[2026-09-07T04:39:29Z INFO  minertim] H/s 1m:2242.5 5m:2137.1 10m:2148.2 | Shares: 546/1 (found:547) | Diff: 79440 | 59s elapsed (since last share, avg 35s) | best=101 target=54065 (999%)
[2026-09-07T04:39:32Z INFO  minertim::pool_connection] New job: 0lvv8MXznVmnLO5I (difficulty: 79440, target: 31d30000)
[2026-09-07T04:39:39Z INFO  minertim] H/s 1m:2243.4 5m:2146.8 10m:2144.7 | Shares: 546/1 (found:547) | Diff: 79440 | 1m9s elapsed (since last share, avg 35s) | best=101 target=54065 (999%)
[2026-09-07T04:39:49Z INFO  minertim] H/s 1m:2244.2 5m:2146.9 10m:2142.6 | Shares: 546/1 (found:547) | Diff: 79440 | 1m19s elapsed (since last share, avg 35s) | best=101 target=54065 (999%)
[2026-09-07T04:39:51Z INFO  minertim::miner] Worker 0 SHARE FOUND! job_id=0lvv8MXznVmnLO5I, nonce=38dc8603, hash_val=435, difficulty=79440, hash=cc45dca570604000dfc5d2270c23ab5b3e5a7d69eefe970a3e9a74a0b3010000
[2026-09-07T04:39:52Z INFO  minertim::pool_connection] New job: 2FN0B5oBHYzve1sq (difficulty: 79440, target: 31d30000)
[2026-09-07T04:39:53Z INFO  minertim::pool_connection] Share accepted by pool
[2026-09-07T04:39:54Z INFO  minertim::miner] Worker 3 SHARE FOUND! job_id=2FN0B5oBHYzve1sq, nonce=0f868c03, hash_val=15286, difficulty=79440, hash=c27dd94add8aaa63e6c204a7396e992962a4c0eacb9c7ede52f0304ab63b0000
[2026-09-07T04:39:59Z INFO  minertim] H/s 1m:2171.5 5m:2134.2 10m:2134.3 | Shares: 547/1 (found:549) | Diff: 79440 | 4s elapsed (since last share, avg 36s) | best=101 target=54065 (999%)
[2026-09-07T04:40:09Z INFO  minertim] H/s 1m:2062.7 5m:2115.7 10m:2123.2 | Shares: 547/1 (found:549) | Diff: 79440 | 14s elapsed (since last share, avg 38s) | best=101 target=54065 (999%)
[2026-09-07T04:40:12Z INFO  minertim::pool_connection] New job: fKGQVHFfNAYeBgWB (difficulty: 79440, target: 31d30000)
[2026-09-07T04:40:13Z INFO  minertim::pool_connection] Share accepted by pool
[2026-09-07T04:40:19Z INFO  minertim] H/s 1m:2015.1 5m:2107.6 10m:2117.3 | Shares: 548/1 (found:549) | Diff: 79440 | 24s elapsed (since last share, avg 39s) | best=101 target=54065 (999%)
[2026-09-07T04:40:29Z INFO  minertim] H/s 1m:2014.3 5m:2107.6 10m:2115.2 | Shares: 548/1 (found:549) | Diff: 79440 | 34s elapsed (since last share, avg 39s) | best=101 target=54065 (999%)
[2026-09-07T04:40:32Z INFO  minertim::pool_connection] New job: Uug135aIYFl8jJkb (difficulty: 79440, target: 31d30000)
[2026-09-07T04:40:39Z INFO  minertim] H/s 1m:2013.7 5m:2110.3 10m:2113.1 | Shares: 548/1 (found:549) | Diff: 79440 | 44s elapsed (since last share, avg 39s) | best=101 target=54065 (999%)
[2026-09-07T04:40:48Z INFO  minertim::miner] Worker 1 SHARE FOUND! job_id=Uug135aIYFl8jJkb, nonce=75498903, hash_val=10877, difficulty=79440, hash=f256c270f758fe45490cb04af78289f33f7d93dcb2af1b1b17b771987d2a0000
[2026-09-07T04:40:49Z INFO  minertim] H/s 1m:2087.9 5m:2110.4 10m:2111.2 | Shares: 548/1 (found:550) | Diff: 79440 | 0s elapsed (since last share, avg 38s) | best=101 target=54065 (999%)
[2026-09-07T04:40:52Z INFO  minertim::pool_connection] New job: 5DbdRL2KeOy6KL67 (difficulty: 79440, target: 31d30000)
[2026-09-07T04:40:52Z INFO  minertim::pool_connection] Share accepted by pool
[2026-09-07T04:40:53Z INFO  minertim::pool_connection] New job: w8fH5Kj0rPapFkP3 (difficulty: 79440, target: 31d30000)
[2026-09-07T04:40:59Z INFO  minertim] H/s 1m:2153.0 5m:2112.7 10m:2114.8 | Shares: 549/1 (found:550) | Diff: 79440 | 10s elapsed (since last share, avg 36s) | best=101 target=54065 (999%)
[2026-09-07T04:41:09Z INFO  minertim] H/s 1m:2199.2 5m:2131.1 10m:2112.7 | Shares: 549/1 (found:550) | Diff: 79440 | 20s elapsed (since last share, avg 36s) | best=101 target=54065 (999%)
[2026-09-07T04:41:13Z INFO  minertim::pool_connection] New job: HSpXE7yFvZQl6vJS (difficulty: 79440, target: 31d30000)
[2026-09-07T04:41:19Z INFO  minertim] H/s 1m:2199.1 5m:2138.5 10m:2110.7 | Shares: 549/1 (found:550) | Diff: 79440 | 30s elapsed (since last share, avg 36s) | best=101 target=54065 (999%)
[2026-09-07T04:41:29Z INFO  minertim] H/s 1m:2201.3 5m:2138.8 10m:2120.2 | Shares: 549/1 (found:550) | Diff: 79440 | 40s elapsed (since last share, avg 36s) | best=101 target=54065 (999%)
[2026-09-07T04:41:33Z INFO  minertim::pool_connection] New job: PftohOIb9co3xDX1 (difficulty: 79440, target: 31d30000)
[2026-09-07T04:41:37Z INFO  minertim::miner] Worker 0 SHARE FOUND! job_id=PftohOIb9co3xDX1, nonce=cc7c8a03, hash_val=35477, difficulty=79440, hash=4a4145382fbb28d636753a06476c886938f3f45781091aeb01c3bfff958a0000
[2026-09-07T04:41:39Z INFO  minertim] H/s 1m:2166.3 5m:2132.7 10m:2121.6 | Shares: 549/1 (found:551) | Diff: 79440 | 1s elapsed (since last share, avg 36s) | best=101 target=54065 (999%)
[2026-09-07T04:41:49Z INFO  minertim] H/s 1m:2119.0 5m:2117.2 10m:2114.1 | Shares: 549/1 (found:551) | Diff: 79440 | 11s elapsed (since last share, avg 37s) | best=101 target=54065 (999%)
[2026-09-07T04:41:53Z INFO  minertim::pool_connection] New job: UvJ0R56n5H8X1fZQ (difficulty: 79440, target: 31d30000)
[2026-09-07T04:41:53Z INFO  minertim::pool_connection] Share accepted by pool
[2026-09-07T04:41:59Z INFO  minertim] H/s 1m:2141.1 5m:2121.2 10m:2115.9 | Shares: 550/1 (found:551) | Diff: 79440 | 21s elapsed (since last share, avg 37s) | best=101 target=54065 (999%)
[2026-09-07T04:42:09Z INFO  minertim] H/s 1m:2164.9 5m:2125.4 10m:2117.9 | Shares: 550/1 (found:551) | Diff: 79440 | 31s elapsed (since last share, avg 36s) | best=101 target=54065 (999%)
[2026-09-07T04:42:13Z INFO  minertim::pool_connection] New job: jdtXKyCOn5nIlgjQ (difficulty: 79440, target: 31d30000)
[2026-09-07T04:42:19Z INFO  minertim] H/s 1m:2187.6 5m:2131.2 10m:2120.1 | Shares: 550/1 (found:551) | Diff: 79440 | 41s elapsed (since last share, avg 36s) | best=101 target=54065 (999%)
[2026-09-07T04:42:29Z INFO  minertim] H/s 1m:2246.7 5m:2144.4 10m:2131.1 | Shares: 550/1 (found:551) | Diff: 79440 | 51s elapsed (since last share, avg 35s) | best=101 target=54065 (999%)
[2026-09-07T04:42:33Z INFO  minertim::pool_connection] New job: n73y6VzMxVPc9Woj (difficulty: 79440, target: 31d30000)
[2026-09-07T04:42:39Z INFO  minertim] H/s 1m:2361.3 5m:2160.5 10m:2140.9 | Shares: 550/1 (found:551) | Diff: 79440 | 1m1s elapsed (since last share, avg 33s) | best=101 target=54065 (999%)
[2026-09-07T04:42:49Z INFO  minertim] H/s 1m:2364.6 5m:2174.5 10m:2143.0 | Shares: 550/1 (found:551) | Diff: 79440 | 1m11s elapsed (since last share, avg 33s) | best=101 target=54065 (999%)
[2026-09-07T04:42:53Z INFO  minertim::pool_connection] New job: cjDAdhMIjoJV8Rym (difficulty: 79440, target: 31d30000)
[2026-09-07T04:42:59Z INFO  minertim] H/s 1m:2364.6 5m:2197.1 10m:2145.1 | Shares: 550/1 (found:551) | Diff: 79440 | 1m21s elapsed (since last share, avg 33s) | best=101 target=54065 (999%)
[2026-09-07T04:43:09Z INFO  minertim] H/s 1m:2363.4 5m:2201.3 10m:2147.2 | Shares: 550/1 (found:551) | Diff: 79440 | 1m31s elapsed (since last share, avg 33s) | best=101 target=54065 (999%)
[2026-09-07T04:43:13Z INFO  minertim::pool_connection] New job: uv04PxQPv5iI4i8Q (difficulty: 79440, target: 31d30000)
[2026-09-07T04:43:19Z INFO  minertim] H/s 1m:2363.6 5m:2205.6 10m:2149.3 | Shares: 550/1 (found:551) | Diff: 79440 | 1m41s elapsed (since last share, avg 33s) | best=101 target=54065 (999%)
[2026-09-07T04:43:29Z INFO  minertim] H/s 1m:2363.6 5m:2216.0 10m:2151.5 | Shares: 550/1 (found:551) | Diff: 79440 | 1m51s elapsed (since last share, avg 33s) | best=101 target=54065 (999%)
[2026-09-07T04:43:32Z INFO  minertim::pool_connection] New job: 0BcrnfnXS38DbGIy (difficulty: 79440, target: 31d30000)
[2026-09-07T04:43:39Z INFO  minertim] H/s 1m:2362.8 5m:2220.1 10m:2153.5 | Shares: 550/1 (found:551) | Diff: 79440 | 2m1s elapsed (since last share, avg 33s) | best=101 target=54065 (999%)
[2026-09-07T04:43:41Z INFO  minertim::miner] Worker 2 SHARE FOUND! job_id=0BcrnfnXS38DbGIy, nonce=6ac88e03, hash_val=47737, difficulty=79440, hash=d5226dfef7a61aabf94b9d160eaa5bf1f8a190f9bd3ae05a9f192b4479ba0000
[2026-09-07T04:43:49Z INFO  minertim] H/s 1m:2248.4 5m:2204.6 10m:2155.0 | Shares: 550/1 (found:552) | Diff: 79440 | 8s elapsed (since last share, avg 35s) | best=101 target=54065 (999%)
[2026-09-07T04:43:52Z INFO  minertim::pool_connection] New job: DXLWZwZS5kqUrEdi (difficulty: 79440, target: 31d30000)
[2026-09-07T04:43:53Z INFO  minertim::pool_connection] Share accepted by pool
[2026-09-07T04:43:59Z INFO  minertim] H/s 1m:2229.0 5m:2205.5 10m:2163.1 | Shares: 551/1 (found:552) | Diff: 79440 | 18s elapsed (since last share, avg 35s) | best=101 target=54065 (999%)
[2026-09-07T04:44:09Z INFO  minertim] H/s 1m:2229.0 5m:2209.5 10m:2165.2 | Shares: 551/1 (found:552) | Diff: 79440 | 28s elapsed (since last share, avg 35s) | best=101 target=54065 (999%)
[2026-09-07T04:44:12Z INFO  minertim::pool_connection] New job: zKI23F4jIUPgdqix (difficulty: 79440, target: 31d30000)
[2026-09-07T04:44:19Z INFO  minertim] H/s 1m:2229.3 5m:2213.8 10m:2167.3 | Shares: 551/1 (found:552) | Diff: 79440 | 38s elapsed (since last share, avg 35s) | best=101 target=54065 (999%)
[2026-09-07T04:44:29Z INFO  minertim] H/s 1m:2230.1 5m:2217.8 10m:2178.7 | Shares: 551/1 (found:552) | Diff: 79440 | 48s elapsed (since last share, avg 35s) | best=101 target=54065 (999%)
[2026-09-07T04:44:32Z INFO  minertim::pool_connection] New job: 4KHkCKv8LFcU9BgQ (difficulty: 79440, target: 31d30000)
[2026-09-07T04:44:39Z INFO  minertim] H/s 1m:2344.3 5m:2221.8 10m:2185.3 | Shares: 551/1 (found:552) | Diff: 79440 | 58s elapsed (since last share, avg 33s) | best=101 target=54065 (999%)
[2026-09-07T04:44:49Z INFO  minertim] H/s 1m:2364.4 5m:2238.8 10m:2187.4 | Shares: 551/1 (found:552) | Diff: 79440 | 1m8s elapsed (since last share, avg 33s) | best=101 target=54065 (999%)
[2026-09-07T04:44:52Z INFO  minertim::pool_connection] New job: fwmKB2canfzDeVZ0 (difficulty: 79440, target: 31d30000)
[2026-09-07T04:44:59Z INFO  minertim] H/s 1m:2364.5 5m:2261.6 10m:2189.5 | Shares: 551/1 (found:552) | Diff: 79440 | 1m18s elapsed (since last share, avg 33s) | best=101 target=54065 (999%)
[2026-09-07T04:45:09Z INFO  minertim] H/s 1m:2362.3 5m:2273.6 10m:2191.5 | Shares: 551/1 (found:552) | Diff: 79440 | 1m28s elapsed (since last share, avg 33s) | best=101 target=54065 (999%)
[2026-09-07T04:45:12Z INFO  minertim::pool_connection] New job: JjF6f0lPwlqPGWKf (difficulty: 79440, target: 31d30000)
[2026-09-07T04:45:15Z INFO  minertim::miner] Worker 1 SHARE FOUND! job_id=JjF6f0lPwlqPGWKf, nonce=69bd9203, hash_val=30753, difficulty=79440, hash=629d57ab42e93d194b08355258ecd3fc6abf380324639228f25dbc6b21780000
[2026-09-07T04:45:19Z INFO  minertim] H/s 1m:2304.5 5m:2267.9 10m:2188.7 | Shares: 551/1 (found:553) | Diff: 79440 | 3s elapsed (since last share, avg 34s) | best=101 target=54065 (999%)
[2026-09-07T04:45:29Z INFO  minertim] H/s 1m:2191.0 5m:2252.4 10m:2181.0 | Shares: 551/1 (found:553) | Diff: 79440 | 13s elapsed (since last share, avg 36s) | best=101 target=54065 (999%)
[2026-09-07T04:45:32Z INFO  minertim::pool_connection] New job: G78m4r0XsRsUaYby (difficulty: 79440, target: 31d30000)
[2026-09-07T04:45:32Z INFO  minertim::pool_connection] Share accepted by pool
[2026-09-07T04:45:35Z INFO  minertim::miner] Worker 3 SHARE FOUND! job_id=G78m4r0XsRsUaYby, nonce=67049803, hash_val=31687, difficulty=79440, hash=6aff6196b81a515800c4a36359e0d37332acfb9f1afe5073a16a612cc77b0000
[2026-09-07T04:45:37Z INFO  minertim::miner] Worker 0 SHARE FOUND! job_id=G78m4r0XsRsUaYby, nonce=b8949203, hash_val=24365, difficulty=79440, hash=1b32d12121dae195d6338ad145626e6d98627f619b6cd99ae3c276fc2d5f0000
[2026-09-07T04:45:39Z INFO  minertim] H/s 1m:2048.6 5m:2232.0 10m:2172.4 | Shares: 552/1 (found:555) | Diff: 79440 | 1s elapsed (since last share, avg 38s) | best=101 target=54065 (999%)
[2026-09-07T04:45:49Z INFO  minertim] H/s 1m:1817.0 5m:2203.6 10m:2154.9 | Shares: 552/1 (found:555) | Diff: 79440 | 11s elapsed (since last share, avg 43s) | best=101 target=54065 (999%)
[2026-09-07T04:45:52Z INFO  minertim::pool_connection] New job: IYLRFnCDhsZk7cO1 (difficulty: 79440, target: 31d30000)
[2026-09-07T04:45:52Z INFO  minertim::pool_connection] Share accepted by pool
[2026-09-07T04:45:52Z INFO  minertim::pool_connection] Share accepted by pool
[2026-09-07T04:45:59Z INFO  minertim] H/s 1m:1777.7 5m:2201.0 10m:2158.2 | Shares: 554/1 (found:555) | Diff: 79440 | 21s elapsed (since last share, avg 44s) | best=101 target=54065 (999%)
[2026-09-07T04:46:09Z INFO  minertim] H/s 1m:1835.5 5m:2205.2 10m:2169.4 | Shares: 554/1 (found:555) | Diff: 79440 | 31s elapsed (since last share, avg 43s) | best=101 target=54065 (999%)
[2026-09-07T04:46:11Z INFO  minertim::pool_connection] New job: FtKZKpsd6XDr9oOi (difficulty: 79440, target: 31d30000)
[2026-09-07T04:46:19Z INFO  minertim] H/s 1m:1949.2 5m:2208.9 10m:2175.0 | Shares: 554/1 (found:555) | Diff: 79440 | 41s elapsed (since last share, avg 40s) | best=101 target=54065 (999%)
[2026-09-07T04:46:21Z INFO  minertim::pool_connection] New job: e0UlK0AHrPgLw0UT (difficulty: 79440, target: 31d30000)
[2026-09-07T04:46:29Z INFO  minertim] H/s 1m:2091.4 5m:2219.1 10m:2177.1 | Shares: 554/1 (found:555) | Diff: 79440 | 52s elapsed (since last share, avg 37s) | best=101 target=54065 (999%)
[2026-09-07T04:46:39Z INFO  minertim] H/s 1m:2322.5 5m:2238.7 10m:2179.1 | Shares: 554/1 (found:555) | Diff: 79440 | 1m2s elapsed (since last share, avg 34s) | best=101 target=54065 (999%)
[2026-09-07T04:46:40Z INFO  minertim::pool_connection] New job: MxDmIAsHcYvtUblo (difficulty: 79440, target: 31d30000)
[2026-09-07T04:46:49Z INFO  minertim] H/s 1m:2362.6 5m:2239.2 10m:2181.1 | Shares: 554/1 (found:555) | Diff: 79440 | 1m12s elapsed (since last share, avg 33s) | best=101 target=54065 (999%)
[2026-09-07T04:46:59Z INFO  minertim] H/s 1m:2360.7 5m:2238.9 10m:2183.1 | Shares: 554/1 (found:555) | Diff: 79440 | 1m22s elapsed (since last share, avg 33s) | best=101 target=54065 (999%)
[2026-09-07T04:47:00Z INFO  minertim::pool_connection] New job: 000iDiXMCoCYAn3s (difficulty: 79440, target: 31d30000)
[2026-09-07T04:47:03Z INFO  minertim::miner] Worker 0 SHARE FOUND! job_id=000iDiXMCoCYAn3s, nonce=282c9503, hash_val=19041, difficulty=79440, hash=530320d37fb12cc8dc49ed3e7a5a50bb3167d7cab0ceb57b390c73e7614a0000
[2026-09-07T04:47:09Z INFO  minertim] H/s 1m:2303.4 5m:2228.9 10m:2180.4 | Shares: 554/1 (found:556) | Diff: 79440 | 5s elapsed (since last share, avg 34s) | best=101 target=54065 (999%)
[2026-09-07T04:47:19Z INFO  minertim] H/s 1m:2189.2 5m:2209.2 10m:2173.4 | Shares: 554/1 (found:556) | Diff: 79440 | 15s elapsed (since last share, avg 36s) | best=101 target=54065 (999%)
[2026-09-07T04:47:20Z INFO  minertim::pool_connection] New job: vv0IZftay6xh80MV (difficulty: 79440, target: 31d30000)
[2026-09-07T04:47:20Z INFO  minertim::pool_connection] Share accepted by pool
[2026-09-07T04:47:29Z INFO  minertim] H/s 1m:2153.4 5m:2202.9 10m:2176.9 | Shares: 555/1 (found:556) | Diff: 79440 | 25s elapsed (since last share, avg 36s) | best=101 target=54065 (999%)
[2026-09-07T04:47:31Z INFO  minertim::pool_connection] New job: D10b6ANmI059X0cf (difficulty: 79440, target: 31d30000)
[2026-09-07T04:47:39Z INFO  minertim] H/s 1m:2155.4 5m:2203.1 10m:2184.9 | Shares: 555/1 (found:556) | Diff: 79440 | 35s elapsed (since last share, avg 36s) | best=101 target=54065 (999%)
[2026-09-07T04:47:49Z INFO  minertim] H/s 1m:2156.5 5m:2203.1 10m:2191.7 | Shares: 555/1 (found:556) | Diff: 79440 | 45s elapsed (since last share, avg 36s) | best=101 target=54065 (999%)
[2026-09-07T04:47:49Z INFO  minertim::miner] Worker 3 SHARE FOUND! job_id=D10b6ANmI059X0cf, nonce=db3f9c03, hash_val=41284, difficulty=79440, hash=82216c9e2e6adf6c5e0663ea7ac35a08137f46e1a0bebace3981fa2d44a10000
[2026-09-07T04:47:51Z INFO  minertim::pool_connection] New job: pTxzDhmqFo9W6Zvr (difficulty: 79440, target: 31d30000)
[2026-09-07T04:47:51Z INFO  minertim::pool_connection] Share accepted by pool
[2026-09-07T04:47:59Z INFO  minertim] H/s 1m:2193.6 5m:2199.6 10m:2201.1 | Shares: 556/1 (found:557) | Diff: 79440 | 9s elapsed (since last share, avg 36s) | best=101 target=54065 (999%)
[2026-09-07T04:48:09Z INFO  minertim] H/s 1m:2306.4 5m:2199.3 10m:2203.1 | Shares: 556/1 (found:557) | Diff: 79440 | 19s elapsed (since last share, avg 34s) | best=101 target=54065 (999%)
[2026-09-07T04:48:11Z INFO  minertim::pool_connection] New job: DBEMQtEdA0JZ0MXP (difficulty: 79440, target: 31d30000)
[2026-09-07T04:48:14Z INFO  minertim::miner] Worker 3 SHARE FOUND! job_id=DBEMQtEdA0JZ0MXP, nonce=77119d03, hash_val=25827, difficulty=79440, hash=51a4a1e4a3fadfd46a8a9e6cc10cc118dabd6c83d6e9c56337158a89e3640000
[2026-09-07T04:48:19Z INFO  minertim] H/s 1m:2285.7 5m:2189.4 10m:2200.4 | Shares: 556/1 (found:558) | Diff: 79440 | 5s elapsed (since last share, avg 34s) | best=101 target=54065 (999%)
[2026-09-07T04:48:29Z INFO  minertim] H/s 1m:2169.8 5m:2169.8 10m:2195.8 | Shares: 556/1 (found:558) | Diff: 79440 | 15s elapsed (since last share, avg 36s) | best=101 target=54065 (999%)
[2026-09-07T04:48:31Z INFO  minertim::pool_connection] New job: FVQaslU8yTkcoRIS (difficulty: 79440, target: 31d30000)
[2026-09-07T04:48:31Z INFO  minertim::pool_connection] Share accepted by pool
[2026-09-07T04:48:38Z INFO  minertim::miner] Worker 0 SHARE FOUND! job_id=FVQaslU8yTkcoRIS, nonce=b4fb9703, hash_val=10822, difficulty=79440, hash=44fd9dd49938488ecf1abfc1d4d6298ed9c88079a8ad64edde4cd0c9462a0000
[2026-09-07T04:48:38Z INFO  minertim::pool_connection] New job: TsE0ExCLI1QzCBvw (difficulty: 79440, target: 31d30000)
[2026-09-07T04:48:39Z INFO  minertim::pool_connection] Share accepted by pool
[2026-09-07T04:48:39Z INFO  minertim] H/s 1m:2138.8 5m:2184.2 10m:2195.2 | Shares: 558/1 (found:559) | Diff: 79440 | 1s elapsed (since last share, avg 37s) | best=101 target=54065 (999%)
[2026-09-07T04:48:44Z INFO  minertim::pool_connection] New job: N1ixsICO5YTQb3b2 (difficulty: 79440, target: 31d30000)
[2026-09-07T04:48:46Z INFO  minertim::miner] Worker 1 SHARE FOUND! job_id=N1ixsICO5YTQb3b2, nonce=a9cf9903, hash_val=24915, difficulty=79440, hash=abf4cff6981572a429ccc876562294cef25fbafae728c2c844c94b8453610000
[2026-09-07T04:48:48Z INFO  minertim::miner] Worker 3 SHARE FOUND! job_id=N1ixsICO5YTQb3b2, nonce=dbaf9d03, hash_val=44117, difficulty=79440, hash=9afaadcb7d7036f7736cb77b479f31eabbd0d286be69d05ed472044c55ac0000
[2026-09-07T04:48:49Z INFO  minertim] H/s 1m:2094.6 5m:2176.5 10m:2191.7 | Shares: 558/1 (found:561) | Diff: 79440 | 1s elapsed (since last share, avg 37s) | best=101 target=54065 (999%)
[2026-09-07T04:48:59Z INFO  minertim] H/s 1m:1864.1 5m:2136.4 10m:2174.2 | Shares: 558/1 (found:561) | Diff: 79440 | 11s elapsed (since last share, avg 42s) | best=101 target=54065 (999%)
[2026-09-07T04:49:04Z INFO  minertim::pool_connection] New job: 0UjMKelLcJ4VEcZ3 (difficulty: 79440, target: 31d30000)
[2026-09-07T04:49:05Z INFO  minertim::pool_connection] Share accepted by pool
[2026-09-07T04:49:05Z INFO  minertim::pool_connection] Share accepted by pool
[2026-09-07T04:49:09Z INFO  minertim] H/s 1m:1770.2 5m:2110.3 10m:2163.4 | Shares: 560/1 (found:561) | Diff: 79440 | 21s elapsed (since last share, avg 44s) | best=101 target=54065 (999%)
[2026-09-07T04:49:14Z INFO  minertim::miner] Worker 3 SHARE FOUND! job_id=0UjMKelLcJ4VEcZ3, nonce=e7089e03, hash_val=15149, difficulty=79440, hash=40bec36ea2818e3359d79db7a6765f2af827ede2e8cf709e84635f772d3b0000
[2026-09-07T04:49:19Z INFO  minertim] H/s 1m:1826.2 5m:2100.2 10m:2160.5 | Shares: 560/1 (found:562) | Diff: 79440 | 4s elapsed (since last share, avg 43s) | best=101 target=54065 (999%)
[2026-09-07T04:49:24Z INFO  minertim::pool_connection] New job: s5Ba5dnjrKKI7uAW (difficulty: 79440, target: 31d30000)
[2026-09-07T04:49:25Z INFO  minertim::pool_connection] Share accepted by pool
[2026-09-07T04:49:29Z INFO  minertim] H/s 1m:1798.2 5m:2090.0 10m:2157.4 | Shares: 561/1 (found:562) | Diff: 79440 | 14s elapsed (since last share, avg 44s) | best=101 target=54065 (999%)
[2026-09-07T04:49:39Z INFO  minertim] H/s 1m:1862.5 5m:2089.9 10m:2159.4 | Shares: 561/1 (found:562) | Diff: 79440 | 24s elapsed (since last share, avg 42s) | best=101 target=54065 (999%)
[2026-09-07T04:49:44Z INFO  minertim::pool_connection] New job: K8sdiCIc5iauEeIV (difficulty: 79440, target: 31d30000)
[2026-09-07T04:49:49Z INFO  minertim] H/s 1m:2095.6 5m:2090.0 10m:2167.8 | Shares: 561/1 (found:562) | Diff: 79440 | 35s elapsed (since last share, avg 37s) | best=101 target=54065 (999%)
[2026-09-07T04:49:59Z INFO  minertim] H/s 1m:2247.1 5m:2090.4 10m:2179.1 | Shares: 561/1 (found:562) | Diff: 79440 | 45s elapsed (since last share, avg 35s) | best=101 target=54065 (999%)
[2026-09-07T04:50:04Z INFO  minertim::pool_connection] New job: PdKlKa0y93xLjxkr (difficulty: 79440, target: 31d30000)
[2026-09-07T04:50:09Z INFO  minertim] H/s 1m:2305.1 5m:2100.3 10m:2185.1 | Shares: 561/1 (found:562) | Diff: 79440 | 55s elapsed (since last share, avg 34s) | best=101 target=54065 (999%)
[2026-09-07T04:50:11Z INFO  minertim::miner] Worker 3 SHARE FOUND! job_id=PdKlKa0y93xLjxkr, nonce=c7b39f03, hash_val=27964, difficulty=79440, hash=480209fba12b949e513ee91d10cef2aa1145d39bb0fd12a5657ec8633c6d0000
[2026-09-07T04:50:19Z INFO  minertim] H/s 1m:2308.5 5m:2110.3 10m:2182.4 | Shares: 561/1 (found:563) | Diff: 79440 | 8s elapsed (since last share, avg 34s) | best=101 target=54065 (999%)
[2026-09-07T04:50:24Z INFO  minertim::pool_connection] New job: Wd6ii1Ga0gTfCiEy (difficulty: 79440, target: 31d30000)
[2026-09-07T04:50:24Z INFO  minertim::pool_connection] Share accepted by pool
[2026-09-07T04:50:29Z INFO  minertim] H/s 1m:2267.8 5m:2127.7 10m:2180.9 | Shares: 562/1 (found:563) | Diff: 79440 | 18s elapsed (since last share, avg 35s) | best=101 target=54065 (999%)
[2026-09-07T04:50:39Z INFO  minertim] H/s 1m:2266.6 5m:2167.6 10m:2183.0 | Shares: 562/1 (found:563) | Diff: 79440 | 28s elapsed (since last share, avg 35s) | best=101 target=54065 (999%)
[2026-09-07T04:50:43Z INFO  minertim::pool_connection] New job: cx0bsD83j17s0klC (difficulty: 79440, target: 31d30000)
[2026-09-07T04:50:49Z INFO  minertim] H/s 1m:2266.3 5m:2174.6 10m:2188.7 | Shares: 562/1 (found:563) | Diff: 79440 | 38s elapsed (since last share, avg 35s) | best=101 target=54065 (999%)
[2026-09-07T04:50:53Z INFO  minertim::miner] Worker 1 SHARE FOUND! job_id=cx0bsD83j17s0klC, nonce=e1be9d03, hash_val=48259, difficulty=79440, hash=f41a891ccb14f4a1cc1091dc6767ebc2f09d2342f738ebb319eb7b8883bc0000
[2026-09-07T04:50:59Z INFO  minertim] H/s 1m:2209.5 5m:2164.8 10m:2186.0 | Shares: 562/1 (found:564) | Diff: 79440 | 6s elapsed (since last share, avg 35s) | best=101 target=54065 (999%)
[2026-09-07T04:51:03Z INFO  minertim::pool_connection] New job: 9zwPY9kvRhgBzZHR (difficulty: 79440, target: 31d30000)
[2026-09-07T04:51:04Z INFO  minertim::pool_connection] Share accepted by pool
[2026-09-07T04:51:09Z INFO  minertim] H/s 1m:2249.2 5m:2162.0 10m:2186.6 | Shares: 563/1 (found:564) | Diff: 79440 | 16s elapsed (since last share, avg 35s) | best=101 target=54065 (999%)
[2026-09-07T04:51:19Z INFO  minertim] H/s 1m:2291.4 5m:2162.2 10m:2188.6 | Shares: 563/1 (found:564) | Diff: 79440 | 26s elapsed (since last share, avg 34s) | best=101 target=54065 (999%)
[2026-09-07T04:51:23Z INFO  minertim::pool_connection] New job: PjhMoholORs12Asi (difficulty: 79440, target: 31d30000)
[2026-09-07T04:51:29Z INFO  minertim] H/s 1m:2291.3 5m:2162.2 10m:2193.6 | Shares: 563/1 (found:564) | Diff: 79440 | 36s elapsed (since last share, avg 34s) | best=101 target=54065 (999%)
[2026-09-07T04:51:39Z INFO  minertim] H/s 1m:2293.1 5m:2162.7 10m:2203.4 | Shares: 563/1 (found:564) | Diff: 79440 | 46s elapsed (since last share, avg 34s) | best=101 target=54065 (999%)
[2026-09-07T04:51:43Z INFO  minertim::pool_connection] New job: 76H5AVNOM3HGlRl6 (difficulty: 79440, target: 31d30000)
[2026-09-07T04:51:48Z INFO  minertim::miner] Worker 1 SHARE FOUND! job_id=76H5AVNOM3HGlRl6, nonce=615f9f03, hash_val=23309, difficulty=79440, hash=88d866e7b9edce9f35b93a4bac48f7d9416429f55f6bbc435f191b8c0d5b0000
[2026-09-07T04:51:49Z INFO  minertim] H/s 1m:2293.3 5m:2153.2 10m:2198.9 | Shares: 563/1 (found:565) | Diff: 79440 | 0s elapsed (since last share, avg 34s) | best=101 target=54065 (999%)
[2026-09-07T04:51:59Z INFO  minertim] H/s 1m:2195.3 5m:2143.4 10m:2189.2 | Shares: 563/1 (found:565) | Diff: 79440 | 10s elapsed (since last share, avg 36s) | best=101 target=54065 (999%)
[2026-09-07T04:52:00Z INFO  minertim::miner] Worker 0 SHARE FOUND! job_id=76H5AVNOM3HGlRl6, nonce=b44b9f03, hash_val=21480, difficulty=79440, hash=e9cd1c2637ba3f9c1e1b0d4cafd6399d02285dbf051244b1115627dae8530000
[2026-09-07T04:52:03Z INFO  minertim::pool_connection] New job: neuaSBNxcXa22BSt (difficulty: 79440, target: 31d30000)
[2026-09-07T04:52:03Z INFO  minertim::pool_connection] Share accepted by pool
[2026-09-07T04:52:04Z INFO  minertim::pool_connection] Share accepted by pool
[2026-09-07T04:52:06Z INFO  minertim::miner] Worker 2 SHARE FOUND! job_id=neuaSBNxcXa22BSt, nonce=7ab0a003, hash_val=21611, difficulty=79440, hash=3446d386ea43799f4bf060c61e28414b7f1b8dbc70489b0e7c22a89c6b540000
[2026-09-07T04:52:09Z INFO  minertim] H/s 1m:2135.9 5m:2153.0 10m:2184.2 | Shares: 565/1 (found:567) | Diff: 79440 | 3s elapsed (since last share, avg 37s) | best=101 target=54065 (999%)
[2026-09-07T04:52:19Z INFO  minertim] H/s 1m:2022.3 5m:2139.6 10m:2174.5 | Shares: 565/1 (found:567) | Diff: 79440 | 13s elapsed (since last share, avg 39s) | best=101 target=54065 (999%)
[2026-09-07T04:52:23Z INFO  minertim::pool_connection] New job: X0wE05i6ksmvHKXq (difficulty: 79440, target: 31d30000)
[2026-09-07T04:52:23Z INFO  minertim::pool_connection] Share accepted by pool
[2026-09-07T04:52:29Z INFO  minertim] H/s 1m:2005.3 5m:2136.8 10m:2173.3 | Shares: 566/1 (found:567) | Diff: 79440 | 23s elapsed (since last share, avg 39s) | best=101 target=54065 (999%)
[2026-09-07T04:52:39Z INFO  minertim] H/s 1m:2064.5 5m:2137.3 10m:2173.4 | Shares: 566/1 (found:567) | Diff: 79440 | 33s elapsed (since last share, avg 38s) | best=101 target=54065 (999%)
[2026-09-07T04:52:43Z INFO  minertim::pool_connection] New job: CbcQ5bs90uivPYzZ (difficulty: 79440, target: 31d30000)
[2026-09-07T04:52:49Z INFO  minertim] H/s 1m:2182.0 5m:2141.3 10m:2173.7 | Shares: 566/1 (found:567) | Diff: 79440 | 43s elapsed (since last share, avg 36s) | best=101 target=54065 (999%)
[2026-09-07T04:52:59Z INFO  minertim] H/s 1m:2243.1 5m:2142.1 10m:2174.0 | Shares: 566/1 (found:567) | Diff: 79440 | 53s elapsed (since last share, avg 35s) | best=101 target=54065 (999%)
[2026-09-07T04:53:03Z INFO  minertim::pool_connection] New job: 0bI05LCGuIYeE0Tg (difficulty: 79440, target: 31d30000)
[2026-09-07T04:53:06Z INFO  minertim::miner] Worker 3 SHARE FOUND! job_id=0bI05LCGuIYeE0Tg, nonce=8392a503, hash_val=33055, difficulty=79440, hash=1fd62fc7b90fc79c6089078fad5655f25408bf5dba12dd71c1f0515d1f810000
[2026-09-07T04:53:09Z INFO  minertim] H/s 1m:2300.4 5m:2142.1 10m:2169.2 | Shares: 566/1 (found:568) | Diff: 79440 | 3s elapsed (since last share, avg 34s) | best=101 target=54065 (999%)
[2026-09-07T04:53:13Z INFO  minertim::miner] Worker 1 SHARE FOUND! job_id=0bI05LCGuIYeE0Tg, nonce=2df0a103, hash_val=7124, difficulty=79440, hash=a71c67ca7e3fb1815f1a69e1cd94a0f5d093af613c8e958d4f0ee9b1d41b0000
[2026-09-07T04:53:19Z INFO  minertim] H/s 1m:2141.9 5m:2132.0 10m:2154.5 | Shares: 566/1 (found:569) | Diff: 79440 | 5s elapsed (since last share, avg 37s) | best=101 target=54065 (999%)
[2026-09-07T04:53:22Z INFO  minertim::miner] Worker 0 SHARE FOUND! job_id=0bI05LCGuIYeE0Tg, nonce=7c29a203, hash_val=22170, difficulty=79440, hash=2a454b0f83a97d622d8607febba9acfad86c3305bffdd506573e02249a560000
[2026-09-07T04:53:23Z INFO  minertim::pool_connection] New job: WERBuy297nUaubAs (difficulty: 79440, target: 31d30000)
[2026-09-07T04:53:23Z INFO  minertim::pool_connection] Share accepted by pool
[2026-09-07T04:53:23Z INFO  minertim::pool_connection] Share accepted by pool
[2026-09-07T04:53:23Z INFO  minertim::pool_connection] Share accepted by pool
[2026-09-07T04:53:29Z INFO  minertim] H/s 1m:2044.1 5m:2121.0 10m:2146.4 | Shares: 569/1 (found:570) | Diff: 79440 | 7s elapsed (since last share, avg 38s) | best=101 target=54065 (999%)
[2026-09-07T04:53:39Z INFO  minertim] H/s 1m:2043.8 5m:2132.6 10m:2156.4 | Shares: 569/1 (found:570) | Diff: 79440 | 17s elapsed (since last share, avg 38s) | best=101 target=54065 (999%)
[2026-09-07T04:53:42Z INFO  minertim::pool_connection] New job: 17Nb44TuiMhdAHxt (difficulty: 119162, target: cb8c0000)
[2026-09-07T04:53:42Z INFO  minertim::pool_connection] New job: 80xpC0FI03UFgRBC (difficulty: 119162, target: cb8c0000)
[2026-09-07T04:53:46Z INFO  minertim::miner] Worker 3 SHARE FOUND! job_id=80xpC0FI03UFgRBC, nonce=2f6ea603, hash_val=6883, difficulty=119162, hash=3367eca04ef6dafced7639d745629c9fc59ff2215b1fb2b52bcefc62e31a0000
[2026-09-07T04:53:49Z INFO  minertim] H/s 1m:1984.7 5m:2162.9 10m:2153.3 | Shares: 569/1 (found:571) | Diff: 119162 | 3s elapsed (since last share, avg 1m0s) | best=101 target=36043 (999%)
[2026-09-07T04:53:59Z INFO  minertim] H/s 1m:1927.4 5m:2169.2 10m:2143.6 | Shares: 569/1 (found:571) | Diff: 119162 | 13s elapsed (since last share, avg 1m1s) | best=101 target=36043 (999%)
[2026-09-07T04:54:02Z INFO  minertim::pool_connection] New job: IxOZKhmEODVIdSfN (difficulty: 119162, target: cb8c0000)
[2026-09-07T04:54:02Z INFO  minertim::pool_connection] Share accepted by pool
[2026-09-07T04:54:09Z INFO  minertim] H/s 1m:2087.9 5m:2177.1 10m:2142.5 | Shares: 570/1 (found:571) | Diff: 119162 | 23s elapsed (since last share, avg 57s) | best=101 target=36043 (999%)
[2026-09-07T04:54:19Z INFO  minertim] H/s 1m:2185.8 5m:2187.8 10m:2142.7 | Shares: 570/1 (found:571) | Diff: 119162 | 33s elapsed (since last share, avg 54s) | best=101 target=36043 (999%)
[2026-09-07T04:54:20Z INFO  minertim::miner] Worker 1 SHARE FOUND! job_id=IxOZKhmEODVIdSfN, nonce=0104a403, hash_val=2996, difficulty=119162, hash=a4b11e7152f9a4b9f24dabe5ced8054f85f7b3c06a5989eb27ec29b5b40b0000
[2026-09-07T04:54:22Z INFO  minertim::pool_connection] New job: roHYoGNO3F3lkfog (difficulty: 119162, target: cb8c0000)
[2026-09-07T04:54:22Z INFO  minertim::pool_connection] Share accepted by pool
[2026-09-07T04:54:29Z INFO  minertim] H/s 1m:2157.1 5m:2183.4 10m:2140.5 | Shares: 571/1 (found:572) | Diff: 119162 | 9s elapsed (since last share, avg 55s) | best=101 target=36043 (999%)
[2026-09-07T04:54:39Z INFO  minertim] H/s 1m:2216.5 5m:2183.7 10m:2140.7 | Shares: 571/1 (found:572) | Diff: 119162 | 19s elapsed (since last share, avg 53s) | best=101 target=36043 (999%)
[2026-09-07T04:54:42Z INFO  minertim::pool_connection] New job: 04iKXF1PIH82KQg2 (difficulty: 178740, target: dd5d0000)
[2026-09-07T04:54:42Z INFO  minertim::pool_connection] New job: bpqrQciguAUTs3hJ (difficulty: 178740, target: dd5d0000)
[2026-09-07T04:54:49Z INFO  minertim] H/s 1m:2332.6 5m:2184.0 10m:2140.9 | Shares: 571/1 (found:572) | Diff: 178740 | 29s elapsed (since last share, avg 1m16s) | best=101 target=24029 (999%)
[2026-09-07T04:54:59Z INFO  minertim] H/s 1m:2347.6 5m:2184.4 10m:2141.2 | Shares: 571/1 (found:572) | Diff: 178740 | 39s elapsed (since last share, avg 1m16s) | best=101 target=24029 (999%)
[2026-09-07T04:55:02Z INFO  minertim::pool_connection] New job: OLKWGxdeSAGprLou (difficulty: 178740, target: dd5d0000)
[2026-09-07T04:55:03Z INFO  minertim::pool_connection] New job: LDDZbMGWrvQrE0Bg (difficulty: 178740, target: dd5d0000)
[2026-09-07T04:55:09Z INFO  minertim] H/s 1m:2347.9 5m:2194.6 10m:2146.3 | Shares: 571/1 (found:572) | Diff: 178740 | 49s elapsed (since last share, avg 1m16s) | best=101 target=24029 (999%)
[2026-09-07T04:55:19Z INFO  minertim] H/s 1m:2376.9 5m:2202.2 10m:2156.3 | Shares: 571/1 (found:572) | Diff: 178740 | 59s elapsed (since last share, avg 1m15s) | best=101 target=24029 (999%)
[2026-09-07T04:55:23Z INFO  minertim::pool_connection] New job: PdLxPDRqlXvDSOyR (difficulty: 178740, target: dd5d0000)
[2026-09-07T04:55:29Z INFO  minertim] H/s 1m:2376.1 5m:2202.6 10m:2168.5 | Shares: 571/1 (found:572) | Diff: 178740 | 1m9s elapsed (since last share, avg 1m15s) | best=101 target=24029 (999%)
[2026-09-07T04:55:39Z INFO  minertim] H/s 1m:2376.3 5m:2202.9 10m:2188.3 | Shares: 571/1 (found:572) | Diff: 178740 | 1m19s elapsed (since last share, avg 1m15s) | best=101 target=24029 (999%)
[2026-09-07T04:55:42Z INFO  minertim::pool_connection] New job: eRt6czjOMCzZ1qoj (difficulty: 100542, target: dea60000)
[2026-09-07T04:55:43Z INFO  minertim::pool_connection] New job: mlM2rqutpRM4DA20 (difficulty: 100542, target: dea60000)
[2026-09-07T04:55:49Z INFO  minertim] H/s 1m:2375.9 5m:2213.1 10m:2191.9 | Shares: 571/1 (found:572) | Diff: 100542 | 1m29s elapsed (since last share, avg 42s) | best=101 target=42718 (999%)
[2026-09-07T04:55:59Z INFO  minertim] H/s 1m:2375.8 5m:2216.4 10m:2192.1 | Shares: 571/1 (found:572) | Diff: 100542 | 1m39s elapsed (since last share, avg 42s) | best=101 target=42718 (999%)
[2026-09-07T04:56:03Z INFO  minertim::pool_connection] New job: FwePowWCRC049KGg (difficulty: 100542, target: dea60000)
[2026-09-07T04:56:09Z INFO  minertim] H/s 1m:2375.5 5m:2216.7 10m:2192.4 | Shares: 571/1 (found:572) | Diff: 100542 | 1m49s elapsed (since last share, avg 42s) | best=101 target=42718 (999%)
[2026-09-07T04:56:19Z INFO  minertim] H/s 1m:2376.0 5m:2217.2 10m:2192.6 | Shares: 571/1 (found:572) | Diff: 100542 | 1m59s elapsed (since last share, avg 42s) | best=101 target=42718 (999%)
[2026-09-07T04:56:22Z INFO  minertim::miner] Worker 3 SHARE FOUND! job_id=FwePowWCRC049KGg, nonce=a382ab03, hash_val=20282, difficulty=100542, hash=0b2fd1f0d68e8c520e124b4daca71d12676973c5c1263eff4c2f5ae03a4f0000
[2026-09-07T04:56:23Z INFO  minertim::pool_connection] New job: NAMbPwY6ZCwrwZiv (difficulty: 100542, target: dea60000)
[2026-09-07T04:56:23Z INFO  minertim::pool_connection] Share accepted by pool
[2026-09-07T04:56:29Z INFO  minertim] H/s 1m:2371.4 5m:2216.4 10m:2192.5 | Shares: 572/1 (found:573) | Diff: 100542 | 7s elapsed (since last share, avg 42s) | best=101 target=42718 (999%)
[2026-09-07T04:56:39Z INFO  minertim] H/s 1m:2371.7 5m:2226.6 10m:2192.7 | Shares: 572/1 (found:573) | Diff: 100542 | 17s elapsed (since last share, avg 42s) | best=101 target=42718 (999%)
[2026-09-07T04:56:42Z INFO  minertim::pool_connection] New job: p3nJtEQBMba2fI2Q (difficulty: 100542, target: dea60000)
[2026-09-07T04:56:49Z INFO  minertim] H/s 1m:2371.8 5m:2246.9 10m:2193.1 | Shares: 572/1 (found:573) | Diff: 100542 | 27s elapsed (since last share, avg 42s) | best=101 target=42718 (999%)
[2026-09-07T04:56:59Z INFO  minertim] H/s 1m:2372.1 5m:2257.4 10m:2198.2 | Shares: 572/1 (found:573) | Diff: 100542 | 37s elapsed (since last share, avg 42s) | best=101 target=42718 (999%)
[2026-09-07T04:57:02Z INFO  minertim::pool_connection] New job: 69KHKx0bIy7w81Vv (difficulty: 100542, target: dea60000)
[2026-09-07T04:57:09Z INFO  minertim] H/s 1m:2372.0 5m:2277.5 10m:2208.1 | Shares: 572/1 (found:573) | Diff: 100542 | 47s elapsed (since last share, avg 42s) | best=101 target=42718 (999%)
[2026-09-07T04:57:20Z INFO  minertim] H/s 1m:2376.5 5m:2280.4 10m:2211.4 | Shares: 572/1 (found:573) | Diff: 100542 | 57s elapsed (since last share, avg 42s) | best=101 target=42718 (999%)
[2026-09-07T04:57:22Z INFO  minertim::pool_connection] New job: R0cQFOcLBquNLCja (difficulty: 100542, target: dea60000)
[2026-09-07T04:57:30Z INFO  minertim] H/s 1m:2376.7 5m:2280.5 10m:2211.5 | Shares: 572/1 (found:573) | Diff: 100542 | 1m7s elapsed (since last share, avg 42s) | best=101 target=42718 (999%)
[2026-09-07T04:57:40Z INFO  minertim] H/s 1m:2376.9 5m:2280.5 10m:2211.8 | Shares: 572/1 (found:573) | Diff: 100542 | 1m17s elapsed (since last share, avg 42s) | best=101 target=42718 (999%)
[2026-09-07T04:57:42Z INFO  minertim::pool_connection] New job: peg07fKuEKopcvXY (difficulty: 75407, target: 7dde0000)
[2026-09-07T04:57:42Z INFO  minertim::pool_connection] New job: aNMo21C5GkoYabNa (difficulty: 75407, target: 7dde0000)
[2026-09-07T04:57:50Z INFO  minertim] H/s 1m:2376.8 5m:2280.5 10m:2213.7 | Shares: 572/1 (found:573) | Diff: 75407 | 1m27s elapsed (since last share, avg 31s) | best=101 target=56957 (999%)
[2026-09-07T04:58:00Z INFO  minertim] H/s 1m:2376.8 5m:2290.7 10m:2214.1 | Shares: 572/1 (found:573) | Diff: 75407 | 1m37s elapsed (since last share, avg 31s) | best=101 target=56957 (999%)
[2026-09-07T04:58:02Z INFO  minertim::pool_connection] New job: rQFJ0RGklXgRjUaP (difficulty: 75407, target: 7dde0000)
[2026-09-07T04:58:10Z INFO  minertim] H/s 1m:2377.1 5m:2320.9 10m:2219.1 | Shares: 572/1 (found:573) | Diff: 75407 | 1m47s elapsed (since last share, avg 31s) | best=101 target=56957 (999%)
[2026-09-07T04:58:14Z INFO  minertim::miner] Worker 3 SHARE FOUND! job_id=rQFJ0RGklXgRjUaP, nonce=4789af03, hash_val=827, difficulty=75407, hash=33ef4643f2297543241e1d6cece33c0ce220c0fb1feee69c1b0f3f123b030000
[2026-09-07T04:58:20Z INFO  minertim] H/s 1m:2317.9 5m:2327.7 10m:2224.0 | Shares: 572/1 (found:574) | Diff: 75407 | 5s elapsed (since last share, avg 32s) | best=101 target=56957 (999%)
[2026-09-07T04:58:22Z INFO  minertim::pool_connection] New job: Scakkl0LX00E0Smk (difficulty: 75407, target: 7dde0000)
[2026-09-07T04:58:22Z INFO  minertim::pool_connection] Share accepted by pool
[2026-09-07T04:58:30Z INFO  minertim] H/s 1m:2276.6 5m:2320.6 10m:2223.4 | Shares: 573/1 (found:574) | Diff: 75407 | 15s elapsed (since last share, avg 33s) | best=101 target=56957 (999%)
[2026-09-07T04:58:40Z INFO  minertim] H/s 1m:2276.5 5m:2330.8 10m:2229.2 | Shares: 573/1 (found:574) | Diff: 75407 | 25s elapsed (since last share, avg 33s) | best=101 target=56957 (999%)
[2026-09-07T04:58:41Z INFO  minertim::pool_connection] New job: wzEa3Juw00foiGfw (difficulty: 75407, target: 7dde0000)
[2026-09-07T04:58:50Z INFO  minertim] H/s 1m:2276.9 5m:2350.9 10m:2249.1 | Shares: 573/1 (found:574) | Diff: 75407 | 35s elapsed (since last share, avg 33s) | best=101 target=56957 (999%)
[2026-09-07T04:59:00Z INFO  minertim] H/s 1m:2277.0 5m:2353.5 10m:2262.1 | Shares: 573/1 (found:574) | Diff: 75407 | 45s elapsed (since last share, avg 33s) | best=101 target=56957 (999%)
[2026-09-07T04:59:01Z INFO  minertim::pool_connection] New job: G3DOfWY6QidoExcM (difficulty: 75407, target: 7dde0000)
[2026-09-07T04:59:10Z INFO  minertim] H/s 1m:2335.6 5m:2353.5 10m:2267.2 | Shares: 573/1 (found:574) | Diff: 75407 | 55s elapsed (since last share, avg 32s) | best=101 target=56957 (999%)
[2026-09-07T04:59:20Z INFO  minertim] H/s 1m:2376.7 5m:2358.5 10m:2272.5 | Shares: 573/1 (found:574) | Diff: 75407 | 1m5s elapsed (since last share, avg 31s) | best=101 target=56957 (999%)
[2026-09-07T04:59:21Z INFO  minertim::miner] Worker 1 SHARE FOUND! job_id=G3DOfWY6QidoExcM, nonce=d5e2ae03, hash_val=32103, difficulty=75407, hash=4ff1fd95513f0fdf25706d5ba3ed32b7ad48965c46d01e7fb474c1eb677d0000
[2026-09-07T04:59:21Z INFO  minertim::pool_connection] New job: Xq0bctnRrLkkBk0g (difficulty: 75407, target: 7dde0000)
[2026-09-07T04:59:21Z INFO  minertim::pool_connection] Share accepted by pool
[2026-09-07T04:59:29Z INFO  minertim::pool_connection] New job: DKQGGC2LzRSCGMca (difficulty: 75407, target: 7dde0000)
[2026-09-07T04:59:30Z INFO  minertim] H/s 1m:2375.6 5m:2358.2 10m:2272.6 | Shares: 574/1 (found:575) | Diff: 75407 | 8s elapsed (since last share, avg 31s) | best=101 target=56957 (999%)
[2026-09-07T04:59:31Z INFO  minertim::miner] Worker 1 SHARE FOUND! job_id=DKQGGC2LzRSCGMca, nonce=d141af03, hash_val=21476, difficulty=75407, hash=9d06268808a18b76fe732b909b70caf02ea3c16d7450a228a444fbb1e4530000
[2026-09-07T04:59:40Z INFO  minertim] H/s 1m:2257.5 5m:2338.0 10m:2262.8 | Shares: 574/1 (found:576) | Diff: 75407 | 8s elapsed (since last share, avg 33s) | best=101 target=56957 (999%)
[2026-09-07T04:59:49Z INFO  minertim::pool_connection] New job: IqAwaV8NKj4j0gN9 (difficulty: 75407, target: 7dde0000)
[2026-09-07T04:59:49Z INFO  minertim::pool_connection] Share accepted by pool
[2026-09-07T04:59:50Z INFO  minertim] H/s 1m:2184.3 5m:2325.4 10m:2256.7 | Shares: 575/1 (found:576) | Diff: 75407 | 18s elapsed (since last share, avg 34s) | best=101 target=56957 (999%)
[2026-09-07T04:59:57Z INFO  minertim::miner] Worker 1 SHARE FOUND! job_id=IqAwaV8NKj4j0gN9, nonce=ad8caf03, hash_val=43203, difficulty=75407, hash=77a9d4b874ff21b040d9d1d301e29e426a93fadfb8b66d3ee95854a9c3a80000
[2026-09-07T05:00:00Z INFO  minertim] H/s 1m:2124.2 5m:2315.0 10m:2251.8 | Shares: 575/1 (found:577) | Diff: 75407 | 2s elapsed (since last share, avg 35s) | best=101 target=56957 (999%)
[2026-09-07T05:00:05Z INFO  minertim::pool_connection] New job: 1bbOgvZ66s7zPfZo (difficulty: 75407, target: 7dde0000)
[2026-09-07T05:00:06Z INFO  minertim::pool_connection] Share accepted by pool
[2026-09-07T05:00:10Z INFO  minertim] H/s 1m:2041.1 5m:2300.6 10m:2249.8 | Shares: 576/1 (found:577) | Diff: 75407 | 12s elapsed (since last share, avg 36s) | best=101 target=56957 (999%)
[2026-09-07T05:00:20Z INFO  minertim] H/s 1m:2040.6 5m:2300.4 10m:2253.4 | Shares: 576/1 (found:577) | Diff: 75407 | 22s elapsed (since last share, avg 36s) | best=101 target=56957 (999%)
[2026-09-07T05:00:21Z INFO  minertim::miner] Worker 0 SHARE FOUND! job_id=1bbOgvZ66s7zPfZo, nonce=b457b103, hash_val=30487, difficulty=75407, hash=db49204ce88864c3cb7eadc019a3dda743d91f9717a82f00dcdc907817770000
[2026-09-07T05:00:25Z INFO  minertim::pool_connection] New job: c0Dwsz3f07KAdxVW (difficulty: 75407, target: 7dde0000)
[2026-09-07T05:00:26Z INFO  minertim::pool_connection] Share accepted by pool
[2026-09-07T05:00:30Z INFO  minertim] H/s 1m:2075.3 5m:2286.1 10m:2246.6 | Shares: 577/1 (found:578) | Diff: 75407 | 8s elapsed (since last share, avg 36s) | best=101 target=56957 (999%)
[2026-09-07T05:00:40Z INFO  minertim] H/s 1m:2148.6 5m:2286.2 10m:2246.8 | Shares: 577/1 (found:578) | Diff: 75407 | 18s elapsed (since last share, avg 35s) | best=101 target=56957 (999%)
[2026-09-07T05:00:45Z INFO  minertim::pool_connection] New job: lLqFzpc80uY6abZ1 (difficulty: 75407, target: 7dde0000)
[2026-09-07T05:00:50Z INFO  minertim] H/s 1m:2208.8 5m:2286.2 10m:2251.8 | Shares: 577/1 (found:578) | Diff: 75407 | 28s elapsed (since last share, avg 34s) | best=101 target=56957 (999%)
[2026-09-07T05:01:00Z INFO  minertim] H/s 1m:2292.5 5m:2286.3 10m:2253.5 | Shares: 577/1 (found:578) | Diff: 75407 | 38s elapsed (since last share, avg 32s) | best=101 target=56957 (999%)
[2026-09-07T05:01:05Z INFO  minertim::pool_connection] New job: 3LG5fJ4HsVv07g5f (difficulty: 75407, target: 7dde0000)
[2026-09-07T05:01:09Z INFO  minertim::miner] Worker 3 SHARE FOUND! job_id=3LG5fJ4HsVv07g5f, nonce=af9ab503, hash_val=45753, difficulty=75407, hash=7ec16284ef52e6b523fb2f2a99427806f77e9921e205acbfe6cc8ed1b9b20000
[2026-09-07T05:01:10Z INFO  minertim] H/s 1m:2294.0 5m:2286.3 10m:2253.6 | Shares: 577/1 (found:579) | Diff: 75407 | 0s elapsed (since last share, avg 32s) | best=101 target=56957 (999%)
[2026-09-07T05:01:20Z INFO  minertim] H/s 1m:2259.3 5m:2266.8 10m:2243.9 | Shares: 577/1 (found:579) | Diff: 75407 | 10s elapsed (since last share, avg 33s) | best=101 target=56957 (999%)
[2026-09-07T05:01:23Z INFO  minertim::pool_connection] Share accepted by pool
[2026-09-07T05:01:25Z INFO  minertim::pool_connection] New job: cYsAunU1oV0NHxnc (difficulty: 75407, target: 7dde0000)
[2026-09-07T05:01:30Z INFO  minertim] H/s 1m:2222.8 5m:2260.5 10m:2240.8 | Shares: 578/1 (found:579) | Diff: 75407 | 20s elapsed (since last share, avg 33s) | best=101 target=56957 (999%)
[2026-09-07T05:01:40Z INFO  minertim] H/s 1m:2216.0 5m:2259.3 10m:2245.2 | Shares: 578/1 (found:579) | Diff: 75407 | 30s elapsed (since last share, avg 34s) | best=101 target=56957 (999%)
[2026-09-07T05:01:45Z INFO  minertim::pool_connection] New job: naHJDdfIIj8t6VMO (difficulty: 75407, target: 7dde0000)
[2026-09-07T05:01:50Z INFO  minertim] H/s 1m:2208.2 5m:2258.0 10m:2254.6 | Shares: 578/1 (found:579) | Diff: 75407 | 40s elapsed (since last share, avg 34s) | best=101 target=56957 (999%)
[2026-09-07T05:02:00Z INFO  minertim] H/s 1m:2194.7 5m:2255.7 10m:2258.6 | Shares: 578/1 (found:579) | Diff: 75407 | 50s elapsed (since last share, avg 34s) | best=101 target=56957 (999%)
[2026-09-07T05:02:05Z INFO  minertim::pool_connection] New job: 010VTSLQXxMVBYt1 (difficulty: 75407, target: 7dde0000)
[2026-09-07T05:02:10Z INFO  minertim] H/s 1m:2299.1 5m:2253.4 10m:2267.3 | Shares: 578/1 (found:579) | Diff: 75407 | 1m0s elapsed (since last share, avg 32s) | best=101 target=56957 (999%)
[2026-09-07T05:02:20Z INFO  minertim] H/s 1m:2319.5 5m:2250.6 10m:2267.4 | Shares: 578/1 (found:579) | Diff: 75407 | 1m10s elapsed (since last share, avg 32s) | best=101 target=56957 (999%)
[2026-09-07T05:02:23Z INFO  minertim::miner] Worker 1 SHARE FOUND! job_id=010VTSLQXxMVBYt1, nonce=9d80b403, hash_val=47246, difficulty=75407, hash=4852c2a8bdbde29a4b9081226bb03332d31220f2cd45fc4be2fe11498eb80000
[2026-09-07T05:02:25Z INFO  minertim::pool_connection] New job: eEADDizgDkSRu56i (difficulty: 75407, target: 7dde0000)
[2026-09-07T05:02:25Z INFO  minertim::pool_connection] Share accepted by pool
[2026-09-07T05:02:30Z INFO  minertim] H/s 1m:2286.1 5m:2243.6 10m:2264.0 | Shares: 579/1 (found:580) | Diff: 75407 | 6s elapsed (since last share, avg 32s) | best=101 target=56957 (999%)
[2026-09-07T05:02:40Z INFO  minertim] H/s 1m:2292.1 5m:2243.4 10m:2263.9 | Shares: 579/1 (found:580) | Diff: 75407 | 16s elapsed (since last share, avg 32s) | best=101 target=56957 (999%)
[2026-09-07T05:02:41Z INFO  minertim::miner] Worker 0 SHARE FOUND! job_id=eEADDizgDkSRu56i, nonce=842db603, hash_val=998, difficulty=75407, hash=4561b44663bc99dbf79861604c990cd8ecba3389495168ea2bcd5123e6030000
[2026-09-07T05:02:45Z INFO  minertim::pool_connection] New job: BPek8kHaEoH8cQJe (difficulty: 75407, target: 7dde0000)
[2026-09-07T05:02:45Z INFO  minertim::pool_connection] Share accepted by pool
[2026-09-07T05:02:50Z INFO  minertim] H/s 1m:2256.4 5m:2234.9 10m:2259.7 | Shares: 580/1 (found:581) | Diff: 75407 | 9s elapsed (since last share, avg 33s) | best=101 target=56957 (999%)
[2026-09-07T05:03:00Z INFO  minertim] H/s 1m:2268.8 5m:2234.8 10m:2264.6 | Shares: 580/1 (found:581) | Diff: 75407 | 19s elapsed (since last share, avg 33s) | best=101 target=56957 (999%)
[2026-09-07T05:03:00Z INFO  minertim::miner] Worker 3 SHARE FOUND! job_id=BPek8kHaEoH8cQJe, nonce=5316b903, hash_val=53298, difficulty=75407, hash=88ffed3b81a6a16e0b1b9505114bdf5ce69f8dbecd2e914dd671fc5832d00000
[2026-09-07T05:03:05Z INFO  minertim::pool_connection] New job: a124iSvdh7RdUn0v (difficulty: 75407, target: 7dde0000)
[2026-09-07T05:03:05Z INFO  minertim::pool_connection] Share accepted by pool
[2026-09-07T05:03:10Z INFO  minertim] H/s 1m:2257.7 5m:2240.2 10m:2277.2 | Shares: 581/1 (found:582) | Diff: 75407 | 9s elapsed (since last share, avg 33s) | best=101 target=56957 (999%)
[2026-09-07T05:03:18Z INFO  minertim::miner] Worker 0 SHARE FOUND! job_id=a124iSvdh7RdUn0v, nonce=7465b703, hash_val=22734, difficulty=75407, hash=55e5494acef86ff7bff770f1251a39f441c4584c8cfe6fada1ace470ce580000
[2026-09-07T05:03:20Z INFO  minertim] H/s 1m:2297.7 5m:2247.3 10m:2285.5 | Shares: 581/1 (found:583) | Diff: 75407 | 1s elapsed (since last share, avg 32s) | best=101 target=56957 (999%)
[2026-09-07T05:03:24Z INFO  minertim::pool_connection] New job: nHnOx43zOwyckM14 (difficulty: 75407, target: 7dde0000)
[2026-09-07T05:03:25Z INFO  minertim::pool_connection] Share accepted by pool
[2026-09-07T05:03:30Z INFO  minertim] H/s 1m:2276.0 5m:2243.3 10m:2283.6 | Shares: 582/1 (found:583) | Diff: 75407 | 11s elapsed (since last share, avg 33s) | best=101 target=56957 (999%)
[2026-09-07T05:03:40Z INFO  minertim] H/s 1m:2324.8 5m:2243.2 10m:2288.5 | Shares: 582/1 (found:583) | Diff: 75407 | 21s elapsed (since last share, avg 32s) | best=101 target=56957 (999%)
[2026-09-07T05:03:44Z INFO  minertim::pool_connection] New job: sT0wDfHVobjuKpSa (difficulty: 75407, target: 7dde0000)
[2026-09-07T05:03:50Z INFO  minertim] H/s 1m:2325.6 5m:2243.2 10m:2298.4 | Shares: 582/1 (found:583) | Diff: 75407 | 31s elapsed (since last share, avg 32s) | best=101 target=56957 (999%)
[2026-09-07T05:04:00Z INFO  minertim] H/s 1m:2352.4 5m:2243.2 10m:2299.6 | Shares: 582/1 (found:583) | Diff: 75407 | 41s elapsed (since last share, avg 32s) | best=101 target=56957 (999%)
[2026-09-07T05:04:04Z INFO  minertim::pool_connection] New job: xT7PF0Tsr8sdWGeF (difficulty: 75407, target: 7dde0000)
[2026-09-07T05:04:10Z INFO  minertim] H/s 1m:2352.7 5m:2243.1 10m:2299.6 | Shares: 582/1 (found:583) | Diff: 75407 | 51s elapsed (since last share, avg 32s) | best=101 target=56957 (999%)
[2026-09-07T05:04:20Z INFO  minertim] H/s 1m:2375.9 5m:2243.4 10m:2302.1 | Shares: 582/1 (found:583) | Diff: 75407 | 1m1s elapsed (since last share, avg 31s) | best=101 target=56957 (999%)
[2026-09-07T05:04:24Z INFO  minertim::pool_connection] New job: 6CPGr0fNsSGC0RHN (difficulty: 75407, target: 7dde0000)
[2026-09-07T05:04:30Z INFO  minertim] H/s 1m:2376.4 5m:2263.7 10m:2302.1 | Shares: 582/1 (found:583) | Diff: 75407 | 1m11s elapsed (since last share, avg 31s) | best=101 target=56957 (999%)
[2026-09-07T05:04:31Z INFO  minertim::miner] Worker 1 SHARE FOUND! job_id=6CPGr0fNsSGC0RHN, nonce=3512b903, hash_val=53148, difficulty=75407, hash=16ec267178206e73b74ee9ffd16250f1769af32629ea6fa07afd98219ccf0000
[2026-09-07T05:04:40Z INFO  minertim] H/s 1m:2318.9 5m:2266.4 10m:2297.2 | Shares: 582/1 (found:584) | Diff: 75407 | 9s elapsed (since last share, avg 32s) | best=101 target=56957 (999%)
[2026-09-07T05:04:44Z INFO  minertim::pool_connection] New job: eiSrrnmUQ9lq5McN (difficulty: 75407, target: 7dde0000)
[2026-09-07T05:04:44Z INFO  minertim::pool_connection] Share accepted by pool
[2026-09-07T05:04:50Z INFO  minertim::miner] Worker 0 SHARE FOUND! job_id=eiSrrnmUQ9lq5McN, nonce=b87eba03, hash_val=43986, difficulty=75407, hash=965763171d68d342e9c04599ca802189c66fbdc0d75b75e4b1096203d2ab0000
[2026-09-07T05:04:50Z INFO  minertim] H/s 1m:2262.9 5m:2267.1 10m:2292.5 | Shares: 583/1 (found:585) | Diff: 75407 | 0s elapsed (since last share, avg 33s) | best=101 target=56957 (999%)
[2026-09-07T05:05:00Z INFO  minertim] H/s 1m:2146.0 5m:2261.2 10m:2282.5 | Shares: 583/1 (found:585) | Diff: 75407 | 10s elapsed (since last share, avg 35s) | best=101 target=56957 (999%)
[2026-09-07T05:05:04Z INFO  minertim::pool_connection] New job: ClBaaWlOQtePv1Jl (difficulty: 75407, target: 7dde0000)
[2026-09-07T05:05:04Z INFO  minertim::pool_connection] Share accepted by pool
[2026-09-07T05:05:10Z INFO  minertim] H/s 1m:2091.4 5m:2252.1 10m:2277.9 | Shares: 584/1 (found:585) | Diff: 75407 | 20s elapsed (since last share, avg 36s) | best=101 target=56957 (999%)
[2026-09-07T05:05:13Z INFO  minertim::miner] Worker 3 SHARE FOUND! job_id=ClBaaWlOQtePv1Jl, nonce=3bc3bd03, hash_val=51710, difficulty=75407, hash=1a2da02710316bae0b3865d8cf0c26fb056ec622d6fbf278d91d8737fec90000
[2026-09-07T05:05:20Z INFO  minertim] H/s 1m:1973.7 5m:2246.1 10m:2268.0 | Shares: 584/1 (found:586) | Diff: 75407 | 6s elapsed (since last share, avg 38s) | best=101 target=56957 (999%)
[2026-09-07T05:05:24Z INFO  minertim::pool_connection] New job: 0PQMJxlAW0ch3hcU (difficulty: 75407, target: 7dde0000)
[2026-09-07T05:05:24Z INFO  minertim::pool_connection] Share accepted by pool
[2026-09-07T05:05:30Z INFO  minertim] H/s 1m:2017.0 5m:2243.7 10m:2266.8 | Shares: 585/1 (found:586) | Diff: 75407 | 16s elapsed (since last share, avg 37s) | best=101 target=56957 (999%)
[2026-09-07T05:05:40Z INFO  minertim] H/s 1m:2073.3 5m:2243.7 10m:2266.8 | Shares: 585/1 (found:586) | Diff: 75407 | 26s elapsed (since last share, avg 36s) | best=101 target=56957 (999%)
[2026-09-07T05:05:44Z INFO  minertim::pool_connection] New job: 2ANIG20BsfLqVvkA (difficulty: 75407, target: 7dde0000)
[2026-09-07T05:05:50Z INFO  minertim] H/s 1m:2190.3 5m:2243.6 10m:2266.8 | Shares: 585/1 (found:586) | Diff: 75407 | 36s elapsed (since last share, avg 34s) | best=101 target=56957 (999%)
[2026-09-07T05:06:00Z INFO  minertim] H/s 1m:2244.6 5m:2243.6 10m:2266.8 | Shares: 585/1 (found:586) | Diff: 75407 | 46s elapsed (since last share, avg 33s) | best=101 target=56957 (999%)
[2026-09-07T05:06:03Z INFO  minertim::pool_connection] New job: 30NwE98Rc1HZ0C4A (difficulty: 75407, target: 7dde0000)
[2026-09-07T05:06:05Z INFO  minertim::pool_connection] New job: RpZ0wBYqpsRWBxJW (difficulty: 75407, target: 7dde0000)
[2026-09-07T05:06:10Z INFO  minertim] H/s 1m:2361.5 5m:2263.8 10m:2266.8 | Shares: 585/1 (found:586) | Diff: 75407 | 56s elapsed (since last share, avg 31s) | best=101 target=56957 (999%)
[2026-09-07T05:06:20Z INFO  minertim] H/s 1m:2375.6 5m:2270.0 10m:2267.1 | Shares: 585/1 (found:586) | Diff: 75407 | 1m6s elapsed (since last share, avg 31s) | best=101 target=56957 (999%)
[2026-09-07T05:06:25Z INFO  minertim::pool_connection] New job: My2imURbblEQC7TQ (difficulty: 75407, target: 7dde0000)
[2026-09-07T05:06:30Z INFO  minertim] H/s 1m:2375.9 5m:2271.3 10m:2267.2 | Shares: 585/1 (found:586) | Diff: 75407 | 1m16s elapsed (since last share, avg 31s) | best=101 target=56957 (999%)
[2026-09-07T05:06:40Z INFO  minertim] H/s 1m:2376.2 5m:2272.6 10m:2267.2 | Shares: 585/1 (found:586) | Diff: 75407 | 1m26s elapsed (since last share, avg 31s) | best=101 target=56957 (999%)
[2026-09-07T05:06:45Z INFO  minertim::pool_connection] New job: 946MjfW3vNVi0Imh (difficulty: 75407, target: 7dde0000)
[2026-09-07T05:06:47Z INFO  minertim::miner] Worker 1 SHARE FOUND! job_id=946MjfW3vNVi0Imh, nonce=698abd03, hash_val=28528, difficulty=75407, hash=d271b8e28de5d35da1e3766883f263f181e720f5fa72badfb206bb95706f0000
[2026-09-07T05:06:50Z INFO  minertim] H/s 1m:2317.0 5m:2264.7 10m:2262.2 | Shares: 585/1 (found:587) | Diff: 75407 | 3s elapsed (since last share, avg 32s) | best=101 target=56957 (999%)
[2026-09-07T05:06:58Z INFO  minertim::pool_connection] New job: nTLaj273oRHS6dcH (difficulty: 75407, target: 7dde0000)
[2026-09-07T05:06:59Z INFO  minertim::pool_connection] Share accepted by pool
[2026-09-07T05:07:00Z INFO  minertim] H/s 1m:2233.8 5m:2252.5 10m:2255.1 | Shares: 586/1 (found:587) | Diff: 75407 | 13s elapsed (since last share, avg 33s) | best=101 target=56957 (999%)
[2026-09-07T05:07:10Z INFO  minertim] H/s 1m:2233.9 5m:2255.3 10m:2255.1 | Shares: 586/1 (found:587) | Diff: 75407 | 23s elapsed (since last share, avg 33s) | best=101 target=56957 (999%)
[2026-09-07T05:07:18Z INFO  minertim::pool_connection] New job: BD2OfBjBHQe0G2Jq (difficulty: 75407, target: 7dde0000)
[2026-09-07T05:07:20Z INFO  minertim] H/s 1m:2233.9 5m:2262.3 10m:2255.1 | Shares: 586/1 (found:587) | Diff: 75407 | 33s elapsed (since last share, avg 33s) | best=101 target=56957 (999%)
[2026-09-07T05:07:30Z INFO  minertim] H/s 1m:2233.8 5m:2262.5 10m:2255.1 | Shares: 586/1 (found:587) | Diff: 75407 | 43s elapsed (since last share, avg 33s) | best=101 target=56957 (999%)
[2026-09-07T05:07:38Z INFO  minertim::pool_connection] New job: 2ggC1E8Y3g0jd3tR (difficulty: 75407, target: 7dde0000)
[2026-09-07T05:07:40Z INFO  minertim] H/s 1m:2293.1 5m:2271.0 10m:2255.1 | Shares: 586/1 (found:587) | Diff: 75407 | 53s elapsed (since last share, avg 32s) | best=101 target=56957 (999%)
[2026-09-07T05:07:49Z INFO  minertim::miner] Worker 0 SHARE FOUND! job_id=2ggC1E8Y3g0jd3tR, nonce=807ec003, hash_val=78, difficulty=75407, hash=14b702c9f6a724dc0217cd5ed1848640c48ac3495c0a0203f5d9aa1a4e000000
[2026-09-07T05:07:50Z INFO  minertim] H/s 1m:2377.1 5m:2271.2 10m:2255.1 | Shares: 586/1 (found:588) | Diff: 75407 | 0s elapsed (since last share, avg 31s) | best=78 target=56957 (999%)
[2026-09-07T05:07:54Z INFO  minertim::miner] Worker 1 SHARE FOUND! job_id=2ggC1E8Y3g0jd3tR, nonce=e18cbf03, hash_val=29671, difficulty=75407, hash=147ee4fcc39a3feed1ec134625f37741c247dfe1b5160c145555632be7730000
[2026-09-07T05:07:58Z INFO  minertim::pool_connection] New job: 08xgjFEKFAZ92E90 (difficulty: 75407, target: 7dde0000)
[2026-09-07T05:07:58Z INFO  minertim::pool_connection] Share accepted by pool
[2026-09-07T05:07:58Z INFO  minertim::pool_connection] Share accepted by pool
[2026-09-07T05:08:00Z INFO  minertim] H/s 1m:2211.5 5m:2247.3 10m:2241.0 | Shares: 588/1 (found:589) | Diff: 75407 | 6s elapsed (since last share, avg 34s) | best=78 target=56957 (999%)
[2026-09-07T05:08:10Z INFO  minertim] H/s 1m:2210.9 5m:2247.3 10m:2246.0 | Shares: 588/1 (found:589) | Diff: 75407 | 16s elapsed (since last share, avg 34s) | best=78 target=56957 (999%)
[2026-09-07T05:08:14Z INFO  minertim::pool_connection] New job: sCEBFaDrIjDagEb2 (difficulty: 75407, target: 7dde0000)
[2026-09-07T05:08:20Z INFO  minertim] H/s 1m:2210.7 5m:2251.3 10m:2249.5 | Shares: 588/1 (found:589) | Diff: 75407 | 26s elapsed (since last share, avg 34s) | best=78 target=56957 (999%)
[2026-09-07T05:08:30Z INFO  minertim] H/s 1m:2210.9 5m:2251.4 10m:2249.5 | Shares: 588/1 (found:589) | Diff: 75407 | 36s elapsed (since last share, avg 34s) | best=78 target=56957 (999%)
[2026-09-07T05:08:34Z INFO  minertim::pool_connection] New job: tWRwlP8YdVyvgVvK (difficulty: 75407, target: 7dde0000)
[2026-09-07T05:08:37Z INFO  minertim::miner] Worker 0 SHARE FOUND! job_id=tWRwlP8YdVyvgVvK, nonce=18ebc103, hash_val=46974, difficulty=75407, hash=b3047ad069a6b3cacaeb37e5c541f4f70eafea6242f20d7c524417de7eb70000
[2026-09-07T05:08:40Z INFO  minertim] H/s 1m:2151.9 5m:2241.2 10m:2244.5 | Shares: 588/1 (found:590) | Diff: 75407 | 2s elapsed (since last share, avg 35s) | best=78 target=56957 (999%)
[2026-09-07T05:08:50Z INFO  minertim] H/s 1m:2200.9 5m:2221.2 10m:2234.6 | Shares: 588/1 (found:590) | Diff: 75407 | 12s elapsed (since last share, avg 34s) | best=78 target=56957 (999%)
[2026-09-07T05:08:54Z INFO  minertim::pool_connection] New job: 5keN0mYIG07vm5G0 (difficulty: 75407, target: 7dde0000)
[2026-09-07T05:08:54Z INFO  minertim::pool_connection] Share accepted by pool
[2026-09-07T05:09:00Z INFO  minertim] H/s 1m:2193.7 5m:2219.9 10m:2234.0 | Shares: 589/1 (found:590) | Diff: 75407 | 22s elapsed (since last share, avg 34s) | best=78 target=56957 (999%)
[2026-09-07T05:09:10Z INFO  minertim] H/s 1m:2193.9 5m:2219.9 10m:2234.0 | Shares: 589/1 (found:590) | Diff: 75407 | 33s elapsed (since last share, avg 34s) | best=78 target=56957 (999%)
[2026-09-07T05:09:13Z INFO  minertim::pool_connection] New job: ZXUCXOz2q7KlCpwX (difficulty: 75407, target: 7dde0000)
[2026-09-07T05:09:20Z INFO  minertim] H/s 1m:2193.7 5m:2219.9 10m:2234.1 | Shares: 589/1 (found:590) | Diff: 75407 | 43s elapsed (since last share, avg 34s) | best=78 target=56957 (999%)
[2026-09-07T05:09:30Z INFO  minertim] H/s 1m:2252.9 5m:2229.8 10m:2244.1 | Shares: 589/1 (found:590) | Diff: 75407 | 53s elapsed (since last share, avg 33s) | best=78 target=56957 (999%)
[2026-09-07T05:09:33Z INFO  minertim::pool_connection] New job: CbGS3XFKQ8T91RUb (difficulty: 75407, target: 7dde0000)
[2026-09-07T05:09:40Z INFO  minertim] H/s 1m:2369.3 5m:2239.5 10m:2250.3 | Shares: 589/1 (found:590) | Diff: 75407 | 1m3s elapsed (since last share, avg 31s) | best=78 target=56957 (999%)
[2026-09-07T05:09:50Z INFO  minertim] H/s 1m:2376.9 5m:2259.7 10m:2255.4 | Shares: 589/1 (found:590) | Diff: 75407 | 1m13s elapsed (since last share, avg 31s) | best=78 target=56957 (999%)
[2026-09-07T05:09:53Z INFO  minertim::pool_connection] New job: w7huIYU5Qsvr0Daf (difficulty: 75407, target: 7dde0000)
[2026-09-07T05:09:56Z INFO  minertim::miner] Worker 3 SHARE FOUND! job_id=w7huIYU5Qsvr0Daf, nonce=03aac703, hash_val=348, difficulty=75407, hash=676896587b5fc2b12c5f180e2122cb5f03563b39724a309e48b1a9935c010000
[2026-09-07T05:10:00Z INFO  minertim] H/s 1m:2317.9 5m:2259.0 10m:2257.5 | Shares: 589/1 (found:591) | Diff: 75407 | 3s elapsed (since last share, avg 32s) | best=78 target=56957 (999%)
[2026-09-07T05:10:05Z INFO  minertim::miner] Worker 0 SHARE FOUND! job_id=w7huIYU5Qsvr0Daf, nonce=3882c403, hash_val=54207, difficulty=75407, hash=1506c60f2df44638d33cb4b778840c78632b28d85d9f5abd0878e814bfd30000
[2026-09-07T05:10:06Z INFO  minertim::pool_connection] Share accepted by pool
[2026-09-07T05:10:06Z INFO  minertim::pool_connection] Share accepted by pool
[2026-09-07T05:10:10Z INFO  minertim] H/s 1m:2220.4 5m:2262.4 10m:2249.3 | Shares: 591/1 (found:592) | Diff: 75407 | 5s elapsed (since last share, avg 33s) | best=78 target=56957 (999%)
[2026-09-07T05:10:13Z INFO  minertim::pool_connection] New job: f3m7K6sWnTqGU0TC (difficulty: 75407, target: 7dde0000)
[2026-09-07T05:10:20Z INFO  minertim] H/s 1m:2220.2 5m:2264.9 10m:2256.4 | Shares: 591/1 (found:592) | Diff: 75407 | 15s elapsed (since last share, avg 33s) | best=78 target=56957 (999%)
[2026-09-07T05:10:28Z INFO  minertim::miner] Worker 0 SHARE FOUND! job_id=f3m7K6sWnTqGU0TC, nonce=4c4bc503, hash_val=21003, difficulty=75407, hash=03a97249e0ca1cea470acf881434efa515dca607686e0e0c454d68760b520000
[2026-09-07T05:10:30Z INFO  minertim] H/s 1m:2161.1 5m:2254.7 10m:2251.3 | Shares: 591/1 (found:593) | Diff: 75407 | 2s elapsed (since last share, avg 34s) | best=78 target=56957 (999%)
[2026-09-07T05:10:30Z INFO  minertim::miner] Worker 3 SHARE FOUND! job_id=f3m7K6sWnTqGU0TC, nonce=3f8dc803, hash_val=51439, difficulty=75407, hash=a5248493304a8765520def86fcff4a3a9c378a389ddb9e7b15ad6103efc80000
[2026-09-07T05:10:33Z INFO  minertim::pool_connection] New job: aQ3hjvxjOXUk2Gj7 (difficulty: 75407, target: 7dde0000)
[2026-09-07T05:10:33Z INFO  minertim::pool_connection] Share accepted by pool
[2026-09-07T05:10:34Z INFO  minertim::pool_connection] Share accepted by pool
[2026-09-07T05:10:40Z INFO  minertim] H/s 1m:2144.3 5m:2251.8 10m:2249.9 | Shares: 593/1 (found:594) | Diff: 75407 | 9s elapsed (since last share, avg 35s) | best=78 target=56957 (999%)
[2026-09-07T05:10:50Z INFO  minertim] H/s 1m:2202.9 5m:2251.8 10m:2249.9 | Shares: 593/1 (found:594) | Diff: 75407 | 19s elapsed (since last share, avg 34s) | best=78 target=56957 (999%)
[2026-09-07T05:10:53Z INFO  minertim::pool_connection] New job: 0Vp60XIAyNHta7II (difficulty: 75407, target: 7dde0000)
[2026-09-07T05:10:58Z INFO  minertim::miner] Worker 2 SHARE FOUND! job_id=0Vp60XIAyNHta7II, nonce=9223c903, hash_val=15727, difficulty=75407, hash=7ed6da55c3c6290608144b8bcb1cacd5eca49bfcd741fee59b22f5996f3d0000
[2026-09-07T05:11:00Z INFO  minertim] H/s 1m:2300.6 5m:2251.9 10m:2249.9 | Shares: 593/1 (found:595) | Diff: 75407 | 1s elapsed (since last share, avg 32s) | best=78 target=56957 (999%)
[2026-09-07T05:11:06Z INFO  minertim::pool_connection] Share accepted by pool
[2026-09-07T05:11:09Z INFO  minertim::miner] Worker 2 SHARE FOUND! job_id=0Vp60XIAyNHta7II, nonce=8243c903, hash_val=46332, difficulty=75407, hash=5964982495c37c027a6c25968d447e7df62f196ecaf3fb22f2f39909fcb40000
[2026-09-07T05:11:10Z INFO  minertim] H/s 1m:2187.4 5m:2232.4 10m:2250.3 | Shares: 594/1 (found:596) | Diff: 75407 | 0s elapsed (since last share, avg 34s) | best=78 target=56957 (999%)
[2026-09-07T05:11:13Z INFO  minertim::pool_connection] New job: Vq4a7A8IRe0Vd7t0 (difficulty: 75407, target: 7dde0000)
[2026-09-07T05:11:13Z INFO  minertim::pool_connection] Share accepted by pool
[2026-09-07T05:11:20Z INFO  minertim] H/s 1m:2227.9 5m:2229.1 10m:2251.8 | Shares: 595/1 (found:596) | Diff: 75407 | 11s elapsed (since last share, avg 33s) | best=78 target=56957 (999%)
[2026-09-07T05:11:24Z INFO  minertim::miner] Worker 0 SHARE FOUND! job_id=Vq4a7A8IRe0Vd7t0, nonce=3027c703, hash_val=43576, difficulty=75407, hash=9d2b5873142fa4af39fc9798c095ef5c722814974856804f50d64db338aa0000
[2026-09-07T05:11:30Z INFO  minertim::miner] Worker 3 SHARE FOUND! job_id=Vq4a7A8IRe0Vd7t0, nonce=5b9eca03, hash_val=56014, difficulty=75407, hash=469f9855709755351d11c1702d00152fd34e3d1a5732c96467ba4e0dceda0000
[2026-09-07T05:11:30Z INFO  minertim] H/s 1m:2185.5 5m:2218.9 10m:2247.4 | Shares: 595/1 (found:598) | Diff: 75407 | 0s elapsed (since last share, avg 34s) | best=78 target=56957 (999%)
[2026-09-07T05:11:32Z INFO  minertim::miner] Worker 2 SHARE FOUND! job_id=Vq4a7A8IRe0Vd7t0, nonce=aaf8c903, hash_val=49423, difficulty=75407, hash=f1b702abf3ad21fd5b97bbdf655378ab8ef58b33aa3a502ffd7cc2f10fc10000
[2026-09-07T05:11:33Z INFO  minertim::pool_connection] New job: QrQTkkzflGGWJlqm (difficulty: 75407, target: 7dde0000)
[2026-09-07T05:11:33Z INFO  minertim::pool_connection] Share accepted by pool
[2026-09-07T05:11:33Z INFO  minertim::pool_connection] Share accepted by pool
[2026-09-07T05:11:33Z INFO  minertim::pool_connection] Share accepted by pool
[2026-09-07T05:11:40Z INFO  minertim::miner] Worker 1 SHARE FOUND! job_id=QrQTkkzflGGWJlqm, nonce=3d9fc703, hash_val=10003, difficulty=75407, hash=b49126b05f9978ab7f9ccd4f387a1ff02ffa725f8ac40ed1c3b01ffb13270000
[2026-09-07T05:11:40Z INFO  minertim] H/s 1m:2104.9 5m:2215.2 10m:2241.1 | Shares: 598/1 (found:600) | Diff: 75407 | 0s elapsed (since last share, avg 35s) | best=78 target=56957 (999%)
[2026-09-07T05:11:42Z INFO  minertim::pool_connection] New job: 7TKblj4siAu5wGwv (difficulty: 111257, target: cc960000)
[2026-09-07T05:11:42Z INFO  minertim::pool_connection] Share accepted by pool
[2026-09-07T05:11:50Z INFO  minertim] H/s 1m:2074.1 5m:2224.4 10m:2239.7 | Shares: 599/1 (found:600) | Diff: 111257 | 10s elapsed (since last share, avg 53s) | best=78 target=38604 (999%)
[2026-09-07T05:11:53Z INFO  minertim::pool_connection] New job: OQ0HFobeRLc9o2DI (difficulty: 111257, target: cc960000)
[2026-09-07T05:12:00Z INFO  minertim] H/s 1m:2187.4 5m:2224.4 10m:2240.8 | Shares: 599/1 (found:600) | Diff: 111257 | 20s elapsed (since last share, avg 50s) | best=78 target=38604 (999%)
[2026-09-07T05:12:10Z INFO  minertim] H/s 1m:2204.0 5m:2224.0 10m:2242.0 | Shares: 599/1 (found:600) | Diff: 111257 | 30s elapsed (since last share, avg 50s) | best=78 target=38604 (999%)
[2026-09-07T05:12:12Z INFO  minertim::pool_connection] New job: WPuLvJD58nosQjKv (difficulty: 166885, target: 88640000)
[2026-09-07T05:12:13Z INFO  minertim::pool_connection] New job: 0seZPN9fAt2M7p59 (difficulty: 166885, target: 88640000)
[2026-09-07T05:12:20Z INFO  minertim] H/s 1m:2263.0 5m:2224.0 10m:2245.4 | Shares: 599/1 (found:600) | Diff: 166885 | 40s elapsed (since last share, avg 1m13s) | best=78 target=25736 (999%)
[2026-09-07T05:12:30Z INFO  minertim] H/s 1m:2344.0 5m:2224.0 10m:2245.5 | Shares: 599/1 (found:600) | Diff: 166885 | 50s elapsed (since last share, avg 1m11s) | best=78 target=25736 (999%)
[2026-09-07T05:12:32Z INFO  minertim::pool_connection] New job: Wr0WkpIY6amxxX3S (difficulty: 166885, target: 88640000)
[2026-09-07T05:12:40Z INFO  minertim] H/s 1m:2374.6 5m:2224.0 10m:2249.7 | Shares: 599/1 (found:600) | Diff: 166885 | 1m0s elapsed (since last share, avg 1m10s) | best=78 target=25736 (999%)
[2026-09-07T05:12:42Z INFO  minertim::pool_connection] New job: D2xy391ANtqV9jU7 (difficulty: 127284, target: cf830000)
[2026-09-07T05:12:50Z INFO  minertim] H/s 1m:2374.8 5m:2252.5 10m:2249.8 | Shares: 599/1 (found:600) | Diff: 127284 | 1m10s elapsed (since last share, avg 53s) | best=78 target=33743 (999%)
[2026-09-07T05:12:52Z INFO  minertim::pool_connection] New job: AvP3u0bpYijSSh6z (difficulty: 127284, target: cf830000)
[2026-09-07T05:13:00Z INFO  minertim] H/s 1m:2376.9 5m:2252.6 10m:2252.1 | Shares: 599/1 (found:600) | Diff: 127284 | 1m20s elapsed (since last share, avg 53s) | best=78 target=33743 (999%)
[2026-09-07T05:13:08Z INFO  minertim::pool_connection] New job: tbRArIQaRJfuOP35 (difficulty: 127284, target: cf830000)
[2026-09-07T05:13:10Z INFO  minertim] H/s 1m:2377.1 5m:2252.6 10m:2252.1 | Shares: 599/1 (found:600) | Diff: 127284 | 1m30s elapsed (since last share, avg 53s) | best=78 target=33743 (999%)
[2026-09-07T05:13:20Z INFO  minertim] H/s 1m:2377.5 5m:2252.7 10m:2254.1 | Shares: 599/1 (found:600) | Diff: 127284 | 1m40s elapsed (since last share, avg 53s) | best=78 target=33743 (999%)
[2026-09-07T05:13:27Z INFO  minertim::miner] Worker 1 SHARE FOUND! job_id=tbRArIQaRJfuOP35, nonce=dd6dcb03, hash_val=26672, difficulty=127284, hash=32a4a93fa85e9f39f8669367ae26303c642173150714afca8dbb098a30680000
[2026-09-07T05:13:28Z INFO  minertim::pool_connection] New job: NKxt8ejm4t6YPAq9 (difficulty: 127284, target: cf830000)
[2026-09-07T05:13:29Z INFO  minertim::pool_connection] Share accepted by pool
[2026-09-07T05:13:30Z INFO  minertim] H/s 1m:2361.7 5m:2260.1 10m:2252.8 | Shares: 600/1 (found:601) | Diff: 127284 | 3s elapsed (since last share, avg 53s) | best=78 target=33743 (999%)
[2026-09-07T05:13:40Z INFO  minertim] H/s 1m:2361.9 5m:2280.3 10m:2252.8 | Shares: 600/1 (found:601) | Diff: 127284 | 13s elapsed (since last share, avg 53s) | best=78 target=33743 (999%)
[2026-09-07T05:13:48Z INFO  minertim::pool_connection] New job: iMRfDtyJJ1VJg6y0 (difficulty: 127284, target: cf830000)
[2026-09-07T05:13:50Z INFO  minertim] H/s 1m:2361.9 5m:2281.6 10m:2252.9 | Shares: 600/1 (found:601) | Diff: 127284 | 23s elapsed (since last share, avg 53s) | best=78 target=33743 (999%)
=== 28800s elapsed; stopping (SIGINT) at 15:13:53 ===

Shutting down...
[2026-09-07T05:13:53Z INFO  minertim::miner] Worker 1 stopped
[2026-09-07T05:13:53Z INFO  minertim::miner] Worker 3 stopped
[2026-09-07T05:13:53Z INFO  minertim::miner] Worker 0 stopped
[2026-09-07T05:13:53Z INFO  minertim::miner] Worker 2 stopped
[2026-09-07T05:14:00Z INFO  minertim::miner] All mining workers stopped
[2026-09-07T05:14:00Z INFO  minertim] Miner stopped. Final stats: 600 accepted, 1 rejected
=== stopped 2026-09-07T05:14:03Z UTC ===
