[2026-10-01T16:06:04Z INFO  minertim] Native-loop JIT: on (requested) | share verification: on — requested state only; each worker reports its own effective state once its VM is built
[2026-10-01T16:06:04Z INFO  minertim] Donation: donate-level 5% of mining time, split 50/50 between the MinerTim author and XMRig. MinerTim is an AI-assisted Rust translation of XMRig. Adjust with --donate-level (minimum 1); see README.
[2026-10-01T16:06:04Z INFO  minertim] Connecting to monerohash.com:2222...
[2026-10-01T16:06:04Z INFO  minertim::pool_connection] Connecting to pool: monerohash.com:2222
[2026-10-01T16:06:05Z INFO  minertim::pool_connection] Connected to pool (plain TCP): monerohash.com:2222
[2026-10-01T16:06:05Z INFO  minertim::pool_connection] Login successful, session id: bN02LSemKY4Mwjea
[2026-10-01T16:06:05Z INFO  minertim::pool_connection] Initial job: pTMZWzDzFy07JRc7 (difficulty: 50000, target: 8b4f0100)
[2026-10-01T16:06:05Z INFO  minertim::miner] Miner initialized: pool=monerohash.com:2222, threads=4
[2026-10-01T16:06:05Z INFO  minertim::miner] Starting in full mode (2 GiB dataset, shared across workers)
[2026-10-01T16:06:05Z INFO  minertim::miner] Worker 0 started
[2026-10-01T16:06:05Z INFO  minertim::miner] Worker 0 generating full RandomX dataset (~2 GiB)...
[2026-10-01T16:06:05Z INFO  minertim::miner] Worker 1 started
[2026-10-01T16:06:05Z INFO  minertim::miner] Started 4 mining worker threads
[2026-10-01T16:06:05Z INFO  minertim] Mining started with 4 threads. Press Ctrl+C to stop.
[2026-10-01T16:06:05Z INFO  minertim::miner] Worker 2 started
[2026-10-01T16:06:05Z INFO  minertim::miner] Worker 3 started
[2026-10-01T16:06:13Z INFO  minertim::randomx::dataset] Dataset generation: 17.6%
[2026-10-01T16:06:15Z INFO  minertim] H/s 1m:- 5m:- 10m:- | Shares: 0/0 (found:0) | Diff: 0 | 10s elapsed (no shares yet, avg ?) | waiting
[2026-10-01T16:06:16Z INFO  minertim::pool_connection] New job: kl0oj16O0omR1c9P (difficulty: 50000, target: 8b4f0100)
[2026-10-01T16:06:20Z INFO  minertim::randomx::dataset] Dataset generation: 35.2%
[2026-10-01T16:06:25Z INFO  minertim] H/s 1m:0.0 5m:0.0 10m:0.0 | Shares: 0/0 (found:0) | Diff: 0 | 20s elapsed (no shares yet, avg ?) | waiting
[2026-10-01T16:06:28Z INFO  minertim::randomx::dataset] Dataset generation: 52.8%
[2026-10-01T16:06:35Z INFO  minertim::randomx::dataset] Dataset generation: 70.4%
[2026-10-01T16:06:35Z INFO  minertim] H/s 1m:0.0 5m:0.0 10m:0.0 | Shares: 0/0 (found:0) | Diff: 0 | 30s elapsed (no shares yet, avg ?) | waiting
[2026-10-01T16:06:36Z INFO  minertim::pool_connection] New job: qraMLu0VMmr0R758 (difficulty: 50000, target: 8b4f0100)
[2026-10-01T16:06:42Z INFO  minertim::randomx::dataset] Dataset generation: 88.0%
[2026-10-01T16:06:45Z INFO  minertim] H/s 1m:0.0 5m:0.0 10m:0.0 | Shares: 0/0 (found:0) | Diff: 0 | 40s elapsed (no shares yet, avg ?) | waiting
[2026-10-01T16:06:47Z INFO  minertim::miner] Dataset generated in 41.9s
[2026-10-01T16:06:47Z INFO  minertim::miner] Worker 0 ready with full dataset
[2026-10-01T16:06:47Z INFO  minertim::miner] Worker 1 ready with full dataset
[2026-10-01T16:06:47Z INFO  minertim::miner] Worker 2 ready with full dataset
[2026-10-01T16:06:47Z INFO  minertim::miner] Worker 3 ready with full dataset
[2026-10-01T16:06:47Z INFO  minertim::miner] Worker 0: native-loop JIT on | share verification on
[2026-10-01T16:06:47Z INFO  minertim::miner] Worker 3: native-loop JIT on | share verification on
[2026-10-01T16:06:47Z INFO  minertim::miner] Worker 1: native-loop JIT on | share verification on
[2026-10-01T16:06:47Z INFO  minertim::miner] Worker 2: native-loop JIT on | share verification on
[2026-10-01T16:06:55Z INFO  minertim] H/s 1m:280.6 5m:280.6 10m:280.6 | Shares: 0/0 (found:0) | Diff: 50000 | 50s elapsed (no shares yet, avg 2m58s) | best=747088 target=85899 (11%)
[2026-10-01T16:06:56Z INFO  minertim::pool_connection] New job: PPxFZDeF0JfgtNCK (difficulty: 50000, target: 8b4f0100)
[2026-10-01T16:07:05Z INFO  minertim::miner] Worker 3 SHARE FOUND! job_id=PPxFZDeF0JfgtNCK, nonce=af9a0000, hash_val=27910, difficulty=50000, hash=a821cd4d7f7e7de6eea913e3512aa8ea7cba951b0691564ef7f7e30a066d0000
[2026-10-01T16:07:05Z INFO  minertim] H/s 1m:674.1 5m:674.1 10m:674.1 | Shares: 0/0 (found:1) | Diff: 50000 | 0s elapsed (since last share, avg 1m14s) | best=27910 target=85899 (308%)
[2026-10-01T16:07:14Z INFO  minertim::miner] Worker 2 SHARE FOUND! job_id=PPxFZDeF0JfgtNCK, nonce=b2ee0000, hash_val=55859, difficulty=50000, hash=bb570dcc919ad4b544adcf16248c302a04b4f5dc033af4dbddbd21b733da0000
[2026-10-01T16:07:15Z INFO  minertim] H/s 1m:1020.9 5m:850.7 10m:850.7 | Shares: 0/0 (found:2) | Diff: 50000 | 1s elapsed (since last share, avg 48s) | best=27910 target=85899 (308%)
[2026-10-01T16:07:16Z INFO  minertim::pool_connection] New job: uocq92oHUdZASso7 (difficulty: 50000, target: 8b4f0100)
[2026-10-01T16:07:16Z INFO  minertim::pool_connection] Share submitted: rpc_id=4 job_id=PPxFZDeF0JfgtNCK nonce=b2ee0000
[2026-10-01T16:07:16Z INFO  minertim::pool_connection] Share submitted: rpc_id=2 job_id=PPxFZDeF0JfgtNCK nonce=af9a0000
[2026-10-01T16:07:16Z INFO  minertim::pool_connection] Share accepted: rpc_id=4 job_id=PPxFZDeF0JfgtNCK nonce=b2ee0000 latency_ms=257
[2026-10-01T16:07:16Z INFO  minertim::pool_connection] Share accepted: rpc_id=2 job_id=PPxFZDeF0JfgtNCK nonce=af9a0000 latency_ms=506
[2026-10-01T16:07:20Z INFO  minertim::miner] Worker 2 SHARE FOUND! job_id=uocq92oHUdZASso7, nonce=e2100100, hash_val=75702, difficulty=50000, hash=ba5e62c4d1404e689ef98ff00d93251e5d90b2e46faaa716bca14361b6270100
[2026-10-01T16:07:25Z INFO  minertim] H/s 1m:1376.5 5m:983.2 10m:983.2 | Shares: 2/0 (found:3) | Diff: 50000 | 5s elapsed (since last share, avg 36s) | best=27910 target=85899 (308%)
[2026-10-01T16:07:33Z INFO  minertim::miner] Worker 1 SHARE FOUND! job_id=uocq92oHUdZASso7, nonce=919b0100, hash_val=4248, difficulty=50000, hash=6bf30e03fe431e701239ec3245a24af5b5ba7e582f3c2bb8a7322da498100000
[2026-10-01T16:07:35Z INFO  minertim] H/s 1m:1723.9 5m:1077.3 10m:1077.3 | Shares: 2/0 (found:4) | Diff: 50000 | 1s elapsed (since last share, avg 29s) | best=4248 target=85899 (999%)
[2026-10-01T16:07:36Z INFO  minertim::pool_connection] New job: 6YI4g7v7oTNoNYKw (difficulty: 50000, target: 8b4f0100)
[2026-10-01T16:07:36Z INFO  minertim::pool_connection] Share submitted: rpc_id=6 job_id=uocq92oHUdZASso7 nonce=919b0100
[2026-10-01T16:07:36Z INFO  minertim::pool_connection] Share submitted: rpc_id=5 job_id=uocq92oHUdZASso7 nonce=e2100100
[2026-10-01T16:07:36Z INFO  minertim::pool_connection] Share accepted: rpc_id=6 job_id=uocq92oHUdZASso7 nonce=919b0100 latency_ms=313
[2026-10-01T16:07:36Z INFO  minertim::pool_connection] Share accepted: rpc_id=5 job_id=uocq92oHUdZASso7 nonce=e2100100 latency_ms=533
[2026-10-01T16:07:45Z INFO  minertim] H/s 1m:1904.5 5m:1182.7 10m:1182.7 | Shares: 4/0 (found:4) | Diff: 50000 | 11s elapsed (since last share, avg 26s) | best=4248 target=85899 (999%)
[2026-10-01T16:07:55Z INFO  minertim] H/s 1m:1912.0 5m:1293.0 10m:1293.0 | Shares: 4/0 (found:4) | Diff: 50000 | 21s elapsed (since last share, avg 26s) | best=4248 target=85899 (999%)
[2026-10-01T16:07:55Z INFO  minertim::pool_connection] New job: YCJrzeUmveGmRuNc (difficulty: 50000, target: 8b4f0100)
[2026-10-01T16:08:01Z INFO  minertim::miner] Worker 0 SHARE FOUND! job_id=YCJrzeUmveGmRuNc, nonce=c49f0200, hash_val=1016, difficulty=50000, hash=7c0a12df5f9eeec55980d0f4af145e5e60eb5f5d294fd71dbfb61ceef8030000
[2026-10-01T16:08:04Z INFO  minertim::pool_connection] New job: 1RJaiGx5sP2vdwjt (difficulty: 75000, target: b2df0000)
[2026-10-01T16:08:05Z INFO  minertim] H/s 1m:1958.9 5m:1354.3 10m:1354.3 | Shares: 4/0 (found:5) | Diff: 75000 | 4s elapsed (since last share, avg 38s) | best=1016 target=57266 (999%)
[2026-10-01T16:08:15Z INFO  minertim] H/s 1m:1938.4 5m:1381.1 10m:1381.1 | Shares: 4/0 (found:5) | Diff: 75000 | 14s elapsed (since last share, avg 38s) | best=1016 target=57266 (999%)
[2026-10-01T16:08:15Z INFO  minertim::pool_connection] New job: 3OJvAqy5cj8lYLC0 (difficulty: 75000, target: b2df0000)
[2026-10-01T16:08:25Z INFO  minertim] H/s 1m:1926.1 5m:1403.7 10m:1403.7 | Shares: 4/0 (found:5) | Diff: 75000 | 24s elapsed (since last share, avg 38s) | best=1016 target=57266 (999%)
[2026-10-01T16:08:35Z INFO  minertim] H/s 1m:1851.5 5m:1421.5 10m:1421.5 | Shares: 4/0 (found:5) | Diff: 75000 | 34s elapsed (since last share, avg 40s) | best=1016 target=57266 (999%)
[2026-10-01T16:08:35Z INFO  minertim::pool_connection] New job: KH16M78MQjDIGzhF (difficulty: 75000, target: b2df0000)
[2026-10-01T16:08:35Z INFO  minertim::pool_connection] Share submitted: rpc_id=7 job_id=YCJrzeUmveGmRuNc nonce=c49f0200
[2026-10-01T16:08:35Z INFO  minertim::pool_connection] Share accepted: rpc_id=7 job_id=YCJrzeUmveGmRuNc nonce=c49f0200 latency_ms=249
[2026-10-01T16:08:45Z INFO  minertim] H/s 1m:1829.8 5m:1471.9 10m:1471.9 | Shares: 5/0 (found:5) | Diff: 75000 | 44s elapsed (since last share, avg 40s) | best=1016 target=57266 (999%)
[2026-10-01T16:08:55Z INFO  minertim] H/s 1m:1885.5 5m:1520.3 10m:1520.3 | Shares: 5/0 (found:5) | Diff: 75000 | 54s elapsed (since last share, avg 39s) | best=1016 target=57266 (999%)
[2026-10-01T16:08:55Z INFO  minertim::pool_connection] New job: iosCG9JyLrqgtah0 (difficulty: 75000, target: b2df0000)
[2026-10-01T16:09:04Z INFO  minertim::pool_connection] New job: Ijp0Ju2eUb10m91Z (difficulty: 57203, target: 4a250100)
[2026-10-01T16:09:05Z INFO  minertim] H/s 1m:1997.9 5m:1562.5 10m:1562.5 | Shares: 5/0 (found:5) | Diff: 57203 | 1m4s elapsed (since last share, avg 28s) | best=1016 target=75082 (999%)
[2026-10-01T16:09:15Z INFO  minertim::pool_connection] New job: 9e1zNf1aKT8GHVz2 (difficulty: 57203, target: 4a250100)
[2026-10-01T16:09:15Z INFO  minertim] H/s 1m:2112.7 5m:1600.6 10m:1600.6 | Shares: 5/0 (found:5) | Diff: 57203 | 1m14s elapsed (since last share, avg 27s) | best=1016 target=75082 (999%)
[2026-10-01T16:09:22Z INFO  minertim::miner] Worker 0 SHARE FOUND! job_id=9e1zNf1aKT8GHVz2, nonce=744c0400, hash_val=60844, difficulty=57203, hash=d30eda0b412aff945fae12223841da13bb131afb9aa7bcefa9c71ccaaced0000
[2026-10-01T16:09:25Z INFO  minertim] H/s 1m:2232.1 5m:1634.8 10m:1634.8 | Shares: 5/0 (found:6) | Diff: 57203 | 2s elapsed (since last share, avg 25s) | best=1016 target=75082 (999%)
[2026-10-01T16:09:34Z INFO  minertim::pool_connection] New job: UJSeOENxyB0NBLD7 (difficulty: 50000, target: 8b4f0100)
[2026-10-01T16:09:34Z INFO  minertim::pool_connection] Share submitted: rpc_id=10 job_id=9e1zNf1aKT8GHVz2 nonce=744c0400
[2026-10-01T16:09:34Z INFO  minertim::pool_connection] Share accepted: rpc_id=10 job_id=9e1zNf1aKT8GHVz2 nonce=744c0400 latency_ms=248
[2026-10-01T16:09:35Z INFO  minertim::pool_connection] New job: pw48Q06cuNlOFrM8 (difficulty: 50000, target: 8b4f0100)
[2026-10-01T16:09:35Z INFO  minertim] H/s 1m:2152.8 5m:1642.1 10m:1642.1 | Shares: 6/0 (found:6) | Diff: 50000 | 12s elapsed (since last share, avg 23s) | best=1016 target=85899 (999%)
[2026-10-01T16:09:45Z INFO  minertim] H/s 1m:2155.2 5m:1671.5 10m:1671.5 | Shares: 6/0 (found:6) | Diff: 50000 | 22s elapsed (since last share, avg 23s) | best=1016 target=85899 (999%)
[2026-10-01T16:09:52Z INFO  minertim::miner] Worker 1 SHARE FOUND! job_id=pw48Q06cuNlOFrM8, nonce=913b0600, hash_val=63265, difficulty=50000, hash=6449153e826cda8f2d14a12e7c3f82403f150dff91e685b7a94c11ec21f70000
[2026-10-01T16:09:53Z INFO  minertim::miner] Worker 2 SHARE FOUND! job_id=pw48Q06cuNlOFrM8, nonce=b6be0500, hash_val=42730, difficulty=50000, hash=2d746f5d0761521895f75fa1d238c28f69ff9b6dc9d483e1348b82cdeaa60000
[2026-10-01T16:09:55Z INFO  minertim::pool_connection] New job: hBAuyJlZifowC00z (difficulty: 50000, target: 8b4f0100)
[2026-10-01T16:09:55Z INFO  minertim::pool_connection] Share submitted: rpc_id=12 job_id=pw48Q06cuNlOFrM8 nonce=b6be0500
[2026-10-01T16:09:55Z INFO  minertim::pool_connection] Share submitted: rpc_id=11 job_id=pw48Q06cuNlOFrM8 nonce=913b0600
[2026-10-01T16:09:55Z INFO  minertim::pool_connection] Share accepted: rpc_id=12 job_id=pw48Q06cuNlOFrM8 nonce=b6be0500 latency_ms=248
[2026-10-01T16:09:55Z INFO  minertim] H/s 1m:2155.6 5m:1697.3 10m:1697.3 | Shares: 7/0 (pending:1) (found:8) | Diff: 50000 | 1s elapsed (since last share, avg 23s) | best=1016 target=85899 (999%)
[2026-10-01T16:09:55Z INFO  minertim::pool_connection] Share accepted: rpc_id=11 job_id=pw48Q06cuNlOFrM8 nonce=913b0600 latency_ms=468
[2026-10-01T16:10:04Z INFO  minertim::pool_connection] New job: bN5PMFOPD53Fv00q (difficulty: 75000, target: b2df0000)
[2026-10-01T16:10:05Z INFO  minertim] H/s 1m:2138.0 5m:1717.4 10m:1717.4 | Shares: 8/0 (found:8) | Diff: 75000 | 11s elapsed (since last share, avg 35s) | best=1016 target=57266 (999%)
[2026-10-01T16:10:06Z INFO  minertim::miner] Worker 0 SHARE FOUND! job_id=bN5PMFOPD53Fv00q, nonce=206f0500, hash_val=16508, difficulty=75000, hash=50a946e07eaa3d6236f76f10866e53496710c12b3c176880b264ce327c400000
[2026-10-01T16:10:06Z INFO  minertim::pool_connection] New job: QUPhzShRQ52E0fRD (difficulty: 75000, target: b2df0000)
[2026-10-01T16:10:15Z INFO  minertim] H/s 1m:2020.3 5m:1715.1 10m:1715.1 | Shares: 8/0 (found:9) | Diff: 75000 | 9s elapsed (since last share, avg 37s) | best=1016 target=57266 (999%)
[2026-10-01T16:10:23Z INFO  minertim::miner] Worker 3 SHARE FOUND! job_id=QUPhzShRQ52E0fRD, nonce=5ffc0600, hash_val=29658, difficulty=75000, hash=2f330518ed0a8cc87596e3dae00fc42b67454b4caf074271e81b875fda730000
[2026-10-01T16:10:25Z INFO  minertim] H/s 1m:1989.5 5m:1711.6 10m:1711.6 | Shares: 8/0 (found:10) | Diff: 75000 | 2s elapsed (since last share, avg 37s) | best=1016 target=57266 (999%)
[2026-10-01T16:10:26Z INFO  minertim::pool_connection] New job: b2ycmb19lKKieIc0 (difficulty: 75000, target: b2df0000)
[2026-10-01T16:10:26Z INFO  minertim::pool_connection] Share submitted: rpc_id=14 job_id=bN5PMFOPD53Fv00q nonce=206f0500
[2026-10-01T16:10:26Z INFO  minertim::pool_connection] Share accepted: rpc_id=14 job_id=bN5PMFOPD53Fv00q nonce=206f0500 latency_ms=248
[2026-10-01T16:10:26Z INFO  minertim::pool_connection] Share submitted: rpc_id=15 job_id=QUPhzShRQ52E0fRD nonce=5ffc0600
[2026-10-01T16:10:27Z INFO  minertim::pool_connection] Share accepted: rpc_id=15 job_id=QUPhzShRQ52E0fRD nonce=5ffc0600 latency_ms=247
[2026-10-01T16:10:34Z INFO  minertim::pool_connection] New job: Qp41kbE5JgXzqecy (difficulty: 112501, target: 21950000)
[2026-10-01T16:10:35Z INFO  minertim] H/s 1m:1925.0 5m:1720.2 10m:1720.2 | Shares: 10/0 (found:10) | Diff: 112501 | 12s elapsed (since last share, avg 58s) | best=1016 target=38177 (999%)
[2026-10-01T16:10:45Z INFO  minertim] H/s 1m:1927.0 5m:1739.8 10m:1739.8 | Shares: 10/0 (found:10) | Diff: 112501 | 22s elapsed (since last share, avg 58s) | best=1016 target=38177 (999%)
[2026-10-01T16:10:46Z INFO  minertim::pool_connection] New job: wG502PQ5fX2yZT1H (difficulty: 112501, target: 21950000)
[2026-10-01T16:10:55Z INFO  minertim] H/s 1m:1945.3 5m:1758.1 10m:1758.1 | Shares: 10/0 (found:10) | Diff: 112501 | 32s elapsed (since last share, avg 57s) | best=1016 target=38177 (999%)
[2026-10-01T16:11:05Z INFO  minertim] H/s 1m:2060.6 5m:1774.7 10m:1774.7 | Shares: 10/0 (found:10) | Diff: 112501 | 42s elapsed (since last share, avg 54s) | best=1016 target=38177 (999%)
[2026-10-01T16:11:06Z INFO  minertim::pool_connection] New job: 3dq5FYeiYbcKnvCU (difficulty: 112501, target: 21950000)
[2026-10-01T16:11:15Z INFO  minertim] H/s 1m:2187.5 5m:1852.7 10m:1790.9 | Shares: 10/0 (found:10) | Diff: 112501 | 52s elapsed (since last share, avg 51s) | best=1016 target=38177 (999%)
[2026-10-01T16:11:25Z INFO  minertim] H/s 1m:2252.8 5m:1930.7 10m:1806.1 | Shares: 10/0 (found:10) | Diff: 112501 | 1m2s elapsed (since last share, avg 49s) | best=1016 target=38177 (999%)
[2026-10-01T16:11:26Z INFO  minertim::pool_connection] New job: zBUeeJBzRZzhuMIS (difficulty: 112501, target: 21950000)
[2026-10-01T16:11:31Z INFO  minertim::miner] Worker 3 SHARE FOUND! job_id=zBUeeJBzRZzhuMIS, nonce=b7300900, hash_val=23717, difficulty=112501, hash=0714fec5cb7710eb0827e3810c21c67e6600f7ce2eca24b3219b09c5a55c0000
[2026-10-01T16:11:34Z INFO  minertim::pool_connection] New job: Xi5LntlA0roW8oQy (difficulty: 75561, target: 09de0000)
[2026-10-01T16:11:34Z INFO  minertim::pool_connection] Share submitted: rpc_id=17 job_id=zBUeeJBzRZzhuMIS nonce=b7300900
[2026-10-01T16:11:34Z INFO  minertim::pool_connection] Share accepted: rpc_id=17 job_id=zBUeeJBzRZzhuMIS nonce=b7300900 latency_ms=252
[2026-10-01T16:11:35Z INFO  minertim] H/s 1m:2255.1 5m:2008.8 10m:1820.4 | Shares: 11/0 (found:11) | Diff: 75561 | 3s elapsed (since last share, avg 33s) | best=1016 target=56841 (999%)
[2026-10-01T16:11:45Z INFO  minertim] H/s 1m:2258.5 5m:2048.3 10m:1834.0 | Shares: 11/0 (found:11) | Diff: 75561 | 14s elapsed (since last share, avg 33s) | best=1016 target=56841 (999%)
[2026-10-01T16:11:46Z INFO  minertim::pool_connection] New job: fiPtoKsXUk7Z9iqj (difficulty: 75561, target: 09de0000)
[2026-10-01T16:11:55Z INFO  minertim] H/s 1m:2261.4 5m:2048.4 10m:1846.3 | Shares: 11/0 (found:11) | Diff: 75561 | 24s elapsed (since last share, avg 33s) | best=1016 target=56841 (999%)
[2026-10-01T16:12:04Z INFO  minertim::pool_connection] New job: 9v0G9TkxSZKeBoew (difficulty: 113341, target: 06940000)
[2026-10-01T16:12:05Z INFO  minertim] H/s 1m:2256.1 5m:2065.7 10m:1857.4 | Shares: 11/0 (found:11) | Diff: 113341 | 34s elapsed (since last share, avg 50s) | best=1016 target=37894 (999%)
[2026-10-01T16:12:06Z INFO  minertim::pool_connection] New job: WWAJBdylgsdomOUY (difficulty: 113341, target: 06940000)
[2026-10-01T16:12:12Z INFO  minertim::pool_connection] New job: Aj6Jo0RCWwPv9rDQ (difficulty: 113341, target: 06940000)
[2026-10-01T16:12:13Z INFO  minertim::miner] Worker 3 SHARE FOUND! job_id=Aj6Jo0RCWwPv9rDQ, nonce=0f7f0a00, hash_val=9412, difficulty=113341, hash=26e795948e24a8595a8722f6d402ea922670dbb8a2d57cbc5328bf83c4240000
[2026-10-01T16:12:15Z INFO  minertim] H/s 1m:2198.5 5m:2072.5 10m:1860.7 | Shares: 11/0 (found:12) | Diff: 113341 | 2s elapsed (since last share, avg 51s) | best=1016 target=37894 (999%)
[2026-10-01T16:12:25Z INFO  minertim] H/s 1m:2088.5 5m:2071.6 10m:1856.6 | Shares: 11/0 (found:12) | Diff: 113341 | 12s elapsed (since last share, avg 54s) | best=1016 target=37894 (999%)
[2026-10-01T16:12:32Z INFO  minertim::pool_connection] New job: xHsDgcnpiXakqFjg (difficulty: 113341, target: 06940000)
[2026-10-01T16:12:32Z INFO  minertim::pool_connection] Share submitted: rpc_id=19 job_id=Aj6Jo0RCWwPv9rDQ nonce=0f7f0a00
[2026-10-01T16:12:33Z INFO  minertim::pool_connection] Share accepted: rpc_id=19 job_id=Aj6Jo0RCWwPv9rDQ nonce=0f7f0a00 latency_ms=243
[2026-10-01T16:12:35Z INFO  minertim] H/s 1m:2016.0 5m:2067.5 10m:1857.9 | Shares: 12/0 (found:12) | Diff: 113341 | 22s elapsed (since last share, avg 56s) | best=1016 target=37894 (999%)
[2026-10-01T16:12:45Z INFO  minertim] H/s 1m:2016.2 5m:2066.4 10m:1868.1 | Shares: 12/0 (found:12) | Diff: 113341 | 32s elapsed (since last share, avg 56s) | best=1016 target=37894 (999%)
[2026-10-01T16:12:52Z INFO  minertim::pool_connection] New job: z87Xycx4H1MuMjh4 (difficulty: 113341, target: 06940000)
[2026-10-01T16:12:55Z INFO  minertim] H/s 1m:2020.2 5m:2076.3 10m:1877.7 | Shares: 12/0 (found:12) | Diff: 113341 | 42s elapsed (since last share, avg 56s) | best=1016 target=37894 (999%)
[2026-10-01T16:13:05Z INFO  minertim] H/s 1m:2072.2 5m:2095.6 10m:1886.5 | Shares: 12/0 (found:12) | Diff: 113341 | 52s elapsed (since last share, avg 54s) | best=1016 target=37894 (999%)
[2026-10-01T16:13:12Z INFO  minertim::pool_connection] New job: h7GVxYwS5z6iWWbH (difficulty: 113341, target: 06940000)
[2026-10-01T16:13:15Z INFO  minertim] H/s 1m:2177.9 5m:2115.0 10m:1894.9 | Shares: 12/0 (found:12) | Diff: 113341 | 1m2s elapsed (since last share, avg 52s) | best=1016 target=37894 (999%)
[2026-10-01T16:13:25Z INFO  minertim] H/s 1m:2248.1 5m:2135.9 10m:1903.3 | Shares: 12/0 (found:12) | Diff: 113341 | 1m12s elapsed (since last share, avg 50s) | best=1016 target=37894 (999%)
[2026-10-01T16:13:32Z INFO  minertim::pool_connection] New job: YZPQWPonoLmBMNPh (difficulty: 113341, target: 06940000)
[2026-10-01T16:13:34Z INFO  minertim::miner] Worker 0 SHARE FOUND! job_id=YZPQWPonoLmBMNPh, nonce=80250c00, hash_val=32144, difficulty=113341, hash=48edf095e903af4a73defe5f5ed402a3e6acbb7eae5dbb4640bb5f82907d0000
[2026-10-01T16:13:34Z INFO  minertim::pool_connection] New job: aFrP8ppQF2q6sDPv (difficulty: 85005, target: 5ec50000)
[2026-10-01T16:13:34Z INFO  minertim::pool_connection] Share submitted: rpc_id=21 job_id=YZPQWPonoLmBMNPh nonce=80250c00
[2026-10-01T16:13:35Z INFO  minertim::pool_connection] Share accepted: rpc_id=21 job_id=YZPQWPonoLmBMNPh nonce=80250c00 latency_ms=246
[2026-10-01T16:13:35Z INFO  minertim] H/s 1m:2245.4 5m:2138.0 10m:1910.9 | Shares: 13/0 (found:13) | Diff: 85005 | 1s elapsed (since last share, avg 37s) | best=1016 target=50526 (999%)
[2026-10-01T16:13:45Z INFO  minertim] H/s 1m:2242.4 5m:2137.8 10m:1918.3 | Shares: 13/0 (found:13) | Diff: 85005 | 11s elapsed (since last share, avg 37s) | best=1016 target=50526 (999%)
[2026-10-01T16:13:52Z INFO  minertim::pool_connection] New job: gXFV110zRhkNiYGU (difficulty: 85005, target: 5ec50000)
[2026-10-01T16:13:55Z INFO  minertim] H/s 1m:2243.6 5m:2137.9 10m:1925.3 | Shares: 13/0 (found:13) | Diff: 85005 | 21s elapsed (since last share, avg 37s) | best=1016 target=50526 (999%)
[2026-10-01T16:14:04Z INFO  minertim::pool_connection] New job: GG1OlgSZK21NoO5T (difficulty: 127511, target: 93830000)
[2026-10-01T16:14:05Z INFO  minertim] H/s 1m:2243.8 5m:2137.6 10m:1932.0 | Shares: 13/0 (found:13) | Diff: 127511 | 31s elapsed (since last share, avg 56s) | best=1016 target=33683 (999%)
[2026-10-01T16:14:12Z INFO  minertim::pool_connection] New job: 3TSQEkWKfqd9Ci1x (difficulty: 127511, target: 93830000)
[2026-10-01T16:14:15Z INFO  minertim] H/s 1m:2244.1 5m:2137.9 10m:1938.8 | Shares: 13/0 (found:13) | Diff: 127511 | 41s elapsed (since last share, avg 56s) | best=1016 target=33683 (999%)
[2026-10-01T16:14:25Z INFO  minertim] H/s 1m:2249.3 5m:2154.7 10m:1945.5 | Shares: 13/0 (found:13) | Diff: 127511 | 51s elapsed (since last share, avg 56s) | best=1016 target=33683 (999%)
[2026-10-01T16:14:32Z INFO  minertim::pool_connection] New job: gFuTV4NnK9iF7ffD (difficulty: 127511, target: 93830000)
[2026-10-01T16:14:34Z INFO  minertim::pool_connection] New job: Hg0ZuWzyi9mK8nct (difficulty: 97252, target: 83ac0000)
[2026-10-01T16:14:35Z INFO  minertim] H/s 1m:2250.3 5m:2154.2 10m:1951.5 | Shares: 13/0 (found:13) | Diff: 97252 | 1m1s elapsed (since last share, avg 43s) | best=1016 target=44163 (999%)
[2026-10-01T16:14:41Z INFO  minertim::miner] Worker 3 SHARE FOUND! job_id=Hg0ZuWzyi9mK8nct, nonce=9fde0e00, hash_val=42925, difficulty=97252, hash=d8fc7b37128a5185ea4be4ba8913bd35c14f4d06ea8db0740c34827aada70000
[2026-10-01T16:14:45Z INFO  minertim] H/s 1m:2193.1 5m:2144.4 10m:1951.6 | Shares: 13/0 (found:14) | Diff: 97252 | 3s elapsed (since last share, avg 44s) | best=1016 target=44163 (999%)
[2026-10-01T16:14:51Z INFO  minertim::pool_connection] New job: m4tSVxKFRLvVoWPg (difficulty: 97252, target: 83ac0000)
[2026-10-01T16:14:51Z INFO  minertim::pool_connection] Share submitted: rpc_id=23 job_id=Hg0ZuWzyi9mK8nct nonce=9fde0e00
[2026-10-01T16:14:52Z INFO  minertim::pool_connection] Share accepted: rpc_id=23 job_id=Hg0ZuWzyi9mK8nct nonce=9fde0e00 latency_ms=247
[2026-10-01T16:14:55Z INFO  minertim] H/s 1m:2129.9 5m:2136.2 10m:1951.0 | Shares: 14/0 (found:14) | Diff: 97252 | 13s elapsed (since last share, avg 45s) | best=1016 target=44163 (999%)
[2026-10-01T16:15:04Z INFO  minertim::pool_connection] New job: UtW46B7uiImTuMaa (difficulty: 145878, target: 02730000)
[2026-10-01T16:15:05Z INFO  minertim] H/s 1m:2124.2 5m:2155.9 10m:1956.3 | Shares: 14/0 (found:14) | Diff: 145878 | 23s elapsed (since last share, avg 1m8s) | best=1016 target=29442 (999%)
[2026-10-01T16:15:08Z INFO  minertim::pool_connection] New job: 3iXWV0wH7daO7K2t (difficulty: 145878, target: 02730000)
[2026-10-01T16:15:15Z INFO  minertim] H/s 1m:2118.8 5m:2176.9 10m:1961.5 | Shares: 14/0 (found:14) | Diff: 145878 | 33s elapsed (since last share, avg 1m8s) | best=1016 target=29442 (999%)
[2026-10-01T16:15:25Z INFO  minertim] H/s 1m:2119.2 5m:2187.6 10m:1966.7 | Shares: 14/0 (found:14) | Diff: 145878 | 43s elapsed (since last share, avg 1m8s) | best=1016 target=29442 (999%)
[2026-10-01T16:15:28Z INFO  minertim::pool_connection] New job: vbWhbAmzcUMYHGpF (difficulty: 145878, target: 02730000)
[2026-10-01T16:15:34Z INFO  minertim::miner] Worker 1 SHARE FOUND! job_id=vbWhbAmzcUMYHGpF, nonce=9db71100, hash_val=7186, difficulty=145878, hash=3c539934b24c468986671e52df9bd491e2b5d5ff078dfe665c0bbf51121c0000
[2026-10-01T16:15:35Z INFO  minertim] H/s 1m:2123.9 5m:2178.3 10m:1967.0 | Shares: 14/0 (found:15) | Diff: 145878 | 1s elapsed (since last share, avg 1m8s) | best=1016 target=29442 (999%)
[2026-10-01T16:15:37Z INFO  minertim::miner] Worker 0 SHARE FOUND! job_id=vbWhbAmzcUMYHGpF, nonce=d0861000, hash_val=5252, difficulty=145878, hash=577d09ed17608b91edcaec6954357323c4cfb0ea0fef6a00da0068dd84140000
[2026-10-01T16:15:43Z INFO  minertim::pool_connection] Share submitted: rpc_id=25 job_id=vbWhbAmzcUMYHGpF nonce=9db71100
[2026-10-01T16:15:43Z INFO  minertim::pool_connection] Share submitted: rpc_id=26 job_id=vbWhbAmzcUMYHGpF nonce=d0861000
[2026-10-01T16:15:44Z INFO  minertim::pool_connection] Share accepted: rpc_id=25 job_id=vbWhbAmzcUMYHGpF nonce=9db71100 latency_ms=245
[2026-10-01T16:15:44Z INFO  minertim::pool_connection] Share accepted: rpc_id=26 job_id=vbWhbAmzcUMYHGpF nonce=d0861000 latency_ms=466
[2026-10-01T16:15:45Z INFO  minertim] H/s 1m:2080.4 5m:2159.5 10m:1962.4 | Shares: 16/0 (found:16) | Diff: 145878 | 7s elapsed (since last share, avg 1m10s) | best=1016 target=29442 (999%)
[2026-10-01T16:15:48Z INFO  minertim::pool_connection] New job: 53JTzIGp21a7ZoxK (difficulty: 145878, target: 02730000)
[2026-10-01T16:15:52Z INFO  minertim::miner] Worker 2 SHARE FOUND! job_id=53JTzIGp21a7ZoxK, nonce=96e01100, hash_val=1418, difficulty=145878, hash=c17fb90d1b7f76e39440d400bf273b8847cabfd1926f75f051faf6678a050000
[2026-10-01T16:15:55Z INFO  minertim] H/s 1m:2084.5 5m:2160.0 10m:1967.4 | Shares: 16/0 (found:17) | Diff: 145878 | 3s elapsed (since last share, avg 1m9s) | best=1016 target=29442 (999%)
[2026-10-01T16:16:04Z INFO  minertim::pool_connection] New job: 04hh1YrGDsfIj55A (difficulty: 218818, target: ac4c0000)
[2026-10-01T16:16:04Z INFO  minertim::pool_connection] Share submitted: rpc_id=27 job_id=53JTzIGp21a7ZoxK nonce=96e01100
[2026-10-01T16:16:05Z INFO  minertim::pool_connection] Share accepted: rpc_id=27 job_id=53JTzIGp21a7ZoxK nonce=96e01100 latency_ms=247
[2026-10-01T16:16:05Z INFO  minertim] H/s 1m:1983.8 5m:2141.8 10m:1963.4 | Shares: 17/0 (found:17) | Diff: 218818 | 13s elapsed (since last share, avg 1m50s) | best=1016 target=19628 (999%)
[2026-10-01T16:16:07Z INFO  minertim::pool_connection] New job: 0FykcUxDUFvUwPA8 (difficulty: 218818, target: ac4c0000)
[2026-10-01T16:16:15Z INFO  minertim] H/s 1m:1918.9 5m:2130.1 10m:1996.0 | Shares: 17/0 (found:17) | Diff: 218818 | 23s elapsed (since last share, avg 1m54s) | best=1016 target=19628 (999%)
[2026-10-01T16:16:25Z INFO  minertim] H/s 1m:1895.6 5m:2116.3 10m:2027.6 | Shares: 17/0 (found:17) | Diff: 218818 | 33s elapsed (since last share, avg 1m55s) | best=1016 target=19628 (999%)
[2026-10-01T16:16:27Z INFO  minertim::pool_connection] New job: FxrZz3xyHemGGEa4 (difficulty: 218818, target: ac4c0000)
[2026-10-01T16:16:34Z INFO  minertim::pool_connection] New job: 07Dz0sF04hapAJOw (difficulty: 328235, target: 1d330000)
[2026-10-01T16:16:35Z INFO  minertim] H/s 1m:1802.9 5m:2081.0 10m:2048.7 | Shares: 17/0 (found:17) | Diff: 328235 | 43s elapsed (since last share, avg 3m2s) | best=1016 target=13085 (999%)
[2026-10-01T16:16:45Z INFO  minertim] H/s 1m:1635.7 5m:2052.1 10m:2053.6 | Shares: 17/0 (found:17) | Diff: 328235 | 53s elapsed (since last share, avg 3m20s) | best=1016 target=13085 (999%)
[2026-10-01T16:16:47Z INFO  minertim::pool_connection] New job: UEcWQzI1rNtC3W7A (difficulty: 328235, target: 1d330000)
[2026-10-01T16:16:54Z INFO  minertim::pool_connection] New job: UX7004gSj2rsk0kM (difficulty: 328235, target: 1d330000)
[2026-10-01T16:16:55Z INFO  minertim] H/s 1m:1614.2 5m:2031.2 10m:2043.1 | Shares: 17/0 (found:17) | Diff: 328235 | 1m3s elapsed (since last share, avg 3m23s) | best=1016 target=13085 (999%)
[2026-10-01T16:17:05Z INFO  minertim::pool_connection] New job: z6WUDmXkOs1YDPKG (difficulty: 250347, target: 04430000)
[2026-10-01T16:17:05Z INFO  minertim] H/s 1m:1569.4 5m:2021.6 10m:2042.5 | Shares: 17/0 (found:17) | Diff: 250347 | 1m13s elapsed (since last share, avg 2m39s) | best=1016 target=17156 (999%)
[2026-10-01T16:17:14Z INFO  minertim::pool_connection] New job: VuIlpsXSJ3NW75mW (difficulty: 250347, target: 04430000)
[2026-10-01T16:17:15Z INFO  minertim] H/s 1m:1553.4 5m:2024.1 10m:2042.6 | Shares: 17/0 (found:17) | Diff: 250347 | 1m23s elapsed (since last share, avg 2m41s) | best=1016 target=17156 (999%)
[2026-10-01T16:17:25Z INFO  minertim] H/s 1m:1664.8 5m:2020.4 10m:2043.6 | Shares: 17/0 (found:17) | Diff: 250347 | 1m33s elapsed (since last share, avg 2m30s) | best=1016 target=17156 (999%)
[2026-10-01T16:17:34Z INFO  minertim::pool_connection] New job: bxqJTRMsn0Sp9sAh (difficulty: 250347, target: 04430000)
[2026-10-01T16:17:35Z INFO  minertim] H/s 1m:1741.8 5m:2004.8 10m:2039.8 | Shares: 17/0 (found:17) | Diff: 250347 | 1m43s elapsed (since last share, avg 2m23s) | best=1016 target=17156 (999%)
[2026-10-01T16:17:45Z INFO  minertim] H/s 1m:1777.7 5m:1989.4 10m:2031.7 | Shares: 17/0 (found:17) | Diff: 250347 | 1m53s elapsed (since last share, avg 2m20s) | best=1016 target=17156 (999%)
[2026-10-01T16:17:54Z INFO  minertim::pool_connection] New job: YdVMhlTkXV0R4cxv (difficulty: 250347, target: 04430000)
[2026-10-01T16:17:56Z INFO  minertim] H/s 1m:1798.4 5m:1974.4 10m:2028.9 | Shares: 17/0 (found:17) | Diff: 250347 | 2m3s elapsed (since last share, avg 2m19s) | best=1016 target=17156 (999%)
[2026-10-01T16:18:05Z INFO  minertim::pool_connection] New job: hqY8ZvcTpDNhcOa0 (difficulty: 187758, target: 5b590000)
[2026-10-01T16:18:06Z INFO  minertim] H/s 1m:1802.2 5m:1959.3 10m:2031.0 | Shares: 17/0 (found:17) | Diff: 187758 | 2m14s elapsed (since last share, avg 1m44s) | best=1016 target=22875 (999%)
[2026-10-01T16:18:14Z INFO  minertim::pool_connection] New job: oCoWZqPiyhGWOhze (difficulty: 187758, target: 5b590000)
[2026-10-01T16:18:16Z INFO  minertim] H/s 1m:1802.6 5m:1943.6 10m:2033.2 | Shares: 17/0 (found:17) | Diff: 187758 | 2m24s elapsed (since last share, avg 1m44s) | best=1016 target=22875 (999%)
[2026-10-01T16:18:26Z INFO  minertim] H/s 1m:1804.0 5m:1928.7 10m:2035.8 | Shares: 17/0 (found:17) | Diff: 187758 | 2m34s elapsed (since last share, avg 1m44s) | best=1016 target=22875 (999%)
[2026-10-01T16:18:34Z INFO  minertim::pool_connection] New job: UCXaTrvnGB5r9Jv8 (difficulty: 187758, target: 5b590000)
[2026-10-01T16:18:36Z INFO  minertim] H/s 1m:1807.1 5m:1914.3 10m:2029.8 | Shares: 17/0 (found:17) | Diff: 187758 | 2m44s elapsed (since last share, avg 1m43s) | best=1016 target=22875 (999%)
[2026-10-01T16:18:46Z INFO  minertim] H/s 1m:1813.1 5m:1900.2 10m:2022.7 | Shares: 17/0 (found:17) | Diff: 187758 | 2m54s elapsed (since last share, avg 1m43s) | best=1016 target=22875 (999%)
[2026-10-01T16:18:54Z INFO  minertim::pool_connection] New job: lNwXXiUh2u7oK9eg (difficulty: 187758, target: 5b590000)
[2026-10-01T16:18:56Z INFO  minertim] H/s 1m:1814.5 5m:1885.3 10m:2015.5 | Shares: 17/0 (found:17) | Diff: 187758 | 3m4s elapsed (since last share, avg 1m43s) | best=1016 target=22875 (999%)
[2026-10-01T16:19:05Z INFO  minertim::pool_connection] New job: Ugnwkqq1vkt0PI66 (difficulty: 138511, target: 20790000)
[2026-10-01T16:19:06Z INFO  minertim] H/s 1m:1815.0 5m:1869.6 10m:2007.9 | Shares: 17/0 (found:17) | Diff: 138511 | 3m14s elapsed (since last share, avg 1m16s) | best=1016 target=31008 (999%)
[2026-10-01T16:19:06Z INFO  minertim::pool_connection] New job: 2pCFIXTXirTGlCAZ (difficulty: 138511, target: 20790000)
[2026-10-01T16:19:16Z INFO  minertim] H/s 1m:1816.8 5m:1854.1 10m:2000.6 | Shares: 17/0 (found:17) | Diff: 138511 | 3m24s elapsed (since last share, avg 1m16s) | best=1016 target=31008 (999%)
[2026-10-01T16:19:22Z INFO  minertim::pool_connection] New job: 7b9gkvLCtDOaYsr3 (difficulty: 138511, target: 20790000)
[2026-10-01T16:19:26Z INFO  minertim] H/s 1m:1813.2 5m:1839.0 10m:2001.0 | Shares: 17/0 (found:17) | Diff: 138511 | 3m34s elapsed (since last share, avg 1m16s) | best=1016 target=31008 (999%)
[2026-10-01T16:19:36Z INFO  minertim] H/s 1m:1812.1 5m:1834.5 10m:1993.7 | Shares: 17/0 (found:17) | Diff: 138511 | 3m44s elapsed (since last share, avg 1m16s) | best=1016 target=31008 (999%)
[2026-10-01T16:19:42Z INFO  minertim::pool_connection] New job: OrRjSH75KVg4I4u0 (difficulty: 138511, target: 20790000)
[2026-10-01T16:19:46Z INFO  minertim] H/s 1m:1812.1 5m:1830.5 10m:1986.4 | Shares: 17/0 (found:17) | Diff: 138511 | 3m54s elapsed (since last share, avg 1m16s) | best=1016 target=31008 (999%)
[2026-10-01T16:19:56Z INFO  minertim] H/s 1m:1814.4 5m:1816.2 10m:1980.5 | Shares: 17/0 (found:17) | Diff: 138511 | 4m4s elapsed (since last share, avg 1m16s) | best=1016 target=31008 (999%)
[2026-10-01T16:19:59Z INFO  minertim::miner] Worker 1 SHARE FOUND! job_id=OrRjSH75KVg4I4u0, nonce=b9ba1800, hash_val=30097, difficulty=138511, hash=6cc64d29979700cbe62692594d419f1a49acd2f162eedf541ec312d191750000
[2026-10-01T16:20:02Z INFO  minertim::pool_connection] New job: GYXhq0egIK0BJEuw (difficulty: 138511, target: 20790000)
[2026-10-01T16:20:02Z INFO  minertim::pool_connection] Share submitted: rpc_id=32 job_id=OrRjSH75KVg4I4u0 nonce=b9ba1800
[2026-10-01T16:20:02Z INFO  minertim::pool_connection] Share accepted: rpc_id=32 job_id=OrRjSH75KVg4I4u0 nonce=b9ba1800 latency_ms=330
[2026-10-01T16:20:05Z INFO  minertim::miner] Worker 0 SHARE FOUND! job_id=GYXhq0egIK0BJEuw, nonce=1cc41700, hash_val=7578, difficulty=138511, hash=e9fb2a5e4d2998729279a260d76b97c8e428d7695f65c0b8513811d39a1d0000
[2026-10-01T16:20:06Z INFO  minertim] H/s 1m:1786.0 5m:1796.7 10m:1980.7 | Shares: 18/0 (found:19) | Diff: 138511 | 0s elapsed (since last share, avg 1m17s) | best=1016 target=31008 (999%)
[2026-10-01T16:20:16Z INFO  minertim] H/s 1m:1713.6 5m:1769.0 10m:1977.6 | Shares: 18/0 (found:19) | Diff: 138511 | 10s elapsed (since last share, avg 1m20s) | best=1016 target=31008 (999%)
[2026-10-01T16:20:22Z INFO  minertim::pool_connection] New job: V9Rfww2GRscnVdOr (difficulty: 138511, target: 20790000)
[2026-10-01T16:20:22Z INFO  minertim::pool_connection] Share submitted: rpc_id=33 job_id=GYXhq0egIK0BJEuw nonce=1cc41700
[2026-10-01T16:20:22Z INFO  minertim::pool_connection] Share accepted: rpc_id=33 job_id=GYXhq0egIK0BJEuw nonce=1cc41700 latency_ms=261
[2026-10-01T16:20:26Z INFO  minertim] H/s 1m:1705.7 5m:1762.3 10m:1975.1 | Shares: 19/0 (found:19) | Diff: 138511 | 20s elapsed (since last share, avg 1m21s) | best=1016 target=31008 (999%)
[2026-10-01T16:20:36Z INFO  minertim] H/s 1m:1791.3 5m:1780.6 10m:1974.9 | Shares: 19/0 (found:19) | Diff: 138511 | 30s elapsed (since last share, avg 1m17s) | best=1016 target=31008 (999%)
[2026-10-01T16:20:42Z INFO  minertim::pool_connection] New job: 63lTMlw0IQtEp6hH (difficulty: 138511, target: 20790000)
[2026-10-01T16:20:46Z INFO  minertim] H/s 1m:1872.0 5m:1779.6 10m:1974.3 | Shares: 19/0 (found:19) | Diff: 138511 | 40s elapsed (since last share, avg 1m13s) | best=1016 target=31008 (999%)
[2026-10-01T16:20:53Z INFO  minertim::miner] Worker 3 SHARE FOUND! job_id=63lTMlw0IQtEp6hH, nonce=9b651900, hash_val=21751, difficulty=138511, hash=91fda6897877f5f516829900a87b5dcdab4e87dd4ebf3314daaae885f7540000
[2026-10-01T16:20:56Z INFO  minertim] H/s 1m:1981.6 5m:1796.4 10m:1974.1 | Shares: 19/0 (found:20) | Diff: 138511 | 2s elapsed (since last share, avg 1m9s) | best=1016 target=31008 (999%)
[2026-10-01T16:21:02Z INFO  minertim::pool_connection] New job: rat4McvsaXdLEu45 (difficulty: 138511, target: 20790000)
[2026-10-01T16:21:02Z INFO  minertim::pool_connection] Share submitted: rpc_id=35 job_id=63lTMlw0IQtEp6hH nonce=9b651900
[2026-10-01T16:21:02Z INFO  minertim::pool_connection] Share accepted: rpc_id=35 job_id=63lTMlw0IQtEp6hH nonce=9b651900 latency_ms=247
[2026-10-01T16:21:06Z INFO  minertim] H/s 1m:2041.3 5m:1790.1 10m:1965.2 | Shares: 20/0 (found:20) | Diff: 138511 | 12s elapsed (since last share, avg 1m7s) | best=1016 target=31008 (999%)
[2026-10-01T16:21:16Z INFO  minertim] H/s 1m:2124.3 5m:1801.8 10m:1964.2 | Shares: 20/0 (found:20) | Diff: 138511 | 22s elapsed (since last share, avg 1m5s) | best=1016 target=31008 (999%)
[2026-10-01T16:21:22Z INFO  minertim::pool_connection] New job: DLDntV8xrMinYZU6 (difficulty: 138511, target: 20790000)
[2026-10-01T16:21:26Z INFO  minertim] H/s 1m:2119.6 5m:1835.3 10m:1963.4 | Shares: 20/0 (found:20) | Diff: 138511 | 32s elapsed (since last share, avg 1m5s) | best=1016 target=31008 (999%)
[2026-10-01T16:21:36Z INFO  minertim] H/s 1m:2119.4 5m:1863.0 10m:1962.5 | Shares: 20/0 (found:20) | Diff: 138511 | 42s elapsed (since last share, avg 1m5s) | best=1016 target=31008 (999%)
[2026-10-01T16:21:42Z INFO  minertim::pool_connection] New job: c88J2StYU4qR5Bqo (difficulty: 138511, target: 20790000)
[2026-10-01T16:21:46Z INFO  minertim] H/s 1m:2119.3 5m:1883.5 10m:1962.0 | Shares: 20/0 (found:20) | Diff: 138511 | 52s elapsed (since last share, avg 1m5s) | best=1016 target=31008 (999%)
[2026-10-01T16:21:53Z INFO  minertim::pool_connection] New job: JJFlgDcq9oL083Pg (difficulty: 138511, target: 20790000)
[2026-10-01T16:21:56Z INFO  minertim] H/s 1m:2216.0 5m:1901.6 10m:1961.8 | Shares: 20/0 (found:20) | Diff: 138511 | 1m2s elapsed (since last share, avg 1m2s) | best=1016 target=31008 (999%)
[2026-10-01T16:21:56Z INFO  minertim::pool_connection] New job: mW00PtawqCP0y2gP (difficulty: 138511, target: 20790000)
[2026-10-01T16:22:02Z INFO  minertim::miner] Worker 0 SHARE FOUND! job_id=mW00PtawqCP0y2gP, nonce=402c1b00, hash_val=2348, difficulty=138511, hash=95e5c1d3ddd69f9b9020f8de65e376fbd0519f508e15d31b7a02d9d72c090000
[2026-10-01T16:22:05Z INFO  minertim::pool_connection] Share submitted: rpc_id=37 job_id=mW00PtawqCP0y2gP nonce=402c1b00
[2026-10-01T16:22:06Z INFO  minertim::pool_connection] Share accepted: rpc_id=37 job_id=mW00PtawqCP0y2gP nonce=402c1b00 latency_ms=252
[2026-10-01T16:22:06Z INFO  minertim] H/s 1m:2218.8 5m:1916.5 10m:1965.9 | Shares: 21/0 (found:21) | Diff: 138511 | 3s elapsed (since last share, avg 1m2s) | best=1016 target=31008 (999%)
[2026-10-01T16:22:16Z INFO  minertim] H/s 1m:2187.8 5m:1925.5 10m:1971.8 | Shares: 21/0 (found:21) | Diff: 138511 | 13s elapsed (since last share, avg 1m3s) | best=1016 target=31008 (999%)
[2026-10-01T16:22:16Z INFO  minertim::pool_connection] New job: hXtI8mySo6CwGmlN (difficulty: 138511, target: 20790000)
[2026-10-01T16:22:26Z INFO  minertim] H/s 1m:2188.9 5m:1940.0 10m:1977.2 | Shares: 21/0 (found:21) | Diff: 138511 | 23s elapsed (since last share, avg 1m3s) | best=1016 target=31008 (999%)
[2026-10-01T16:22:29Z INFO  minertim::miner] Worker 0 SHARE FOUND! job_id=hXtI8mySo6CwGmlN, nonce=14fb1b00, hash_val=20397, difficulty=138511, hash=debcbff5d75ad1312faf9586e51edd2773967883b3a26facf2eaebe5ad4f0000
[2026-10-01T16:22:36Z INFO  minertim] H/s 1m:2135.3 5m:1945.1 10m:1972.1 | Shares: 21/0 (found:22) | Diff: 138511 | 6s elapsed (since last share, avg 1m4s) | best=1016 target=31008 (999%)
[2026-10-01T16:22:36Z INFO  minertim::pool_connection] New job: ZfOBBuaTFIzDBdto (difficulty: 138511, target: 20790000)
[2026-10-01T16:22:36Z INFO  minertim::pool_connection] Share submitted: rpc_id=39 job_id=hXtI8mySo6CwGmlN nonce=14fb1b00
[2026-10-01T16:22:37Z INFO  minertim::pool_connection] Share accepted: rpc_id=39 job_id=hXtI8mySo6CwGmlN nonce=14fb1b00 latency_ms=247
[2026-10-01T16:22:42Z INFO  minertim::miner] Worker 1 SHARE FOUND! job_id=ZfOBBuaTFIzDBdto, nonce=051c1e00, hash_val=20882, difficulty=138511, hash=9f695047938a23c2ece7bacdd867c1494ec7daacca09238583f4a29192510000
[2026-10-01T16:22:46Z INFO  minertim] H/s 1m:2050.9 5m:1945.1 10m:1964.4 | Shares: 22/0 (found:23) | Diff: 138511 | 4s elapsed (since last share, avg 1m7s) | best=1016 target=31008 (999%)
[2026-10-01T16:22:56Z INFO  minertim] H/s 1m:1949.8 5m:1942.0 10m:1955.5 | Shares: 22/0 (found:23) | Diff: 138511 | 14s elapsed (since last share, avg 1m11s) | best=1016 target=31008 (999%)
[2026-10-01T16:22:56Z INFO  minertim::pool_connection] New job: 0NC0dQ8izgGqME31 (difficulty: 138511, target: 20790000)
[2026-10-01T16:22:56Z INFO  minertim::pool_connection] Share submitted: rpc_id=40 job_id=ZfOBBuaTFIzDBdto nonce=051c1e00
[2026-10-01T16:22:56Z INFO  minertim::pool_connection] Share accepted: rpc_id=40 job_id=ZfOBBuaTFIzDBdto nonce=051c1e00 latency_ms=287
[2026-10-01T16:23:06Z INFO  minertim] H/s 1m:1964.4 5m:1953.3 10m:1953.7 | Shares: 23/0 (found:23) | Diff: 138511 | 24s elapsed (since last share, avg 1m10s) | best=1016 target=31008 (999%)
[2026-10-01T16:23:09Z INFO  minertim::miner] Worker 3 SHARE FOUND! job_id=0NC0dQ8izgGqME31, nonce=cbb41d00, hash_val=8119, difficulty=138511, hash=979e927b2f7432df80b1f48303310f396e62d19f5b83643e7a1e46a2b71f0000
[2026-10-01T16:23:16Z INFO  minertim] H/s 1m:1910.8 5m:1958.4 10m:1948.6 | Shares: 23/0 (found:24) | Diff: 138511 | 7s elapsed (since last share, avg 1m12s) | best=1016 target=31008 (999%)
[2026-10-01T16:23:16Z INFO  minertim::pool_connection] New job: shsE3LLwEGsjkK31 (difficulty: 138511, target: 20790000)
[2026-10-01T16:23:16Z INFO  minertim::pool_connection] Share submitted: rpc_id=42 job_id=0NC0dQ8izgGqME31 nonce=cbb41d00
[2026-10-01T16:23:16Z INFO  minertim::pool_connection] Share accepted: rpc_id=42 job_id=0NC0dQ8izgGqME31 nonce=cbb41d00 latency_ms=329
[2026-10-01T16:23:23Z INFO  minertim::miner] Worker 1 SHARE FOUND! job_id=shsE3LLwEGsjkK31, nonce=b5091f00, hash_val=3179, difficulty=138511, hash=0b1073676bcc5f62ff1ce184f24e556c73a781c9e11b42e5791814906b0c0000
[2026-10-01T16:23:26Z INFO  minertim] H/s 1m:1931.8 5m:1966.6 10m:1945.5 | Shares: 24/0 (found:25) | Diff: 138511 | 2s elapsed (since last share, avg 1m11s) | best=1016 target=31008 (999%)
[2026-10-01T16:23:32Z INFO  minertim::pool_connection] New job: 4dj00sWdxmpBEu2R (difficulty: 138511, target: 20790000)
[2026-10-01T16:23:32Z INFO  minertim::pool_connection] Share submitted: rpc_id=43 job_id=shsE3LLwEGsjkK31 nonce=b5091f00
[2026-10-01T16:23:32Z INFO  minertim::pool_connection] Share accepted: rpc_id=43 job_id=shsE3LLwEGsjkK31 nonce=b5091f00 latency_ms=307
[2026-10-01T16:23:36Z INFO  minertim] H/s 1m:1935.7 5m:1966.3 10m:1938.5 | Shares: 25/0 (found:25) | Diff: 138511 | 12s elapsed (since last share, avg 1m11s) | best=1016 target=31008 (999%)
[2026-10-01T16:23:46Z INFO  minertim] H/s 1m:2037.4 5m:1980.4 10m:1938.1 | Shares: 25/0 (found:25) | Diff: 138511 | 22s elapsed (since last share, avg 1m7s) | best=1016 target=31008 (999%)
[2026-10-01T16:23:51Z INFO  minertim::pool_connection] New job: vDWRar8iG0BFP168 (difficulty: 138511, target: 20790000)
[2026-10-01T16:23:56Z INFO  minertim::miner] Worker 3 SHARE FOUND! job_id=vDWRar8iG0BFP168, nonce=e30c1f00, hash_val=9075, difficulty=138511, hash=d9be48fc32ccc8e704208c46461a17e896b9d8e0b29dfa6163f0ff2c73230000
[2026-10-01T16:23:56Z INFO  minertim] H/s 1m:2054.8 5m:1994.7 10m:1937.7 | Shares: 25/0 (found:26) | Diff: 138511 | 0s elapsed (since last share, avg 1m7s) | best=1016 target=31008 (999%)
[2026-10-01T16:24:01Z INFO  minertim::pool_connection] Share submitted: rpc_id=44 job_id=vDWRar8iG0BFP168 nonce=e30c1f00
[2026-10-01T16:24:01Z INFO  minertim::pool_connection] Share accepted: rpc_id=44 job_id=vDWRar8iG0BFP168 nonce=e30c1f00 latency_ms=252
[2026-10-01T16:24:05Z INFO  minertim::miner] Worker 0 SHARE FOUND! job_id=vDWRar8iG0BFP168, nonce=c4061f00, hash_val=20095, difficulty=138511, hash=e1950451b30d73479d3373bf9d79334f96516f006cc1a138d62235ca7f4e0000
[2026-10-01T16:24:06Z INFO  minertim] H/s 1m:2048.5 5m:1998.4 10m:1932.0 | Shares: 26/0 (found:27) | Diff: 138511 | 0s elapsed (since last share, avg 1m7s) | best=1016 target=31008 (999%)
[2026-10-01T16:24:11Z INFO  minertim::pool_connection] New job: ASTwv10T3jXo9Mdx (difficulty: 138511, target: 20790000)
[2026-10-01T16:24:11Z INFO  minertim::pool_connection] Share submitted: rpc_id=46 job_id=vDWRar8iG0BFP168 nonce=c4061f00
[2026-10-01T16:24:12Z INFO  minertim::pool_connection] Share accepted: rpc_id=46 job_id=vDWRar8iG0BFP168 nonce=c4061f00 latency_ms=312
[2026-10-01T16:24:16Z INFO  minertim] H/s 1m:2018.1 5m:2001.9 10m:1925.9 | Shares: 27/0 (found:27) | Diff: 138511 | 10s elapsed (since last share, avg 1m8s) | best=1016 target=31008 (999%)
[2026-10-01T16:24:17Z INFO  minertim::miner] Worker 1 SHARE FOUND! job_id=ASTwv10T3jXo9Mdx, nonce=39982000, hash_val=27406, difficulty=138511, hash=59662048923f23222ae339a545a1376ac51026ee641c06ead516d9a60e6b0000
[2026-10-01T16:24:26Z INFO  minertim] H/s 1m:2045.1 5m:2006.4 10m:1921.1 | Shares: 27/0 (found:28) | Diff: 138511 | 8s elapsed (since last share, avg 1m7s) | best=1016 target=31008 (999%)
[2026-10-01T16:24:31Z INFO  minertim::pool_connection] New job: bW5DQ2YFv7F2pSS4 (difficulty: 138511, target: 20790000)
[2026-10-01T16:24:31Z INFO  minertim::pool_connection] Share submitted: rpc_id=47 job_id=ASTwv10T3jXo9Mdx nonce=39982000
[2026-10-01T16:24:32Z INFO  minertim::pool_connection] Share accepted: rpc_id=47 job_id=ASTwv10T3jXo9Mdx nonce=39982000 latency_ms=323
[2026-10-01T16:24:35Z INFO  minertim::pool_connection] New job: J9hNbXpt104lPDST (difficulty: 207767, target: c0500000)
[2026-10-01T16:24:36Z INFO  minertim] H/s 1m:1948.0 5m:2003.8 10m:1917.3 | Shares: 28/0 (found:28) | Diff: 207767 | 18s elapsed (since last share, avg 1m46s) | best=1016 target=20672 (999%)
[2026-10-01T16:24:46Z INFO  minertim] H/s 1m:1947.7 5m:2017.7 10m:1922.2 | Shares: 28/0 (found:28) | Diff: 207767 | 28s elapsed (since last share, avg 1m46s) | best=1016 target=20672 (999%)
[2026-10-01T16:24:51Z INFO  minertim::pool_connection] New job: ZeJ1iTq0VCYySGtL (difficulty: 207767, target: c0500000)
[2026-10-01T16:24:56Z INFO  minertim] H/s 1m:2005.6 5m:2036.2 10m:1922.0 | Shares: 28/0 (found:28) | Diff: 207767 | 38s elapsed (since last share, avg 1m43s) | best=1016 target=20672 (999%)
[2026-10-01T16:25:06Z INFO  minertim] H/s 1m:2064.5 5m:2062.4 10m:1921.3 | Shares: 28/0 (found:28) | Diff: 207767 | 48s elapsed (since last share, avg 1m40s) | best=1016 target=20672 (999%)
[2026-10-01T16:25:11Z INFO  minertim::pool_connection] New job: pqML0c0oD9gF99k0 (difficulty: 207767, target: c0500000)
[2026-10-01T16:25:16Z INFO  minertim] H/s 1m:2115.7 5m:2077.1 10m:1920.8 | Shares: 28/0 (found:28) | Diff: 207767 | 58s elapsed (since last share, avg 1m38s) | best=1016 target=20672 (999%)
[2026-10-01T16:25:26Z INFO  minertim] H/s 1m:2211.5 5m:2076.3 10m:1924.7 | Shares: 28/0 (found:28) | Diff: 207767 | 1m8s elapsed (since last share, avg 1m33s) | best=1016 target=20672 (999%)
[2026-10-01T16:25:31Z INFO  minertim::pool_connection] New job: wEC3WzsCtl6l9rLD (difficulty: 207767, target: c0500000)
[2026-10-01T16:25:35Z INFO  minertim::pool_connection] New job: w2UT48n6GF7PgqlI (difficulty: 148404, target: 0d710000)
[2026-10-01T16:25:36Z INFO  minertim] H/s 1m:2211.7 5m:2076.2 10m:1933.4 | Shares: 28/0 (found:28) | Diff: 148404 | 1m18s elapsed (since last share, avg 1m7s) | best=1016 target=28941 (999%)
[2026-10-01T16:25:46Z INFO  minertim] H/s 1m:2212.8 5m:2076.1 10m:1932.8 | Shares: 28/0 (found:28) | Diff: 148404 | 1m28s elapsed (since last share, avg 1m7s) | best=1016 target=28941 (999%)
[2026-10-01T16:25:51Z INFO  minertim::pool_connection] New job: kNG7b7S3MiFdRwE9 (difficulty: 148404, target: 0d710000)
[2026-10-01T16:25:56Z INFO  minertim] H/s 1m:2216.1 5m:2092.6 10m:1941.0 | Shares: 28/0 (found:28) | Diff: 148404 | 1m38s elapsed (since last share, avg 1m6s) | best=1016 target=28941 (999%)
[2026-10-01T16:26:06Z INFO  minertim] H/s 1m:2215.4 5m:2092.8 10m:1945.9 | Shares: 28/0 (found:28) | Diff: 148404 | 1m48s elapsed (since last share, avg 1m6s) | best=1016 target=28941 (999%)
[2026-10-01T16:26:11Z INFO  minertim::pool_connection] New job: n1gtEWdLda0qSC1o (difficulty: 148404, target: 0d710000)
[2026-10-01T16:26:13Z INFO  minertim::pool_connection] New job: L8h0H0skJ0Tff0FJ (difficulty: 148404, target: 0d710000)
[2026-10-01T16:26:16Z INFO  minertim] H/s 1m:2216.7 5m:2093.0 10m:1951.9 | Shares: 28/0 (found:28) | Diff: 148404 | 1m58s elapsed (since last share, avg 1m6s) | best=1016 target=28941 (999%)
[2026-10-01T16:26:26Z INFO  minertim] H/s 1m:2217.3 5m:2093.1 10m:1968.5 | Shares: 28/0 (found:28) | Diff: 148404 | 2m8s elapsed (since last share, avg 1m6s) | best=1016 target=28941 (999%)
[2026-10-01T16:26:33Z INFO  minertim::pool_connection] New job: QyLO2lvCtgLUnpdC (difficulty: 148404, target: 0d710000)
[2026-10-01T16:26:35Z INFO  minertim::pool_connection] New job: 4uJi0TFcLX87AQV4 (difficulty: 111303, target: bc960000)
[2026-10-01T16:26:36Z INFO  minertim] H/s 1m:2272.2 5m:2102.4 10m:1986.8 | Shares: 28/0 (found:28) | Diff: 111303 | 2m18s elapsed (since last share, avg 48s) | best=1016 target=38588 (999%)
[2026-10-01T16:26:46Z INFO  minertim] H/s 1m:2272.3 5m:2102.3 10m:1996.8 | Shares: 28/0 (found:28) | Diff: 111303 | 2m28s elapsed (since last share, avg 48s) | best=1016 target=38588 (999%)
[2026-10-01T16:26:53Z INFO  minertim::pool_connection] New job: rXPw6Qr2wDa2ft50 (difficulty: 111303, target: bc960000)
[2026-10-01T16:26:56Z INFO  minertim] H/s 1m:2274.6 5m:2102.4 10m:2005.7 | Shares: 28/0 (found:28) | Diff: 111303 | 2m38s elapsed (since last share, avg 48s) | best=1016 target=38588 (999%)
[2026-10-01T16:27:06Z INFO  minertim] H/s 1m:2272.6 5m:2107.6 10m:2012.9 | Shares: 28/0 (found:28) | Diff: 111303 | 2m48s elapsed (since last share, avg 48s) | best=1016 target=38588 (999%)
[2026-10-01T16:27:13Z INFO  minertim::pool_connection] New job: qNoRbrk9hN2Q8qyd (difficulty: 111303, target: bc960000)
[2026-10-01T16:27:15Z INFO  minertim::pool_connection] New job: GTB047QS108OJTXQ (difficulty: 111303, target: bc960000)
[2026-10-01T16:27:16Z INFO  minertim] H/s 1m:2273.1 5m:2107.6 10m:2020.0 | Shares: 28/0 (found:28) | Diff: 111303 | 2m58s elapsed (since last share, avg 48s) | best=1016 target=38588 (999%)
[2026-10-01T16:27:26Z INFO  minertim] H/s 1m:2219.6 5m:2117.0 10m:2027.3 | Shares: 28/0 (found:28) | Diff: 111303 | 3m8s elapsed (since last share, avg 50s) | best=1016 target=38588 (999%)
[2026-10-01T16:27:35Z INFO  minertim::pool_connection] New job: MLXQGxmtcwZPobCb (difficulty: 111303, target: bc960000)
[2026-10-01T16:27:35Z INFO  minertim::pool_connection] New job: nD3YipI4EgzlsXry (difficulty: 83478, target: fac80000)
[2026-10-01T16:27:36Z INFO  minertim] H/s 1m:2220.6 5m:2131.5 10m:2034.3 | Shares: 28/0 (found:28) | Diff: 83478 | 3m18s elapsed (since last share, avg 37s) | best=1016 target=51450 (999%)
[2026-10-01T16:27:46Z INFO  minertim] H/s 1m:2221.9 5m:2149.4 10m:2041.5 | Shares: 28/0 (found:28) | Diff: 83478 | 3m28s elapsed (since last share, avg 37s) | best=1016 target=51450 (999%)
[2026-10-01T16:27:49Z INFO  minertim::miner] Worker 3 SHARE FOUND! job_id=nD3YipI4EgzlsXry, nonce=1bc52600, hash_val=50451, difficulty=83478, hash=5cade358a73b4ccd33b7c403d164f500a31dfb4d1d69f56effe49ce513c50000
[2026-10-01T16:27:54Z INFO  minertim::pool_connection] New job: I5uw44IiNqqxs3cR (difficulty: 83478, target: fac80000)
[2026-10-01T16:27:54Z INFO  minertim::pool_connection] Share submitted: rpc_id=51 job_id=nD3YipI4EgzlsXry nonce=1bc52600
[2026-10-01T16:27:55Z INFO  minertim::pool_connection] Share accepted: rpc_id=51 job_id=nD3YipI4EgzlsXry nonce=1bc52600 latency_ms=249
[2026-10-01T16:27:56Z INFO  minertim] H/s 1m:2143.0 5m:2138.4 10m:2041.8 | Shares: 29/0 (found:29) | Diff: 83478 | 7s elapsed (since last share, avg 38s) | best=1016 target=51450 (999%)
[2026-10-01T16:28:05Z INFO  minertim::pool_connection] New job: SLP4jvCQ7vaQIB2N (difficulty: 125217, target: fc850000)
[2026-10-01T16:28:06Z INFO  minertim] H/s 1m:2141.3 5m:2147.4 10m:2048.8 | Shares: 29/0 (found:29) | Diff: 125217 | 17s elapsed (since last share, avg 58s) | best=1016 target=34300 (999%)
[2026-10-01T16:28:14Z INFO  minertim::pool_connection] New job: BUnsapnP9Y76JY97 (difficulty: 125217, target: fc850000)
[2026-10-01T16:28:16Z INFO  minertim] H/s 1m:2141.5 5m:2153.1 10m:2055.8 | Shares: 29/0 (found:29) | Diff: 125217 | 27s elapsed (since last share, avg 58s) | best=1016 target=34300 (999%)
[2026-10-01T16:28:26Z INFO  minertim] H/s 1m:2142.0 5m:2167.1 10m:2062.7 | Shares: 29/0 (found:29) | Diff: 125217 | 37s elapsed (since last share, avg 58s) | best=1016 target=34300 (999%)
[2026-10-01T16:28:34Z INFO  minertim::pool_connection] New job: 0muJXb277X1beXgf (difficulty: 125217, target: fc850000)
[2026-10-01T16:28:36Z INFO  minertim] H/s 1m:2140.8 5m:2167.2 10m:2069.3 | Shares: 29/0 (found:29) | Diff: 125217 | 47s elapsed (since last share, avg 58s) | best=1016 target=34300 (999%)
[2026-10-01T16:28:37Z INFO  minertim::pool_connection] New job: bZu1I7gG0sKqTJqC (difficulty: 125217, target: fc850000)
[2026-10-01T16:28:46Z INFO  minertim] H/s 1m:2223.1 5m:2167.4 10m:2076.4 | Shares: 29/0 (found:29) | Diff: 125217 | 57s elapsed (since last share, avg 56s) | best=1016 target=34300 (999%)
[2026-10-01T16:28:56Z INFO  minertim] H/s 1m:2224.6 5m:2177.8 10m:2083.5 | Shares: 29/0 (found:29) | Diff: 125217 | 1m7s elapsed (since last share, avg 56s) | best=1016 target=34300 (999%)
[2026-10-01T16:28:56Z INFO  minertim::pool_connection] New job: f6IrLiBij0n0mitK (difficulty: 125217, target: fc850000)
[2026-10-01T16:29:05Z INFO  minertim::pool_connection] New job: Xa5P8VRZH013GF0P (difficulty: 80496, target: 6cd00000)
[2026-10-01T16:29:06Z INFO  minertim] H/s 1m:2222.1 5m:2188.3 10m:2090.2 | Shares: 29/0 (found:29) | Diff: 80496 | 1m17s elapsed (since last share, avg 36s) | best=1016 target=53356 (999%)
[2026-10-01T16:29:16Z INFO  minertim] H/s 1m:2219.7 5m:2197.2 10m:2097.1 | Shares: 29/0 (found:29) | Diff: 80496 | 1m27s elapsed (since last share, avg 36s) | best=1016 target=53356 (999%)
[2026-10-01T16:29:16Z INFO  minertim::pool_connection] New job: Ibv8qMbNO7h9pavl (difficulty: 80496, target: 6cd00000)
[2026-10-01T16:29:26Z INFO  minertim] H/s 1m:2218.7 5m:2213.9 10m:2103.8 | Shares: 29/0 (found:29) | Diff: 80496 | 1m37s elapsed (since last share, avg 36s) | best=1016 target=53356 (999%)
[2026-10-01T16:29:29Z INFO  minertim::miner] Worker 0 SHARE FOUND! job_id=Ibv8qMbNO7h9pavl, nonce=c4cb2900, hash_val=45170, difficulty=80496, hash=7d8b9ca1a782303491f8ba65efef6ddf4ba69c2badeae4aef9f5f7d772b00000
[2026-10-01T16:29:36Z INFO  minertim] H/s 1m:2164.2 5m:2204.8 10m:2106.2 | Shares: 29/0 (found:30) | Diff: 80496 | 7s elapsed (since last share, avg 37s) | best=1016 target=53356 (999%)
[2026-10-01T16:29:36Z INFO  minertim::pool_connection] New job: JbSNkLmwT87kPrFW (difficulty: 80496, target: 6cd00000)
[2026-10-01T16:29:36Z INFO  minertim::pool_connection] Share submitted: rpc_id=54 job_id=Ibv8qMbNO7h9pavl nonce=c4cb2900
[2026-10-01T16:29:37Z INFO  minertim::pool_connection] Share accepted: rpc_id=54 job_id=Ibv8qMbNO7h9pavl nonce=c4cb2900 latency_ms=334
[2026-10-01T16:29:46Z INFO  minertim] H/s 1m:2135.3 5m:2200.1 10m:2110.7 | Shares: 30/0 (found:30) | Diff: 80496 | 17s elapsed (since last share, avg 37s) | best=1016 target=53356 (999%)
[2026-10-01T16:29:51Z INFO  minertim::pool_connection] New job: nDJmQGoSt0tieeMZ (difficulty: 80496, target: 6cd00000)
[2026-10-01T16:29:53Z INFO  minertim::miner] Worker 1 SHARE FOUND! job_id=nDJmQGoSt0tieeMZ, nonce=fd7a2b00, hash_val=12358, difficulty=80496, hash=b5c7190bb0a35f8ba26b6668c9684f86d58ab835eb027aa5d29f336746300000
[2026-10-01T16:29:56Z INFO  minertim] H/s 1m:2136.4 5m:2200.7 10m:2119.9 | Shares: 30/0 (found:31) | Diff: 80496 | 3s elapsed (since last share, avg 37s) | best=1016 target=53356 (999%)
[2026-10-01T16:30:05Z INFO  minertim::pool_connection] New job: 0ALAMTuBQLGFAVNu (difficulty: 116850, target: 948f0000)
[2026-10-01T16:30:05Z INFO  minertim::pool_connection] Share submitted: rpc_id=55 job_id=nDJmQGoSt0tieeMZ nonce=fd7a2b00
[2026-10-01T16:30:05Z INFO  minertim::pool_connection] Share accepted: rpc_id=55 job_id=nDJmQGoSt0tieeMZ nonce=fd7a2b00 latency_ms=250
[2026-10-01T16:30:06Z INFO  minertim::miner] Worker 1 SHARE FOUND! job_id=0ALAMTuBQLGFAVNu, nonce=69832b00, hash_val=6033, difficulty=116850, hash=a99e55dbbc50601c5cd50a6de1a0ec65b7f32f4364ab1e09669a9a3e91170000
[2026-10-01T16:30:06Z INFO  minertim] H/s 1m:2044.8 5m:2185.0 10m:2125.2 | Shares: 31/0 (found:32) | Diff: 116850 | 0s elapsed (since last share, avg 57s) | best=1016 target=36756 (999%)
[2026-10-01T16:30:11Z INFO  minertim::pool_connection] New job: nQgIm2xihh3kwSwk (difficulty: 116850, target: 948f0000)
[2026-10-01T16:30:11Z INFO  minertim::pool_connection] Share submitted: rpc_id=57 job_id=0ALAMTuBQLGFAVNu nonce=69832b00
[2026-10-01T16:30:12Z INFO  minertim::pool_connection] Share accepted: rpc_id=57 job_id=0ALAMTuBQLGFAVNu nonce=69832b00 latency_ms=308
[2026-10-01T16:30:16Z INFO  minertim] H/s 1m:1949.0 5m:2168.6 10m:2124.4 | Shares: 32/0 (found:32) | Diff: 116850 | 10s elapsed (since last share, avg 59s) | best=1016 target=36756 (999%)
[2026-10-01T16:30:26Z INFO  minertim] H/s 1m:2001.7 5m:2168.6 10m:2124.0 | Shares: 32/0 (found:32) | Diff: 116850 | 20s elapsed (since last share, avg 58s) | best=1016 target=36756 (999%)
[2026-10-01T16:30:31Z INFO  minertim::pool_connection] New job: W0F09F9Y4sGeU2MJ (difficulty: 116850, target: 948f0000)
[2026-10-01T16:30:35Z INFO  minertim::pool_connection] New job: aIV30QfZbheisMdL (difficulty: 175276, target: b85f0000)
[2026-10-01T16:30:36Z INFO  minertim] H/s 1m:2029.3 5m:2168.5 10m:2124.0 | Shares: 32/0 (found:32) | Diff: 175276 | 30s elapsed (since last share, avg 1m26s) | best=1016 target=24504 (999%)
[2026-10-01T16:30:46Z INFO  minertim] H/s 1m:2084.1 5m:2177.9 10m:2128.6 | Shares: 32/0 (found:32) | Diff: 175276 | 40s elapsed (since last share, avg 1m24s) | best=1016 target=24504 (999%)
[2026-10-01T16:30:51Z INFO  minertim::pool_connection] New job: 9PU00sSCYwwOztu4 (difficulty: 175276, target: b85f0000)
[2026-10-01T16:30:56Z INFO  minertim] H/s 1m:2176.0 5m:2178.2 10m:2136.6 | Shares: 32/0 (found:32) | Diff: 175276 | 50s elapsed (since last share, avg 1m20s) | best=1016 target=24504 (999%)
[2026-10-01T16:31:06Z INFO  minertim] H/s 1m:2269.2 5m:2177.6 10m:2136.7 | Shares: 32/0 (found:32) | Diff: 175276 | 1m0s elapsed (since last share, avg 1m17s) | best=1016 target=24504 (999%)
[2026-10-01T16:31:11Z INFO  minertim::pool_connection] New job: VYq0U70P0cTXvVzq (difficulty: 175276, target: b85f0000)
[2026-10-01T16:31:16Z INFO  minertim] H/s 1m:2269.3 5m:2177.5 10m:2136.7 | Shares: 32/0 (found:32) | Diff: 175276 | 1m10s elapsed (since last share, avg 1m17s) | best=1016 target=24504 (999%)
[2026-10-01T16:31:26Z INFO  minertim] H/s 1m:2269.6 5m:2168.0 10m:2136.7 | Shares: 32/0 (found:32) | Diff: 175276 | 1m20s elapsed (since last share, avg 1m17s) | best=1016 target=24504 (999%)
[2026-10-01T16:31:31Z INFO  minertim::pool_connection] New job: kWcQQfYtBkmHNTPZ (difficulty: 175276, target: b85f0000)
[2026-10-01T16:31:35Z INFO  minertim::pool_connection] New job: 0aYa4Var4o441YdT (difficulty: 95029, target: 8cb00000)
[2026-10-01T16:31:36Z INFO  minertim] H/s 1m:2214.2 5m:2167.9 10m:2136.6 | Shares: 32/0 (found:32) | Diff: 95029 | 1m30s elapsed (since last share, avg 42s) | best=1016 target=45196 (999%)
[2026-10-01T16:31:43Z INFO  minertim::pool_connection] New job: VKO9922zA0owjyff (difficulty: 95029, target: 8cb00000)
[2026-10-01T16:31:46Z INFO  minertim] H/s 1m:2214.3 5m:2167.8 10m:2136.5 | Shares: 32/0 (found:32) | Diff: 95029 | 1m40s elapsed (since last share, avg 42s) | best=1016 target=45196 (999%)
[2026-10-01T16:31:56Z INFO  minertim] H/s 1m:2217.0 5m:2168.1 10m:2136.5 | Shares: 32/0 (found:32) | Diff: 95029 | 1m50s elapsed (since last share, avg 42s) | best=1016 target=45196 (999%)
[2026-10-01T16:32:03Z INFO  minertim::pool_connection] New job: Y8DNsW6NVirAcmAt (difficulty: 95029, target: 8cb00000)
[2026-10-01T16:32:06Z INFO  minertim] H/s 1m:2214.6 5m:2167.5 10m:2139.0 | Shares: 32/0 (found:32) | Diff: 95029 | 2m0s elapsed (since last share, avg 42s) | best=1016 target=45196 (999%)
[2026-10-01T16:32:16Z INFO  minertim] H/s 1m:2214.5 5m:2167.2 10m:2138.9 | Shares: 32/0 (found:32) | Diff: 95029 | 2m10s elapsed (since last share, avg 42s) | best=1016 target=45196 (999%)
[2026-10-01T16:32:23Z INFO  minertim::pool_connection] New job: 0h7rvysW0BohvkY0 (difficulty: 95029, target: 8cb00000)
[2026-10-01T16:32:26Z INFO  minertim] H/s 1m:2214.3 5m:2166.8 10m:2143.3 | Shares: 32/0 (found:32) | Diff: 95029 | 2m20s elapsed (since last share, avg 42s) | best=1016 target=45196 (999%)
[2026-10-01T16:32:35Z INFO  minertim::pool_connection] New job: FfjqAFMehQeJdJ2E (difficulty: 71271, target: 66eb0000)
[2026-10-01T16:32:36Z INFO  minertim] H/s 1m:2213.7 5m:2166.4 10m:2150.3 | Shares: 32/0 (found:32) | Diff: 71271 | 2m30s elapsed (since last share, avg 32s) | best=1016 target=60262 (999%)
[2026-10-01T16:32:43Z INFO  minertim::pool_connection] New job: 3MA6z50fbd6W08HH (difficulty: 71271, target: 66eb0000)
[2026-10-01T16:32:46Z INFO  minertim] H/s 1m:2213.2 5m:2180.2 10m:2158.8 | Shares: 32/0 (found:32) | Diff: 71271 | 2m40s elapsed (since last share, avg 32s) | best=1016 target=60262 (999%)
[2026-10-01T16:32:56Z INFO  minertim] H/s 1m:2215.1 5m:2180.2 10m:2160.2 | Shares: 32/0 (found:32) | Diff: 71271 | 2m50s elapsed (since last share, avg 32s) | best=1016 target=60262 (999%)
[2026-10-01T16:33:03Z INFO  minertim::pool_connection] New job: NiowO060TTfR7Ovg (difficulty: 71271, target: 66eb0000)
[2026-10-01T16:33:06Z INFO  minertim] H/s 1m:2211.4 5m:2179.2 10m:2164.4 | Shares: 32/0 (found:32) | Diff: 71271 | 3m0s elapsed (since last share, avg 32s) | best=1016 target=60262 (999%)
[2026-10-01T16:33:12Z INFO  minertim::miner] Worker 1 SHARE FOUND! job_id=NiowO060TTfR7Ovg, nonce=459d3100, hash_val=48571, difficulty=71271, hash=dde41ab949716f2f054b21a241a0d843dae820e9f3a951ba959636e7bbbd0000
[2026-10-01T16:33:16Z INFO  minertim] H/s 1m:2213.5 5m:2179.2 10m:2167.2 | Shares: 32/0 (found:33) | Diff: 71271 | 4s elapsed (since last share, avg 32s) | best=1016 target=60262 (999%)
[2026-10-01T16:33:23Z INFO  minertim::pool_connection] New job: RC5hek3U654InOZm (difficulty: 71271, target: 66eb0000)
[2026-10-01T16:33:23Z INFO  minertim::pool_connection] Share submitted: rpc_id=61 job_id=NiowO060TTfR7Ovg nonce=459d3100
[2026-10-01T16:33:23Z INFO  minertim::pool_connection] Share accepted: rpc_id=61 job_id=NiowO060TTfR7Ovg nonce=459d3100 latency_ms=267
[2026-10-01T16:33:26Z INFO  minertim] H/s 1m:2115.1 5m:2162.0 10m:2165.5 | Shares: 33/0 (found:33) | Diff: 71271 | 14s elapsed (since last share, avg 33s) | best=1016 target=60262 (999%)
[2026-10-01T16:33:36Z INFO  minertim] H/s 1m:2114.5 5m:2161.5 10m:2165.4 | Shares: 33/0 (found:33) | Diff: 71271 | 24s elapsed (since last share, avg 33s) | best=1016 target=60262 (999%)
[2026-10-01T16:33:42Z INFO  minertim::pool_connection] New job: AHJusJrW1mV9FWXb (difficulty: 71271, target: 66eb0000)
[2026-10-01T16:33:46Z INFO  minertim] H/s 1m:2113.3 5m:2161.0 10m:2165.2 | Shares: 33/0 (found:33) | Diff: 71271 | 34s elapsed (since last share, avg 33s) | best=1016 target=60262 (999%)
[2026-10-01T16:33:56Z INFO  minertim] H/s 1m:2115.5 5m:2160.8 10m:2170.0 | Shares: 33/0 (found:33) | Diff: 71271 | 44s elapsed (since last share, avg 33s) | best=1016 target=60262 (999%)
[2026-10-01T16:34:02Z INFO  minertim::pool_connection] New job: bHotLnK3ltCmuRr9 (difficulty: 71271, target: 66eb0000)
[2026-10-01T16:34:06Z INFO  minertim] H/s 1m:2111.4 5m:2160.5 10m:2175.1 | Shares: 33/0 (found:33) | Diff: 71271 | 54s elapsed (since last share, avg 33s) | best=1016 target=60262 (999%)
[2026-10-01T16:34:15Z INFO  minertim::pool_connection] New job: qOZN5J2HwIhCKtbZ (difficulty: 71271, target: 66eb0000)
[2026-10-01T16:34:16Z INFO  minertim] H/s 1m:2210.7 5m:2160.6 10m:2179.5 | Shares: 33/0 (found:33) | Diff: 71271 | 1m4s elapsed (since last share, avg 32s) | best=1016 target=60262 (999%)
[2026-10-01T16:34:17Z INFO  minertim::miner] Worker 3 SHARE FOUND! job_id=qOZN5J2HwIhCKtbZ, nonce=dbba3300, hash_val=14647, difficulty=71271, hash=9f7abb82766858e988bc26ef43f2099aa4ce8790e9dab71573fd513a37390000
[2026-10-01T16:34:26Z INFO  minertim] H/s 1m:2107.5 5m:2151.7 10m:2178.9 | Shares: 33/0 (found:34) | Diff: 71271 | 9s elapsed (since last share, avg 33s) | best=1016 target=60262 (999%)
[2026-10-01T16:34:35Z INFO  minertim::pool_connection] New job: FOkO0RD01iFu7NSw (difficulty: 71271, target: 66eb0000)
[2026-10-01T16:34:35Z INFO  minertim::pool_connection] Share submitted: rpc_id=63 job_id=qOZN5J2HwIhCKtbZ nonce=dbba3300
[2026-10-01T16:34:35Z INFO  minertim::pool_connection] Share accepted: rpc_id=63 job_id=qOZN5J2HwIhCKtbZ nonce=dbba3300 latency_ms=305
[2026-10-01T16:34:35Z INFO  minertim::pool_connection] New job: bkQue0hGitAWxjLQ (difficulty: 53453, target: de390100)
[2026-10-01T16:34:36Z INFO  minertim::miner] Worker 1 SHARE FOUND! job_id=bkQue0hGitAWxjLQ, nonce=911d3400, hash_val=48551, difficulty=53453, hash=5a494fc22a93a23e7aeac70714cb3ae909db7e697a88f4611ce51af4a7bd0000
[2026-10-01T16:34:36Z INFO  minertim] H/s 1m:2031.2 5m:2143.0 10m:2172.3 | Shares: 34/0 (found:35) | Diff: 53453 | 0s elapsed (since last share, avg 26s) | best=1016 target=80350 (999%)
[2026-10-01T16:34:43Z INFO  minertim::miner] Worker 0 SHARE FOUND! job_id=bkQue0hGitAWxjLQ, nonce=dc373400, hash_val=72128, difficulty=53453, hash=562b2273c2219682c8bb1b03648588f71ff6603d7b205a20374144cfc0190100
[2026-10-01T16:34:46Z INFO  minertim] H/s 1m:1872.8 5m:2115.4 10m:2158.8 | Shares: 34/0 (found:36) | Diff: 53453 | 3s elapsed (since last share, avg 28s) | best=1016 target=80350 (999%)
[2026-10-01T16:34:53Z INFO  minertim::pool_connection] New job: mGVX1OE6h2jrfpWj (difficulty: 53453, target: de390100)
[2026-10-01T16:34:53Z INFO  minertim::pool_connection] Share submitted: rpc_id=64 job_id=bkQue0hGitAWxjLQ nonce=911d3400
[2026-10-01T16:34:53Z INFO  minertim::pool_connection] Share submitted: rpc_id=65 job_id=bkQue0hGitAWxjLQ nonce=dc373400
[2026-10-01T16:34:54Z INFO  minertim::pool_connection] Share accepted: rpc_id=64 job_id=bkQue0hGitAWxjLQ nonce=911d3400 latency_ms=306
[2026-10-01T16:34:54Z INFO  minertim::pool_connection] Share accepted: rpc_id=65 job_id=bkQue0hGitAWxjLQ nonce=dc373400 latency_ms=526
[2026-10-01T16:34:56Z INFO  minertim] H/s 1m:1732.1 5m:2106.6 10m:2146.9 | Shares: 36/0 (found:36) | Diff: 53453 | 13s elapsed (since last share, avg 30s) | best=1016 target=80350 (999%)
[2026-10-01T16:35:05Z INFO  minertim::pool_connection] New job: fY5o1o0iPRvuDPYZ (difficulty: 80180, target: 3ed10000)
[2026-10-01T16:35:06Z INFO  minertim::pool_connection] New job: XyA0NTazCeF66EgZ (difficulty: 80180, target: 3ed10000)
[2026-10-01T16:35:06Z INFO  minertim] H/s 1m:1729.9 5m:2122.8 10m:2146.8 | Shares: 36/0 (found:36) | Diff: 80180 | 23s elapsed (since last share, avg 46s) | best=1016 target=53566 (999%)
[2026-10-01T16:35:12Z INFO  minertim::miner] Worker 2 SHARE FOUND! job_id=XyA0NTazCeF66EgZ, nonce=82263700, hash_val=2186, difficulty=80180, hash=0c0591546b8744141820de16314806ecd7d966806d8ee1a71c699e8f8a080000
[2026-10-01T16:35:16Z INFO  minertim] H/s 1m:1779.6 5m:2113.4 10m:2142.3 | Shares: 36/0 (found:37) | Diff: 80180 | 4s elapsed (since last share, avg 45s) | best=1016 target=53566 (999%)
[2026-10-01T16:35:26Z INFO  minertim::pool_connection] New job: 0VLV0GQy3bXat7NP (difficulty: 80180, target: 3ed10000)
[2026-10-01T16:35:26Z INFO  minertim::pool_connection] Share submitted: rpc_id=67 job_id=XyA0NTazCeF66EgZ nonce=82263700
[2026-10-01T16:35:26Z INFO  minertim] H/s 1m:1782.3 5m:2100.5 10m:2135.9 | Shares: 36/0 (pending:1) (found:37) | Diff: 80180 | 14s elapsed (since last share, avg 44s) | best=1016 target=53566 (999%)
[2026-10-01T16:35:27Z INFO  minertim::pool_connection] Share accepted: rpc_id=67 job_id=XyA0NTazCeF66EgZ nonce=82263700 latency_ms=330
[2026-10-01T16:35:36Z INFO  minertim] H/s 1m:1944.0 5m:2091.2 10m:2136.0 | Shares: 37/0 (found:37) | Diff: 80180 | 24s elapsed (since last share, avg 41s) | best=1016 target=53566 (999%)
[2026-10-01T16:35:46Z INFO  minertim::pool_connection] New job: lgVoEOuj0R3S0KIg (difficulty: 80180, target: 3ed10000)
[2026-10-01T16:35:46Z INFO  minertim::miner] Worker 1 SHARE FOUND! job_id=lgVoEOuj0R3S0KIg, nonce=01e93500, hash_val=44757, difficulty=80180, hash=b88d46689f985cda43f36ebbb8380b8164e6458954e365d36cc9150dd5ae0000
[2026-10-01T16:35:46Z INFO  minertim] H/s 1m:2086.9 5m:2091.2 10m:2136.0 | Shares: 37/0 (found:38) | Diff: 80180 | 0s elapsed (since last share, avg 38s) | best=1016 target=53566 (999%)
[2026-10-01T16:35:57Z INFO  minertim] H/s 1m:1983.7 5m:2073.6 10m:2127.2 | Shares: 37/0 (found:38) | Diff: 80180 | 10s elapsed (since last share, avg 40s) | best=1016 target=53566 (999%)
[2026-10-01T16:36:06Z INFO  minertim::pool_connection] Share submitted: rpc_id=68 job_id=lgVoEOuj0R3S0KIg nonce=01e93500
[2026-10-01T16:36:06Z INFO  minertim::pool_connection] New job: QpH2kBklEfEficrQ (difficulty: 80180, target: 3ed10000)
[2026-10-01T16:36:06Z INFO  minertim::pool_connection] Share accepted: rpc_id=68 job_id=lgVoEOuj0R3S0KIg nonce=01e93500 latency_ms=592
[2026-10-01T16:36:07Z INFO  minertim] H/s 1m:1963.0 5m:2060.6 10m:2120.8 | Shares: 38/0 (found:38) | Diff: 80180 | 20s elapsed (since last share, avg 40s) | best=1016 target=53566 (999%)
[2026-10-01T16:36:12Z INFO  minertim::miner] Worker 0 SHARE FOUND! job_id=QpH2kBklEfEficrQ, nonce=94e43600, hash_val=12399, difficulty=80180, hash=66e3b2692cd47dd7a9de845323c341e0ee00837936d3a3ae47f15c706f300000
[2026-10-01T16:36:17Z INFO  minertim] H/s 1m:1987.8 5m:2051.9 10m:2116.5 | Shares: 38/0 (found:39) | Diff: 80180 | 4s elapsed (since last share, avg 40s) | best=1016 target=53566 (999%)
[2026-10-01T16:36:26Z INFO  minertim::pool_connection] New job: brL0IfkKWCOHFEve (difficulty: 80180, target: 3ed10000)
[2026-10-01T16:36:26Z INFO  minertim::pool_connection] Share submitted: rpc_id=70 job_id=QpH2kBklEfEficrQ nonce=94e43600
[2026-10-01T16:36:26Z INFO  minertim::pool_connection] Share accepted: rpc_id=70 job_id=QpH2kBklEfEficrQ nonce=94e43600 latency_ms=307
[2026-10-01T16:36:27Z INFO  minertim] H/s 1m:1919.0 5m:2040.3 10m:2106.1 | Shares: 39/0 (found:39) | Diff: 80180 | 14s elapsed (since last share, avg 41s) | best=1016 target=53566 (999%)
[2026-10-01T16:36:35Z INFO  minertim::pool_connection] New job: j0ga0AC5zSno8yb9 (difficulty: 117657, target: 988e0000)
[2026-10-01T16:36:37Z INFO  minertim] H/s 1m:1919.4 5m:2040.4 10m:2106.1 | Shares: 39/0 (found:39) | Diff: 117657 | 24s elapsed (since last share, avg 1m1s) | best=1016 target=36504 (999%)
[2026-10-01T16:36:46Z INFO  minertim::miner] Worker 3 SHARE FOUND! job_id=j0ga0AC5zSno8yb9, nonce=d3383800, hash_val=8753, difficulty=117657, hash=147df842a67525e26f3c240b40df4f2f4b67263b7a27b9e986f79fa731220000
[2026-10-01T16:36:46Z INFO  minertim::pool_connection] New job: YN9AduVHpmS3c5B6 (difficulty: 117657, target: 988e0000)
[2026-10-01T16:36:46Z INFO  minertim::pool_connection] Share submitted: rpc_id=71 job_id=j0ga0AC5zSno8yb9 nonce=d3383800
[2026-10-01T16:36:46Z INFO  minertim::pool_connection] Share accepted: rpc_id=71 job_id=j0ga0AC5zSno8yb9 nonce=d3383800 latency_ms=315
[2026-10-01T16:36:47Z INFO  minertim] H/s 1m:2024.7 5m:2040.4 10m:2106.0 | Shares: 40/0 (found:40) | Diff: 117657 | 0s elapsed (since last share, avg 58s) | best=1016 target=36504 (999%)
[2026-10-01T16:36:55Z INFO  minertim::miner] Worker 2 SHARE FOUND! job_id=YN9AduVHpmS3c5B6, nonce=022f3a00, hash_val=32747, difficulty=117657, hash=395fdac51bfb4448ae254b53d0d7ccfd76fa21197a7b468f44d28c06eb7f0000
[2026-10-01T16:36:57Z INFO  minertim] H/s 1m:2043.5 5m:2031.1 10m:2101.4 | Shares: 40/0 (found:41) | Diff: 117657 | 1s elapsed (since last share, avg 57s) | best=1016 target=36504 (999%)
[2026-10-01T16:37:05Z INFO  minertim::pool_connection] New job: 0usa643SpDm87erf (difficulty: 176486, target: 105f0000)
[2026-10-01T16:37:05Z INFO  minertim::pool_connection] Share submitted: rpc_id=72 job_id=YN9AduVHpmS3c5B6 nonce=022f3a00
[2026-10-01T16:37:06Z INFO  minertim::pool_connection] New job: EEpVUceu7mRu0vYA (difficulty: 176486, target: 105f0000)
[2026-10-01T16:37:06Z INFO  minertim::pool_connection] Share accepted: rpc_id=72 job_id=YN9AduVHpmS3c5B6 nonce=022f3a00 latency_ms=438
[2026-10-01T16:37:07Z INFO  minertim] H/s 1m:2031.9 5m:2020.4 10m:2096.0 | Shares: 41/0 (found:41) | Diff: 176486 | 11s elapsed (since last share, avg 1m26s) | best=1016 target=24336 (999%)
[2026-10-01T16:37:17Z INFO  minertim] H/s 1m:2099.2 5m:2020.5 10m:2095.9 | Shares: 41/0 (found:41) | Diff: 176486 | 21s elapsed (since last share, avg 1m24s) | best=1016 target=24336 (999%)
[2026-10-01T16:37:26Z INFO  minertim::pool_connection] New job: FcOq6Ru2qUruhqYo (difficulty: 176486, target: 105f0000)
[2026-10-01T16:37:27Z INFO  minertim] H/s 1m:2098.8 5m:2020.6 10m:2095.7 | Shares: 41/0 (found:41) | Diff: 176486 | 31s elapsed (since last share, avg 1m24s) | best=1016 target=24336 (999%)
[2026-10-01T16:37:35Z INFO  minertim::pool_connection] New job: 5AyQtdLoR88UW0ha (difficulty: 264729, target: 603f0000)
[2026-10-01T16:37:37Z INFO  minertim] H/s 1m:2099.0 5m:2020.7 10m:2095.6 | Shares: 41/0 (found:41) | Diff: 264729 | 41s elapsed (since last share, avg 2m6s) | best=1016 target=16224 (999%)
[2026-10-01T16:37:46Z INFO  minertim::pool_connection] New job: 4xWz29H90LNgkDvQ (difficulty: 264729, target: 603f0000)
[2026-10-01T16:37:47Z INFO  minertim] H/s 1m:2155.4 5m:2020.8 10m:2102.4 | Shares: 41/0 (found:41) | Diff: 264729 | 51s elapsed (since last share, avg 2m2s) | best=1016 target=16224 (999%)
[2026-10-01T16:37:56Z INFO  minertim::pool_connection] New job: x050HpJYW0L0z0b0 (difficulty: 264729, target: 603f0000)
[2026-10-01T16:37:57Z INFO  minertim] H/s 1m:2217.5 5m:2021.5 10m:2102.5 | Shares: 41/0 (found:41) | Diff: 264729 | 1m1s elapsed (since last share, avg 1m59s) | best=1016 target=16224 (999%)
[2026-10-01T16:38:05Z INFO  minertim::pool_connection] New job: xduyC0ArplVyO7mh (difficulty: 201916, target: 17530000)
[2026-10-01T16:38:07Z INFO  minertim] H/s 1m:2215.2 5m:2020.8 10m:2102.1 | Shares: 41/0 (found:41) | Diff: 201916 | 1m11s elapsed (since last share, avg 1m31s) | best=1016 target=21271 (999%)
[2026-10-01T16:38:16Z INFO  minertim::pool_connection] New job: m2fmBmUXXQA40rfl (difficulty: 201916, target: 17530000)
[2026-10-01T16:38:17Z INFO  minertim] H/s 1m:2214.9 5m:2037.8 10m:2101.9 | Shares: 41/0 (found:41) | Diff: 201916 | 1m21s elapsed (since last share, avg 1m31s) | best=1016 target=21271 (999%)
[2026-10-01T16:38:27Z INFO  minertim] H/s 1m:2215.1 5m:2038.0 10m:2101.9 | Shares: 41/0 (found:41) | Diff: 201916 | 1m31s elapsed (since last share, avg 1m31s) | best=1016 target=21271 (999%)
[2026-10-01T16:38:36Z INFO  minertim::pool_connection] New job: 7uwN7RwHNctfQzv7 (difficulty: 201916, target: 17530000)
[2026-10-01T16:38:37Z INFO  minertim] H/s 1m:2214.9 5m:2038.3 10m:2101.7 | Shares: 41/0 (found:41) | Diff: 201916 | 1m41s elapsed (since last share, avg 1m31s) | best=1016 target=21271 (999%)
[2026-10-01T16:38:47Z INFO  minertim] H/s 1m:2215.4 5m:2038.7 10m:2101.7 | Shares: 41/0 (found:41) | Diff: 201916 | 1m51s elapsed (since last share, avg 1m31s) | best=1016 target=21271 (999%)
[2026-10-01T16:38:56Z INFO  minertim::pool_connection] New job: 9j4I3QkJshXBF4qT (difficulty: 201916, target: 17530000)
[2026-10-01T16:38:57Z INFO  minertim] H/s 1m:2217.6 5m:2039.1 10m:2101.8 | Shares: 41/0 (found:41) | Diff: 201916 | 2m1s elapsed (since last share, avg 1m31s) | best=1016 target=21271 (999%)
[2026-10-01T16:39:06Z INFO  minertim::pool_connection] New job: lCdfo4q0gA0qMY86 (difficulty: 151433, target: ca6e0000)
[2026-10-01T16:39:07Z INFO  minertim] H/s 1m:2216.2 5m:2038.8 10m:2101.6 | Shares: 41/0 (found:41) | Diff: 151433 | 2m11s elapsed (since last share, avg 1m8s) | best=1016 target=28362 (999%)
[2026-10-01T16:39:08Z INFO  minertim::miner] Worker 2 SHARE FOUND! job_id=lCdfo4q0gA0qMY86, nonce=7a513e00, hash_val=18786, difficulty=151433, hash=ce879aed4f6a7bfc93acae8377dec6ccdc0ddeae9c1fb7eaac35170162490000
[2026-10-01T16:39:15Z INFO  minertim::pool_connection] New job: U9q3AEJlsDIWrepD (difficulty: 151433, target: ca6e0000)
[2026-10-01T16:39:15Z INFO  minertim::pool_connection] Share submitted: rpc_id=76 job_id=lCdfo4q0gA0qMY86 nonce=7a513e00
[2026-10-01T16:39:15Z INFO  minertim::pool_connection] Share accepted: rpc_id=76 job_id=lCdfo4q0gA0qMY86 nonce=7a513e00 latency_ms=352
[2026-10-01T16:39:17Z INFO  minertim] H/s 1m:2133.6 5m:2042.5 10m:2094.7 | Shares: 42/0 (found:42) | Diff: 151433 | 9s elapsed (since last share, avg 1m10s) | best=1016 target=28362 (999%)
[2026-10-01T16:39:20Z INFO  minertim::pool_connection] New job: 0WSJoAXdsEIvREUf (difficulty: 151433, target: ca6e0000)
[2026-10-01T16:39:27Z INFO  minertim] H/s 1m:2133.5 5m:2056.0 10m:2099.1 | Shares: 42/0 (found:42) | Diff: 151433 | 19s elapsed (since last share, avg 1m10s) | best=1016 target=28362 (999%)
[2026-10-01T16:39:36Z INFO  minertim::pool_connection] New job: K1HP4Ew6vrqPxUQE (difficulty: 227150, target: dc490000)
[2026-10-01T16:39:37Z INFO  minertim] H/s 1m:2132.8 5m:2083.5 10m:2101.5 | Shares: 42/0 (found:42) | Diff: 227150 | 29s elapsed (since last share, avg 1m46s) | best=1016 target=18908 (999%)
[2026-10-01T16:39:40Z INFO  minertim::pool_connection] New job: VrjN7OBhXUvdB0fx (difficulty: 227150, target: dc490000)
[2026-10-01T16:39:47Z INFO  minertim] H/s 1m:2133.0 5m:2108.2 10m:2101.5 | Shares: 42/0 (found:42) | Diff: 227150 | 39s elapsed (since last share, avg 1m46s) | best=1016 target=18908 (999%)
[2026-10-01T16:39:57Z INFO  minertim] H/s 1m:2134.8 5m:2108.6 10m:2109.3 | Shares: 42/0 (found:42) | Diff: 227150 | 49s elapsed (since last share, avg 1m46s) | best=1016 target=18908 (999%)
[2026-10-01T16:40:00Z INFO  minertim::pool_connection] New job: M2sqFOIZu3ueN3KD (difficulty: 227150, target: dc490000)
[2026-10-01T16:40:07Z INFO  minertim] H/s 1m:2214.5 5m:2117.5 10m:2117.2 | Shares: 42/0 (found:42) | Diff: 227150 | 59s elapsed (since last share, avg 1m42s) | best=1016 target=18908 (999%)
[2026-10-01T16:40:17Z INFO  minertim] H/s 1m:2215.2 5m:2130.6 10m:2117.2 | Shares: 42/0 (found:42) | Diff: 227150 | 1m9s elapsed (since last share, avg 1m42s) | best=1016 target=18908 (999%)
[2026-10-01T16:40:20Z INFO  minertim::pool_connection] New job: aG4bF8m2Hz5lOQe2 (difficulty: 227150, target: dc490000)
[2026-10-01T16:40:27Z INFO  minertim] H/s 1m:2215.4 5m:2130.3 10m:2117.2 | Shares: 42/0 (found:42) | Diff: 227150 | 1m19s elapsed (since last share, avg 1m42s) | best=1016 target=18908 (999%)
[2026-10-01T16:40:36Z INFO  minertim::pool_connection] New job: vQtYkJtnUWMJvFyP (difficulty: 126196, target: f2840000)
[2026-10-01T16:40:37Z INFO  minertim] H/s 1m:2215.0 5m:2130.3 10m:2112.6 | Shares: 42/0 (found:42) | Diff: 126196 | 1m29s elapsed (since last share, avg 56s) | best=1016 target=34034 (999%)
[2026-10-01T16:40:40Z INFO  minertim::pool_connection] New job: fsgfvPFs30Beubr0 (difficulty: 126196, target: f2840000)
[2026-10-01T16:40:47Z INFO  minertim] H/s 1m:2215.1 5m:2148.4 10m:2112.6 | Shares: 42/0 (found:42) | Diff: 126196 | 1m39s elapsed (since last share, avg 56s) | best=1016 target=34034 (999%)
[2026-10-01T16:40:57Z INFO  minertim] H/s 1m:2217.6 5m:2161.4 10m:2112.8 | Shares: 42/0 (found:42) | Diff: 126196 | 1m49s elapsed (since last share, avg 56s) | best=1016 target=34034 (999%)
[2026-10-01T16:41:00Z INFO  minertim::pool_connection] New job: SPoWCZ0JEAItdaG2 (difficulty: 126196, target: f2840000)
[2026-10-01T16:41:07Z INFO  minertim] H/s 1m:2214.4 5m:2169.7 10m:2112.6 | Shares: 42/0 (found:42) | Diff: 126196 | 1m59s elapsed (since last share, avg 56s) | best=1016 target=34034 (999%)
[2026-10-01T16:41:17Z INFO  minertim] H/s 1m:2214.6 5m:2181.3 10m:2112.6 | Shares: 42/0 (found:42) | Diff: 126196 | 2m9s elapsed (since last share, avg 56s) | best=1016 target=34034 (999%)
[2026-10-01T16:41:20Z INFO  minertim::pool_connection] New job: SN96QzZZeMfZCq3e (difficulty: 126196, target: f2840000)
[2026-10-01T16:41:27Z INFO  minertim] H/s 1m:2214.3 5m:2181.1 10m:2112.6 | Shares: 42/0 (found:42) | Diff: 126196 | 2m19s elapsed (since last share, avg 56s) | best=1016 target=34034 (999%)
[2026-10-01T16:41:36Z INFO  minertim::pool_connection] New job: PEitPhfquxZZvvJO (difficulty: 94646, target: 43b10000)
[2026-10-01T16:41:37Z INFO  minertim] H/s 1m:2214.1 5m:2181.1 10m:2112.6 | Shares: 42/0 (found:42) | Diff: 94646 | 2m29s elapsed (since last share, avg 42s) | best=1016 target=45379 (999%)
[2026-10-01T16:41:40Z INFO  minertim::pool_connection] New job: BiPtBto5KefsrLVw (difficulty: 94646, target: 43b10000)
[2026-10-01T16:41:47Z INFO  minertim] H/s 1m:2214.0 5m:2190.8 10m:2112.5 | Shares: 42/0 (found:42) | Diff: 94646 | 2m39s elapsed (since last share, avg 42s) | best=1016 target=45379 (999%)
[2026-10-01T16:41:57Z INFO  minertim] H/s 1m:2216.5 5m:2201.5 10m:2112.7 | Shares: 42/0 (found:42) | Diff: 94646 | 2m49s elapsed (since last share, avg 42s) | best=1016 target=45379 (999%)
[2026-10-01T16:42:00Z INFO  minertim::pool_connection] New job: Izp0hP44t0ahC1gq (difficulty: 94646, target: 43b10000)
[2026-10-01T16:42:07Z INFO  minertim] H/s 1m:2214.6 5m:2201.2 10m:2112.6 | Shares: 42/0 (found:42) | Diff: 94646 | 2m59s elapsed (since last share, avg 42s) | best=1016 target=45379 (999%)
[2026-10-01T16:42:17Z INFO  minertim] H/s 1m:2214.8 5m:2201.1 10m:2112.6 | Shares: 42/0 (found:42) | Diff: 94646 | 3m9s elapsed (since last share, avg 42s) | best=1016 target=45379 (999%)
[2026-10-01T16:42:20Z INFO  minertim::pool_connection] New job: EybrxlmMS5yX6IZ9 (difficulty: 94646, target: 43b10000)
[2026-10-01T16:42:21Z INFO  minertim::miner] Worker 2 SHARE FOUND! job_id=EybrxlmMS5yX6IZ9, nonce=8ea14400, hash_val=32689, difficulty=94646, hash=82dbd1221f30bd402d57f7ac6c41eeecdd024a43af8fc080867b17c1b17f0000
[2026-10-01T16:42:27Z INFO  minertim] H/s 1m:2161.8 5m:2191.9 10m:2108.2 | Shares: 42/0 (found:43) | Diff: 94646 | 5s elapsed (since last share, avg 43s) | best=1016 target=45379 (999%)
[2026-10-01T16:42:36Z INFO  minertim::pool_connection] New job: XyNMK0nJdxVBLrHr (difficulty: 70984, target: 5aec0000)
[2026-10-01T16:42:36Z INFO  minertim::pool_connection] Share submitted: rpc_id=80 job_id=EybrxlmMS5yX6IZ9 nonce=8ea14400
[2026-10-01T16:42:36Z INFO  minertim::pool_connection] Share accepted: rpc_id=80 job_id=EybrxlmMS5yX6IZ9 nonce=8ea14400 latency_ms=307
[2026-10-01T16:42:37Z INFO  minertim] H/s 1m:2074.8 5m:2176.9 10m:2100.8 | Shares: 43/0 (found:43) | Diff: 70984 | 15s elapsed (since last share, avg 34s) | best=1016 target=60506 (999%)
[2026-10-01T16:42:39Z INFO  minertim::pool_connection] New job: bkruOt3QURCMLY2t (difficulty: 70984, target: 5aec0000)
[2026-10-01T16:42:43Z INFO  minertim::miner] Worker 3 SHARE FOUND! job_id=bkruOt3QURCMLY2t, nonce=d7544400, hash_val=19051, difficulty=70984, hash=c2aa7b4298b009d5935ca666849ee153fc4486538334a899fe71de956b4a0000
[2026-10-01T16:42:47Z INFO  minertim] H/s 1m:2021.9 5m:2167.8 10m:2096.4 | Shares: 43/0 (found:44) | Diff: 70984 | 3s elapsed (since last share, avg 35s) | best=1016 target=60506 (999%)
[2026-10-01T16:42:57Z INFO  minertim] H/s 1m:1919.8 5m:2150.2 10m:2087.9 | Shares: 43/0 (found:44) | Diff: 70984 | 13s elapsed (since last share, avg 36s) | best=1016 target=60506 (999%)
[2026-10-01T16:42:59Z INFO  minertim::pool_connection] New job: 2BwTJDKOAYT6rpkZ (difficulty: 70984, target: 5aec0000)
[2026-10-01T16:42:59Z INFO  minertim::pool_connection] Share submitted: rpc_id=81 job_id=bkruOt3QURCMLY2t nonce=d7544400
[2026-10-01T16:43:00Z INFO  minertim::pool_connection] Share accepted: rpc_id=81 job_id=bkruOt3QURCMLY2t nonce=d7544400 latency_ms=221
[2026-10-01T16:43:06Z INFO  minertim::pool_connection] New job: XcUhrrKNHmm2h052 (difficulty: 106477, target: 919d0000)
[2026-10-01T16:43:07Z INFO  minertim] H/s 1m:1899.4 5m:2146.7 10m:2086.0 | Shares: 44/0 (found:44) | Diff: 106477 | 23s elapsed (since last share, avg 56s) | best=1016 target=40337 (999%)
[2026-10-01T16:43:17Z INFO  minertim] H/s 1m:1952.3 5m:2146.6 10m:2094.4 | Shares: 44/0 (found:44) | Diff: 106477 | 33s elapsed (since last share, avg 54s) | best=1016 target=40337 (999%)
[2026-10-01T16:43:19Z INFO  minertim::pool_connection] New job: lRglWyiLa4o3jRkz (difficulty: 106477, target: 919d0000)
[2026-10-01T16:43:27Z INFO  minertim] H/s 1m:2038.6 5m:2146.5 10m:2094.4 | Shares: 44/0 (found:44) | Diff: 106477 | 43s elapsed (since last share, avg 52s) | best=1016 target=40337 (999%)
[2026-10-01T16:43:37Z INFO  minertim] H/s 1m:2091.8 5m:2146.5 10m:2094.5 | Shares: 44/0 (found:44) | Diff: 106477 | 53s elapsed (since last share, avg 50s) | best=1016 target=40337 (999%)
[2026-10-01T16:43:39Z INFO  minertim::pool_connection] New job: sZ0s4o78D3wNlgIT (difficulty: 106477, target: 919d0000)
[2026-10-01T16:43:46Z INFO  minertim::miner] Worker 2 SHARE FOUND! job_id=sZ0s4o78D3wNlgIT, nonce=7e064700, hash_val=1866, difficulty=106477, hash=1712a97983c44c45eeffe932df23d6cb0f2b1107ff318a9e097ca5694a070000
[2026-10-01T16:43:47Z INFO  minertim] H/s 1m:2195.7 5m:2146.5 10m:2094.7 | Shares: 44/0 (found:45) | Diff: 106477 | 0s elapsed (since last share, avg 48s) | best=1016 target=40337 (999%)
[2026-10-01T16:43:57Z INFO  minertim] H/s 1m:2111.8 5m:2128.7 10m:2086.0 | Shares: 44/0 (found:45) | Diff: 106477 | 10s elapsed (since last share, avg 50s) | best=1016 target=40337 (999%)
[2026-10-01T16:43:59Z INFO  minertim::pool_connection] New job: qEpUZPokYs97WbQS (difficulty: 106477, target: 919d0000)
[2026-10-01T16:43:59Z INFO  minertim::pool_connection] Share submitted: rpc_id=83 job_id=sZ0s4o78D3wNlgIT nonce=7e064700
[2026-10-01T16:44:00Z INFO  minertim::pool_connection] Share accepted: rpc_id=83 job_id=sZ0s4o78D3wNlgIT nonce=7e064700 latency_ms=306
[2026-10-01T16:44:01Z INFO  minertim::miner] Worker 2 SHARE FOUND! job_id=qEpUZPokYs97WbQS, nonce=c2144700, hash_val=14506, difficulty=106477, hash=9a9023df49ebd417310800dd9f77f787d08fe18813d95421f3493075aa380000
[2026-10-01T16:44:06Z INFO  minertim::pool_connection] New job: A8DQg19vdyPnVskM (difficulty: 81211, target: 96ce0000)
[2026-10-01T16:44:06Z INFO  minertim::pool_connection] Share submitted: rpc_id=84 job_id=qEpUZPokYs97WbQS nonce=c2144700
[2026-10-01T16:44:06Z INFO  minertim::pool_connection] Share accepted: rpc_id=84 job_id=qEpUZPokYs97WbQS nonce=c2144700 latency_ms=638
[2026-10-01T16:44:07Z INFO  minertim] H/s 1m:2028.4 5m:2128.5 10m:2078.9 | Shares: 46/0 (found:46) | Diff: 81211 | 6s elapsed (since last share, avg 40s) | best=1016 target=52886 (999%)
[2026-10-01T16:44:09Z INFO  minertim::miner] Worker 1 SHARE FOUND! job_id=A8DQg19vdyPnVskM, nonce=6d514600, hash_val=28242, difficulty=81211, hash=6ba55c126c69078b337aa897fa98655828e73ee3be6c3706eb092b1d526e0000
[2026-10-01T16:44:17Z INFO  minertim] H/s 1m:1923.0 5m:2110.2 10m:2078.7 | Shares: 46/0 (found:47) | Diff: 81211 | 7s elapsed (since last share, avg 42s) | best=1016 target=52886 (999%)
[2026-10-01T16:44:19Z INFO  minertim::pool_connection] New job: j1fdb9Eaq1bMgrql (difficulty: 81211, target: 96ce0000)
[2026-10-01T16:44:19Z INFO  minertim::pool_connection] Share submitted: rpc_id=86 job_id=A8DQg19vdyPnVskM nonce=6d514600
[2026-10-01T16:44:20Z INFO  minertim::pool_connection] Share accepted: rpc_id=86 job_id=A8DQg19vdyPnVskM nonce=6d514600 latency_ms=307
[2026-10-01T16:44:27Z INFO  minertim] H/s 1m:1908.3 5m:2107.8 10m:2084.1 | Shares: 47/0 (found:47) | Diff: 81211 | 17s elapsed (since last share, avg 42s) | best=1016 target=52886 (999%)
[2026-10-01T16:44:36Z INFO  minertim::pool_connection] New job: TIk0xsBBdA21H0eH (difficulty: 121818, target: b9890000)
[2026-10-01T16:44:37Z INFO  minertim] H/s 1m:1908.2 5m:2107.7 10m:2097.7 | Shares: 47/0 (found:47) | Diff: 121818 | 27s elapsed (since last share, avg 1m3s) | best=1016 target=35257 (999%)
[2026-10-01T16:44:39Z INFO  minertim::pool_connection] New job: Zz94GzMbmrXttLCr (difficulty: 121818, target: b9890000)
[2026-10-01T16:44:45Z INFO  minertim::miner] Worker 2 SHARE FOUND! job_id=Zz94GzMbmrXttLCr, nonce=42664800, hash_val=8378, difficulty=121818, hash=0dba10cff31ac61ee3cf36d9b8e6e7dec5beeb9196ce49f87207351bba200000
[2026-10-01T16:44:47Z INFO  minertim] H/s 1m:1958.0 5m:2098.2 10m:2105.2 | Shares: 47/0 (found:48) | Diff: 121818 | 2s elapsed (since last share, avg 1m2s) | best=1016 target=35257 (999%)
[2026-10-01T16:44:57Z INFO  minertim] H/s 1m:1937.8 5m:2080.8 10m:2096.5 | Shares: 47/0 (found:48) | Diff: 121818 | 12s elapsed (since last share, avg 1m2s) | best=1016 target=35257 (999%)
[2026-10-01T16:44:59Z INFO  minertim::pool_connection] New job: KJ0aj3VpJ0YWcHzN (difficulty: 121818, target: b9890000)
[2026-10-01T16:44:59Z INFO  minertim::pool_connection] Share submitted: rpc_id=87 job_id=Zz94GzMbmrXttLCr nonce=42664800
[2026-10-01T16:44:59Z INFO  minertim::pool_connection] Share accepted: rpc_id=87 job_id=Zz94GzMbmrXttLCr nonce=42664800 latency_ms=335
[2026-10-01T16:45:07Z INFO  minertim] H/s 1m:2030.9 5m:2078.4 10m:2100.0 | Shares: 48/0 (found:48) | Diff: 121818 | 22s elapsed (since last share, avg 59s) | best=1016 target=35257 (999%)
[2026-10-01T16:45:17Z INFO  minertim] H/s 1m:2045.6 5m:2078.5 10m:2106.4 | Shares: 48/0 (found:48) | Diff: 121818 | 32s elapsed (since last share, avg 59s) | best=1016 target=35257 (999%)
[2026-10-01T16:45:19Z INFO  minertim::pool_connection] New job: 7gF4PFxQmmJAE3rz (difficulty: 121818, target: b9890000)
[2026-10-01T16:45:27Z INFO  minertim] H/s 1m:2045.8 5m:2078.5 10m:2106.3 | Shares: 48/0 (found:48) | Diff: 121818 | 42s elapsed (since last share, avg 59s) | best=1016 target=35257 (999%)
[2026-10-01T16:45:37Z INFO  minertim] H/s 1m:2100.6 5m:2078.5 10m:2106.3 | Shares: 48/0 (found:48) | Diff: 121818 | 52s elapsed (since last share, avg 57s) | best=1016 target=35257 (999%)
[2026-10-01T16:45:39Z INFO  minertim::pool_connection] New job: ZC0IKM24ta5C1T2J (difficulty: 121818, target: b9890000)
[2026-10-01T16:45:47Z INFO  minertim] H/s 1m:2205.9 5m:2078.8 10m:2115.4 | Shares: 48/0 (found:48) | Diff: 121818 | 1m2s elapsed (since last share, avg 55s) | best=1016 target=35257 (999%)
[2026-10-01T16:45:57Z INFO  minertim] H/s 1m:2220.7 5m:2079.5 10m:2121.9 | Shares: 48/0 (found:48) | Diff: 121818 | 1m12s elapsed (since last share, avg 54s) | best=1016 target=35257 (999%)
[2026-10-01T16:45:59Z INFO  minertim::pool_connection] New job: ISiBOFIBB4atb0GZ (difficulty: 121818, target: b9890000)
[2026-10-01T16:46:03Z INFO  minertim::pool_connection] New job: k08yUQ0kMaHhjjid (difficulty: 121818, target: b9890000)
[2026-10-01T16:46:07Z INFO  minertim] H/s 1m:2220.9 5m:2079.6 10m:2126.2 | Shares: 48/0 (found:48) | Diff: 121818 | 1m22s elapsed (since last share, avg 54s) | best=1016 target=35257 (999%)
[2026-10-01T16:46:13Z INFO  minertim::miner] Worker 1 SHARE FOUND! job_id=k08yUQ0kMaHhjjid, nonce=5d304a00, hash_val=21802, difficulty=121818, hash=8d206fe156e4f1e07c5e78a90d094f78d1aaa9f5e91367e444d105922a550000
[2026-10-01T16:46:17Z INFO  minertim] H/s 1m:2166.3 5m:2070.2 10m:2127.3 | Shares: 48/0 (found:49) | Diff: 121818 | 3s elapsed (since last share, avg 56s) | best=1016 target=35257 (999%)
[2026-10-01T16:46:23Z INFO  minertim::pool_connection] New job: kU00bvSpAOj0RmAS (difficulty: 121818, target: b9890000)
[2026-10-01T16:46:23Z INFO  minertim::pool_connection] Share submitted: rpc_id=90 job_id=k08yUQ0kMaHhjjid nonce=5d304a00
[2026-10-01T16:46:23Z INFO  minertim::pool_connection] Share accepted: rpc_id=90 job_id=k08yUQ0kMaHhjjid nonce=5d304a00 latency_ms=220
[2026-10-01T16:46:27Z INFO  minertim] H/s 1m:2104.9 5m:2059.7 10m:2122.0 | Shares: 49/0 (found:49) | Diff: 121818 | 13s elapsed (since last share, avg 57s) | best=1016 target=35257 (999%)
[2026-10-01T16:46:36Z INFO  minertim::pool_connection] New job: vaq8lzV6KEvCGDmF (difficulty: 88417, target: c0bd0000)
[2026-10-01T16:46:37Z INFO  minertim] H/s 1m:2103.2 5m:2059.7 10m:2122.0 | Shares: 49/0 (found:49) | Diff: 88417 | 23s elapsed (since last share, avg 42s) | best=1016 target=48576 (999%)
[2026-10-01T16:46:42Z INFO  minertim::pool_connection] New job: phN8Tdbk9kApA6pj (difficulty: 88417, target: c0bd0000)
[2026-10-01T16:46:47Z INFO  minertim] H/s 1m:2101.6 5m:2059.7 10m:2126.8 | Shares: 49/0 (found:49) | Diff: 88417 | 33s elapsed (since last share, avg 42s) | best=1016 target=48576 (999%)
[2026-10-01T16:46:57Z INFO  minertim] H/s 1m:2101.1 5m:2060.0 10m:2132.1 | Shares: 49/0 (found:49) | Diff: 88417 | 43s elapsed (since last share, avg 42s) | best=1016 target=48576 (999%)
[2026-10-01T16:47:03Z INFO  minertim::pool_connection] New job: xQGn9CF1r2gQFon5 (difficulty: 88417, target: c0bd0000)
[2026-10-01T16:47:05Z INFO  minertim::miner] Worker 2 SHARE FOUND! job_id=xQGn9CF1r2gQFon5, nonce=a2ac4c00, hash_val=1340, difficulty=88417, hash=0d7a4e868be849e807fe60cd7012117449950fa0e217316273a40a943c050000
[2026-10-01T16:47:06Z INFO  minertim::pool_connection] Share submitted: rpc_id=91 job_id=xQGn9CF1r2gQFon5 nonce=a2ac4c00
[2026-10-01T16:47:06Z INFO  minertim::pool_connection] Share accepted: rpc_id=91 job_id=xQGn9CF1r2gQFon5 nonce=a2ac4c00 latency_ms=230
[2026-10-01T16:47:07Z INFO  minertim] H/s 1m:2152.7 5m:2059.5 10m:2131.8 | Shares: 50/0 (found:50) | Diff: 88417 | 2s elapsed (since last share, avg 41s) | best=1016 target=48576 (999%)
[2026-10-01T16:47:17Z INFO  minertim] H/s 1m:2202.3 5m:2066.7 10m:2130.8 | Shares: 50/0 (found:50) | Diff: 88417 | 12s elapsed (since last share, avg 40s) | best=1016 target=48576 (999%)
[2026-10-01T16:47:22Z INFO  minertim::pool_connection] New job: MXpxR9FG0RuRTWmq (difficulty: 88417, target: c0bd0000)
[2026-10-01T16:47:27Z INFO  minertim] H/s 1m:2202.2 5m:2081.6 10m:2130.8 | Shares: 50/0 (found:50) | Diff: 88417 | 22s elapsed (since last share, avg 40s) | best=1016 target=48576 (999%)
[2026-10-01T16:47:37Z INFO  minertim] H/s 1m:2201.6 5m:2090.7 10m:2130.7 | Shares: 50/0 (found:50) | Diff: 88417 | 32s elapsed (since last share, avg 40s) | best=1016 target=48576 (999%)
[2026-10-01T16:47:42Z INFO  minertim::pool_connection] New job: 0uaxYMnwGiVC0Qcl (difficulty: 88417, target: c0bd0000)
[2026-10-01T16:47:47Z INFO  minertim] H/s 1m:2201.8 5m:2108.6 10m:2130.7 | Shares: 50/0 (found:50) | Diff: 88417 | 42s elapsed (since last share, avg 40s) | best=1016 target=48576 (999%)
[2026-10-01T16:47:57Z INFO  minertim] H/s 1m:2205.0 5m:2112.2 10m:2130.9 | Shares: 50/0 (found:50) | Diff: 88417 | 52s elapsed (since last share, avg 40s) | best=1016 target=48576 (999%)
[2026-10-01T16:48:02Z INFO  minertim::pool_connection] New job: AGdYAFnZHObmtdBw (difficulty: 88417, target: c0bd0000)
[2026-10-01T16:48:07Z INFO  minertim] H/s 1m:2215.5 5m:2112.1 10m:2130.9 | Shares: 50/0 (found:50) | Diff: 88417 | 1m2s elapsed (since last share, avg 39s) | best=1016 target=48576 (999%)
[2026-10-01T16:48:17Z INFO  minertim] H/s 1m:2216.0 5m:2112.2 10m:2130.8 | Shares: 50/0 (found:50) | Diff: 88417 | 1m12s elapsed (since last share, avg 39s) | best=1016 target=48576 (999%)
[2026-10-01T16:48:22Z INFO  minertim::pool_connection] New job: 4iNx8JdrW61Omx4J (difficulty: 88417, target: c0bd0000)
[2026-10-01T16:48:27Z INFO  minertim] H/s 1m:2216.4 5m:2112.2 10m:2130.9 | Shares: 50/0 (found:50) | Diff: 88417 | 1m22s elapsed (since last share, avg 39s) | best=1016 target=48576 (999%)
[2026-10-01T16:48:36Z INFO  minertim::pool_connection] New job: mffA602QeItrKPLM (difficulty: 59830, target: 6a180100)
[2026-10-01T16:48:37Z INFO  minertim] H/s 1m:2216.1 5m:2112.1 10m:2130.8 | Shares: 50/0 (found:50) | Diff: 59830 | 1m32s elapsed (since last share, avg 26s) | best=1016 target=71786 (999%)
[2026-10-01T16:48:42Z INFO  minertim::pool_connection] New job: kN3VlhFAiD04qQ8u (difficulty: 59830, target: 6a180100)
[2026-10-01T16:48:47Z INFO  minertim] H/s 1m:2216.3 5m:2130.2 10m:2130.8 | Shares: 50/0 (found:50) | Diff: 59830 | 1m42s elapsed (since last share, avg 26s) | best=1016 target=71786 (999%)
[2026-10-01T16:48:53Z INFO  minertim::miner] Worker 2 SHARE FOUND! job_id=kN3VlhFAiD04qQ8u, nonce=86495000, hash_val=13448, difficulty=59830, hash=036acdd2b91e7b9fb1d20241e0fea1e439ba1c39a76a8bac1e0dc59f88340000
[2026-10-01T16:48:57Z INFO  minertim] H/s 1m:2162.9 5m:2135.3 10m:2126.3 | Shares: 50/0 (found:51) | Diff: 59830 | 4s elapsed (since last share, avg 27s) | best=1016 target=71786 (999%)
[2026-10-01T16:49:02Z INFO  minertim::pool_connection] New job: fmfdRi1L6QzC3VD8 (difficulty: 59830, target: 6a180100)
[2026-10-01T16:49:02Z INFO  minertim::pool_connection] Share submitted: rpc_id=94 job_id=kN3VlhFAiD04qQ8u nonce=86495000
[2026-10-01T16:49:02Z INFO  minertim::pool_connection] Share accepted: rpc_id=94 job_id=kN3VlhFAiD04qQ8u nonce=86495000 latency_ms=265
[2026-10-01T16:49:06Z INFO  minertim::pool_connection] New job: 70fFKfe0DERi2fOZ (difficulty: 89745, target: f1ba0000)
[2026-10-01T16:49:07Z INFO  minertim] H/s 1m:2151.8 5m:2151.7 10m:2132.4 | Shares: 51/0 (found:51) | Diff: 89745 | 14s elapsed (since last share, avg 41s) | best=1016 target=47857 (999%)
[2026-10-01T16:49:17Z INFO  minertim] H/s 1m:2152.2 5m:2154.2 10m:2132.4 | Shares: 51/0 (found:51) | Diff: 89745 | 24s elapsed (since last share, avg 41s) | best=1016 target=47857 (999%)
[2026-10-01T16:49:21Z INFO  minertim::pool_connection] New job: 0hnTfJgXW16vK0i3 (difficulty: 89745, target: f1ba0000)
[2026-10-01T16:49:27Z INFO  minertim] H/s 1m:2152.6 5m:2154.3 10m:2132.5 | Shares: 51/0 (found:51) | Diff: 89745 | 34s elapsed (since last share, avg 41s) | best=1016 target=47857 (999%)
[2026-10-01T16:49:37Z INFO  minertim] H/s 1m:2151.9 5m:2163.7 10m:2132.4 | Shares: 51/0 (found:51) | Diff: 89745 | 44s elapsed (since last share, avg 41s) | best=1016 target=47857 (999%)
[2026-10-01T16:49:41Z INFO  minertim::pool_connection] New job: xlGFVO4Vi00aK892 (difficulty: 89745, target: f1ba0000)
[2026-10-01T16:49:47Z INFO  minertim] H/s 1m:2206.0 5m:2181.5 10m:2132.4 | Shares: 51/0 (found:51) | Diff: 89745 | 54s elapsed (since last share, avg 40s) | best=1016 target=47857 (999%)
[2026-10-01T16:49:57Z INFO  minertim] H/s 1m:2217.3 5m:2183.8 10m:2132.6 | Shares: 51/0 (found:51) | Diff: 89745 | 1m4s elapsed (since last share, avg 40s) | best=1016 target=47857 (999%)
[2026-10-01T16:50:01Z INFO  minertim::pool_connection] New job: Z4Ppu0QI4bMGu0wx (difficulty: 89745, target: f1ba0000)
[2026-10-01T16:50:06Z INFO  minertim::pool_connection] New job: 2j99rLwjH8JJdCII (difficulty: 63102, target: df090100)
[2026-10-01T16:50:07Z INFO  minertim] H/s 1m:2213.8 5m:2183.2 10m:2132.3 | Shares: 51/0 (found:51) | Diff: 63102 | 1m14s elapsed (since last share, avg 28s) | best=1016 target=68063 (999%)
[2026-10-01T16:50:11Z INFO  minertim::miner] Worker 3 SHARE FOUND! job_id=2j99rLwjH8JJdCII, nonce=77fb5200, hash_val=27541, difficulty=63102, hash=4cae4087dfbd9e447d2b92bf6b6aee8e9d48fe643a86003a91fcd637956b0000
[2026-10-01T16:50:17Z INFO  minertim] H/s 1m:2160.6 5m:2174.1 10m:2127.8 | Shares: 51/0 (found:52) | Diff: 63102 | 6s elapsed (since last share, avg 29s) | best=1016 target=68063 (999%)
[2026-10-01T16:50:21Z INFO  minertim::pool_connection] New job: d65o2wBp6uhg0knX (difficulty: 63102, target: df090100)
[2026-10-01T16:50:21Z INFO  minertim::pool_connection] Share submitted: rpc_id=97 job_id=2j99rLwjH8JJdCII nonce=77fb5200
[2026-10-01T16:50:21Z INFO  minertim::pool_connection] Share accepted: rpc_id=97 job_id=2j99rLwjH8JJdCII nonce=77fb5200 latency_ms=321
[2026-10-01T16:50:24Z INFO  minertim::miner] Worker 3 SHARE FOUND! job_id=d65o2wBp6uhg0knX, nonce=2f175300, hash_val=29363, difficulty=63102, hash=2d755abe9a731925da558a19035ceed93f69b036d8dd01f329993431b3720000
[2026-10-01T16:50:26Z INFO  minertim::miner] Worker 0 SHARE FOUND! job_id=d65o2wBp6uhg0knX, nonce=cc695300, hash_val=63393, difficulty=63102, hash=20ac9266faebf625c14e399f6bc800bb0b7b4298dcc53c6e0e6fe70aa1f70000
[2026-10-01T16:50:27Z INFO  minertim] H/s 1m:2019.4 5m:2149.7 10m:2115.9 | Shares: 52/0 (found:54) | Diff: 63102 | 1s elapsed (since last share, avg 31s) | best=1016 target=68063 (999%)
[2026-10-01T16:50:31Z INFO  minertim::miner] Worker 2 SHARE FOUND! job_id=d65o2wBp6uhg0knX, nonce=6e595300, hash_val=7620, difficulty=63102, hash=f7c9503290bd1a9e1183ce094e68d12ebf9aa0aab6c22126b3c4ac36c41d0000
[2026-10-01T16:50:36Z INFO  minertim::pool_connection] New job: 2gtg3TR6GiZxrHC0 (difficulty: 94654, target: 3fb10000)
[2026-10-01T16:50:36Z INFO  minertim::pool_connection] Share submitted: rpc_id=98 job_id=d65o2wBp6uhg0knX nonce=2f175300
[2026-10-01T16:50:36Z INFO  minertim::pool_connection] Share submitted: rpc_id=100 job_id=d65o2wBp6uhg0knX nonce=6e595300
[2026-10-01T16:50:36Z INFO  minertim::pool_connection] Share submitted: rpc_id=99 job_id=d65o2wBp6uhg0knX nonce=cc695300
[2026-10-01T16:50:36Z INFO  minertim::pool_connection] Share accepted: rpc_id=98 job_id=d65o2wBp6uhg0knX nonce=2f175300 latency_ms=247
[2026-10-01T16:50:37Z INFO  minertim::pool_connection] Share accepted: rpc_id=100 job_id=d65o2wBp6uhg0knX nonce=6e595300 latency_ms=511
[2026-10-01T16:50:37Z INFO  minertim::pool_connection] Share accepted: rpc_id=99 job_id=d65o2wBp6uhg0knX nonce=cc695300 latency_ms=511
[2026-10-01T16:50:37Z INFO  minertim] H/s 1m:1840.9 5m:2118.6 10m:2100.7 | Shares: 55/0 (found:55) | Diff: 94654 | 5s elapsed (since last share, avg 51s) | best=1016 target=45375 (999%)
[2026-10-01T16:50:41Z INFO  minertim::pool_connection] New job: jGYeuKY1Bxa9Rbec (difficulty: 94654, target: 3fb10000)
[2026-10-01T16:50:47Z INFO  minertim] H/s 1m:1844.0 5m:2118.8 10m:2101.0 | Shares: 55/0 (found:55) | Diff: 94654 | 15s elapsed (since last share, avg 51s) | best=1016 target=45375 (999%)
[2026-10-01T16:50:57Z INFO  minertim] H/s 1m:1847.0 5m:2118.8 10m:2101.2 | Shares: 55/0 (found:55) | Diff: 94654 | 25s elapsed (since last share, avg 51s) | best=1016 target=45375 (999%)
[2026-10-01T16:51:01Z INFO  minertim::pool_connection] New job: 520pd264g15s2CnS (difficulty: 94654, target: 3fb10000)
[2026-10-01T16:51:06Z INFO  minertim::pool_connection] New job: zupD0oAWy6Iq9liM (difficulty: 141982, target: 2a760000)
[2026-10-01T16:51:07Z INFO  minertim] H/s 1m:1897.0 5m:2127.7 10m:2100.9 | Shares: 55/0 (found:55) | Diff: 141982 | 35s elapsed (since last share, avg 1m14s) | best=1016 target=30250 (999%)
[2026-10-01T16:51:17Z INFO  minertim] H/s 1m:2038.5 5m:2138.2 10m:2101.0 | Shares: 55/0 (found:55) | Diff: 141982 | 45s elapsed (since last share, avg 1m9s) | best=1016 target=30250 (999%)
[2026-10-01T16:51:21Z INFO  minertim::pool_connection] New job: 0XxZ60pm0nepkMOR (difficulty: 141982, target: 2a760000)
[2026-10-01T16:51:27Z INFO  minertim] H/s 1m:2217.5 5m:2138.3 10m:2101.0 | Shares: 55/0 (found:55) | Diff: 141982 | 55s elapsed (since last share, avg 1m4s) | best=1016 target=30250 (999%)
[2026-10-01T16:51:36Z INFO  minertim::pool_connection] New job: Ec2TE2lCjnlL7dR0 (difficulty: 106485, target: 8e9d0000)
[2026-10-01T16:51:37Z INFO  minertim] H/s 1m:2213.7 5m:2138.2 10m:2100.9 | Shares: 55/0 (found:55) | Diff: 106485 | 1m5s elapsed (since last share, avg 48s) | best=1016 target=40334 (999%)
[2026-10-01T16:51:41Z INFO  minertim::pool_connection] New job: J6FRIO0tzVgjoW0i (difficulty: 106485, target: 8e9d0000)
[2026-10-01T16:51:44Z INFO  minertim::pool_connection] New job: pZ0FL2FI1p0I8Mo4 (difficulty: 106485, target: 8e9d0000)
[2026-10-01T16:51:47Z INFO  minertim] H/s 1m:2211.9 5m:2137.9 10m:2100.8 | Shares: 55/0 (found:55) | Diff: 106485 | 1m15s elapsed (since last share, avg 48s) | best=1016 target=40334 (999%)
[2026-10-01T16:51:57Z INFO  minertim] H/s 1m:2212.0 5m:2137.9 10m:2100.7 | Shares: 55/0 (found:55) | Diff: 106485 | 1m25s elapsed (since last share, avg 48s) | best=1016 target=40334 (999%)
[2026-10-01T16:52:03Z INFO  minertim::miner] Worker 3 SHARE FOUND! job_id=pZ0FL2FI1p0I8Mo4, nonce=d7085600, hash_val=11195, difficulty=106485, hash=f5623f836d7e17416a3be85029b7a4f3d85066ed1e6073cb6c093cb9bb2b0000
[2026-10-01T16:52:04Z INFO  minertim::pool_connection] New job: zC38ISZwULcRHQ0x (difficulty: 106485, target: 8e9d0000)
[2026-10-01T16:52:04Z INFO  minertim::pool_connection] Share submitted: rpc_id=102 job_id=pZ0FL2FI1p0I8Mo4 nonce=d7085600
[2026-10-01T16:52:05Z INFO  minertim::pool_connection] Share accepted: rpc_id=102 job_id=pZ0FL2FI1p0I8Mo4 nonce=d7085600 latency_ms=353
[2026-10-01T16:52:06Z INFO  minertim::pool_connection] New job: oD8aR2ReCOewbA3E (difficulty: 159729, target: 09690000)
[2026-10-01T16:52:07Z INFO  minertim] H/s 1m:2196.2 5m:2137.2 10m:2099.4 | Shares: 56/0 (found:56) | Diff: 159729 | 3s elapsed (since last share, avg 1m12s) | best=1016 target=26889 (999%)
[2026-10-01T16:52:16Z INFO  minertim::miner] Worker 2 SHARE FOUND! job_id=oD8aR2ReCOewbA3E, nonce=96b95600, hash_val=12403, difficulty=159729, hash=6f020f0d94a070185f7ec2b794e9e63bc7c5505ac898cdda8a86bd2a73300000
[2026-10-01T16:52:17Z INFO  minertim] H/s 1m:2137.5 5m:2127.1 10m:2098.9 | Shares: 56/0 (found:57) | Diff: 159729 | 1s elapsed (since last share, avg 1m14s) | best=1016 target=26889 (999%)
[2026-10-01T16:52:24Z INFO  minertim::pool_connection] New job: KT3vG7kyTVulbrFU (difficulty: 159729, target: 09690000)
[2026-10-01T16:52:24Z INFO  minertim::pool_connection] Share submitted: rpc_id=104 job_id=oD8aR2ReCOewbA3E nonce=96b95600
[2026-10-01T16:52:25Z INFO  minertim::pool_connection] Share accepted: rpc_id=104 job_id=oD8aR2ReCOewbA3E nonce=96b95600 latency_ms=299
[2026-10-01T16:52:27Z INFO  minertim] H/s 1m:2082.8 5m:2117.7 10m:2101.6 | Shares: 57/0 (found:57) | Diff: 159729 | 11s elapsed (since last share, avg 1m16s) | best=1016 target=26889 (999%)
[2026-10-01T16:52:31Z INFO  minertim::miner] Worker 1 SHARE FOUND! job_id=KT3vG7kyTVulbrFU, nonce=fdaa5600, hash_val=12541, difficulty=159729, hash=e5bd227c6f6591e6046980e24c88d5eecd74973d5802e57558931994fd300000
[2026-10-01T16:52:36Z INFO  minertim::pool_connection] New job: ker3hz0SPN0JCXVy (difficulty: 239594, target: 06460000)
[2026-10-01T16:52:36Z INFO  minertim::pool_connection] Share submitted: rpc_id=105 job_id=KT3vG7kyTVulbrFU nonce=fdaa5600
[2026-10-01T16:52:36Z INFO  minertim::pool_connection] Share accepted: rpc_id=105 job_id=KT3vG7kyTVulbrFU nonce=fdaa5600 latency_ms=240
[2026-10-01T16:52:37Z INFO  minertim] H/s 1m:2066.0 5m:2114.4 10m:2104.5 | Shares: 58/0 (found:58) | Diff: 239594 | 6s elapsed (since last share, avg 1m55s) | best=1016 target=17926 (999%)
[2026-10-01T16:52:44Z INFO  minertim::pool_connection] New job: HZEHClFBsPLjxl68 (difficulty: 239594, target: 06460000)
[2026-10-01T16:52:47Z INFO  minertim] H/s 1m:2067.0 5m:2114.1 10m:2113.2 | Shares: 58/0 (found:58) | Diff: 239594 | 16s elapsed (since last share, avg 1m55s) | best=1016 target=17926 (999%)
[2026-10-01T16:52:57Z INFO  minertim] H/s 1m:2082.4 5m:2114.2 10m:2114.9 | Shares: 58/0 (found:58) | Diff: 239594 | 26s elapsed (since last share, avg 1m55s) | best=1016 target=17926 (999%)
[2026-10-01T16:53:04Z INFO  minertim::pool_connection] New job: 2XSVW6bx2F1Hzjoj (difficulty: 239594, target: 06460000)
[2026-10-01T16:53:07Z INFO  minertim::pool_connection] New job: 0ewR0Xr4J3ZqlJt7 (difficulty: 359411, target: ae2e0000)
[2026-10-01T16:53:08Z INFO  minertim] H/s 1m:2134.4 5m:2113.1 10m:2114.3 | Shares: 58/0 (found:58) | Diff: 359411 | 36s elapsed (since last share, avg 2m48s) | best=1016 target=11950 (999%)
[2026-10-01T16:53:18Z INFO  minertim] H/s 1m:2186.5 5m:2112.5 10m:2114.1 | Shares: 58/0 (found:58) | Diff: 359411 | 46s elapsed (since last share, avg 2m44s) | best=1016 target=11950 (999%)
[2026-10-01T16:53:24Z INFO  minertim::pool_connection] New job: VQ82VQtTsDzl7bzS (difficulty: 359411, target: ae2e0000)
[2026-10-01T16:53:28Z INFO  minertim] H/s 1m:2203.0 5m:2112.2 10m:2113.9 | Shares: 58/0 (found:58) | Diff: 359411 | 56s elapsed (since last share, avg 2m43s) | best=1016 target=11950 (999%)
[2026-10-01T16:53:28Z INFO  minertim::pool_connection] New job: 6TBkgQc0CTxF8fin (difficulty: 359411, target: ae2e0000)
[2026-10-01T16:53:36Z INFO  minertim::pool_connection] New job: qcZ91Sumw6UxAbLI (difficulty: 269547, target: 3e3e0000)
[2026-10-01T16:53:38Z INFO  minertim] H/s 1m:2203.0 5m:2111.8 10m:2113.8 | Shares: 58/0 (found:58) | Diff: 269547 | 1m6s elapsed (since last share, avg 2m2s) | best=1016 target=15934 (999%)
[2026-10-01T16:53:46Z INFO  minertim::miner] Worker 1 SHARE FOUND! job_id=qcZ91Sumw6UxAbLI, nonce=19035900, hash_val=369, difficulty=269547, hash=f4943c7ade3edbce44f7e14600492df7bdb64ca483a80951e30a175e71010000
[2026-10-01T16:53:47Z INFO  minertim::pool_connection] New job: yTy1Xpr0B0rcG3cY (difficulty: 269547, target: 3e3e0000)
[2026-10-01T16:53:47Z INFO  minertim::pool_connection] Share submitted: rpc_id=107 job_id=qcZ91Sumw6UxAbLI nonce=19035900
[2026-10-01T16:53:48Z INFO  minertim] H/s 1m:2198.7 5m:2120.4 10m:2122.2 | Shares: 58/0 (pending:1) (found:59) | Diff: 269547 | 1s elapsed (since last share, avg 2m2s) | best=369 target=15934 (999%)
[2026-10-01T16:53:48Z INFO  minertim::pool_connection] Share accepted: rpc_id=107 job_id=qcZ91Sumw6UxAbLI nonce=19035900 latency_ms=306
[2026-10-01T16:53:58Z INFO  minertim] H/s 1m:2203.7 5m:2122.0 10m:2129.2 | Shares: 59/0 (found:59) | Diff: 269547 | 11s elapsed (since last share, avg 2m2s) | best=369 target=15934 (999%)
[2026-10-01T16:54:06Z INFO  minertim::pool_connection] New job: 7vLwvZS5g1QrdQJp (difficulty: 404346, target: 7e290000)
[2026-10-01T16:54:07Z INFO  minertim::pool_connection] New job: vvk7WdwggSd1382Y (difficulty: 404346, target: 7e290000)
[2026-10-01T16:54:08Z INFO  minertim] H/s 1m:2201.6 5m:2121.1 10m:2137.8 | Shares: 59/0 (found:59) | Diff: 404346 | 21s elapsed (since last share, avg 3m3s) | best=369 target=10622 (999%)
[2026-10-01T16:54:18Z INFO  minertim] H/s 1m:2199.1 5m:2120.2 10m:2138.6 | Shares: 59/0 (found:59) | Diff: 404346 | 31s elapsed (since last share, avg 3m3s) | best=369 target=10622 (999%)
[2026-10-01T16:54:27Z INFO  minertim::pool_connection] New job: XHO0B1f198hh2MT8 (difficulty: 404346, target: 7e290000)
[2026-10-01T16:54:28Z INFO  minertim] H/s 1m:2191.6 5m:2118.6 10m:2137.8 | Shares: 59/0 (found:59) | Diff: 404346 | 41s elapsed (since last share, avg 3m4s) | best=369 target=10622 (999%)
[2026-10-01T16:54:38Z INFO  minertim] H/s 1m:2190.6 5m:2117.7 10m:2142.0 | Shares: 59/0 (found:59) | Diff: 404346 | 51s elapsed (since last share, avg 3m4s) | best=369 target=10622 (999%)
[2026-10-01T16:54:39Z INFO  minertim::pool_connection] New job: 71LWqR18UOA33gRK (difficulty: 404346, target: 7e290000)
[2026-10-01T16:54:48Z INFO  minertim] H/s 1m:2192.2 5m:2117.7 10m:2150.8 | Shares: 59/0 (found:59) | Diff: 404346 | 1m1s elapsed (since last share, avg 3m4s) | best=369 target=10622 (999%)
[2026-10-01T16:54:58Z INFO  minertim] H/s 1m:2196.0 5m:2118.0 10m:2151.7 | Shares: 59/0 (found:59) | Diff: 404346 | 1m11s elapsed (since last share, avg 3m4s) | best=369 target=10622 (999%)
[2026-10-01T16:54:58Z INFO  minertim::miner] Worker 1 SHARE FOUND! job_id=71LWqR18UOA33gRK, nonce=095f5b00, hash_val=4482, difficulty=404346, hash=821aa947024e20a743ba2efe8df5031205342811dc9fd959dedff5b982110000
[2026-10-01T16:54:59Z INFO  minertim::pool_connection] New job: QycqaReYrgLkcSBK (difficulty: 404346, target: 7e290000)
[2026-10-01T16:54:59Z INFO  minertim::pool_connection] Share submitted: rpc_id=109 job_id=71LWqR18UOA33gRK nonce=095f5b00
[2026-10-01T16:54:59Z INFO  minertim::pool_connection] Share accepted: rpc_id=109 job_id=71LWqR18UOA33gRK nonce=095f5b00 latency_ms=306
[2026-10-01T16:55:07Z INFO  minertim::pool_connection] New job: GX2FILVXcr1BXsDf (difficulty: 256262, target: 78410000)
[2026-10-01T16:55:08Z INFO  minertim] H/s 1m:2185.8 5m:2124.5 10m:2150.5 | Shares: 60/0 (found:60) | Diff: 256262 | 9s elapsed (since last share, avg 1m57s) | best=369 target=16760 (999%)
[2026-10-01T16:55:18Z INFO  minertim] H/s 1m:2191.0 5m:2148.2 10m:2150.1 | Shares: 60/0 (found:60) | Diff: 256262 | 19s elapsed (since last share, avg 1m56s) | best=369 target=16760 (999%)
[2026-10-01T16:55:19Z INFO  minertim::pool_connection] New job: 0chA1Ec1YmFFZWGw (difficulty: 256262, target: 78410000)
[2026-10-01T16:55:28Z INFO  minertim] H/s 1m:2195.9 5m:2178.9 10m:2150.0 | Shares: 60/0 (found:60) | Diff: 256262 | 29s elapsed (since last share, avg 1m56s) | best=369 target=16760 (999%)
[2026-10-01T16:55:34Z INFO  minertim::pool_connection] New job: 7n0OZRDGZTdhNHjn (difficulty: 256262, target: 78410000)
[2026-10-01T16:55:38Z INFO  minertim] H/s 1m:2195.2 5m:2178.2 10m:2149.9 | Shares: 60/0 (found:60) | Diff: 256262 | 39s elapsed (since last share, avg 1m56s) | best=369 target=16760 (999%)
[2026-10-01T16:55:48Z INFO  minertim] H/s 1m:2195.5 5m:2178.1 10m:2149.6 | Shares: 60/0 (found:60) | Diff: 256262 | 49s elapsed (since last share, avg 1m56s) | best=369 target=16760 (999%)
[2026-10-01T16:55:54Z INFO  minertim::pool_connection] New job: aVicY0MxmbO5QCz0 (difficulty: 256262, target: 78410000)
[2026-10-01T16:55:58Z INFO  minertim] H/s 1m:2208.6 5m:2178.3 10m:2149.4 | Shares: 60/0 (found:60) | Diff: 256262 | 59s elapsed (since last share, avg 1m56s) | best=369 target=16760 (999%)
[2026-10-01T16:56:07Z INFO  minertim::pool_connection] New job: FPAOdGl0WmJ3IqJt (difficulty: 172115, target: 7a610000)
[2026-10-01T16:56:08Z INFO  minertim] H/s 1m:2209.2 5m:2177.6 10m:2153.7 | Shares: 60/0 (found:60) | Diff: 172115 | 1m9s elapsed (since last share, avg 1m17s) | best=369 target=24954 (999%)
[2026-10-01T16:56:11Z INFO  minertim::pool_connection] New job: RyUqdkAgkAQ5Yw7e (difficulty: 172115, target: 7a610000)
[2026-10-01T16:56:18Z INFO  minertim] H/s 1m:2209.1 5m:2177.5 10m:2158.9 | Shares: 60/0 (found:60) | Diff: 172115 | 1m19s elapsed (since last share, avg 1m17s) | best=369 target=24954 (999%)
[2026-10-01T16:56:28Z INFO  minertim] H/s 1m:2208.7 5m:2177.4 10m:2158.8 | Shares: 60/0 (found:60) | Diff: 172115 | 1m29s elapsed (since last share, avg 1m17s) | best=369 target=24954 (999%)
[2026-10-01T16:56:31Z INFO  minertim::pool_connection] New job: pExWrjzF959SgeG0 (difficulty: 172115, target: 7a610000)
[2026-10-01T16:56:38Z INFO  minertim] H/s 1m:2208.8 5m:2177.5 10m:2158.7 | Shares: 60/0 (found:60) | Diff: 172115 | 1m39s elapsed (since last share, avg 1m17s) | best=369 target=24954 (999%)
[2026-10-01T16:56:48Z INFO  minertim] H/s 1m:2210.0 5m:2177.9 10m:2158.7 | Shares: 60/0 (found:60) | Diff: 172115 | 1m49s elapsed (since last share, avg 1m17s) | best=369 target=24954 (999%)
[2026-10-01T16:56:49Z INFO  minertim::miner] Worker 3 SHARE FOUND! job_id=pExWrjzF959SgeG0, nonce=c7995f00, hash_val=3700, difficulty=172115, hash=61829e86c6adb13feca1399e73089e65690c7b6154a5ed042f8e5c7d740e0000
[2026-10-01T16:56:50Z INFO  minertim::pool_connection] New job: 9JFPsFLSTVxxlB2G (difficulty: 172115, target: 7a610000)
[2026-10-01T16:56:50Z INFO  minertim::pool_connection] Share submitted: rpc_id=112 job_id=pExWrjzF959SgeG0 nonce=c7995f00
[2026-10-01T16:56:51Z INFO  minertim::pool_connection] Share accepted: rpc_id=112 job_id=pExWrjzF959SgeG0 nonce=c7995f00 latency_ms=307
[2026-10-01T16:56:58Z INFO  minertim] H/s 1m:2192.8 5m:2177.1 10m:2157.1 | Shares: 61/0 (found:61) | Diff: 172115 | 9s elapsed (since last share, avg 1m18s) | best=369 target=24954 (999%)
[2026-10-01T16:57:08Z INFO  minertim] H/s 1m:2190.8 5m:2186.7 10m:2157.9 | Shares: 61/0 (found:61) | Diff: 172115 | 19s elapsed (since last share, avg 1m18s) | best=369 target=24954 (999%)
[2026-10-01T16:57:10Z INFO  minertim::pool_connection] New job: FwwlLAA4t4ccQFAg (difficulty: 172115, target: 7a610000)
[2026-10-01T16:57:18Z INFO  minertim] H/s 1m:2191.5 5m:2196.1 10m:2157.9 | Shares: 61/0 (found:61) | Diff: 172115 | 29s elapsed (since last share, avg 1m18s) | best=369 target=24954 (999%)
[2026-10-01T16:57:28Z INFO  minertim] H/s 1m:2192.2 5m:2199.3 10m:2157.9 | Shares: 61/0 (found:61) | Diff: 172115 | 39s elapsed (since last share, avg 1m18s) | best=369 target=24954 (999%)
[2026-10-01T16:57:30Z INFO  minertim::pool_connection] New job: XPpLGmKjhlp0fwya (difficulty: 172115, target: 7a610000)
[2026-10-01T16:57:38Z INFO  minertim] H/s 1m:2192.1 5m:2199.5 10m:2157.8 | Shares: 61/0 (found:61) | Diff: 172115 | 49s elapsed (since last share, avg 1m18s) | best=369 target=24954 (999%)
[2026-10-01T16:57:48Z INFO  minertim] H/s 1m:2211.8 5m:2199.4 10m:2157.7 | Shares: 61/0 (found:61) | Diff: 172115 | 59s elapsed (since last share, avg 1m17s) | best=369 target=24954 (999%)
[2026-10-01T16:57:50Z INFO  minertim::pool_connection] New job: du0EWEnZ61toL2Ig (difficulty: 172115, target: 7a610000)
[2026-10-01T16:57:58Z INFO  minertim] H/s 1m:2213.6 5m:2200.3 10m:2157.7 | Shares: 61/0 (found:61) | Diff: 172115 | 1m9s elapsed (since last share, avg 1m17s) | best=369 target=24954 (999%)
[2026-10-01T16:58:07Z INFO  minertim::pool_connection] New job: p5KrCGllpkBzj0xr (difficulty: 129086, target: f8810000)
[2026-10-01T16:58:08Z INFO  minertim] H/s 1m:2210.4 5m:2200.2 10m:2157.4 | Shares: 61/0 (found:61) | Diff: 129086 | 1m19s elapsed (since last share, avg 58s) | best=369 target=33272 (999%)
[2026-10-01T16:58:10Z INFO  minertim::pool_connection] New job: CCXhpXEuKBq5wNaA (difficulty: 129086, target: f8810000)
[2026-10-01T16:58:18Z INFO  minertim] H/s 1m:2209.5 5m:2200.4 10m:2157.3 | Shares: 61/0 (found:61) | Diff: 129086 | 1m29s elapsed (since last share, avg 58s) | best=369 target=33272 (999%)
[2026-10-01T16:58:28Z INFO  minertim] H/s 1m:2209.8 5m:2200.7 10m:2157.3 | Shares: 61/0 (found:61) | Diff: 129086 | 1m39s elapsed (since last share, avg 58s) | best=369 target=33272 (999%)
[2026-10-01T16:58:30Z INFO  minertim::pool_connection] New job: n8J5anpe6JVbiNil (difficulty: 129086, target: f8810000)
[2026-10-01T16:58:38Z INFO  minertim] H/s 1m:2210.0 5m:2201.3 10m:2157.2 | Shares: 61/0 (found:61) | Diff: 129086 | 1m49s elapsed (since last share, avg 58s) | best=369 target=33272 (999%)
[2026-10-01T16:58:48Z INFO  minertim] H/s 1m:2209.9 5m:2201.4 10m:2161.7 | Shares: 61/0 (found:61) | Diff: 129086 | 1m59s elapsed (since last share, avg 58s) | best=369 target=33272 (999%)
[2026-10-01T16:58:50Z INFO  minertim::pool_connection] New job: DyFr5pJZLjYXZLXh (difficulty: 129086, target: f8810000)
[2026-10-01T16:58:58Z INFO  minertim] H/s 1m:2212.8 5m:2202.2 10m:2162.6 | Shares: 61/0 (found:61) | Diff: 129086 | 2m9s elapsed (since last share, avg 58s) | best=369 target=33272 (999%)
[2026-10-01T16:59:07Z INFO  minertim::pool_connection] New job: qzZMXcU0xoci0AzD (difficulty: 96814, target: 4bad0000)
[2026-10-01T16:59:08Z INFO  minertim] H/s 1m:2210.5 5m:2202.4 10m:2162.3 | Shares: 61/0 (found:61) | Diff: 96814 | 2m19s elapsed (since last share, avg 43s) | best=369 target=44363 (999%)
[2026-10-01T16:59:09Z INFO  minertim::miner] Worker 1 SHARE FOUND! job_id=qzZMXcU0xoci0AzD, nonce=bdd06300, hash_val=10002, difficulty=96814, hash=04fa9f9a493a1c0ee826fd25929f44dd3129cd055fed148059e7e28a12270000
[2026-10-01T16:59:10Z INFO  minertim::pool_connection] New job: KZVK7GxmppUPJuKK (difficulty: 96814, target: 4bad0000)
[2026-10-01T16:59:10Z INFO  minertim::pool_connection] Share submitted: rpc_id=116 job_id=qzZMXcU0xoci0AzD nonce=bdd06300
[2026-10-01T16:59:10Z INFO  minertim::pool_connection] Share accepted: rpc_id=116 job_id=qzZMXcU0xoci0AzD nonce=bdd06300 latency_ms=220
[2026-10-01T16:59:18Z INFO  minertim] H/s 1m:2206.5 5m:2203.2 10m:2161.9 | Shares: 62/0 (found:62) | Diff: 96814 | 8s elapsed (since last share, avg 43s) | best=369 target=44363 (999%)
[2026-10-01T16:59:19Z INFO  minertim::miner] Worker 3 SHARE FOUND! job_id=KZVK7GxmppUPJuKK, nonce=539f6400, hash_val=687, difficulty=96814, hash=0ee62a0b3a6c98f1898091d1db2edd422e839e506aeb89f10b4be053af020000
[2026-10-01T16:59:28Z INFO  minertim] H/s 1m:2097.8 5m:2185.3 10m:2152.6 | Shares: 62/0 (found:63) | Diff: 96814 | 8s elapsed (since last share, avg 46s) | best=369 target=44363 (999%)
[2026-10-01T16:59:29Z INFO  minertim::pool_connection] New job: 3mvFwAjUFljX2R5G (difficulty: 96814, target: 4bad0000)
[2026-10-01T16:59:29Z INFO  minertim::pool_connection] Share submitted: rpc_id=117 job_id=KZVK7GxmppUPJuKK nonce=539f6400
[2026-10-01T16:59:30Z INFO  minertim::pool_connection] Share accepted: rpc_id=117 job_id=KZVK7GxmppUPJuKK nonce=539f6400 latency_ms=220
[2026-10-01T16:59:37Z INFO  minertim::pool_connection] New job: KVgbIsRoIjSl48N2 (difficulty: 145222, target: 87730000)
[2026-10-01T16:59:38Z INFO  minertim] H/s 1m:2078.9 5m:2181.8 10m:2150.9 | Shares: 63/0 (found:63) | Diff: 145222 | 18s elapsed (since last share, avg 1m9s) | best=369 target=29575 (999%)
[2026-10-01T16:59:48Z INFO  minertim] H/s 1m:2078.8 5m:2182.0 10m:2150.9 | Shares: 63/0 (found:63) | Diff: 145222 | 28s elapsed (since last share, avg 1m9s) | best=369 target=29575 (999%)
[2026-10-01T16:59:49Z INFO  minertim::pool_connection] New job: GBhqWIZA8UpZpwX3 (difficulty: 145222, target: 87730000)
[2026-10-01T16:59:58Z INFO  minertim] H/s 1m:2082.4 5m:2184.5 10m:2151.1 | Shares: 63/0 (found:63) | Diff: 145222 | 38s elapsed (since last share, avg 1m9s) | best=369 target=29575 (999%)
[2026-10-01T17:00:08Z INFO  minertim] H/s 1m:2081.1 5m:2184.3 10m:2155.1 | Shares: 63/0 (found:63) | Diff: 145222 | 48s elapsed (since last share, avg 1m9s) | best=369 target=29575 (999%)
[2026-10-01T17:00:09Z INFO  minertim::pool_connection] New job: Amu2wTkPXwV0zF25 (difficulty: 145222, target: 87730000)
[2026-10-01T17:00:16Z INFO  minertim::pool_connection] New job: BcLA0JlqxFaNNlp9 (difficulty: 145222, target: 87730000)
[2026-10-01T17:00:18Z INFO  minertim] H/s 1m:2189.6 5m:2184.2 10m:2167.0 | Shares: 63/0 (found:63) | Diff: 145222 | 58s elapsed (since last share, avg 1m6s) | best=369 target=29575 (999%)
[2026-10-01T17:00:28Z INFO  minertim] H/s 1m:2208.7 5m:2184.2 10m:2182.1 | Shares: 63/0 (found:63) | Diff: 145222 | 1m8s elapsed (since last share, avg 1m5s) | best=369 target=29575 (999%)
[2026-10-01T17:00:36Z INFO  minertim::pool_connection] New job: e9gJJIeCM0Y9a8tb (difficulty: 145222, target: 87730000)
[2026-10-01T17:00:37Z INFO  minertim::pool_connection] New job: Gl89NYDyxTTeqIzL (difficulty: 97535, target: 03ac0000)
[2026-10-01T17:00:38Z INFO  minertim] H/s 1m:2208.4 5m:2184.2 10m:2181.7 | Shares: 63/0 (found:63) | Diff: 97535 | 1m18s elapsed (since last share, avg 44s) | best=369 target=44035 (999%)
[2026-10-01T17:00:48Z INFO  minertim] H/s 1m:2207.8 5m:2184.4 10m:2181.7 | Shares: 63/0 (found:63) | Diff: 97535 | 1m28s elapsed (since last share, avg 44s) | best=369 target=44035 (999%)
[2026-10-01T17:00:56Z INFO  minertim::pool_connection] New job: Sjn81wBByaGGP04C (difficulty: 97535, target: 03ac0000)
[2026-10-01T17:00:58Z INFO  minertim] H/s 1m:2212.9 5m:2184.9 10m:2181.9 | Shares: 63/0 (found:63) | Diff: 97535 | 1m38s elapsed (since last share, avg 44s) | best=369 target=44035 (999%)
[2026-10-01T17:01:08Z INFO  minertim] H/s 1m:2209.5 5m:2184.3 10m:2181.5 | Shares: 63/0 (found:63) | Diff: 97535 | 1m48s elapsed (since last share, avg 44s) | best=369 target=44035 (999%)
[2026-10-01T17:01:16Z INFO  minertim::pool_connection] New job: ZtZvU2J7oDIRWwML (difficulty: 97535, target: 03ac0000)
[2026-10-01T17:01:18Z INFO  minertim] H/s 1m:2210.0 5m:2184.4 10m:2181.5 | Shares: 63/0 (found:63) | Diff: 97535 | 1m58s elapsed (since last share, avg 44s) | best=369 target=44035 (999%)
[2026-10-01T17:01:28Z INFO  minertim] H/s 1m:2210.1 5m:2184.4 10m:2181.4 | Shares: 63/0 (found:63) | Diff: 97535 | 2m8s elapsed (since last share, avg 44s) | best=369 target=44035 (999%)
[2026-10-01T17:01:28Z INFO  minertim::miner] Worker 2 SHARE FOUND! job_id=ZtZvU2J7oDIRWwML, nonce=92136900, hash_val=23968, difficulty=97535, hash=8c846ec3d9e58020f0feda81cdc60bfab1301145b352acc5cd27668ea05d0000
[2026-10-01T17:01:36Z INFO  minertim::pool_connection] New job: 9ZiK4osFtbJspqTW (difficulty: 97535, target: 03ac0000)
[2026-10-01T17:01:36Z INFO  minertim::pool_connection] Share submitted: rpc_id=120 job_id=ZtZvU2J7oDIRWwML nonce=92136900
[2026-10-01T17:01:36Z INFO  minertim::pool_connection] Share accepted: rpc_id=120 job_id=ZtZvU2J7oDIRWwML nonce=92136900 latency_ms=238
[2026-10-01T17:01:37Z INFO  minertim::pool_connection] New job: KUP0XAkl3F8vpB08 (difficulty: 74391, target: 87e10000)
[2026-10-01T17:01:38Z INFO  minertim] H/s 1m:2143.1 5m:2172.9 10m:2175.9 | Shares: 64/0 (found:64) | Diff: 74391 | 9s elapsed (since last share, avg 34s) | best=369 target=57735 (999%)
[2026-10-01T17:01:48Z INFO  minertim] H/s 1m:2143.6 5m:2176.4 10m:2176.1 | Shares: 64/0 (found:64) | Diff: 74391 | 19s elapsed (since last share, avg 34s) | best=369 target=57735 (999%)
[2026-10-01T17:01:50Z INFO  minertim::miner] Worker 0 SHARE FOUND! job_id=KUP0XAkl3F8vpB08, nonce=c0276a00, hash_val=47395, difficulty=74391, hash=b0171be90d092ce37464390eae8f57802e38ae2bdb1f6e394d7c840c23b90000
[2026-10-01T17:01:56Z INFO  minertim::pool_connection] New job: R5zGsM7clOhc6f5V (difficulty: 74391, target: 87e10000)
[2026-10-01T17:01:56Z INFO  minertim::pool_connection] Share submitted: rpc_id=121 job_id=KUP0XAkl3F8vpB08 nonce=c0276a00
[2026-10-01T17:01:56Z INFO  minertim::pool_connection] Share accepted: rpc_id=121 job_id=KUP0XAkl3F8vpB08 nonce=c0276a00 latency_ms=308
[2026-10-01T17:01:58Z INFO  minertim] H/s 1m:2077.7 5m:2164.8 10m:2171.5 | Shares: 65/0 (found:65) | Diff: 74391 | 8s elapsed (since last share, avg 35s) | best=369 target=57735 (999%)
[2026-10-01T17:02:07Z INFO  minertim::pool_connection] New job: MceMrTBk004zhAH0 (difficulty: 111586, target: 5a960000)
[2026-10-01T17:02:08Z INFO  minertim] H/s 1m:2073.7 5m:2164.1 10m:2176.0 | Shares: 65/0 (found:65) | Diff: 111586 | 18s elapsed (since last share, avg 53s) | best=369 target=38490 (999%)
[2026-10-01T17:02:16Z INFO  minertim::pool_connection] New job: LxAVv03NoMswzjSN (difficulty: 111586, target: 5a960000)
[2026-10-01T17:02:18Z INFO  minertim] H/s 1m:2073.6 5m:2164.0 10m:2180.6 | Shares: 65/0 (found:65) | Diff: 111586 | 28s elapsed (since last share, avg 53s) | best=369 target=38490 (999%)
[2026-10-01T17:02:28Z INFO  minertim] H/s 1m:2140.9 5m:2164.0 10m:2182.2 | Shares: 65/0 (found:65) | Diff: 111586 | 38s elapsed (since last share, avg 52s) | best=369 target=38490 (999%)
[2026-10-01T17:02:34Z INFO  minertim::miner] Worker 2 SHARE FOUND! job_id=LxAVv03NoMswzjSN, nonce=a20b6b00, hash_val=5012, difficulty=111586, hash=5c6fa7675edf4d783f70865ab3d42a81c1bf4c670199c258e360c09194130000
[2026-10-01T17:02:36Z INFO  minertim::pool_connection] New job: dLt61qYQ3rx16EUR (difficulty: 111586, target: 5a960000)
[2026-10-01T17:02:36Z INFO  minertim::pool_connection] Share submitted: rpc_id=123 job_id=LxAVv03NoMswzjSN nonce=a20b6b00
[2026-10-01T17:02:36Z INFO  minertim::pool_connection] Share accepted: rpc_id=123 job_id=LxAVv03NoMswzjSN nonce=a20b6b00 latency_ms=307
[2026-10-01T17:02:38Z INFO  minertim] H/s 1m:2124.1 5m:2161.3 10m:2180.9 | Shares: 66/0 (found:66) | Diff: 111586 | 3s elapsed (since last share, avg 52s) | best=369 target=38490 (999%)
[2026-10-01T17:02:46Z INFO  minertim::miner] Worker 0 SHARE FOUND! job_id=dLt61qYQ3rx16EUR, nonce=fcda6b00, hash_val=32838, difficulty=111586, hash=a4ec2b16e526d3b35e1e880b0872b67df88b9c9aafcf410ed8a8032b46800000
[2026-10-01T17:02:48Z INFO  minertim] H/s 1m:2193.9 5m:2161.4 10m:2180.9 | Shares: 66/0 (found:67) | Diff: 111586 | 1s elapsed (since last share, avg 50s) | best=369 target=38490 (999%)
[2026-10-01T17:02:56Z INFO  minertim::pool_connection] New job: B0sj98V1OW9wem0R (difficulty: 111586, target: 5a960000)
[2026-10-01T17:02:56Z INFO  minertim::pool_connection] Share submitted: rpc_id=124 job_id=dLt61qYQ3rx16EUR nonce=fcda6b00
[2026-10-01T17:02:56Z INFO  minertim::pool_connection] Share accepted: rpc_id=124 job_id=dLt61qYQ3rx16EUR nonce=fcda6b00 latency_ms=222
[2026-10-01T17:02:58Z INFO  minertim] H/s 1m:2093.3 5m:2143.9 10m:2172.6 | Shares: 67/0 (found:67) | Diff: 111586 | 11s elapsed (since last share, avg 53s) | best=369 target=38490 (999%)
[2026-10-01T17:03:04Z INFO  minertim::pool_connection] New job: ieB7reOyezcdUIeI (difficulty: 111586, target: 5a960000)
[2026-10-01T17:03:07Z INFO  minertim::pool_connection] New job: WWZ5w8cRmef2C3OH (difficulty: 167379, target: 3c640000)
[2026-10-01T17:03:08Z INFO  minertim] H/s 1m:2091.7 5m:2143.7 10m:2172.6 | Shares: 67/0 (found:67) | Diff: 167379 | 21s elapsed (since last share, avg 1m20s) | best=369 target=25660 (999%)
[2026-10-01T17:03:18Z INFO  minertim] H/s 1m:2091.4 5m:2143.6 10m:2172.8 | Shares: 67/0 (found:67) | Diff: 167379 | 31s elapsed (since last share, avg 1m20s) | best=369 target=25660 (999%)
[2026-10-01T17:03:24Z INFO  minertim::pool_connection] New job: O2nXQNiu3e5MPV0j (difficulty: 167379, target: 3c640000)
[2026-10-01T17:03:28Z INFO  minertim] H/s 1m:2108.4 5m:2143.8 10m:2172.9 | Shares: 67/0 (found:67) | Diff: 167379 | 41s elapsed (since last share, avg 1m19s) | best=369 target=25660 (999%)
[2026-10-01T17:03:38Z INFO  minertim] H/s 1m:2109.2 5m:2144.0 10m:2173.3 | Shares: 67/0 (found:67) | Diff: 167379 | 51s elapsed (since last share, avg 1m19s) | best=369 target=25660 (999%)
[2026-10-01T17:03:44Z INFO  minertim::pool_connection] New job: PCEdA2CgSd1H55nI (difficulty: 167379, target: 3c640000)
[2026-10-01T17:03:48Z INFO  minertim] H/s 1m:2214.8 5m:2144.2 10m:2173.5 | Shares: 67/0 (found:67) | Diff: 167379 | 1m1s elapsed (since last share, avg 1m15s) | best=369 target=25660 (999%)
[2026-10-01T17:03:58Z INFO  minertim] H/s 1m:2217.2 5m:2144.8 10m:2173.9 | Shares: 67/0 (found:67) | Diff: 167379 | 1m11s elapsed (since last share, avg 1m15s) | best=369 target=25660 (999%)
[2026-10-01T17:04:04Z INFO  minertim::pool_connection] New job: COATR0h7F61YYWh0 (difficulty: 167379, target: 3c640000)
[2026-10-01T17:04:07Z INFO  minertim::pool_connection] New job: lZlUMKqFIskgwVuy (difficulty: 106085, target: 269e0000)
[2026-10-01T17:04:08Z INFO  minertim] H/s 1m:2215.9 5m:2145.2 10m:2174.2 | Shares: 67/0 (found:67) | Diff: 106085 | 1m22s elapsed (since last share, avg 47s) | best=369 target=40486 (999%)
[2026-10-01T17:04:11Z INFO  minertim::miner] Worker 0 SHARE FOUND! job_id=lZlUMKqFIskgwVuy, nonce=406a6e00, hash_val=39598, difficulty=106085, hash=fdf7be96f87bff060cd20f6c27711cd5bc23057704925e7837dbd3d7ae9a0000
[2026-10-01T17:04:15Z INFO  minertim::miner] Worker 3 SHARE FOUND! job_id=lZlUMKqFIskgwVuy, nonce=c3486e00, hash_val=37145, difficulty=106085, hash=bc6b285f80cf1d545f75671fe9384e7a2ccb8a82666c7291cc595b9419910000
[2026-10-01T17:04:18Z INFO  minertim] H/s 1m:2165.4 5m:2155.5 10m:2170.7 | Shares: 67/0 (found:69) | Diff: 106085 | 2s elapsed (since last share, avg 48s) | best=369 target=40486 (999%)
[2026-10-01T17:04:23Z INFO  minertim::pool_connection] New job: sjLEl9Q4NdocHYuL (difficulty: 106085, target: 269e0000)
[2026-10-01T17:04:23Z INFO  minertim::pool_connection] Share submitted: rpc_id=127 job_id=lZlUMKqFIskgwVuy nonce=406a6e00
[2026-10-01T17:04:23Z INFO  minertim::pool_connection] Share submitted: rpc_id=128 job_id=lZlUMKqFIskgwVuy nonce=c3486e00
[2026-10-01T17:04:24Z INFO  minertim::pool_connection] Share accepted: rpc_id=127 job_id=lZlUMKqFIskgwVuy nonce=406a6e00 latency_ms=301
[2026-10-01T17:04:24Z INFO  minertim::pool_connection] Share accepted: rpc_id=128 job_id=lZlUMKqFIskgwVuy nonce=c3486e00 latency_ms=613
[2026-10-01T17:04:26Z INFO  minertim::miner] Worker 0 SHARE FOUND! job_id=sjLEl9Q4NdocHYuL, nonce=d07c6e00, hash_val=31856, difficulty=106085, hash=a2f1de0fd3a1f926a1f570f2fc354030cf162f264fd66e3c88900970707c0000
[2026-10-01T17:04:28Z INFO  minertim] H/s 1m:1972.6 5m:2125.7 10m:2154.9 | Shares: 69/0 (found:70) | Diff: 106085 | 2s elapsed (since last share, avg 53s) | best=369 target=40486 (999%)
[2026-10-01T17:04:33Z INFO  minertim::miner] Worker 2 SHARE FOUND! job_id=sjLEl9Q4NdocHYuL, nonce=0a106f00, hash_val=17002, difficulty=106085, hash=4f27c77290e29c1526ef29353fb3977c94c93da3635dac728d2202606a420000
[2026-10-01T17:04:37Z INFO  minertim::pool_connection] New job: 62h0w9BDJoeCWmNX (difficulty: 159131, target: 6e690000)
[2026-10-01T17:04:37Z INFO  minertim::pool_connection] Share submitted: rpc_id=129 job_id=sjLEl9Q4NdocHYuL nonce=d07c6e00
[2026-10-01T17:04:37Z INFO  minertim::pool_connection] Share submitted: rpc_id=130 job_id=sjLEl9Q4NdocHYuL nonce=0a106f00
[2026-10-01T17:04:37Z INFO  minertim::pool_connection] Share accepted: rpc_id=129 job_id=sjLEl9Q4NdocHYuL nonce=d07c6e00 latency_ms=221
[2026-10-01T17:04:37Z INFO  minertim::pool_connection] Share accepted: rpc_id=130 job_id=sjLEl9Q4NdocHYuL nonce=0a106f00 latency_ms=512
[2026-10-01T17:04:38Z INFO  minertim] H/s 1m:1865.6 5m:2107.5 10m:2145.8 | Shares: 71/0 (found:71) | Diff: 159131 | 4s elapsed (since last share, avg 1m25s) | best=369 target=26990 (999%)
[2026-10-01T17:04:43Z INFO  minertim::pool_connection] New job: 1LgDk5LJtAbSSZ2R (difficulty: 159131, target: 6e690000)
[2026-10-01T17:04:48Z INFO  minertim] H/s 1m:1868.4 5m:2107.9 10m:2146.2 | Shares: 71/0 (found:71) | Diff: 159131 | 14s elapsed (since last share, avg 1m25s) | best=369 target=26990 (999%)
[2026-10-01T17:04:58Z INFO  minertim] H/s 1m:1870.0 5m:2108.9 10m:2147.4 | Shares: 71/0 (found:71) | Diff: 159131 | 24s elapsed (since last share, avg 1m25s) | best=369 target=26990 (999%)
[2026-10-01T17:05:03Z INFO  minertim::pool_connection] New job: OgTBXvUB3lOCeyH0 (difficulty: 159131, target: 6e690000)
[2026-10-01T17:05:07Z INFO  minertim::pool_connection] New job: 09675QvbwdzQsHBS (difficulty: 238702, target: 49460000)
[2026-10-01T17:05:08Z INFO  minertim] H/s 1m:1918.3 5m:2108.7 10m:2147.6 | Shares: 71/0 (found:71) | Diff: 238702 | 34s elapsed (since last share, avg 2m4s) | best=369 target=17993 (999%)
[2026-10-01T17:05:18Z INFO  minertim] H/s 1m:2111.1 5m:2108.9 10m:2147.7 | Shares: 71/0 (found:71) | Diff: 238702 | 44s elapsed (since last share, avg 1m53s) | best=369 target=17993 (999%)
[2026-10-01T17:05:23Z INFO  minertim::pool_connection] New job: oFabfpUvRjicbhlP (difficulty: 238702, target: 49460000)
[2026-10-01T17:05:28Z INFO  minertim] H/s 1m:2218.1 5m:2109.1 10m:2147.8 | Shares: 71/0 (found:71) | Diff: 238702 | 54s elapsed (since last share, avg 1m47s) | best=369 target=17993 (999%)
[2026-10-01T17:05:37Z INFO  minertim::pool_connection] New job: IAEn2b6H9VupfELd (difficulty: 179024, target: b75d0000)
[2026-10-01T17:05:38Z INFO  minertim] H/s 1m:2215.4 5m:2109.2 10m:2147.9 | Shares: 71/0 (found:71) | Diff: 179024 | 1m4s elapsed (since last share, avg 1m20s) | best=369 target=23991 (999%)
[2026-10-01T17:05:43Z INFO  minertim::pool_connection] New job: YwadA9m1HPOD7Pb3 (difficulty: 179024, target: b75d0000)
[2026-10-01T17:05:48Z INFO  minertim] H/s 1m:2215.6 5m:2109.3 10m:2148.0 | Shares: 71/0 (found:71) | Diff: 179024 | 1m14s elapsed (since last share, avg 1m20s) | best=369 target=23991 (999%)
[2026-10-01T17:05:58Z INFO  minertim] H/s 1m:2217.6 5m:2110.1 10m:2148.3 | Shares: 71/0 (found:71) | Diff: 179024 | 1m24s elapsed (since last share, avg 1m20s) | best=369 target=23991 (999%)
[2026-10-01T17:06:03Z INFO  minertim::pool_connection] New job: 9hDe9Q6DKmvXIFMw (difficulty: 179024, target: b75d0000)
[2026-10-01T17:06:08Z INFO  minertim] H/s 1m:2215.7 5m:2109.9 10m:2148.2 | Shares: 71/0 (found:71) | Diff: 179024 | 1m34s elapsed (since last share, avg 1m20s) | best=369 target=23991 (999%)
[2026-10-01T17:06:18Z INFO  minertim] H/s 1m:2215.3 5m:2110.0 10m:2148.3 | Shares: 71/0 (found:71) | Diff: 179024 | 1m44s elapsed (since last share, avg 1m20s) | best=369 target=23991 (999%)
[2026-10-01T17:06:23Z INFO  minertim::pool_connection] New job: vlw8h20IHLw6fG0j (difficulty: 179024, target: b75d0000)
[2026-10-01T17:06:26Z INFO  minertim::miner] Worker 0 SHARE FOUND! job_id=vlw8h20IHLw6fG0j, nonce=682c7200, hash_val=942, difficulty=179024, hash=34daff4eb3de375bd5a4eeb10e051ed39a84957333d01b56ab43ecc2ae030000
[2026-10-01T17:06:26Z INFO  minertim::miner] Worker 3 SHARE FOUND! job_id=vlw8h20IHLw6fG0j, nonce=7f757200, hash_val=1625, difficulty=179024, hash=c8dbfa7d2169c43d69196c9e98ab46f1604932edb63254318b24960659060000
[2026-10-01T17:06:28Z INFO  minertim] H/s 1m:2161.5 5m:2112.4 10m:2143.9 | Shares: 71/0 (found:73) | Diff: 179024 | 1s elapsed (since last share, avg 1m22s) | best=369 target=23991 (999%)
[2026-10-01T17:06:37Z INFO  minertim::pool_connection] New job: T1kmNaqsF7300cd0 (difficulty: 134268, target: f47c0000)
[2026-10-01T17:06:37Z INFO  minertim::pool_connection] Share submitted: rpc_id=134 job_id=vlw8h20IHLw6fG0j nonce=7f757200
[2026-10-01T17:06:37Z INFO  minertim::pool_connection] Share submitted: rpc_id=133 job_id=vlw8h20IHLw6fG0j nonce=682c7200
[2026-10-01T17:06:37Z INFO  minertim::pool_connection] Share accepted: rpc_id=134 job_id=vlw8h20IHLw6fG0j nonce=7f757200 latency_ms=249
[2026-10-01T17:06:37Z INFO  minertim::pool_connection] Share accepted: rpc_id=133 job_id=vlw8h20IHLw6fG0j nonce=682c7200 latency_ms=469
[2026-10-01T17:06:38Z INFO  minertim] H/s 1m:2030.8 5m:2089.9 10m:2132.8 | Shares: 73/0 (found:73) | Diff: 134268 | 11s elapsed (since last share, avg 1m6s) | best=369 target=31988 (999%)
[2026-10-01T17:06:43Z INFO  minertim::pool_connection] New job: NHdtYVzORitUd9Jo (difficulty: 134268, target: f47c0000)
[2026-10-01T17:06:48Z INFO  minertim] H/s 1m:2031.3 5m:2102.1 10m:2134.6 | Shares: 73/0 (found:73) | Diff: 134268 | 21s elapsed (since last share, avg 1m6s) | best=369 target=31988 (999%)
[2026-10-01T17:06:58Z INFO  minertim] H/s 1m:2033.2 5m:2102.9 10m:2134.9 | Shares: 73/0 (found:73) | Diff: 134268 | 31s elapsed (since last share, avg 1m6s) | best=369 target=31988 (999%)
[2026-10-01T17:07:03Z INFO  minertim::pool_connection] New job: 02kUxFcCR0B0ggrs (difficulty: 134268, target: f47c0000)
[2026-10-01T17:07:07Z INFO  minertim::pool_connection] New job: wQJT1VSqP55QsgIM (difficulty: 201405, target: 4d530000)
[2026-10-01T17:07:08Z INFO  minertim] H/s 1m:2031.2 5m:2102.7 10m:2134.7 | Shares: 73/0 (found:73) | Diff: 201405 | 41s elapsed (since last share, avg 1m39s) | best=369 target=21325 (999%)
[2026-10-01T17:07:18Z INFO  minertim] H/s 1m:2085.2 5m:2102.8 10m:2134.8 | Shares: 73/0 (found:73) | Diff: 201405 | 51s elapsed (since last share, avg 1m36s) | best=369 target=21325 (999%)
[2026-10-01T17:07:23Z INFO  minertim::pool_connection] New job: MK4DlJZzWF9a7QwJ (difficulty: 201405, target: 4d530000)
[2026-10-01T17:07:28Z INFO  minertim] H/s 1m:2216.0 5m:2105.7 10m:2134.8 | Shares: 73/0 (found:73) | Diff: 201405 | 1m1s elapsed (since last share, avg 1m30s) | best=369 target=21325 (999%)
[2026-10-01T17:07:37Z INFO  minertim::pool_connection] New job: UQEfFWkKhKiJ24RJ (difficulty: 151050, target: 126f0000)
[2026-10-01T17:07:38Z INFO  minertim] H/s 1m:2215.8 5m:2105.9 10m:2135.0 | Shares: 73/0 (found:73) | Diff: 151050 | 1m11s elapsed (since last share, avg 1m8s) | best=369 target=28434 (999%)
[2026-10-01T17:07:42Z INFO  minertim::pool_connection] New job: pEkNEZHakRkWYH5v (difficulty: 151050, target: 126f0000)
[2026-10-01T17:07:43Z INFO  minertim::miner] Worker 0 SHARE FOUND! job_id=pEkNEZHakRkWYH5v, nonce=686b7400, hash_val=14512, difficulty=151050, hash=067a93e5a737b6b271095ab827cf0d834d6bef5cb97ec02233ff4fe5b0380000
[2026-10-01T17:07:48Z INFO  minertim] H/s 1m:2163.5 5m:2115.0 10m:2130.6 | Shares: 73/0 (found:74) | Diff: 151050 | 5s elapsed (since last share, avg 1m9s) | best=369 target=28434 (999%)
[2026-10-01T17:07:58Z INFO  minertim] H/s 1m:2063.1 5m:2097.8 10m:2122.2 | Shares: 73/0 (found:74) | Diff: 151050 | 15s elapsed (since last share, avg 1m13s) | best=369 target=28434 (999%)
[2026-10-01T17:08:02Z INFO  minertim::pool_connection] New job: 32m78OkUmFL6aLjK (difficulty: 151050, target: 126f0000)
[2026-10-01T17:08:02Z INFO  minertim::pool_connection] Share submitted: rpc_id=136 job_id=pEkNEZHakRkWYH5v nonce=686b7400
[2026-10-01T17:08:03Z INFO  minertim::pool_connection] Share accepted: rpc_id=136 job_id=pEkNEZHakRkWYH5v nonce=686b7400 latency_ms=307
[2026-10-01T17:08:07Z INFO  minertim::pool_connection] New job: 7ZfogXFqODwxz8ho (difficulty: 226575, target: 0c4a0000)
[2026-10-01T17:08:08Z INFO  minertim] H/s 1m:2023.6 5m:2091.1 10m:2119.0 | Shares: 74/0 (found:74) | Diff: 226575 | 25s elapsed (since last share, avg 1m51s) | best=369 target=18956 (999%)
[2026-10-01T17:08:18Z INFO  minertim] H/s 1m:2023.3 5m:2091.0 10m:2119.0 | Shares: 74/0 (found:74) | Diff: 226575 | 35s elapsed (since last share, avg 1m51s) | best=369 target=18956 (999%)
[2026-10-01T17:08:22Z INFO  minertim::pool_connection] New job: caYnbmk9jRN2xGYc (difficulty: 226575, target: 0c4a0000)
[2026-10-01T17:08:28Z INFO  minertim] H/s 1m:2022.4 5m:2090.9 10m:2119.1 | Shares: 74/0 (found:74) | Diff: 226575 | 45s elapsed (since last share, avg 1m52s) | best=369 target=18956 (999%)
[2026-10-01T17:08:38Z INFO  minertim] H/s 1m:2074.9 5m:2090.9 10m:2119.2 | Shares: 74/0 (found:74) | Diff: 226575 | 55s elapsed (since last share, avg 1m49s) | best=369 target=18956 (999%)
[2026-10-01T17:08:42Z INFO  minertim::pool_connection] New job: O5um3DpnzyTyA8c4 (difficulty: 226575, target: 0c4a0000)
[2026-10-01T17:08:48Z INFO  minertim] H/s 1m:2177.6 5m:2091.0 10m:2119.3 | Shares: 74/0 (found:74) | Diff: 226575 | 1m5s elapsed (since last share, avg 1m44s) | best=369 target=18956 (999%)
[2026-10-01T17:08:58Z INFO  minertim] H/s 1m:2217.1 5m:2091.3 10m:2119.6 | Shares: 74/0 (found:74) | Diff: 226575 | 1m15s elapsed (since last share, avg 1m42s) | best=369 target=18956 (999%)
[2026-10-01T17:09:02Z INFO  minertim::pool_connection] New job: XJBrj0miVPF4chAy (difficulty: 226575, target: 0c4a0000)
[2026-10-01T17:09:07Z INFO  minertim::pool_connection] New job: iMUId5q3aVMEmQhi (difficulty: 159308, target: 50690000)
[2026-10-01T17:09:08Z INFO  minertim] H/s 1m:2215.0 5m:2099.6 10m:2119.8 | Shares: 74/0 (found:74) | Diff: 159308 | 1m25s elapsed (since last share, avg 1m11s) | best=369 target=26960 (999%)
[2026-10-01T17:09:10Z INFO  minertim::pool_connection] New job: YSQ3H0YsZ5H5o0PI (difficulty: 159308, target: 50690000)
[2026-10-01T17:09:18Z INFO  minertim] H/s 1m:2215.5 5m:2132.8 10m:2129.0 | Shares: 74/0 (found:74) | Diff: 159308 | 1m35s elapsed (since last share, avg 1m11s) | best=369 target=26960 (999%)
[2026-10-01T17:09:28Z INFO  minertim] H/s 1m:2214.7 5m:2151.1 10m:2130.7 | Shares: 74/0 (found:74) | Diff: 159308 | 1m45s elapsed (since last share, avg 1m11s) | best=369 target=26960 (999%)
[2026-10-01T17:09:30Z INFO  minertim::pool_connection] New job: 50WqmmcX1IfMZp73 (difficulty: 159308, target: 50690000)
[2026-10-01T17:09:33Z INFO  minertim::miner] Worker 1 SHARE FOUND! job_id=50WqmmcX1IfMZp73, nonce=0df37800, hash_val=1905, difficulty=159308, hash=eae4f81c423c8464eb254e184a8079a6500329bb3db71a47f869e6ce71070000
[2026-10-01T17:09:38Z INFO  minertim] H/s 1m:2107.8 5m:2132.2 10m:2121.7 | Shares: 74/0 (found:75) | Diff: 159308 | 5s elapsed (since last share, avg 1m15s) | best=369 target=26960 (999%)
[2026-10-01T17:09:48Z INFO  minertim] H/s 1m:2005.7 5m:2114.7 10m:2113.1 | Shares: 74/0 (found:75) | Diff: 159308 | 15s elapsed (since last share, avg 1m19s) | best=369 target=26960 (999%)
[2026-10-01T17:09:50Z INFO  minertim::pool_connection] New job: z0E1Fh7hDmI5ALss (difficulty: 159308, target: 50690000)
[2026-10-01T17:09:50Z INFO  minertim::pool_connection] Share submitted: rpc_id=139 job_id=50WqmmcX1IfMZp73 nonce=0df37800
[2026-10-01T17:09:50Z INFO  minertim::pool_connection] Share accepted: rpc_id=139 job_id=50WqmmcX1IfMZp73 nonce=0df37800 latency_ms=231
[2026-10-01T17:09:55Z INFO  minertim::miner] Worker 3 SHARE FOUND! job_id=z0E1Fh7hDmI5ALss, nonce=8f2f7900, hash_val=21331, difficulty=159308, hash=fe5c239949d5517c333821ff92a3226fbab2a82ecc74bf75ebae508453530000
[2026-10-01T17:09:58Z INFO  minertim] H/s 1m:1955.8 5m:2106.1 10m:2109.1 | Shares: 75/0 (found:76) | Diff: 159308 | 3s elapsed (since last share, avg 1m21s) | best=369 target=26960 (999%)
[2026-10-01T17:10:00Z INFO  minertim::miner] Worker 0 SHARE FOUND! job_id=z0E1Fh7hDmI5ALss, nonce=bc677800, hash_val=22351, difficulty=159308, hash=d7f2b4a9ab5785972c04e016ac86dd6a8c48eaf67cebabd765f1d5794f570000
[2026-10-01T17:10:08Z INFO  minertim] H/s 1m:1743.9 5m:2069.5 10m:2091.3 | Shares: 75/0 (found:77) | Diff: 159308 | 8s elapsed (since last share, avg 1m31s) | best=369 target=26960 (999%)
[2026-10-01T17:10:10Z INFO  minertim::pool_connection] New job: aWoiU5fuMJgAO2gV (difficulty: 159308, target: 50690000)
[2026-10-01T17:10:10Z INFO  minertim::pool_connection] Share submitted: rpc_id=140 job_id=z0E1Fh7hDmI5ALss nonce=8f2f7900
[2026-10-01T17:10:10Z INFO  minertim::pool_connection] Share submitted: rpc_id=141 job_id=z0E1Fh7hDmI5ALss nonce=bc677800
[2026-10-01T17:10:10Z INFO  minertim::pool_connection] Share accepted: rpc_id=140 job_id=z0E1Fh7hDmI5ALss nonce=8f2f7900 latency_ms=307
[2026-10-01T17:10:10Z INFO  minertim::pool_connection] Share accepted: rpc_id=141 job_id=z0E1Fh7hDmI5ALss nonce=bc677800 latency_ms=526
[2026-10-01T17:10:18Z INFO  minertim] H/s 1m:1695.8 5m:2061.0 10m:2087.2 | Shares: 77/0 (found:77) | Diff: 159308 | 18s elapsed (since last share, avg 1m33s) | best=369 target=26960 (999%)
[2026-10-01T17:10:27Z INFO  minertim::miner] Worker 0 SHARE FOUND! job_id=aWoiU5fuMJgAO2gV, nonce=68fb7800, hash_val=8564, difficulty=159308, hash=c7d23372a3c921ece2bd53c97939465b69f2a6d871bbbc62002d274e74210000
[2026-10-01T17:10:28Z INFO  minertim] H/s 1m:1802.3 5m:2061.0 10m:2087.3 | Shares: 77/0 (found:78) | Diff: 159308 | 1s elapsed (since last share, avg 1m28s) | best=369 target=26960 (999%)
[2026-10-01T17:10:30Z INFO  minertim::pool_connection] New job: 0ry1poGJ1xdcT4ut (difficulty: 159308, target: 50690000)
[2026-10-01T17:10:30Z INFO  minertim::pool_connection] Share submitted: rpc_id=143 job_id=aWoiU5fuMJgAO2gV nonce=68fb7800
[2026-10-01T17:10:30Z INFO  minertim::pool_connection] Share accepted: rpc_id=143 job_id=aWoiU5fuMJgAO2gV nonce=68fb7800 latency_ms=254
[2026-10-01T17:10:32Z INFO  minertim::miner] Worker 2 SHARE FOUND! job_id=0ry1poGJ1xdcT4ut, nonce=762d7b00, hash_val=10562, difficulty=159308, hash=7bc8a0df09bdb7fe4ba92c70270deb78b2e2b1df2bba3b3361f6e06842290000
[2026-10-01T17:10:37Z INFO  minertim::pool_connection] New job: 3qbz0fC89JWJoC8R (difficulty: 238967, target: 35460000)
[2026-10-01T17:10:37Z INFO  minertim::pool_connection] Share submitted: rpc_id=144 job_id=0ry1poGJ1xdcT4ut nonce=762d7b00
[2026-10-01T17:10:37Z INFO  minertim::pool_connection] Share accepted: rpc_id=144 job_id=0ry1poGJ1xdcT4ut nonce=762d7b00 latency_ms=294
[2026-10-01T17:10:38Z INFO  minertim] H/s 1m:1825.2 5m:2047.4 10m:2080.7 | Shares: 79/0 (found:79) | Diff: 238967 | 6s elapsed (since last share, avg 2m10s) | best=369 target=17973 (999%)
[2026-10-01T17:10:48Z INFO  minertim] H/s 1m:1878.8 5m:2047.7 10m:2080.8 | Shares: 79/0 (found:79) | Diff: 238967 | 16s elapsed (since last share, avg 2m7s) | best=369 target=17973 (999%)
[2026-10-01T17:10:50Z INFO  minertim::pool_connection] New job: 08p0BtAZmec0ZIYM (difficulty: 238967, target: 35460000)
[2026-10-01T17:10:58Z INFO  minertim] H/s 1m:2090.9 5m:2048.0 10m:2081.2 | Shares: 79/0 (found:79) | Diff: 238967 | 26s elapsed (since last share, avg 1m54s) | best=369 target=17973 (999%)
[2026-10-01T17:11:07Z INFO  minertim::pool_connection] New job: C0RCac6Rc0l4VYYT (difficulty: 358451, target: ce2e0000)
[2026-10-01T17:11:08Z INFO  minertim] H/s 1m:2137.3 5m:2047.6 10m:2081.1 | Shares: 79/0 (found:79) | Diff: 358451 | 36s elapsed (since last share, avg 2m47s) | best=369 target=11982 (999%)
[2026-10-01T17:11:09Z INFO  minertim::pool_connection] New job: 4YE6A1n8wbOkdtwr (difficulty: 358451, target: ce2e0000)
[2026-10-01T17:11:18Z INFO  minertim] H/s 1m:2137.5 5m:2056.9 10m:2081.2 | Shares: 79/0 (found:79) | Diff: 358451 | 46s elapsed (since last share, avg 2m47s) | best=369 target=11982 (999%)
[2026-10-01T17:11:29Z INFO  minertim] H/s 1m:2216.3 5m:2079.4 10m:2086.9 | Shares: 79/0 (found:79) | Diff: 358451 | 56s elapsed (since last share, avg 2m41s) | best=369 target=11982 (999%)
[2026-10-01T17:11:29Z INFO  minertim::pool_connection] New job: TLZUknl9w00Ly5Ns (difficulty: 358451, target: ce2e0000)
[2026-10-01T17:11:37Z INFO  minertim::pool_connection] New job: 2DS8rtZa048JehPS (difficulty: 268838, target: 683e0000)
[2026-10-01T17:11:39Z INFO  minertim] H/s 1m:2215.0 5m:2079.3 10m:2086.9 | Shares: 79/0 (found:79) | Diff: 268838 | 1m6s elapsed (since last share, avg 2m1s) | best=369 target=15976 (999%)
[2026-10-01T17:11:45Z INFO  minertim::pool_connection] New job: gO4JhQt9xbazqzV0 (difficulty: 268838, target: 683e0000)
[2026-10-01T17:11:49Z INFO  minertim] H/s 1m:2214.9 5m:2079.3 10m:2092.8 | Shares: 79/0 (found:79) | Diff: 268838 | 1m16s elapsed (since last share, avg 2m1s) | best=369 target=15976 (999%)
[2026-10-01T17:11:59Z INFO  minertim] H/s 1m:2216.7 5m:2079.6 10m:2093.2 | Shares: 79/0 (found:79) | Diff: 268838 | 1m26s elapsed (since last share, avg 2m1s) | best=369 target=15976 (999%)
[2026-10-01T17:12:04Z INFO  minertim::pool_connection] New job: FDpHKy0Ysx1VBGOQ (difficulty: 268838, target: 683e0000)
[2026-10-01T17:12:09Z INFO  minertim] H/s 1m:2215.6 5m:2079.4 10m:2093.2 | Shares: 79/0 (found:79) | Diff: 268838 | 1m36s elapsed (since last share, avg 2m1s) | best=369 target=15976 (999%)
[2026-10-01T17:12:19Z INFO  minertim] H/s 1m:2215.5 5m:2079.3 10m:2093.2 | Shares: 79/0 (found:79) | Diff: 268838 | 1m46s elapsed (since last share, avg 2m1s) | best=369 target=15976 (999%)
[2026-10-01T17:12:24Z INFO  minertim::pool_connection] New job: 0dP4AgZtupLOOvVJ (difficulty: 268838, target: 683e0000)
[2026-10-01T17:12:29Z INFO  minertim] H/s 1m:2215.2 5m:2079.2 10m:2094.6 | Shares: 79/0 (found:79) | Diff: 268838 | 1m56s elapsed (since last share, avg 2m1s) | best=369 target=15976 (999%)
[2026-10-01T17:12:38Z INFO  minertim::pool_connection] New job: 0htPdALuSA3igZkn (difficulty: 201632, target: 35530000)
[2026-10-01T17:12:39Z INFO  minertim] H/s 1m:2215.0 5m:2088.1 10m:2094.6 | Shares: 79/0 (found:79) | Diff: 201632 | 2m6s elapsed (since last share, avg 1m31s) | best=369 target=21301 (999%)
[2026-10-01T17:12:44Z INFO  minertim::pool_connection] New job: Jts3I0x71dxVS4wS (difficulty: 201632, target: 35530000)
[2026-10-01T17:12:49Z INFO  minertim] H/s 1m:2215.2 5m:2105.8 10m:2103.5 | Shares: 79/0 (found:79) | Diff: 201632 | 2m16s elapsed (since last share, avg 1m31s) | best=369 target=21301 (999%)
[2026-10-01T17:12:56Z INFO  minertim::miner] Worker 3 SHARE FOUND! job_id=Jts3I0x71dxVS4wS, nonce=4fd07e00, hash_val=5602, difficulty=201632, hash=54897ab1c6abc5a1f790acff2fad9a50a70554c019e9975033158e4ee2150000
[2026-10-01T17:12:59Z INFO  minertim::miner] Worker 2 SHARE FOUND! job_id=Jts3I0x71dxVS4wS, nonce=0ef87f00, hash_val=7820, difficulty=201632, hash=bd29b4998e4965340b30bcc4c3329f6da039237a38c739ff88cd58ba8c1e0000
[2026-10-01T17:12:59Z INFO  minertim] H/s 1m:2216.3 5m:2112.6 10m:2103.8 | Shares: 79/0 (found:81) | Diff: 201632 | 0s elapsed (since last share, avg 1m30s) | best=369 target=21301 (999%)
[2026-10-01T17:13:04Z INFO  minertim::pool_connection] New job: wUop0aFd9EwzYRHi (difficulty: 201632, target: 35530000)
[2026-10-01T17:13:04Z INFO  minertim::pool_connection] Share submitted: rpc_id=147 job_id=Jts3I0x71dxVS4wS nonce=4fd07e00
[2026-10-01T17:13:04Z INFO  minertim::pool_connection] Share submitted: rpc_id=148 job_id=Jts3I0x71dxVS4wS nonce=0ef87f00
[2026-10-01T17:13:04Z INFO  minertim::pool_connection] Share accepted: rpc_id=147 job_id=Jts3I0x71dxVS4wS nonce=4fd07e00 latency_ms=288
[2026-10-01T17:13:05Z INFO  minertim::pool_connection] Share accepted: rpc_id=148 job_id=Jts3I0x71dxVS4wS nonce=0ef87f00 latency_ms=594
[2026-10-01T17:13:07Z INFO  minertim::pool_connection] New job: uAYRdNIMD6jj7tts (difficulty: 302441, target: 79370000)
[2026-10-01T17:13:09Z INFO  minertim] H/s 1m:2033.1 5m:2081.0 10m:2088.2 | Shares: 81/0 (found:81) | Diff: 302441 | 10s elapsed (since last share, avg 2m28s) | best=369 target=14201 (999%)
[2026-10-01T17:13:19Z INFO  minertim] H/s 1m:2033.6 5m:2081.1 10m:2088.3 | Shares: 81/0 (found:81) | Diff: 302441 | 20s elapsed (since last share, avg 2m28s) | best=369 target=14201 (999%)
[2026-10-01T17:13:24Z INFO  minertim::pool_connection] New job: jR903Szf52cD0d47 (difficulty: 302441, target: 79370000)
[2026-10-01T17:13:29Z INFO  minertim] H/s 1m:2034.0 5m:2081.1 10m:2088.2 | Shares: 81/0 (found:81) | Diff: 302441 | 30s elapsed (since last share, avg 2m28s) | best=369 target=14201 (999%)
[2026-10-01T17:13:39Z INFO  minertim] H/s 1m:2033.8 5m:2081.0 10m:2088.2 | Shares: 81/0 (found:81) | Diff: 302441 | 40s elapsed (since last share, avg 2m28s) | best=369 target=14201 (999%)
[2026-10-01T17:13:44Z INFO  minertim::pool_connection] New job: 7ocq0jDTpUeYHEwO (difficulty: 302441, target: 79370000)
[2026-10-01T17:13:49Z INFO  minertim] H/s 1m:2033.7 5m:2081.0 10m:2088.2 | Shares: 81/0 (found:81) | Diff: 302441 | 50s elapsed (since last share, avg 2m28s) | best=369 target=14201 (999%)
[2026-10-01T17:13:59Z INFO  minertim] H/s 1m:2216.8 5m:2081.3 10m:2088.3 | Shares: 81/0 (found:81) | Diff: 302441 | 1m0s elapsed (since last share, avg 2m16s) | best=369 target=14201 (999%)
[2026-10-01T17:14:04Z INFO  minertim::pool_connection] New job: bAHtyeDNVQJpJJ4Q (difficulty: 302441, target: 79370000)
[2026-10-01T17:14:07Z INFO  minertim::pool_connection] New job: acLBTTayCZ7GkqNy (difficulty: 216033, target: a94d0000)
[2026-10-01T17:14:09Z INFO  minertim] H/s 1m:2214.2 5m:2080.9 10m:2092.4 | Shares: 81/0 (found:81) | Diff: 216033 | 1m10s elapsed (since last share, avg 1m37s) | best=369 target=19881 (999%)
[2026-10-01T17:14:19Z INFO  minertim] H/s 1m:2214.0 5m:2081.0 10m:2108.7 | Shares: 81/0 (found:81) | Diff: 216033 | 1m20s elapsed (since last share, avg 1m37s) | best=369 target=19881 (999%)
[2026-10-01T17:14:24Z INFO  minertim::pool_connection] New job: CM9PLPMEBeP0biR9 (difficulty: 216033, target: a94d0000)
[2026-10-01T17:14:29Z INFO  minertim] H/s 1m:2214.1 5m:2099.3 10m:2117.7 | Shares: 81/0 (found:81) | Diff: 216033 | 1m30s elapsed (since last share, avg 1m37s) | best=369 target=19881 (999%)
[2026-10-01T17:14:38Z INFO  minertim::pool_connection] New job: F2KaZBcfgFSGdQz9 (difficulty: 216033, target: a94d0000)
[2026-10-01T17:14:39Z INFO  minertim] H/s 1m:2213.6 5m:2116.8 10m:2117.5 | Shares: 81/0 (found:81) | Diff: 216033 | 1m40s elapsed (since last share, avg 1m37s) | best=369 target=19881 (999%)
[2026-10-01T17:14:41Z INFO  minertim::pool_connection] New job: vKGrANfSppsHePbv (difficulty: 216033, target: a94d0000)
[2026-10-01T17:14:49Z INFO  minertim] H/s 1m:2213.9 5m:2125.8 10m:2117.5 | Shares: 81/0 (found:81) | Diff: 216033 | 1m50s elapsed (since last share, avg 1m37s) | best=369 target=19881 (999%)
[2026-10-01T17:14:49Z INFO  minertim::miner] Worker 1 SHARE FOUND! job_id=vKGrANfSppsHePbv, nonce=2d1e8300, hash_val=1794, difficulty=216033, hash=aa915a7ebb5d4c84a5f3dd320fdc184a36db6e02c5035cb9a15298a202070000
[2026-10-01T17:14:59Z INFO  minertim] H/s 1m:2108.1 5m:2143.7 10m:2108.5 | Shares: 81/0 (found:82) | Diff: 216033 | 9s elapsed (since last share, avg 1m42s) | best=369 target=19881 (999%)
[2026-10-01T17:15:00Z INFO  minertim::pool_connection] Share submitted: rpc_id=151 job_id=vKGrANfSppsHePbv nonce=2d1e8300
[2026-10-01T17:15:00Z INFO  minertim::pool_connection] Share accepted: rpc_id=151 job_id=vKGrANfSppsHePbv nonce=2d1e8300 latency_ms=232
[2026-10-01T17:15:01Z INFO  minertim::pool_connection] New job: zqEXSn0xu9OX0itq (difficulty: 216033, target: a94d0000)
[2026-10-01T17:15:09Z INFO  minertim] H/s 1m:2102.8 5m:2151.1 10m:2108.0 | Shares: 82/0 (found:82) | Diff: 216033 | 19s elapsed (since last share, avg 1m42s) | best=369 target=19881 (999%)
[2026-10-01T17:15:19Z INFO  minertim] H/s 1m:2102.8 5m:2151.1 10m:2108.0 | Shares: 82/0 (found:82) | Diff: 216033 | 29s elapsed (since last share, avg 1m42s) | best=369 target=19881 (999%)
[2026-10-01T17:15:21Z INFO  minertim::pool_connection] New job: oAXDiEnlzLtuOmJ0 (difficulty: 216033, target: a94d0000)
[2026-10-01T17:15:29Z INFO  minertim] H/s 1m:2102.8 5m:2164.7 10m:2107.9 | Shares: 82/0 (found:82) | Diff: 216033 | 39s elapsed (since last share, avg 1m42s) | best=369 target=19881 (999%)
[2026-10-01T17:15:39Z INFO  minertim] H/s 1m:2102.6 5m:2164.4 10m:2107.9 | Shares: 82/0 (found:82) | Diff: 216033 | 49s elapsed (since last share, avg 1m42s) | best=369 target=19881 (999%)
[2026-10-01T17:15:41Z INFO  minertim::pool_connection] New job: sp2C5ANvgWi8kk6a (difficulty: 216033, target: a94d0000)
[2026-10-01T17:15:49Z INFO  minertim] H/s 1m:2210.6 5m:2164.4 10m:2107.9 | Shares: 82/0 (found:82) | Diff: 216033 | 59s elapsed (since last share, avg 1m37s) | best=369 target=19881 (999%)
[2026-10-01T17:15:59Z INFO  minertim] H/s 1m:2216.0 5m:2164.7 10m:2108.0 | Shares: 82/0 (found:82) | Diff: 216033 | 1m9s elapsed (since last share, avg 1m37s) | best=369 target=19881 (999%)
[2026-10-01T17:16:01Z INFO  minertim::pool_connection] New job: JO6irtCX509AISpf (difficulty: 216033, target: a94d0000)
[2026-10-01T17:16:07Z INFO  minertim::pool_connection] New job: CLkmqfpwtY6Z5qLE (difficulty: 162025, target: 8c670000)
[2026-10-01T17:16:09Z INFO  minertim] H/s 1m:2213.6 5m:2164.3 10m:2107.8 | Shares: 82/0 (found:82) | Diff: 162025 | 1m19s elapsed (since last share, avg 1m13s) | best=369 target=26508 (999%)
[2026-10-01T17:16:19Z INFO  minertim] H/s 1m:2214.4 5m:2164.4 10m:2112.4 | Shares: 82/0 (found:82) | Diff: 162025 | 1m29s elapsed (since last share, avg 1m13s) | best=369 target=26508 (999%)
[2026-10-01T17:16:21Z INFO  minertim::pool_connection] New job: K5I6Qq9UvHvkl690 (difficulty: 162025, target: 8c670000)
[2026-10-01T17:16:29Z INFO  minertim] H/s 1m:2214.6 5m:2164.3 10m:2123.5 | Shares: 82/0 (found:82) | Diff: 162025 | 1m39s elapsed (since last share, avg 1m13s) | best=369 target=26508 (999%)
[2026-10-01T17:16:39Z INFO  minertim] H/s 1m:2214.6 5m:2164.3 10m:2123.4 | Shares: 82/0 (found:82) | Diff: 162025 | 1m49s elapsed (since last share, avg 1m13s) | best=369 target=26508 (999%)
[2026-10-01T17:16:41Z INFO  minertim::pool_connection] New job: m2P0B1Iz58Ow0t3p (difficulty: 162025, target: 8c670000)
[2026-10-01T17:16:49Z INFO  minertim] H/s 1m:2214.5 5m:2164.3 10m:2123.4 | Shares: 82/0 (found:82) | Diff: 162025 | 1m59s elapsed (since last share, avg 1m13s) | best=369 target=26508 (999%)
[2026-10-01T17:16:50Z INFO  minertim::miner] Worker 0 SHARE FOUND! job_id=m2P0B1Iz58Ow0t3p, nonce=4cdf8500, hash_val=5433, difficulty=162025, hash=2c2bee768cedf26f929456b43e96ee06076d56ce506c8503cc920a6439150000
[2026-10-01T17:16:54Z INFO  minertim::miner] Worker 2 SHARE FOUND! job_id=m2P0B1Iz58Ow0t3p, nonce=a6bf8700, hash_val=25274, difficulty=162025, hash=7148728dae41c1387fb524f1fe1a289fd814df032db4d3741f36c220ba620000
[2026-10-01T17:16:59Z INFO  minertim] H/s 1m:2108.7 5m:2145.8 10m:2114.4 | Shares: 82/0 (found:84) | Diff: 162025 | 5s elapsed (since last share, avg 1m16s) | best=369 target=26508 (999%)
[2026-10-01T17:17:01Z INFO  minertim::pool_connection] New job: OnF5KSrdKdSnCzUI (difficulty: 162025, target: 8c670000)
[2026-10-01T17:17:01Z INFO  minertim::pool_connection] Share submitted: rpc_id=154 job_id=m2P0B1Iz58Ow0t3p nonce=4cdf8500
[2026-10-01T17:17:01Z INFO  minertim::pool_connection] Share submitted: rpc_id=155 job_id=m2P0B1Iz58Ow0t3p nonce=a6bf8700
[2026-10-01T17:17:01Z INFO  minertim::pool_connection] Share accepted: rpc_id=154 job_id=m2P0B1Iz58Ow0t3p nonce=4cdf8500 latency_ms=306
[2026-10-01T17:17:01Z INFO  minertim::pool_connection] Share accepted: rpc_id=155 job_id=m2P0B1Iz58Ow0t3p nonce=a6bf8700 latency_ms=614
[2026-10-01T17:17:07Z INFO  minertim::pool_connection] New job: GKdEyXL4Weq6DUVn (difficulty: 243037, target: 08450000)
[2026-10-01T17:17:09Z INFO  minertim] H/s 1m:2057.0 5m:2137.0 10m:2110.0 | Shares: 84/0 (found:84) | Diff: 243037 | 15s elapsed (since last share, avg 1m58s) | best=369 target=17672 (999%)
[2026-10-01T17:17:19Z INFO  minertim] H/s 1m:2057.1 5m:2137.1 10m:2110.0 | Shares: 84/0 (found:84) | Diff: 243037 | 25s elapsed (since last share, avg 1m58s) | best=369 target=17672 (999%)
[2026-10-01T17:17:21Z INFO  minertim::pool_connection] New job: xOGOYnsGhIl4yuUU (difficulty: 243037, target: 08450000)
[2026-10-01T17:17:29Z INFO  minertim] H/s 1m:2057.1 5m:2137.1 10m:2110.0 | Shares: 84/0 (found:84) | Diff: 243037 | 35s elapsed (since last share, avg 1m58s) | best=369 target=17672 (999%)
[2026-10-01T17:17:29Z INFO  minertim::pool_connection] New job: vy3Vt7mCooxsi34e (difficulty: 243037, target: 08450000)
[2026-10-01T17:17:39Z INFO  minertim] H/s 1m:2056.7 5m:2137.0 10m:2114.3 | Shares: 84/0 (found:84) | Diff: 243037 | 45s elapsed (since last share, avg 1m58s) | best=369 target=17672 (999%)
[2026-10-01T17:17:44Z INFO  minertim::pool_connection] New job: 1E60USTKfyPFZ6Ax (difficulty: 243037, target: 08450000)
[2026-10-01T17:17:49Z INFO  minertim] H/s 1m:2164.8 5m:2136.9 10m:2123.0 | Shares: 84/0 (found:84) | Diff: 243037 | 55s elapsed (since last share, avg 1m52s) | best=369 target=17672 (999%)
[2026-10-01T17:17:59Z INFO  minertim] H/s 1m:2216.2 5m:2168.6 10m:2126.3 | Shares: 84/0 (found:84) | Diff: 243037 | 1m5s elapsed (since last share, avg 1m49s) | best=369 target=17672 (999%)
[2026-10-01T17:17:59Z INFO  minertim::pool_connection] New job: JgJnl7Lyl3IJWOHH (difficulty: 243037, target: 08450000)
[2026-10-01T17:18:07Z INFO  minertim::pool_connection] New job: QykYNe9PvhayDs7Y (difficulty: 165707, target: 3f650000)
[2026-10-01T17:18:09Z INFO  minertim] H/s 1m:2213.6 5m:2168.1 10m:2126.1 | Shares: 84/0 (found:84) | Diff: 165707 | 1m15s elapsed (since last share, avg 1m14s) | best=369 target=25919 (999%)
[2026-10-01T17:18:19Z INFO  minertim] H/s 1m:2213.9 5m:2168.1 10m:2126.2 | Shares: 84/0 (found:84) | Diff: 165707 | 1m25s elapsed (since last share, avg 1m14s) | best=369 target=25919 (999%)
[2026-10-01T17:18:19Z INFO  minertim::pool_connection] New job: 2Qe1zPsi1ld4J69u (difficulty: 165707, target: 3f650000)
[2026-10-01T17:18:29Z INFO  minertim] H/s 1m:2214.2 5m:2168.1 10m:2126.1 | Shares: 84/0 (found:84) | Diff: 165707 | 1m35s elapsed (since last share, avg 1m14s) | best=369 target=25919 (999%)
[2026-10-01T17:18:38Z INFO  minertim::pool_connection] New job: t0tz62qAAHUqi70F (difficulty: 165707, target: 3f650000)
[2026-10-01T17:18:38Z INFO  minertim::miner] Worker 2 SHARE FOUND! job_id=t0tz62qAAHUqi70F, nonce=4a0c8b00, hash_val=9784, difficulty=165707, hash=e0c79e75fa4bd775883670e358d2c176634d22ec23880b869951e7de38260000
[2026-10-01T17:18:39Z INFO  minertim] H/s 1m:2214.1 5m:2168.0 10m:2126.1 | Shares: 84/0 (found:85) | Diff: 165707 | 0s elapsed (since last share, avg 1m14s) | best=369 target=25919 (999%)
[2026-10-01T17:18:40Z INFO  minertim::miner] Worker 0 SHARE FOUND! job_id=t0tz62qAAHUqi70F, nonce=14388900, hash_val=15641, difficulty=165707, hash=fec953af29ff93a9a32b245779d031b153c4c072a3a34348dd374301193d0000
[2026-10-01T17:18:49Z INFO  minertim] H/s 1m:2000.4 5m:2131.3 10m:2108.0 | Shares: 84/0 (found:86) | Diff: 165707 | 9s elapsed (since last share, avg 1m22s) | best=369 target=25919 (999%)
[2026-10-01T17:18:58Z INFO  minertim::pool_connection] New job: VZxZZlyYox9R1WKJ (difficulty: 165707, target: 3f650000)
[2026-10-01T17:18:58Z INFO  minertim::pool_connection] Share submitted: rpc_id=158 job_id=t0tz62qAAHUqi70F nonce=4a0c8b00
[2026-10-01T17:18:58Z INFO  minertim::pool_connection] Share submitted: rpc_id=159 job_id=t0tz62qAAHUqi70F nonce=14388900
[2026-10-01T17:18:58Z INFO  minertim::pool_connection] Share accepted: rpc_id=158 job_id=t0tz62qAAHUqi70F nonce=4a0c8b00 latency_ms=222
[2026-10-01T17:18:58Z INFO  minertim::pool_connection] Share accepted: rpc_id=159 job_id=t0tz62qAAHUqi70F nonce=14388900 latency_ms=511
[2026-10-01T17:18:59Z INFO  minertim::miner] Worker 0 SHARE FOUND! job_id=VZxZZlyYox9R1WKJ, nonce=f43e8900, hash_val=21979, difficulty=165707, hash=3d44ec53619e01aaeb1bc7d62230ff15e6f876f86890d066b7b4bfeddb550000
[2026-10-01T17:18:59Z INFO  minertim] H/s 1m:1867.7 5m:2108.3 10m:2096.7 | Shares: 86/0 (found:87) | Diff: 165707 | 0s elapsed (since last share, avg 1m28s) | best=369 target=25919 (999%)
[2026-10-01T17:19:07Z INFO  minertim::pool_connection] Share submitted: rpc_id=160 job_id=VZxZZlyYox9R1WKJ nonce=f43e8900
[2026-10-01T17:19:07Z INFO  minertim::pool_connection] Share accepted: rpc_id=160 job_id=VZxZZlyYox9R1WKJ nonce=f43e8900 latency_ms=269
[2026-10-01T17:19:07Z INFO  minertim::pool_connection] New job: IDERPekpkJNVRior (difficulty: 248565, target: 7f430000)
[2026-10-01T17:19:09Z INFO  minertim] H/s 1m:1772.7 5m:2092.0 10m:2088.7 | Shares: 87/0 (found:87) | Diff: 248565 | 10s elapsed (since last share, avg 2m20s) | best=369 target=17279 (999%)
[2026-10-01T17:19:18Z INFO  minertim::pool_connection] New job: 7opT9U1TNpeaXbtI (difficulty: 248565, target: 7f430000)
[2026-10-01T17:19:19Z INFO  minertim] H/s 1m:1773.6 5m:2092.1 10m:2088.8 | Shares: 87/0 (found:87) | Diff: 248565 | 20s elapsed (since last share, avg 2m20s) | best=369 target=17279 (999%)
[2026-10-01T17:19:29Z INFO  minertim] H/s 1m:1773.8 5m:2092.2 10m:2097.8 | Shares: 87/0 (found:87) | Diff: 248565 | 30s elapsed (since last share, avg 2m20s) | best=369 target=17279 (999%)
[2026-10-01T17:19:38Z INFO  minertim::pool_connection] New job: cq9YstJc9uGRwMRk (difficulty: 248565, target: 7f430000)
[2026-10-01T17:19:39Z INFO  minertim] H/s 1m:1987.0 5m:2092.2 10m:2106.4 | Shares: 87/0 (found:87) | Diff: 248565 | 40s elapsed (since last share, avg 2m5s) | best=369 target=17279 (999%)
[2026-10-01T17:19:49Z INFO  minertim] H/s 1m:2122.1 5m:2110.8 10m:2110.8 | Shares: 87/0 (found:87) | Diff: 248565 | 50s elapsed (since last share, avg 1m57s) | best=369 target=17279 (999%)
[2026-10-01T17:19:57Z INFO  minertim::pool_connection] New job: U9BV40Vlc0axGOhx (difficulty: 248565, target: 7f430000)
[2026-10-01T17:19:59Z INFO  minertim] H/s 1m:2216.8 5m:2111.7 10m:2128.7 | Shares: 87/0 (found:87) | Diff: 248565 | 1m0s elapsed (since last share, avg 1m52s) | best=369 target=17279 (999%)
[2026-10-01T17:20:07Z INFO  minertim::pool_connection] New job: 4uUGYOYylWXhrpE2 (difficulty: 186421, target: ff590000)
[2026-10-01T17:20:09Z INFO  minertim] H/s 1m:2213.2 5m:2111.2 10m:2132.6 | Shares: 87/0 (found:87) | Diff: 186421 | 1m10s elapsed (since last share, avg 1m24s) | best=369 target=23039 (999%)
[2026-10-01T17:20:18Z INFO  minertim::pool_connection] New job: FUFoxYq8SiLQsQEq (difficulty: 186421, target: ff590000)
[2026-10-01T17:20:19Z INFO  minertim] H/s 1m:2212.7 5m:2111.2 10m:2132.6 | Shares: 87/0 (found:87) | Diff: 186421 | 1m20s elapsed (since last share, avg 1m24s) | best=369 target=23039 (999%)
[2026-10-01T17:20:29Z INFO  minertim] H/s 1m:2213.3 5m:2111.3 10m:2139.3 | Shares: 87/0 (found:87) | Diff: 186421 | 1m30s elapsed (since last share, avg 1m24s) | best=369 target=23039 (999%)
[2026-10-01T17:20:35Z INFO  minertim::miner] Worker 1 SHARE FOUND! job_id=FUFoxYq8SiLQsQEq, nonce=49808e00, hash_val=38, difficulty=186421, hash=d3421f67dbb142b9aebf1e7f838ec80633b9ef4b2c8a2e3d9f87239826000000
[2026-10-01T17:20:37Z INFO  minertim::pool_connection] New job: iRARLd0qs1TRN34b (difficulty: 186421, target: ff590000)
[2026-10-01T17:20:37Z INFO  minertim::pool_connection] Share submitted: rpc_id=163 job_id=FUFoxYq8SiLQsQEq nonce=49808e00
[2026-10-01T17:20:38Z INFO  minertim::pool_connection] Share accepted: rpc_id=163 job_id=FUFoxYq8SiLQsQEq nonce=49808e00 latency_ms=221
[2026-10-01T17:20:39Z INFO  minertim] H/s 1m:2212.5 5m:2111.1 10m:2139.1 | Shares: 88/0 (found:88) | Diff: 186421 | 4s elapsed (since last share, avg 1m24s) | best=38 target=23039 (999%)
[2026-10-01T17:20:42Z INFO  minertim::pool_connection] New job: 1nLqN0SscHkKM4w4 (difficulty: 186421, target: ff590000)
[2026-10-01T17:20:49Z INFO  minertim] H/s 1m:2212.9 5m:2111.2 10m:2139.1 | Shares: 88/0 (found:88) | Diff: 186421 | 14s elapsed (since last share, avg 1m24s) | best=38 target=23039 (999%)
[2026-10-01T17:20:59Z INFO  minertim] H/s 1m:2216.1 5m:2111.6 10m:2139.3 | Shares: 88/0 (found:88) | Diff: 186421 | 24s elapsed (since last share, avg 1m24s) | best=38 target=23039 (999%)
[2026-10-01T17:21:02Z INFO  minertim::pool_connection] New job: 1vhl5SL0IiltvRyY (difficulty: 186421, target: ff590000)
[2026-10-01T17:21:08Z INFO  minertim::pool_connection] New job: CBzB9yskTffeDlrf (difficulty: 270617, target: ff3d0000)
[2026-10-01T17:21:09Z INFO  minertim] H/s 1m:2214.3 5m:2111.1 10m:2139.1 | Shares: 88/0 (found:88) | Diff: 270617 | 34s elapsed (since last share, avg 2m2s) | best=38 target=15871 (999%)
[2026-10-01T17:21:19Z INFO  minertim] H/s 1m:2213.6 5m:2111.1 10m:2139.1 | Shares: 88/0 (found:88) | Diff: 270617 | 44s elapsed (since last share, avg 2m2s) | best=38 target=15871 (999%)
[2026-10-01T17:21:21Z INFO  minertim::pool_connection] New job: nA3bbplwGX0XcKyG (difficulty: 270617, target: ff3d0000)
[2026-10-01T17:21:29Z INFO  minertim] H/s 1m:2214.5 5m:2111.1 10m:2139.0 | Shares: 88/0 (found:88) | Diff: 270617 | 54s elapsed (since last share, avg 2m2s) | best=38 target=15871 (999%)
[2026-10-01T17:21:37Z INFO  minertim::pool_connection] New job: knfPnWZZPnx8RqjN (difficulty: 206399, target: 49510000)
[2026-10-01T17:21:39Z INFO  minertim] H/s 1m:2213.9 5m:2111.1 10m:2139.0 | Shares: 88/0 (found:88) | Diff: 206399 | 1m4s elapsed (since last share, avg 1m33s) | best=38 target=20809 (999%)
[2026-10-01T17:21:41Z INFO  minertim::pool_connection] New job: 92h0AA59ZasFxyvw (difficulty: 206399, target: 49510000)
[2026-10-01T17:21:49Z INFO  minertim] H/s 1m:2213.6 5m:2129.7 10m:2139.0 | Shares: 88/0 (found:88) | Diff: 206399 | 1m14s elapsed (since last share, avg 1m33s) | best=38 target=20809 (999%)
[2026-10-01T17:21:59Z INFO  minertim] H/s 1m:2215.6 5m:2138.5 10m:2139.1 | Shares: 88/0 (found:88) | Diff: 206399 | 1m24s elapsed (since last share, avg 1m33s) | best=38 target=20809 (999%)
[2026-10-01T17:22:01Z INFO  minertim::pool_connection] New job: j0OlThffgiuY2DuX (difficulty: 206399, target: 49510000)
[2026-10-01T17:22:02Z INFO  minertim::pool_connection] New job: wDGOvcZZLjAEuqGU (difficulty: 206399, target: 49510000)
[2026-10-01T17:22:09Z INFO  minertim] H/s 1m:2213.9 5m:2138.1 10m:2138.9 | Shares: 88/0 (found:88) | Diff: 206399 | 1m34s elapsed (since last share, avg 1m33s) | best=38 target=20809 (999%)
[2026-10-01T17:22:19Z INFO  minertim] H/s 1m:2214.0 5m:2138.1 10m:2138.9 | Shares: 88/0 (found:88) | Diff: 206399 | 1m44s elapsed (since last share, avg 1m33s) | best=38 target=20809 (999%)
[2026-10-01T17:22:22Z INFO  minertim::pool_connection] New job: FrEK0IjeZtZYIuNF (difficulty: 206399, target: 49510000)
[2026-10-01T17:22:29Z INFO  minertim] H/s 1m:2214.1 5m:2138.2 10m:2138.9 | Shares: 88/0 (found:88) | Diff: 206399 | 1m54s elapsed (since last share, avg 1m33s) | best=38 target=20809 (999%)
[2026-10-01T17:22:38Z INFO  minertim::pool_connection] New job: brlUiPpGolWsmX3M (difficulty: 154795, target: 626c0000)
[2026-10-01T17:22:39Z INFO  minertim] H/s 1m:2214.2 5m:2138.2 10m:2138.9 | Shares: 88/0 (found:88) | Diff: 154795 | 2m4s elapsed (since last share, avg 1m9s) | best=38 target=27746 (999%)
[2026-10-01T17:22:41Z INFO  minertim::pool_connection] New job: gs9Q04CpPIYOiuqB (difficulty: 154795, target: 626c0000)
[2026-10-01T17:22:49Z INFO  minertim] H/s 1m:2214.1 5m:2138.1 10m:2138.9 | Shares: 88/0 (found:88) | Diff: 154795 | 2m14s elapsed (since last share, avg 1m9s) | best=38 target=27746 (999%)
[2026-10-01T17:22:52Z INFO  minertim::miner] Worker 2 SHARE FOUND! job_id=gs9Q04CpPIYOiuqB, nonce=d2fd9200, hash_val=4120, difficulty=154795, hash=b4d6beb59139895fba7e95cb8b057bc0f1d72eb763f98d51632ab6b018100000
[2026-10-01T17:22:59Z INFO  minertim] H/s 1m:2107.6 5m:2119.9 10m:2145.2 | Shares: 88/0 (found:89) | Diff: 154795 | 6s elapsed (since last share, avg 1m13s) | best=38 target=27746 (999%)
[2026-10-01T17:23:01Z INFO  minertim::pool_connection] New job: bJvpEjQCvxFIBN9Y (difficulty: 154795, target: 626c0000)
[2026-10-01T17:23:01Z INFO  minertim::pool_connection] Share submitted: rpc_id=166 job_id=gs9Q04CpPIYOiuqB nonce=d2fd9200
[2026-10-01T17:23:01Z INFO  minertim::pool_connection] Share accepted: rpc_id=166 job_id=gs9Q04CpPIYOiuqB nonce=d2fd9200 latency_ms=280
[2026-10-01T17:23:08Z INFO  minertim::pool_connection] New job: ScpskHPJU8cYpHEh (difficulty: 232198, target: 41480000)
[2026-10-01T17:23:09Z INFO  minertim] H/s 1m:2161.4 5m:2129.1 10m:2149.8 | Shares: 89/0 (found:89) | Diff: 232198 | 16s elapsed (since last share, avg 1m47s) | best=38 target=18497 (999%)
[2026-10-01T17:23:19Z INFO  minertim] H/s 1m:2161.4 5m:2129.1 10m:2149.7 | Shares: 89/0 (found:89) | Diff: 232198 | 26s elapsed (since last share, avg 1m47s) | best=38 target=18497 (999%)
[2026-10-01T17:23:21Z INFO  minertim::pool_connection] New job: 0fLldWGdP6lzxgZL (difficulty: 232198, target: 41480000)
[2026-10-01T17:23:29Z INFO  minertim] H/s 1m:2161.2 5m:2129.1 10m:2149.7 | Shares: 89/0 (found:89) | Diff: 232198 | 36s elapsed (since last share, avg 1m47s) | best=38 target=18497 (999%)
[2026-10-01T17:23:39Z INFO  minertim] H/s 1m:2161.8 5m:2165.9 10m:2149.7 | Shares: 89/0 (found:89) | Diff: 232198 | 46s elapsed (since last share, avg 1m47s) | best=38 target=18497 (999%)
[2026-10-01T17:23:41Z INFO  minertim::pool_connection] New job: Nzc2R7d7yYCmytXS (difficulty: 232198, target: 41480000)
[2026-10-01T17:23:49Z INFO  minertim] H/s 1m:2270.1 5m:2189.2 10m:2149.7 | Shares: 89/0 (found:89) | Diff: 232198 | 56s elapsed (since last share, avg 1m42s) | best=38 target=18497 (999%)
[2026-10-01T17:23:59Z INFO  minertim] H/s 1m:2216.4 5m:2205.6 10m:2149.9 | Shares: 89/0 (found:89) | Diff: 232198 | 1m6s elapsed (since last share, avg 1m44s) | best=38 target=18497 (999%)
[2026-10-01T17:24:01Z INFO  minertim::pool_connection] New job: z6ySJrI9jjPR4aHW (difficulty: 232198, target: 41480000)
[2026-10-01T17:24:08Z INFO  minertim::pool_connection] New job: JEAiW2wjLMkuU2tA (difficulty: 155953, target: 946b0000)
[2026-10-01T17:24:09Z INFO  minertim] H/s 1m:2215.3 5m:2205.3 10m:2149.9 | Shares: 89/0 (found:89) | Diff: 155953 | 1m16s elapsed (since last share, avg 1m10s) | best=38 target=27540 (999%)
[2026-10-01T17:24:19Z INFO  minertim] H/s 1m:2215.5 5m:2205.2 10m:2149.9 | Shares: 89/0 (found:89) | Diff: 155953 | 1m26s elapsed (since last share, avg 1m10s) | best=38 target=27540 (999%)
[2026-10-01T17:24:21Z INFO  minertim::pool_connection] New job: A68FxN1qLuAmOnd5 (difficulty: 155953, target: 946b0000)
[2026-10-01T17:24:29Z INFO  minertim] H/s 1m:2215.3 5m:2205.3 10m:2149.9 | Shares: 89/0 (found:89) | Diff: 155953 | 1m36s elapsed (since last share, avg 1m10s) | best=38 target=27540 (999%)
[2026-10-01T17:24:39Z INFO  minertim] H/s 1m:2215.6 5m:2205.3 10m:2149.9 | Shares: 89/0 (found:89) | Diff: 155953 | 1m46s elapsed (since last share, avg 1m10s) | best=38 target=27540 (999%)
[2026-10-01T17:24:41Z INFO  minertim::pool_connection] New job: 8qB8BagfqqCnwbL3 (difficulty: 155953, target: 946b0000)
[2026-10-01T17:24:44Z INFO  minertim::miner] Worker 2 SHARE FOUND! job_id=8qB8BagfqqCnwbL3, nonce=9e7a9600, hash_val=1220, difficulty=155953, hash=c970f7bde04f50138c0258d07c1525ff59802c50247cd1f9927fe548c4040000
[2026-10-01T17:24:49Z INFO  minertim] H/s 1m:2162.0 5m:2196.1 10m:2154.5 | Shares: 89/0 (found:90) | Diff: 155953 | 4s elapsed (since last share, avg 1m12s) | best=38 target=27540 (999%)
[2026-10-01T17:24:59Z INFO  minertim] H/s 1m:2059.3 5m:2178.7 10m:2146.2 | Shares: 89/0 (found:90) | Diff: 155953 | 14s elapsed (since last share, avg 1m15s) | best=38 target=27540 (999%)
[2026-10-01T17:25:00Z INFO  minertim::pool_connection] New job: 0BkCElYfX7dWVwoi (difficulty: 155953, target: 946b0000)
[2026-10-01T17:25:00Z INFO  minertim::pool_connection] Share submitted: rpc_id=169 job_id=8qB8BagfqqCnwbL3 nonce=9e7a9600
[2026-10-01T17:25:00Z INFO  minertim::pool_connection] Share accepted: rpc_id=169 job_id=8qB8BagfqqCnwbL3 nonce=9e7a9600 latency_ms=250
[2026-10-01T17:25:09Z INFO  minertim] H/s 1m:2037.3 5m:2175.0 10m:2144.3 | Shares: 90/0 (found:90) | Diff: 155953 | 24s elapsed (since last share, avg 1m16s) | best=38 target=27540 (999%)
[2026-10-01T17:25:19Z INFO  minertim] H/s 1m:2037.3 5m:2175.0 10m:2144.3 | Shares: 90/0 (found:90) | Diff: 155953 | 34s elapsed (since last share, avg 1m16s) | best=38 target=27540 (999%)
[2026-10-01T17:25:20Z INFO  minertim::pool_connection] New job: T9MAIkt0xcXgzbxO (difficulty: 155953, target: 946b0000)
[2026-10-01T17:25:29Z INFO  minertim] H/s 1m:2037.3 5m:2175.1 10m:2144.4 | Shares: 90/0 (found:90) | Diff: 155953 | 44s elapsed (since last share, avg 1m16s) | best=38 target=27540 (999%)
[2026-10-01T17:25:39Z INFO  minertim] H/s 1m:2090.8 5m:2175.1 10m:2144.4 | Shares: 90/0 (found:90) | Diff: 155953 | 54s elapsed (since last share, avg 1m14s) | best=38 target=27540 (999%)
[2026-10-01T17:25:40Z INFO  minertim::pool_connection] New job: 39ZOph04obNM6JeK (difficulty: 155953, target: 946b0000)
[2026-10-01T17:25:49Z INFO  minertim] H/s 1m:2194.9 5m:2175.1 10m:2144.4 | Shares: 90/0 (found:90) | Diff: 155953 | 1m5s elapsed (since last share, avg 1m11s) | best=38 target=27540 (999%)
[2026-10-01T17:25:59Z INFO  minertim] H/s 1m:2216.2 5m:2175.3 10m:2144.5 | Shares: 90/0 (found:90) | Diff: 155953 | 1m15s elapsed (since last share, avg 1m10s) | best=38 target=27540 (999%)
[2026-10-01T17:26:00Z INFO  minertim::pool_connection] New job: 6cq2U8wPXtLKvU5l (difficulty: 155953, target: 946b0000)
[2026-10-01T17:26:03Z INFO  minertim::miner] Worker 3 SHARE FOUND! job_id=6cq2U8wPXtLKvU5l, nonce=9f409900, hash_val=4910, difficulty=155953, hash=d7ff90c7bc6990dce05303fcc1c09c3bc4c748398d0d7934da680c472e130000
[2026-10-01T17:26:08Z INFO  minertim::pool_connection] New job: UPAmGnfdNYEs2C00 (difficulty: 116962, target: 718f0000)
[2026-10-01T17:26:08Z INFO  minertim::pool_connection] Share submitted: rpc_id=171 job_id=6cq2U8wPXtLKvU5l nonce=9f409900
[2026-10-01T17:26:08Z INFO  minertim::pool_connection] Share accepted: rpc_id=171 job_id=6cq2U8wPXtLKvU5l nonce=9f409900 latency_ms=307
[2026-10-01T17:26:09Z INFO  minertim] H/s 1m:2152.0 5m:2164.3 10m:2139.0 | Shares: 91/0 (found:91) | Diff: 116962 | 5s elapsed (since last share, avg 54s) | best=38 target=36721 (999%)
[2026-10-01T17:26:18Z INFO  minertim::pool_connection] New job: cWMuFeRoMUbky3ZT (difficulty: 116962, target: 718f0000)
[2026-10-01T17:26:19Z INFO  minertim] H/s 1m:2153.4 5m:2164.6 10m:2139.2 | Shares: 91/0 (found:91) | Diff: 116962 | 15s elapsed (since last share, avg 54s) | best=38 target=36721 (999%)
[2026-10-01T17:26:29Z INFO  minertim] H/s 1m:2153.3 5m:2164.6 10m:2139.2 | Shares: 91/0 (found:91) | Diff: 116962 | 26s elapsed (since last share, avg 54s) | best=38 target=36721 (999%)
[2026-10-01T17:26:31Z INFO  minertim::miner] Worker 2 SHARE FOUND! job_id=cWMuFeRoMUbky3ZT, nonce=d68e9900, hash_val=21879, difficulty=116962, hash=bc1c53e7696ef2b319af2d7ac7dfe22d8bb53504630746c503896d0177550000
[2026-10-01T17:26:38Z INFO  minertim::pool_connection] New job: EkeIo30ibsk1AxJD (difficulty: 175448, target: a05f0000)
[2026-10-01T17:26:38Z INFO  minertim::pool_connection] Share submitted: rpc_id=173 job_id=cWMuFeRoMUbky3ZT nonce=d68e9900
[2026-10-01T17:26:38Z INFO  minertim::pool_connection] Share accepted: rpc_id=173 job_id=cWMuFeRoMUbky3ZT nonce=d68e9900 latency_ms=308
[2026-10-01T17:26:38Z INFO  minertim::pool_connection] New job: G03gF6awk1F2qrNY (difficulty: 175448, target: a05f0000)
[2026-10-01T17:26:39Z INFO  minertim] H/s 1m:2111.8 5m:2157.5 10m:2135.7 | Shares: 92/0 (found:92) | Diff: 175448 | 8s elapsed (since last share, avg 1m23s) | best=38 target=24480 (999%)
[2026-10-01T17:26:49Z INFO  minertim] H/s 1m:2112.9 5m:2157.6 10m:2144.9 | Shares: 92/0 (found:92) | Diff: 175448 | 18s elapsed (since last share, avg 1m23s) | best=38 target=24480 (999%)
[2026-10-01T17:26:58Z INFO  minertim::pool_connection] New job: LKPhPNF2mOW60Bb3 (difficulty: 175448, target: a05f0000)
[2026-10-01T17:26:59Z INFO  minertim] H/s 1m:2176.9 5m:2157.9 10m:2149.2 | Shares: 92/0 (found:92) | Diff: 175448 | 28s elapsed (since last share, avg 1m20s) | best=38 target=24480 (999%)
[2026-10-01T17:27:08Z INFO  minertim::pool_connection] New job: mZZxECmtCfhRsIOB (difficulty: 263172, target: c03f0000)
[2026-10-01T17:27:09Z INFO  minertim] H/s 1m:2173.1 5m:2157.6 10m:2149.0 | Shares: 92/0 (found:92) | Diff: 263172 | 38s elapsed (since last share, avg 2m1s) | best=38 target=16320 (999%)
[2026-10-01T17:27:18Z INFO  minertim::pool_connection] New job: g1mcDor5xRdwgCso (difficulty: 263172, target: c03f0000)
[2026-10-01T17:27:19Z INFO  minertim] H/s 1m:2173.0 5m:2157.5 10m:2149.0 | Shares: 92/0 (found:92) | Diff: 263172 | 48s elapsed (since last share, avg 2m1s) | best=38 target=16320 (999%)
[2026-10-01T17:27:25Z INFO  minertim::miner] Worker 3 SHARE FOUND! job_id=g1mcDor5xRdwgCso, nonce=87e29b00, hash_val=16076, difficulty=263172, hash=4afe8fec7e7c1ba343cbda5fcfef8b9646252895b3d4aea01e95779ecc3e0000
[2026-10-01T17:27:29Z INFO  minertim] H/s 1m:2160.8 5m:2148.3 10m:2144.5 | Shares: 92/0 (found:93) | Diff: 263172 | 3s elapsed (since last share, avg 2m1s) | best=38 target=16320 (999%)
[2026-10-01T17:27:36Z INFO  minertim::pool_connection] New job: uo4Ypzsf0slKj1lA (difficulty: 263172, target: c03f0000)
[2026-10-01T17:27:36Z INFO  minertim::pool_connection] Share submitted: rpc_id=175 job_id=g1mcDor5xRdwgCso nonce=87e29b00
[2026-10-01T17:27:36Z INFO  minertim::pool_connection] Share accepted: rpc_id=175 job_id=g1mcDor5xRdwgCso nonce=87e29b00 latency_ms=312
[2026-10-01T17:27:39Z INFO  minertim] H/s 1m:2085.8 5m:2135.5 10m:2138.2 | Shares: 93/0 (found:93) | Diff: 263172 | 13s elapsed (since last share, avg 2m6s) | best=38 target=16320 (999%)
[2026-10-01T17:27:49Z INFO  minertim] H/s 1m:2086.2 5m:2154.3 10m:2138.2 | Shares: 93/0 (found:93) | Diff: 263172 | 23s elapsed (since last share, avg 2m6s) | best=38 target=16320 (999%)
[2026-10-01T17:27:56Z INFO  minertim::pool_connection] New job: 00xrJ1HjcxnkJoxM (difficulty: 263172, target: c03f0000)
[2026-10-01T17:27:59Z INFO  minertim] H/s 1m:2088.7 5m:2145.0 10m:2138.4 | Shares: 93/0 (found:93) | Diff: 263172 | 33s elapsed (since last share, avg 2m5s) | best=38 target=16320 (999%)
[2026-10-01T17:28:08Z INFO  minertim::pool_connection] New job: kCWc09evgyhEuR0a (difficulty: 263172, target: c03f0000)
[2026-10-01T17:28:09Z INFO  minertim] H/s 1m:2087.1 5m:2144.7 10m:2138.3 | Shares: 93/0 (found:93) | Diff: 263172 | 43s elapsed (since last share, avg 2m6s) | best=38 target=16320 (999%)
[2026-10-01T17:28:19Z INFO  minertim::pool_connection] New job: nQrcni4uRLINhHfp (difficulty: 263172, target: c03f0000)
[2026-10-01T17:28:19Z INFO  minertim] H/s 1m:2141.0 5m:2144.8 10m:2138.3 | Shares: 93/0 (found:93) | Diff: 263172 | 53s elapsed (since last share, avg 2m2s) | best=38 target=16320 (999%)
[2026-10-01T17:28:29Z INFO  minertim] H/s 1m:2215.6 5m:2144.8 10m:2138.3 | Shares: 93/0 (found:93) | Diff: 263172 | 1m3s elapsed (since last share, avg 1m58s) | best=38 target=16320 (999%)
[2026-10-01T17:28:38Z INFO  minertim::pool_connection] New job: Xezss8gPAlDcwmKu (difficulty: 197379, target: 00550000)
[2026-10-01T17:28:39Z INFO  minertim::pool_connection] New job: 5vMFydxrzxH5vAtq (difficulty: 197379, target: 00550000)
[2026-10-01T17:28:39Z INFO  minertim] H/s 1m:2215.7 5m:2144.9 10m:2156.4 | Shares: 93/0 (found:93) | Diff: 197379 | 1m13s elapsed (since last share, avg 1m29s) | best=38 target=21760 (999%)
[2026-10-01T17:28:49Z INFO  minertim] H/s 1m:2215.5 5m:2144.8 10m:2167.9 | Shares: 93/0 (found:93) | Diff: 197379 | 1m24s elapsed (since last share, avg 1m29s) | best=38 target=21760 (999%)
[2026-10-01T17:28:53Z INFO  minertim::pool_connection] New job: pinoyrVpVgrIh8H6 (difficulty: 197379, target: 00550000)
[2026-10-01T17:28:59Z INFO  minertim] H/s 1m:2216.8 5m:2145.0 10m:2175.9 | Shares: 93/0 (found:93) | Diff: 197379 | 1m34s elapsed (since last share, avg 1m29s) | best=38 target=21760 (999%)
[2026-10-01T17:29:09Z INFO  minertim] H/s 1m:2215.1 5m:2144.7 10m:2175.7 | Shares: 93/0 (found:93) | Diff: 197379 | 1m44s elapsed (since last share, avg 1m29s) | best=38 target=21760 (999%)
[2026-10-01T17:29:13Z INFO  minertim::pool_connection] New job: Xf0gVm2Pt3cG08UA (difficulty: 197379, target: 00550000)
[2026-10-01T17:29:19Z INFO  minertim] H/s 1m:2215.0 5m:2144.7 10m:2175.7 | Shares: 93/0 (found:93) | Diff: 197379 | 1m54s elapsed (since last share, avg 1m29s) | best=38 target=21760 (999%)
[2026-10-01T17:29:29Z INFO  minertim] H/s 1m:2214.8 5m:2144.7 10m:2175.7 | Shares: 93/0 (found:93) | Diff: 197379 | 2m4s elapsed (since last share, avg 1m29s) | best=38 target=21760 (999%)
[2026-10-01T17:29:33Z INFO  minertim::pool_connection] New job: DdXj4d7G0oJ8TLL4 (difficulty: 197379, target: 00550000)
[2026-10-01T17:29:38Z INFO  minertim::pool_connection] New job: N3uump3ScAX7QP57 (difficulty: 148035, target: 55710000)
[2026-10-01T17:29:39Z INFO  minertim] H/s 1m:2215.0 5m:2154.0 10m:2175.8 | Shares: 93/0 (found:93) | Diff: 148035 | 2m14s elapsed (since last share, avg 1m6s) | best=38 target=29013 (999%)
[2026-10-01T17:29:49Z INFO  minertim] H/s 1m:2215.5 5m:2171.9 10m:2175.8 | Shares: 93/0 (found:93) | Diff: 148035 | 2m24s elapsed (since last share, avg 1m6s) | best=38 target=29013 (999%)
[2026-10-01T17:29:53Z INFO  minertim::pool_connection] New job: wTg0W1jFLZJS5U2k (difficulty: 148035, target: 55710000)
[2026-10-01T17:29:56Z INFO  minertim::pool_connection] New job: 4IDIMHQxCKh6TX3f (difficulty: 148035, target: 55710000)
[2026-10-01T17:29:59Z INFO  minertim] H/s 1m:2216.5 5m:2175.6 10m:2176.0 | Shares: 93/0 (found:93) | Diff: 148035 | 2m34s elapsed (since last share, avg 1m6s) | best=38 target=29013 (999%)
[2026-10-01T17:30:09Z INFO  minertim] H/s 1m:2213.5 5m:2175.1 10m:2175.8 | Shares: 93/0 (found:93) | Diff: 148035 | 2m44s elapsed (since last share, avg 1m6s) | best=38 target=29013 (999%)
[2026-10-01T17:30:15Z INFO  minertim::miner] Worker 0 SHARE FOUND! job_id=4IDIMHQxCKh6TX3f, nonce=60e89f00, hash_val=947, difficulty=148035, hash=8d23e800d1a1598a0aafc2297668b2c8af256519b0f0794f0823df58b3030000
[2026-10-01T17:30:15Z INFO  minertim::pool_connection] New job: LWJOgwqk8u3pY7YS (difficulty: 148035, target: 55710000)
[2026-10-01T17:30:15Z INFO  minertim::pool_connection] Share submitted: rpc_id=179 job_id=4IDIMHQxCKh6TX3f nonce=60e89f00
[2026-10-01T17:30:16Z INFO  minertim::pool_connection] Share accepted: rpc_id=179 job_id=4IDIMHQxCKh6TX3f nonce=60e89f00 latency_ms=307
[2026-10-01T17:30:19Z INFO  minertim] H/s 1m:2213.0 5m:2175.0 10m:2175.7 | Shares: 94/0 (found:94) | Diff: 148035 | 4s elapsed (since last share, avg 1m6s) | best=38 target=29013 (999%)
[2026-10-01T17:30:25Z INFO  minertim::miner] Worker 0 SHARE FOUND! job_id=LWJOgwqk8u3pY7YS, nonce=3c3ea000, hash_val=21112, difficulty=148035, hash=6d24a961afa563a6f44874a7a1d4881afb66cf46e427ff19f935da2978520000
[2026-10-01T17:30:29Z INFO  minertim] H/s 1m:2158.7 5m:2165.7 10m:2171.2 | Shares: 94/0 (found:95) | Diff: 148035 | 4s elapsed (since last share, avg 1m8s) | best=38 target=29013 (999%)
[2026-10-01T17:30:35Z INFO  minertim::pool_connection] New job: INOtcJ5BNdRhdjWG (difficulty: 148035, target: 55710000)
[2026-10-01T17:30:35Z INFO  minertim::pool_connection] Share submitted: rpc_id=180 job_id=LWJOgwqk8u3pY7YS nonce=3c3ea000
[2026-10-01T17:30:36Z INFO  minertim::pool_connection] Share accepted: rpc_id=180 job_id=LWJOgwqk8u3pY7YS nonce=3c3ea000 latency_ms=306
[2026-10-01T17:30:37Z INFO  minertim::pool_connection] New job: 2TKE7ofeZOrDd0UY (difficulty: 148035, target: 55710000)
[2026-10-01T17:30:38Z INFO  minertim::pool_connection] New job: L4QymvYiCaLUDqh7 (difficulty: 222053, target: 8e4b0000)
[2026-10-01T17:30:39Z INFO  minertim] H/s 1m:2093.3 5m:2154.4 10m:2165.6 | Shares: 95/0 (found:95) | Diff: 222053 | 14s elapsed (since last share, avg 1m46s) | best=38 target=19342 (999%)
[2026-10-01T17:30:50Z INFO  minertim] H/s 1m:2093.7 5m:2154.5 10m:2165.6 | Shares: 95/0 (found:95) | Diff: 222053 | 24s elapsed (since last share, avg 1m46s) | best=38 target=19342 (999%)
[2026-10-01T17:30:57Z INFO  minertim::pool_connection] New job: O0P4xMyNmkCiRszx (difficulty: 222053, target: 8e4b0000)
[2026-10-01T17:31:00Z INFO  minertim] H/s 1m:2096.4 5m:2165.5 10m:2165.8 | Shares: 95/0 (found:95) | Diff: 222053 | 34s elapsed (since last share, avg 1m45s) | best=38 target=19342 (999%)
[2026-10-01T17:31:10Z INFO  minertim] H/s 1m:2094.4 5m:2164.9 10m:2165.6 | Shares: 95/0 (found:95) | Diff: 222053 | 44s elapsed (since last share, avg 1m46s) | best=38 target=19342 (999%)
[2026-10-01T17:31:17Z INFO  minertim::pool_connection] New job: oiXRTJhNdy0LpQRk (difficulty: 222053, target: 8e4b0000)
[2026-10-01T17:31:20Z INFO  minertim] H/s 1m:2149.1 5m:2165.0 10m:2165.7 | Shares: 95/0 (found:95) | Diff: 222053 | 54s elapsed (since last share, avg 1m43s) | best=38 target=19342 (999%)
[2026-10-01T17:31:30Z INFO  minertim] H/s 1m:2214.6 5m:2172.2 10m:2165.7 | Shares: 95/0 (found:95) | Diff: 222053 | 1m4s elapsed (since last share, avg 1m40s) | best=38 target=19342 (999%)
[2026-10-01T17:31:37Z INFO  minertim::pool_connection] New job: 27aj990i4VK5SKAG (difficulty: 222053, target: 8e4b0000)
[2026-10-01T17:31:38Z INFO  minertim::pool_connection] New job: cLYG54Yy90EsSRgb (difficulty: 161168, target: 19680000)
[2026-10-01T17:31:40Z INFO  minertim::miner] Worker 0 SHARE FOUND! job_id=cLYG54Yy90EsSRgb, nonce=1c6ba200, hash_val=15964, difficulty=161168, hash=a94586fbc7377edd85a7c9123a5ef70cf466fa3c96b2aa6b734e3ca35c3e0000
[2026-10-01T17:31:40Z INFO  minertim] H/s 1m:2214.6 5m:2172.0 10m:2165.7 | Shares: 95/0 (found:96) | Diff: 161168 | 0s elapsed (since last share, avg 1m12s) | best=38 target=26649 (999%)
[2026-10-01T17:31:50Z INFO  minertim] H/s 1m:2108.1 5m:2153.7 10m:2156.7 | Shares: 95/0 (found:96) | Diff: 161168 | 10s elapsed (since last share, avg 1m16s) | best=38 target=26649 (999%)
[2026-10-01T17:31:57Z INFO  minertim::pool_connection] New job: S0uAeu3BJ4rs00Gq (difficulty: 161168, target: 19680000)
[2026-10-01T17:31:57Z INFO  minertim::pool_connection] Share submitted: rpc_id=182 job_id=cLYG54Yy90EsSRgb nonce=1c6ba200
[2026-10-01T17:31:58Z INFO  minertim::pool_connection] Share accepted: rpc_id=182 job_id=cLYG54Yy90EsSRgb nonce=1c6ba200 latency_ms=307
[2026-10-01T17:32:00Z INFO  minertim] H/s 1m:2051.6 5m:2143.9 10m:2151.9 | Shares: 96/0 (found:96) | Diff: 161168 | 20s elapsed (since last share, avg 1m18s) | best=38 target=26649 (999%)
[2026-10-01T17:32:08Z INFO  minertim::pool_connection] New job: Kn2mUklOFurq6yti (difficulty: 241752, target: 66450000)
[2026-10-01T17:32:10Z INFO  minertim] H/s 1m:2049.2 5m:2143.6 10m:2151.7 | Shares: 96/0 (found:96) | Diff: 241752 | 30s elapsed (since last share, avg 1m57s) | best=38 target=17766 (999%)
[2026-10-01T17:32:17Z INFO  minertim::pool_connection] New job: cDeEiXTRnk0HBjlF (difficulty: 241752, target: 66450000)
[2026-10-01T17:32:20Z INFO  minertim] H/s 1m:2049.3 5m:2152.9 10m:2151.7 | Shares: 96/0 (found:96) | Diff: 241752 | 40s elapsed (since last share, avg 1m57s) | best=38 target=17766 (999%)
[2026-10-01T17:32:30Z INFO  minertim] H/s 1m:2049.5 5m:2165.8 10m:2151.7 | Shares: 96/0 (found:96) | Diff: 241752 | 50s elapsed (since last share, avg 1m57s) | best=38 target=17766 (999%)
[2026-10-01T17:32:37Z INFO  minertim::pool_connection] New job: VtQ579HBjmG0bdif (difficulty: 241752, target: 66450000)
[2026-10-01T17:32:40Z INFO  minertim] H/s 1m:2156.6 5m:2165.8 10m:2151.8 | Shares: 96/0 (found:96) | Diff: 241752 | 1m0s elapsed (since last share, avg 1m52s) | best=38 target=17766 (999%)
[2026-10-01T17:32:50Z INFO  minertim] H/s 1m:2215.4 5m:2165.8 10m:2161.0 | Shares: 96/0 (found:96) | Diff: 241752 | 1m10s elapsed (since last share, avg 1m49s) | best=38 target=17766 (999%)
[2026-10-01T17:32:57Z INFO  minertim::pool_connection] New job: FO9kTBwdChKNfdtd (difficulty: 241752, target: 66450000)
[2026-10-01T17:33:00Z INFO  minertim] H/s 1m:2217.6 5m:2166.1 10m:2156.5 | Shares: 96/0 (found:96) | Diff: 241752 | 1m20s elapsed (since last share, avg 1m49s) | best=38 target=17766 (999%)
[2026-10-01T17:33:08Z INFO  minertim::pool_connection] New job: Jiz8zX5E6aaeGVS7 (difficulty: 153222, target: 7f6d0000)
[2026-10-01T17:33:10Z INFO  minertim] H/s 1m:2215.5 5m:2165.8 10m:2156.3 | Shares: 96/0 (found:96) | Diff: 153222 | 1m30s elapsed (since last share, avg 1m9s) | best=38 target=28031 (999%)
[2026-10-01T17:33:17Z INFO  minertim::pool_connection] New job: x1o3IYIp5bKkQAtZ (difficulty: 153222, target: 7f6d0000)
[2026-10-01T17:33:20Z INFO  minertim] H/s 1m:2215.5 5m:2165.7 10m:2156.3 | Shares: 96/0 (found:96) | Diff: 153222 | 1m40s elapsed (since last share, avg 1m9s) | best=38 target=28031 (999%)
[2026-10-01T17:33:30Z INFO  minertim] H/s 1m:2215.5 5m:2165.8 10m:2156.4 | Shares: 96/0 (found:96) | Diff: 153222 | 1m50s elapsed (since last share, avg 1m9s) | best=38 target=28031 (999%)
[2026-10-01T17:33:37Z INFO  minertim::pool_connection] New job: 05tW1YX0HZ6SVi97 (difficulty: 153222, target: 7f6d0000)
[2026-10-01T17:33:40Z INFO  minertim] H/s 1m:2215.7 5m:2165.8 10m:2156.4 | Shares: 96/0 (found:96) | Diff: 153222 | 2m0s elapsed (since last share, avg 1m9s) | best=38 target=28031 (999%)
[2026-10-01T17:33:50Z INFO  minertim] H/s 1m:2215.4 5m:2165.9 10m:2156.4 | Shares: 96/0 (found:96) | Diff: 153222 | 2m10s elapsed (since last share, avg 1m9s) | best=38 target=28031 (999%)
[2026-10-01T17:33:55Z INFO  minertim::pool_connection] New job: 14bRAVOZ7hsCLMxo (difficulty: 153222, target: 7f6d0000)
[2026-10-01T17:34:00Z INFO  minertim] H/s 1m:2217.2 5m:2166.1 10m:2156.5 | Shares: 96/0 (found:96) | Diff: 153222 | 2m20s elapsed (since last share, avg 1m9s) | best=38 target=28031 (999%)
[2026-10-01T17:34:08Z INFO  minertim::pool_connection] New job: 4JHU8P70Ba4lKS7R (difficulty: 114915, target: ff910000)
[2026-10-01T17:34:10Z INFO  minertim] H/s 1m:2214.7 5m:2165.7 10m:2156.3 | Shares: 96/0 (found:96) | Diff: 114915 | 2m30s elapsed (since last share, avg 51s) | best=38 target=37375 (999%)
[2026-10-01T17:34:12Z INFO  minertim::miner] Worker 3 SHARE FOUND! job_id=4JHU8P70Ba4lKS7R, nonce=bb49a900, hash_val=25197, difficulty=114915, hash=52f552fb5028f0f255f376b1908cf4983bfa73afaf6e1ff8cf19b3f56d620000
[2026-10-01T17:34:15Z INFO  minertim::pool_connection] New job: kP2DAHDxsK1StCre (difficulty: 114915, target: ff910000)
[2026-10-01T17:34:15Z INFO  minertim::pool_connection] Share submitted: rpc_id=186 job_id=4JHU8P70Ba4lKS7R nonce=bb49a900
[2026-10-01T17:34:15Z INFO  minertim::pool_connection] Share accepted: rpc_id=186 job_id=4JHU8P70Ba4lKS7R nonce=bb49a900 latency_ms=307
[2026-10-01T17:34:17Z INFO  minertim::miner] Worker 2 SHARE FOUND! job_id=kP2DAHDxsK1StCre, nonce=4221a900, hash_val=2116, difficulty=114915, hash=99f97012d429b50a1ce892b34fe9af277b41aa32a4c88764bd49883b44080000
[2026-10-01T17:34:18Z INFO  minertim::miner] Worker 3 SHARE FOUND! job_id=kP2DAHDxsK1StCre, nonce=e763a900, hash_val=10056, difficulty=114915, hash=224829dcfa27cba343ec307d1d40ec0ce77d16c4e3c63cd7d8e4e9c448270000
[2026-10-01T17:34:20Z INFO  minertim] H/s 1m:2124.7 5m:2150.3 10m:2148.7 | Shares: 97/0 (found:99) | Diff: 114915 | 1s elapsed (since last share, avg 54s) | best=38 target=37375 (999%)
[2026-10-01T17:34:30Z INFO  minertim] H/s 1m:1918.2 5m:2114.6 10m:2131.2 | Shares: 97/0 (found:99) | Diff: 114915 | 11s elapsed (since last share, avg 59s) | best=38 target=37375 (999%)
[2026-10-01T17:34:35Z INFO  minertim::pool_connection] New job: 5ezZIUCV8FloI3l7 (difficulty: 114915, target: ff910000)
[2026-10-01T17:34:35Z INFO  minertim::pool_connection] Share submitted: rpc_id=188 job_id=kP2DAHDxsK1StCre nonce=e763a900
[2026-10-01T17:34:35Z INFO  minertim::pool_connection] Share submitted: rpc_id=187 job_id=kP2DAHDxsK1StCre nonce=4221a900
[2026-10-01T17:34:35Z INFO  minertim::pool_connection] Share accepted: rpc_id=188 job_id=kP2DAHDxsK1StCre nonce=e763a900 latency_ms=307
[2026-10-01T17:34:36Z INFO  minertim::pool_connection] Share accepted: rpc_id=187 job_id=kP2DAHDxsK1StCre nonce=4221a900 latency_ms=526
[2026-10-01T17:34:38Z INFO  minertim::pool_connection] New job: bHXNjFeEtlxv4wu8 (difficulty: 172377, target: 54610000)
[2026-10-01T17:34:40Z INFO  minertim] H/s 1m:1779.7 5m:2090.7 10m:2124.0 | Shares: 99/0 (found:99) | Diff: 172377 | 21s elapsed (since last share, avg 1m36s) | best=38 target=24916 (999%)
[2026-10-01T17:34:50Z INFO  minertim] H/s 1m:1779.7 5m:2090.8 10m:2132.8 | Shares: 99/0 (found:99) | Diff: 172377 | 31s elapsed (since last share, avg 1m36s) | best=38 target=24916 (999%)
[2026-10-01T17:34:55Z INFO  minertim::pool_connection] New job: mG6rhoDXzWbUFm0B (difficulty: 172377, target: 54610000)
[2026-10-01T17:35:00Z INFO  minertim] H/s 1m:1782.0 5m:2091.3 10m:2134.6 | Shares: 99/0 (found:99) | Diff: 172377 | 41s elapsed (since last share, avg 1m36s) | best=38 target=24916 (999%)
[2026-10-01T17:35:10Z INFO  minertim] H/s 1m:1869.7 5m:2091.1 10m:2134.5 | Shares: 99/0 (found:99) | Diff: 172377 | 51s elapsed (since last share, avg 1m32s) | best=38 target=24916 (999%)
[2026-10-01T17:35:15Z INFO  minertim::pool_connection] New job: amo0jbkR1CS5O2Ti (difficulty: 172377, target: 54610000)
[2026-10-01T17:35:20Z INFO  minertim] H/s 1m:2075.8 5m:2100.3 10m:2134.4 | Shares: 99/0 (found:99) | Diff: 172377 | 1m1s elapsed (since last share, avg 1m23s) | best=38 target=24916 (999%)
[2026-10-01T17:35:29Z INFO  minertim::pool_connection] New job: iR0qeqvM4om2ldqE (difficulty: 172377, target: 54610000)
[2026-10-01T17:35:30Z INFO  minertim] H/s 1m:2214.5 5m:2111.6 10m:2134.5 | Shares: 99/0 (found:99) | Diff: 172377 | 1m11s elapsed (since last share, avg 1m17s) | best=38 target=24916 (999%)
[2026-10-01T17:35:38Z INFO  minertim::pool_connection] New job: FV0g2lbjVBzAecT2 (difficulty: 123124, target: 43880000)
[2026-10-01T17:35:40Z INFO  minertim] H/s 1m:2214.2 5m:2111.6 10m:2134.4 | Shares: 99/0 (found:99) | Diff: 123124 | 1m21s elapsed (since last share, avg 55s) | best=38 target=34883 (999%)
[2026-10-01T17:35:49Z INFO  minertim::pool_connection] New job: QEhtQEu7RPuvY02H (difficulty: 123124, target: 43880000)
[2026-10-01T17:35:50Z INFO  minertim] H/s 1m:2214.3 5m:2111.7 10m:2134.5 | Shares: 99/0 (found:99) | Diff: 123124 | 1m31s elapsed (since last share, avg 55s) | best=38 target=34883 (999%)
[2026-10-01T17:36:00Z INFO  minertim] H/s 1m:2216.5 5m:2112.1 10m:2139.9 | Shares: 99/0 (found:99) | Diff: 123124 | 1m41s elapsed (since last share, avg 55s) | best=38 target=34883 (999%)
[2026-10-01T17:36:09Z INFO  minertim::pool_connection] New job: y0qJiY8qst2dz4D6 (difficulty: 123124, target: 43880000)
[2026-10-01T17:36:10Z INFO  minertim] H/s 1m:2214.6 5m:2111.6 10m:2139.6 | Shares: 99/0 (found:99) | Diff: 123124 | 1m51s elapsed (since last share, avg 55s) | best=38 target=34883 (999%)
[2026-10-01T17:36:15Z INFO  minertim::miner] Worker 2 SHARE FOUND! job_id=y0qJiY8qst2dz4D6, nonce=1e80ac00, hash_val=8053, difficulty=123124, hash=b28933b73ee1fde5c1449181c7b984296850bb6aa0d1f6c3b64486aa751f0000
[2026-10-01T17:36:20Z INFO  minertim] H/s 1m:2160.3 5m:2102.3 10m:2135.0 | Shares: 99/0 (found:100) | Diff: 123124 | 5s elapsed (since last share, avg 56s) | best=38 target=34883 (999%)
[2026-10-01T17:36:29Z INFO  minertim::pool_connection] New job: HxGEcIpZqHROOuGA (difficulty: 123124, target: 43880000)
[2026-10-01T17:36:29Z INFO  minertim::pool_connection] Share submitted: rpc_id=191 job_id=y0qJiY8qst2dz4D6 nonce=1e80ac00
[2026-10-01T17:36:29Z INFO  minertim::pool_connection] Share accepted: rpc_id=191 job_id=y0qJiY8qst2dz4D6 nonce=1e80ac00 latency_ms=307
[2026-10-01T17:36:30Z INFO  minertim] H/s 1m:2108.1 5m:2093.3 10m:2134.1 | Shares: 100/0 (found:100) | Diff: 123124 | 15s elapsed (since last share, avg 58s) | best=38 target=34883 (999%)
[2026-10-01T17:36:37Z INFO  minertim::miner] Worker 1 SHARE FOUND! job_id=HxGEcIpZqHROOuGA, nonce=4d0baf00, hash_val=14212, difficulty=123124, hash=7ea9fe58c5f7b9b0a38771d32ddbfcb35f3bed4264588c7e4cadb86184370000
[2026-10-01T17:36:40Z INFO  minertim] H/s 1m:2055.4 5m:2102.6 10m:2129.6 | Shares: 100/0 (found:101) | Diff: 123124 | 3s elapsed (since last share, avg 59s) | best=38 target=34883 (999%)
[2026-10-01T17:36:48Z INFO  minertim::pool_connection] New job: NVF4R0cZl0bjLGS9 (difficulty: 123124, target: 43880000)
[2026-10-01T17:36:48Z INFO  minertim::pool_connection] Share submitted: rpc_id=192 job_id=HxGEcIpZqHROOuGA nonce=4d0baf00
[2026-10-01T17:36:49Z INFO  minertim::pool_connection] Share accepted: rpc_id=192 job_id=HxGEcIpZqHROOuGA nonce=4d0baf00 latency_ms=305
[2026-10-01T17:36:50Z INFO  minertim] H/s 1m:2000.3 5m:2103.3 10m:2125.0 | Shares: 101/0 (found:101) | Diff: 123124 | 13s elapsed (since last share, avg 1m1s) | best=38 target=34883 (999%)
[2026-10-01T17:37:00Z INFO  minertim] H/s 1m:2003.8 5m:2103.8 10m:2125.3 | Shares: 101/0 (found:101) | Diff: 123124 | 23s elapsed (since last share, avg 1m1s) | best=38 target=34883 (999%)
[2026-10-01T17:37:08Z INFO  minertim::pool_connection] New job: dcoTIEVSW23vrV7G (difficulty: 123124, target: 43880000)
[2026-10-01T17:37:10Z INFO  minertim] H/s 1m:2055.6 5m:2103.4 10m:2125.1 | Shares: 101/0 (found:101) | Diff: 123124 | 33s elapsed (since last share, avg 59s) | best=38 target=34883 (999%)
[2026-10-01T17:37:11Z INFO  minertim::miner] Worker 1 SHARE FOUND! job_id=dcoTIEVSW23vrV7G, nonce=a1cfaf00, hash_val=29882, difficulty=123124, hash=ff72d2e7a4a9a9a15d65fa5eeb000d20e5bc9c37412e09c8be247b40ba740000
[2026-10-01T17:37:13Z INFO  minertim::miner] Worker 0 SHARE FOUND! job_id=dcoTIEVSW23vrV7G, nonce=1c29ad00, hash_val=3102, difficulty=123124, hash=4a2d162d862b9a8900779a345d9a25f4f91ad96fc403d60b4b53f0eb1e0c0000
[2026-10-01T17:37:20Z INFO  minertim] H/s 1m:1949.1 5m:2076.0 10m:2116.2 | Shares: 101/0 (found:103) | Diff: 123124 | 7s elapsed (since last share, avg 1m3s) | best=38 target=34883 (999%)
[2026-10-01T17:37:28Z INFO  minertim::pool_connection] New job: T6qDT9SKRA6wW3Yu (difficulty: 123124, target: 43880000)
[2026-10-01T17:37:28Z INFO  minertim::pool_connection] Share submitted: rpc_id=195 job_id=dcoTIEVSW23vrV7G nonce=1c29ad00
[2026-10-01T17:37:28Z INFO  minertim::pool_connection] Share submitted: rpc_id=194 job_id=dcoTIEVSW23vrV7G nonce=a1cfaf00
[2026-10-01T17:37:28Z INFO  minertim::pool_connection] Share accepted: rpc_id=195 job_id=dcoTIEVSW23vrV7G nonce=1c29ad00 latency_ms=306
[2026-10-01T17:37:29Z INFO  minertim::pool_connection] Share accepted: rpc_id=194 job_id=dcoTIEVSW23vrV7G nonce=a1cfaf00 latency_ms=614
[2026-10-01T17:37:30Z INFO  minertim] H/s 1m:1831.7 5m:2046.5 10m:2108.1 | Shares: 103/0 (found:103) | Diff: 123124 | 17s elapsed (since last share, avg 1m7s) | best=38 target=34883 (999%)
[2026-10-01T17:37:38Z INFO  minertim::pool_connection] New job: v3j3gs5Nd4fY0tXY (difficulty: 184690, target: d75a0000)
[2026-10-01T17:37:40Z INFO  minertim] H/s 1m:1889.1 5m:2047.0 10m:2108.3 | Shares: 103/0 (found:103) | Diff: 184690 | 27s elapsed (since last share, avg 1m37s) | best=38 target=23255 (999%)
[2026-10-01T17:37:48Z INFO  minertim::pool_connection] New job: mrpxm4r4HCFn7obd (difficulty: 184690, target: d75a0000)
[2026-10-01T17:37:50Z INFO  minertim] H/s 1m:1888.4 5m:2047.0 10m:2108.3 | Shares: 103/0 (found:103) | Diff: 184690 | 37s elapsed (since last share, avg 1m37s) | best=38 target=23255 (999%)
[2026-10-01T17:38:00Z INFO  minertim] H/s 1m:1890.7 5m:2047.4 10m:2108.5 | Shares: 103/0 (found:103) | Diff: 184690 | 47s elapsed (since last share, avg 1m37s) | best=38 target=23255 (999%)
[2026-10-01T17:38:02Z INFO  minertim::miner] Worker 0 SHARE FOUND! job_id=mrpxm4r4HCFn7obd, nonce=944aae00, hash_val=4437, difficulty=184690, hash=c730a89a17566051aff935a11b0849cc5c7a953dd430711d801ea8a255110000
[2026-10-01T17:38:07Z INFO  minertim::pool_connection] Share submitted: rpc_id=196 job_id=mrpxm4r4HCFn7obd nonce=944aae00
[2026-10-01T17:38:07Z INFO  minertim::pool_connection] Share accepted: rpc_id=196 job_id=mrpxm4r4HCFn7obd nonce=944aae00 latency_ms=307
[2026-10-01T17:38:08Z INFO  minertim::pool_connection] New job: MH9sUIdKFftboH9p (difficulty: 184690, target: d75a0000)
[2026-10-01T17:38:10Z INFO  minertim] H/s 1m:1977.8 5m:2035.0 10m:2102.3 | Shares: 104/0 (found:104) | Diff: 184690 | 8s elapsed (since last share, avg 1m33s) | best=38 target=23255 (999%)
[2026-10-01T17:38:20Z INFO  minertim] H/s 1m:2148.0 5m:2034.9 10m:2102.3 | Shares: 104/0 (found:104) | Diff: 184690 | 18s elapsed (since last share, avg 1m25s) | best=38 target=23255 (999%)
[2026-10-01T17:38:28Z INFO  minertim::pool_connection] New job: o6xgplfHr1h4V2k9 (difficulty: 184690, target: d75a0000)
[2026-10-01T17:38:30Z INFO  minertim] H/s 1m:2145.4 5m:2034.9 10m:2102.3 | Shares: 104/0 (found:104) | Diff: 184690 | 28s elapsed (since last share, avg 1m26s) | best=38 target=23255 (999%)
[2026-10-01T17:38:40Z INFO  minertim] H/s 1m:2144.9 5m:2034.9 10m:2102.3 | Shares: 104/0 (found:104) | Diff: 184690 | 38s elapsed (since last share, avg 1m26s) | best=38 target=23255 (999%)
[2026-10-01T17:38:48Z INFO  minertim::pool_connection] New job: Jz0wxL0fZdqxR2GB (difficulty: 184690, target: d75a0000)
[2026-10-01T17:38:50Z INFO  minertim] H/s 1m:2144.8 5m:2034.9 10m:2102.4 | Shares: 104/0 (found:104) | Diff: 184690 | 48s elapsed (since last share, avg 1m26s) | best=38 target=23255 (999%)
[2026-10-01T17:39:00Z INFO  minertim] H/s 1m:2216.4 5m:2035.3 10m:2102.5 | Shares: 104/0 (found:104) | Diff: 184690 | 58s elapsed (since last share, avg 1m23s) | best=38 target=23255 (999%)
[2026-10-01T17:39:08Z INFO  minertim::pool_connection] New job: ZSIBsxWqpIbqpr7a (difficulty: 184690, target: d75a0000)
[2026-10-01T17:39:10Z INFO  minertim] H/s 1m:2214.5 5m:2050.4 10m:2102.3 | Shares: 104/0 (found:104) | Diff: 184690 | 1m8s elapsed (since last share, avg 1m23s) | best=38 target=23255 (999%)
[2026-10-01T17:39:20Z INFO  minertim] H/s 1m:2214.5 5m:2085.9 10m:2102.3 | Shares: 104/0 (found:104) | Diff: 184690 | 1m18s elapsed (since last share, avg 1m23s) | best=38 target=23255 (999%)
[2026-10-01T17:39:27Z INFO  minertim::pool_connection] New job: Aub3qNtsbeQcCs1A (difficulty: 184690, target: d75a0000)
[2026-10-01T17:39:30Z INFO  minertim] H/s 1m:2214.5 5m:2109.9 10m:2102.3 | Shares: 104/0 (found:104) | Diff: 184690 | 1m28s elapsed (since last share, avg 1m23s) | best=38 target=23255 (999%)
[2026-10-01T17:39:38Z INFO  minertim::pool_connection] New job: jka495Kz00o9DhpA (difficulty: 127860, target: 37830000)
[2026-10-01T17:39:40Z INFO  minertim] H/s 1m:2214.7 5m:2109.9 10m:2102.3 | Shares: 104/0 (found:104) | Diff: 127860 | 1m38s elapsed (since last share, avg 57s) | best=38 target=33591 (999%)
[2026-10-01T17:39:47Z INFO  minertim::pool_connection] New job: 4gqeNuQSW0G7NF3q (difficulty: 127860, target: 37830000)
[2026-10-01T17:39:50Z INFO  minertim] H/s 1m:2214.1 5m:2109.8 10m:2102.3 | Shares: 104/0 (found:104) | Diff: 127860 | 1m48s elapsed (since last share, avg 57s) | best=38 target=33591 (999%)
[2026-10-01T17:39:59Z INFO  minertim::miner] Worker 3 SHARE FOUND! job_id=4gqeNuQSW0G7NF3q, nonce=576db400, hash_val=353, difficulty=127860, hash=a95ac783b985a1eb944fedca3a07a8c64ed3aed7b50958639801596c61010000
[2026-10-01T17:40:00Z INFO  minertim] H/s 1m:2215.8 5m:2110.1 10m:2102.5 | Shares: 104/0 (found:105) | Diff: 127860 | 0s elapsed (since last share, avg 57s) | best=38 target=33591 (999%)
[2026-10-01T17:40:07Z INFO  minertim::pool_connection] New job: kxFBLg52htEUNjLT (difficulty: 127860, target: 37830000)
[2026-10-01T17:40:07Z INFO  minertim::pool_connection] Share submitted: rpc_id=199 job_id=4gqeNuQSW0G7NF3q nonce=576db400
[2026-10-01T17:40:08Z INFO  minertim::pool_connection] Share accepted: rpc_id=199 job_id=4gqeNuQSW0G7NF3q nonce=576db400 latency_ms=290
[2026-10-01T17:40:08Z INFO  minertim::pool_connection] New job: Cm0VY0qUhDK0oA7p (difficulty: 191790, target: 7a570000)
[2026-10-01T17:40:10Z INFO  minertim::miner] Worker 0 SHARE FOUND! job_id=Cm0VY0qUhDK0oA7p, nonce=9470b200, hash_val=6446, difficulty=191790, hash=7a2b9c722cd47fbe2c1e32f4dd487ccc8c3118ac30e7e3c130ebb7522e190000
[2026-10-01T17:40:10Z INFO  minertim] H/s 1m:2157.3 5m:2100.0 10m:2097.6 | Shares: 105/0 (found:106) | Diff: 191790 | 0s elapsed (since last share, avg 1m28s) | best=38 target=22394 (999%)
[2026-10-01T17:40:20Z INFO  minertim] H/s 1m:2051.6 5m:2081.8 10m:2093.2 | Shares: 105/0 (found:106) | Diff: 191790 | 10s elapsed (since last share, avg 1m33s) | best=38 target=22394 (999%)
[2026-10-01T17:40:27Z INFO  minertim::pool_connection] New job: 6lYcJnD4MIhUtMc8 (difficulty: 191790, target: 7a570000)
[2026-10-01T17:40:27Z INFO  minertim::pool_connection] Share submitted: rpc_id=201 job_id=Cm0VY0qUhDK0oA7p nonce=9470b200
[2026-10-01T17:40:27Z INFO  minertim::pool_connection] Share accepted: rpc_id=201 job_id=Cm0VY0qUhDK0oA7p nonce=9470b200 latency_ms=222
[2026-10-01T17:40:30Z INFO  minertim] H/s 1m:1974.7 5m:2068.6 10m:2092.2 | Shares: 106/0 (found:106) | Diff: 191790 | 20s elapsed (since last share, avg 1m37s) | best=38 target=22394 (999%)
[2026-10-01T17:40:38Z INFO  minertim::pool_connection] New job: SUWDEq51IjOVJScc (difficulty: 287692, target: 513a0000)
[2026-10-01T17:40:40Z INFO  minertim] H/s 1m:1975.6 5m:2068.6 10m:2092.2 | Shares: 106/0 (found:106) | Diff: 287692 | 30s elapsed (since last share, avg 2m25s) | best=38 target=14929 (999%)
[2026-10-01T17:40:47Z INFO  minertim::pool_connection] New job: vLp6M0Ie5Zc25cg1 (difficulty: 287692, target: 513a0000)
[2026-10-01T17:40:50Z INFO  minertim] H/s 1m:1975.7 5m:2068.5 10m:2092.3 | Shares: 106/0 (found:106) | Diff: 287692 | 40s elapsed (since last share, avg 2m25s) | best=38 target=14929 (999%)
[2026-10-01T17:41:00Z INFO  minertim] H/s 1m:2034.3 5m:2068.9 10m:2092.5 | Shares: 106/0 (found:106) | Diff: 287692 | 50s elapsed (since last share, avg 2m21s) | best=38 target=14929 (999%)
[2026-10-01T17:41:05Z INFO  minertim::pool_connection] Donation: mining to Author (donate-level 5%)
[2026-10-01T17:41:05Z INFO  minertim::pool_connection] Connecting to pool: monerohash.com:2222
[2026-10-01T17:41:05Z INFO  minertim::pool_connection] Connected to pool (plain TCP): monerohash.com:2222
[2026-10-01T17:41:06Z INFO  minertim::pool_connection] Login successful, session id: pRxRo3TEpszUrzLa
[2026-10-01T17:41:06Z INFO  minertim::pool_connection] Initial job: JlcYcrBAHUlMFiYI (difficulty: 50000, target: 8b4f0100)
[2026-10-01T17:41:06Z INFO  minertim::miner] Worker 2 SHARE FOUND! job_id=JlcYcrBAHUlMFiYI, nonce=daeeb500, hash_val=23015, difficulty=50000, hash=00fce73456cffe18ffe7665a28b61fb8d6da2053b3d9d99fe691aec1e7590000
[2026-10-01T17:41:07Z INFO  minertim::pool_connection] New job: r5CvqZw5CcHsj58E (difficulty: 50000, target: 8b4f0100)
[2026-10-01T17:41:07Z INFO  minertim::pool_connection] Share submitted: rpc_id=203 job_id=JlcYcrBAHUlMFiYI nonce=daeeb500
[2026-10-01T17:41:07Z INFO  minertim::pool_connection] Share accepted: rpc_id=203 job_id=JlcYcrBAHUlMFiYI nonce=daeeb500 latency_ms=460
[2026-10-01T17:41:10Z INFO  minertim] H/s 1m:2091.8 5m:2070.0 10m:2088.4 | Shares: 107/0 (found:107) | Diff: 50000 | 3s elapsed (since last share, avg 23s) | best=38 target=85899 (999%)
[2026-10-01T17:41:14Z INFO  minertim::pool_connection] New job: ndKI1maw9960Zckb (difficulty: 75000, target: b2df0000)
[2026-10-01T17:41:20Z INFO  minertim] H/s 1m:2168.2 5m:2079.0 10m:2088.3 | Shares: 107/0 (found:107) | Diff: 75000 | 13s elapsed (since last share, avg 34s) | best=38 target=57266 (999%)
[2026-10-01T17:41:21Z INFO  minertim::miner] Worker 0 SHARE FOUND! job_id=ndKI1maw9960Zckb, nonce=983cb400, hash_val=52168, difficulty=75000, hash=7785b34fbd6c7c6a9ed6e36a9fecc05e0a0da1410e50cc520b677b9fc8cb0000
[2026-10-01T17:41:27Z INFO  minertim::pool_connection] New job: YM0JntLtPXdFSpU1 (difficulty: 75000, target: b2df0000)
[2026-10-01T17:41:27Z INFO  minertim::pool_connection] Share submitted: rpc_id=205 job_id=ndKI1maw9960Zckb nonce=983cb400
[2026-10-01T17:41:27Z INFO  minertim::pool_connection] Share accepted: rpc_id=205 job_id=ndKI1maw9960Zckb nonce=983cb400 latency_ms=305
[2026-10-01T17:41:30Z INFO  minertim] H/s 1m:2104.1 5m:2077.0 10m:2082.9 | Shares: 108/0 (found:108) | Diff: 75000 | 9s elapsed (since last share, avg 35s) | best=38 target=57266 (999%)
[2026-10-01T17:41:40Z INFO  minertim] H/s 1m:2104.2 5m:2086.5 10m:2091.9 | Shares: 108/0 (found:108) | Diff: 75000 | 19s elapsed (since last share, avg 35s) | best=38 target=57266 (999%)
[2026-10-01T17:41:41Z INFO  minertim::pool_connection] New job: ZXaDDUIz09kMZ09Q (difficulty: 75000, target: b2df0000)
[2026-10-01T17:41:44Z INFO  minertim::pool_connection] New job: iEHsjGFGElyQhwu9 (difficulty: 112501, target: 21950000)
[2026-10-01T17:41:48Z INFO  minertim::pool_connection] New job: 0jRyZE9L4QgrubKv (difficulty: 112501, target: 21950000)
[2026-10-01T17:41:50Z INFO  minertim] H/s 1m:2104.1 5m:2086.2 10m:2096.9 | Shares: 108/0 (found:108) | Diff: 112501 | 29s elapsed (since last share, avg 53s) | best=38 target=38177 (999%)
[2026-10-01T17:42:00Z INFO  minertim] H/s 1m:2152.2 5m:2086.6 10m:2097.1 | Shares: 108/0 (found:108) | Diff: 112501 | 39s elapsed (since last share, avg 52s) | best=38 target=38177 (999%)
[2026-10-01T17:42:08Z INFO  minertim::pool_connection] New job: SVJ0ONZ3Bt02HuCS (difficulty: 112501, target: 21950000)
[2026-10-01T17:42:10Z INFO  minertim] H/s 1m:2150.6 5m:2113.7 10m:2096.9 | Shares: 108/0 (found:108) | Diff: 112501 | 49s elapsed (since last share, avg 52s) | best=38 target=38177 (999%)
[2026-10-01T17:42:20Z INFO  minertim] H/s 1m:2214.7 5m:2143.0 10m:2096.9 | Shares: 108/0 (found:108) | Diff: 112501 | 59s elapsed (since last share, avg 50s) | best=38 target=38177 (999%)
[2026-10-01T17:42:28Z INFO  minertim::pool_connection] New job: HQUfBRgJvJNAUuvg (difficulty: 112501, target: 21950000)
[2026-10-01T17:42:30Z INFO  minertim] H/s 1m:2214.6 5m:2142.6 10m:2096.8 | Shares: 108/0 (found:108) | Diff: 112501 | 1m9s elapsed (since last share, avg 50s) | best=38 target=38177 (999%)
[2026-10-01T17:42:40Z INFO  minertim] H/s 1m:2214.8 5m:2142.5 10m:2096.9 | Shares: 108/0 (found:108) | Diff: 112501 | 1m19s elapsed (since last share, avg 50s) | best=38 target=38177 (999%)
[2026-10-01T17:42:44Z INFO  minertim::pool_connection] New job: yJquHi0q0N2diI3N (difficulty: 65747, target: 2dff0000)
[2026-10-01T17:42:48Z INFO  minertim::pool_connection] New job: 08yUfwj0HWDdXE5l (difficulty: 65747, target: 2dff0000)
[2026-10-01T17:42:48Z INFO  minertim::pool_connection] New job: omz1VIvU16LUQNCi (difficulty: 65747, target: 2dff0000)
[2026-10-01T17:42:50Z INFO  minertim] H/s 1m:2214.6 5m:2142.5 10m:2096.8 | Shares: 108/0 (found:108) | Diff: 65747 | 1m29s elapsed (since last share, avg 29s) | best=38 target=65325 (999%)
[2026-10-01T17:43:00Z INFO  minertim] H/s 1m:2216.6 5m:2154.9 10m:2097.0 | Shares: 108/0 (found:108) | Diff: 65747 | 1m39s elapsed (since last share, avg 29s) | best=38 target=65325 (999%)
[2026-10-01T17:43:08Z INFO  minertim::pool_connection] New job: fHt8LZA3na0odEa0 (difficulty: 65747, target: 2dff0000)
[2026-10-01T17:43:10Z INFO  minertim] H/s 1m:2215.0 5m:2154.6 10m:2096.8 | Shares: 108/0 (found:108) | Diff: 65747 | 1m49s elapsed (since last share, avg 29s) | best=38 target=65325 (999%)
[2026-10-01T17:43:20Z INFO  minertim] H/s 1m:2215.2 5m:2154.6 10m:2096.8 | Shares: 108/0 (found:108) | Diff: 65747 | 1m59s elapsed (since last share, avg 29s) | best=38 target=65325 (999%)
[2026-10-01T17:43:28Z INFO  minertim::pool_connection] New job: cJWTOaubl1yZ2vmT (difficulty: 65747, target: 2dff0000)
[2026-10-01T17:43:30Z INFO  minertim] H/s 1m:2215.1 5m:2154.6 10m:2096.8 | Shares: 108/0 (found:108) | Diff: 65747 | 2m9s elapsed (since last share, avg 29s) | best=38 target=65325 (999%)
[2026-10-01T17:43:35Z INFO  minertim::pool_connection] Donation: mining to Xmrig (donate-level 5%)
[2026-10-01T17:43:35Z INFO  minertim::pool_connection] Connecting to pool: monerohash.com:2222
[2026-10-01T17:43:35Z INFO  minertim::pool_connection] Connected to pool (plain TCP): monerohash.com:2222
[2026-10-01T17:43:35Z INFO  minertim::pool_connection] Login successful, session id: odAQaieX7Aicn2nt
[2026-10-01T17:43:35Z INFO  minertim::pool_connection] Initial job: 4abLgIAmBkW4vcU0 (difficulty: 50000, target: 8b4f0100)
[2026-10-01T17:43:40Z INFO  minertim] H/s 1m:2186.3 5m:2149.6 10m:2094.4 | Shares: 108/0 (found:108) | Diff: 50000 | 2m19s elapsed (since last share, avg 22s) | best=38 target=85899 (999%)
[2026-10-01T17:43:47Z INFO  minertim::miner] Worker 2 SHARE FOUND! job_id=4abLgIAmBkW4vcU0, nonce=6a52bb00, hash_val=30361, difficulty=50000, hash=83f4b08d54f87a6b0383d14caf9b14e5a9a5f8716815d9e380b3d3b599760000
[2026-10-01T17:43:48Z INFO  minertim::pool_connection] New job: 0VLFATJyF3xnrGGO (difficulty: 50000, target: 8b4f0100)
[2026-10-01T17:43:48Z INFO  minertim::pool_connection] Share submitted: rpc_id=209 job_id=4abLgIAmBkW4vcU0 nonce=6a52bb00
[2026-10-01T17:43:48Z INFO  minertim::pool_connection] Share accepted: rpc_id=209 job_id=4abLgIAmBkW4vcU0 nonce=6a52bb00 latency_ms=276
[2026-10-01T17:43:49Z INFO  minertim::pool_connection] New job: OkLYsr0CfbSJ1IcW (difficulty: 50000, target: 8b4f0100)
[2026-10-01T17:43:50Z INFO  minertim] H/s 1m:2174.8 5m:2147.7 10m:2093.4 | Shares: 109/0 (found:109) | Diff: 50000 | 3s elapsed (since last share, avg 22s) | best=38 target=85899 (999%)
[2026-10-01T17:43:57Z INFO  minertim::pool_connection] New job: hqRlnfqzsVMN0vGJ (difficulty: 75000, target: b2df0000)
[2026-10-01T17:44:00Z INFO  minertim] H/s 1m:2176.4 5m:2148.0 10m:2093.6 | Shares: 109/0 (found:109) | Diff: 75000 | 13s elapsed (since last share, avg 34s) | best=38 target=57266 (999%)
[2026-10-01T17:44:00Z INFO  minertim::miner] Worker 0 SHARE FOUND! job_id=hqRlnfqzsVMN0vGJ, nonce=7c68b900, hash_val=53481, difficulty=75000, hash=dec5539503202d306448c6c2a9f3eb1184614fae1162c6e1a984b6efe9d00000
[2026-10-01T17:44:09Z INFO  minertim::pool_connection] New job: DQXcje8ODgE32RMS (difficulty: 75000, target: b2df0000)
[2026-10-01T17:44:09Z INFO  minertim::pool_connection] Share submitted: rpc_id=210 job_id=hqRlnfqzsVMN0vGJ nonce=7c68b900
[2026-10-01T17:44:10Z INFO  minertim::pool_connection] Share accepted: rpc_id=210 job_id=hqRlnfqzsVMN0vGJ nonce=7c68b900 latency_ms=273
[2026-10-01T17:44:10Z INFO  minertim] H/s 1m:2107.6 5m:2136.2 10m:2095.4 | Shares: 110/0 (found:110) | Diff: 75000 | 9s elapsed (since last share, avg 35s) | best=38 target=57266 (999%)
[2026-10-01T17:44:10Z INFO  minertim::miner] Worker 0 SHARE FOUND! job_id=DQXcje8ODgE32RMS, nonce=8072b900, hash_val=6894, difficulty=75000, hash=1d347492b1f425fee03313ea1a7c0d1095135d2c5b6de1806dd83df2ee1a0000
[2026-10-01T17:44:20Z INFO  minertim] H/s 1m:2003.0 5m:2118.1 10m:2104.0 | Shares: 110/0 (found:111) | Diff: 75000 | 9s elapsed (since last share, avg 37s) | best=38 target=57266 (999%)
[2026-10-01T17:44:27Z INFO  minertim::pool_connection] New job: 6a2X0YO7riz3PtXw (difficulty: 112501, target: 21950000)
[2026-10-01T17:44:27Z INFO  minertim::pool_connection] Share submitted: rpc_id=212 job_id=DQXcje8ODgE32RMS nonce=8072b900
[2026-10-01T17:44:27Z INFO  minertim::pool_connection] Share accepted: rpc_id=212 job_id=DQXcje8ODgE32RMS nonce=8072b900 latency_ms=247
[2026-10-01T17:44:29Z INFO  minertim::pool_connection] New job: 0H0610wXXavW5836 (difficulty: 112501, target: 21950000)
[2026-10-01T17:44:30Z INFO  minertim] H/s 1m:1939.8 5m:2102.2 10m:2107.9 | Shares: 111/0 (found:111) | Diff: 112501 | 19s elapsed (since last share, avg 57s) | best=38 target=38177 (999%)
[2026-10-01T17:44:40Z INFO  minertim] H/s 1m:1951.4 5m:2102.4 10m:2107.9 | Shares: 111/0 (found:111) | Diff: 112501 | 29s elapsed (since last share, avg 57s) | best=38 target=38177 (999%)
[2026-10-01T17:44:49Z INFO  minertim::pool_connection] New job: AhM8eASr3LWyES4a (difficulty: 112501, target: 21950000)
[2026-10-01T17:44:50Z INFO  minertim] H/s 1m:1951.4 5m:2102.4 10m:2107.9 | Shares: 111/0 (found:111) | Diff: 112501 | 39s elapsed (since last share, avg 57s) | best=38 target=38177 (999%)
[2026-10-01T17:44:57Z INFO  minertim::pool_connection] New job: DvHkItjigHD3ckIb (difficulty: 168754, target: 6b630000)
[2026-10-01T17:45:00Z INFO  minertim] H/s 1m:2019.7 5m:2112.5 10m:2108.1 | Shares: 111/0 (found:111) | Diff: 168754 | 49s elapsed (since last share, avg 1m23s) | best=38 target=25451 (999%)
[2026-10-01T17:45:09Z INFO  minertim::pool_connection] New job: LI1oeYbjQZomwVmq (difficulty: 168754, target: 6b630000)
[2026-10-01T17:45:10Z INFO  minertim] H/s 1m:2122.0 5m:2130.3 10m:2107.9 | Shares: 111/0 (found:111) | Diff: 168754 | 59s elapsed (since last share, avg 1m19s) | best=38 target=25451 (999%)
[2026-10-01T17:45:20Z INFO  minertim] H/s 1m:2214.0 5m:2143.5 10m:2107.9 | Shares: 111/0 (found:111) | Diff: 168754 | 1m9s elapsed (since last share, avg 1m16s) | best=38 target=25451 (999%)
[2026-10-01T17:45:27Z INFO  minertim::pool_connection] New job: e9pmBrhcwW41IoCD (difficulty: 126564, target: 8f840000)
[2026-10-01T17:45:28Z INFO  minertim::pool_connection] New job: imSeQW9I0hK4mMAb (difficulty: 126564, target: 8f840000)
[2026-10-01T17:45:30Z INFO  minertim] H/s 1m:2213.7 5m:2143.4 10m:2107.9 | Shares: 111/0 (found:111) | Diff: 126564 | 1m19s elapsed (since last share, avg 57s) | best=38 target=33935 (999%)
[2026-10-01T17:45:40Z INFO  minertim] H/s 1m:2213.1 5m:2143.3 10m:2107.8 | Shares: 111/0 (found:111) | Diff: 126564 | 1m29s elapsed (since last share, avg 57s) | best=38 target=33935 (999%)
[2026-10-01T17:45:48Z INFO  minertim::pool_connection] New job: wFuk0DA2zbreXwT0 (difficulty: 126564, target: 8f840000)
[2026-10-01T17:45:50Z INFO  minertim] H/s 1m:2213.1 5m:2143.3 10m:2107.8 | Shares: 111/0 (found:111) | Diff: 126564 | 1m39s elapsed (since last share, avg 57s) | best=38 target=33935 (999%)
[2026-10-01T17:46:00Z INFO  minertim] H/s 1m:2215.5 5m:2151.6 10m:2108.0 | Shares: 111/0 (found:111) | Diff: 126564 | 1m49s elapsed (since last share, avg 57s) | best=38 target=33935 (999%)
[2026-10-01T17:46:05Z INFO  minertim::pool_connection] Donation: mining to User (donate-level 5%)
[2026-10-01T17:46:05Z INFO  minertim::pool_connection] Connecting to pool: monerohash.com:2222
[2026-10-01T17:46:05Z INFO  minertim::pool_connection] Connected to pool (plain TCP): monerohash.com:2222
[2026-10-01T17:46:05Z INFO  minertim::pool_connection] Login successful, session id: lOytTe38DzNh0otP
[2026-10-01T17:46:05Z INFO  minertim::pool_connection] Initial job: 0dXpwW9RlY5sX1Qe (difficulty: 50000, target: 8b4f0100)
[2026-10-01T17:46:08Z INFO  minertim::miner] Worker 0 SHARE FOUND! job_id=0dXpwW9RlY5sX1Qe, nonce=4cd3bc00, hash_val=24572, difficulty=50000, hash=43fb39ecfe7fc296fc0ddc583d1645ee29b5f580f9672d6172de4846fc5f0000
[2026-10-01T17:46:08Z INFO  minertim::pool_connection] New job: h65mdgaikmqlmn30 (difficulty: 50000, target: 8b4f0100)
[2026-10-01T17:46:08Z INFO  minertim::pool_connection] Share submitted: rpc_id=216 job_id=0dXpwW9RlY5sX1Qe nonce=4cd3bc00
[2026-10-01T17:46:09Z INFO  minertim::pool_connection] Share accepted: rpc_id=216 job_id=0dXpwW9RlY5sX1Qe nonce=4cd3bc00 latency_ms=308
[2026-10-01T17:46:10Z INFO  minertim] H/s 1m:2188.7 5m:2147.0 10m:2110.3 | Shares: 112/0 (found:112) | Diff: 50000 | 2s elapsed (since last share, avg 22s) | best=38 target=85899 (999%)
[2026-10-01T17:46:20Z INFO  minertim] H/s 1m:2183.1 5m:2157.1 10m:2114.3 | Shares: 112/0 (found:112) | Diff: 50000 | 12s elapsed (since last share, avg 22s) | best=38 target=85899 (999%)
[2026-10-01T17:46:27Z INFO  minertim::miner] Worker 2 SHARE FOUND! job_id=h65mdgaikmqlmn30, nonce=2eb8c000, hash_val=43096, difficulty=50000, hash=29a839e576ef9e480c57f8e2400bf2e31b540d6dc341f32cc819912158a80000
[2026-10-01T17:46:27Z INFO  minertim::pool_connection] New job: Y2QrKePemBuMxOG3 (difficulty: 75000, target: b2df0000)
[2026-10-01T17:46:27Z INFO  minertim::pool_connection] Share submitted: rpc_id=217 job_id=h65mdgaikmqlmn30 nonce=2eb8c000
[2026-10-01T17:46:28Z INFO  minertim::pool_connection] Share accepted: rpc_id=217 job_id=h65mdgaikmqlmn30 nonce=2eb8c000 latency_ms=306
[2026-10-01T17:46:28Z INFO  minertim::pool_connection] New job: xREsXz0H0hBD5dA3 (difficulty: 75000, target: b2df0000)
[2026-10-01T17:46:30Z INFO  minertim] H/s 1m:2183.7 5m:2157.1 10m:2118.7 | Shares: 113/0 (found:113) | Diff: 75000 | 3s elapsed (since last share, avg 34s) | best=38 target=57266 (999%)
[2026-10-01T17:46:40Z INFO  minertim] H/s 1m:2183.6 5m:2157.0 10m:2123.3 | Shares: 113/0 (found:113) | Diff: 75000 | 13s elapsed (since last share, avg 34s) | best=38 target=57266 (999%)
[2026-10-01T17:46:47Z INFO  minertim::miner] Worker 2 SHARE FOUND! job_id=xREsXz0H0hBD5dA3, nonce=ca5fc100, hash_val=40122, difficulty=75000, hash=2b9dd11dbb7d8060f0d9b22ec6434188877e0c16ebb59f7b30664c4dba9c0000
[2026-10-01T17:46:48Z INFO  minertim::pool_connection] New job: HGy0qHpi6LVc009X (difficulty: 75000, target: b2df0000)
[2026-10-01T17:46:48Z INFO  minertim::pool_connection] Share submitted: rpc_id=218 job_id=xREsXz0H0hBD5dA3 nonce=ca5fc100
[2026-10-01T17:46:48Z INFO  minertim::pool_connection] Share accepted: rpc_id=218 job_id=xREsXz0H0hBD5dA3 nonce=ca5fc100 latency_ms=307
[2026-10-01T17:46:50Z INFO  minertim] H/s 1m:2169.4 5m:2154.6 10m:2122.0 | Shares: 114/0 (found:114) | Diff: 75000 | 3s elapsed (since last share, avg 34s) | best=38 target=57266 (999%)
[2026-10-01T17:46:57Z INFO  minertim::pool_connection] New job: g2Y3O6820iR3Mq4q (difficulty: 112501, target: 21950000)
[2026-10-01T17:47:00Z INFO  minertim] H/s 1m:2197.0 5m:2155.0 10m:2122.3 | Shares: 114/0 (found:114) | Diff: 112501 | 13s elapsed (since last share, avg 51s) | best=38 target=38177 (999%)
[2026-10-01T17:47:08Z INFO  minertim::pool_connection] New job: KxiWU9VFfzGk90wl (difficulty: 112501, target: 21950000)
[2026-10-01T17:47:10Z INFO  minertim] H/s 1m:2200.4 5m:2154.6 10m:2135.5 | Shares: 114/0 (found:114) | Diff: 112501 | 23s elapsed (since last share, avg 51s) | best=38 target=38177 (999%)
[2026-10-01T17:47:20Z INFO  minertim] H/s 1m:2199.4 5m:2154.4 10m:2149.9 | Shares: 114/0 (found:114) | Diff: 112501 | 33s elapsed (since last share, avg 51s) | best=38 target=38177 (999%)
[2026-10-01T17:47:28Z INFO  minertim::pool_connection] New job: 2S8E0J45iTuSofOx (difficulty: 112501, target: 21950000)
[2026-10-01T17:47:28Z INFO  minertim::pool_connection] New job: Cok3E3S9RfGI1J8n (difficulty: 112501, target: 21950000)
[2026-10-01T17:47:30Z INFO  minertim] H/s 1m:2199.8 5m:2154.4 10m:2149.7 | Shares: 114/0 (found:114) | Diff: 112501 | 43s elapsed (since last share, avg 51s) | best=38 target=38177 (999%)
[2026-10-01T17:47:40Z INFO  minertim] H/s 1m:2213.9 5m:2154.4 10m:2149.6 | Shares: 114/0 (found:114) | Diff: 112501 | 53s elapsed (since last share, avg 50s) | best=38 target=38177 (999%)
[2026-10-01T17:47:48Z INFO  minertim::pool_connection] New job: ocdk7Vuf0Qwa11e8 (difficulty: 112501, target: 21950000)
[2026-10-01T17:47:50Z INFO  minertim] H/s 1m:2213.3 5m:2154.5 10m:2149.6 | Shares: 114/0 (found:114) | Diff: 112501 | 1m3s elapsed (since last share, avg 50s) | best=38 target=38177 (999%)
[2026-10-01T17:47:57Z INFO  minertim::pool_connection] New job: ARBLbbNMM8hVx6IN (difficulty: 73370, target: aae40000)
[2026-10-01T17:48:00Z INFO  minertim] H/s 1m:2216.3 5m:2154.8 10m:2155.8 | Shares: 114/0 (found:114) | Diff: 73370 | 1m13s elapsed (since last share, avg 33s) | best=38 target=58538 (999%)
[2026-10-01T17:48:08Z INFO  minertim::pool_connection] New job: M7CTzfkiPRfwswig (difficulty: 73370, target: aae40000)
[2026-10-01T17:48:10Z INFO  minertim] H/s 1m:2214.9 5m:2154.4 10m:2155.5 | Shares: 114/0 (found:114) | Diff: 73370 | 1m23s elapsed (since last share, avg 33s) | best=38 target=58538 (999%)
[2026-10-01T17:48:20Z INFO  minertim] H/s 1m:2215.1 5m:2154.4 10m:2155.6 | Shares: 114/0 (found:114) | Diff: 73370 | 1m33s elapsed (since last share, avg 33s) | best=38 target=58538 (999%)
[2026-10-01T17:48:28Z INFO  minertim::pool_connection] New job: o0lQKYGeuU8F83IX (difficulty: 73370, target: aae40000)
[2026-10-01T17:48:30Z INFO  minertim] H/s 1m:2215.2 5m:2159.4 10m:2155.6 | Shares: 114/0 (found:114) | Diff: 73370 | 1m43s elapsed (since last share, avg 33s) | best=38 target=58538 (999%)
[2026-10-01T17:48:31Z INFO  minertim::miner] Worker 1 SHARE FOUND! job_id=o0lQKYGeuU8F83IX, nonce=0532c600, hash_val=19657, difficulty=73370, hash=1575ef944628c4244ee65845377ffde61d99ac41d125085b2f6772afc94c0000
[2026-10-01T17:48:40Z INFO  minertim] H/s 1m:2108.2 5m:2143.0 10m:2146.5 | Shares: 114/0 (found:115) | Diff: 73370 | 9s elapsed (since last share, avg 34s) | best=38 target=58538 (999%)
[2026-10-01T17:48:48Z INFO  minertim::pool_connection] New job: 0O7ExqmRUWfZgTh4 (difficulty: 73370, target: aae40000)
[2026-10-01T17:48:48Z INFO  minertim::pool_connection] Share submitted: rpc_id=221 job_id=o0lQKYGeuU8F83IX nonce=0532c600
[2026-10-01T17:48:48Z INFO  minertim::pool_connection] Share accepted: rpc_id=221 job_id=o0lQKYGeuU8F83IX nonce=0532c600 latency_ms=306
[2026-10-01T17:48:50Z INFO  minertim] H/s 1m:2037.9 5m:2131.0 10m:2140.6 | Shares: 115/0 (found:115) | Diff: 73370 | 19s elapsed (since last share, avg 36s) | best=38 target=58538 (999%)
[2026-10-01T17:49:00Z INFO  minertim] H/s 1m:2040.4 5m:2142.8 10m:2140.8 | Shares: 115/0 (found:115) | Diff: 73370 | 29s elapsed (since last share, avg 35s) | best=38 target=58538 (999%)
[2026-10-01T17:49:06Z INFO  minertim::pool_connection] New job: yF3pUXkt0otdVAtx (difficulty: 73370, target: aae40000)
[2026-10-01T17:49:11Z INFO  minertim] H/s 1m:2037.7 5m:2160.4 10m:2140.6 | Shares: 115/0 (found:115) | Diff: 73370 | 39s elapsed (since last share, avg 36s) | best=38 target=58538 (999%)
[2026-10-01T17:49:21Z INFO  minertim] H/s 1m:2037.6 5m:2176.3 10m:2140.6 | Shares: 115/0 (found:115) | Diff: 73370 | 49s elapsed (since last share, avg 36s) | best=38 target=58538 (999%)
[2026-10-01T17:49:26Z INFO  minertim::pool_connection] New job: B3gXFD582ZCewP6f (difficulty: 73370, target: aae40000)
[2026-10-01T17:49:31Z INFO  minertim] H/s 1m:2144.5 5m:2176.3 10m:2140.6 | Shares: 115/0 (found:115) | Diff: 73370 | 59s elapsed (since last share, avg 34s) | best=38 target=58538 (999%)
[2026-10-01T17:49:40Z INFO  minertim::miner] Worker 0 SHARE FOUND! job_id=B3gXFD582ZCewP6f, nonce=fc01c400, hash_val=30969, difficulty=73370, hash=aaf25f96ab17e041fc411d822e25397a04574845268c53e103630ce7f9780000
[2026-10-01T17:49:41Z INFO  minertim] H/s 1m:2214.1 5m:2176.3 10m:2140.6 | Shares: 115/0 (found:116) | Diff: 73370 | 0s elapsed (since last share, avg 33s) | best=38 target=58538 (999%)
[2026-10-01T17:49:46Z INFO  minertim::pool_connection] New job: EbVCK0PaixulyZYO (difficulty: 73370, target: aae40000)
[2026-10-01T17:49:46Z INFO  minertim::pool_connection] Share submitted: rpc_id=223 job_id=B3gXFD582ZCewP6f nonce=fc01c400
[2026-10-01T17:49:46Z INFO  minertim::pool_connection] Share accepted: rpc_id=223 job_id=B3gXFD582ZCewP6f nonce=fc01c400 latency_ms=332
[2026-10-01T17:49:49Z INFO  minertim::miner] Worker 3 SHARE FOUND! job_id=EbVCK0PaixulyZYO, nonce=db13c800, hash_val=15505, difficulty=73370, hash=54257893768e14d88feb43e111e85d50fb01ed2a846fcdc2e94ec29d913c0000
[2026-10-01T17:49:51Z INFO  minertim] H/s 1m:2138.9 5m:2163.4 10m:2134.3 | Shares: 116/0 (found:117) | Diff: 73370 | 1s elapsed (since last share, avg 34s) | best=38 target=58538 (999%)
[2026-10-01T17:49:55Z INFO  minertim::miner] Worker 1 SHARE FOUND! job_id=EbVCK0PaixulyZYO, nonce=b57ec800, hash_val=23925, difficulty=73370, hash=5a05c0a63017af2d8db111959dd99aea83f846d6a1168cfc1cfed93b755d0000
[2026-10-01T17:50:01Z INFO  minertim] H/s 1m:1981.9 5m:2136.3 10m:2125.7 | Shares: 116/0 (found:118) | Diff: 73370 | 5s elapsed (since last share, avg 37s) | best=38 target=58538 (999%)
[2026-10-01T17:50:01Z INFO  minertim::pool_connection] Share submitted: rpc_id=225 job_id=EbVCK0PaixulyZYO nonce=b57ec800
[2026-10-01T17:50:01Z INFO  minertim::pool_connection] Share submitted: rpc_id=224 job_id=EbVCK0PaixulyZYO nonce=db13c800
[2026-10-01T17:50:02Z INFO  minertim::pool_connection] Share accepted: rpc_id=225 job_id=EbVCK0PaixulyZYO nonce=b57ec800 latency_ms=256
[2026-10-01T17:50:02Z INFO  minertim::pool_connection] Share accepted: rpc_id=224 job_id=EbVCK0PaixulyZYO nonce=db13c800 latency_ms=545
[2026-10-01T17:50:06Z INFO  minertim::pool_connection] New job: mUk2imDyvxhgBacC (difficulty: 73370, target: aae40000)
[2026-10-01T17:50:11Z INFO  minertim] H/s 1m:1922.2 5m:2126.0 10m:2129.6 | Shares: 118/0 (found:118) | Diff: 73370 | 15s elapsed (since last share, avg 38s) | best=38 target=58538 (999%)
[2026-10-01T17:50:21Z INFO  minertim] H/s 1m:1922.0 5m:2126.0 10m:2136.1 | Shares: 118/0 (found:118) | Diff: 73370 | 25s elapsed (since last share, avg 38s) | best=38 target=58538 (999%)
[2026-10-01T17:50:25Z INFO  minertim::miner] Worker 0 SHARE FOUND! job_id=mUk2imDyvxhgBacC, nonce=fc5bc500, hash_val=32093, difficulty=73370, hash=cce454d33df9c904339d04d8173838d6f311305b73cc2325cad1607e5d7d0000
[2026-10-01T17:50:26Z INFO  minertim::pool_connection] New job: N7oVy6W0hCIi9fId (difficulty: 73370, target: aae40000)
[2026-10-01T17:50:26Z INFO  minertim::pool_connection] Share submitted: rpc_id=227 job_id=mUk2imDyvxhgBacC nonce=fc5bc500
[2026-10-01T17:50:26Z INFO  minertim::pool_connection] Share accepted: rpc_id=227 job_id=mUk2imDyvxhgBacC nonce=fc5bc500 latency_ms=305
[2026-10-01T17:50:27Z INFO  minertim::pool_connection] New job: 12nqyXS6du05OEhV (difficulty: 110056, target: 71980000)
[2026-10-01T17:50:31Z INFO  minertim] H/s 1m:1918.5 5m:2125.5 10m:2135.8 | Shares: 119/0 (found:119) | Diff: 110056 | 5s elapsed (since last share, avg 57s) | best=38 target=39025 (999%)
[2026-10-01T17:50:35Z INFO  minertim::miner] Worker 0 SHARE FOUND! job_id=12nqyXS6du05OEhV, nonce=1cafc500, hash_val=2318, difficulty=110056, hash=9d76e3950d4b6246e85d32d3dd551d97c1a4d89a75321d53260c410e0e090000
[2026-10-01T17:50:41Z INFO  minertim] H/s 1m:1939.3 5m:2116.2 10m:2131.2 | Shares: 119/0 (found:120) | Diff: 110056 | 5s elapsed (since last share, avg 56s) | best=38 target=39025 (999%)
[2026-10-01T17:50:45Z INFO  minertim::pool_connection] New job: W2b39sEf4kYmCK5B (difficulty: 110056, target: 71980000)
[2026-10-01T17:50:45Z INFO  minertim::pool_connection] Share submitted: rpc_id=228 job_id=12nqyXS6du05OEhV nonce=1cafc500
[2026-10-01T17:50:46Z INFO  minertim::pool_connection] Share accepted: rpc_id=228 job_id=12nqyXS6du05OEhV nonce=1cafc500 latency_ms=253
[2026-10-01T17:50:51Z INFO  minertim] H/s 1m:2097.1 5m:2115.9 10m:2131.1 | Shares: 120/0 (found:120) | Diff: 110056 | 15s elapsed (since last share, avg 52s) | best=38 target=39025 (999%)
[2026-10-01T17:50:57Z INFO  minertim::pool_connection] New job: PY7WsFCVv5aK9NOO (difficulty: 165083, target: a1650000)
[2026-10-01T17:51:01Z INFO  minertim] H/s 1m:2156.4 5m:2120.4 10m:2135.1 | Shares: 120/0 (found:120) | Diff: 165083 | 25s elapsed (since last share, avg 1m16s) | best=38 target=26017 (999%)
[2026-10-01T17:51:05Z INFO  minertim::pool_connection] New job: avSTc8NFrGwKlyAG (difficulty: 165083, target: a1650000)
[2026-10-01T17:51:11Z INFO  minertim] H/s 1m:2154.9 5m:2121.1 10m:2135.0 | Shares: 120/0 (found:120) | Diff: 165083 | 35s elapsed (since last share, avg 1m16s) | best=38 target=26017 (999%)
[2026-10-01T17:51:21Z INFO  minertim] H/s 1m:2158.5 5m:2121.1 10m:2140.4 | Shares: 120/0 (found:120) | Diff: 165083 | 45s elapsed (since last share, avg 1m16s) | best=38 target=26017 (999%)
[2026-10-01T17:51:23Z INFO  minertim::miner] Worker 3 SHARE FOUND! job_id=avSTc8NFrGwKlyAG, nonce=2bd7ca00, hash_val=14559, difficulty=165083, hash=4c12eada662013fddbb860d4d64f91e5176a3fc0a29bce38b3257214df380000
[2026-10-01T17:51:25Z INFO  minertim::pool_connection] New job: 4MzLk4ehDYg7Mato (difficulty: 165083, target: a1650000)
[2026-10-01T17:51:25Z INFO  minertim::pool_connection] Share submitted: rpc_id=230 job_id=avSTc8NFrGwKlyAG nonce=2bd7ca00
[2026-10-01T17:51:25Z INFO  minertim::pool_connection] Share accepted: rpc_id=230 job_id=avSTc8NFrGwKlyAG nonce=2bd7ca00 latency_ms=251
[2026-10-01T17:51:28Z INFO  minertim::pool_connection] New job: Bwv54u1I12Miyo3s (difficulty: 165083, target: a1650000)
[2026-10-01T17:51:31Z INFO  minertim] H/s 1m:2188.5 5m:2117.0 10m:2138.3 | Shares: 121/0 (found:121) | Diff: 165083 | 7s elapsed (since last share, avg 1m15s) | best=38 target=26017 (999%)
[2026-10-01T17:51:41Z INFO  minertim] H/s 1m:2190.0 5m:2119.4 10m:2138.3 | Shares: 121/0 (found:121) | Diff: 165083 | 17s elapsed (since last share, avg 1m15s) | best=38 target=26017 (999%)
[2026-10-01T17:51:48Z INFO  minertim::pool_connection] New job: 0NncIFP9s6zU6VfQ (difficulty: 165083, target: a1650000)
[2026-10-01T17:51:51Z INFO  minertim] H/s 1m:2190.6 5m:2119.3 10m:2138.3 | Shares: 121/0 (found:121) | Diff: 165083 | 27s elapsed (since last share, avg 1m15s) | best=38 target=26017 (999%)
[2026-10-01T17:52:01Z INFO  minertim] H/s 1m:2191.7 5m:2119.6 10m:2138.5 | Shares: 121/0 (found:121) | Diff: 165083 | 37s elapsed (since last share, avg 1m15s) | best=38 target=26017 (999%)
[2026-10-01T17:52:08Z INFO  minertim::pool_connection] New job: a2SSW2B6fmV9wOCS (difficulty: 165083, target: a1650000)
[2026-10-01T17:52:11Z INFO  minertim] H/s 1m:2187.8 5m:2119.1 10m:2138.1 | Shares: 121/0 (found:121) | Diff: 165083 | 47s elapsed (since last share, avg 1m15s) | best=38 target=26017 (999%)
[2026-10-01T17:52:21Z INFO  minertim] H/s 1m:2208.6 5m:2118.5 10m:2137.8 | Shares: 121/0 (found:121) | Diff: 165083 | 57s elapsed (since last share, avg 1m14s) | best=38 target=26017 (999%)
[2026-10-01T17:52:28Z INFO  minertim::pool_connection] New job: epLihZGR09i7ZroH (difficulty: 165083, target: a1650000)
[2026-10-01T17:52:31Z INFO  minertim] H/s 1m:2201.8 5m:2117.3 10m:2137.2 | Shares: 121/0 (found:121) | Diff: 165083 | 1m7s elapsed (since last share, avg 1m14s) | best=38 target=26017 (999%)
[2026-10-01T17:52:41Z INFO  minertim] H/s 1m:2197.2 5m:2116.5 10m:2136.9 | Shares: 121/0 (found:121) | Diff: 165083 | 1m17s elapsed (since last share, avg 1m15s) | best=38 target=26017 (999%)
[2026-10-01T17:52:47Z INFO  minertim::pool_connection] New job: 7E4050RvCG3PwYgH (difficulty: 165083, target: a1650000)
[2026-10-01T17:52:51Z INFO  minertim] H/s 1m:2193.0 5m:2115.6 10m:2136.5 | Shares: 121/0 (found:121) | Diff: 165083 | 1m27s elapsed (since last share, avg 1m15s) | best=38 target=26017 (999%)
[2026-10-01T17:52:58Z INFO  minertim::pool_connection] New job: zRhnW4EVunGv0Ngu (difficulty: 113416, target: ed930000)
[2026-10-01T17:53:01Z INFO  minertim] H/s 1m:2191.4 5m:2115.1 10m:2136.1 | Shares: 121/0 (found:121) | Diff: 113416 | 1m37s elapsed (since last share, avg 51s) | best=38 target=37869 (999%)
[2026-10-01T17:53:07Z INFO  minertim::pool_connection] New job: nKLu3Q7IS0hYQiYz (difficulty: 113416, target: ed930000)
[2026-10-01T17:53:11Z INFO  minertim] H/s 1m:2190.7 5m:2114.3 10m:2135.8 | Shares: 121/0 (found:121) | Diff: 113416 | 1m47s elapsed (since last share, avg 51s) | best=38 target=37869 (999%)
[2026-10-01T17:53:21Z INFO  minertim] H/s 1m:2193.0 5m:2113.5 10m:2135.4 | Shares: 121/0 (found:121) | Diff: 113416 | 1m57s elapsed (since last share, avg 51s) | best=38 target=37869 (999%)
[2026-10-01T17:53:27Z INFO  minertim::pool_connection] New job: 8ddNZ6aIR399LBBS (difficulty: 113416, target: ed930000)
[2026-10-01T17:53:31Z INFO  minertim] H/s 1m:2195.9 5m:2131.7 10m:2137.7 | Shares: 121/0 (found:121) | Diff: 113416 | 2m7s elapsed (since last share, avg 51s) | best=38 target=37869 (999%)
[2026-10-01T17:53:37Z INFO  minertim::miner] Worker 2 SHARE FOUND! job_id=8ddNZ6aIR399LBBS, nonce=ba36cf00, hash_val=7145, difficulty=113416, hash=81fca39c516632ef5c96d9013ba8361dca3681b9310928d01833ea91e91b0000
[2026-10-01T17:53:41Z INFO  minertim] H/s 1m:2144.6 5m:2134.0 10m:2133.9 | Shares: 121/0 (found:122) | Diff: 113416 | 4s elapsed (since last share, avg 52s) | best=38 target=37869 (999%)
[2026-10-01T17:53:47Z INFO  minertim::pool_connection] New job: oOuxQsIMmc0iYyon (difficulty: 113416, target: ed930000)
[2026-10-01T17:53:47Z INFO  minertim::pool_connection] Share submitted: rpc_id=233 job_id=8ddNZ6aIR399LBBS nonce=ba36cf00
[2026-10-01T17:53:47Z INFO  minertim::pool_connection] Share accepted: rpc_id=233 job_id=8ddNZ6aIR399LBBS nonce=ba36cf00 latency_ms=292
[2026-10-01T17:53:51Z INFO  minertim] H/s 1m:2072.8 5m:2120.6 10m:2127.4 | Shares: 122/0 (found:122) | Diff: 113416 | 14s elapsed (since last share, avg 54s) | best=38 target=37869 (999%)
[2026-10-01T17:54:01Z INFO  minertim] H/s 1m:2076.1 5m:2120.9 10m:2133.1 | Shares: 122/0 (found:122) | Diff: 113416 | 24s elapsed (since last share, avg 54s) | best=38 target=37869 (999%)
[2026-10-01T17:54:07Z INFO  minertim::pool_connection] New job: wCHvKGvUxhXQ8fwh (difficulty: 113416, target: ed930000)
[2026-10-01T17:54:11Z INFO  minertim] H/s 1m:2077.5 5m:2120.4 10m:2141.7 | Shares: 122/0 (found:122) | Diff: 113416 | 34s elapsed (since last share, avg 54s) | best=38 target=37869 (999%)
[2026-10-01T17:54:21Z INFO  minertim] H/s 1m:2077.6 5m:2120.1 10m:2149.4 | Shares: 122/0 (found:122) | Diff: 113416 | 44s elapsed (since last share, avg 54s) | best=38 target=37869 (999%)
[2026-10-01T17:54:27Z INFO  minertim::pool_connection] New job: QFbUnYmIiwHixVGa (difficulty: 113416, target: ed930000)
[2026-10-01T17:54:31Z INFO  minertim] H/s 1m:2132.9 5m:2120.0 10m:2149.3 | Shares: 122/0 (found:122) | Diff: 113416 | 54s elapsed (since last share, avg 53s) | best=38 target=37869 (999%)
[2026-10-01T17:54:41Z INFO  minertim] H/s 1m:2209.2 5m:2132.8 10m:2149.2 | Shares: 122/0 (found:122) | Diff: 113416 | 1m4s elapsed (since last share, avg 51s) | best=38 target=37869 (999%)
[2026-10-01T17:54:47Z INFO  minertim::pool_connection] New job: nNHqCNtSsaMpWA7z (difficulty: 113416, target: ed930000)
[2026-10-01T17:54:51Z INFO  minertim] H/s 1m:2208.6 5m:2160.0 10m:2149.1 | Shares: 122/0 (found:122) | Diff: 113416 | 1m14s elapsed (since last share, avg 51s) | best=38 target=37869 (999%)
[2026-10-01T17:54:56Z INFO  minertim::miner] Worker 2 SHARE FOUND! job_id=nNHqCNtSsaMpWA7z, nonce=6e8ed100, hash_val=1576, difficulty=113416, hash=586b7a9ed33537eafe074c2018ed24b9621647a6a2015685fe51c9ea28060000
[2026-10-01T17:54:58Z INFO  minertim::pool_connection] New job: iHMwWMuY6ZcJEs1Y (difficulty: 84360, target: e0c60000)
[2026-10-01T17:54:58Z INFO  minertim::pool_connection] Share submitted: rpc_id=235 job_id=nNHqCNtSsaMpWA7z nonce=6e8ed100
[2026-10-01T17:54:58Z INFO  minertim::pool_connection] Share accepted: rpc_id=235 job_id=nNHqCNtSsaMpWA7z nonce=6e8ed100 latency_ms=252
[2026-10-01T17:55:01Z INFO  minertim] H/s 1m:2202.9 5m:2168.7 10m:2148.5 | Shares: 123/0 (found:123) | Diff: 84360 | 4s elapsed (since last share, avg 38s) | best=38 target=50912 (999%)
[2026-10-01T17:55:07Z INFO  minertim::pool_connection] New job: p5A5NnHLqOynRGVW (difficulty: 84360, target: e0c60000)
[2026-10-01T17:55:11Z INFO  minertim] H/s 1m:2201.7 5m:2168.3 10m:2148.3 | Shares: 123/0 (found:123) | Diff: 84360 | 14s elapsed (since last share, avg 38s) | best=38 target=50912 (999%)
[2026-10-01T17:55:13Z INFO  minertim::miner] Worker 3 SHARE FOUND! job_id=p5A5NnHLqOynRGVW, nonce=7b83d200, hash_val=15692, difficulty=84360, hash=39d27cbd6ad01d41e8a231a4e9bfc5999492aeea50ad87ed029f18f24c3d0000
[2026-10-01T17:55:21Z INFO  minertim] H/s 1m:2147.6 5m:2159.5 10m:2143.7 | Shares: 123/0 (found:124) | Diff: 84360 | 7s elapsed (since last share, avg 39s) | best=38 target=50912 (999%)
[2026-10-01T17:55:26Z INFO  minertim::pool_connection] New job: o1nP5Bj50wgnYInZ (difficulty: 84360, target: e0c60000)
[2026-10-01T17:55:26Z INFO  minertim::pool_connection] Share submitted: rpc_id=237 job_id=p5A5NnHLqOynRGVW nonce=7b83d200
[2026-10-01T17:55:27Z INFO  minertim::pool_connection] Share accepted: rpc_id=237 job_id=p5A5NnHLqOynRGVW nonce=7b83d200 latency_ms=299
[2026-10-01T17:55:28Z INFO  minertim::pool_connection] New job: Nch21WwA2zOL0XOo (difficulty: 126542, target: 95840000)
[2026-10-01T17:55:31Z INFO  minertim] H/s 1m:2060.3 5m:2153.6 10m:2136.2 | Shares: 124/0 (found:124) | Diff: 126542 | 17s elapsed (since last share, avg 1m1s) | best=38 target=33941 (999%)
[2026-10-01T17:55:41Z INFO  minertim] H/s 1m:2061.6 5m:2153.9 10m:2136.3 | Shares: 124/0 (found:124) | Diff: 126542 | 27s elapsed (since last share, avg 1m1s) | best=38 target=33941 (999%)
[2026-10-01T17:55:46Z INFO  minertim::pool_connection] New job: aR8OKVqUXmzHFztG (difficulty: 126542, target: 95840000)
[2026-10-01T17:55:51Z INFO  minertim] H/s 1m:2070.5 5m:2153.9 10m:2136.2 | Shares: 124/0 (found:124) | Diff: 126542 | 37s elapsed (since last share, avg 1m1s) | best=38 target=33941 (999%)
[2026-10-01T17:56:01Z INFO  minertim] H/s 1m:2071.3 5m:2153.9 10m:2138.4 | Shares: 124/0 (found:124) | Diff: 126542 | 47s elapsed (since last share, avg 1m1s) | best=38 target=33941 (999%)
[2026-10-01T17:56:06Z INFO  minertim::pool_connection] New job: sd79EnN0lNbWW9vM (difficulty: 126542, target: 95840000)
[2026-10-01T17:56:11Z INFO  minertim] H/s 1m:2123.3 5m:2153.4 10m:2138.6 | Shares: 124/0 (found:124) | Diff: 126542 | 57s elapsed (since last share, avg 59s) | best=38 target=33941 (999%)
[2026-10-01T17:56:21Z INFO  minertim] H/s 1m:2210.5 5m:2157.4 10m:2138.5 | Shares: 124/0 (found:124) | Diff: 126542 | 1m7s elapsed (since last share, avg 57s) | best=38 target=33941 (999%)
[2026-10-01T17:56:26Z INFO  minertim::pool_connection] New job: rm0AOTisKxnJ2Amn (difficulty: 126542, target: 95840000)
[2026-10-01T17:56:28Z INFO  minertim::pool_connection] New job: DkxcwUZutXT4i7Ev (difficulty: 93348, target: bab30000)
[2026-10-01T17:56:31Z INFO  minertim] H/s 1m:2210.1 5m:2157.3 10m:2138.5 | Shares: 124/0 (found:124) | Diff: 93348 | 1m17s elapsed (since last share, avg 42s) | best=38 target=46010 (999%)
[2026-10-01T17:56:41Z INFO  minertim] H/s 1m:2209.6 5m:2157.2 10m:2139.6 | Shares: 124/0 (found:124) | Diff: 93348 | 1m27s elapsed (since last share, avg 42s) | best=38 target=46010 (999%)
[2026-10-01T17:56:46Z INFO  minertim::pool_connection] New job: BuZ64EY8yiSPysyY (difficulty: 93348, target: bab30000)
[2026-10-01T17:56:51Z INFO  minertim] H/s 1m:2210.4 5m:2157.1 10m:2139.5 | Shares: 124/0 (found:124) | Diff: 93348 | 1m37s elapsed (since last share, avg 42s) | best=38 target=46010 (999%)
[2026-10-01T17:57:01Z INFO  minertim] H/s 1m:2211.9 5m:2157.5 10m:2139.6 | Shares: 124/0 (found:124) | Diff: 93348 | 1m47s elapsed (since last share, avg 42s) | best=38 target=46010 (999%)
[2026-10-01T17:57:06Z INFO  minertim::pool_connection] New job: WYYtj0MXBM3RJaT3 (difficulty: 93348, target: bab30000)
[2026-10-01T17:57:11Z INFO  minertim] H/s 1m:2209.7 5m:2157.6 10m:2139.4 | Shares: 124/0 (found:124) | Diff: 93348 | 1m57s elapsed (since last share, avg 42s) | best=38 target=46010 (999%)
[2026-10-01T17:57:21Z INFO  minertim] H/s 1m:2210.1 5m:2158.8 10m:2139.4 | Shares: 124/0 (found:124) | Diff: 93348 | 2m7s elapsed (since last share, avg 42s) | best=38 target=46010 (999%)
[2026-10-01T17:57:25Z INFO  minertim::pool_connection] New job: NZgBvYdofd0HAh0m (difficulty: 93348, target: bab30000)
[2026-10-01T17:57:28Z INFO  minertim::pool_connection] New job: 01V3kH7hGwyJE6P1 (difficulty: 70011, target: a3ef0000)
[2026-10-01T17:57:30Z INFO  minertim::miner] Worker 3 SHARE FOUND! job_id=01V3kH7hGwyJE6P1, nonce=ebadd600, hash_val=48050, difficulty=70011, hash=5b2b6c9443917bf583a8196fb12d736017d380c65bb2442d305922d8b2bb0000
[2026-10-01T17:57:31Z INFO  minertim::pool_connection] Share submitted: rpc_id=240 job_id=01V3kH7hGwyJE6P1 nonce=ebadd600
[2026-10-01T17:57:31Z INFO  minertim] H/s 1m:2210.2 5m:2159.4 10m:2139.3 | Shares: 124/0 (pending:1) (found:125) | Diff: 70011 | 1s elapsed (since last share, avg 31s) | best=38 target=61347 (999%)
[2026-10-01T17:57:31Z INFO  minertim::pool_connection] Share accepted: rpc_id=240 job_id=01V3kH7hGwyJE6P1 nonce=ebadd600 latency_ms=269
[2026-10-01T17:57:41Z INFO  minertim] H/s 1m:2201.9 5m:2158.7 10m:2138.5 | Shares: 125/0 (found:125) | Diff: 70011 | 11s elapsed (since last share, avg 31s) | best=38 target=61347 (999%)
[2026-10-01T17:57:45Z INFO  minertim::pool_connection] New job: 1wSWVlBdHHW5jY0y (difficulty: 70011, target: a3ef0000)
[2026-10-01T17:57:51Z INFO  minertim] H/s 1m:2202.6 5m:2159.5 10m:2138.4 | Shares: 125/0 (found:125) | Diff: 70011 | 21s elapsed (since last share, avg 31s) | best=38 target=61347 (999%)
[2026-10-01T17:57:58Z INFO  minertim::pool_connection] New job: xv6fI060pkPL1QqH (difficulty: 105019, target: c19f0000)
[2026-10-01T17:58:01Z INFO  minertim] H/s 1m:2203.6 5m:2159.8 10m:2138.4 | Shares: 125/0 (found:125) | Diff: 105019 | 31s elapsed (since last share, avg 47s) | best=38 target=40897 (999%)
[2026-10-01T17:58:05Z INFO  minertim::pool_connection] New job: EkT06cZhGNkQCK2R (difficulty: 105019, target: c19f0000)
[2026-10-01T17:58:11Z INFO  minertim] H/s 1m:2200.8 5m:2160.1 10m:2138.2 | Shares: 125/0 (found:125) | Diff: 105019 | 41s elapsed (since last share, avg 47s) | best=38 target=40897 (999%)
[2026-10-01T17:58:14Z INFO  minertim::miner] Worker 0 SHARE FOUND! job_id=EkT06cZhGNkQCK2R, nonce=04d7d400, hash_val=31839, difficulty=105019, hash=69217526c4813d956bea35f0fdb77a1981680294036134fbccb8fd0c5f7c0000
[2026-10-01T17:58:21Z INFO  minertim] H/s 1m:2089.9 5m:2141.2 10m:2128.7 | Shares: 125/0 (found:126) | Diff: 105019 | 6s elapsed (since last share, avg 50s) | best=38 target=40897 (999%)
[2026-10-01T17:58:24Z INFO  minertim::pool_connection] Share submitted: rpc_id=242 job_id=EkT06cZhGNkQCK2R nonce=04d7d400
[2026-10-01T17:58:24Z INFO  minertim::pool_connection] Share accepted: rpc_id=242 job_id=EkT06cZhGNkQCK2R nonce=04d7d400 latency_ms=316
[2026-10-01T17:58:25Z INFO  minertim::pool_connection] New job: cqHgPKH37p4P90pW (difficulty: 105019, target: c19f0000)
[2026-10-01T17:58:31Z INFO  minertim] H/s 1m:2087.6 5m:2148.8 10m:2136.8 | Shares: 126/0 (found:126) | Diff: 105019 | 16s elapsed (since last share, avg 50s) | best=38 target=40897 (999%)
[2026-10-01T17:58:33Z INFO  minertim::pool_connection] New job: FGD8GCltqJ0n1ZKM (difficulty: 105019, target: c19f0000)
[2026-10-01T17:58:41Z INFO  minertim] H/s 1m:2087.2 5m:2162.0 10m:2142.6 | Shares: 126/0 (found:126) | Diff: 105019 | 26s elapsed (since last share, avg 50s) | best=38 target=40897 (999%)
[2026-10-01T17:58:51Z INFO  minertim] H/s 1m:2089.0 5m:2162.1 10m:2142.5 | Shares: 126/0 (found:126) | Diff: 105019 | 36s elapsed (since last share, avg 50s) | best=38 target=40897 (999%)
[2026-10-01T17:58:53Z INFO  minertim::pool_connection] New job: vUpDsnAHUTyzPt3a (difficulty: 105019, target: c19f0000)
[2026-10-01T17:59:01Z INFO  minertim] H/s 1m:2091.9 5m:2162.6 10m:2142.7 | Shares: 126/0 (found:126) | Diff: 105019 | 46s elapsed (since last share, avg 50s) | best=38 target=40897 (999%)
[2026-10-01T17:59:11Z INFO  minertim] H/s 1m:2199.8 5m:2162.2 10m:2142.5 | Shares: 126/0 (found:126) | Diff: 105019 | 56s elapsed (since last share, avg 47s) | best=38 target=40897 (999%)
[2026-10-01T17:59:13Z INFO  minertim::pool_connection] New job: yE9f7kZrNcup3sP2 (difficulty: 105019, target: c19f0000)
[2026-10-01T17:59:21Z INFO  minertim] H/s 1m:2211.0 5m:2162.3 10m:2142.4 | Shares: 126/0 (found:126) | Diff: 105019 | 1m6s elapsed (since last share, avg 47s) | best=38 target=40897 (999%)
[2026-10-01T17:59:31Z INFO  minertim] H/s 1m:2211.0 5m:2162.3 10m:2142.3 | Shares: 126/0 (found:126) | Diff: 105019 | 1m16s elapsed (since last share, avg 47s) | best=38 target=40897 (999%)
[2026-10-01T17:59:32Z INFO  minertim::pool_connection] New job: 0DuQmku1VGZ23BuD (difficulty: 105019, target: c19f0000)
[2026-10-01T17:59:41Z INFO  minertim] H/s 1m:2210.9 5m:2162.4 10m:2148.6 | Shares: 126/0 (found:126) | Diff: 105019 | 1m26s elapsed (since last share, avg 47s) | best=38 target=40897 (999%)
[2026-10-01T17:59:51Z INFO  minertim] H/s 1m:2210.1 5m:2163.8 10m:2162.1 | Shares: 126/0 (found:126) | Diff: 105019 | 1m36s elapsed (since last share, avg 47s) | best=38 target=40897 (999%)
[2026-10-01T17:59:52Z INFO  minertim::pool_connection] New job: OmRvmeMSDI0098o1 (difficulty: 105019, target: c19f0000)
[2026-10-01T17:59:58Z INFO  minertim::pool_connection] New job: LuiNMXKNOgDHC51r (difficulty: 64296, target: ef040100)
[2026-10-01T18:00:01Z INFO  minertim] H/s 1m:2211.8 5m:2164.0 10m:2167.0 | Shares: 126/0 (found:126) | Diff: 64296 | 1m46s elapsed (since last share, avg 29s) | best=38 target=66799 (999%)
[2026-10-01T18:00:11Z INFO  minertim] H/s 1m:2206.5 5m:2172.5 10m:2166.5 | Shares: 126/0 (found:126) | Diff: 64296 | 1m56s elapsed (since last share, avg 29s) | best=38 target=66799 (999%)
[2026-10-01T18:00:12Z INFO  minertim::pool_connection] New job: JLsBeckpVBLMHGOs (difficulty: 64296, target: ef040100)
[2026-10-01T18:00:21Z INFO  minertim] H/s 1m:2207.2 5m:2187.6 10m:2166.8 | Shares: 126/0 (found:126) | Diff: 64296 | 2m6s elapsed (since last share, avg 29s) | best=38 target=66799 (999%)
[2026-10-01T18:00:31Z INFO  minertim] H/s 1m:2206.7 5m:2187.5 10m:2171.3 | Shares: 126/0 (found:126) | Diff: 64296 | 2m16s elapsed (since last share, avg 29s) | best=38 target=66799 (999%)
[2026-10-01T18:00:32Z INFO  minertim::pool_connection] New job: PnnoPCzWXnkJAUfi (difficulty: 64296, target: ef040100)
[2026-10-01T18:00:41Z INFO  minertim] H/s 1m:2207.7 5m:2187.5 10m:2171.5 | Shares: 126/0 (found:126) | Diff: 64296 | 2m26s elapsed (since last share, avg 29s) | best=38 target=66799 (999%)
[2026-10-01T18:00:51Z INFO  minertim] H/s 1m:2209.6 5m:2187.8 10m:2171.5 | Shares: 126/0 (found:126) | Diff: 64296 | 2m36s elapsed (since last share, avg 29s) | best=38 target=66799 (999%)
[2026-10-01T18:00:52Z INFO  minertim::pool_connection] New job: 8d5ReKCUIv4KpxiQ (difficulty: 64296, target: ef040100)
[2026-10-01T18:00:58Z INFO  minertim::pool_connection] New job: r6RWzdfJ7vwP5HK1 (difficulty: 50000, target: 8b4f0100)
[2026-10-01T18:01:01Z INFO  minertim] H/s 1m:2215.4 5m:2188.4 10m:2171.7 | Shares: 126/0 (found:126) | Diff: 50000 | 2m46s elapsed (since last share, avg 22s) | best=38 target=85899 (999%)
[2026-10-01T18:01:11Z INFO  minertim] H/s 1m:2213.3 5m:2188.1 10m:2171.4 | Shares: 126/0 (found:126) | Diff: 50000 | 2m56s elapsed (since last share, avg 22s) | best=38 target=85899 (999%)
[2026-10-01T18:01:12Z INFO  minertim::pool_connection] New job: o40G9PXJBQC0Wm0w (difficulty: 50000, target: 8b4f0100)
[2026-10-01T18:01:13Z INFO  minertim::pool_connection] New job: WXTxMo98sbee2c0N (difficulty: 50000, target: 8b4f0100)
[2026-10-01T18:01:21Z INFO  minertim] H/s 1m:2214.6 5m:2188.2 10m:2173.5 | Shares: 126/0 (found:126) | Diff: 50000 | 3m6s elapsed (since last share, avg 22s) | best=38 target=85899 (999%)
[2026-10-01T18:01:26Z INFO  minertim::pool_connection] New job: PzAa2p0fX3wdbYxQ (difficulty: 50000, target: 8b4f0100)
[2026-10-01T18:01:30Z INFO  minertim::miner] Worker 3 SHARE FOUND! job_id=PzAa2p0fX3wdbYxQ, nonce=23c2de00, hash_val=39715, difficulty=50000, hash=ff39b658761bfbf0bba9fb168d44fbb361ac94701c961601185771a6239b0000
[2026-10-01T18:01:31Z INFO  minertim] H/s 1m:2213.6 5m:2188.2 10m:2173.5 | Shares: 126/0 (found:127) | Diff: 50000 | 1s elapsed (since last share, avg 22s) | best=38 target=85899 (999%)
[2026-10-01T18:01:38Z INFO  minertim::pool_connection] New job: Ty3aJ5HYcu3Pk81d (difficulty: 50000, target: 8b4f0100)
[2026-10-01T18:01:38Z INFO  minertim::pool_connection] Share submitted: rpc_id=246 job_id=PzAa2p0fX3wdbYxQ nonce=23c2de00
[2026-10-01T18:01:38Z INFO  minertim::pool_connection] Share accepted: rpc_id=246 job_id=PzAa2p0fX3wdbYxQ nonce=23c2de00 latency_ms=307
[2026-10-01T18:01:41Z INFO  minertim] H/s 1m:2147.1 5m:2176.9 10m:2167.8 | Shares: 127/0 (found:127) | Diff: 50000 | 11s elapsed (since last share, avg 23s) | best=38 target=85899 (999%)
[2026-10-01T18:01:50Z INFO  minertim::miner] Worker 2 SHARE FOUND! job_id=Ty3aJ5HYcu3Pk81d, nonce=5a7ddf00, hash_val=3824, difficulty=50000, hash=0c32d4479fe81186c22bd1dd2508143e05a76ddafc35b065c842870ef00e0000
[2026-10-01T18:01:51Z INFO  minertim] H/s 1m:2147.1 5m:2177.2 10m:2167.9 | Shares: 127/0 (found:128) | Diff: 50000 | 1s elapsed (since last share, avg 23s) | best=38 target=85899 (999%)
[2026-10-01T18:01:57Z INFO  minertim::pool_connection] New job: wFP0HuNrPC0S4EfC (difficulty: 50000, target: 8b4f0100)
[2026-10-01T18:01:57Z INFO  minertim::pool_connection] Share submitted: rpc_id=247 job_id=Ty3aJ5HYcu3Pk81d nonce=5a7ddf00
[2026-10-01T18:01:58Z INFO  minertim::pool_connection] Share accepted: rpc_id=247 job_id=Ty3aJ5HYcu3Pk81d nonce=5a7ddf00 latency_ms=293
[2026-10-01T18:01:58Z INFO  minertim::pool_connection] New job: QRxkdkC0QU6WEGuh (difficulty: 75000, target: b2df0000)
[2026-10-01T18:02:01Z INFO  minertim] H/s 1m:2065.9 5m:2163.3 10m:2161.1 | Shares: 128/0 (found:128) | Diff: 75000 | 11s elapsed (since last share, avg 36s) | best=38 target=57266 (999%)
[2026-10-01T18:02:11Z INFO  minertim] H/s 1m:2062.9 5m:2162.9 10m:2161.2 | Shares: 128/0 (found:128) | Diff: 75000 | 21s elapsed (since last share, avg 36s) | best=38 target=57266 (999%)
[2026-10-01T18:02:17Z INFO  minertim::pool_connection] New job: 2lTiNi9TUyJSFJss (difficulty: 75000, target: b2df0000)
[2026-10-01T18:02:21Z INFO  minertim] H/s 1m:2063.4 5m:2162.9 10m:2161.7 | Shares: 128/0 (found:128) | Diff: 75000 | 31s elapsed (since last share, avg 36s) | best=38 target=57266 (999%)
[2026-10-01T18:02:28Z INFO  minertim::pool_connection] New job: WA3wjhEeR9xbRj65 (difficulty: 75000, target: b2df0000)
[2026-10-01T18:02:31Z INFO  minertim] H/s 1m:2129.3 5m:2164.4 10m:2162.1 | Shares: 128/0 (found:128) | Diff: 75000 | 41s elapsed (since last share, avg 35s) | best=38 target=57266 (999%)
[2026-10-01T18:02:34Z INFO  minertim::miner] Worker 3 SHARE FOUND! job_id=WA3wjhEeR9xbRj65, nonce=67a9e000, hash_val=5564, difficulty=75000, hash=d54f3d639629abbfeb95247c19b5cdb3a8fa2e52d76acf2f4f8164b3bc150000
[2026-10-01T18:02:41Z INFO  minertim] H/s 1m:2075.7 5m:2155.3 10m:2157.9 | Shares: 128/0 (found:129) | Diff: 75000 | 7s elapsed (since last share, avg 36s) | best=38 target=57266 (999%)
[2026-10-01T18:02:48Z INFO  minertim::pool_connection] New job: nbOumKUjqPPhI0KR (difficulty: 75000, target: b2df0000)
[2026-10-01T18:02:48Z INFO  minertim::pool_connection] Share submitted: rpc_id=249 job_id=WA3wjhEeR9xbRj65 nonce=67a9e000
[2026-10-01T18:02:48Z INFO  minertim::pool_connection] Share accepted: rpc_id=249 job_id=WA3wjhEeR9xbRj65 nonce=67a9e000 latency_ms=250
[2026-10-01T18:02:51Z INFO  minertim] H/s 1m:2067.3 5m:2139.8 10m:2150.6 | Shares: 129/0 (found:129) | Diff: 75000 | 17s elapsed (since last share, avg 36s) | best=38 target=57266 (999%)
[2026-10-01T18:02:59Z INFO  minertim::miner] Worker 1 SHARE FOUND! job_id=nbOumKUjqPPhI0KR, nonce=05c1e200, hash_val=37725, difficulty=75000, hash=d34c7bd7f15fdb277f815b02a820b4c4d82516844c003d2ec354301a5d930000
[2026-10-01T18:03:01Z INFO  minertim] H/s 1m:2070.1 5m:2140.3 10m:2150.9 | Shares: 129/0 (found:130) | Diff: 75000 | 2s elapsed (since last share, avg 36s) | best=38 target=57266 (999%)
[2026-10-01T18:03:07Z INFO  minertim::pool_connection] Share submitted: rpc_id=250 job_id=nbOumKUjqPPhI0KR nonce=05c1e200
[2026-10-01T18:03:08Z INFO  minertim::pool_connection] New job: gM9UQygA4VUIYLOW (difficulty: 75000, target: b2df0000)
[2026-10-01T18:03:08Z INFO  minertim::pool_connection] Share accepted: rpc_id=250 job_id=nbOumKUjqPPhI0KR nonce=05c1e200 latency_ms=471
[2026-10-01T18:03:11Z INFO  minertim] H/s 1m:1991.4 5m:2145.9 10m:2144.6 | Shares: 130/0 (found:130) | Diff: 75000 | 12s elapsed (since last share, avg 37s) | best=38 target=57266 (999%)
[2026-10-01T18:03:21Z INFO  minertim] H/s 1m:1991.8 5m:2147.9 10m:2144.8 | Shares: 130/0 (found:130) | Diff: 75000 | 22s elapsed (since last share, avg 37s) | best=38 target=57266 (999%)
[2026-10-01T18:03:27Z INFO  minertim::pool_connection] New job: QkFXnwfuC232tk2m (difficulty: 75000, target: b2df0000)
[2026-10-01T18:03:31Z INFO  minertim] H/s 1m:2045.1 5m:2148.0 10m:2149.5 | Shares: 130/0 (found:130) | Diff: 75000 | 32s elapsed (since last share, avg 36s) | best=38 target=57266 (999%)
[2026-10-01T18:03:41Z INFO  minertim] H/s 1m:2137.1 5m:2148.1 10m:2156.0 | Shares: 130/0 (found:130) | Diff: 75000 | 42s elapsed (since last share, avg 35s) | best=38 target=57266 (999%)
[2026-10-01T18:03:47Z INFO  minertim::pool_connection] New job: GtLTMpGQwS7e5x7t (difficulty: 75000, target: b2df0000)
[2026-10-01T18:03:51Z INFO  minertim] H/s 1m:2136.9 5m:2148.1 10m:2156.1 | Shares: 130/0 (found:130) | Diff: 75000 | 52s elapsed (since last share, avg 35s) | best=38 target=57266 (999%)
[2026-10-01T18:03:58Z INFO  minertim::miner] Worker 3 SHARE FOUND! job_id=GtLTMpGQwS7e5x7t, nonce=cb08e300, hash_val=16873, difficulty=75000, hash=2e97b3fe851f59a609846318cf805957db7d830c65be80fb5cde9f39e9410000
[2026-10-01T18:04:01Z INFO  minertim] H/s 1m:2215.8 5m:2148.6 10m:2156.4 | Shares: 130/0 (found:131) | Diff: 75000 | 3s elapsed (since last share, avg 33s) | best=38 target=57266 (999%)
[2026-10-01T18:04:07Z INFO  minertim::miner] Worker 1 SHARE FOUND! job_id=GtLTMpGQwS7e5x7t, nonce=21c2e400, hash_val=13420, difficulty=75000, hash=1b62803890437d399c3fe9d11e6886d6320e093ffdd76c1c4741f0576c340000
[2026-10-01T18:04:07Z INFO  minertim::pool_connection] New job: m1g2pLX5bFNukuMX (difficulty: 75000, target: b2df0000)
[2026-10-01T18:04:07Z INFO  minertim::pool_connection] Share submitted: rpc_id=252 job_id=GtLTMpGQwS7e5x7t nonce=cb08e300
[2026-10-01T18:04:07Z INFO  minertim::pool_connection] Share submitted: rpc_id=253 job_id=GtLTMpGQwS7e5x7t nonce=21c2e400
[2026-10-01T18:04:07Z INFO  minertim::pool_connection] Share accepted: rpc_id=252 job_id=GtLTMpGQwS7e5x7t nonce=cb08e300 latency_ms=250
[2026-10-01T18:04:08Z INFO  minertim::pool_connection] Share accepted: rpc_id=253 job_id=GtLTMpGQwS7e5x7t nonce=21c2e400 latency_ms=473
[2026-10-01T18:04:11Z INFO  minertim] H/s 1m:2103.5 5m:2129.3 10m:2146.9 | Shares: 132/0 (found:132) | Diff: 75000 | 4s elapsed (since last share, avg 35s) | best=38 target=57266 (999%)
[2026-10-01T18:04:15Z INFO  minertim::miner] Worker 3 SHARE FOUND! job_id=m1g2pLX5bFNukuMX, nonce=e749e300, hash_val=54335, difficulty=75000, hash=dcdd052cd14a7e6e220e80b7def35d7436fa7c80350ce227433d0d353fd40000
[2026-10-01T18:04:19Z INFO  minertim::miner] Worker 2 SHARE FOUND! job_id=m1g2pLX5bFNukuMX, nonce=7249e400, hash_val=36805, difficulty=75000, hash=7757f23c7271221e62caa9925e0bbda7b6f9a1277cc46bcca20b415bc58f0000
[2026-10-01T18:04:21Z INFO  minertim] H/s 1m:2049.9 5m:2120.3 10m:2142.5 | Shares: 132/0 (found:134) | Diff: 75000 | 2s elapsed (since last share, avg 36s) | best=38 target=57266 (999%)
[2026-10-01T18:04:23Z INFO  minertim::pool_connection] New job: VIwbBQV6q1bxWcPh (difficulty: 75000, target: b2df0000)
[2026-10-01T18:04:23Z INFO  minertim::pool_connection] Share submitted: rpc_id=255 job_id=m1g2pLX5bFNukuMX nonce=e749e300
[2026-10-01T18:04:23Z INFO  minertim::pool_connection] Share submitted: rpc_id=256 job_id=m1g2pLX5bFNukuMX nonce=7249e400
[2026-10-01T18:04:23Z INFO  minertim::pool_connection] Share accepted: rpc_id=255 job_id=m1g2pLX5bFNukuMX nonce=e749e300 latency_ms=306
[2026-10-01T18:04:24Z INFO  minertim::pool_connection] Share accepted: rpc_id=256 job_id=m1g2pLX5bFNukuMX nonce=7249e400 latency_ms=612
[2026-10-01T18:04:28Z INFO  minertim::pool_connection] New job: i4E5ez8nPQDxubjI (difficulty: 112501, target: 21950000)
[2026-10-01T18:04:31Z INFO  minertim] H/s 1m:1989.6 5m:2109.9 10m:2137.4 | Shares: 134/0 (found:134) | Diff: 112501 | 12s elapsed (since last share, avg 56s) | best=38 target=38177 (999%)
[2026-10-01T18:04:41Z INFO  minertim] H/s 1m:1989.5 5m:2110.0 10m:2137.5 | Shares: 134/0 (found:134) | Diff: 112501 | 22s elapsed (since last share, avg 56s) | best=38 target=38177 (999%)
[2026-10-01T18:04:43Z INFO  minertim::pool_connection] New job: HwFQlm2hP3IDj50Y (difficulty: 112501, target: 21950000)
[2026-10-01T18:04:51Z INFO  minertim] H/s 1m:1989.2 5m:2110.3 10m:2138.2 | Shares: 134/0 (found:134) | Diff: 112501 | 32s elapsed (since last share, avg 56s) | best=38 target=38177 (999%)
[2026-10-01T18:05:01Z INFO  minertim] H/s 1m:2102.0 5m:2111.3 10m:2138.5 | Shares: 134/0 (found:134) | Diff: 112501 | 42s elapsed (since last share, avg 53s) | best=38 target=38177 (999%)
[2026-10-01T18:05:03Z INFO  minertim::pool_connection] New job: lRWwMfS1PawKIGCt (difficulty: 112501, target: 21950000)
[2026-10-01T18:05:04Z INFO  minertim::miner] Worker 1 SHARE FOUND! job_id=lRWwMfS1PawKIGCt, nonce=05b5e600, hash_val=9424, difficulty=112501, hash=86244daac3219c9bcc1a042c324f58d7a4b164e87cb6a3655136393ed0240000
[2026-10-01T18:05:06Z INFO  minertim::pool_connection] New job: lKBb2XxpTHnhqx67 (difficulty: 112501, target: 21950000)
[2026-10-01T18:05:06Z INFO  minertim::pool_connection] Share submitted: rpc_id=257 job_id=lRWwMfS1PawKIGCt nonce=05b5e600
[2026-10-01T18:05:06Z INFO  minertim::pool_connection] Share accepted: rpc_id=257 job_id=lRWwMfS1PawKIGCt nonce=05b5e600 latency_ms=307
[2026-10-01T18:05:11Z INFO  minertim] H/s 1m:2136.7 5m:2108.1 10m:2141.5 | Shares: 135/0 (found:135) | Diff: 112501 | 6s elapsed (since last share, avg 52s) | best=38 target=38177 (999%)
[2026-10-01T18:05:21Z INFO  minertim] H/s 1m:2197.0 5m:2108.2 10m:2149.0 | Shares: 135/0 (found:135) | Diff: 112501 | 16s elapsed (since last share, avg 51s) | best=38 target=38177 (999%)
[2026-10-01T18:05:26Z INFO  minertim::pool_connection] New job: FiC0WJUbp3TM6hkI (difficulty: 112501, target: 21950000)
[2026-10-01T18:05:31Z INFO  minertim] H/s 1m:2196.9 5m:2108.2 10m:2149.0 | Shares: 135/0 (found:135) | Diff: 112501 | 26s elapsed (since last share, avg 51s) | best=38 target=38177 (999%)
[2026-10-01T18:05:41Z INFO  minertim] H/s 1m:2197.1 5m:2108.1 10m:2149.0 | Shares: 135/0 (found:135) | Diff: 112501 | 36s elapsed (since last share, avg 51s) | best=38 target=38177 (999%)
[2026-10-01T18:05:46Z INFO  minertim::pool_connection] New job: NVfWiJZtAtHCKKu0 (difficulty: 112501, target: 21950000)
[2026-10-01T18:05:51Z INFO  minertim] H/s 1m:2196.4 5m:2108.0 10m:2149.1 | Shares: 135/0 (found:135) | Diff: 112501 | 47s elapsed (since last share, avg 51s) | best=38 target=38177 (999%)
[2026-10-01T18:06:01Z INFO  minertim] H/s 1m:2215.1 5m:2108.4 10m:2149.3 | Shares: 135/0 (found:135) | Diff: 112501 | 57s elapsed (since last share, avg 50s) | best=38 target=38177 (999%)
[2026-10-01T18:06:06Z INFO  minertim::pool_connection] New job: J005gX0gcJNys7cd (difficulty: 112501, target: 21950000)
[2026-10-01T18:06:11Z INFO  minertim] H/s 1m:2212.9 5m:2108.0 10m:2149.2 | Shares: 135/0 (found:135) | Diff: 112501 | 1m7s elapsed (since last share, avg 50s) | best=38 target=38177 (999%)
[2026-10-01T18:06:21Z INFO  minertim] H/s 1m:2212.9 5m:2108.1 10m:2149.2 | Shares: 135/0 (found:135) | Diff: 112501 | 1m17s elapsed (since last share, avg 50s) | best=38 target=38177 (999%)
[2026-10-01T18:06:25Z INFO  minertim::pool_connection] New job: 9Gl0rOKDs14HqcN8 (difficulty: 112501, target: 21950000)
[2026-10-01T18:06:28Z INFO  minertim::pool_connection] New job: aVspQ9IkXx8NZsjD (difficulty: 81653, target: 78cd0000)
[2026-10-01T18:06:30Z INFO  minertim::miner] Worker 2 SHARE FOUND! job_id=aVspQ9IkXx8NZsjD, nonce=3e98e800, hash_val=43346, difficulty=81653, hash=ebf41bfe415551b53288ae1c67e58fa163c63bd585959bf6d25d141052a90000
[2026-10-01T18:06:31Z INFO  minertim] H/s 1m:2213.1 5m:2119.5 10m:2149.3 | Shares: 135/0 (found:136) | Diff: 81653 | 0s elapsed (since last share, avg 36s) | best=38 target=52600 (999%)
[2026-10-01T18:06:41Z INFO  minertim] H/s 1m:2106.3 5m:2101.0 10m:2140.3 | Shares: 135/0 (found:136) | Diff: 81653 | 10s elapsed (since last share, avg 38s) | best=38 target=52600 (999%)
[2026-10-01T18:06:45Z INFO  minertim::pool_connection] New job: GyJOAUKgRkANG4Po (difficulty: 81653, target: 78cd0000)
[2026-10-01T18:06:45Z INFO  minertim::pool_connection] Share submitted: rpc_id=260 job_id=aVspQ9IkXx8NZsjD nonce=3e98e800
[2026-10-01T18:06:45Z INFO  minertim::pool_connection] Share accepted: rpc_id=260 job_id=aVspQ9IkXx8NZsjD nonce=3e98e800 latency_ms=247
[2026-10-01T18:06:51Z INFO  minertim] H/s 1m:2080.4 5m:2110.9 10m:2138.2 | Shares: 136/0 (found:136) | Diff: 81653 | 21s elapsed (since last share, avg 39s) | best=38 target=52600 (999%)
[2026-10-01T18:06:58Z INFO  minertim::pool_connection] New job: lQBRkHc3lD16cdUo (difficulty: 122482, target: fa880000)
[2026-10-01T18:07:01Z INFO  minertim] H/s 1m:2082.5 5m:2111.3 10m:2138.4 | Shares: 136/0 (found:136) | Diff: 122482 | 31s elapsed (since last share, avg 58s) | best=38 target=35066 (999%)
[2026-10-01T18:07:05Z INFO  minertim::pool_connection] New job: gROJ5AAKJDenP0wf (difficulty: 122482, target: fa880000)
[2026-10-01T18:07:12Z INFO  minertim] H/s 1m:2080.5 5m:2111.0 10m:2138.3 | Shares: 136/0 (found:136) | Diff: 122482 | 41s elapsed (since last share, avg 58s) | best=38 target=35066 (999%)
[2026-10-01T18:07:16Z INFO  minertim::pool_connection] New job: nEHxhzV0y52I1HQm (difficulty: 122482, target: fa880000)
[2026-10-01T18:07:22Z INFO  minertim] H/s 1m:2080.4 5m:2111.1 10m:2138.3 | Shares: 136/0 (found:136) | Diff: 122482 | 51s elapsed (since last share, avg 58s) | best=38 target=35066 (999%)
[2026-10-01T18:07:32Z INFO  minertim] H/s 1m:2187.2 5m:2120.2 10m:2139.0 | Shares: 136/0 (found:136) | Diff: 122482 | 1m1s elapsed (since last share, avg 55s) | best=38 target=35066 (999%)
[2026-10-01T18:07:34Z INFO  minertim::pool_connection] New job: NrDrYPxOlBxFJHIJ (difficulty: 122482, target: fa880000)
[2026-10-01T18:07:37Z INFO  minertim::miner] Worker 3 SHARE FOUND! job_id=NrDrYPxOlBxFJHIJ, nonce=1bd8e900, hash_val=26785, difficulty=122482, hash=4a230add819b8e4c43fac5eb473ae3b2ca458a1f60cbefd655bae113a1680000
[2026-10-01T18:07:42Z INFO  minertim] H/s 1m:2159.3 5m:2126.8 10m:2134.5 | Shares: 136/0 (found:137) | Diff: 122482 | 4s elapsed (since last share, avg 56s) | best=38 target=35066 (999%)
[2026-10-01T18:07:52Z INFO  minertim] H/s 1m:2054.2 5m:2108.6 10m:2125.8 | Shares: 136/0 (found:137) | Diff: 122482 | 14s elapsed (since last share, avg 59s) | best=38 target=35066 (999%)
[2026-10-01T18:07:53Z INFO  minertim::pool_connection] New job: SHUg6ravvJP0Sfu0 (difficulty: 122482, target: fa880000)
[2026-10-01T18:07:53Z INFO  minertim::pool_connection] Share submitted: rpc_id=262 job_id=NrDrYPxOlBxFJHIJ nonce=1bd8e900
[2026-10-01T18:07:54Z INFO  minertim::pool_connection] Share accepted: rpc_id=262 job_id=NrDrYPxOlBxFJHIJ nonce=1bd8e900 latency_ms=252
[2026-10-01T18:07:58Z INFO  minertim::pool_connection] New job: orlolgZkxMdvmIfW (difficulty: 81053, target: fdce0000)
[2026-10-01T18:08:02Z INFO  minertim] H/s 1m:2043.5 5m:2120.0 10m:2124.9 | Shares: 137/0 (found:137) | Diff: 81053 | 24s elapsed (since last share, avg 39s) | best=38 target=52989 (999%)
[2026-10-01T18:08:12Z INFO  minertim] H/s 1m:2042.0 5m:2119.7 10m:2134.2 | Shares: 137/0 (found:137) | Diff: 81053 | 34s elapsed (since last share, avg 39s) | best=38 target=52989 (999%)
[2026-10-01T18:08:14Z INFO  minertim::pool_connection] New job: T5XQn8I7pU2UYsLf (difficulty: 81053, target: fdce0000)
[2026-10-01T18:08:19Z INFO  minertim::miner] Worker 2 SHARE FOUND! job_id=T5XQn8I7pU2UYsLf, nonce=8ac7eb00, hash_val=19667, difficulty=81053, hash=a676d24f52ea5ec77b8c19dcd754e83a56c69dedf7581ca52cfb3d48d34c0000
[2026-10-01T18:08:22Z INFO  minertim] H/s 1m:1986.7 5m:2110.2 10m:2130.5 | Shares: 137/0 (found:138) | Diff: 81053 | 2s elapsed (since last share, avg 40s) | best=38 target=52989 (999%)
[2026-10-01T18:08:25Z INFO  minertim::pool_connection] New job: 8vjVVGl93L9NLdgs (difficulty: 81053, target: fdce0000)
[2026-10-01T18:08:25Z INFO  minertim::pool_connection] Share submitted: rpc_id=264 job_id=T5XQn8I7pU2UYsLf nonce=8ac7eb00
[2026-10-01T18:08:26Z INFO  minertim::pool_connection] Share accepted: rpc_id=264 job_id=T5XQn8I7pU2UYsLf nonce=8ac7eb00 latency_ms=284
[2026-10-01T18:08:26Z INFO  minertim::miner] Worker 1 SHARE FOUND! job_id=8vjVVGl93L9NLdgs, nonce=a178ed00, hash_val=10522, difficulty=81053, hash=fad8fe970e529598be5cd8933e1a04f81493b9f30de52cc176f3b6d21a290000
[2026-10-01T18:08:28Z INFO  minertim::pool_connection] New job: kbmnA52DQbPyuUF0 (difficulty: 117660, target: 978e0000)
[2026-10-01T18:08:28Z INFO  minertim::pool_connection] Share submitted: rpc_id=265 job_id=8vjVVGl93L9NLdgs nonce=a178ed00
[2026-10-01T18:08:29Z INFO  minertim::pool_connection] Share accepted: rpc_id=265 job_id=8vjVVGl93L9NLdgs nonce=a178ed00 latency_ms=330
[2026-10-01T18:08:32Z INFO  minertim] H/s 1m:2011.1 5m:2105.1 10m:2128.1 | Shares: 139/0 (found:139) | Diff: 117660 | 6s elapsed (since last share, avg 58s) | best=38 target=36503 (999%)
[2026-10-01T18:08:42Z INFO  minertim] H/s 1m:2115.9 5m:2105.0 10m:2128.0 | Shares: 139/0 (found:139) | Diff: 117660 | 16s elapsed (since last share, avg 55s) | best=38 target=36503 (999%)
[2026-10-01T18:08:45Z INFO  minertim::pool_connection] New job: 0viaSfGmZ9fwNh3I (difficulty: 117660, target: 978e0000)
[2026-10-01T18:08:52Z INFO  minertim] H/s 1m:2128.5 5m:2104.9 10m:2128.0 | Shares: 139/0 (found:139) | Diff: 117660 | 26s elapsed (since last share, avg 55s) | best=38 target=36503 (999%)
[2026-10-01T18:08:58Z INFO  minertim::pool_connection] New job: oAksvAVTWO3roCTp (difficulty: 176493, target: 0f5f0000)
[2026-10-01T18:09:02Z INFO  minertim] H/s 1m:2129.3 5m:2124.2 10m:2128.2 | Shares: 139/0 (found:139) | Diff: 176493 | 36s elapsed (since last share, avg 1m22s) | best=38 target=24335 (999%)
[2026-10-01T18:09:05Z INFO  minertim::pool_connection] New job: IxCyKCfd320TqgNX (difficulty: 176493, target: 0f5f0000)
[2026-10-01T18:09:12Z INFO  minertim] H/s 1m:2183.1 5m:2133.1 10m:2128.1 | Shares: 139/0 (found:139) | Diff: 176493 | 46s elapsed (since last share, avg 1m20s) | best=38 target=24335 (999%)
[2026-10-01T18:09:22Z INFO  minertim] H/s 1m:2212.6 5m:2143.5 10m:2128.2 | Shares: 139/0 (found:139) | Diff: 176493 | 56s elapsed (since last share, avg 1m19s) | best=38 target=24335 (999%)
[2026-10-01T18:09:25Z INFO  minertim::pool_connection] New job: HxDY8wvYZQwf6Ous (difficulty: 176493, target: 0f5f0000)
[2026-10-01T18:09:28Z INFO  minertim::pool_connection] New job: CCP3WG1LBPCi7ZLk (difficulty: 132368, target: bf7e0000)
[2026-10-01T18:09:32Z INFO  minertim] H/s 1m:2213.0 5m:2143.5 10m:2128.2 | Shares: 139/0 (found:139) | Diff: 132368 | 1m6s elapsed (since last share, avg 59s) | best=38 target=32447 (999%)
[2026-10-01T18:09:38Z INFO  minertim::pool_connection] New job: hQFvYYl59Lx5rxkR (difficulty: 132368, target: bf7e0000)
[2026-10-01T18:09:42Z INFO  minertim] H/s 1m:2213.3 5m:2143.6 10m:2128.3 | Shares: 139/0 (found:139) | Diff: 132368 | 1m16s elapsed (since last share, avg 59s) | best=38 target=32447 (999%)
[2026-10-01T18:09:52Z INFO  minertim] H/s 1m:2213.8 5m:2143.4 10m:2128.4 | Shares: 139/0 (found:139) | Diff: 132368 | 1m26s elapsed (since last share, avg 59s) | best=38 target=32447 (999%)
[2026-10-01T18:09:58Z INFO  minertim::pool_connection] New job: wycl4AA7XlBq4ps4 (difficulty: 132368, target: bf7e0000)
[2026-10-01T18:10:02Z INFO  minertim] H/s 1m:2215.2 5m:2146.7 10m:2128.9 | Shares: 139/0 (found:139) | Diff: 132368 | 1m36s elapsed (since last share, avg 59s) | best=38 target=32447 (999%)
[2026-10-01T18:10:12Z INFO  minertim] H/s 1m:2212.8 5m:2146.2 10m:2128.7 | Shares: 139/0 (found:139) | Diff: 132368 | 1m46s elapsed (since last share, avg 59s) | best=38 target=32447 (999%)
[2026-10-01T18:10:18Z INFO  minertim::pool_connection] New job: 8pdgZ9woQptDbGT7 (difficulty: 132368, target: bf7e0000)
[2026-10-01T18:10:22Z INFO  minertim] H/s 1m:2213.0 5m:2146.3 10m:2128.8 | Shares: 139/0 (found:139) | Diff: 132368 | 1m56s elapsed (since last share, avg 59s) | best=38 target=32447 (999%)
[2026-10-01T18:10:28Z INFO  minertim::pool_connection] New job: AlbsoBp9yu8052lK (difficulty: 99275, target: ffa80000)
[2026-10-01T18:10:32Z INFO  minertim] H/s 1m:2213.2 5m:2146.3 10m:2128.7 | Shares: 139/0 (found:139) | Diff: 99275 | 2m6s elapsed (since last share, avg 44s) | best=38 target=43263 (999%)
[2026-10-01T18:10:36Z INFO  minertim::pool_connection] New job: klBjBMRceiKX0W2s (difficulty: 99275, target: ffa80000)
[2026-10-01T18:10:42Z INFO  minertim] H/s 1m:2213.5 5m:2146.4 10m:2128.7 | Shares: 139/0 (found:139) | Diff: 99275 | 2m16s elapsed (since last share, avg 44s) | best=38 target=43263 (999%)
[2026-10-01T18:10:52Z INFO  minertim] H/s 1m:2213.7 5m:2146.4 10m:2128.7 | Shares: 139/0 (found:139) | Diff: 99275 | 2m26s elapsed (since last share, avg 44s) | best=38 target=43263 (999%)
[2026-10-01T18:10:56Z INFO  minertim::pool_connection] New job: w8qXVRJKDWU06Exb (difficulty: 99275, target: ffa80000)
[2026-10-01T18:11:02Z INFO  minertim] H/s 1m:2216.4 5m:2146.8 10m:2128.9 | Shares: 139/0 (found:139) | Diff: 99275 | 2m36s elapsed (since last share, avg 44s) | best=38 target=43263 (999%)
[2026-10-01T18:11:12Z INFO  minertim] H/s 1m:2214.7 5m:2146.6 10m:2128.8 | Shares: 139/0 (found:139) | Diff: 99275 | 2m46s elapsed (since last share, avg 44s) | best=38 target=43263 (999%)
[2026-10-01T18:11:16Z INFO  minertim::pool_connection] New job: l7y0lP5QCm2iex0R (difficulty: 99275, target: ffa80000)
[2026-10-01T18:11:22Z INFO  minertim] H/s 1m:2214.5 5m:2146.6 10m:2128.8 | Shares: 139/0 (found:139) | Diff: 99275 | 2m56s elapsed (since last share, avg 44s) | best=38 target=43263 (999%)
[2026-10-01T18:11:28Z INFO  minertim::pool_connection] New job: 6j30EL0oudk1qD6E (difficulty: 74456, target: 54e10000)
[2026-10-01T18:11:32Z INFO  minertim] H/s 1m:2214.1 5m:2165.0 10m:2134.4 | Shares: 139/0 (found:139) | Diff: 74456 | 3m6s elapsed (since last share, avg 33s) | best=38 target=57684 (999%)
[2026-10-01T18:11:35Z INFO  minertim::pool_connection] New job: 4OeDCc3oOr8obFj0 (difficulty: 74456, target: 54e10000)
[2026-10-01T18:11:42Z INFO  minertim] H/s 1m:2214.3 5m:2169.5 10m:2134.4 | Shares: 139/0 (found:139) | Diff: 74456 | 3m16s elapsed (since last share, avg 33s) | best=38 target=57684 (999%)
[2026-10-01T18:11:52Z INFO  minertim] H/s 1m:2214.6 5m:2169.6 10m:2141.5 | Shares: 139/0 (found:139) | Diff: 74456 | 3m26s elapsed (since last share, avg 33s) | best=38 target=57684 (999%)
[2026-10-01T18:11:55Z INFO  minertim::pool_connection] New job: qKwq01AAvNigbA63 (difficulty: 74456, target: 54e10000)
[2026-10-01T18:12:02Z INFO  minertim] H/s 1m:2216.0 5m:2169.9 10m:2141.7 | Shares: 139/0 (found:139) | Diff: 74456 | 3m36s elapsed (since last share, avg 33s) | best=38 target=57684 (999%)
[2026-10-01T18:12:12Z INFO  minertim] H/s 1m:2215.2 5m:2169.8 10m:2141.7 | Shares: 139/0 (found:139) | Diff: 74456 | 3m46s elapsed (since last share, avg 33s) | best=38 target=57684 (999%)
[2026-10-01T18:12:15Z INFO  minertim::pool_connection] New job: wOSy3dgIxifgahg4 (difficulty: 74456, target: 54e10000)
[2026-10-01T18:12:18Z INFO  minertim::miner] Worker 0 SHARE FOUND! job_id=wOSy3dgIxifgahg4, nonce=3819f100, hash_val=25621, difficulty=74456, hash=53c564c32a6d1adcb40f87a9f4455e417cef7e456fbe29a283ae392515640000
[2026-10-01T18:12:22Z INFO  minertim] H/s 1m:2160.6 5m:2160.4 10m:2137.1 | Shares: 139/0 (found:140) | Diff: 74456 | 3s elapsed (since last share, avg 34s) | best=38 target=57684 (999%)
[2026-10-01T18:12:28Z INFO  minertim::pool_connection] New job: XpnN0b79s6ldGXoA (difficulty: 55842, target: 702c0100)
[2026-10-01T18:12:28Z INFO  minertim::pool_connection] Share submitted: rpc_id=270 job_id=wOSy3dgIxifgahg4 nonce=3819f100
[2026-10-01T18:12:29Z INFO  minertim::pool_connection] Share accepted: rpc_id=270 job_id=wOSy3dgIxifgahg4 nonce=3819f100 latency_ms=251
[2026-10-01T18:12:29Z INFO  minertim::miner] Worker 1 SHARE FOUND! job_id=XpnN0b79s6ldGXoA, nonce=f59cf500, hash_val=75757, difficulty=55842, hash=8d86c6834a4d7c8001cd62c23e27e6b2570a7e6d176397ed6e73153ced270100
[2026-10-01T18:12:32Z INFO  minertim] H/s 1m:2096.4 5m:2158.7 10m:2136.2 | Shares: 140/0 (found:141) | Diff: 55842 | 2s elapsed (since last share, avg 26s) | best=38 target=76912 (999%)
[2026-10-01T18:12:35Z INFO  minertim::pool_connection] New job: Y5LiiFJDyS5TPLHV (difficulty: 55842, target: 702c0100)
[2026-10-01T18:12:35Z INFO  minertim::pool_connection] Share submitted: rpc_id=271 job_id=XpnN0b79s6ldGXoA nonce=f59cf500
[2026-10-01T18:12:35Z INFO  minertim::pool_connection] Share accepted: rpc_id=271 job_id=XpnN0b79s6ldGXoA nonce=f59cf500 latency_ms=332
[2026-10-01T18:12:40Z INFO  minertim::miner] Worker 1 SHARE FOUND! job_id=Y5LiiFJDyS5TPLHV, nonce=c9c6f500, hash_val=73351, difficulty=55842, hash=569fd8b2bc4eb183ce887f631d011cab7747596fef362c86da691fa1871e0100
[2026-10-01T18:12:42Z INFO  minertim] H/s 1m:1997.8 5m:2159.9 10m:2135.6 | Shares: 141/0 (found:142) | Diff: 55842 | 2s elapsed (since last share, avg 27s) | best=38 target=76912 (999%)
[2026-10-01T18:12:52Z INFO  minertim] H/s 1m:1893.5 5m:2144.1 10m:2126.8 | Shares: 141/0 (found:142) | Diff: 55842 | 12s elapsed (since last share, avg 29s) | best=38 target=76912 (999%)
[2026-10-01T18:12:55Z INFO  minertim::pool_connection] New job: QQSau08qljiwCL0N (difficulty: 55842, target: 702c0100)
[2026-10-01T18:12:55Z INFO  minertim::pool_connection] Share submitted: rpc_id=272 job_id=Y5LiiFJDyS5TPLHV nonce=c9c6f500
[2026-10-01T18:12:55Z INFO  minertim::pool_connection] Share accepted: rpc_id=272 job_id=Y5LiiFJDyS5TPLHV nonce=c9c6f500 latency_ms=307
[2026-10-01T18:12:58Z INFO  minertim::pool_connection] New job: SuckWWgga2XILlIb (difficulty: 83763, target: 4bc80000)
[2026-10-01T18:13:02Z INFO  minertim] H/s 1m:1897.4 5m:2144.9 10m:2133.7 | Shares: 142/0 (found:142) | Diff: 83763 | 22s elapsed (since last share, avg 44s) | best=38 target=51275 (999%)
[2026-10-01T18:13:12Z INFO  minertim] H/s 1m:1950.5 5m:2154.1 10m:2133.6 | Shares: 142/0 (found:142) | Diff: 83763 | 32s elapsed (since last share, avg 42s) | best=38 target=51275 (999%)
[2026-10-01T18:13:15Z INFO  minertim::pool_connection] New job: kEzAcGwFVB90PKpz (difficulty: 83763, target: 4bc80000)
[2026-10-01T18:13:22Z INFO  minertim] H/s 1m:2014.3 5m:2159.2 10m:2133.6 | Shares: 142/0 (found:142) | Diff: 83763 | 42s elapsed (since last share, avg 41s) | best=38 target=51275 (999%)
[2026-10-01T18:13:32Z INFO  minertim] H/s 1m:2112.7 5m:2159.3 10m:2133.6 | Shares: 142/0 (found:142) | Diff: 83763 | 52s elapsed (since last share, avg 39s) | best=38 target=51275 (999%)
[2026-10-01T18:13:35Z INFO  minertim::pool_connection] New job: 3E3nc8Ouw1xKpEHY (difficulty: 83763, target: 4bc80000)
[2026-10-01T18:13:42Z INFO  minertim] H/s 1m:2217.4 5m:2159.4 10m:2133.6 | Shares: 142/0 (found:142) | Diff: 83763 | 1m2s elapsed (since last share, avg 37s) | best=38 target=51275 (999%)
[2026-10-01T18:13:52Z INFO  minertim] H/s 1m:2214.4 5m:2159.5 10m:2133.6 | Shares: 142/0 (found:142) | Diff: 83763 | 1m12s elapsed (since last share, avg 37s) | best=38 target=51275 (999%)
[2026-10-01T18:13:55Z INFO  minertim::pool_connection] New job: LY0WIQrJK3GKxgtB (difficulty: 83763, target: 4bc80000)
[2026-10-01T18:13:59Z INFO  minertim::pool_connection] New job: YZPnhDjKDmj20VzU (difficulty: 59831, target: 68180100)
[2026-10-01T18:14:02Z INFO  minertim] H/s 1m:2215.7 5m:2159.8 10m:2143.1 | Shares: 142/0 (found:142) | Diff: 59831 | 1m22s elapsed (since last share, avg 27s) | best=38 target=71784 (999%)
[2026-10-01T18:14:12Z INFO  minertim] H/s 1m:2214.0 5m:2159.5 10m:2147.5 | Shares: 142/0 (found:142) | Diff: 59831 | 1m32s elapsed (since last share, avg 27s) | best=38 target=71784 (999%)
[2026-10-01T18:14:15Z INFO  minertim::pool_connection] New job: LwcDdAHQz18hQXZt (difficulty: 59831, target: 68180100)
[2026-10-01T18:14:22Z INFO  minertim] H/s 1m:2213.8 5m:2159.5 10m:2152.6 | Shares: 142/0 (found:142) | Diff: 59831 | 1m42s elapsed (since last share, avg 27s) | best=38 target=71784 (999%)
[2026-10-01T18:14:32Z INFO  minertim] H/s 1m:2213.6 5m:2159.5 10m:2152.6 | Shares: 142/0 (found:142) | Diff: 59831 | 1m52s elapsed (since last share, avg 27s) | best=38 target=71784 (999%)
[2026-10-01T18:14:35Z INFO  minertim::pool_connection] New job: YJQSJdbOmqqERVIh (difficulty: 59831, target: 68180100)
[2026-10-01T18:14:42Z INFO  minertim] H/s 1m:2213.7 5m:2159.5 10m:2152.6 | Shares: 142/0 (found:142) | Diff: 59831 | 2m2s elapsed (since last share, avg 27s) | best=38 target=71784 (999%)
[2026-10-01T18:14:52Z INFO  minertim] H/s 1m:2214.2 5m:2159.6 10m:2152.6 | Shares: 142/0 (found:142) | Diff: 59831 | 2m12s elapsed (since last share, avg 27s) | best=38 target=71784 (999%)
[2026-10-01T18:14:52Z INFO  minertim::miner] Worker 0 SHARE FOUND! job_id=YJQSJdbOmqqERVIh, nonce=78fbf500, hash_val=53944, difficulty=59831, hash=3d621b086b7698eefe73361a8bba7069942fc7af5faf6735524319dbb8d20000
[2026-10-01T18:14:54Z INFO  minertim::pool_connection] New job: TeoLXkGp0ERJ3euk (difficulty: 59831, target: 68180100)
[2026-10-01T18:14:54Z INFO  minertim::pool_connection] Share submitted: rpc_id=275 job_id=YJQSJdbOmqqERVIh nonce=78fbf500
[2026-10-01T18:14:55Z INFO  minertim::pool_connection] Share accepted: rpc_id=275 job_id=YJQSJdbOmqqERVIh nonce=78fbf500 latency_ms=306
[2026-10-01T18:15:02Z INFO  minertim] H/s 1m:2204.1 5m:2158.0 10m:2153.2 | Shares: 143/0 (found:143) | Diff: 59831 | 9s elapsed (since last share, avg 27s) | best=38 target=71784 (999%)
[2026-10-01T18:15:12Z INFO  minertim] H/s 1m:2202.5 5m:2157.7 10m:2153.0 | Shares: 143/0 (found:143) | Diff: 59831 | 19s elapsed (since last share, avg 27s) | best=38 target=71784 (999%)
[2026-10-01T18:15:14Z INFO  minertim::pool_connection] New job: zk0Ssvm2uYdx5EEA (difficulty: 59831, target: 68180100)
[2026-10-01T18:15:22Z INFO  minertim] H/s 1m:2202.9 5m:2157.7 10m:2153.1 | Shares: 143/0 (found:143) | Diff: 59831 | 29s elapsed (since last share, avg 27s) | best=38 target=71784 (999%)
[2026-10-01T18:15:32Z INFO  minertim] H/s 1m:2202.9 5m:2157.7 10m:2153.1 | Shares: 143/0 (found:143) | Diff: 59831 | 39s elapsed (since last share, avg 27s) | best=38 target=71784 (999%)
[2026-10-01T18:15:34Z INFO  minertim::pool_connection] New job: 5z1Op2olMClEyBl7 (difficulty: 59831, target: 68180100)
[2026-10-01T18:15:42Z INFO  minertim] H/s 1m:2202.6 5m:2157.7 10m:2153.1 | Shares: 143/0 (found:143) | Diff: 59831 | 49s elapsed (since last share, avg 27s) | best=38 target=71784 (999%)
[2026-10-01T18:15:52Z INFO  minertim] H/s 1m:2215.2 5m:2157.8 10m:2153.2 | Shares: 143/0 (found:143) | Diff: 59831 | 59s elapsed (since last share, avg 27s) | best=38 target=71784 (999%)
[2026-10-01T18:15:54Z INFO  minertim::pool_connection] New job: Gci68MM3wE2Z0mce (difficulty: 59831, target: 68180100)
[2026-10-01T18:15:59Z INFO  minertim::pool_connection] New job: 8m59jJH8ScgnEoob (difficulty: 50000, target: 8b4f0100)
[2026-10-01T18:16:02Z INFO  minertim] H/s 1m:2216.6 5m:2158.0 10m:2153.4 | Shares: 143/0 (found:143) | Diff: 50000 | 1m9s elapsed (since last share, avg 22s) | best=38 target=85899 (999%)
[2026-10-01T18:16:12Z INFO  minertim] H/s 1m:2214.2 5m:2157.7 10m:2153.2 | Shares: 143/0 (found:143) | Diff: 50000 | 1m19s elapsed (since last share, avg 22s) | best=38 target=85899 (999%)
[2026-10-01T18:16:14Z INFO  minertim::pool_connection] New job: 0YrGblL0SyeKRE5P (difficulty: 50000, target: 8b4f0100)
[2026-10-01T18:16:22Z INFO  minertim] H/s 1m:2214.1 5m:2157.7 10m:2153.2 | Shares: 143/0 (found:143) | Diff: 50000 | 1m29s elapsed (since last share, avg 22s) | best=38 target=85899 (999%)
[2026-10-01T18:16:25Z INFO  minertim::miner] Worker 2 SHARE FOUND! job_id=0YrGblL0SyeKRE5P, nonce=0a06fc00, hash_val=46648, difficulty=50000, hash=c0f448f7cec4ab1e6d8a402d1289099b185d96ec045edba9d2d344d338b60000
[2026-10-01T18:16:25Z INFO  minertim::miner] Worker 0 SHARE FOUND! job_id=0YrGblL0SyeKRE5P, nonce=680ff900, hash_val=22509, difficulty=50000, hash=fda509710adfbfe2ebede1b3556d60a123f30d154064ac98b1d3ef6ded570000
[2026-10-01T18:16:32Z INFO  minertim] H/s 1m:2055.3 5m:2130.2 10m:2148.8 | Shares: 143/0 (found:145) | Diff: 50000 | 6s elapsed (since last share, avg 24s) | best=38 target=85899 (999%)
[2026-10-01T18:16:34Z INFO  minertim::pool_connection] New job: XtsvgOnMp6CivTRK (difficulty: 50000, target: 8b4f0100)
[2026-10-01T18:16:34Z INFO  minertim::pool_connection] Share submitted: rpc_id=279 job_id=0YrGblL0SyeKRE5P nonce=680ff900
[2026-10-01T18:16:34Z INFO  minertim::pool_connection] Share submitted: rpc_id=278 job_id=0YrGblL0SyeKRE5P nonce=0a06fc00
[2026-10-01T18:16:34Z INFO  minertim::pool_connection] Share accepted: rpc_id=279 job_id=0YrGblL0SyeKRE5P nonce=680ff900 latency_ms=306
[2026-10-01T18:16:34Z INFO  minertim::pool_connection] Share accepted: rpc_id=278 job_id=0YrGblL0SyeKRE5P nonce=0a06fc00 latency_ms=614
[2026-10-01T18:16:42Z INFO  minertim] H/s 1m:2011.2 5m:2122.7 10m:2147.3 | Shares: 145/0 (found:145) | Diff: 50000 | 16s elapsed (since last share, avg 24s) | best=38 target=85899 (999%)
[2026-10-01T18:16:52Z INFO  minertim] H/s 1m:2011.7 5m:2122.8 10m:2147.4 | Shares: 145/0 (found:145) | Diff: 50000 | 26s elapsed (since last share, avg 24s) | best=38 target=85899 (999%)
[2026-10-01T18:16:54Z INFO  minertim::pool_connection] New job: web8zocBEwWDvToc (difficulty: 50000, target: 8b4f0100)
[2026-10-01T18:16:59Z INFO  minertim::pool_connection] New job: 0llgcYhOih4Jo6nD (difficulty: 75000, target: b2df0000)
[2026-10-01T18:17:02Z INFO  minertim] H/s 1m:2013.5 5m:2122.9 10m:2147.5 | Shares: 145/0 (found:145) | Diff: 75000 | 36s elapsed (since last share, avg 37s) | best=38 target=57266 (999%)
[2026-10-01T18:17:12Z INFO  minertim] H/s 1m:2011.3 5m:2132.0 10m:2147.3 | Shares: 145/0 (found:145) | Diff: 75000 | 46s elapsed (since last share, avg 37s) | best=38 target=57266 (999%)
[2026-10-01T18:17:14Z INFO  minertim::pool_connection] New job: JpGmgwyqtL3jqnaU (difficulty: 75000, target: b2df0000)
[2026-10-01T18:17:22Z INFO  minertim] H/s 1m:2170.7 5m:2143.1 10m:2147.4 | Shares: 145/0 (found:145) | Diff: 75000 | 56s elapsed (since last share, avg 34s) | best=38 target=57266 (999%)
[2026-10-01T18:17:32Z INFO  minertim] H/s 1m:2214.3 5m:2160.1 10m:2152.0 | Shares: 145/0 (found:145) | Diff: 75000 | 1m6s elapsed (since last share, avg 33s) | best=38 target=57266 (999%)
[2026-10-01T18:17:33Z INFO  minertim::pool_connection] New job: U5mtwPhJofd4UOUL (difficulty: 75000, target: b2df0000)
[2026-10-01T18:17:35Z INFO  minertim::pool_connection] New job: LYNa6v99aqxKOit0 (difficulty: 75000, target: b2df0000)
[2026-10-01T18:17:42Z INFO  minertim] H/s 1m:2213.9 5m:2178.0 10m:2160.9 | Shares: 145/0 (found:145) | Diff: 75000 | 1m16s elapsed (since last share, avg 33s) | best=38 target=57266 (999%)
[2026-10-01T18:17:52Z INFO  minertim] H/s 1m:2214.1 5m:2177.5 10m:2162.0 | Shares: 145/0 (found:145) | Diff: 75000 | 1m26s elapsed (since last share, avg 33s) | best=38 target=57266 (999%)
[2026-10-01T18:17:55Z INFO  minertim::pool_connection] New job: 0Qb7XIlALi9knHfX (difficulty: 75000, target: b2df0000)
[2026-10-01T18:17:59Z INFO  minertim::pool_connection] New job: 6KrQaL0hgHt8qpDI (difficulty: 50000, target: 8b4f0100)
[2026-10-01T18:18:02Z INFO  minertim] H/s 1m:2216.5 5m:2177.9 10m:2162.1 | Shares: 145/0 (found:145) | Diff: 50000 | 1m36s elapsed (since last share, avg 22s) | best=38 target=85899 (999%)
[2026-10-01T18:18:08Z INFO  minertim::miner] Worker 1 SHARE FOUND! job_id=6KrQaL0hgHt8qpDI, nonce=3d610001, hash_val=38741, difficulty=50000, hash=1cbdc49a0fce611c0639007f04ca4511e9e746c9ed8fb2567e2006e755970000
[2026-10-01T18:18:12Z INFO  minertim] H/s 1m:2158.8 5m:2168.0 10m:2162.0 | Shares: 145/0 (found:146) | Diff: 50000 | 4s elapsed (since last share, avg 23s) | best=38 target=85899 (999%)
[2026-10-01T18:18:14Z INFO  minertim::miner] Worker 3 SHARE FOUND! job_id=6KrQaL0hgHt8qpDI, nonce=13e0fe00, hash_val=32515, difficulty=50000, hash=a3d2506a7e3fe834431ed62704063340b8a5381e475356a3fff89ddc037f0000
[2026-10-01T18:18:15Z INFO  minertim::pool_connection] New job: rJdKL9U2UlyB0taB (difficulty: 50000, target: 8b4f0100)
[2026-10-01T18:18:15Z INFO  minertim::pool_connection] Share submitted: rpc_id=283 job_id=6KrQaL0hgHt8qpDI nonce=13e0fe00
[2026-10-01T18:18:15Z INFO  minertim::pool_connection] Share submitted: rpc_id=282 job_id=6KrQaL0hgHt8qpDI nonce=3d610001
[2026-10-01T18:18:15Z INFO  minertim::pool_connection] Share accepted: rpc_id=283 job_id=6KrQaL0hgHt8qpDI nonce=13e0fe00 latency_ms=224
[2026-10-01T18:18:16Z INFO  minertim::pool_connection] Share accepted: rpc_id=282 job_id=6KrQaL0hgHt8qpDI nonce=3d610001 latency_ms=446
[2026-10-01T18:18:17Z INFO  minertim::pool_connection] New job: WhtE5plZVANb9EF1 (difficulty: 50000, target: 8b4f0100)
[2026-10-01T18:18:22Z INFO  minertim] H/s 1m:2132.0 5m:2163.4 10m:2162.2 | Shares: 147/0 (found:147) | Diff: 50000 | 8s elapsed (since last share, avg 23s) | best=38 target=85899 (999%)
[2026-10-01T18:18:26Z INFO  minertim::pool_connection] New job: vj1WLu58QTbR0iNU (difficulty: 50000, target: 8b4f0100)
[2026-10-01T18:18:29Z INFO  minertim::pool_connection] New job: 810ODzutyBmMsdYz (difficulty: 75000, target: b2df0000)
[2026-10-01T18:18:32Z INFO  minertim] H/s 1m:2132.7 5m:2163.4 10m:2162.3 | Shares: 147/0 (found:147) | Diff: 75000 | 18s elapsed (since last share, avg 35s) | best=38 target=57266 (999%)
[2026-10-01T18:18:34Z INFO  minertim::miner] Worker 3 SHARE FOUND! job_id=810ODzutyBmMsdYz, nonce=cb83ff00, hash_val=17897, difficulty=75000, hash=7ff8351b17d7efd57946ab87ae78dc43906f0327defa02eb2c058e00e9450000
[2026-10-01T18:18:42Z INFO  minertim] H/s 1m:2080.6 5m:2154.5 10m:2157.9 | Shares: 147/0 (found:148) | Diff: 75000 | 8s elapsed (since last share, avg 36s) | best=38 target=57266 (999%)
[2026-10-01T18:18:46Z INFO  minertim::pool_connection] New job: 0fzgBQIqhE0QevTK (difficulty: 75000, target: b2df0000)
[2026-10-01T18:18:46Z INFO  minertim::pool_connection] Share submitted: rpc_id=284 job_id=810ODzutyBmMsdYz nonce=cb83ff00
[2026-10-01T18:18:46Z INFO  minertim::pool_connection] Share accepted: rpc_id=284 job_id=810ODzutyBmMsdYz nonce=cb83ff00 latency_ms=224
[2026-10-01T18:18:52Z INFO  minertim] H/s 1m:2032.3 5m:2146.2 10m:2153.9 | Shares: 148/0 (found:148) | Diff: 75000 | 18s elapsed (since last share, avg 36s) | best=38 target=57266 (999%)
[2026-10-01T18:18:59Z INFO  minertim::pool_connection] New job: 8knUBiiTlCF4Tldw (difficulty: 108871, target: 1a9a0000)
[2026-10-01T18:19:02Z INFO  minertim] H/s 1m:2088.7 5m:2146.4 10m:2154.0 | Shares: 148/0 (found:148) | Diff: 108871 | 28s elapsed (since last share, avg 52s) | best=38 target=39450 (999%)
[2026-10-01T18:19:06Z INFO  minertim::pool_connection] New job: tpbboNoSfw3TPega (difficulty: 108871, target: 1a9a0000)
[2026-10-01T18:19:12Z INFO  minertim] H/s 1m:2113.6 5m:2146.1 10m:2153.9 | Shares: 148/0 (found:148) | Diff: 108871 | 38s elapsed (since last share, avg 51s) | best=38 target=39450 (999%)
[2026-10-01T18:19:22Z INFO  minertim] H/s 1m:2113.4 5m:2146.1 10m:2153.9 | Shares: 148/0 (found:148) | Diff: 108871 | 48s elapsed (since last share, avg 51s) | best=38 target=39450 (999%)
[2026-10-01T18:19:26Z INFO  minertim::pool_connection] New job: 360RA0BnpUIBAW7f (difficulty: 108871, target: 1a9a0000)
[2026-10-01T18:19:32Z INFO  minertim] H/s 1m:2165.4 5m:2146.1 10m:2153.9 | Shares: 148/0 (found:148) | Diff: 108871 | 58s elapsed (since last share, avg 50s) | best=38 target=39450 (999%)
[2026-10-01T18:19:42Z INFO  minertim] H/s 1m:2213.6 5m:2146.1 10m:2153.9 | Shares: 148/0 (found:148) | Diff: 108871 | 1m8s elapsed (since last share, avg 49s) | best=38 target=39450 (999%)
[2026-10-01T18:19:46Z INFO  minertim::pool_connection] New job: U57fLcPw0xFqqfOW (difficulty: 108871, target: 1a9a0000)
[2026-10-01T18:19:52Z INFO  minertim] H/s 1m:2214.5 5m:2148.2 10m:2153.9 | Shares: 148/0 (found:148) | Diff: 108871 | 1m18s elapsed (since last share, avg 49s) | best=38 target=39450 (999%)
[2026-10-01T18:19:59Z INFO  minertim::pool_connection] New job: oH0jpwQrr1XJHoUh (difficulty: 67112, target: fdf90000)
[2026-10-01T18:20:02Z INFO  minertim] H/s 1m:2215.4 5m:2148.3 10m:2154.1 | Shares: 148/0 (found:148) | Diff: 67112 | 1m28s elapsed (since last share, avg 30s) | best=38 target=63997 (999%)
[2026-10-01T18:20:06Z INFO  minertim::pool_connection] New job: VJbub7LFDPhasPkW (difficulty: 67112, target: fdf90000)
[2026-10-01T18:20:12Z INFO  minertim] H/s 1m:2212.7 5m:2147.8 10m:2153.9 | Shares: 148/0 (found:148) | Diff: 67112 | 1m38s elapsed (since last share, avg 30s) | best=38 target=63997 (999%)
[2026-10-01T18:20:20Z INFO  minertim::pool_connection] New job: ybclepCfAx0oA7Qh (difficulty: 67112, target: fdf90000)
[2026-10-01T18:20:22Z INFO  minertim] H/s 1m:2212.6 5m:2147.8 10m:2153.8 | Shares: 148/0 (found:148) | Diff: 67112 | 1m48s elapsed (since last share, avg 30s) | best=38 target=63997 (999%)
[2026-10-01T18:20:32Z INFO  minertim] H/s 1m:2212.7 5m:2147.9 10m:2153.8 | Shares: 148/0 (found:148) | Diff: 67112 | 1m58s elapsed (since last share, avg 30s) | best=38 target=63997 (999%)
[2026-10-01T18:20:40Z INFO  minertim::pool_connection] New job: S8wI4sRRFW2oupKv (difficulty: 67112, target: fdf90000)
[2026-10-01T18:20:42Z INFO  minertim] H/s 1m:2212.7 5m:2147.7 10m:2153.8 | Shares: 148/0 (found:148) | Diff: 67112 | 2m8s elapsed (since last share, avg 30s) | best=38 target=63997 (999%)
[2026-10-01T18:20:52Z INFO  minertim] H/s 1m:2213.1 5m:2147.7 10m:2153.8 | Shares: 148/0 (found:148) | Diff: 67112 | 2m18s elapsed (since last share, avg 30s) | best=38 target=63997 (999%)
[2026-10-01T18:20:59Z INFO  minertim::pool_connection] New job: U0KAIrZdmtODbMCT (difficulty: 50334, target: 514d0100)
[2026-10-01T18:21:00Z INFO  minertim::pool_connection] New job: 5H8OMSBzjYk3eaHS (difficulty: 50334, target: 514d0100)
[2026-10-01T18:21:02Z INFO  minertim] H/s 1m:2214.9 5m:2147.9 10m:2153.9 | Shares: 148/0 (found:148) | Diff: 50334 | 2m28s elapsed (since last share, avg 22s) | best=38 target=85329 (999%)
[2026-10-01T18:21:08Z INFO  minertim::miner] Worker 0 SHARE FOUND! job_id=5H8OMSBzjYk3eaHS, nonce=1c570201, hash_val=13094, difficulty=50334, hash=2c338ae60075d747aa255eb0d10aa9f6a3510632fd05ec57689ea9f126330000
[2026-10-01T18:21:08Z INFO  minertim::pool_connection] Share submitted: rpc_id=288 job_id=5H8OMSBzjYk3eaHS nonce=1c570201
[2026-10-01T18:21:08Z INFO  minertim::pool_connection] Share accepted: rpc_id=288 job_id=5H8OMSBzjYk3eaHS nonce=1c570201 latency_ms=225
[2026-10-01T18:21:09Z INFO  minertim::miner] Worker 1 SHARE FOUND! job_id=5H8OMSBzjYk3eaHS, nonce=85470601, hash_val=79543, difficulty=50334, hash=432cc1f99ed1521ffc6bf034b9917203649b83c2bba8b02b3f235ecdb7360100
[2026-10-01T18:21:12Z INFO  minertim] H/s 1m:2156.3 5m:2137.8 10m:2148.9 | Shares: 149/0 (found:150) | Diff: 50334 | 2s elapsed (since last share, avg 23s) | best=38 target=85329 (999%)
[2026-10-01T18:21:20Z INFO  minertim::pool_connection] New job: aaRiUptqkSZSkYnd (difficulty: 50334, target: 514d0100)
[2026-10-01T18:21:20Z INFO  minertim::pool_connection] Share submitted: rpc_id=289 job_id=5H8OMSBzjYk3eaHS nonce=85470601
[2026-10-01T18:21:20Z INFO  minertim::pool_connection] Share accepted: rpc_id=289 job_id=5H8OMSBzjYk3eaHS nonce=85470601 latency_ms=306
[2026-10-01T18:21:22Z INFO  minertim] H/s 1m:2099.8 5m:2155.5 10m:2144.1 | Shares: 150/0 (found:150) | Diff: 50334 | 12s elapsed (since last share, avg 23s) | best=38 target=85329 (999%)
[2026-10-01T18:21:29Z INFO  minertim::pool_connection] New job: PiyByuCEfb3mxIMP (difficulty: 75501, target: 36de0000)
[2026-10-01T18:21:32Z INFO  minertim] H/s 1m:2100.3 5m:2163.1 10m:2144.2 | Shares: 150/0 (found:150) | Diff: 75501 | 22s elapsed (since last share, avg 35s) | best=38 target=56886 (999%)
[2026-10-01T18:21:34Z INFO  minertim::miner] Worker 1 SHARE FOUND! job_id=PiyByuCEfb3mxIMP, nonce=a5c80601, hash_val=18490, difficulty=75501, hash=ae30a5c7a715e7615c3597779bead47ae9f405aac489b7e780681b2c3a480000
[2026-10-01T18:21:40Z INFO  minertim::pool_connection] New job: 0M8YhWGUxuKxYten (difficulty: 75501, target: 36de0000)
[2026-10-01T18:21:40Z INFO  minertim::pool_connection] Share submitted: rpc_id=290 job_id=PiyByuCEfb3mxIMP nonce=a5c80601
[2026-10-01T18:21:40Z INFO  minertim::pool_connection] Share accepted: rpc_id=290 job_id=PiyByuCEfb3mxIMP nonce=a5c80601 latency_ms=273
[2026-10-01T18:21:42Z INFO  minertim] H/s 1m:2048.0 5m:2154.0 10m:2139.7 | Shares: 151/0 (found:151) | Diff: 75501 | 8s elapsed (since last share, avg 36s) | best=38 target=56886 (999%)
[2026-10-01T18:21:53Z INFO  minertim] H/s 1m:2049.4 5m:2154.1 10m:2139.8 | Shares: 151/0 (found:151) | Diff: 75501 | 18s elapsed (since last share, avg 36s) | best=38 target=56886 (999%)
[2026-10-01T18:21:59Z INFO  minertim::pool_connection] New job: xd0EWE9jaHd6LLpO (difficulty: 113254, target: 23940000)
[2026-10-01T18:21:59Z INFO  minertim::pool_connection] New job: 0pHvlyNrDcJaXidT (difficulty: 113254, target: 23940000)
[2026-10-01T18:22:03Z INFO  minertim] H/s 1m:2107.6 5m:2154.4 10m:2139.8 | Shares: 151/0 (found:151) | Diff: 113254 | 28s elapsed (since last share, avg 53s) | best=38 target=37923 (999%)
[2026-10-01T18:22:13Z INFO  minertim] H/s 1m:2162.3 5m:2154.1 10m:2144.3 | Shares: 151/0 (found:151) | Diff: 113254 | 38s elapsed (since last share, avg 52s) | best=38 target=37923 (999%)
[2026-10-01T18:22:19Z INFO  minertim::pool_connection] New job: pPiUzQvSOqkn5rCP (difficulty: 113254, target: 23940000)
[2026-10-01T18:22:23Z INFO  minertim] H/s 1m:2161.5 5m:2154.0 10m:2149.7 | Shares: 151/0 (found:151) | Diff: 113254 | 48s elapsed (since last share, avg 52s) | best=38 target=37923 (999%)
[2026-10-01T18:22:24Z INFO  minertim::miner] Worker 0 SHARE FOUND! job_id=pPiUzQvSOqkn5rCP, nonce=10e80401, hash_val=12828, difficulty=113254, hash=8c3747b70e75edb39da846a8c40e3e5d81ddca90594160e9fe35ad0d1c320000
[2026-10-01T18:22:33Z INFO  minertim] H/s 1m:2106.8 5m:2135.5 10m:2148.9 | Shares: 151/0 (found:152) | Diff: 113254 | 8s elapsed (since last share, avg 53s) | best=38 target=37923 (999%)
[2026-10-01T18:22:39Z INFO  minertim::pool_connection] New job: uoPU4bMahbZqxCG8 (difficulty: 113254, target: 23940000)
[2026-10-01T18:22:39Z INFO  minertim::pool_connection] Share submitted: rpc_id=292 job_id=pPiUzQvSOqkn5rCP nonce=10e80401
[2026-10-01T18:22:40Z INFO  minertim::pool_connection] Share accepted: rpc_id=292 job_id=pPiUzQvSOqkn5rCP nonce=10e80401 latency_ms=278
[2026-10-01T18:22:43Z INFO  minertim] H/s 1m:2052.3 5m:2126.2 10m:2153.2 | Shares: 152/0 (found:152) | Diff: 113254 | 19s elapsed (since last share, avg 55s) | best=38 target=37923 (999%)
[2026-10-01T18:22:53Z INFO  minertim] H/s 1m:2052.8 5m:2126.2 10m:2153.0 | Shares: 152/0 (found:152) | Diff: 113254 | 29s elapsed (since last share, avg 55s) | best=38 target=37923 (999%)
[2026-10-01T18:22:59Z INFO  minertim::pool_connection] New job: HSyFZOSIDrfKssHO (difficulty: 86379, target: 3ac20000)
[2026-10-01T18:22:59Z INFO  minertim::pool_connection] New job: DD7PzBZO9nSBuuaN (difficulty: 86379, target: 3ac20000)
[2026-10-01T18:23:03Z INFO  minertim] H/s 1m:2053.7 5m:2135.9 10m:2153.0 | Shares: 152/0 (found:152) | Diff: 86379 | 39s elapsed (since last share, avg 42s) | best=38 target=49722 (999%)
[2026-10-01T18:23:09Z INFO  minertim::miner] Worker 3 SHARE FOUND! job_id=DD7PzBZO9nSBuuaN, nonce=176e0801, hash_val=44503, difficulty=86379, hash=7f291b44964d4e5f3286e53a61fc1a8ae1f70ab6ae5fa7b7aa929c87d7ad0000
[2026-10-01T18:23:13Z INFO  minertim] H/s 1m:1996.6 5m:2130.6 10m:2148.2 | Shares: 152/0 (found:153) | Diff: 86379 | 3s elapsed (since last share, avg 43s) | best=38 target=49722 (999%)
[2026-10-01T18:23:19Z INFO  minertim::pool_connection] New job: vMivhz3zrCYbK913 (difficulty: 86379, target: 3ac20000)
[2026-10-01T18:23:19Z INFO  minertim::pool_connection] Share submitted: rpc_id=294 job_id=DD7PzBZO9nSBuuaN nonce=176e0801
[2026-10-01T18:23:19Z INFO  minertim::pool_connection] Share accepted: rpc_id=294 job_id=DD7PzBZO9nSBuuaN nonce=176e0801 latency_ms=306
[2026-10-01T18:23:23Z INFO  minertim] H/s 1m:2034.1 5m:2118.5 10m:2142.3 | Shares: 153/0 (found:153) | Diff: 86379 | 13s elapsed (since last share, avg 42s) | best=38 target=49722 (999%)
[2026-10-01T18:23:33Z INFO  minertim] H/s 1m:2087.9 5m:2127.5 10m:2142.2 | Shares: 153/0 (found:153) | Diff: 86379 | 23s elapsed (since last share, avg 41s) | best=38 target=49722 (999%)
[2026-10-01T18:23:39Z INFO  minertim::pool_connection] New job: 1rhAiSpe0GmB9CDG (difficulty: 86379, target: 3ac20000)
[2026-10-01T18:23:39Z INFO  minertim::miner] Worker 1 SHARE FOUND! job_id=1rhAiSpe0GmB9CDG, nonce=d9d80a01, hash_val=19244, difficulty=86379, hash=73b8dc0e894a52b9211cd941e84f424fde9f111ca07f9f5b4f44b4712c4b0000
[2026-10-01T18:23:41Z INFO  minertim::miner] Worker 2 SHARE FOUND! job_id=1rhAiSpe0GmB9CDG, nonce=86830a01, hash_val=20364, difficulty=86379, hash=ce2983fb761d521ff24a58fe592c83b7407576642d13feb25f13a74e8c4f0000
[2026-10-01T18:23:43Z INFO  minertim] H/s 1m:2032.4 5m:2126.2 10m:2137.5 | Shares: 153/0 (found:155) | Diff: 86379 | 1s elapsed (since last share, avg 42s) | best=38 target=49722 (999%)
[2026-10-01T18:23:53Z INFO  minertim] H/s 1m:1824.3 5m:2090.4 10m:2119.9 | Shares: 153/0 (found:155) | Diff: 86379 | 11s elapsed (since last share, avg 47s) | best=38 target=49722 (999%)
[2026-10-01T18:23:56Z INFO  minertim::pool_connection] New job: phnGjcNy4y05Zo0r (difficulty: 86379, target: 3ac20000)
[2026-10-01T18:23:56Z INFO  minertim::pool_connection] Share submitted: rpc_id=296 job_id=1rhAiSpe0GmB9CDG nonce=86830a01
[2026-10-01T18:23:56Z INFO  minertim::pool_connection] Share submitted: rpc_id=295 job_id=1rhAiSpe0GmB9CDG nonce=d9d80a01
[2026-10-01T18:23:56Z INFO  minertim::pool_connection] Share accepted: rpc_id=296 job_id=1rhAiSpe0GmB9CDG nonce=86830a01 latency_ms=254
[2026-10-01T18:23:56Z INFO  minertim::pool_connection] Share accepted: rpc_id=295 job_id=1rhAiSpe0GmB9CDG nonce=d9d80a01 latency_ms=512
[2026-10-01T18:23:59Z INFO  minertim::pool_connection] New job: gW1CiJqSGhUinPqV (difficulty: 129569, target: 7c810000)
[2026-10-01T18:24:03Z INFO  minertim] H/s 1m:1857.5 5m:2086.5 10m:2118.0 | Shares: 155/0 (found:155) | Diff: 129569 | 21s elapsed (since last share, avg 1m9s) | best=38 target=33148 (999%)
[2026-10-01T18:24:05Z INFO  minertim::pool_connection] New job: ChyA4Yqt4IKyzfnl (difficulty: 129569, target: 7c810000)
[2026-10-01T18:24:13Z INFO  minertim] H/s 1m:1925.8 5m:2086.2 10m:2117.9 | Shares: 155/0 (found:155) | Diff: 129569 | 31s elapsed (since last share, avg 1m7s) | best=38 target=33148 (999%)
[2026-10-01T18:24:23Z INFO  minertim] H/s 1m:1925.6 5m:2086.1 10m:2117.8 | Shares: 155/0 (found:155) | Diff: 129569 | 41s elapsed (since last share, avg 1m7s) | best=38 target=33148 (999%)
[2026-10-01T18:24:25Z INFO  minertim::pool_connection] New job: SiT8BmMyGaQsJA0i (difficulty: 129569, target: 7c810000)
[2026-10-01T18:24:33Z INFO  minertim] H/s 1m:1980.8 5m:2086.1 10m:2117.8 | Shares: 155/0 (found:155) | Diff: 129569 | 51s elapsed (since last share, avg 1m5s) | best=38 target=33148 (999%)
[2026-10-01T18:24:43Z INFO  minertim] H/s 1m:2189.2 5m:2086.0 10m:2117.8 | Shares: 155/0 (found:155) | Diff: 129569 | 1m1s elapsed (since last share, avg 59s) | best=38 target=33148 (999%)
[2026-10-01T18:24:45Z INFO  minertim::pool_connection] New job: 86EUniVYdzkAddiz (difficulty: 129569, target: 7c810000)
[2026-10-01T18:24:53Z INFO  minertim] H/s 1m:2212.6 5m:2086.0 10m:2118.7 | Shares: 155/0 (found:155) | Diff: 129569 | 1m11s elapsed (since last share, avg 58s) | best=38 target=33148 (999%)
[2026-10-01T18:24:59Z INFO  minertim::pool_connection] New job: u06vXZ8ZRn6itR0r (difficulty: 92549, target: 47b50000)
[2026-10-01T18:25:03Z INFO  minertim] H/s 1m:2212.9 5m:2086.2 10m:2118.7 | Shares: 155/0 (found:155) | Diff: 92549 | 1m21s elapsed (since last share, avg 41s) | best=38 target=46407 (999%)
[2026-10-01T18:25:03Z INFO  minertim::miner] Worker 0 SHARE FOUND! job_id=u06vXZ8ZRn6itR0r, nonce=c0cb0901, hash_val=7044, difficulty=92549, hash=85332012f5d6c0a47ae32e8a37b4f3c543793df6e94ccf3995c3fcb4841b0000
[2026-10-01T18:25:05Z INFO  minertim::pool_connection] New job: v4QRYHbbndbLIttz (difficulty: 92549, target: 47b50000)
[2026-10-01T18:25:05Z INFO  minertim::pool_connection] Share submitted: rpc_id=298 job_id=u06vXZ8ZRn6itR0r nonce=c0cb0901
[2026-10-01T18:25:05Z INFO  minertim::pool_connection] Share accepted: rpc_id=298 job_id=u06vXZ8ZRn6itR0r nonce=c0cb0901 latency_ms=315
[2026-10-01T18:25:08Z INFO  minertim::miner] Worker 1 SHARE FOUND! job_id=v4QRYHbbndbLIttz, nonce=8d490d01, hash_val=19047, difficulty=92549, hash=bca9a0ed7236e6734c1263ac0139bc5b7b90abad394170b239718f70674a0000
[2026-10-01T18:25:13Z INFO  minertim] H/s 1m:2140.7 5m:2073.7 10m:2112.6 | Shares: 156/0 (found:157) | Diff: 92549 | 4s elapsed (since last share, avg 43s) | best=38 target=46407 (999%)
[2026-10-01T18:25:23Z INFO  minertim] H/s 1m:2036.7 5m:2055.7 10m:2103.7 | Shares: 156/0 (found:157) | Diff: 92549 | 14s elapsed (since last share, avg 45s) | best=38 target=46407 (999%)
[2026-10-01T18:25:25Z INFO  minertim::pool_connection] New job: NZYsvduDnYgyum6B (difficulty: 92549, target: 47b50000)
[2026-10-01T18:25:25Z INFO  minertim::pool_connection] Share submitted: rpc_id=300 job_id=v4QRYHbbndbLIttz nonce=8d490d01
[2026-10-01T18:25:25Z INFO  minertim::pool_connection] Share accepted: rpc_id=300 job_id=v4QRYHbbndbLIttz nonce=8d490d01 latency_ms=305
[2026-10-01T18:25:29Z INFO  minertim::miner] Worker 1 SHARE FOUND! job_id=NZYsvduDnYgyum6B, nonce=516c0d01, hash_val=27075, difficulty=92549, hash=7b80194fed8a722796aec3539979e2f923396f4dacd7bfbc6352569fc3690000
[2026-10-01T18:25:29Z INFO  minertim::pool_connection] New job: 1Xlyjq0d1F1pHvNn (difficulty: 138824, target: da780000)
[2026-10-01T18:25:29Z INFO  minertim::pool_connection] Share submitted: rpc_id=301 job_id=NZYsvduDnYgyum6B nonce=516c0d01
[2026-10-01T18:25:29Z INFO  minertim::pool_connection] Share accepted: rpc_id=301 job_id=NZYsvduDnYgyum6B nonce=516c0d01 latency_ms=305
[2026-10-01T18:25:33Z INFO  minertim] H/s 1m:2009.6 5m:2051.0 10m:2101.4 | Shares: 158/0 (found:158) | Diff: 138824 | 3s elapsed (since last share, avg 1m9s) | best=38 target=30938 (999%)
[2026-10-01T18:25:43Z INFO  minertim] H/s 1m:2010.4 5m:2051.1 10m:2101.3 | Shares: 158/0 (found:158) | Diff: 138824 | 13s elapsed (since last share, avg 1m9s) | best=38 target=30938 (999%)
[2026-10-01T18:25:45Z INFO  minertim::pool_connection] New job: Te7Er2970WrjlG0f (difficulty: 138824, target: da780000)
[2026-10-01T18:25:50Z INFO  minertim::miner] Worker 3 SHARE FOUND! job_id=Te7Er2970WrjlG0f, nonce=8b950d01, hash_val=4349, difficulty=138824, hash=47d00044d29151732c1df6c983f16a5a7646299c949f13628faf240ffd100000
[2026-10-01T18:25:53Z INFO  minertim] H/s 1m:2011.9 5m:2051.2 10m:2101.4 | Shares: 158/0 (found:159) | Diff: 138824 | 2s elapsed (since last share, avg 1m9s) | best=38 target=30938 (999%)
[2026-10-01T18:25:59Z INFO  minertim::pool_connection] New job: zQqUMr50XDUTTqf3 (difficulty: 208240, target: 91500000)
[2026-10-01T18:25:59Z INFO  minertim::pool_connection] Share submitted: rpc_id=302 job_id=Te7Er2970WrjlG0f nonce=8b950d01
[2026-10-01T18:25:59Z INFO  minertim::pool_connection] Share accepted: rpc_id=302 job_id=Te7Er2970WrjlG0f nonce=8b950d01 latency_ms=307
[2026-10-01T18:26:03Z INFO  minertim] H/s 1m:1989.2 5m:2044.9 10m:2093.5 | Shares: 159/0 (found:159) | Diff: 208240 | 12s elapsed (since last share, avg 1m44s) | best=38 target=20625 (999%)
[2026-10-01T18:26:05Z INFO  minertim::pool_connection] New job: y5bzuDySAn5Fbjic (difficulty: 208240, target: 91500000)
[2026-10-01T18:26:13Z INFO  minertim] H/s 1m:2092.1 5m:2054.4 10m:2093.4 | Shares: 159/0 (found:159) | Diff: 208240 | 22s elapsed (since last share, avg 1m39s) | best=38 target=20625 (999%)
[2026-10-01T18:26:23Z INFO  minertim] H/s 1m:2119.5 5m:2054.3 10m:2106.8 | Shares: 159/0 (found:159) | Diff: 208240 | 32s elapsed (since last share, avg 1m38s) | best=38 target=20625 (999%)
[2026-10-01T18:26:25Z INFO  minertim::pool_connection] New job: 9lF7oG4xvv0hJcKf (difficulty: 208240, target: 91500000)
[2026-10-01T18:26:29Z INFO  minertim::pool_connection] New job: qjqX9da0UXYSl0I9 (difficulty: 312361, target: b6350000)
[2026-10-01T18:26:33Z INFO  minertim] H/s 1m:2119.5 5m:2063.4 10m:2110.5 | Shares: 159/0 (found:159) | Diff: 312361 | 42s elapsed (since last share, avg 2m27s) | best=38 target=13750 (999%)
[2026-10-01T18:26:43Z INFO  minertim] H/s 1m:2119.4 5m:2063.3 10m:2110.5 | Shares: 159/0 (found:159) | Diff: 312361 | 52s elapsed (since last share, avg 2m27s) | best=38 target=13750 (999%)
[2026-10-01T18:26:45Z INFO  minertim::pool_connection] New job: QsJWPatIkuaOMW0f (difficulty: 312361, target: b6350000)
[2026-10-01T18:26:53Z INFO  minertim] H/s 1m:2215.0 5m:2063.4 10m:2110.6 | Shares: 159/0 (found:159) | Diff: 312361 | 1m2s elapsed (since last share, avg 2m21s) | best=38 target=13750 (999%)
[2026-10-01T18:26:59Z INFO  minertim::pool_connection] New job: swuyWc2Iwag0GgDs (difficulty: 234275, target: 9d470000)
[2026-10-01T18:27:03Z INFO  minertim] H/s 1m:2215.6 5m:2063.6 10m:2110.7 | Shares: 159/0 (found:159) | Diff: 234275 | 1m12s elapsed (since last share, avg 1m45s) | best=38 target=18333 (999%)
[2026-10-01T18:27:05Z INFO  minertim::pool_connection] New job: T95xMZwfE0vBE5Zb (difficulty: 234275, target: 9d470000)
[2026-10-01T18:27:13Z INFO  minertim] H/s 1m:2214.1 5m:2063.4 10m:2110.5 | Shares: 159/0 (found:159) | Diff: 234275 | 1m22s elapsed (since last share, avg 1m45s) | best=38 target=18333 (999%)
[2026-10-01T18:27:20Z INFO  minertim::miner] Worker 0 SHARE FOUND! job_id=T95xMZwfE0vBE5Zb, nonce=605f0e01, hash_val=10478, difficulty=234275, hash=ec6f17ea01b1103671ac8c7afd5798bdbff212cdd605a98286da5979ee280000
[2026-10-01T18:27:23Z INFO  minertim] H/s 1m:2158.6 5m:2072.3 10m:2105.8 | Shares: 159/0 (found:160) | Diff: 234275 | 2s elapsed (since last share, avg 1m48s) | best=38 target=18333 (999%)
[2026-10-01T18:27:24Z INFO  minertim::pool_connection] New job: gXv0QFY5t7xko0Nu (difficulty: 234275, target: 9d470000)
[2026-10-01T18:27:24Z INFO  minertim::pool_connection] Share submitted: rpc_id=305 job_id=T95xMZwfE0vBE5Zb nonce=605f0e01
[2026-10-01T18:27:25Z INFO  minertim::pool_connection] Share accepted: rpc_id=305 job_id=T95xMZwfE0vBE5Zb nonce=605f0e01 latency_ms=307
[2026-10-01T18:27:29Z INFO  minertim::pool_connection] New job: 1H5Kkq4PywEUOLAX (difficulty: 351412, target: be2f0000)
[2026-10-01T18:27:33Z INFO  minertim] H/s 1m:2158.4 5m:2081.6 10m:2105.8 | Shares: 160/0 (found:160) | Diff: 351412 | 12s elapsed (since last share, avg 2m42s) | best=38 target=12222 (999%)
[2026-10-01T18:27:43Z INFO  minertim] H/s 1m:2157.8 5m:2081.6 10m:2105.8 | Shares: 160/0 (found:160) | Diff: 351412 | 22s elapsed (since last share, avg 2m42s) | best=38 target=12222 (999%)
[2026-10-01T18:27:44Z INFO  minertim::pool_connection] New job: 6q4USo7ykLgOFwW9 (difficulty: 351412, target: be2f0000)
[2026-10-01T18:27:53Z INFO  minertim] H/s 1m:2158.9 5m:2081.7 10m:2105.8 | Shares: 160/0 (found:160) | Diff: 351412 | 32s elapsed (since last share, avg 2m42s) | best=38 target=12222 (999%)
[2026-10-01T18:28:03Z INFO  minertim] H/s 1m:2159.6 5m:2091.5 10m:2110.6 | Shares: 160/0 (found:160) | Diff: 351412 | 42s elapsed (since last share, avg 2m42s) | best=38 target=12222 (999%)
[2026-10-01T18:28:04Z INFO  minertim::pool_connection] New job: sjixDM9TJEaUTjLI (difficulty: 351412, target: be2f0000)
[2026-10-01T18:28:13Z INFO  minertim] H/s 1m:2213.2 5m:2103.2 10m:2112.7 | Shares: 160/0 (found:160) | Diff: 351412 | 52s elapsed (since last share, avg 2m38s) | best=38 target=12222 (999%)
[2026-10-01T18:28:23Z INFO  minertim] H/s 1m:2213.2 5m:2103.2 10m:2112.6 | Shares: 160/0 (found:160) | Diff: 351412 | 1m2s elapsed (since last share, avg 2m38s) | best=38 target=12222 (999%)
[2026-10-01T18:28:24Z INFO  minertim::pool_connection] New job: CMnnpKnOer28s2iE (difficulty: 351412, target: be2f0000)
[2026-10-01T18:28:29Z INFO  minertim::pool_connection] New job: 8wOo02xegM92ZLSl (difficulty: 247078, target: e7430000)
[2026-10-01T18:28:33Z INFO  minertim] H/s 1m:2213.6 5m:2112.8 10m:2117.1 | Shares: 160/0 (found:160) | Diff: 247078 | 1m12s elapsed (since last share, avg 1m51s) | best=38 target=17383 (999%)
[2026-10-01T18:28:43Z INFO  minertim] H/s 1m:2213.5 5m:2148.8 10m:2121.1 | Shares: 160/0 (found:160) | Diff: 247078 | 1m22s elapsed (since last share, avg 1m51s) | best=38 target=17383 (999%)
[2026-10-01T18:28:44Z INFO  minertim::pool_connection] New job: QEt0MdSAflc9W94R (difficulty: 247078, target: e7430000)
[2026-10-01T18:28:53Z INFO  minertim] H/s 1m:2214.1 5m:2152.9 10m:2121.2 | Shares: 160/0 (found:160) | Diff: 247078 | 1m32s elapsed (since last share, avg 1m51s) | best=38 target=17383 (999%)
[2026-10-01T18:29:03Z INFO  minertim] H/s 1m:2215.2 5m:2153.1 10m:2121.3 | Shares: 160/0 (found:160) | Diff: 247078 | 1m42s elapsed (since last share, avg 1m51s) | best=38 target=17383 (999%)
[2026-10-01T18:29:04Z INFO  minertim::pool_connection] New job: jCHCljQdiBhQsALN (difficulty: 247078, target: e7430000)
[2026-10-01T18:29:07Z INFO  minertim::pool_connection] New job: I0u2KHg6MsoKxeM8 (difficulty: 247078, target: e7430000)
[2026-10-01T18:29:13Z INFO  minertim] H/s 1m:2213.7 5m:2152.9 10m:2121.1 | Shares: 160/0 (found:160) | Diff: 247078 | 1m52s elapsed (since last share, avg 1m51s) | best=38 target=17383 (999%)
[2026-10-01T18:29:23Z INFO  minertim] H/s 1m:2213.3 5m:2152.9 10m:2121.1 | Shares: 160/0 (found:160) | Diff: 247078 | 2m2s elapsed (since last share, avg 1m51s) | best=38 target=17383 (999%)
[2026-10-01T18:29:26Z INFO  minertim::pool_connection] New job: xnTUjgvVYqTQYdpV (difficulty: 247078, target: e7430000)
[2026-10-01T18:29:29Z INFO  minertim::pool_connection] New job: 0p6Kd3SP3Zk5VNYI (difficulty: 185311, target: 895a0000)
[2026-10-01T18:29:33Z INFO  minertim] H/s 1m:2213.0 5m:2152.9 10m:2121.1 | Shares: 160/0 (found:160) | Diff: 185311 | 2m12s elapsed (since last share, avg 1m23s) | best=38 target=23177 (999%)
[2026-10-01T18:29:41Z INFO  minertim::miner] Worker 1 SHARE FOUND! job_id=0p6Kd3SP3Zk5VNYI, nonce=c9ec1501, hash_val=2466, difficulty=185311, hash=a216ea5a3b05fbc74cd2f7a8500179238b2485031e11048fc020e6d6a2090000
[2026-10-01T18:29:43Z INFO  minertim] H/s 1m:2213.5 5m:2153.1 10m:2121.1 | Shares: 160/0 (found:161) | Diff: 185311 | 2s elapsed (since last share, avg 1m23s) | best=38 target=23177 (999%)
[2026-10-01T18:29:46Z INFO  minertim::pool_connection] New job: Qn3p4yBjE5BILtSs (difficulty: 185311, target: 895a0000)
[2026-10-01T18:29:46Z INFO  minertim::pool_connection] Share submitted: rpc_id=308 job_id=0p6Kd3SP3Zk5VNYI nonce=c9ec1501
[2026-10-01T18:29:47Z INFO  minertim::pool_connection] Share accepted: rpc_id=308 job_id=0p6Kd3SP3Zk5VNYI nonce=c9ec1501 latency_ms=269
[2026-10-01T18:29:47Z INFO  minertim::miner] Worker 1 SHARE FOUND! job_id=Qn3p4yBjE5BILtSs, nonce=a5f21501, hash_val=22188, difficulty=185311, hash=73d4925e385a261344571b9e9fc254cdbd7c2f7ba7780d27a13bd27eac560000
[2026-10-01T18:29:53Z INFO  minertim] H/s 1m:2112.4 5m:2135.8 10m:2112.6 | Shares: 161/0 (found:162) | Diff: 185311 | 6s elapsed (since last share, avg 1m27s) | best=38 target=23177 (999%)
[2026-10-01T18:29:59Z INFO  minertim::pool_connection] New job: SqLQPotaqUY3frbJ (difficulty: 277973, target: 5b3c0000)
[2026-10-01T18:29:59Z INFO  minertim::pool_connection] Share submitted: rpc_id=309 job_id=Qn3p4yBjE5BILtSs nonce=a5f21501
[2026-10-01T18:30:00Z INFO  minertim::pool_connection] Share accepted: rpc_id=309 job_id=Qn3p4yBjE5BILtSs nonce=a5f21501 latency_ms=225
[2026-10-01T18:30:03Z INFO  minertim] H/s 1m:2016.0 5m:2131.3 10m:2104.5 | Shares: 162/0 (found:162) | Diff: 277973 | 16s elapsed (since last share, avg 2m17s) | best=38 target=15451 (999%)
[2026-10-01T18:30:06Z INFO  minertim::pool_connection] New job: xTc0tm8f1VaOffei (difficulty: 277973, target: 5b3c0000)
[2026-10-01T18:30:13Z INFO  minertim] H/s 1m:2013.5 5m:2148.9 10m:2104.2 | Shares: 162/0 (found:162) | Diff: 277973 | 26s elapsed (since last share, avg 2m18s) | best=38 target=15451 (999%)
[2026-10-01T18:30:17Z INFO  minertim::pool_connection] New job: slkgR30Y0Ztod3eY (difficulty: 277973, target: 5b3c0000)
[2026-10-01T18:30:23Z INFO  minertim] H/s 1m:2014.0 5m:2153.7 10m:2104.3 | Shares: 162/0 (found:162) | Diff: 277973 | 36s elapsed (since last share, avg 2m18s) | best=38 target=15451 (999%)
[2026-10-01T18:30:29Z INFO  minertim::pool_connection] New job: 2iAe070kQAV9mIbr (difficulty: 416946, target: 3d280000)
[2026-10-01T18:30:33Z INFO  minertim] H/s 1m:2013.8 5m:2153.7 10m:2104.3 | Shares: 162/0 (found:162) | Diff: 416946 | 46s elapsed (since last share, avg 3m27s) | best=38 target=10301 (999%)
[2026-10-01T18:30:37Z INFO  minertim::pool_connection] New job: z4tIBcmseyuzrd80 (difficulty: 416946, target: 3d280000)
[2026-10-01T18:30:43Z INFO  minertim] H/s 1m:2115.5 5m:2153.6 10m:2104.3 | Shares: 162/0 (found:162) | Diff: 416946 | 56s elapsed (since last share, avg 3m17s) | best=38 target=10301 (999%)
[2026-10-01T18:30:53Z INFO  minertim] H/s 1m:2213.9 5m:2170.1 10m:2104.4 | Shares: 162/0 (found:162) | Diff: 416946 | 1m6s elapsed (since last share, avg 3m8s) | best=38 target=10301 (999%)
[2026-10-01T18:30:57Z INFO  minertim::pool_connection] New job: 2bvN3w0nU5P1WT80 (difficulty: 416946, target: 3d280000)
[2026-10-01T18:30:59Z INFO  minertim::pool_connection] New job: WvM2im8KfEFglDGk (difficulty: 312725, target: a6350000)
[2026-10-01T18:31:03Z INFO  minertim] H/s 1m:2216.0 5m:2170.3 10m:2109.3 | Shares: 162/0 (found:162) | Diff: 312725 | 1m16s elapsed (since last share, avg 2m21s) | best=38 target=13734 (999%)
[2026-10-01T18:31:13Z INFO  minertim] H/s 1m:2213.1 5m:2169.8 10m:2113.9 | Shares: 162/0 (found:162) | Diff: 312725 | 1m26s elapsed (since last share, avg 2m21s) | best=38 target=13734 (999%)
[2026-10-01T18:31:17Z INFO  minertim::pool_connection] New job: DVcuN0HJ50osyEjr (difficulty: 312725, target: a6350000)
[2026-10-01T18:31:22Z INFO  minertim::miner] Worker 1 SHARE FOUND! job_id=DVcuN0HJ50osyEjr, nonce=6dba1801, hash_val=1736, difficulty=312725, hash=68950c7355077eda444ef46eb9dfe6c39888a486ddf4efd6188b6092c8060000
[2026-10-01T18:31:23Z INFO  minertim] H/s 1m:2213.4 5m:2169.9 10m:2113.8 | Shares: 162/0 (found:163) | Diff: 312725 | 1s elapsed (since last share, avg 2m21s) | best=38 target=13734 (999%)
[2026-10-01T18:31:33Z INFO  minertim] H/s 1m:2108.2 5m:2151.7 10m:2109.4 | Shares: 162/0 (found:163) | Diff: 312725 | 11s elapsed (since last share, avg 2m28s) | best=38 target=13734 (999%)
[2026-10-01T18:31:35Z INFO  minertim::pool_connection] New job: KJ9aJTWFyIDz6An2 (difficulty: 312725, target: a6350000)
[2026-10-01T18:31:35Z INFO  minertim::pool_connection] Share submitted: rpc_id=312 job_id=DVcuN0HJ50osyEjr nonce=6dba1801
[2026-10-01T18:31:35Z INFO  minertim::pool_connection] Share accepted: rpc_id=312 job_id=DVcuN0HJ50osyEjr nonce=6dba1801 latency_ms=259
[2026-10-01T18:31:43Z INFO  minertim::miner] Worker 3 SHARE FOUND! job_id=KJ9aJTWFyIDz6An2, nonce=53391901, hash_val=4466, difficulty=312725, hash=8cdbe729af8914b67c9e95c7ed80ce8742e8e3bc4937cab3260e613372110000
[2026-10-01T18:31:43Z INFO  minertim] H/s 1m:2082.0 5m:2147.2 10m:2107.1 | Shares: 163/0 (found:164) | Diff: 312725 | 0s elapsed (since last share, avg 2m30s) | best=38 target=13734 (999%)
[2026-10-01T18:31:47Z INFO  minertim::pool_connection] New job: J9k0Ti0cFoz6hgd6 (difficulty: 312725, target: a6350000)
[2026-10-01T18:31:47Z INFO  minertim::pool_connection] Share submitted: rpc_id=313 job_id=KJ9aJTWFyIDz6An2 nonce=53391901
[2026-10-01T18:31:47Z INFO  minertim::pool_connection] Share accepted: rpc_id=313 job_id=KJ9aJTWFyIDz6An2 nonce=53391901 latency_ms=251
[2026-10-01T18:31:53Z INFO  minertim] H/s 1m:2071.5 5m:2145.4 10m:2106.3 | Shares: 164/0 (found:164) | Diff: 312725 | 10s elapsed (since last share, avg 2m30s) | best=38 target=13734 (999%)
[2026-10-01T18:31:59Z INFO  minertim::pool_connection] New job: UpPJM5h02ik4A7U0 (difficulty: 469087, target: c4230000)
[2026-10-01T18:32:03Z INFO  minertim] H/s 1m:2073.4 5m:2145.6 10m:2106.3 | Shares: 164/0 (found:164) | Diff: 469087 | 20s elapsed (since last share, avg 3m46s) | best=38 target=9156 (999%)
[2026-10-01T18:32:07Z INFO  minertim::pool_connection] New job: SyJJSoBxhWNwPtlm (difficulty: 469087, target: c4230000)
[2026-10-01T18:32:13Z INFO  minertim] H/s 1m:2071.8 5m:2154.9 10m:2106.2 | Shares: 164/0 (found:164) | Diff: 469087 | 30s elapsed (since last share, avg 3m46s) | best=38 target=9156 (999%)
[2026-10-01T18:32:23Z INFO  minertim] H/s 1m:2177.1 5m:2154.9 10m:2115.4 | Shares: 164/0 (found:164) | Diff: 469087 | 40s elapsed (since last share, avg 3m35s) | best=38 target=9156 (999%)
[2026-10-01T18:32:27Z INFO  minertim::pool_connection] New job: xyWm1JJBv9Kg1nIH (difficulty: 469087, target: c4230000)
[2026-10-01T18:32:29Z INFO  minertim::miner] Worker 2 SHARE FOUND! job_id=xyWm1JJBv9Kg1nIH, nonce=5aec1b01, hash_val=7455, difficulty=469087, hash=d462a952ddeffb26a093e2ca9ffe04cebd1253901ab130fc67ba4f211f1d0000
[2026-10-01T18:32:33Z INFO  minertim] H/s 1m:2148.0 5m:2145.5 10m:2115.3 | Shares: 164/0 (found:165) | Diff: 469087 | 3s elapsed (since last share, avg 3m38s) | best=38 target=9156 (999%)
[2026-10-01T18:32:43Z INFO  minertim] H/s 1m:2053.5 5m:2127.3 10m:2106.3 | Shares: 164/0 (found:165) | Diff: 469087 | 13s elapsed (since last share, avg 3m48s) | best=38 target=9156 (999%)
[2026-10-01T18:32:47Z INFO  minertim::pool_connection] New job: xICvnym5reIfjisQ (difficulty: 469087, target: c4230000)
[2026-10-01T18:32:47Z INFO  minertim::pool_connection] Share submitted: rpc_id=315 job_id=xyWm1JJBv9Kg1nIH nonce=5aec1b01
[2026-10-01T18:32:47Z INFO  minertim::pool_connection] Share accepted: rpc_id=315 job_id=xyWm1JJBv9Kg1nIH nonce=5aec1b01 latency_ms=304
[2026-10-01T18:32:53Z INFO  minertim] H/s 1m:2041.1 5m:2125.2 10m:2105.3 | Shares: 165/0 (found:165) | Diff: 469087 | 23s elapsed (since last share, avg 3m49s) | best=38 target=9156 (999%)
[2026-10-01T18:32:56Z INFO  minertim::pool_connection] New job: Zt6C7DaeisVEfzd6 (difficulty: 469087, target: c4230000)
[2026-10-01T18:32:59Z INFO  minertim::pool_connection] New job: aMIiv5k0UVC0VM0f (difficulty: 351815, target: b02f0000)
[2026-10-01T18:33:03Z INFO  minertim] H/s 1m:2041.0 5m:2125.2 10m:2110.0 | Shares: 165/0 (found:165) | Diff: 351815 | 33s elapsed (since last share, avg 2m52s) | best=38 target=12208 (999%)
[2026-10-01T18:33:06Z INFO  minertim::pool_connection] New job: NU4V5EaoXcOthzTt (difficulty: 351815, target: b02f0000)
[2026-10-01T18:33:13Z INFO  minertim] H/s 1m:2039.7 5m:2125.0 10m:2115.8 | Shares: 165/0 (found:165) | Diff: 351815 | 43s elapsed (since last share, avg 2m52s) | best=38 target=12208 (999%)
[2026-10-01T18:33:23Z INFO  minertim] H/s 1m:2094.6 5m:2125.0 10m:2115.8 | Shares: 165/0 (found:165) | Diff: 351815 | 53s elapsed (since last share, avg 2m47s) | best=38 target=12208 (999%)
[2026-10-01T18:33:26Z INFO  minertim::pool_connection] New job: U1D0MdotRnJYcvWV (difficulty: 351815, target: b02f0000)
[2026-10-01T18:33:33Z INFO  minertim] H/s 1m:2200.2 5m:2125.0 10m:2120.5 | Shares: 165/0 (found:165) | Diff: 351815 | 1m3s elapsed (since last share, avg 2m39s) | best=38 target=12208 (999%)
[2026-10-01T18:33:43Z INFO  minertim] H/s 1m:2213.3 5m:2125.0 10m:2138.2 | Shares: 165/0 (found:165) | Diff: 351815 | 1m13s elapsed (since last share, avg 2m38s) | best=38 target=12208 (999%)
[2026-10-01T18:33:46Z INFO  minertim::pool_connection] New job: hiq0JKVJj98vOZG8 (difficulty: 351815, target: b02f0000)
[2026-10-01T18:33:53Z INFO  minertim] H/s 1m:2214.8 5m:2125.1 10m:2140.3 | Shares: 165/0 (found:165) | Diff: 351815 | 1m23s elapsed (since last share, avg 2m38s) | best=38 target=12208 (999%)
[2026-10-01T18:33:59Z INFO  minertim::pool_connection] New job: FADkbRfQYSESXKw0 (difficulty: 219882, target: 4d4c0000)
[2026-10-01T18:34:03Z INFO  minertim] H/s 1m:2214.4 5m:2125.1 10m:2140.3 | Shares: 165/0 (found:165) | Diff: 219882 | 1m34s elapsed (since last share, avg 1m39s) | best=38 target=19533 (999%)
[2026-10-01T18:34:06Z INFO  minertim::pool_connection] New job: qxiF2aJTFe1mEMkp (difficulty: 219882, target: 4d4c0000)
[2026-10-01T18:34:13Z INFO  minertim] H/s 1m:2213.7 5m:2125.0 10m:2140.2 | Shares: 165/0 (found:165) | Diff: 219882 | 1m44s elapsed (since last share, avg 1m39s) | best=38 target=19533 (999%)
[2026-10-01T18:34:23Z INFO  minertim] H/s 1m:2213.6 5m:2125.1 10m:2140.3 | Shares: 165/0 (found:165) | Diff: 219882 | 1m54s elapsed (since last share, avg 1m39s) | best=38 target=19533 (999%)
[2026-10-01T18:34:26Z INFO  minertim::pool_connection] New job: FmoBFN1YLshOBo8O (difficulty: 219882, target: 4d4c0000)
[2026-10-01T18:34:28Z INFO  minertim::miner] Worker 2 SHARE FOUND! job_id=FmoBFN1YLshOBo8O, nonce=ae561f01, hash_val=10354, difficulty=219882, hash=2c13dc9d3800741146a6a49277cc491b8e84702fe83799bfca2d5fe972280000
[2026-10-01T18:34:31Z INFO  minertim::pool_connection] New job: K4bYvFC2abPBQZjf (difficulty: 219882, target: 4d4c0000)
[2026-10-01T18:34:31Z INFO  minertim::pool_connection] Share submitted: rpc_id=318 job_id=FmoBFN1YLshOBo8O nonce=ae561f01
[2026-10-01T18:34:31Z INFO  minertim::pool_connection] Share accepted: rpc_id=318 job_id=FmoBFN1YLshOBo8O nonce=ae561f01 latency_ms=303
[2026-10-01T18:34:33Z INFO  minertim] H/s 1m:2183.2 5m:2119.8 10m:2137.7 | Shares: 166/0 (found:166) | Diff: 219882 | 5s elapsed (since last share, avg 1m40s) | best=38 target=19533 (999%)
[2026-10-01T18:34:41Z INFO  minertim::pool_connection] New job: Kv0yKlWKt54xj3rn (difficulty: 219882, target: 4d4c0000)
[2026-10-01T18:34:43Z INFO  minertim] H/s 1m:2183.3 5m:2137.4 10m:2137.8 | Shares: 166/0 (found:166) | Diff: 219882 | 15s elapsed (since last share, avg 1m40s) | best=38 target=19533 (999%)
[2026-10-01T18:34:44Z INFO  minertim::miner] Worker 3 SHARE FOUND! job_id=Kv0yKlWKt54xj3rn, nonce=37361f01, hash_val=9491, difficulty=219882, hash=4d0b95be26a721eb5fa242828a8d314c2d00c5c4bd1e3603b3f8332813250000
[2026-10-01T18:34:53Z INFO  minertim] H/s 1m:2077.4 5m:2135.7 10m:2128.8 | Shares: 166/0 (found:167) | Diff: 219882 | 9s elapsed (since last share, avg 1m45s) | best=38 target=19533 (999%)
[2026-10-01T18:35:01Z INFO  minertim::pool_connection] New job: JeM0aRPxIfE2EIVw (difficulty: 219882, target: 4d4c0000)
[2026-10-01T18:35:01Z INFO  minertim::pool_connection] Share submitted: rpc_id=319 job_id=Kv0yKlWKt54xj3rn nonce=37361f01
[2026-10-01T18:35:01Z INFO  minertim::pool_connection] Share accepted: rpc_id=319 job_id=Kv0yKlWKt54xj3rn nonce=37361f01 latency_ms=308
[2026-10-01T18:35:03Z INFO  minertim] H/s 1m:1991.7 5m:2121.3 10m:2127.6 | Shares: 167/0 (found:167) | Diff: 219882 | 19s elapsed (since last share, avg 1m50s) | best=38 target=19533 (999%)
[2026-10-01T18:35:13Z INFO  minertim] H/s 1m:1991.0 5m:2121.1 10m:2136.4 | Shares: 167/0 (found:167) | Diff: 219882 | 29s elapsed (since last share, avg 1m50s) | best=38 target=19533 (999%)
[2026-10-01T18:35:21Z INFO  minertim::pool_connection] New job: 80dfk9p77erRFofO (difficulty: 219882, target: 4d4c0000)
[2026-10-01T18:35:23Z INFO  minertim] H/s 1m:2021.0 5m:2121.0 10m:2138.7 | Shares: 167/0 (found:167) | Diff: 219882 | 39s elapsed (since last share, avg 1m48s) | best=38 target=19533 (999%)
[2026-10-01T18:35:30Z INFO  minertim::pool_connection] New job: Yz4PEp0rqKa13bQf (difficulty: 319186, target: 90340000)
[2026-10-01T18:35:33Z INFO  minertim] H/s 1m:2020.9 5m:2121.0 10m:2138.7 | Shares: 167/0 (found:167) | Diff: 319186 | 49s elapsed (since last share, avg 2m37s) | best=38 target=13456 (999%)
[2026-10-01T18:35:41Z INFO  minertim::pool_connection] New job: tJHvFSxEt9hURgKp (difficulty: 319186, target: 90340000)
[2026-10-01T18:35:43Z INFO  minertim] H/s 1m:2128.2 5m:2121.0 10m:2138.7 | Shares: 167/0 (found:167) | Diff: 319186 | 59s elapsed (since last share, avg 2m29s) | best=38 target=13456 (999%)
[2026-10-01T18:35:53Z INFO  minertim] H/s 1m:2215.2 5m:2121.1 10m:2146.7 | Shares: 167/0 (found:167) | Diff: 319186 | 1m9s elapsed (since last share, avg 2m24s) | best=38 target=13456 (999%)
[2026-10-01T18:36:01Z INFO  minertim::pool_connection] New job: 7JAZcSl5W8pQj5C5 (difficulty: 319186, target: 90340000)
[2026-10-01T18:36:03Z INFO  minertim] H/s 1m:2215.1 5m:2121.5 10m:2146.8 | Shares: 167/0 (found:167) | Diff: 319186 | 1m19s elapsed (since last share, avg 2m24s) | best=38 target=13456 (999%)
[2026-10-01T18:36:13Z INFO  minertim] H/s 1m:2214.6 5m:2121.2 10m:2146.7 | Shares: 167/0 (found:167) | Diff: 319186 | 1m29s elapsed (since last share, avg 2m24s) | best=38 target=13456 (999%)
[2026-10-01T18:36:21Z INFO  minertim::pool_connection] New job: G0pVhf3oXwZqbd96 (difficulty: 319186, target: 90340000)
[2026-10-01T18:36:23Z INFO  minertim] H/s 1m:2214.1 5m:2139.3 10m:2146.7 | Shares: 167/0 (found:167) | Diff: 319186 | 1m39s elapsed (since last share, avg 2m24s) | best=38 target=13456 (999%)
[2026-10-01T18:36:30Z INFO  minertim::pool_connection] New job: NV6151Fnkjt0eudH (difficulty: 163213, target: cb660000)
[2026-10-01T18:36:33Z INFO  minertim] H/s 1m:2214.0 5m:2143.7 10m:2146.7 | Shares: 167/0 (found:167) | Diff: 163213 | 1m49s elapsed (since last share, avg 1m13s) | best=38 target=26315 (999%)
[2026-10-01T18:36:41Z INFO  minertim::pool_connection] New job: Cfu2ENkEDkM6YPYd (difficulty: 163213, target: cb660000)
[2026-10-01T18:36:43Z INFO  minertim] H/s 1m:2213.2 5m:2145.5 10m:2146.6 | Shares: 167/0 (found:167) | Diff: 163213 | 1m59s elapsed (since last share, avg 1m13s) | best=38 target=26315 (999%)
[2026-10-01T18:36:53Z INFO  minertim] H/s 1m:2213.9 5m:2145.7 10m:2146.7 | Shares: 167/0 (found:167) | Diff: 163213 | 2m9s elapsed (since last share, avg 1m13s) | best=38 target=26315 (999%)
[2026-10-01T18:37:01Z INFO  minertim::pool_connection] New job: RyQBcLv4TifX6ULE (difficulty: 163213, target: cb660000)
[2026-10-01T18:37:03Z INFO  minertim] H/s 1m:2213.3 5m:2145.6 10m:2146.7 | Shares: 167/0 (found:167) | Diff: 163213 | 2m19s elapsed (since last share, avg 1m13s) | best=38 target=26315 (999%)
[2026-10-01T18:37:13Z INFO  minertim] H/s 1m:2212.9 5m:2145.5 10m:2151.3 | Shares: 167/0 (found:167) | Diff: 163213 | 2m29s elapsed (since last share, avg 1m13s) | best=38 target=26315 (999%)
[2026-10-01T18:37:20Z INFO  minertim::pool_connection] New job: vyrIUnDdCWegbvBU (difficulty: 163213, target: cb660000)
[2026-10-01T18:37:23Z INFO  minertim] H/s 1m:2213.2 5m:2154.9 10m:2151.3 | Shares: 167/0 (found:167) | Diff: 163213 | 2m39s elapsed (since last share, avg 1m13s) | best=38 target=26315 (999%)
[2026-10-01T18:37:30Z INFO  minertim::pool_connection] New job: tSg90SrNYN01xlfI (difficulty: 122409, target: 0f890000)
[2026-10-01T18:37:33Z INFO  minertim] H/s 1m:2213.9 5m:2173.2 10m:2151.4 | Shares: 167/0 (found:167) | Diff: 122409 | 2m49s elapsed (since last share, avg 55s) | best=38 target=35087 (999%)
[2026-10-01T18:37:40Z INFO  minertim::pool_connection] New job: FfFCgZt7jTcWB7Cq (difficulty: 122409, target: 0f890000)
[2026-10-01T18:37:43Z INFO  minertim] H/s 1m:2214.0 5m:2175.5 10m:2151.3 | Shares: 167/0 (found:167) | Diff: 122409 | 2m59s elapsed (since last share, avg 55s) | best=38 target=35087 (999%)
[2026-10-01T18:37:50Z INFO  minertim::miner] Worker 3 SHARE FOUND! job_id=FfFCgZt7jTcWB7Cq, nonce=63eb2401, hash_val=23759, difficulty=122409, hash=b3c9e17d5e987ae4922048ec450d2671b79701bc1c058d1097eb1b68cf5c0000
[2026-10-01T18:37:53Z INFO  minertim] H/s 1m:2160.6 5m:2166.3 10m:2146.8 | Shares: 167/0 (found:168) | Diff: 122409 | 3s elapsed (since last share, avg 56s) | best=38 target=35087 (999%)
[2026-10-01T18:38:00Z INFO  minertim::pool_connection] New job: UNWthtVdN9mLTize (difficulty: 122409, target: 0f890000)
[2026-10-01T18:38:00Z INFO  minertim::pool_connection] Share submitted: rpc_id=323 job_id=FfFCgZt7jTcWB7Cq nonce=63eb2401
[2026-10-01T18:38:01Z INFO  minertim::pool_connection] Share accepted: rpc_id=323 job_id=FfFCgZt7jTcWB7Cq nonce=63eb2401 latency_ms=273
[2026-10-01T18:38:03Z INFO  minertim] H/s 1m:2096.8 5m:2155.3 10m:2141.4 | Shares: 168/0 (found:168) | Diff: 122409 | 13s elapsed (since last share, avg 58s) | best=38 target=35087 (999%)
[2026-10-01T18:38:13Z INFO  minertim] H/s 1m:2095.5 5m:2155.1 10m:2141.3 | Shares: 168/0 (found:168) | Diff: 122409 | 23s elapsed (since last share, avg 58s) | best=38 target=35087 (999%)
[2026-10-01T18:38:20Z INFO  minertim::pool_connection] New job: GiWyQ3uoDkb7F0eQ (difficulty: 122409, target: 0f890000)
[2026-10-01T18:38:23Z INFO  minertim::pool_connection] New job: vhV2F0guYtvgi3Cp (difficulty: 122409, target: 0f890000)
[2026-10-01T18:38:23Z INFO  minertim] H/s 1m:2095.0 5m:2155.1 10m:2141.3 | Shares: 168/0 (found:168) | Diff: 122409 | 33s elapsed (since last share, avg 58s) | best=38 target=35087 (999%)
[2026-10-01T18:38:29Z INFO  minertim::miner] Worker 0 SHARE FOUND! job_id=vhV2F0guYtvgi3Cp, nonce=14e72401, hash_val=20595, difficulty=122409, hash=53ee53e32d89a0b6a44c53bc90febf8680bef9351c9e085c85ae2ef373500000
[2026-10-01T18:38:30Z INFO  minertim::pool_connection] New job: 8Wzmld05trpVCEv1 (difficulty: 177690, target: 6b5e0000)
[2026-10-01T18:38:30Z INFO  minertim::pool_connection] Share submitted: rpc_id=325 job_id=vhV2F0guYtvgi3Cp nonce=14e72401
[2026-10-01T18:38:30Z INFO  minertim::pool_connection] Share accepted: rpc_id=325 job_id=vhV2F0guYtvgi3Cp nonce=14e72401 latency_ms=307
[2026-10-01T18:38:33Z INFO  minertim] H/s 1m:2090.3 5m:2154.3 10m:2140.9 | Shares: 169/0 (found:169) | Diff: 177690 | 4s elapsed (since last share, avg 1m25s) | best=38 target=24171 (999%)
[2026-10-01T18:38:43Z INFO  minertim::pool_connection] New job: DisiPOIfDCzYJAtY (difficulty: 177690, target: 6b5e0000)
[2026-10-01T18:38:43Z INFO  minertim] H/s 1m:2145.0 5m:2154.2 10m:2140.9 | Shares: 169/0 (found:169) | Diff: 177690 | 14s elapsed (since last share, avg 1m22s) | best=38 target=24171 (999%)
[2026-10-01T18:38:47Z INFO  minertim::pool_connection] New job: OjXG8pGH3tzeGBlS (difficulty: 177690, target: 6b5e0000)
[2026-10-01T18:38:53Z INFO  minertim] H/s 1m:2209.6 5m:2154.5 10m:2141.0 | Shares: 169/0 (found:169) | Diff: 177690 | 24s elapsed (since last share, avg 1m20s) | best=38 target=24171 (999%)
[2026-10-01T18:39:00Z INFO  minertim::pool_connection] New job: MlTF9wlMNyHYpCAO (difficulty: 266536, target: f23e0000)
[2026-10-01T18:39:04Z INFO  minertim] H/s 1m:2209.8 5m:2154.4 10m:2141.0 | Shares: 169/0 (found:169) | Diff: 266536 | 34s elapsed (since last share, avg 2m0s) | best=38 target=16114 (999%)
[2026-10-01T18:39:04Z INFO  minertim::pool_connection] New job: JehjVcLtMENhzTuH (difficulty: 266536, target: f23e0000)
[2026-10-01T18:39:14Z INFO  minertim] H/s 1m:2208.6 5m:2154.2 10m:2140.9 | Shares: 169/0 (found:169) | Diff: 266536 | 44s elapsed (since last share, avg 2m0s) | best=38 target=16114 (999%)
[2026-10-01T18:39:24Z INFO  minertim] H/s 1m:2213.4 5m:2159.5 10m:2140.9 | Shares: 169/0 (found:169) | Diff: 266536 | 54s elapsed (since last share, avg 2m0s) | best=38 target=16114 (999%)
[2026-10-01T18:39:24Z INFO  minertim::pool_connection] New job: ARZwNSYXmNs3cRmM (difficulty: 266536, target: f23e0000)
[2026-10-01T18:39:25Z INFO  minertim::miner] Worker 1 SHARE FOUND! job_id=ARZwNSYXmNs3cRmM, nonce=2da42801, hash_val=9693, difficulty=266536, hash=fc21ee86f9bf6e07b553bb2f95c226c359759c18e0e68f15aa43bc39dd250000
[2026-10-01T18:39:30Z INFO  minertim::pool_connection] New job: XV1XA9A06MZgac0N (difficulty: 199905, target: ed530000)
[2026-10-01T18:39:30Z INFO  minertim::pool_connection] Share submitted: rpc_id=327 job_id=ARZwNSYXmNs3cRmM nonce=2da42801
[2026-10-01T18:39:30Z INFO  minertim::pool_connection] Share accepted: rpc_id=327 job_id=ARZwNSYXmNs3cRmM nonce=2da42801 latency_ms=245
[2026-10-01T18:39:34Z INFO  minertim] H/s 1m:2167.9 5m:2151.6 10m:2137.0 | Shares: 170/0 (found:170) | Diff: 199905 | 8s elapsed (since last share, avg 1m32s) | best=38 target=21485 (999%)
[2026-10-01T18:39:44Z INFO  minertim] H/s 1m:2167.8 5m:2170.1 10m:2145.7 | Shares: 170/0 (found:170) | Diff: 199905 | 18s elapsed (since last share, avg 1m32s) | best=38 target=21485 (999%)
[2026-10-01T18:39:44Z INFO  minertim::pool_connection] New job: JC700V89Q5afyBy5 (difficulty: 199905, target: ed530000)
[2026-10-01T18:39:54Z INFO  minertim] H/s 1m:2169.0 5m:2185.0 10m:2154.0 | Shares: 170/0 (found:170) | Diff: 199905 | 28s elapsed (since last share, avg 1m32s) | best=38 target=21485 (999%)
[2026-10-01T18:40:00Z INFO  minertim::pool_connection] New job: 0lpI3s4lztsHHwz4 (difficulty: 299865, target: f3370000)
[2026-10-01T18:40:04Z INFO  minertim] H/s 1m:2168.5 5m:2184.8 10m:2154.0 | Shares: 170/0 (found:170) | Diff: 299865 | 38s elapsed (since last share, avg 2m18s) | best=38 target=14323 (999%)
[2026-10-01T18:40:04Z INFO  minertim::pool_connection] New job: h5W0WADl3vjkuGx5 (difficulty: 299865, target: f3370000)
[2026-10-01T18:40:14Z INFO  minertim] H/s 1m:2167.0 5m:2184.6 10m:2153.9 | Shares: 170/0 (found:170) | Diff: 299865 | 48s elapsed (since last share, avg 2m18s) | best=38 target=14323 (999%)
[2026-10-01T18:40:24Z INFO  minertim] H/s 1m:2212.8 5m:2184.7 10m:2153.9 | Shares: 170/0 (found:170) | Diff: 299865 | 58s elapsed (since last share, avg 2m15s) | best=38 target=14323 (999%)
[2026-10-01T18:40:24Z INFO  minertim::pool_connection] New job: Nfn8p9KZPbzB09xG (difficulty: 299865, target: f3370000)
[2026-10-01T18:40:30Z INFO  minertim::pool_connection] New job: ERVgaFBG4mRpP75o (difficulty: 224890, target: 9a4a0000)
[2026-10-01T18:40:34Z INFO  minertim] H/s 1m:2212.3 5m:2184.6 10m:2153.9 | Shares: 170/0 (found:170) | Diff: 224890 | 1m8s elapsed (since last share, avg 1m41s) | best=38 target=19098 (999%)
[2026-10-01T18:40:44Z INFO  minertim] H/s 1m:2212.2 5m:2184.5 10m:2153.8 | Shares: 170/0 (found:170) | Diff: 224890 | 1m18s elapsed (since last share, avg 1m41s) | best=38 target=19098 (999%)
[2026-10-01T18:40:44Z INFO  minertim::pool_connection] New job: Q0520ALKJiANSxI0 (difficulty: 224890, target: 9a4a0000)
[2026-10-01T18:40:54Z INFO  minertim] H/s 1m:2213.5 5m:2184.5 10m:2153.8 | Shares: 170/0 (found:170) | Diff: 224890 | 1m28s elapsed (since last share, avg 1m41s) | best=38 target=19098 (999%)
[2026-10-01T18:41:04Z INFO  minertim::pool_connection] New job: Dd6iqhB0ocXmxnAB (difficulty: 224890, target: 9a4a0000)
[2026-10-01T18:41:04Z INFO  minertim] H/s 1m:2214.0 5m:2184.5 10m:2154.0 | Shares: 170/0 (found:170) | Diff: 224890 | 1m38s elapsed (since last share, avg 1m41s) | best=38 target=19098 (999%)
[2026-10-01T18:41:11Z INFO  minertim::miner] Worker 3 SHARE FOUND! job_id=Dd6iqhB0ocXmxnAB, nonce=7f5f2b01, hash_val=18069, difficulty=224890, hash=c32548da17e29f1de6b428fc7437f7bdb8c818585caf64f7e97ef80495460000
[2026-10-01T18:41:14Z INFO  minertim] H/s 1m:2213.1 5m:2184.5 10m:2153.9 | Shares: 170/0 (found:171) | Diff: 224890 | 2s elapsed (since last share, avg 1m41s) | best=38 target=19098 (999%)
[2026-10-01T18:41:23Z INFO  minertim::pool_connection] New job: Mko4G7D01nVdO0pk (difficulty: 224890, target: 9a4a0000)
[2026-10-01T18:41:23Z INFO  minertim::pool_connection] Share submitted: rpc_id=330 job_id=Dd6iqhB0ocXmxnAB nonce=7f5f2b01
[2026-10-01T18:41:24Z INFO  minertim] H/s 1m:2118.8 5m:2168.2 10m:2154.8 | Shares: 170/0 (pending:1) (found:171) | Diff: 224890 | 12s elapsed (since last share, avg 1m46s) | best=38 target=19098 (999%)
[2026-10-01T18:41:24Z INFO  minertim::pool_connection] Share accepted: rpc_id=330 job_id=Dd6iqhB0ocXmxnAB nonce=7f5f2b01 latency_ms=290
[2026-10-01T18:41:34Z INFO  minertim] H/s 1m:2121.2 5m:2168.6 10m:2157.1 | Shares: 171/0 (found:171) | Diff: 224890 | 22s elapsed (since last share, avg 1m46s) | best=38 target=19098 (999%)
[2026-10-01T18:41:43Z INFO  minertim::pool_connection] New job: Aad1aC1zzAuLC0cy (difficulty: 224890, target: 9a4a0000)
[2026-10-01T18:41:44Z INFO  minertim] H/s 1m:2121.5 5m:2168.6 10m:2158.1 | Shares: 171/0 (found:171) | Diff: 224890 | 32s elapsed (since last share, avg 1m46s) | best=38 target=19098 (999%)
[2026-10-01T18:41:54Z INFO  minertim] H/s 1m:2122.5 5m:2168.9 10m:2158.1 | Shares: 171/0 (found:171) | Diff: 224890 | 42s elapsed (since last share, avg 1m45s) | best=38 target=19098 (999%)
[2026-10-01T18:42:03Z INFO  minertim::pool_connection] New job: yg281WVN99dsZr0c (difficulty: 224890, target: 9a4a0000)
[2026-10-01T18:42:04Z INFO  minertim] H/s 1m:2122.0 5m:2168.8 10m:2158.1 | Shares: 171/0 (found:171) | Diff: 224890 | 52s elapsed (since last share, avg 1m45s) | best=38 target=19098 (999%)
[2026-10-01T18:42:14Z INFO  minertim] H/s 1m:2216.2 5m:2168.7 10m:2158.1 | Shares: 171/0 (found:171) | Diff: 224890 | 1m2s elapsed (since last share, avg 1m41s) | best=38 target=19098 (999%)
[2026-10-01T18:42:23Z INFO  minertim::pool_connection] New job: 40qI3Ae8V1mPLlrr (difficulty: 224890, target: 9a4a0000)
[2026-10-01T18:42:24Z INFO  minertim] H/s 1m:2213.9 5m:2168.6 10m:2162.7 | Shares: 171/0 (found:171) | Diff: 224890 | 1m12s elapsed (since last share, avg 1m41s) | best=38 target=19098 (999%)
[2026-10-01T18:42:30Z INFO  minertim::pool_connection] New job: FLeyFQiVY1kzQ4Ma (difficulty: 168668, target: 78630000)
[2026-10-01T18:42:34Z INFO  minertim] H/s 1m:2213.7 5m:2168.5 10m:2171.6 | Shares: 171/0 (found:171) | Diff: 168668 | 1m22s elapsed (since last share, avg 1m16s) | best=38 target=25464 (999%)
[2026-10-01T18:42:35Z INFO  minertim::miner] Worker 3 SHARE FOUND! job_id=FLeyFQiVY1kzQ4Ma, nonce=2bc62d01, hash_val=11843, difficulty=168668, hash=fbcf609de94be55b082185b8f175aae6264fa7e52650ff843856e0d6432e0000
[2026-10-01T18:42:43Z INFO  minertim::pool_connection] New job: JhRTWvCEOTEbDNgL (difficulty: 168668, target: 78630000)
[2026-10-01T18:42:43Z INFO  minertim::pool_connection] Share submitted: rpc_id=332 job_id=FLeyFQiVY1kzQ4Ma nonce=2bc62d01
[2026-10-01T18:42:43Z INFO  minertim::pool_connection] Share accepted: rpc_id=332 job_id=FLeyFQiVY1kzQ4Ma nonce=2bc62d01 latency_ms=297
[2026-10-01T18:42:44Z INFO  minertim] H/s 1m:2116.8 5m:2161.3 10m:2164.6 | Shares: 172/0 (found:172) | Diff: 168668 | 9s elapsed (since last share, avg 1m19s) | best=38 target=25464 (999%)
[2026-10-01T18:42:54Z INFO  minertim] H/s 1m:2119.3 5m:2172.7 10m:2164.8 | Shares: 172/0 (found:172) | Diff: 168668 | 19s elapsed (since last share, avg 1m19s) | best=38 target=25464 (999%)
[2026-10-01T18:43:00Z INFO  minertim::pool_connection] New job: YuCVooPTzP5Zf7il (difficulty: 253002, target: 50420000)
[2026-10-01T18:43:02Z INFO  minertim::pool_connection] New job: qxk5ZX5fBxVEhnVd (difficulty: 253002, target: 50420000)
[2026-10-01T18:43:04Z INFO  minertim] H/s 1m:2118.4 5m:2172.6 10m:2164.7 | Shares: 172/0 (found:172) | Diff: 253002 | 29s elapsed (since last share, avg 1m59s) | best=38 target=16976 (999%)
[2026-10-01T18:43:14Z INFO  minertim] H/s 1m:2117.8 5m:2172.5 10m:2164.7 | Shares: 172/0 (found:172) | Diff: 253002 | 39s elapsed (since last share, avg 1m59s) | best=38 target=16976 (999%)
[2026-10-01T18:43:22Z INFO  minertim::pool_connection] New job: jIgPYzhQfQZhbfth (difficulty: 253002, target: 50420000)
[2026-10-01T18:43:24Z INFO  minertim] H/s 1m:2118.0 5m:2173.3 10m:2164.7 | Shares: 172/0 (found:172) | Diff: 253002 | 49s elapsed (since last share, avg 1m59s) | best=38 target=16976 (999%)
[2026-10-01T18:43:34Z INFO  minertim] H/s 1m:2214.7 5m:2173.3 10m:2164.7 | Shares: 172/0 (found:172) | Diff: 253002 | 59s elapsed (since last share, avg 1m54s) | best=38 target=16976 (999%)
[2026-10-01T18:43:42Z INFO  minertim::pool_connection] New job: Tk5S3CDD0VqS30p7 (difficulty: 253002, target: 50420000)
[2026-10-01T18:43:44Z INFO  minertim] H/s 1m:2213.1 5m:2173.3 10m:2164.6 | Shares: 172/0 (found:172) | Diff: 253002 | 1m9s elapsed (since last share, avg 1m54s) | best=38 target=16976 (999%)
[2026-10-01T18:43:54Z INFO  minertim] H/s 1m:2214.6 5m:2173.5 10m:2164.7 | Shares: 172/0 (found:172) | Diff: 253002 | 1m19s elapsed (since last share, avg 1m54s) | best=38 target=16976 (999%)
[2026-10-01T18:44:00Z INFO  minertim::pool_connection] New job: X3e6J5rCLV9cWxLe (difficulty: 147862, target: 77710000)
[2026-10-01T18:44:02Z INFO  minertim::pool_connection] New job: CI8M5J6bJJT3sbBM (difficulty: 147862, target: 77710000)
[2026-10-01T18:44:04Z INFO  minertim] H/s 1m:2213.7 5m:2173.4 10m:2164.7 | Shares: 172/0 (found:172) | Diff: 147862 | 1m29s elapsed (since last share, avg 1m6s) | best=38 target=29047 (999%)
[2026-10-01T18:44:14Z INFO  minertim] H/s 1m:2212.9 5m:2173.2 10m:2164.6 | Shares: 172/0 (found:172) | Diff: 147862 | 1m39s elapsed (since last share, avg 1m6s) | best=38 target=29047 (999%)
[2026-10-01T18:44:22Z INFO  minertim::pool_connection] New job: fptfYD1lq0SNFL3B (difficulty: 147862, target: 77710000)
[2026-10-01T18:44:24Z INFO  minertim] H/s 1m:2212.7 5m:2181.1 10m:2167.2 | Shares: 172/0 (found:172) | Diff: 147862 | 1m49s elapsed (since last share, avg 1m6s) | best=38 target=29047 (999%)
[2026-10-01T18:44:34Z INFO  minertim] H/s 1m:2213.1 5m:2181.1 10m:2167.2 | Shares: 172/0 (found:172) | Diff: 147862 | 1m59s elapsed (since last share, avg 1m6s) | best=38 target=29047 (999%)
[2026-10-01T18:44:42Z INFO  minertim::pool_connection] New job: NtGSAgxvnLZAGDNx (difficulty: 147862, target: 77710000)
[2026-10-01T18:44:44Z INFO  minertim] H/s 1m:2213.5 5m:2181.1 10m:2176.3 | Shares: 172/0 (found:172) | Diff: 147862 | 2m9s elapsed (since last share, avg 1m6s) | best=38 target=29047 (999%)
[2026-10-01T18:44:54Z INFO  minertim] H/s 1m:2214.9 5m:2181.4 10m:2183.6 | Shares: 172/0 (found:172) | Diff: 147862 | 2m19s elapsed (since last share, avg 1m6s) | best=38 target=29047 (999%)
[2026-10-01T18:45:00Z INFO  minertim::pool_connection] New job: dd0XFT4R6yVfVmwm (difficulty: 110895, target: 4a970000)
[2026-10-01T18:45:01Z INFO  minertim::pool_connection] New job: AfXfCUfI70pa7F60 (difficulty: 110895, target: 4a970000)
[2026-10-01T18:45:04Z INFO  minertim] H/s 1m:2214.4 5m:2181.4 10m:2183.5 | Shares: 172/0 (found:172) | Diff: 110895 | 2m29s elapsed (since last share, avg 50s) | best=38 target=38730 (999%)
[2026-10-01T18:45:14Z INFO  minertim] H/s 1m:2214.3 5m:2181.3 10m:2183.5 | Shares: 172/0 (found:172) | Diff: 110895 | 2m39s elapsed (since last share, avg 50s) | best=38 target=38730 (999%)
[2026-10-01T18:45:21Z INFO  minertim::pool_connection] New job: BXAfEAlCNbXu0kMB (difficulty: 110895, target: 4a970000)
[2026-10-01T18:45:24Z INFO  minertim] H/s 1m:2214.3 5m:2181.4 10m:2183.5 | Shares: 172/0 (found:172) | Diff: 110895 | 2m49s elapsed (since last share, avg 50s) | best=38 target=38730 (999%)
[2026-10-01T18:45:34Z INFO  minertim] H/s 1m:2213.9 5m:2181.4 10m:2183.5 | Shares: 172/0 (found:172) | Diff: 110895 | 2m59s elapsed (since last share, avg 50s) | best=38 target=38730 (999%)
[2026-10-01T18:45:41Z INFO  minertim::pool_connection] New job: T09JVlRr1r5MiTIU (difficulty: 110895, target: 4a970000)
[2026-10-01T18:45:44Z INFO  minertim] H/s 1m:2214.0 5m:2181.5 10m:2183.5 | Shares: 172/0 (found:172) | Diff: 110895 | 3m9s elapsed (since last share, avg 50s) | best=38 target=38730 (999%)
[2026-10-01T18:45:54Z INFO  minertim] H/s 1m:2215.1 5m:2181.6 10m:2183.5 | Shares: 172/0 (found:172) | Diff: 110895 | 3m19s elapsed (since last share, avg 50s) | best=38 target=38730 (999%)
[2026-10-01T18:46:00Z INFO  minertim::miner] Worker 3 SHARE FOUND! job_id=T09JVlRr1r5MiTIU, nonce=ff6a3401, hash_val=24608, difficulty=110895, hash=fb470ffff8f3bdfb6885b63fba12d69266d0e3e9622cce7783ec3a8c20600000
[2026-10-01T18:46:00Z INFO  minertim::pool_connection] New job: DtNard0Amc8rTqc1 (difficulty: 83171, target: b8c90000)
[2026-10-01T18:46:00Z INFO  minertim::pool_connection] Share submitted: rpc_id=336 job_id=T09JVlRr1r5MiTIU nonce=ff6a3401
[2026-10-01T18:46:00Z INFO  minertim::pool_connection] Share accepted: rpc_id=336 job_id=T09JVlRr1r5MiTIU nonce=ff6a3401 latency_ms=306
[2026-10-01T18:46:01Z INFO  minertim::pool_connection] New job: ZclolfhhP9lhB4KG (difficulty: 83171, target: b8c90000)
[2026-10-01T18:46:04Z INFO  minertim] H/s 1m:2207.1 5m:2180.3 10m:2182.9 | Shares: 173/0 (found:173) | Diff: 83171 | 4s elapsed (since last share, avg 37s) | best=38 target=51640 (999%)
[2026-10-01T18:46:14Z INFO  minertim] H/s 1m:2206.0 5m:2196.5 10m:2182.9 | Shares: 173/0 (found:173) | Diff: 83171 | 14s elapsed (since last share, avg 37s) | best=38 target=51640 (999%)
[2026-10-01T18:46:21Z INFO  minertim::pool_connection] New job: 9snFrwqRRWjOh3YT (difficulty: 83171, target: b8c90000)
[2026-10-01T18:46:24Z INFO  minertim] H/s 1m:2206.2 5m:2196.1 10m:2182.9 | Shares: 173/0 (found:173) | Diff: 83171 | 24s elapsed (since last share, avg 37s) | best=38 target=51640 (999%)
[2026-10-01T18:46:30Z INFO  minertim::pool_connection] New job: lbo0LsMqiSoSSoKi (difficulty: 124759, target: 7a860000)
[2026-10-01T18:46:34Z INFO  minertim] H/s 1m:2206.2 5m:2196.1 10m:2182.9 | Shares: 173/0 (found:173) | Diff: 124759 | 34s elapsed (since last share, avg 56s) | best=38 target=34426 (999%)
[2026-10-01T18:46:41Z INFO  minertim::pool_connection] New job: IHYRqK08Untiv9vA (difficulty: 124759, target: 7a860000)
[2026-10-01T18:46:42Z INFO  minertim::miner] Worker 3 SHARE FOUND! job_id=IHYRqK08Untiv9vA, nonce=83d23501, hash_val=1039, difficulty=124759, hash=1c109b1aeed7eacd8e68aa96e460edd15f63b52ebf41e9ace342e91b0f040000
[2026-10-01T18:46:44Z INFO  minertim] H/s 1m:2151.0 5m:2186.5 10m:2178.2 | Shares: 173/0 (found:174) | Diff: 124759 | 2s elapsed (since last share, avg 58s) | best=38 target=34426 (999%)
[2026-10-01T18:46:54Z INFO  minertim] H/s 1m:2053.5 5m:2168.5 10m:2169.4 | Shares: 173/0 (found:174) | Diff: 124759 | 12s elapsed (since last share, avg 1m0s) | best=38 target=34426 (999%)
[2026-10-01T18:47:00Z INFO  minertim::pool_connection] New job: d0bGcWBWfoTHt3TH (difficulty: 93568, target: 4eb30000)
[2026-10-01T18:47:00Z INFO  minertim::pool_connection] Share submitted: rpc_id=338 job_id=IHYRqK08Untiv9vA nonce=83d23501
[2026-10-01T18:47:00Z INFO  minertim::pool_connection] Share accepted: rpc_id=338 job_id=IHYRqK08Untiv9vA nonce=83d23501 latency_ms=306
[2026-10-01T18:47:01Z INFO  minertim::pool_connection] New job: 1U9pGIv0V8UCqLZl (difficulty: 93568, target: 4eb30000)
[2026-10-01T18:47:04Z INFO  minertim] H/s 1m:1989.0 5m:2157.3 10m:2163.9 | Shares: 174/0 (found:174) | Diff: 93568 | 22s elapsed (since last share, avg 47s) | best=38 target=45902 (999%)
[2026-10-01T18:47:14Z INFO  minertim] H/s 1m:1987.8 5m:2157.1 10m:2163.8 | Shares: 174/0 (found:174) | Diff: 93568 | 32s elapsed (since last share, avg 47s) | best=38 target=45902 (999%)
[2026-10-01T18:47:14Z INFO  minertim::miner] Worker 0 SHARE FOUND! job_id=1U9pGIv0V8UCqLZl, nonce=54aa3601, hash_val=18548, difficulty=93568, hash=6373672ceca47cade98ae832f6fc74c7adee3ecd39891baebd851d8d74480000
[2026-10-01T18:47:21Z INFO  minertim::pool_connection] New job: rnut6VBIEbTGFIze (difficulty: 93568, target: 4eb30000)
[2026-10-01T18:47:21Z INFO  minertim::pool_connection] Share submitted: rpc_id=340 job_id=1U9pGIv0V8UCqLZl nonce=54aa3601
[2026-10-01T18:47:21Z INFO  minertim::pool_connection] Share accepted: rpc_id=340 job_id=1U9pGIv0V8UCqLZl nonce=54aa3601 latency_ms=308
[2026-10-01T18:47:24Z INFO  minertim] H/s 1m:1928.2 5m:2146.9 10m:2158.7 | Shares: 175/0 (found:175) | Diff: 93568 | 9s elapsed (since last share, avg 48s) | best=38 target=45902 (999%)
[2026-10-01T18:47:30Z INFO  minertim::pool_connection] New job: BW8AY5RvtTiLVTIJ (difficulty: 140353, target: 89770000)
[2026-10-01T18:47:34Z INFO  minertim] H/s 1m:1983.9 5m:2163.6 10m:2158.7 | Shares: 175/0 (found:175) | Diff: 140353 | 19s elapsed (since last share, avg 1m10s) | best=38 target=30601 (999%)
[2026-10-01T18:47:41Z INFO  minertim::pool_connection] New job: 0W2QmAK7qjJKY6oQ (difficulty: 140353, target: 89770000)
[2026-10-01T18:47:44Z INFO  minertim] H/s 1m:2089.7 5m:2163.4 10m:2163.4 | Shares: 175/0 (found:175) | Diff: 140353 | 29s elapsed (since last share, avg 1m7s) | best=38 target=30601 (999%)
[2026-10-01T18:47:54Z INFO  minertim] H/s 1m:2155.3 5m:2163.6 10m:2168.8 | Shares: 175/0 (found:175) | Diff: 140353 | 39s elapsed (since last share, avg 1m5s) | best=38 target=30601 (999%)
[2026-10-01T18:48:00Z INFO  minertim::pool_connection] New job: zeU00DpxxGztZ0cO (difficulty: 140353, target: 89770000)
[2026-10-01T18:48:04Z INFO  minertim] H/s 1m:2154.9 5m:2163.5 10m:2168.8 | Shares: 175/0 (found:175) | Diff: 140353 | 49s elapsed (since last share, avg 1m5s) | best=38 target=30601 (999%)
[2026-10-01T18:48:14Z INFO  minertim] H/s 1m:2214.5 5m:2163.5 10m:2168.8 | Shares: 175/0 (found:175) | Diff: 140353 | 59s elapsed (since last share, avg 1m3s) | best=38 target=30601 (999%)
[2026-10-01T18:48:20Z INFO  minertim::pool_connection] New job: 6iOrfoLsce0dOlBF (difficulty: 140353, target: 89770000)
[2026-10-01T18:48:24Z INFO  minertim] H/s 1m:2214.4 5m:2163.5 10m:2169.2 | Shares: 175/0 (found:175) | Diff: 140353 | 1m9s elapsed (since last share, avg 1m3s) | best=38 target=30601 (999%)
[2026-10-01T18:48:30Z INFO  minertim::pool_connection] New job: xGd3sgntgF5iVbsX (difficulty: 91534, target: 4ab70000)
[2026-10-01T18:48:34Z INFO  minertim] H/s 1m:2214.6 5m:2163.6 10m:2169.3 | Shares: 175/0 (found:175) | Diff: 91534 | 1m19s elapsed (since last share, avg 41s) | best=38 target=46922 (999%)
[2026-10-01T18:48:40Z INFO  minertim::pool_connection] New job: cqSKFZxqjwmtaZSP (difficulty: 91534, target: 4ab70000)
[2026-10-01T18:48:44Z INFO  minertim] H/s 1m:2214.5 5m:2163.6 10m:2169.2 | Shares: 175/0 (found:175) | Diff: 91534 | 1m29s elapsed (since last share, avg 41s) | best=38 target=46922 (999%)
[2026-10-01T18:48:47Z INFO  minertim::miner] Worker 1 SHARE FOUND! job_id=cqSKFZxqjwmtaZSP, nonce=757c3b01, hash_val=26163, difficulty=91534, hash=408d180984be840da7ecf9064005f6bdfc11b1448ca2b935c1438e5c33660000
[2026-10-01T18:48:54Z INFO  minertim] H/s 1m:2162.5 5m:2154.7 10m:2164.8 | Shares: 175/0 (found:176) | Diff: 91534 | 7s elapsed (since last share, avg 42s) | best=38 target=46922 (999%)
[2026-10-01T18:49:00Z INFO  minertim::pool_connection] New job: UPzV0VnSrEmq95iv (difficulty: 91534, target: 4ab70000)
[2026-10-01T18:49:00Z INFO  minertim::pool_connection] Share submitted: rpc_id=342 job_id=cqSKFZxqjwmtaZSP nonce=757c3b01
[2026-10-01T18:49:00Z INFO  minertim::pool_connection] Share accepted: rpc_id=342 job_id=cqSKFZxqjwmtaZSP nonce=757c3b01 latency_ms=309
[2026-10-01T18:49:01Z INFO  minertim::pool_connection] New job: CRsdDv1jE5ybZPxE (difficulty: 137302, target: 317a0000)
[2026-10-01T18:49:04Z INFO  minertim] H/s 1m:2070.4 5m:2139.0 10m:2157.1 | Shares: 176/0 (found:176) | Diff: 137302 | 17s elapsed (since last share, avg 1m6s) | best=38 target=31281 (999%)
[2026-10-01T18:49:14Z INFO  minertim] H/s 1m:2069.2 5m:2138.8 10m:2157.0 | Shares: 176/0 (found:176) | Diff: 137302 | 27s elapsed (since last share, avg 1m6s) | best=38 target=31281 (999%)
[2026-10-01T18:49:20Z INFO  minertim::pool_connection] New job: 5UCUk1DIgca3Y3HD (difficulty: 137302, target: 317a0000)
[2026-10-01T18:49:24Z INFO  minertim] H/s 1m:2068.9 5m:2138.8 10m:2160.9 | Shares: 176/0 (found:176) | Diff: 137302 | 37s elapsed (since last share, avg 1m6s) | best=38 target=31281 (999%)
[2026-10-01T18:49:34Z INFO  minertim] H/s 1m:2068.9 5m:2138.7 10m:2160.9 | Shares: 176/0 (found:176) | Diff: 137302 | 47s elapsed (since last share, avg 1m6s) | best=38 target=31281 (999%)
[2026-10-01T18:49:40Z INFO  minertim::pool_connection] New job: pn2pyhAuaLlfuTF5 (difficulty: 137302, target: 317a0000)
[2026-10-01T18:49:44Z INFO  minertim] H/s 1m:2122.4 5m:2138.7 10m:2160.9 | Shares: 176/0 (found:176) | Diff: 137302 | 57s elapsed (since last share, avg 1m4s) | best=38 target=31281 (999%)
[2026-10-01T18:49:50Z INFO  minertim::miner] Worker 0 SHARE FOUND! job_id=pn2pyhAuaLlfuTF5, nonce=f0b73b01, hash_val=21193, difficulty=137302, hash=3ed301da00370d1423799b49edb5d90299e4ab6f5f76947b654cab89c9520000
[2026-10-01T18:49:54Z INFO  minertim] H/s 1m:2159.0 5m:2129.4 10m:2156.3 | Shares: 176/0 (found:177) | Diff: 137302 | 4s elapsed (since last share, avg 1m3s) | best=38 target=31281 (999%)
[2026-10-01T18:49:59Z INFO  minertim::pool_connection] New job: wsrEOgzfj876Tku2 (difficulty: 137302, target: 317a0000)
[2026-10-01T18:49:59Z INFO  minertim::pool_connection] Share submitted: rpc_id=344 job_id=pn2pyhAuaLlfuTF5 nonce=f0b73b01
[2026-10-01T18:50:00Z INFO  minertim::pool_connection] Share accepted: rpc_id=344 job_id=pn2pyhAuaLlfuTF5 nonce=f0b73b01 latency_ms=329
[2026-10-01T18:50:00Z INFO  minertim::pool_connection] New job: VE87jZeCL07nwg0N (difficulty: 102977, target: eca20000)
[2026-10-01T18:50:04Z INFO  minertim] H/s 1m:2097.6 5m:2118.7 10m:2151.1 | Shares: 177/0 (found:177) | Diff: 102977 | 14s elapsed (since last share, avg 49s) | best=38 target=41708 (999%)
[2026-10-01T18:50:14Z INFO  minertim] H/s 1m:2095.9 5m:2118.4 10m:2151.0 | Shares: 177/0 (found:177) | Diff: 102977 | 24s elapsed (since last share, avg 49s) | best=38 target=41708 (999%)
[2026-10-01T18:50:19Z INFO  minertim::pool_connection] New job: lj3iLnon9zxuhNGV (difficulty: 102977, target: eca20000)
[2026-10-01T18:50:24Z INFO  minertim] H/s 1m:2096.1 5m:2118.4 10m:2151.0 | Shares: 177/0 (found:177) | Diff: 102977 | 34s elapsed (since last share, avg 49s) | best=38 target=41708 (999%)
[2026-10-01T18:50:34Z INFO  minertim] H/s 1m:2096.0 5m:2118.4 10m:2151.0 | Shares: 177/0 (found:177) | Diff: 102977 | 44s elapsed (since last share, avg 49s) | best=38 target=41708 (999%)
[2026-10-01T18:50:37Z INFO  minertim::pool_connection] New job: LTJqT0Tsx8UKxy5G (difficulty: 102977, target: eca20000)
[2026-10-01T18:50:44Z INFO  minertim] H/s 1m:2151.4 5m:2118.4 10m:2151.1 | Shares: 177/0 (found:177) | Diff: 102977 | 54s elapsed (since last share, avg 47s) | best=38 target=41708 (999%)
[2026-10-01T18:50:54Z INFO  minertim] H/s 1m:2214.1 5m:2119.9 10m:2151.1 | Shares: 177/0 (found:177) | Diff: 102977 | 1m4s elapsed (since last share, avg 46s) | best=38 target=41708 (999%)
[2026-10-01T18:50:56Z INFO  minertim::pool_connection] New job: qxwXg0U0vXHYiX1f (difficulty: 102977, target: eca20000)
[2026-10-01T18:51:00Z INFO  minertim::pool_connection] New job: E8ZzWUxLu6FwD0mq (difficulty: 77232, target: 3bd90000)
[2026-10-01T18:51:04Z INFO  minertim] H/s 1m:2214.9 5m:2119.9 10m:2151.1 | Shares: 177/0 (found:177) | Diff: 77232 | 1m14s elapsed (since last share, avg 34s) | best=38 target=55611 (999%)
[2026-10-01T18:51:14Z INFO  minertim] H/s 1m:2213.4 5m:2119.6 10m:2159.0 | Shares: 177/0 (found:177) | Diff: 77232 | 1m24s elapsed (since last share, avg 34s) | best=38 target=55611 (999%)
[2026-10-01T18:51:16Z INFO  minertim::pool_connection] New job: UajQmBany619xjm5 (difficulty: 77232, target: 3bd90000)
[2026-10-01T18:51:21Z INFO  minertim::miner] Worker 0 SHARE FOUND! job_id=UajQmBany619xjm5, nonce=787a3e01, hash_val=15555, difficulty=77232, hash=470f5f45bb5b6b90f33ac631b18283533dae0b35965974a4c50439e4c33c0000
[2026-10-01T18:51:24Z INFO  minertim] H/s 1m:2213.7 5m:2119.7 10m:2158.9 | Shares: 177/0 (found:178) | Diff: 77232 | 3s elapsed (since last share, avg 34s) | best=38 target=55611 (999%)
[2026-10-01T18:51:29Z INFO  minertim::miner] Worker 1 SHARE FOUND! job_id=UajQmBany619xjm5, nonce=f9844001, hash_val=9428, difficulty=77232, hash=08ef44bd852ac7e9ad08763436ee0c03957ce30cec6eac7c352a45aad4240000
[2026-10-01T18:51:34Z INFO  minertim] H/s 1m:2055.4 5m:2102.0 10m:2145.5 | Shares: 177/0 (found:179) | Diff: 77232 | 5s elapsed (since last share, avg 37s) | best=38 target=55611 (999%)
[2026-10-01T18:51:36Z INFO  minertim::pool_connection] New job: m0V0DQJPk7VOQVo0 (difficulty: 77232, target: 3bd90000)
[2026-10-01T18:51:36Z INFO  minertim::pool_connection] Share submitted: rpc_id=347 job_id=UajQmBany619xjm5 nonce=787a3e01
[2026-10-01T18:51:36Z INFO  minertim::pool_connection] Share submitted: rpc_id=348 job_id=UajQmBany619xjm5 nonce=f9844001
[2026-10-01T18:51:37Z INFO  minertim::pool_connection] Share accepted: rpc_id=347 job_id=UajQmBany619xjm5 nonce=787a3e01 latency_ms=225
[2026-10-01T18:51:37Z INFO  minertim::pool_connection] Share accepted: rpc_id=348 job_id=UajQmBany619xjm5 nonce=f9844001 latency_ms=511
[2026-10-01T18:51:40Z INFO  minertim::miner] Worker 3 SHARE FOUND! job_id=m0V0DQJPk7VOQVo0, nonce=a3513f01, hash_val=6253, difficulty=77232, hash=6bc1ecbe284d63f017874077affa09ee2091775729101ca1d6f2de3f6d180000
[2026-10-01T18:51:44Z INFO  minertim] H/s 1m:1957.7 5m:2103.4 10m:2137.2 | Shares: 179/0 (found:180) | Diff: 77232 | 4s elapsed (since last share, avg 39s) | best=38 target=55611 (999%)
[2026-10-01T18:51:54Z INFO  minertim] H/s 1m:1853.7 5m:2096.6 10m:2128.4 | Shares: 179/0 (found:180) | Diff: 77232 | 14s elapsed (since last share, avg 41s) | best=38 target=55611 (999%)
[2026-10-01T18:51:56Z INFO  minertim::pool_connection] New job: jonZTGMY5TcqP67x (difficulty: 77232, target: 3bd90000)
[2026-10-01T18:51:56Z INFO  minertim::pool_connection] Share submitted: rpc_id=349 job_id=m0V0DQJPk7VOQVo0 nonce=a3513f01
[2026-10-01T18:51:57Z INFO  minertim::pool_connection] Share accepted: rpc_id=349 job_id=m0V0DQJPk7VOQVo0 nonce=a3513f01 latency_ms=306
[2026-10-01T18:51:57Z INFO  minertim::miner] Worker 0 SHARE FOUND! job_id=jonZTGMY5TcqP67x, nonce=7c333f01, hash_val=3247, difficulty=77232, hash=cd4a175c85dadf93f2382f56cbeb7d02bfe1fa315c069df887e05ffdaf0c0000
[2026-10-01T18:52:00Z INFO  minertim::pool_connection] New job: zCw7anqu05w96FgA (difficulty: 115848, target: d2900000)
[2026-10-01T18:52:00Z INFO  minertim::pool_connection] Share submitted: rpc_id=350 job_id=jonZTGMY5TcqP67x nonce=7c333f01
[2026-10-01T18:52:01Z INFO  minertim::pool_connection] Share accepted: rpc_id=350 job_id=jonZTGMY5TcqP67x nonce=7c333f01 latency_ms=273
[2026-10-01T18:52:04Z INFO  minertim] H/s 1m:1822.6 5m:2091.2 10m:2125.7 | Shares: 181/0 (found:181) | Diff: 115848 | 6s elapsed (since last share, avg 1m3s) | best=38 target=37074 (999%)
[2026-10-01T18:52:06Z INFO  minertim::miner] Worker 3 SHARE FOUND! job_id=zCw7anqu05w96FgA, nonce=b7a53f01, hash_val=26208, difficulty=115848, hash=205342d4b7cd16b8f69b7dc7e75687151232b91eebfe31422e88b65e60660000
[2026-10-01T18:52:14Z INFO  minertim] H/s 1m:1713.8 5m:2082.7 10m:2116.5 | Shares: 181/0 (found:182) | Diff: 115848 | 8s elapsed (since last share, avg 1m7s) | best=38 target=37074 (999%)
[2026-10-01T18:52:16Z INFO  minertim::pool_connection] New job: c0yZGFuZtTNukUMb (difficulty: 115848, target: d2900000)
[2026-10-01T18:52:16Z INFO  minertim::pool_connection] Share submitted: rpc_id=351 job_id=zCw7anqu05w96FgA nonce=b7a53f01
[2026-10-01T18:52:16Z INFO  minertim::pool_connection] Share accepted: rpc_id=351 job_id=zCw7anqu05w96FgA nonce=b7a53f01 latency_ms=307
[2026-10-01T18:52:24Z INFO  minertim] H/s 1m:1870.0 5m:2082.3 10m:2116.3 | Shares: 182/0 (found:182) | Diff: 115848 | 18s elapsed (since last share, avg 1m1s) | best=38 target=37074 (999%)
[2026-10-01T18:52:27Z INFO  minertim::miner] Worker 0 SHARE FOUND! job_id=c0yZGFuZtTNukUMb, nonce=e81b4001, hash_val=1062, difficulty=115848, hash=96e754668635d2a800ae06f218313c73f853dd6c161fa7cecafb55db26040000
[2026-10-01T18:52:31Z INFO  minertim::pool_connection] New job: JNRbWG0IZA00lBZg (difficulty: 173772, target: 8c600000)
[2026-10-01T18:52:31Z INFO  minertim::pool_connection] Share submitted: rpc_id=353 job_id=c0yZGFuZtTNukUMb nonce=e81b4001
[2026-10-01T18:52:31Z INFO  minertim::pool_connection] Share accepted: rpc_id=353 job_id=c0yZGFuZtTNukUMb nonce=e81b4001 latency_ms=307
[2026-10-01T18:52:34Z INFO  minertim] H/s 1m:1928.9 5m:2075.7 10m:2121.2 | Shares: 183/0 (found:183) | Diff: 173772 | 7s elapsed (since last share, avg 1m30s) | best=38 target=24716 (999%)
[2026-10-01T18:52:36Z INFO  minertim::pool_connection] New job: GkMIYfLu4A3Pn63c (difficulty: 173772, target: 8c600000)
[2026-10-01T18:52:44Z INFO  minertim] H/s 1m:2027.8 5m:2074.6 10m:2120.6 | Shares: 183/0 (found:183) | Diff: 173772 | 17s elapsed (since last share, avg 1m25s) | best=38 target=24716 (999%)
[2026-10-01T18:52:54Z INFO  minertim] H/s 1m:2057.3 5m:2074.3 10m:2120.5 | Shares: 183/0 (found:183) | Diff: 173772 | 27s elapsed (since last share, avg 1m24s) | best=38 target=24716 (999%)
[2026-10-01T18:52:55Z INFO  minertim::pool_connection] New job: CN3BWAaxnWYLknd0 (difficulty: 173772, target: 8c600000)
[2026-10-01T18:53:01Z INFO  minertim::pool_connection] New job: meX4oSaKuDhf1V1S (difficulty: 260664, target: 5d400000)
[2026-10-01T18:53:04Z INFO  minertim] H/s 1m:2157.3 5m:2072.8 10m:2119.8 | Shares: 183/0 (found:183) | Diff: 260664 | 37s elapsed (since last share, avg 2m0s) | best=38 target=16477 (999%)
[2026-10-01T18:53:14Z INFO  minertim] H/s 1m:2152.6 5m:2071.7 10m:2119.3 | Shares: 183/0 (found:183) | Diff: 260664 | 47s elapsed (since last share, avg 2m1s) | best=38 target=16477 (999%)
[2026-10-01T18:53:15Z INFO  minertim::pool_connection] New job: RzuTbHqBNZtapC4t (difficulty: 260664, target: 5d400000)
[2026-10-01T18:53:24Z INFO  minertim] H/s 1m:2187.7 5m:2071.0 10m:2119.0 | Shares: 183/0 (found:183) | Diff: 260664 | 57s elapsed (since last share, avg 1m59s) | best=38 target=16477 (999%)
[2026-10-01T18:53:31Z INFO  minertim::pool_connection] New job: AUovopO1oGaH56Re (difficulty: 198813, target: 63540000)
[2026-10-01T18:53:34Z INFO  minertim] H/s 1m:2191.8 5m:2070.7 10m:2118.8 | Shares: 183/0 (found:183) | Diff: 198813 | 1m7s elapsed (since last share, avg 1m30s) | best=38 target=21603 (999%)
[2026-10-01T18:53:35Z INFO  minertim::pool_connection] New job: FyM40DGquBCksUBR (difficulty: 198813, target: 63540000)
[2026-10-01T18:53:44Z INFO  minertim] H/s 1m:2193.7 5m:2079.7 10m:2118.7 | Shares: 183/0 (found:183) | Diff: 198813 | 1m17s elapsed (since last share, avg 1m30s) | best=38 target=21603 (999%)
[2026-10-01T18:53:54Z INFO  minertim] H/s 1m:2201.9 5m:2095.5 10m:2118.8 | Shares: 183/0 (found:183) | Diff: 198813 | 1m27s elapsed (since last share, avg 1m30s) | best=38 target=21603 (999%)
[2026-10-01T18:53:55Z INFO  minertim::pool_connection] New job: lkd7wh1Teqa1nE0x (difficulty: 198813, target: 63540000)
[2026-10-01T18:54:04Z INFO  minertim] H/s 1m:2204.4 5m:2095.0 10m:2118.5 | Shares: 183/0 (found:183) | Diff: 198813 | 1m37s elapsed (since last share, avg 1m30s) | best=38 target=21603 (999%)
[2026-10-01T18:54:14Z INFO  minertim::pool_connection] New job: 56TfaeAWpr90BSpQ (difficulty: 198813, target: 63540000)
[2026-10-01T18:54:14Z INFO  minertim] H/s 1m:2206.8 5m:2094.8 10m:2118.5 | Shares: 183/0 (found:183) | Diff: 198813 | 1m47s elapsed (since last share, avg 1m30s) | best=38 target=21603 (999%)
[2026-10-01T18:54:24Z INFO  minertim] H/s 1m:2208.3 5m:2094.8 10m:2118.4 | Shares: 183/0 (found:183) | Diff: 198813 | 1m57s elapsed (since last share, avg 1m30s) | best=38 target=21603 (999%)
[2026-10-01T18:54:31Z INFO  minertim::pool_connection] New job: d0u3uIBO1d0MOEgH (difficulty: 149110, target: 84700000)
[2026-10-01T18:54:34Z INFO  minertim::pool_connection] New job: 00ey8sbtpo7xLgIm (difficulty: 149110, target: 84700000)
[2026-10-01T18:54:34Z INFO  minertim] H/s 1m:2208.7 5m:2094.6 10m:2118.3 | Shares: 183/0 (found:183) | Diff: 149110 | 2m7s elapsed (since last share, avg 1m7s) | best=38 target=28804 (999%)
[2026-10-01T18:54:44Z INFO  minertim] H/s 1m:2208.8 5m:2104.1 10m:2118.3 | Shares: 183/0 (found:183) | Diff: 149110 | 2m17s elapsed (since last share, avg 1m7s) | best=38 target=28804 (999%)
[2026-10-01T18:54:54Z INFO  minertim::pool_connection] New job: XkKkQLXi8kDoIQy0 (difficulty: 149110, target: 84700000)
[2026-10-01T18:54:54Z INFO  minertim] H/s 1m:2212.6 5m:2114.8 10m:2118.4 | Shares: 183/0 (found:183) | Diff: 149110 | 2m27s elapsed (since last share, avg 1m7s) | best=38 target=28804 (999%)
[2026-10-01T18:55:04Z INFO  minertim] H/s 1m:2210.6 5m:2114.6 10m:2118.2 | Shares: 183/0 (found:183) | Diff: 149110 | 2m37s elapsed (since last share, avg 1m7s) | best=38 target=28804 (999%)
[2026-10-01T18:55:14Z INFO  minertim::pool_connection] New job: qG2OBYheyLDh6m06 (difficulty: 149110, target: 84700000)
[2026-10-01T18:55:14Z INFO  minertim] H/s 1m:2209.4 5m:2114.3 10m:2118.0 | Shares: 183/0 (found:183) | Diff: 149110 | 2m47s elapsed (since last share, avg 1m7s) | best=38 target=28804 (999%)
[2026-10-01T18:55:24Z INFO  minertim] H/s 1m:2210.2 5m:2114.3 10m:2118.0 | Shares: 183/0 (found:183) | Diff: 149110 | 2m57s elapsed (since last share, avg 1m7s) | best=38 target=28804 (999%)
[2026-10-01T18:55:31Z INFO  minertim::pool_connection] New job: 84wzwCRodh6L8My9 (difficulty: 109997, target: 86980000)
[2026-10-01T18:55:34Z INFO  minertim::pool_connection] New job: NLl1hpitCuyQnSwL (difficulty: 109997, target: 86980000)
[2026-10-01T18:55:34Z INFO  minertim] H/s 1m:2210.1 5m:2114.2 10m:2118.0 | Shares: 183/0 (found:183) | Diff: 109997 | 3m7s elapsed (since last share, avg 49s) | best=38 target=39046 (999%)
[2026-10-01T18:55:44Z INFO  minertim] H/s 1m:2209.9 5m:2114.1 10m:2117.9 | Shares: 183/0 (found:183) | Diff: 109997 | 3m17s elapsed (since last share, avg 49s) | best=38 target=39046 (999%)
[2026-10-01T18:55:54Z INFO  minertim::pool_connection] New job: BEuyxXuACw18X5yK (difficulty: 109997, target: 86980000)
[2026-10-01T18:55:54Z INFO  minertim] H/s 1m:2211.9 5m:2114.0 10m:2118.6 | Shares: 183/0 (found:183) | Diff: 109997 | 3m27s elapsed (since last share, avg 49s) | best=38 target=39046 (999%)
[2026-10-01T18:56:01Z INFO  minertim::pool_connection] New job: zFjT5zNdFIHyn8jJ (difficulty: 109997, target: 86980000)
[2026-10-01T18:56:04Z INFO  minertim] H/s 1m:2210.1 5m:2113.7 10m:2118.4 | Shares: 183/0 (found:183) | Diff: 109997 | 3m37s elapsed (since last share, avg 49s) | best=38 target=39046 (999%)
[2026-10-01T18:56:15Z INFO  minertim] H/s 1m:2208.6 5m:2113.4 10m:2118.2 | Shares: 183/0 (found:183) | Diff: 109997 | 3m47s elapsed (since last share, avg 49s) | best=38 target=39046 (999%)
[2026-10-01T18:56:21Z INFO  minertim::pool_connection] New job: Mwbv5FHLYbyhBPkU (difficulty: 109997, target: 86980000)
[2026-10-01T18:56:25Z INFO  minertim] H/s 1m:2208.2 5m:2140.6 10m:2118.2 | Shares: 183/0 (found:183) | Diff: 109997 | 3m57s elapsed (since last share, avg 49s) | best=38 target=39046 (999%)
[2026-10-01T18:56:31Z INFO  minertim::pool_connection] New job: F5QDg1P0qXTeaNBO (difficulty: 82497, target: 5ecb0000)
[2026-10-01T18:56:35Z INFO  minertim] H/s 1m:2208.3 5m:2157.3 10m:2122.8 | Shares: 183/0 (found:183) | Diff: 82497 | 4m7s elapsed (since last share, avg 37s) | best=38 target=52062 (999%)
[2026-10-01T18:56:41Z INFO  minertim::pool_connection] New job: UfiuhC6MgbGtV0CS (difficulty: 82497, target: 5ecb0000)
[2026-10-01T18:56:42Z INFO  minertim::miner] Worker 2 SHARE FOUND! job_id=UfiuhC6MgbGtV0CS, nonce=3a6d4c01, hash_val=27250, difficulty=82497, hash=897582d6d3fcae004d691c80794aaede2e206df5323607bc04ae4a33726a0000
[2026-10-01T18:56:45Z INFO  minertim] H/s 1m:2152.8 5m:2165.6 10m:2127.0 | Shares: 183/0 (found:184) | Diff: 82497 | 2s elapsed (since last share, avg 38s) | best=38 target=52062 (999%)
[2026-10-01T18:56:55Z INFO  minertim] H/s 1m:2047.3 5m:2152.4 10m:2123.3 | Shares: 183/0 (found:184) | Diff: 82497 | 12s elapsed (since last share, avg 40s) | best=38 target=52062 (999%)
[2026-10-01T18:57:01Z INFO  minertim::pool_connection] New job: D4e2hmwyOOLMFfo8 (difficulty: 82497, target: 5ecb0000)
[2026-10-01T18:57:01Z INFO  minertim::pool_connection] Share submitted: rpc_id=358 job_id=UfiuhC6MgbGtV0CS nonce=3a6d4c01
[2026-10-01T18:57:01Z INFO  minertim::pool_connection] Share accepted: rpc_id=358 job_id=UfiuhC6MgbGtV0CS nonce=3a6d4c01 latency_ms=307
[2026-10-01T18:57:05Z INFO  minertim] H/s 1m:1991.8 5m:2161.3 10m:2118.6 | Shares: 184/0 (found:184) | Diff: 82497 | 22s elapsed (since last share, avg 41s) | best=38 target=52062 (999%)
[2026-10-01T18:57:15Z INFO  minertim] H/s 1m:1990.5 5m:2161.3 10m:2123.4 | Shares: 184/0 (found:184) | Diff: 82497 | 32s elapsed (since last share, avg 41s) | best=38 target=52062 (999%)
[2026-10-01T18:57:21Z INFO  minertim::pool_connection] New job: o09zU444upvXQk1E (difficulty: 82497, target: 5ecb0000)
[2026-10-01T18:57:22Z INFO  minertim::miner] Worker 2 SHARE FOUND! job_id=o09zU444upvXQk1E, nonce=06224d01, hash_val=25992, difficulty=82497, hash=a5219d03b5d366953f34174dd0c80187ac970b0692340541fcf989cf88650000
[2026-10-01T18:57:25Z INFO  minertim] H/s 1m:1990.8 5m:2167.9 10m:2123.4 | Shares: 184/0 (found:185) | Diff: 82497 | 2s elapsed (since last share, avg 41s) | best=38 target=52062 (999%)
[2026-10-01T18:57:30Z INFO  minertim::pool_connection] New job: nd7Eh6YtJp0TA2KC (difficulty: 82497, target: 5ecb0000)
[2026-10-01T18:57:30Z INFO  minertim::pool_connection] Share submitted: rpc_id=360 job_id=o09zU444upvXQk1E nonce=06224d01
[2026-10-01T18:57:30Z INFO  minertim::pool_connection] Share accepted: rpc_id=360 job_id=o09zU444upvXQk1E nonce=06224d01 latency_ms=307
[2026-10-01T18:57:31Z INFO  minertim::pool_connection] New job: xykGQDSaODp1Ettk (difficulty: 123745, target: 94870000)
[2026-10-01T18:57:35Z INFO  minertim] H/s 1m:1948.6 5m:2151.9 10m:2115.0 | Shares: 185/0 (found:185) | Diff: 123745 | 13s elapsed (since last share, avg 1m3s) | best=38 target=34708 (999%)
[2026-10-01T18:57:39Z INFO  minertim::miner] Worker 1 SHARE FOUND! job_id=xykGQDSaODp1Ettk, nonce=21c54c01, hash_val=19383, difficulty=123745, hash=cfff1f43797ae636c43fa8e3748b5ac0befdaa89d843ccab6526cdf5b74b0000
[2026-10-01T18:57:45Z INFO  minertim] H/s 1m:2001.6 5m:2142.8 10m:2110.3 | Shares: 185/0 (found:186) | Diff: 123745 | 5s elapsed (since last share, avg 1m1s) | best=38 target=34708 (999%)
[2026-10-01T18:57:45Z INFO  minertim::pool_connection] New job: PRhkAjROToi0Y1Wz (difficulty: 123745, target: 94870000)
[2026-10-01T18:57:45Z INFO  minertim::pool_connection] Share submitted: rpc_id=361 job_id=xykGQDSaODp1Ettk nonce=21c54c01
[2026-10-01T18:57:45Z INFO  minertim::pool_connection] Share accepted: rpc_id=361 job_id=xykGQDSaODp1Ettk nonce=21c54c01 latency_ms=267
[2026-10-01T18:57:55Z INFO  minertim] H/s 1m:2036.4 5m:2140.5 10m:2108.5 | Shares: 186/0 (found:186) | Diff: 123745 | 15s elapsed (since last share, avg 1m0s) | best=38 target=34708 (999%)
[2026-10-01T18:57:58Z INFO  minertim::miner] Worker 3 SHARE FOUND! job_id=PRhkAjROToi0Y1Wz, nonce=672c4b01, hash_val=7608, difficulty=123745, hash=a3522e94fd64cdd65c975ad53a272fb36bdf50877591c3f1de7f48c4b81d0000
[2026-10-01T18:58:01Z INFO  minertim::pool_connection] New job: 0taYIEsmHBcBk74k (difficulty: 185623, target: 625a0000)
[2026-10-01T18:58:01Z INFO  minertim::pool_connection] Share submitted: rpc_id=362 job_id=PRhkAjROToi0Y1Wz nonce=672c4b01
[2026-10-01T18:58:01Z INFO  minertim::pool_connection] Share accepted: rpc_id=362 job_id=PRhkAjROToi0Y1Wz nonce=672c4b01 latency_ms=306
[2026-10-01T18:58:05Z INFO  minertim] H/s 1m:2009.5 5m:2136.7 10m:2106.1 | Shares: 187/0 (found:187) | Diff: 185623 | 6s elapsed (since last share, avg 1m32s) | best=38 target=23138 (999%)
[2026-10-01T18:58:05Z INFO  minertim::pool_connection] New job: 6Emx0CZwlF0te1jj (difficulty: 185623, target: 625a0000)
[2026-10-01T18:58:07Z INFO  minertim::pool_connection] New job: NZhGIWzi8kRRwiwN (difficulty: 185623, target: 625a0000)
[2026-10-01T18:58:08Z INFO  minertim::miner] Worker 1 SHARE FOUND! job_id=NZhGIWzi8kRRwiwN, nonce=358d4d01, hash_val=20424, difficulty=185623, hash=47134ee26e687b8bac28597292bd1a2548bf2749be995b72dbc3934cc84f0000
[2026-10-01T18:58:09Z INFO  minertim::pool_connection] Share submitted: rpc_id=363 job_id=NZhGIWzi8kRRwiwN nonce=358d4d01
[2026-10-01T18:58:09Z INFO  minertim::pool_connection] Share accepted: rpc_id=363 job_id=NZhGIWzi8kRRwiwN nonce=358d4d01 latency_ms=251
[2026-10-01T18:58:15Z INFO  minertim] H/s 1m:1999.7 5m:2135.5 10m:2105.2 | Shares: 188/0 (found:188) | Diff: 185623 | 6s elapsed (since last share, avg 1m32s) | best=38 target=23138 (999%)
[2026-10-01T18:58:25Z INFO  minertim] H/s 1m:2098.6 5m:2135.9 10m:2105.2 | Shares: 188/0 (found:188) | Diff: 185623 | 16s elapsed (since last share, avg 1m28s) | best=38 target=23138 (999%)
[2026-10-01T18:58:27Z INFO  minertim::pool_connection] New job: fr0Dgk74VP7wR3nz (difficulty: 185623, target: 625a0000)
[2026-10-01T18:58:31Z INFO  minertim::pool_connection] New job: 2kpEXnzpemWvmo3B (difficulty: 278441, target: 413c0000)
[2026-10-01T18:58:35Z INFO  minertim] H/s 1m:2154.3 5m:2136.0 10m:2105.2 | Shares: 188/0 (found:188) | Diff: 278441 | 26s elapsed (since last share, avg 2m9s) | best=38 target=15425 (999%)
[2026-10-01T18:58:45Z INFO  minertim] H/s 1m:2176.4 5m:2136.1 10m:2109.7 | Shares: 188/0 (found:188) | Diff: 278441 | 36s elapsed (since last share, avg 2m7s) | best=38 target=15425 (999%)
[2026-10-01T18:58:47Z INFO  minertim::pool_connection] New job: g7sfPmZ05sTgZLRf (difficulty: 278441, target: 413c0000)
[2026-10-01T18:58:55Z INFO  minertim] H/s 1m:2205.3 5m:2136.8 10m:2117.5 | Shares: 188/0 (found:188) | Diff: 278441 | 46s elapsed (since last share, avg 2m6s) | best=38 target=15425 (999%)
[2026-10-01T18:59:05Z INFO  minertim] H/s 1m:2214.3 5m:2136.8 10m:2117.5 | Shares: 188/0 (found:188) | Diff: 278441 | 56s elapsed (since last share, avg 2m5s) | best=38 target=15425 (999%)
[2026-10-01T18:59:06Z INFO  minertim::pool_connection] New job: Rmtm7ChVsCx4173N (difficulty: 278441, target: 413c0000)
[2026-10-01T18:59:15Z INFO  minertim] H/s 1m:2213.2 5m:2136.7 10m:2117.4 | Shares: 188/0 (found:188) | Diff: 278441 | 1m6s elapsed (since last share, avg 2m5s) | best=38 target=15425 (999%)
[2026-10-01T18:59:25Z INFO  minertim] H/s 1m:2213.2 5m:2136.8 10m:2117.4 | Shares: 188/0 (found:188) | Diff: 278441 | 1m16s elapsed (since last share, avg 2m5s) | best=38 target=15425 (999%)
[2026-10-01T18:59:26Z INFO  minertim::pool_connection] New job: d1JrZ3P00Z9MxxI7 (difficulty: 278441, target: 413c0000)
[2026-10-01T18:59:31Z INFO  minertim::pool_connection] New job: Q9A4d73QU2MtZSW9 (difficulty: 152796, target: cd6d0000)
[2026-10-01T18:59:35Z INFO  minertim] H/s 1m:2213.3 5m:2136.9 10m:2117.4 | Shares: 188/0 (found:188) | Diff: 152796 | 1m26s elapsed (since last share, avg 1m9s) | best=38 target=28109 (999%)
[2026-10-01T18:59:45Z INFO  minertim] H/s 1m:2213.5 5m:2137.0 10m:2122.1 | Shares: 188/0 (found:188) | Diff: 152796 | 1m36s elapsed (since last share, avg 1m9s) | best=38 target=28109 (999%)
[2026-10-01T18:59:46Z INFO  minertim::pool_connection] New job: IQTORuI2lAwhUCQv (difficulty: 152796, target: cd6d0000)
[2026-10-01T18:59:55Z INFO  minertim] H/s 1m:2214.9 5m:2137.6 10m:2127.4 | Shares: 188/0 (found:188) | Diff: 152796 | 1m46s elapsed (since last share, avg 1m8s) | best=38 target=28109 (999%)
[2026-10-01T19:00:05Z INFO  minertim] H/s 1m:2214.3 5m:2137.5 10m:2127.4 | Shares: 188/0 (found:188) | Diff: 152796 | 1m56s elapsed (since last share, avg 1m9s) | best=38 target=28109 (999%)
[2026-10-01T19:00:06Z INFO  minertim::pool_connection] New job: IV0moBtu50sX2AFn (difficulty: 152796, target: cd6d0000)
[2026-10-01T19:00:15Z INFO  minertim] H/s 1m:2213.1 5m:2137.3 10m:2127.3 | Shares: 188/0 (found:188) | Diff: 152796 | 2m6s elapsed (since last share, avg 1m9s) | best=38 target=28109 (999%)
[2026-10-01T19:00:25Z INFO  minertim] H/s 1m:2212.8 5m:2137.3 10m:2127.3 | Shares: 188/0 (found:188) | Diff: 152796 | 2m16s elapsed (since last share, avg 1m9s) | best=38 target=28109 (999%)
[2026-10-01T19:00:26Z INFO  minertim::pool_connection] New job: 4gHW35G968UaC7Ya (difficulty: 152796, target: cd6d0000)
[2026-10-01T19:00:31Z INFO  minertim::pool_connection] New job: fz2kyVJBwgVjwizW (difficulty: 114596, target: 67920000)
[2026-10-01T19:00:35Z INFO  minertim] H/s 1m:2212.5 5m:2137.4 10m:2127.3 | Shares: 188/0 (found:188) | Diff: 114596 | 2m26s elapsed (since last share, avg 51s) | best=38 target=37479 (999%)
[2026-10-01T19:00:41Z INFO  minertim::pool_connection] New job: nWNS0zXqv0XTPg6D (difficulty: 114596, target: 67920000)
[2026-10-01T19:00:45Z INFO  minertim] H/s 1m:2212.7 5m:2137.7 10m:2127.3 | Shares: 188/0 (found:188) | Diff: 114596 | 2m36s elapsed (since last share, avg 51s) | best=38 target=37479 (999%)
[2026-10-01T19:00:55Z INFO  minertim] H/s 1m:2214.4 5m:2138.3 10m:2127.4 | Shares: 188/0 (found:188) | Diff: 114596 | 2m46s elapsed (since last share, avg 51s) | best=38 target=37479 (999%)
[2026-10-01T19:01:01Z INFO  minertim::pool_connection] New job: KLaKMm0Nfdun02k6 (difficulty: 114596, target: 67920000)
[2026-10-01T19:01:05Z INFO  minertim] H/s 1m:2268.8 5m:2147.7 10m:2132.0 | Shares: 188/0 (found:188) | Diff: 114596 | 2m56s elapsed (since last share, avg 50s) | best=38 target=37479 (999%)
[2026-10-01T19:01:15Z INFO  minertim] H/s 1m:2268.5 5m:2147.7 10m:2131.9 | Shares: 188/0 (found:188) | Diff: 114596 | 3m6s elapsed (since last share, avg 50s) | best=38 target=37479 (999%)
[2026-10-01T19:01:21Z INFO  minertim::pool_connection] New job: 6t70apUS1pHWiNuQ (difficulty: 114596, target: 67920000)
[2026-10-01T19:01:25Z INFO  minertim] H/s 1m:2268.1 5m:2147.8 10m:2145.3 | Shares: 188/0 (found:188) | Diff: 114596 | 3m16s elapsed (since last share, avg 50s) | best=38 target=37479 (999%)
[2026-10-01T19:01:31Z INFO  minertim::pool_connection] New job: dMftN0kDXyE0DsKn (difficulty: 85947, target: 34c30000)
[2026-10-01T19:01:35Z INFO  minertim] H/s 1m:2268.0 5m:2157.6 10m:2153.6 | Shares: 188/0 (found:188) | Diff: 85947 | 3m26s elapsed (since last share, avg 37s) | best=38 target=49972 (999%)
[2026-10-01T19:01:40Z INFO  minertim::pool_connection] New job: 0np9UGNtR016sThx (difficulty: 85947, target: 34c30000)
[2026-10-01T19:01:45Z INFO  minertim] H/s 1m:2268.4 5m:2176.4 10m:2162.5 | Shares: 188/0 (found:188) | Diff: 85947 | 3m36s elapsed (since last share, avg 37s) | best=38 target=49972 (999%)
[2026-10-01T19:01:55Z INFO  minertim] H/s 1m:2215.2 5m:2186.2 10m:2165.3 | Shares: 188/0 (found:188) | Diff: 85947 | 3m46s elapsed (since last share, avg 38s) | best=38 target=49972 (999%)
[2026-10-01T19:02:00Z INFO  minertim::pool_connection] New job: U3W6haqrlktgGSAm (difficulty: 85947, target: 34c30000)
[2026-10-01T19:02:05Z INFO  minertim] H/s 1m:2214.2 5m:2186.3 10m:2174.3 | Shares: 188/0 (found:188) | Diff: 85947 | 3m56s elapsed (since last share, avg 38s) | best=38 target=49972 (999%)
[2026-10-01T19:02:15Z INFO  minertim] H/s 1m:2213.1 5m:2186.1 10m:2174.4 | Shares: 188/0 (found:188) | Diff: 85947 | 4m6s elapsed (since last share, avg 38s) | best=38 target=49972 (999%)
[2026-10-01T19:02:20Z INFO  minertim::pool_connection] New job: BI93B6I08vItQZrS (difficulty: 85947, target: 34c30000)
[2026-10-01T19:02:25Z INFO  minertim] H/s 1m:2212.6 5m:2203.1 10m:2177.6 | Shares: 188/0 (found:188) | Diff: 85947 | 4m16s elapsed (since last share, avg 38s) | best=38 target=49972 (999%)
[2026-10-01T19:02:31Z INFO  minertim::pool_connection] New job: 5xtEPRK0ZlbuQToS (difficulty: 64460, target: 45040100)
[2026-10-01T19:02:35Z INFO  minertim] H/s 1m:2212.4 5m:2212.8 10m:2178.2 | Shares: 188/0 (found:188) | Diff: 64460 | 4m26s elapsed (since last share, avg 29s) | best=38 target=66629 (999%)
[2026-10-01T19:02:40Z INFO  minertim::pool_connection] New job: 82sfeP5sVOLC7v0D (difficulty: 64460, target: 45040100)
[2026-10-01T19:02:45Z INFO  minertim] H/s 1m:2212.6 5m:2216.6 10m:2178.5 | Shares: 188/0 (found:188) | Diff: 64460 | 4m36s elapsed (since last share, avg 29s) | best=38 target=66629 (999%)
[2026-10-01T19:02:55Z INFO  minertim] H/s 1m:2214.5 5m:2221.6 10m:2179.2 | Shares: 188/0 (found:188) | Diff: 64460 | 4m46s elapsed (since last share, avg 29s) | best=38 target=66629 (999%)
[2026-10-01T19:03:00Z INFO  minertim::pool_connection] New job: PrKWciwG4vL0oUHR (difficulty: 64460, target: 45040100)
[2026-10-01T19:03:01Z INFO  minertim::miner] Worker 1 SHARE FOUND! job_id=PrKWciwG4vL0oUHR, nonce=b16e5701, hash_val=10249, difficulty=64460, hash=ce6508dc26087982f91e3cf2c1d8d7a5ab2c89cff90ca0d19b5ae86209280000
[2026-10-01T19:03:05Z INFO  minertim] H/s 1m:2215.5 5m:2223.3 10m:2179.7 | Shares: 188/0 (found:189) | Diff: 64460 | 3s elapsed (since last share, avg 29s) | best=38 target=66629 (999%)
[2026-10-01T19:03:12Z INFO  minertim::pool_connection] New job: 03xPwx4E0Q0GuKrY (difficulty: 64460, target: 45040100)
[2026-10-01T19:03:12Z INFO  minertim::pool_connection] Share submitted: rpc_id=369 job_id=PrKWciwG4vL0oUHR nonce=b16e5701
[2026-10-01T19:03:13Z INFO  minertim::pool_connection] Share accepted: rpc_id=369 job_id=PrKWciwG4vL0oUHR nonce=b16e5701 latency_ms=307
[2026-10-01T19:03:15Z INFO  minertim] H/s 1m:2128.4 5m:2208.2 10m:2172.6 | Shares: 189/0 (found:189) | Diff: 64460 | 13s elapsed (since last share, avg 30s) | best=38 target=66629 (999%)
[2026-10-01T19:03:25Z INFO  minertim] H/s 1m:2128.7 5m:2208.4 10m:2172.8 | Shares: 189/0 (found:189) | Diff: 64460 | 23s elapsed (since last share, avg 30s) | best=38 target=66629 (999%)
[2026-10-01T19:03:28Z INFO  minertim::miner] Worker 0 SHARE FOUND! job_id=03xPwx4E0Q0GuKrY, nonce=d4525601, hash_val=2881, difficulty=64460, hash=175811b6cad4289c9893bfed20cd4514e4b3c50fc4fd119a4f46ace8410b0000
[2026-10-01T19:03:32Z INFO  minertim::pool_connection] New job: x65DCLkvbWTMiEWm (difficulty: 64460, target: 45040100)
[2026-10-01T19:03:32Z INFO  minertim::pool_connection] Share submitted: rpc_id=371 job_id=03xPwx4E0Q0GuKrY nonce=d4525601
[2026-10-01T19:03:33Z INFO  minertim::pool_connection] Share accepted: rpc_id=371 job_id=03xPwx4E0Q0GuKrY nonce=d4525601 latency_ms=335
[2026-10-01T19:03:35Z INFO  minertim] H/s 1m:2092.7 5m:2202.2 10m:2169.9 | Shares: 190/0 (found:190) | Diff: 64460 | 6s elapsed (since last share, avg 30s) | best=38 target=66629 (999%)
[2026-10-01T19:03:45Z INFO  minertim] H/s 1m:2093.1 5m:2202.3 10m:2170.0 | Shares: 190/0 (found:190) | Diff: 64460 | 16s elapsed (since last share, avg 30s) | best=38 target=66629 (999%)
[2026-10-01T19:03:52Z INFO  minertim::pool_connection] New job: VLmHZtG2JcNG0DXa (difficulty: 64460, target: 45040100)
[2026-10-01T19:03:55Z INFO  minertim] H/s 1m:2093.6 5m:2202.5 10m:2170.3 | Shares: 190/0 (found:190) | Diff: 64460 | 26s elapsed (since last share, avg 30s) | best=38 target=66629 (999%)
[2026-10-01T19:03:55Z INFO  minertim::pool_connection] New job: d91vWvRUQK5ImBd2 (difficulty: 64460, target: 45040100)
[2026-10-01T19:04:01Z INFO  minertim::pool_connection] New job: sxZ2xKpjj8eqf59j (difficulty: 95105, target: 68b00000)
[2026-10-01T19:04:05Z INFO  minertim] H/s 1m:2178.4 5m:2202.2 10m:2170.2 | Shares: 190/0 (found:190) | Diff: 95105 | 36s elapsed (since last share, avg 43s) | best=38 target=45160 (999%)
[2026-10-01T19:04:15Z INFO  minertim] H/s 1m:2178.0 5m:2202.3 10m:2170.3 | Shares: 190/0 (found:190) | Diff: 95105 | 46s elapsed (since last share, avg 43s) | best=38 target=45160 (999%)
[2026-10-01T19:04:15Z INFO  minertim::pool_connection] New job: 4vnUo4RVieFcp5oP (difficulty: 95105, target: 68b00000)
[2026-10-01T19:04:25Z INFO  minertim] H/s 1m:2213.9 5m:2202.3 10m:2170.3 | Shares: 190/0 (found:190) | Diff: 95105 | 57s elapsed (since last share, avg 42s) | best=38 target=45160 (999%)
[2026-10-01T19:04:31Z INFO  minertim::pool_connection] New job: xpveqKLYn7m2EVDM (difficulty: 72539, target: 49e70000)
[2026-10-01T19:04:35Z INFO  minertim::pool_connection] New job: CRXzvwNvtPoeOgsp (difficulty: 72539, target: 49e70000)
[2026-10-01T19:04:35Z INFO  minertim] H/s 1m:2213.5 5m:2202.3 10m:2170.4 | Shares: 190/0 (found:190) | Diff: 72539 | 1m7s elapsed (since last share, avg 32s) | best=38 target=59209 (999%)
[2026-10-01T19:04:45Z INFO  minertim] H/s 1m:2213.7 5m:2202.3 10m:2170.4 | Shares: 190/0 (found:190) | Diff: 72539 | 1m17s elapsed (since last share, avg 32s) | best=38 target=59209 (999%)
[2026-10-01T19:04:55Z INFO  minertim::pool_connection] New job: 06lauDdA0Nm13sCP (difficulty: 72539, target: 49e70000)
[2026-10-01T19:04:55Z INFO  minertim] H/s 1m:2216.5 5m:2202.6 10m:2170.7 | Shares: 190/0 (found:190) | Diff: 72539 | 1m27s elapsed (since last share, avg 32s) | best=38 target=59209 (999%)
[2026-10-01T19:05:05Z INFO  minertim] H/s 1m:2214.7 5m:2202.5 10m:2170.7 | Shares: 190/0 (found:190) | Diff: 72539 | 1m37s elapsed (since last share, avg 32s) | best=38 target=59209 (999%)
[2026-10-01T19:05:15Z INFO  minertim::pool_connection] New job: UFnEf9ixQ8aCTHCF (difficulty: 72539, target: 49e70000)
[2026-10-01T19:05:15Z INFO  minertim] H/s 1m:2214.8 5m:2202.6 10m:2170.7 | Shares: 190/0 (found:190) | Diff: 72539 | 1m47s elapsed (since last share, avg 32s) | best=38 target=59209 (999%)
[2026-10-01T19:05:25Z INFO  minertim] H/s 1m:2214.7 5m:2202.7 10m:2170.8 | Shares: 190/0 (found:190) | Diff: 72539 | 1m57s elapsed (since last share, avg 32s) | best=38 target=59209 (999%)
[2026-10-01T19:05:31Z INFO  minertim::pool_connection] New job: ZHa4I0D6KyzVYHwH (difficulty: 54404, target: 61340100)
[2026-10-01T19:05:35Z INFO  minertim::pool_connection] New job: CITvPUrzDK38e0Tz (difficulty: 54404, target: 61340100)
[2026-10-01T19:05:35Z INFO  minertim] H/s 1m:2214.8 5m:2202.6 10m:2170.8 | Shares: 190/0 (found:190) | Diff: 54404 | 2m7s elapsed (since last share, avg 24s) | best=38 target=78945 (999%)
[2026-10-01T19:05:45Z INFO  minertim] H/s 1m:2214.4 5m:2202.6 10m:2170.9 | Shares: 190/0 (found:190) | Diff: 54404 | 2m17s elapsed (since last share, avg 24s) | best=38 target=78945 (999%)
[2026-10-01T19:05:52Z INFO  minertim::miner] Worker 0 SHARE FOUND! job_id=CITvPUrzDK38e0Tz, nonce=bc0e5b01, hash_val=36913, difficulty=54404, hash=535baea1b62e0c69de9e7bb49c7f28bb47a6d24e83a604a08d16fc7931900000
[2026-10-01T19:05:54Z INFO  minertim::pool_connection] New job: 7hvMpvBqjYB6DK1r (difficulty: 54404, target: 61340100)
[2026-10-01T19:05:54Z INFO  minertim::pool_connection] Share submitted: rpc_id=374 job_id=CITvPUrzDK38e0Tz nonce=bc0e5b01
[2026-10-01T19:05:55Z INFO  minertim::pool_connection] Share accepted: rpc_id=374 job_id=CITvPUrzDK38e0Tz nonce=bc0e5b01 latency_ms=228
[2026-10-01T19:05:55Z INFO  minertim] H/s 1m:2215.2 5m:2193.3 10m:2171.1 | Shares: 191/0 (found:191) | Diff: 54404 | 2s elapsed (since last share, avg 24s) | best=38 target=78945 (999%)
[2026-10-01T19:06:01Z INFO  minertim::pool_connection] New job: NaZHPFpOITuEvfBr (difficulty: 81606, target: 96cd0000)
[2026-10-01T19:06:05Z INFO  minertim] H/s 1m:2213.8 5m:2193.2 10m:2171.2 | Shares: 191/0 (found:191) | Diff: 81606 | 12s elapsed (since last share, avg 36s) | best=38 target=52630 (999%)
[2026-10-01T19:06:13Z INFO  minertim::miner] Worker 1 SHARE FOUND! job_id=NaZHPFpOITuEvfBr, nonce=f9895d01, hash_val=49560, difficulty=81606, hash=1ce91fb4db6c72ec709839d21f4106c8f9f27541d9159307ee79596098c10000
[2026-10-01T19:06:14Z INFO  minertim::pool_connection] New job: 4cs0Mzm3ir4fPJCu (difficulty: 81606, target: 96cd0000)
[2026-10-01T19:06:14Z INFO  minertim::pool_connection] Share submitted: rpc_id=376 job_id=NaZHPFpOITuEvfBr nonce=f9895d01
[2026-10-01T19:06:15Z INFO  minertim::pool_connection] Share accepted: rpc_id=376 job_id=NaZHPFpOITuEvfBr nonce=f9895d01 latency_ms=306
[2026-10-01T19:06:15Z INFO  minertim] H/s 1m:2214.6 5m:2193.4 10m:2171.3 | Shares: 192/0 (found:192) | Diff: 81606 | 2s elapsed (since last share, avg 36s) | best=38 target=52630 (999%)
[2026-10-01T19:06:21Z INFO  minertim::miner] Worker 3 SHARE FOUND! job_id=4cs0Mzm3ir4fPJCu, nonce=6b195c01, hash_val=19117, difficulty=81606, hash=dac24c94a48acf307f5fb26219f0a9abbaee96c72e5c132ba3faefcbad4a0000
[2026-10-01T19:06:25Z INFO  minertim] H/s 1m:2147.3 5m:2181.8 10m:2165.7 | Shares: 192/0 (found:193) | Diff: 81606 | 4s elapsed (since last share, avg 38s) | best=38 target=52630 (999%)
[2026-10-01T19:06:31Z INFO  minertim::pool_connection] New job: s1c9I9f1xsITbvJR (difficulty: 122409, target: 0f890000)
[2026-10-01T19:06:31Z INFO  minertim::pool_connection] Share submitted: rpc_id=377 job_id=4cs0Mzm3ir4fPJCu nonce=6b195c01
[2026-10-01T19:06:31Z INFO  minertim::pool_connection] Share accepted: rpc_id=377 job_id=4cs0Mzm3ir4fPJCu nonce=6b195c01 latency_ms=306
[2026-10-01T19:06:34Z INFO  minertim::pool_connection] New job: JPYgJfVORATupoPn (difficulty: 122409, target: 0f890000)
[2026-10-01T19:06:34Z INFO  minertim::pool_connection] New job: 71tj0Bmi6pzhm7MN (difficulty: 122409, target: 0f890000)
[2026-10-01T19:06:35Z INFO  minertim] H/s 1m:2094.6 5m:2172.7 10m:2166.0 | Shares: 193/0 (found:193) | Diff: 122409 | 14s elapsed (since last share, avg 58s) | best=38 target=35087 (999%)
[2026-10-01T19:06:45Z INFO  minertim] H/s 1m:2096.0 5m:2172.8 10m:2175.3 | Shares: 193/0 (found:193) | Diff: 122409 | 24s elapsed (since last share, avg 58s) | best=38 target=35087 (999%)
[2026-10-01T19:06:54Z INFO  minertim::pool_connection] New job: Aog6mP50PTb3zwjn (difficulty: 122409, target: 0f890000)
[2026-10-01T19:06:55Z INFO  minertim] H/s 1m:2097.5 5m:2173.1 10m:2180.1 | Shares: 193/0 (found:193) | Diff: 122409 | 34s elapsed (since last share, avg 58s) | best=38 target=35087 (999%)
[2026-10-01T19:06:58Z INFO  minertim::miner] Worker 3 SHARE FOUND! job_id=Aog6mP50PTb3zwjn, nonce=db005d01, hash_val=24367, difficulty=122409, hash=b47dde714998117171957acce286cfefbc6412d553100735aad0bf3e2f5f0000
[2026-10-01T19:07:01Z INFO  minertim::pool_connection] New job: c17BwaJjEitdB40F (difficulty: 183616, target: 5f5b0000)
[2026-10-01T19:07:01Z INFO  minertim::pool_connection] Share submitted: rpc_id=378 job_id=Aog6mP50PTb3zwjn nonce=db005d01
[2026-10-01T19:07:01Z INFO  minertim::pool_connection] Share accepted: rpc_id=378 job_id=Aog6mP50PTb3zwjn nonce=db005d01 latency_ms=307
[2026-10-01T19:07:05Z INFO  minertim] H/s 1m:2060.3 5m:2167.1 10m:2177.2 | Shares: 194/0 (found:194) | Diff: 183616 | 7s elapsed (since last share, avg 1m29s) | best=38 target=23391 (999%)
[2026-10-01T19:07:14Z INFO  minertim::pool_connection] New job: EHrehftgvmc8os9s (difficulty: 183616, target: 5f5b0000)
[2026-10-01T19:07:15Z INFO  minertim] H/s 1m:2127.6 5m:2167.2 10m:2177.3 | Shares: 194/0 (found:194) | Diff: 183616 | 17s elapsed (since last share, avg 1m26s) | best=38 target=23391 (999%)
[2026-10-01T19:07:25Z INFO  minertim] H/s 1m:2180.7 5m:2167.2 10m:2185.7 | Shares: 194/0 (found:194) | Diff: 183616 | 27s elapsed (since last share, avg 1m24s) | best=38 target=23391 (999%)
[2026-10-01T19:07:31Z INFO  minertim::pool_connection] New job: 1WveUAS1HUZ50X9O (difficulty: 275424, target: ea3c0000)
[2026-10-01T19:07:34Z INFO  minertim::pool_connection] New job: yXWAT5XEDQ6TvCwv (difficulty: 275424, target: ea3c0000)
[2026-10-01T19:07:35Z INFO  minertim] H/s 1m:2180.3 5m:2167.2 10m:2190.4 | Shares: 194/0 (found:194) | Diff: 275424 | 37s elapsed (since last share, avg 2m6s) | best=38 target=15594 (999%)
[2026-10-01T19:07:45Z INFO  minertim] H/s 1m:2180.1 5m:2167.1 10m:2192.3 | Shares: 194/0 (found:194) | Diff: 275424 | 47s elapsed (since last share, avg 2m6s) | best=38 target=15594 (999%)
[2026-10-01T19:07:54Z INFO  minertim::pool_connection] New job: 7AAL6dee9yBEIy9M (difficulty: 275424, target: ea3c0000)
[2026-10-01T19:07:55Z INFO  minertim] H/s 1m:2216.5 5m:2167.3 10m:2194.8 | Shares: 194/0 (found:194) | Diff: 275424 | 57s elapsed (since last share, avg 2m4s) | best=38 target=15594 (999%)
[2026-10-01T19:08:01Z INFO  minertim::pool_connection] New job: P0ScWfzQBIV9wl80 (difficulty: 206568, target: 38510000)
[2026-10-01T19:08:05Z INFO  minertim] H/s 1m:2214.4 5m:2182.0 10m:2195.5 | Shares: 194/0 (found:194) | Diff: 206568 | 1m7s elapsed (since last share, avg 1m33s) | best=38 target=20792 (999%)
[2026-10-01T19:08:14Z INFO  minertim::pool_connection] New job: fERz0FHrC0ctXLbG (difficulty: 206568, target: 38510000)
[2026-10-01T19:08:15Z INFO  minertim] H/s 1m:2214.1 5m:2181.9 10m:2195.5 | Shares: 194/0 (found:194) | Diff: 206568 | 1m17s elapsed (since last share, avg 1m33s) | best=38 target=20792 (999%)
[2026-10-01T19:08:16Z INFO  minertim::miner] Worker 2 SHARE FOUND! job_id=fERz0FHrC0ctXLbG, nonce=d2016301, hash_val=14222, difficulty=206568, hash=a47861c88a890f2ff04384af318e8b1f45f7d55942f18306daaf44d88e370000
[2026-10-01T19:08:25Z INFO  minertim] H/s 1m:2107.1 5m:2169.7 10m:2186.4 | Shares: 194/0 (found:195) | Diff: 206568 | 9s elapsed (since last share, avg 1m38s) | best=38 target=20792 (999%)
[2026-10-01T19:08:34Z INFO  minertim::pool_connection] New job: uv2EaQzVJMliRtVc (difficulty: 206568, target: 38510000)
[2026-10-01T19:08:34Z INFO  minertim::pool_connection] Share submitted: rpc_id=381 job_id=fERz0FHrC0ctXLbG nonce=d2016301
[2026-10-01T19:08:34Z INFO  minertim::pool_connection] Share accepted: rpc_id=381 job_id=fERz0FHrC0ctXLbG nonce=d2016301 latency_ms=278
[2026-10-01T19:08:35Z INFO  minertim] H/s 1m:2012.6 5m:2153.3 10m:2178.4 | Shares: 195/0 (found:195) | Diff: 206568 | 19s elapsed (since last share, avg 1m42s) | best=38 target=20792 (999%)
[2026-10-01T19:08:45Z INFO  minertim] H/s 1m:2013.6 5m:2153.5 10m:2178.5 | Shares: 195/0 (found:195) | Diff: 206568 | 29s elapsed (since last share, avg 1m42s) | best=38 target=20792 (999%)
[2026-10-01T19:08:53Z INFO  minertim::pool_connection] New job: mBQnMG0NpG0xoZ71 (difficulty: 206568, target: 38510000)
[2026-10-01T19:08:55Z INFO  minertim] H/s 1m:2015.5 5m:2153.9 10m:2178.6 | Shares: 195/0 (found:195) | Diff: 206568 | 39s elapsed (since last share, avg 1m42s) | best=38 target=20792 (999%)
[2026-10-01T19:09:05Z INFO  minertim] H/s 1m:2012.9 5m:2153.4 10m:2178.5 | Shares: 195/0 (found:195) | Diff: 206568 | 49s elapsed (since last share, avg 1m42s) | best=38 target=20792 (999%)
[2026-10-01T19:09:13Z INFO  minertim::pool_connection] New job: GVVKJZqEGLTUdLMC (difficulty: 206568, target: 38510000)
[2026-10-01T19:09:15Z INFO  minertim] H/s 1m:2119.4 5m:2153.4 10m:2178.5 | Shares: 195/0 (found:195) | Diff: 206568 | 59s elapsed (since last share, avg 1m37s) | best=38 target=20792 (999%)
[2026-10-01T19:09:25Z INFO  minertim] H/s 1m:2214.4 5m:2153.4 10m:2178.5 | Shares: 195/0 (found:195) | Diff: 206568 | 1m9s elapsed (since last share, avg 1m33s) | best=38 target=20792 (999%)
[2026-10-01T19:09:31Z INFO  minertim::miner] Worker 1 SHARE FOUND! job_id=GVVKJZqEGLTUdLMC, nonce=f1346401, hash_val=11160, difficulty=206568, hash=ee89bbaf59908a73eaa1a86c8eaeec18665d10223030a55d4ef7a6bd982b0000
[2026-10-01T19:09:33Z INFO  minertim::pool_connection] New job: zRCuQw7Ohl3CSLpS (difficulty: 206568, target: 38510000)
[2026-10-01T19:09:33Z INFO  minertim::pool_connection] Share submitted: rpc_id=383 job_id=GVVKJZqEGLTUdLMC nonce=f1346401
[2026-10-01T19:09:33Z INFO  minertim::pool_connection] Share accepted: rpc_id=383 job_id=GVVKJZqEGLTUdLMC nonce=f1346401 latency_ms=225
[2026-10-01T19:09:35Z INFO  minertim] H/s 1m:2196.7 5m:2150.5 10m:2177.1 | Shares: 196/0 (found:196) | Diff: 206568 | 4s elapsed (since last share, avg 1m34s) | best=38 target=20792 (999%)
[2026-10-01T19:09:45Z INFO  minertim] H/s 1m:2196.7 5m:2150.5 10m:2177.1 | Shares: 196/0 (found:196) | Diff: 206568 | 14s elapsed (since last share, avg 1m34s) | best=38 target=20792 (999%)
[2026-10-01T19:09:52Z INFO  minertim::pool_connection] New job: DanFqNxsc97KmX2Z (difficulty: 206568, target: 38510000)
[2026-10-01T19:09:55Z INFO  minertim] H/s 1m:2199.7 5m:2150.8 10m:2177.2 | Shares: 196/0 (found:196) | Diff: 206568 | 24s elapsed (since last share, avg 1m33s) | best=38 target=20792 (999%)
[2026-10-01T19:10:05Z INFO  minertim] H/s 1m:2197.3 5m:2150.4 10m:2177.1 | Shares: 196/0 (found:196) | Diff: 206568 | 34s elapsed (since last share, avg 1m34s) | best=38 target=20792 (999%)
[2026-10-01T19:10:12Z INFO  minertim::pool_connection] New job: oJQOiQioEE0rTlDX (difficulty: 206568, target: 38510000)
[2026-10-01T19:10:15Z INFO  minertim] H/s 1m:2196.5 5m:2150.3 10m:2177.1 | Shares: 196/0 (found:196) | Diff: 206568 | 44s elapsed (since last share, avg 1m34s) | best=38 target=20792 (999%)
[2026-10-01T19:10:25Z INFO  minertim] H/s 1m:2212.9 5m:2150.2 10m:2177.1 | Shares: 196/0 (found:196) | Diff: 206568 | 54s elapsed (since last share, avg 1m33s) | best=38 target=20792 (999%)
[2026-10-01T19:10:32Z INFO  minertim::pool_connection] New job: z3SgYPBxSEeHVvZA (difficulty: 206568, target: 38510000)
[2026-10-01T19:10:35Z INFO  minertim] H/s 1m:2213.1 5m:2150.3 10m:2177.1 | Shares: 196/0 (found:196) | Diff: 206568 | 1m4s elapsed (since last share, avg 1m33s) | best=38 target=20792 (999%)
[2026-10-01T19:10:45Z INFO  minertim::pool_connection] New job: 9eO79Aen06wyMhuy (difficulty: 206568, target: 38510000)
[2026-10-01T19:10:45Z INFO  minertim] H/s 1m:2212.2 5m:2150.3 10m:2177.1 | Shares: 196/0 (found:196) | Diff: 206568 | 1m14s elapsed (since last share, avg 1m33s) | best=38 target=20792 (999%)
[2026-10-01T19:10:53Z INFO  minertim::miner] Worker 1 SHARE FOUND! job_id=9eO79Aen06wyMhuy, nonce=f9ea6601, hash_val=1948, difficulty=206568, hash=2cf3aceee6c8193a929a09b8acf072f92cdf4f13354b4cf8f1c215339c070000
[2026-10-01T19:10:55Z INFO  minertim] H/s 1m:2214.7 5m:2150.5 10m:2172.5 | Shares: 196/0 (found:197) | Diff: 206568 | 1s elapsed (since last share, avg 1m33s) | best=38 target=20792 (999%)
[2026-10-01T19:11:01Z INFO  minertim::pool_connection] New job: IJ9TEUxc9iWucaKO (difficulty: 154929, target: 4a6c0000)
[2026-10-01T19:11:01Z INFO  minertim::pool_connection] Share submitted: rpc_id=385 job_id=9eO79Aen06wyMhuy nonce=f9ea6601
[2026-10-01T19:11:02Z INFO  minertim::pool_connection] Share accepted: rpc_id=385 job_id=9eO79Aen06wyMhuy nonce=f9ea6601 latency_ms=298
[2026-10-01T19:11:05Z INFO  minertim::pool_connection] New job: 0UluAJO9JIvndoNd (difficulty: 154929, target: 4a6c0000)
[2026-10-01T19:11:05Z INFO  minertim] H/s 1m:2108.8 5m:2132.0 10m:2163.6 | Shares: 197/0 (found:197) | Diff: 154929 | 11s elapsed (since last share, avg 1m13s) | best=38 target=27722 (999%)
[2026-10-01T19:11:14Z INFO  minertim::miner] Worker 3 SHARE FOUND! job_id=0UluAJO9JIvndoNd, nonce=278f6501, hash_val=1601, difficulty=154929, hash=d94d236330197dd9c7b0461b1a121b0b7745a26d4914c7634f691a0c41060000
[2026-10-01T19:11:15Z INFO  minertim] H/s 1m:2109.0 5m:2143.6 10m:2163.6 | Shares: 197/0 (found:198) | Diff: 154929 | 1s elapsed (since last share, avg 1m13s) | best=38 target=27722 (999%)
[2026-10-01T19:11:25Z INFO  minertim::pool_connection] New job: C0tcIhAtJ2eRdqLI (difficulty: 154929, target: 4a6c0000)
[2026-10-01T19:11:25Z INFO  minertim::pool_connection] Share submitted: rpc_id=387 job_id=0UluAJO9JIvndoNd nonce=278f6501
[2026-10-01T19:11:25Z INFO  minertim::pool_connection] Share accepted: rpc_id=387 job_id=0UluAJO9JIvndoNd nonce=278f6501 latency_ms=307
[2026-10-01T19:11:25Z INFO  minertim] H/s 1m:2031.3 5m:2139.4 10m:2157.1 | Shares: 198/0 (found:198) | Diff: 154929 | 11s elapsed (since last share, avg 1m16s) | best=38 target=27722 (999%)
[2026-10-01T19:11:31Z INFO  minertim::pool_connection] New job: bGxPo4MwS90iAucC (difficulty: 232399, target: 31480000)
[2026-10-01T19:11:33Z INFO  minertim::miner] Worker 2 SHARE FOUND! job_id=bGxPo4MwS90iAucC, nonce=e2196901, hash_val=12042, difficulty=232399, hash=a9cb0455ad526228c223075714c63f346c598a4942e9e9e6ea6047b50a2f0000
[2026-10-01T19:11:35Z INFO  minertim::pool_connection] New job: yhp5Vgo4MgDtSh5D (difficulty: 232399, target: 31480000)
[2026-10-01T19:11:35Z INFO  minertim::pool_connection] Share submitted: rpc_id=388 job_id=bGxPo4MwS90iAucC nonce=e2196901
[2026-10-01T19:11:35Z INFO  minertim::pool_connection] Share accepted: rpc_id=388 job_id=bGxPo4MwS90iAucC nonce=e2196901 latency_ms=295
[2026-10-01T19:11:35Z INFO  minertim] H/s 1m:2032.0 5m:2139.3 10m:2157.0 | Shares: 199/0 (found:199) | Diff: 232399 | 1s elapsed (since last share, avg 1m54s) | best=38 target=18481 (999%)
[2026-10-01T19:11:45Z INFO  minertim] H/s 1m:2031.7 5m:2139.2 10m:2157.0 | Shares: 199/0 (found:199) | Diff: 232399 | 11s elapsed (since last share, avg 1m54s) | best=38 target=18481 (999%)
[2026-10-01T19:11:54Z INFO  minertim::pool_connection] New job: CUERsc2jEpiEluv2 (difficulty: 232399, target: 31480000)
[2026-10-01T19:11:55Z INFO  minertim] H/s 1m:2137.8 5m:2145.4 10m:2157.1 | Shares: 199/0 (found:199) | Diff: 232399 | 21s elapsed (since last share, avg 1m48s) | best=38 target=18481 (999%)
[2026-10-01T19:12:01Z INFO  minertim::pool_connection] New job: L5BdVnJo6efkt0oe (difficulty: 348589, target: 21300000)
[2026-10-01T19:12:05Z INFO  minertim] H/s 1m:2134.7 5m:2144.8 10m:2157.0 | Shares: 199/0 (found:199) | Diff: 348589 | 31s elapsed (since last share, avg 2m43s) | best=38 target=12321 (999%)
[2026-10-01T19:12:14Z INFO  minertim::pool_connection] New job: tOGrfBe8xn8z6kb6 (difficulty: 348589, target: 21300000)
[2026-10-01T19:12:15Z INFO  minertim] H/s 1m:2211.9 5m:2144.7 10m:2157.0 | Shares: 199/0 (found:199) | Diff: 348589 | 41s elapsed (since last share, avg 2m37s) | best=38 target=12321 (999%)
[2026-10-01T19:12:25Z INFO  minertim] H/s 1m:2211.0 5m:2144.6 10m:2156.9 | Shares: 199/0 (found:199) | Diff: 348589 | 51s elapsed (since last share, avg 2m37s) | best=38 target=12321 (999%)
[2026-10-01T19:12:34Z INFO  minertim::pool_connection] New job: YMXyoFeFiEvPAtJu (difficulty: 348589, target: 21300000)
[2026-10-01T19:12:35Z INFO  minertim] H/s 1m:2210.7 5m:2144.5 10m:2156.8 | Shares: 199/0 (found:199) | Diff: 348589 | 1m1s elapsed (since last share, avg 2m37s) | best=38 target=12321 (999%)
[2026-10-01T19:12:45Z INFO  minertim] H/s 1m:2210.3 5m:2144.3 10m:2156.8 | Shares: 199/0 (found:199) | Diff: 348589 | 1m11s elapsed (since last share, avg 2m37s) | best=38 target=12321 (999%)
[2026-10-01T19:12:53Z INFO  minertim::pool_connection] New job: A8dzTnBf0ZSndHJm (difficulty: 348589, target: 21300000)
[2026-10-01T19:12:55Z INFO  minertim] H/s 1m:2213.2 5m:2144.6 10m:2156.8 | Shares: 199/0 (found:199) | Diff: 348589 | 1m21s elapsed (since last share, avg 2m37s) | best=38 target=12321 (999%)
[2026-10-01T19:13:02Z INFO  minertim::pool_connection] New job: ebnXrd5PBXHn1y0Z (difficulty: 182399, target: fb5b0000)
[2026-10-01T19:13:05Z INFO  minertim] H/s 1m:2210.4 5m:2144.1 10m:2163.9 | Shares: 199/0 (found:199) | Diff: 182399 | 1m32s elapsed (since last share, avg 1m22s) | best=38 target=23547 (999%)
[2026-10-01T19:13:13Z INFO  minertim::pool_connection] New job: S6sxd3hs3uoAQ3cl (difficulty: 182399, target: fb5b0000)
[2026-10-01T19:13:16Z INFO  minertim] H/s 1m:2211.0 5m:2162.5 10m:2163.9 | Shares: 199/0 (found:199) | Diff: 182399 | 1m42s elapsed (since last share, avg 1m22s) | best=38 target=23547 (999%)
[2026-10-01T19:13:26Z INFO  minertim] H/s 1m:2211.7 5m:2178.8 10m:2166.9 | Shares: 199/0 (found:199) | Diff: 182399 | 1m52s elapsed (since last share, avg 1m22s) | best=38 target=23547 (999%)
[2026-10-01T19:13:33Z INFO  minertim::pool_connection] New job: Y15pnfmC0E1QR4EA (difficulty: 182399, target: fb5b0000)
[2026-10-01T19:13:36Z INFO  minertim] H/s 1m:2212.2 5m:2178.6 10m:2166.9 | Shares: 199/0 (found:199) | Diff: 182399 | 2m2s elapsed (since last share, avg 1m22s) | best=38 target=23547 (999%)
[2026-10-01T19:13:46Z INFO  minertim] H/s 1m:2212.1 5m:2178.5 10m:2166.8 | Shares: 199/0 (found:199) | Diff: 182399 | 2m12s elapsed (since last share, avg 1m22s) | best=38 target=23547 (999%)
[2026-10-01T19:13:53Z INFO  minertim::pool_connection] New job: p8OICeNIf0tXzPzu (difficulty: 182399, target: fb5b0000)
[2026-10-01T19:13:56Z INFO  minertim] H/s 1m:2214.9 5m:2178.9 10m:2167.0 | Shares: 199/0 (found:199) | Diff: 182399 | 2m22s elapsed (since last share, avg 1m22s) | best=38 target=23547 (999%)
[2026-10-01T19:14:02Z INFO  minertim::pool_connection] New job: hHbBEBUNA9Di12B4 (difficulty: 136799, target: a47a0000)
[2026-10-01T19:14:06Z INFO  minertim] H/s 1m:2212.9 5m:2178.6 10m:2166.8 | Shares: 199/0 (found:199) | Diff: 136799 | 2m32s elapsed (since last share, avg 1m1s) | best=38 target=31396 (999%)
[2026-10-01T19:14:13Z INFO  minertim::pool_connection] New job: a5q5EwNzOI2QIrEg (difficulty: 136799, target: a47a0000)
[2026-10-01T19:14:16Z INFO  minertim] H/s 1m:2212.7 5m:2178.5 10m:2166.8 | Shares: 199/0 (found:199) | Diff: 136799 | 2m42s elapsed (since last share, avg 1m1s) | best=38 target=31396 (999%)
[2026-10-01T19:14:26Z INFO  minertim] H/s 1m:2213.3 5m:2181.4 10m:2166.8 | Shares: 199/0 (found:199) | Diff: 136799 | 2m52s elapsed (since last share, avg 1m1s) | best=38 target=31396 (999%)
[2026-10-01T19:14:33Z INFO  minertim::pool_connection] New job: 0VmrFeC0ahNU9UQX (difficulty: 136799, target: a47a0000)
[2026-10-01T19:14:36Z INFO  minertim] H/s 1m:2213.3 5m:2181.4 10m:2166.8 | Shares: 199/0 (found:199) | Diff: 136799 | 3m2s elapsed (since last share, avg 1m1s) | best=38 target=31396 (999%)
[2026-10-01T19:14:42Z INFO  minertim::miner] Worker 0 SHARE FOUND! job_id=0VmrFeC0ahNU9UQX, nonce=e8f16c01, hash_val=4769, difficulty=136799, hash=c76cc2a2952314afe8123098018bc8c91a9d352672f2ea8a320c636aa1120000
[2026-10-01T19:14:46Z INFO  minertim] H/s 1m:2158.4 5m:2171.8 10m:2162.1 | Shares: 199/0 (found:200) | Diff: 136799 | 3s elapsed (since last share, avg 1m3s) | best=38 target=31396 (999%)
[2026-10-01T19:14:53Z INFO  minertim::pool_connection] New job: xQGqONntsYBAp4Az (difficulty: 136799, target: a47a0000)
[2026-10-01T19:14:53Z INFO  minertim::pool_connection] Share submitted: rpc_id=392 job_id=0VmrFeC0ahNU9UQX nonce=e8f16c01
[2026-10-01T19:14:53Z INFO  minertim::pool_connection] Share accepted: rpc_id=392 job_id=0VmrFeC0ahNU9UQX nonce=e8f16c01 latency_ms=225
[2026-10-01T19:14:56Z INFO  minertim] H/s 1m:2085.2 5m:2159.3 10m:2155.9 | Shares: 200/0 (found:200) | Diff: 136799 | 13s elapsed (since last share, avg 1m5s) | best=38 target=31396 (999%)
[2026-10-01T19:15:06Z INFO  minertim] H/s 1m:2083.1 5m:2158.9 10m:2155.7 | Shares: 200/0 (found:200) | Diff: 136799 | 23s elapsed (since last share, avg 1m5s) | best=38 target=31396 (999%)
[2026-10-01T19:15:13Z INFO  minertim::miner] Worker 0 SHARE FOUND! job_id=xQGqONntsYBAp4Az, nonce=a09c6d01, hash_val=20556, difficulty=136799, hash=4bc76e3a7b352683b4fe2d6f7fded71a2fe5c5d0dbb76b92fe0cf66c4c500000
[2026-10-01T19:15:13Z INFO  minertim::pool_connection] New job: 1QkIech4cE4kw120 (difficulty: 136799, target: a47a0000)
[2026-10-01T19:15:13Z INFO  minertim::pool_connection] Share submitted: rpc_id=394 job_id=xQGqONntsYBAp4Az nonce=a09c6d01
[2026-10-01T19:15:13Z INFO  minertim::pool_connection] Share accepted: rpc_id=394 job_id=xQGqONntsYBAp4Az nonce=a09c6d01 latency_ms=307
[2026-10-01T19:15:16Z INFO  minertim] H/s 1m:2081.4 5m:2158.8 10m:2155.5 | Shares: 201/0 (found:201) | Diff: 136799 | 3s elapsed (since last share, avg 1m5s) | best=38 target=31396 (999%)
[2026-10-01T19:15:26Z INFO  minertim] H/s 1m:2081.4 5m:2158.7 10m:2155.5 | Shares: 201/0 (found:201) | Diff: 136799 | 13s elapsed (since last share, avg 1m5s) | best=38 target=31396 (999%)
[2026-10-01T19:15:33Z INFO  minertim::pool_connection] New job: C87n8K0aMG9MExqQ (difficulty: 136799, target: a47a0000)
[2026-10-01T19:15:36Z INFO  minertim] H/s 1m:2136.2 5m:2158.7 10m:2155.5 | Shares: 201/0 (found:201) | Diff: 136799 | 23s elapsed (since last share, avg 1m4s) | best=38 target=31396 (999%)
[2026-10-01T19:15:37Z INFO  minertim::miner] Worker 2 SHARE FOUND! job_id=C87n8K0aMG9MExqQ, nonce=2e4a7101, hash_val=9875, difficulty=136799, hash=f8699e5535152f819772e72377057e6ec2d9d569c3dccea3142735a893260000
[2026-10-01T19:15:46Z INFO  minertim] H/s 1m:2104.3 5m:2140.2 10m:2146.5 | Shares: 201/0 (found:202) | Diff: 136799 | 8s elapsed (since last share, avg 1m5s) | best=38 target=31396 (999%)
[2026-10-01T19:15:52Z INFO  minertim::pool_connection] New job: KhPXKIxJa5ZAHGak (difficulty: 136799, target: a47a0000)
[2026-10-01T19:15:52Z INFO  minertim::pool_connection] Share submitted: rpc_id=395 job_id=C87n8K0aMG9MExqQ nonce=2e4a7101
[2026-10-01T19:15:53Z INFO  minertim::pool_connection] Share accepted: rpc_id=395 job_id=C87n8K0aMG9MExqQ nonce=2e4a7101 latency_ms=306
[2026-10-01T19:15:53Z INFO  minertim::miner] Worker 1 SHARE FOUND! job_id=KhPXKIxJa5ZAHGak, nonce=41ca7001, hash_val=17536, difficulty=136799, hash=dc0ec9465951983e17bc1deee230734b53f84281c159a494edc9f0de80440000
[2026-10-01T19:15:56Z INFO  minertim] H/s 1m:2023.2 5m:2144.2 10m:2139.5 | Shares: 202/0 (found:203) | Diff: 136799 | 2s elapsed (since last share, avg 1m7s) | best=38 target=31396 (999%)
[2026-10-01T19:16:06Z INFO  minertim] H/s 1m:1916.1 5m:2125.5 10m:2130.2 | Shares: 202/0 (found:203) | Diff: 136799 | 12s elapsed (since last share, avg 1m11s) | best=38 target=31396 (999%)
[2026-10-01T19:16:09Z INFO  minertim::pool_connection] Share submitted: rpc_id=396 job_id=KhPXKIxJa5ZAHGak nonce=41ca7001
[2026-10-01T19:16:10Z INFO  minertim::pool_connection] Share accepted: rpc_id=396 job_id=KhPXKIxJa5ZAHGak nonce=41ca7001 latency_ms=306
[2026-10-01T19:16:12Z INFO  minertim::pool_connection] New job: LVR8M9aDGw9TonwE (difficulty: 136799, target: a47a0000)
[2026-10-01T19:16:16Z INFO  minertim] H/s 1m:1882.9 5m:2133.1 10m:2133.1 | Shares: 203/0 (found:203) | Diff: 136799 | 22s elapsed (since last share, avg 1m12s) | best=38 target=31396 (999%)
[2026-10-01T19:16:24Z INFO  minertim::pool_connection] New job: 3ihzLBbHN94F25CK (difficulty: 136799, target: a47a0000)
[2026-10-01T19:16:26Z INFO  minertim] H/s 1m:1882.8 5m:2133.0 10m:2137.5 | Shares: 203/0 (found:203) | Diff: 136799 | 32s elapsed (since last share, avg 1m12s) | best=38 target=31396 (999%)
[2026-10-01T19:16:36Z INFO  minertim] H/s 1m:1990.0 5m:2133.0 10m:2137.5 | Shares: 203/0 (found:203) | Diff: 136799 | 42s elapsed (since last share, avg 1m8s) | best=38 target=31396 (999%)
[2026-10-01T19:16:44Z INFO  minertim::pool_connection] New job: vZZgpw9GAB0WylJq (difficulty: 136799, target: a47a0000)
[2026-10-01T19:16:46Z INFO  minertim] H/s 1m:2073.5 5m:2133.1 10m:2137.5 | Shares: 203/0 (found:203) | Diff: 136799 | 52s elapsed (since last share, avg 1m5s) | best=38 target=31396 (999%)
[2026-10-01T19:16:56Z INFO  minertim] H/s 1m:2181.3 5m:2133.5 10m:2140.5 | Shares: 203/0 (found:203) | Diff: 136799 | 1m2s elapsed (since last share, avg 1m2s) | best=38 target=31396 (999%)
[2026-10-01T19:17:04Z INFO  minertim::pool_connection] New job: yOmU5wklHx1oGtw9 (difficulty: 136799, target: a47a0000)
[2026-10-01T19:17:06Z INFO  minertim] H/s 1m:2212.1 5m:2133.1 10m:2140.3 | Shares: 203/0 (found:203) | Diff: 136799 | 1m12s elapsed (since last share, avg 1m1s) | best=38 target=31396 (999%)
[2026-10-01T19:17:10Z INFO  minertim::pool_connection] New job: TGYE0hMW5npii0Rc (difficulty: 136799, target: a47a0000)
[2026-10-01T19:17:16Z INFO  minertim] H/s 1m:2212.3 5m:2133.2 10m:2140.2 | Shares: 203/0 (found:203) | Diff: 136799 | 1m22s elapsed (since last share, avg 1m1s) | best=38 target=31396 (999%)
[2026-10-01T19:17:26Z INFO  minertim] H/s 1m:2212.3 5m:2133.3 10m:2140.2 | Shares: 203/0 (found:203) | Diff: 136799 | 1m32s elapsed (since last share, avg 1m1s) | best=38 target=31396 (999%)
[2026-10-01T19:17:30Z INFO  minertim::pool_connection] New job: iz2sEIN2V0EH43jY (difficulty: 136799, target: a47a0000)
[2026-10-01T19:17:36Z INFO  minertim] H/s 1m:2211.9 5m:2133.4 10m:2140.2 | Shares: 203/0 (found:203) | Diff: 136799 | 1m42s elapsed (since last share, avg 1m1s) | best=38 target=31396 (999%)
[2026-10-01T19:17:46Z INFO  minertim] H/s 1m:2212.5 5m:2133.4 10m:2140.2 | Shares: 203/0 (found:203) | Diff: 136799 | 1m52s elapsed (since last share, avg 1m1s) | best=38 target=31396 (999%)
[2026-10-01T19:17:49Z INFO  minertim::pool_connection] New job: jUU6HXbW0wYWT5vO (difficulty: 136799, target: a47a0000)
[2026-10-01T19:17:56Z INFO  minertim] H/s 1m:2214.9 5m:2133.9 10m:2140.3 | Shares: 203/0 (found:203) | Diff: 136799 | 2m2s elapsed (since last share, avg 1m1s) | best=38 target=31396 (999%)
[2026-10-01T19:18:04Z INFO  minertim::pool_connection] New job: qsm0IP1ScHADtZd3 (difficulty: 136799, target: a47a0000)
[2026-10-01T19:18:06Z INFO  minertim] H/s 1m:2211.7 5m:2133.3 10m:2140.0 | Shares: 203/0 (found:203) | Diff: 136799 | 2m12s elapsed (since last share, avg 1m1s) | best=38 target=31396 (999%)
[2026-10-01T19:18:06Z INFO  minertim::miner] Worker 1 SHARE FOUND! job_id=qsm0IP1ScHADtZd3, nonce=49be7401, hash_val=9508, difficulty=136799, hash=c9786fb2922c48601b92dcdea239bb56c91bd6eecaec291c9d806be724250000
[2026-10-01T19:18:09Z INFO  minertim::pool_connection] Share submitted: rpc_id=399 job_id=qsm0IP1ScHADtZd3 nonce=49be7401
[2026-10-01T19:18:10Z INFO  minertim::pool_connection] Share accepted: rpc_id=399 job_id=qsm0IP1ScHADtZd3 nonce=49be7401 latency_ms=307
[2026-10-01T19:18:10Z INFO  minertim::miner] Worker 2 SHARE FOUND! job_id=qsm0IP1ScHADtZd3, nonce=a6f57501, hash_val=12400, difficulty=136799, hash=a723153e82def42c007af4fa9a2be1df371dbbdacf577480ad638e8d70300000
[2026-10-01T19:18:16Z INFO  minertim] H/s 1m:2126.1 5m:2118.5 10m:2141.8 | Shares: 204/0 (found:205) | Diff: 136799 | 5s elapsed (since last share, avg 1m4s) | best=38 target=31396 (999%)
[2026-10-01T19:18:21Z INFO  minertim::miner] Worker 3 SHARE FOUND! job_id=qsm0IP1ScHADtZd3, nonce=5fa07301, hash_val=11738, difficulty=136799, hash=cf07fc8a1159fb5050fb4c9e8db4d298aab9217f9551452247dc49a7da2d0000
[2026-10-01T19:18:24Z INFO  minertim::pool_connection] New job: LZ5GE5RuDENlbtxT (difficulty: 136799, target: a47a0000)
[2026-10-01T19:18:24Z INFO  minertim::pool_connection] Share submitted: rpc_id=402 job_id=qsm0IP1ScHADtZd3 nonce=5fa07301
[2026-10-01T19:18:24Z INFO  minertim::pool_connection] Share submitted: rpc_id=401 job_id=qsm0IP1ScHADtZd3 nonce=a6f57501
[2026-10-01T19:18:24Z INFO  minertim::pool_connection] Share accepted: rpc_id=402 job_id=qsm0IP1ScHADtZd3 nonce=5fa07301 latency_ms=304
[2026-10-01T19:18:24Z INFO  minertim::pool_connection] Share accepted: rpc_id=401 job_id=qsm0IP1ScHADtZd3 nonce=a6f57501 latency_ms=613
[2026-10-01T19:18:26Z INFO  minertim] H/s 1m:2022.8 5m:2100.7 10m:2141.0 | Shares: 206/0 (found:206) | Diff: 136799 | 5s elapsed (since last share, avg 1m7s) | best=38 target=31396 (999%)
[2026-10-01T19:18:36Z INFO  minertim] H/s 1m:2023.0 5m:2100.8 10m:2141.0 | Shares: 206/0 (found:206) | Diff: 136799 | 15s elapsed (since last share, avg 1m7s) | best=38 target=31396 (999%)
[2026-10-01T19:18:44Z INFO  minertim::pool_connection] New job: v0AahYiDNwnvIAK8 (difficulty: 136799, target: a47a0000)
[2026-10-01T19:18:46Z INFO  minertim] H/s 1m:2023.9 5m:2101.0 10m:2141.0 | Shares: 206/0 (found:206) | Diff: 136799 | 25s elapsed (since last share, avg 1m7s) | best=38 target=31396 (999%)
[2026-10-01T19:18:49Z INFO  minertim::miner] Worker 1 SHARE FOUND! job_id=v0AahYiDNwnvIAK8, nonce=a11b7601, hash_val=19918, difficulty=136799, hash=ca05018b938b66019427b3da0286649a65afc3895c75000d36ad8864ce4d0000
[2026-10-01T19:18:56Z INFO  minertim] H/s 1m:1974.0 5m:2092.2 10m:2136.7 | Shares: 206/0 (found:207) | Diff: 136799 | 6s elapsed (since last share, avg 1m9s) | best=38 target=31396 (999%)
[2026-10-01T19:19:03Z INFO  minertim::pool_connection] New job: TJhJHoEl0p0L5D01 (difficulty: 136799, target: a47a0000)
[2026-10-01T19:19:03Z INFO  minertim::pool_connection] Share submitted: rpc_id=403 job_id=v0AahYiDNwnvIAK8 nonce=a11b7601
[2026-10-01T19:19:04Z INFO  minertim::pool_connection] Share accepted: rpc_id=403 job_id=v0AahYiDNwnvIAK8 nonce=a11b7601 latency_ms=224
[2026-10-01T19:19:06Z INFO  minertim] H/s 1m:1952.1 5m:2073.6 10m:2127.6 | Shares: 207/0 (found:207) | Diff: 136799 | 16s elapsed (since last share, avg 1m10s) | best=38 target=31396 (999%)
[2026-10-01T19:19:11Z INFO  minertim::miner] Worker 3 SHARE FOUND! job_id=TJhJHoEl0p0L5D01, nonce=533b7501, hash_val=23455, difficulty=136799, hash=52df9f9751c0a77e53f840a1d895f8e00d6a45e744a89b20f42b8b239f5b0000
[2026-10-01T19:19:16Z INFO  minertim] H/s 1m:2001.4 5m:2064.2 10m:2123.0 | Shares: 207/0 (found:208) | Diff: 136799 | 4s elapsed (since last share, avg 1m8s) | best=38 target=31396 (999%)
[2026-10-01T19:19:23Z INFO  minertim::pool_connection] New job: 8UXb7QIBVwNdC2uA (difficulty: 136799, target: a47a0000)
[2026-10-01T19:19:23Z INFO  minertim::pool_connection] Share submitted: rpc_id=405 job_id=TJhJHoEl0p0L5D01 nonce=533b7501
[2026-10-01T19:19:24Z INFO  minertim::pool_connection] Share accepted: rpc_id=405 job_id=TJhJHoEl0p0L5D01 nonce=533b7501 latency_ms=325
[2026-10-01T19:19:26Z INFO  minertim] H/s 1m:1903.9 5m:2047.5 10m:2116.2 | Shares: 208/0 (found:208) | Diff: 136799 | 14s elapsed (since last share, avg 1m11s) | best=38 target=31396 (999%)
[2026-10-01T19:19:36Z INFO  minertim] H/s 1m:1903.3 5m:2057.0 10m:2116.2 | Shares: 208/0 (found:208) | Diff: 136799 | 24s elapsed (since last share, avg 1m11s) | best=38 target=31396 (999%)
[2026-10-01T19:19:43Z INFO  minertim::pool_connection] New job: BKttm19oytUiNfsA (difficulty: 136799, target: a47a0000)
[2026-10-01T19:19:44Z INFO  minertim::pool_connection] New job: 15ZfIClssGvleG0w (difficulty: 136799, target: a47a0000)
[2026-10-01T19:19:46Z INFO  minertim] H/s 1m:1956.6 5m:2070.0 10m:2116.1 | Shares: 208/0 (found:208) | Diff: 136799 | 34s elapsed (since last share, avg 1m9s) | best=38 target=31396 (999%)
[2026-10-01T19:19:56Z INFO  minertim] H/s 1m:2064.1 5m:2070.3 10m:2116.3 | Shares: 208/0 (found:208) | Diff: 136799 | 44s elapsed (since last share, avg 1m6s) | best=38 target=31396 (999%)
[2026-10-01T19:20:04Z INFO  minertim::pool_connection] New job: tQdd0HvTDNHEPLvi (difficulty: 136799, target: a47a0000)
[2026-10-01T19:20:06Z INFO  minertim] H/s 1m:2115.1 5m:2070.0 10m:2116.1 | Shares: 208/0 (found:208) | Diff: 136799 | 54s elapsed (since last share, avg 1m4s) | best=38 target=31396 (999%)
[2026-10-01T19:20:16Z INFO  minertim] H/s 1m:2212.4 5m:2070.1 10m:2116.1 | Shares: 208/0 (found:208) | Diff: 136799 | 1m4s elapsed (since last share, avg 1m1s) | best=38 target=31396 (999%)
[2026-10-01T19:20:23Z INFO  minertim::pool_connection] New job: Q60AxxVw0o3KGj03 (difficulty: 136799, target: a47a0000)
[2026-10-01T19:20:26Z INFO  minertim] H/s 1m:2212.4 5m:2070.1 10m:2116.1 | Shares: 208/0 (found:208) | Diff: 136799 | 1m14s elapsed (since last share, avg 1m1s) | best=38 target=31396 (999%)
[2026-10-01T19:20:34Z INFO  minertim::miner] Worker 0 SHARE FOUND! job_id=Q60AxxVw0o3KGj03, nonce=9c857801, hash_val=25750, difficulty=136799, hash=c3a7709a0295ac69e3fb5350d4e3760bde3f3b6077a509c9b436e92f96640000
[2026-10-01T19:20:36Z INFO  minertim] H/s 1m:2212.5 5m:2088.6 10m:2116.1 | Shares: 208/0 (found:209) | Diff: 136799 | 1s elapsed (since last share, avg 1m1s) | best=38 target=31396 (999%)
[2026-10-01T19:20:43Z INFO  minertim::pool_connection] New job: rAfN0PL0tI0wtVgH (difficulty: 136799, target: a47a0000)
[2026-10-01T19:20:43Z INFO  minertim::pool_connection] Share submitted: rpc_id=407 job_id=Q60AxxVw0o3KGj03 nonce=9c857801
[2026-10-01T19:20:44Z INFO  minertim::pool_connection] Share accepted: rpc_id=407 job_id=Q60AxxVw0o3KGj03 nonce=9c857801 latency_ms=337
[2026-10-01T19:20:46Z INFO  minertim] H/s 1m:2121.4 5m:2087.3 10m:2108.4 | Shares: 209/0 (found:209) | Diff: 136799 | 11s elapsed (since last share, avg 1m4s) | best=38 target=31396 (999%)
[2026-10-01T19:20:56Z INFO  minertim] H/s 1m:2124.6 5m:2105.9 10m:2117.4 | Shares: 209/0 (found:209) | Diff: 136799 | 21s elapsed (since last share, avg 1m4s) | best=38 target=31396 (999%)
[2026-10-01T19:21:03Z INFO  minertim::pool_connection] New job: lKlaPxTQ0aOMnfec (difficulty: 136799, target: a47a0000)
[2026-10-01T19:21:05Z INFO  minertim::pool_connection] Donation: mining to Author (donate-level 5%)
[2026-10-01T19:21:05Z INFO  minertim::pool_connection] Connecting to pool: monerohash.com:2222
[2026-10-01T19:21:06Z INFO  minertim::pool_connection] Connected to pool (plain TCP): monerohash.com:2222
[2026-10-01T19:21:06Z INFO  minertim::pool_connection] Login successful, session id: C5eYgbbLY6fjEyFO
[2026-10-01T19:21:06Z INFO  minertim::pool_connection] Initial job: gMd8NevcCH1FFDWf (difficulty: 50000, target: 8b4f0100)
[2026-10-01T19:21:06Z INFO  minertim] H/s 1m:2121.2 5m:2111.1 10m:2117.1 | Shares: 209/0 (found:209) | Diff: 50000 | 31s elapsed (since last share, avg 23s) | best=38 target=85899 (999%)
[2026-10-01T19:21:16Z INFO  minertim] H/s 1m:2086.9 5m:2105.3 10m:2120.8 | Shares: 209/0 (found:209) | Diff: 50000 | 41s elapsed (since last share, avg 23s) | best=38 target=85899 (999%)
[2026-10-01T19:21:19Z INFO  minertim::pool_connection] New job: 0ViGjJxZvUlQtudK (difficulty: 50000, target: 8b4f0100)
[2026-10-01T19:21:26Z INFO  minertim] H/s 1m:2086.8 5m:2105.3 10m:2120.8 | Shares: 209/0 (found:209) | Diff: 50000 | 51s elapsed (since last share, avg 23s) | best=38 target=85899 (999%)
[2026-10-01T19:21:28Z INFO  minertim::miner] Worker 1 SHARE FOUND! job_id=0ViGjJxZvUlQtudK, nonce=b1f87a01, hash_val=60625, difficulty=50000, hash=79dbd0c20074e1b21c79f1432987b7746ff300ff47cf9c4bb6bd0b96d1ec0000
[2026-10-01T19:21:36Z INFO  minertim] H/s 1m:2069.7 5m:2086.6 10m:2111.6 | Shares: 209/0 (found:210) | Diff: 50000 | 8s elapsed (since last share, avg 24s) | best=38 target=85899 (999%)
[2026-10-01T19:21:39Z INFO  minertim::pool_connection] New job: 4ftNdav5VQYCcR5c (difficulty: 50000, target: 8b4f0100)
[2026-10-01T19:21:39Z INFO  minertim::pool_connection] Share submitted: rpc_id=410 job_id=0ViGjJxZvUlQtudK nonce=b1f87a01
[2026-10-01T19:21:39Z INFO  minertim::pool_connection] Share accepted: rpc_id=410 job_id=0ViGjJxZvUlQtudK nonce=b1f87a01 latency_ms=250
[2026-10-01T19:21:41Z INFO  minertim::miner] Worker 0 SHARE FOUND! job_id=4ftNdav5VQYCcR5c, nonce=98767a01, hash_val=56064, difficulty=50000, hash=ac31e9f62e5f7fad295cdd064673cddf5c2da30bfcd04fb2666476b800db0000
[2026-10-01T19:21:46Z INFO  minertim] H/s 1m:2011.1 5m:2076.6 10m:2106.7 | Shares: 210/0 (found:211) | Diff: 50000 | 4s elapsed (since last share, avg 24s) | best=38 target=85899 (999%)
[2026-10-01T19:21:49Z INFO  minertim::miner] Worker 3 SHARE FOUND! job_id=4ftNdav5VQYCcR5c, nonce=43217a01, hash_val=25766, difficulty=50000, hash=4f0498c2de5a88acf3e5e8afbf4795e6bcb87bdff6ada73aac4203b7a6640000
[2026-10-01T19:21:56Z INFO  minertim] H/s 1m:1858.2 5m:2050.1 10m:2093.7 | Shares: 210/0 (found:212) | Diff: 50000 | 7s elapsed (since last share, avg 26s) | best=38 target=85899 (999%)
[2026-10-01T19:21:59Z INFO  minertim::pool_connection] New job: UYBeq058F7kwNU51 (difficulty: 50000, target: 8b4f0100)
[2026-10-01T19:21:59Z INFO  minertim::pool_connection] Share submitted: rpc_id=412 job_id=4ftNdav5VQYCcR5c nonce=43217a01
[2026-10-01T19:21:59Z INFO  minertim::pool_connection] Share submitted: rpc_id=411 job_id=4ftNdav5VQYCcR5c nonce=98767a01
[2026-10-01T19:21:59Z INFO  minertim::pool_connection] Share accepted: rpc_id=412 job_id=4ftNdav5VQYCcR5c nonce=43217a01 latency_ms=305
[2026-10-01T19:21:59Z INFO  minertim::pool_connection] Share accepted: rpc_id=411 job_id=4ftNdav5VQYCcR5c nonce=98767a01 latency_ms=613
[2026-10-01T19:22:06Z INFO  minertim] H/s 1m:1823.2 5m:2038.2 10m:2087.9 | Shares: 212/0 (found:212) | Diff: 50000 | 17s elapsed (since last share, avg 27s) | best=38 target=85899 (999%)
[2026-10-01T19:22:14Z INFO  minertim::pool_connection] New job: kFourSQuB12uGauW (difficulty: 75000, target: b2df0000)
[2026-10-01T19:22:16Z INFO  minertim] H/s 1m:1823.8 5m:2038.3 10m:2088.0 | Shares: 212/0 (found:212) | Diff: 75000 | 27s elapsed (since last share, avg 41s) | best=38 target=57266 (999%)
[2026-10-01T19:22:19Z INFO  minertim::pool_connection] New job: 9b8pnmvdNQfjGM0j (difficulty: 75000, target: b2df0000)
[2026-10-01T19:22:26Z INFO  minertim::miner] Worker 2 SHARE FOUND! job_id=9b8pnmvdNQfjGM0j, nonce=fa2a7e01, hash_val=14905, difficulty=75000, hash=44d95b94b5df31416dd90868acce43f6e2d854975dc335347510333d393a0000
[2026-10-01T19:22:26Z INFO  minertim] H/s 1m:1932.4 5m:2038.4 10m:2088.0 | Shares: 212/0 (found:213) | Diff: 75000 | 0s elapsed (since last share, avg 38s) | best=38 target=57266 (999%)
[2026-10-01T19:22:36Z INFO  minertim] H/s 1m:1886.0 5m:2020.3 10m:2079.2 | Shares: 212/0 (found:213) | Diff: 75000 | 10s elapsed (since last share, avg 39s) | best=38 target=57266 (999%)
[2026-10-01T19:22:39Z INFO  minertim::pool_connection] New job: ziIVrpXvgWOQCTkL (difficulty: 75000, target: b2df0000)
[2026-10-01T19:22:39Z INFO  minertim::pool_connection] Share submitted: rpc_id=414 job_id=9b8pnmvdNQfjGM0j nonce=fa2a7e01
[2026-10-01T19:22:39Z INFO  minertim::pool_connection] Share accepted: rpc_id=414 job_id=9b8pnmvdNQfjGM0j nonce=fa2a7e01 latency_ms=275
[2026-10-01T19:22:46Z INFO  minertim] H/s 1m:2013.8 5m:2015.5 10m:2076.8 | Shares: 213/0 (found:213) | Diff: 75000 | 20s elapsed (since last share, avg 37s) | best=38 target=57266 (999%)
[2026-10-01T19:22:56Z INFO  minertim] H/s 1m:2082.9 5m:2016.0 10m:2077.1 | Shares: 213/0 (found:213) | Diff: 75000 | 30s elapsed (since last share, avg 36s) | best=38 target=57266 (999%)
[2026-10-01T19:22:59Z INFO  minertim::pool_connection] New job: tr8erK86XxL6qUDi (difficulty: 75000, target: b2df0000)
[2026-10-01T19:23:06Z INFO  minertim] H/s 1m:2080.7 5m:2030.5 10m:2076.9 | Shares: 213/0 (found:213) | Diff: 75000 | 40s elapsed (since last share, avg 36s) | best=38 target=57266 (999%)
[2026-10-01T19:23:16Z INFO  minertim] H/s 1m:2080.6 5m:2048.4 10m:2076.9 | Shares: 213/0 (found:213) | Diff: 75000 | 50s elapsed (since last share, avg 36s) | best=38 target=57266 (999%)
[2026-10-01T19:23:19Z INFO  minertim::pool_connection] New job: U3U4WvygeiCYC0dB (difficulty: 75000, target: b2df0000)
[2026-10-01T19:23:26Z INFO  minertim] H/s 1m:2185.5 5m:2048.3 10m:2076.9 | Shares: 213/0 (found:213) | Diff: 75000 | 1m0s elapsed (since last share, avg 34s) | best=38 target=57266 (999%)
[2026-10-01T19:23:35Z INFO  minertim::pool_connection] Donation: mining to Xmrig (donate-level 5%)
[2026-10-01T19:23:35Z INFO  minertim::pool_connection] Connecting to pool: monerohash.com:2222
[2026-10-01T19:23:35Z INFO  minertim::pool_connection] Connected to pool (plain TCP): monerohash.com:2222
[2026-10-01T19:23:36Z INFO  minertim::pool_connection] Login successful, session id: FuVqbHHKy7JpojhK
[2026-10-01T19:23:36Z INFO  minertim::pool_connection] Initial job: 9oP6aV0aUqm1gyoU (difficulty: 50000, target: 8b4f0100)
[2026-10-01T19:23:36Z INFO  minertim] H/s 1m:2214.4 5m:2048.3 10m:2077.0 | Shares: 213/0 (found:213) | Diff: 50000 | 1m10s elapsed (since last share, avg 22s) | best=38 target=85899 (999%)
[2026-10-01T19:23:39Z INFO  minertim::pool_connection] New job: 2yEXD0JwkZSiLyoi (difficulty: 50000, target: 8b4f0100)
[2026-10-01T19:23:46Z INFO  minertim] H/s 1m:2185.8 5m:2052.5 10m:2074.6 | Shares: 213/0 (found:213) | Diff: 50000 | 1m20s elapsed (since last share, avg 22s) | best=38 target=85899 (999%)
[2026-10-01T19:23:56Z INFO  minertim] H/s 1m:2187.7 5m:2071.1 10m:2074.8 | Shares: 213/0 (found:213) | Diff: 50000 | 1m30s elapsed (since last share, avg 22s) | best=38 target=85899 (999%)
[2026-10-01T19:23:59Z INFO  minertim::pool_connection] New job: dgQ0wjP11dFp0CBv (difficulty: 50000, target: 8b4f0100)
[2026-10-01T19:24:06Z INFO  minertim] H/s 1m:2185.4 5m:2080.1 10m:2074.6 | Shares: 213/0 (found:213) | Diff: 50000 | 1m40s elapsed (since last share, avg 22s) | best=38 target=85899 (999%)
[2026-10-01T19:24:16Z INFO  minertim] H/s 1m:2185.6 5m:2096.9 10m:2074.6 | Shares: 213/0 (found:213) | Diff: 50000 | 1m50s elapsed (since last share, avg 22s) | best=38 target=85899 (999%)
[2026-10-01T19:24:18Z INFO  minertim::miner] Worker 1 SHARE FOUND! job_id=dgQ0wjP11dFp0CBv, nonce=1d598001, hash_val=64068, difficulty=50000, hash=1aa68cc4902d825b1f5fc6a9ee1f2a9492e6ffd33f05492f78df6c2444fa0000
[2026-10-01T19:24:19Z INFO  minertim::pool_connection] New job: U8hBQw6FWsqE6wdE (difficulty: 50000, target: 8b4f0100)
[2026-10-01T19:24:19Z INFO  minertim::pool_connection] Share submitted: rpc_id=418 job_id=dgQ0wjP11dFp0CBv nonce=1d598001
[2026-10-01T19:24:19Z INFO  minertim::pool_connection] Share accepted: rpc_id=418 job_id=dgQ0wjP11dFp0CBv nonce=1d598001 latency_ms=296
[2026-10-01T19:24:20Z INFO  minertim::miner] Worker 0 SHARE FOUND! job_id=U8hBQw6FWsqE6wdE, nonce=9c387f01, hash_val=62203, difficulty=50000, hash=41b2939386efb5e5c61a2079f0a5dd229b2515d05dd8d960eaa22fbcfbf20000
[2026-10-01T19:24:26Z INFO  minertim] H/s 1m:2118.4 5m:2085.4 10m:2069.0 | Shares: 214/0 (found:215) | Diff: 50000 | 6s elapsed (since last share, avg 23s) | best=38 target=85899 (999%)
[2026-10-01T19:24:31Z INFO  minertim::miner] Worker 2 SHARE FOUND! job_id=U8hBQw6FWsqE6wdE, nonce=aaf68101, hash_val=84649, difficulty=50000, hash=bbbf71a27f87ea69b6ec5bc11c2de1a0c4c40c37c8a59dab2d7c667aa94a0100
[2026-10-01T19:24:32Z INFO  minertim::pool_connection] New job: jyuFrbhzAxLTh8Bd (difficulty: 50000, target: 8b4f0100)
[2026-10-01T19:24:32Z INFO  minertim::pool_connection] Share submitted: rpc_id=420 job_id=U8hBQw6FWsqE6wdE nonce=aaf68101
[2026-10-01T19:24:32Z INFO  minertim::pool_connection] Share submitted: rpc_id=419 job_id=U8hBQw6FWsqE6wdE nonce=9c387f01
[2026-10-01T19:24:32Z INFO  minertim::pool_connection] Share accepted: rpc_id=420 job_id=U8hBQw6FWsqE6wdE nonce=aaf68101 latency_ms=297
[2026-10-01T19:24:32Z INFO  minertim::pool_connection] Share accepted: rpc_id=419 job_id=U8hBQw6FWsqE6wdE nonce=9c387f01 latency_ms=613
[2026-10-01T19:24:32Z INFO  minertim::pool_connection] New job: 0tFklcqqzHxk0toD (difficulty: 75000, target: b2df0000)
[2026-10-01T19:24:36Z INFO  minertim] H/s 1m:2050.2 5m:2068.7 10m:2065.4 | Shares: 216/0 (found:216) | Diff: 75000 | 4s elapsed (since last share, avg 36s) | best=38 target=57266 (999%)
[2026-10-01T19:24:46Z INFO  minertim] H/s 1m:2050.2 5m:2068.7 10m:2071.8 | Shares: 216/0 (found:216) | Diff: 75000 | 14s elapsed (since last share, avg 36s) | best=38 target=57266 (999%)
[2026-10-01T19:24:52Z INFO  minertim::pool_connection] New job: Eofz0A9uulwcdVz8 (difficulty: 75000, target: b2df0000)
[2026-10-01T19:24:56Z INFO  minertim] H/s 1m:2052.5 5m:2069.3 10m:2072.0 | Shares: 216/0 (found:216) | Diff: 75000 | 24s elapsed (since last share, avg 36s) | best=38 target=57266 (999%)
[2026-10-01T19:25:06Z INFO  minertim] H/s 1m:2050.2 5m:2068.9 10m:2071.9 | Shares: 216/0 (found:216) | Diff: 75000 | 34s elapsed (since last share, avg 36s) | best=38 target=57266 (999%)
[2026-10-01T19:25:09Z INFO  minertim::pool_connection] New job: YYQ3NOsIaSZjALUF (difficulty: 75000, target: b2df0000)
[2026-10-01T19:25:16Z INFO  minertim] H/s 1m:2116.5 5m:2068.8 10m:2071.9 | Shares: 216/0 (found:216) | Diff: 75000 | 44s elapsed (since last share, avg 35s) | best=38 target=57266 (999%)
[2026-10-01T19:25:21Z INFO  minertim::pool_connection] New job: ZaznoYeYet26eCM1 (difficulty: 75000, target: b2df0000)
[2026-10-01T19:25:26Z INFO  minertim] H/s 1m:2213.9 5m:2068.9 10m:2072.0 | Shares: 216/0 (found:216) | Diff: 75000 | 54s elapsed (since last share, avg 33s) | best=38 target=57266 (999%)
[2026-10-01T19:25:27Z INFO  minertim::miner] Worker 1 SHARE FOUND! job_id=ZaznoYeYet26eCM1, nonce=6da78201, hash_val=55330, difficulty=75000, hash=c5dee9a79d3449975cf8a6b3547ef850590c53815b55edc6bda39a1422d80000
[2026-10-01T19:25:32Z INFO  minertim::pool_connection] New job: r5SdGS0BMyohyBwh (difficulty: 56250, target: 422a0100)
[2026-10-01T19:25:32Z INFO  minertim::pool_connection] Share submitted: rpc_id=422 job_id=ZaznoYeYet26eCM1 nonce=6da78201
[2026-10-01T19:25:32Z INFO  minertim::pool_connection] Share accepted: rpc_id=422 job_id=ZaznoYeYet26eCM1 nonce=6da78201 latency_ms=245
[2026-10-01T19:25:36Z INFO  minertim] H/s 1m:2140.1 5m:2072.0 10m:2074.9 | Shares: 217/0 (found:217) | Diff: 56250 | 9s elapsed (since last share, avg 26s) | best=38 target=76354 (999%)
[2026-10-01T19:25:42Z INFO  minertim::pool_connection] New job: 0C07oSWcsIpBZha6 (difficulty: 56250, target: 422a0100)
[2026-10-01T19:25:46Z INFO  minertim] H/s 1m:2140.3 5m:2072.0 10m:2081.9 | Shares: 217/0 (found:217) | Diff: 56250 | 19s elapsed (since last share, avg 26s) | best=38 target=76354 (999%)
[2026-10-01T19:25:48Z INFO  minertim::miner] Worker 2 SHARE FOUND! job_id=0C07oSWcsIpBZha6, nonce=8a908401, hash_val=68876, difficulty=56250, hash=fda3f6fc8356bb1010b78d47f9422eb36aa0e23a0ce6b537569194260c0d0100
[2026-10-01T19:25:56Z INFO  minertim] H/s 1m:2034.2 5m:2053.9 10m:2082.0 | Shares: 217/0 (found:218) | Diff: 56250 | 7s elapsed (since last share, avg 27s) | best=38 target=76354 (999%)
[2026-10-01T19:26:00Z INFO  minertim::pool_connection] New job: DRE8VaKb0tj5OkT5 (difficulty: 56250, target: 422a0100)
[2026-10-01T19:26:00Z INFO  minertim::pool_connection] Share submitted: rpc_id=423 job_id=0C07oSWcsIpBZha6 nonce=8a908401
[2026-10-01T19:26:00Z INFO  minertim::pool_connection] Share accepted: rpc_id=423 job_id=0C07oSWcsIpBZha6 nonce=8a908401 latency_ms=306
[2026-10-01T19:26:02Z INFO  minertim::pool_connection] New job: P7KpWz22PfJvvs0E (difficulty: 84375, target: d7c60000)
[2026-10-01T19:26:05Z INFO  minertim::pool_connection] Donation: mining to User (donate-level 5%)
[2026-10-01T19:26:05Z INFO  minertim::pool_connection] Connecting to pool: monerohash.com:2222
[2026-10-01T19:26:05Z INFO  minertim::pool_connection] Connected to pool (plain TCP): monerohash.com:2222
[2026-10-01T19:26:06Z INFO  minertim::pool_connection] Login successful, session id: oJTeQ0VU4ab9S4JI
[2026-10-01T19:26:06Z INFO  minertim::pool_connection] Initial job: W0MBhaxgisjkGMu9 (difficulty: 50000, target: 8b4f0100)
[2026-10-01T19:26:06Z INFO  minertim] H/s 1m:2034.2 5m:2059.8 10m:2084.8 | Shares: 218/0 (found:218) | Diff: 50000 | 17s elapsed (since last share, avg 24s) | best=38 target=85899 (999%)
[2026-10-01T19:26:10Z INFO  minertim::pool_connection] New job: gnjW1sWLAxPKz3qL (difficulty: 50000, target: 8b4f0100)
[2026-10-01T19:26:16Z INFO  minertim] H/s 1m:2004.1 5m:2054.7 10m:2082.3 | Shares: 218/0 (found:218) | Diff: 50000 | 27s elapsed (since last share, avg 24s) | best=38 target=85899 (999%)
[2026-10-01T19:26:23Z INFO  minertim::miner] Worker 3 SHARE FOUND! job_id=gnjW1sWLAxPKz3qL, nonce=af0e8301, hash_val=63283, difficulty=50000, hash=930b5cf96865f8623052a7597ea61d703ca27b6b51c540d6c9b1ab1933f70000
[2026-10-01T19:26:26Z INFO  minertim] H/s 1m:2023.0 5m:2063.9 10m:2077.7 | Shares: 218/0 (found:219) | Diff: 50000 | 3s elapsed (since last share, avg 24s) | best=38 target=85899 (999%)
[2026-10-01T19:26:30Z INFO  minertim::pool_connection] New job: s7O84EhHpioQufdj (difficulty: 50000, target: 8b4f0100)
[2026-10-01T19:26:30Z INFO  minertim::pool_connection] Share submitted: rpc_id=426 job_id=gnjW1sWLAxPKz3qL nonce=af0e8301
[2026-10-01T19:26:30Z INFO  minertim::pool_connection] Share accepted: rpc_id=426 job_id=gnjW1sWLAxPKz3qL nonce=af0e8301 latency_ms=328
[2026-10-01T19:26:36Z INFO  minertim] H/s 1m:2020.4 5m:2073.6 10m:2077.4 | Shares: 219/0 (found:219) | Diff: 50000 | 13s elapsed (since last share, avg 24s) | best=38 target=85899 (999%)
[2026-10-01T19:26:46Z INFO  minertim] H/s 1m:2129.1 5m:2100.6 10m:2077.5 | Shares: 219/0 (found:219) | Diff: 50000 | 23s elapsed (since last share, avg 23s) | best=38 target=85899 (999%)
[2026-10-01T19:26:49Z INFO  minertim::pool_connection] New job: E2JnF0Op0y14jMJ5 (difficulty: 75000, target: b2df0000)
[2026-10-01T19:26:50Z INFO  minertim::pool_connection] New job: CaZMQoD1UdC14ahu (difficulty: 75000, target: b2df0000)
[2026-10-01T19:26:53Z INFO  minertim::miner] Worker 1 SHARE FOUND! job_id=CaZMQoD1UdC14ahu, nonce=3d618501, hash_val=37898, difficulty=75000, hash=7cc8607fd24803ff98fe0e42b0ddf0fa2cefd3ab483e9cc15b43dc120a940000
[2026-10-01T19:26:56Z INFO  minertim] H/s 1m:2130.7 5m:2112.8 10m:2077.9 | Shares: 219/0 (found:220) | Diff: 75000 | 3s elapsed (since last share, avg 35s) | best=38 target=57266 (999%)
[2026-10-01T19:27:06Z INFO  minertim] H/s 1m:2054.6 5m:2094.5 10m:2068.9 | Shares: 219/0 (found:220) | Diff: 75000 | 13s elapsed (since last share, avg 36s) | best=38 target=57266 (999%)
[2026-10-01T19:27:10Z INFO  minertim::pool_connection] Share submitted: rpc_id=427 job_id=CaZMQoD1UdC14ahu nonce=3d618501
[2026-10-01T19:27:10Z INFO  minertim::pool_connection] New job: OiexQqfImrGtRK40 (difficulty: 75000, target: b2df0000)
[2026-10-01T19:27:10Z INFO  minertim::pool_connection] Share accepted: rpc_id=427 job_id=CaZMQoD1UdC14ahu nonce=3d618501 latency_ms=614
[2026-10-01T19:27:16Z INFO  minertim] H/s 1m:2067.9 5m:2087.3 10m:2065.4 | Shares: 220/0 (found:220) | Diff: 75000 | 23s elapsed (since last share, avg 36s) | best=38 target=57266 (999%)
[2026-10-01T19:27:26Z INFO  minertim] H/s 1m:2070.5 5m:2105.4 10m:2065.5 | Shares: 220/0 (found:220) | Diff: 75000 | 33s elapsed (since last share, avg 36s) | best=38 target=57266 (999%)
[2026-10-01T19:27:30Z INFO  minertim::pool_connection] New job: 4iJqfWjU09rY83hF (difficulty: 75000, target: b2df0000)
[2026-10-01T19:27:36Z INFO  minertim] H/s 1m:2070.0 5m:2110.3 10m:2065.4 | Shares: 220/0 (found:220) | Diff: 75000 | 43s elapsed (since last share, avg 36s) | best=38 target=57266 (999%)
[2026-10-01T19:27:46Z INFO  minertim] H/s 1m:2068.9 5m:2110.3 10m:2065.5 | Shares: 220/0 (found:220) | Diff: 75000 | 53s elapsed (since last share, avg 36s) | best=38 target=57266 (999%)
[2026-10-01T19:27:50Z INFO  minertim::pool_connection] New job: G7W23hTXhwOeOH4X (difficulty: 75000, target: b2df0000)
[2026-10-01T19:27:56Z INFO  minertim] H/s 1m:2174.6 5m:2110.7 10m:2065.8 | Shares: 220/0 (found:220) | Diff: 75000 | 1m3s elapsed (since last share, avg 34s) | best=38 target=57266 (999%)
[2026-10-01T19:28:06Z INFO  minertim] H/s 1m:2214.1 5m:2110.3 10m:2072.9 | Shares: 220/0 (found:220) | Diff: 75000 | 1m13s elapsed (since last share, avg 33s) | best=38 target=57266 (999%)
[2026-10-01T19:28:09Z INFO  minertim::pool_connection] New job: wck92Rcq3c01KwUG (difficulty: 75000, target: b2df0000)
[2026-10-01T19:28:16Z INFO  minertim] H/s 1m:2213.4 5m:2110.2 10m:2081.6 | Shares: 220/0 (found:220) | Diff: 75000 | 1m23s elapsed (since last share, avg 33s) | best=38 target=57266 (999%)
[2026-10-01T19:28:21Z INFO  minertim::pool_connection] New job: R901tT8jJq5zMTlB (difficulty: 75000, target: b2df0000)
[2026-10-01T19:28:26Z INFO  minertim] H/s 1m:2213.6 5m:2110.2 10m:2081.6 | Shares: 220/0 (found:220) | Diff: 75000 | 1m33s elapsed (since last share, avg 33s) | best=38 target=57266 (999%)
[2026-10-01T19:28:33Z INFO  minertim::pool_connection] New job: 90aDa65pC820VA5E (difficulty: 75000, target: b2df0000)
[2026-10-01T19:28:36Z INFO  minertim] H/s 1m:2213.5 5m:2115.1 10m:2081.5 | Shares: 220/0 (found:220) | Diff: 75000 | 1m43s elapsed (since last share, avg 33s) | best=38 target=57266 (999%)
[2026-10-01T19:28:46Z INFO  minertim] H/s 1m:2213.7 5m:2115.2 10m:2086.1 | Shares: 220/0 (found:220) | Diff: 75000 | 1m53s elapsed (since last share, avg 33s) | best=38 target=57266 (999%)
[2026-10-01T19:28:50Z INFO  minertim::pool_connection] New job: kVylK0EJM202wVCw (difficulty: 50000, target: 8b4f0100)
[2026-10-01T19:28:53Z INFO  minertim::pool_connection] New job: Kmff1yUjxoQHOLzN (difficulty: 50000, target: 8b4f0100)
[2026-10-01T19:28:56Z INFO  minertim] H/s 1m:2216.0 5m:2115.6 10m:2095.2 | Shares: 220/0 (found:220) | Diff: 50000 | 2m3s elapsed (since last share, avg 22s) | best=38 target=85899 (999%)
[2026-10-01T19:29:00Z INFO  minertim::miner] Worker 0 SHARE FOUND! job_id=Kmff1yUjxoQHOLzN, nonce=544b8801, hash_val=46073, difficulty=50000, hash=97879ae96c30fef92fcd5c6566d8f2e2a047144817e82975e433b460f9b30000
[2026-10-01T19:29:06Z INFO  minertim] H/s 1m:2162.1 5m:2106.2 10m:2095.2 | Shares: 220/0 (found:221) | Diff: 50000 | 6s elapsed (since last share, avg 23s) | best=38 target=85899 (999%)
[2026-10-01T19:29:13Z INFO  minertim::pool_connection] New job: Hcv3nKQxJ0vO03tg (difficulty: 50000, target: 8b4f0100)
[2026-10-01T19:29:13Z INFO  minertim::pool_connection] Share submitted: rpc_id=430 job_id=Kmff1yUjxoQHOLzN nonce=544b8801
[2026-10-01T19:29:13Z INFO  minertim::pool_connection] Share accepted: rpc_id=430 job_id=Kmff1yUjxoQHOLzN nonce=544b8801 latency_ms=253
[2026-10-01T19:29:14Z INFO  minertim::miner] Worker 3 SHARE FOUND! job_id=Hcv3nKQxJ0vO03tg, nonce=d3a38801, hash_val=51474, difficulty=50000, hash=fbf3a5303d15185e9666b75cea7b09edd72dd268a9f5918732cd95ef12c90000
[2026-10-01T19:29:15Z INFO  minertim::miner] Worker 1 SHARE FOUND! job_id=Hcv3nKQxJ0vO03tg, nonce=cda28901, hash_val=73310, difficulty=50000, hash=7bb7b7f49655d5773fd3d49f48e22bd018af3358c8cb600164bee84b5e1e0100
[2026-10-01T19:29:16Z INFO  minertim] H/s 1m:2034.5 5m:2095.7 10m:2092.7 | Shares: 221/0 (found:223) | Diff: 50000 | 1s elapsed (since last share, avg 24s) | best=38 target=85899 (999%)
[2026-10-01T19:29:20Z INFO  minertim::pool_connection] New job: 0q005a0LmZdcl4Sm (difficulty: 75000, target: b2df0000)
[2026-10-01T19:29:20Z INFO  minertim::pool_connection] Share submitted: rpc_id=432 job_id=Hcv3nKQxJ0vO03tg nonce=d3a38801
[2026-10-01T19:29:20Z INFO  minertim::pool_connection] Share submitted: rpc_id=433 job_id=Hcv3nKQxJ0vO03tg nonce=cda28901
[2026-10-01T19:29:20Z INFO  minertim::pool_connection] Share accepted: rpc_id=432 job_id=Hcv3nKQxJ0vO03tg nonce=d3a38801 latency_ms=251
[2026-10-01T19:29:20Z INFO  minertim::pool_connection] Share accepted: rpc_id=433 job_id=Hcv3nKQxJ0vO03tg nonce=cda28901 latency_ms=474
[2026-10-01T19:29:26Z INFO  minertim] H/s 1m:1988.6 5m:2104.5 10m:2088.8 | Shares: 223/0 (found:223) | Diff: 75000 | 11s elapsed (since last share, avg 37s) | best=38 target=57266 (999%)
[2026-10-01T19:29:33Z INFO  minertim::pool_connection] New job: qxIRT4kYqJxPpXpH (difficulty: 75000, target: b2df0000)
[2026-10-01T19:29:36Z INFO  minertim] H/s 1m:1988.4 5m:2104.5 10m:2088.8 | Shares: 223/0 (found:223) | Diff: 75000 | 21s elapsed (since last share, avg 37s) | best=38 target=57266 (999%)
[2026-10-01T19:29:39Z INFO  minertim::miner] Worker 0 SHARE FOUND! job_id=qxIRT4kYqJxPpXpH, nonce=542f8901, hash_val=419, difficulty=75000, hash=5d767334513f43abd35ee261804c4a51444e99f4b38c6f467e9184e8a3010000
[2026-10-01T19:29:46Z INFO  minertim] H/s 1m:1936.3 5m:2095.6 10m:2084.4 | Shares: 223/0 (found:224) | Diff: 75000 | 7s elapsed (since last share, avg 38s) | best=38 target=57266 (999%)
[2026-10-01T19:29:50Z INFO  minertim::pool_connection] New job: CiZl0qXAhx2pxs55 (difficulty: 112501, target: 21950000)
[2026-10-01T19:29:50Z INFO  minertim::pool_connection] Share submitted: rpc_id=434 job_id=qxIRT4kYqJxPpXpH nonce=542f8901
[2026-10-01T19:29:50Z INFO  minertim::pool_connection] Share accepted: rpc_id=434 job_id=qxIRT4kYqJxPpXpH nonce=542f8901 latency_ms=306
[2026-10-01T19:29:53Z INFO  minertim::pool_connection] New job: lZ4YOSbb5f2fnTGI (difficulty: 112501, target: 21950000)
[2026-10-01T19:29:56Z INFO  minertim] H/s 1m:1949.0 5m:2088.7 10m:2081.2 | Shares: 224/0 (found:224) | Diff: 112501 | 17s elapsed (since last share, avg 57s) | best=38 target=38177 (999%)
[2026-10-01T19:30:06Z INFO  minertim] H/s 1m:2073.0 5m:2088.2 10m:2080.9 | Shares: 224/0 (found:224) | Diff: 112501 | 27s elapsed (since last share, avg 54s) | best=38 target=38177 (999%)
[2026-10-01T19:30:13Z INFO  minertim::pool_connection] New job: Y8UeO17PuQm4Tt1a (difficulty: 112501, target: 21950000)
[2026-10-01T19:30:16Z INFO  minertim] H/s 1m:2119.4 5m:2088.2 10m:2080.9 | Shares: 224/0 (found:224) | Diff: 112501 | 37s elapsed (since last share, avg 53s) | best=38 target=38177 (999%)
[2026-10-01T19:30:20Z INFO  minertim::pool_connection] New job: lHCVRmsuAmWisRVx (difficulty: 168754, target: 6b630000)
[2026-10-01T19:30:26Z INFO  minertim] H/s 1m:2118.9 5m:2100.9 10m:2080.9 | Shares: 224/0 (found:224) | Diff: 168754 | 47s elapsed (since last share, avg 1m19s) | best=38 target=25451 (999%)
[2026-10-01T19:30:33Z INFO  minertim::pool_connection] New job: pemd2EwfIiEvxxK3 (difficulty: 168754, target: 6b630000)
[2026-10-01T19:30:36Z INFO  minertim] H/s 1m:2170.8 5m:2100.8 10m:2088.6 | Shares: 224/0 (found:224) | Diff: 168754 | 57s elapsed (since last share, avg 1m17s) | best=38 target=25451 (999%)
[2026-10-01T19:30:46Z INFO  minertim] H/s 1m:2212.6 5m:2119.5 10m:2088.6 | Shares: 224/0 (found:224) | Diff: 168754 | 1m7s elapsed (since last share, avg 1m16s) | best=38 target=25451 (999%)
[2026-10-01T19:30:50Z INFO  minertim::pool_connection] New job: OKayyBcEW9593Gir (difficulty: 126564, target: 8f840000)
[2026-10-01T19:30:52Z INFO  minertim::pool_connection] New job: MEnQiBxy2nfDJKvo (difficulty: 126564, target: 8f840000)
[2026-10-01T19:30:56Z INFO  minertim] H/s 1m:2216.4 5m:2119.6 10m:2088.9 | Shares: 224/0 (found:224) | Diff: 126564 | 1m17s elapsed (since last share, avg 57s) | best=38 target=33935 (999%)
[2026-10-01T19:31:06Z INFO  minertim] H/s 1m:2212.6 5m:2124.1 10m:2091.5 | Shares: 224/0 (found:224) | Diff: 126564 | 1m27s elapsed (since last share, avg 57s) | best=38 target=33935 (999%)
[2026-10-01T19:31:12Z INFO  minertim::miner] Worker 1 SHARE FOUND! job_id=MEnQiBxy2nfDJKvo, nonce=256f8d01, hash_val=6206, difficulty=126564, hash=91bba9b3375c7031707c2c658055c89359dcf77859f68904a6bff66b3e180000
[2026-10-01T19:31:12Z INFO  minertim::pool_connection] New job: TwW0LLHh01h0MimR (difficulty: 126564, target: 8f840000)
[2026-10-01T19:31:12Z INFO  minertim::pool_connection] Share submitted: rpc_id=437 job_id=MEnQiBxy2nfDJKvo nonce=256f8d01
[2026-10-01T19:31:13Z INFO  minertim::pool_connection] Share accepted: rpc_id=437 job_id=MEnQiBxy2nfDJKvo nonce=256f8d01 latency_ms=308
[2026-10-01T19:31:17Z INFO  minertim] H/s 1m:2206.1 5m:2132.4 10m:2091.0 | Shares: 225/0 (found:225) | Diff: 126564 | 4s elapsed (since last share, avg 57s) | best=38 target=33935 (999%)
[2026-10-01T19:31:20Z INFO  minertim::pool_connection] New job: ynFjMfHOXG0CXNGE (difficulty: 189849, target: 5f580000)
[2026-10-01T19:31:27Z INFO  minertim] H/s 1m:2205.7 5m:2132.7 10m:2100.1 | Shares: 225/0 (found:225) | Diff: 189849 | 14s elapsed (since last share, avg 1m26s) | best=38 target=22623 (999%)
[2026-10-01T19:31:32Z INFO  minertim::pool_connection] New job: bPQwhqzdT69LAiY0 (difficulty: 189849, target: 5f580000)
[2026-10-01T19:31:37Z INFO  minertim] H/s 1m:2205.1 5m:2132.6 10m:2105.1 | Shares: 225/0 (found:225) | Diff: 189849 | 24s elapsed (since last share, avg 1m26s) | best=38 target=22623 (999%)
[2026-10-01T19:31:47Z INFO  minertim] H/s 1m:2204.2 5m:2132.3 10m:2118.2 | Shares: 225/0 (found:225) | Diff: 189849 | 34s elapsed (since last share, avg 1m26s) | best=38 target=22623 (999%)
[2026-10-01T19:31:52Z INFO  minertim::pool_connection] New job: a0Vn0FCSxbU1GI05 (difficulty: 189849, target: 5f580000)
[2026-10-01T19:31:57Z INFO  minertim] H/s 1m:2207.5 5m:2150.5 10m:2124.1 | Shares: 225/0 (found:225) | Diff: 189849 | 44s elapsed (since last share, avg 1m26s) | best=38 target=22623 (999%)
[2026-10-01T19:32:07Z INFO  minertim] H/s 1m:2211.9 5m:2157.3 10m:2123.9 | Shares: 225/0 (found:225) | Diff: 189849 | 54s elapsed (since last share, avg 1m25s) | best=38 target=22623 (999%)
[2026-10-01T19:32:12Z INFO  minertim::pool_connection] New job: dHV0uvxtaz3DRIZl (difficulty: 189849, target: 5f580000)
[2026-10-01T19:32:17Z INFO  minertim] H/s 1m:2212.5 5m:2157.2 10m:2123.9 | Shares: 225/0 (found:225) | Diff: 189849 | 1m4s elapsed (since last share, avg 1m25s) | best=38 target=22623 (999%)
[2026-10-01T19:32:20Z INFO  minertim::pool_connection] New job: 4DCEeNImE50XCcTq (difficulty: 127511, target: 93830000)
[2026-10-01T19:32:27Z INFO  minertim] H/s 1m:2213.2 5m:2157.3 10m:2132.8 | Shares: 225/0 (found:225) | Diff: 127511 | 1m14s elapsed (since last share, avg 57s) | best=38 target=33683 (999%)
[2026-10-01T19:32:32Z INFO  minertim::pool_connection] New job: 65ZudN2BPcBnFank (difficulty: 127511, target: 93830000)
[2026-10-01T19:32:32Z INFO  minertim::miner] Worker 2 SHARE FOUND! job_id=65ZudN2BPcBnFank, nonce=cad89101, hash_val=1454, difficulty=127511, hash=482f0b4fb91994ecfe0ea6584cdcbfee4833e5e88f85c95c3071270bae050000
[2026-10-01T19:32:37Z INFO  minertim] H/s 1m:2159.4 5m:2147.9 10m:2130.6 | Shares: 225/0 (found:226) | Diff: 127511 | 4s elapsed (since last share, avg 59s) | best=38 target=33683 (999%)
[2026-10-01T19:32:47Z INFO  minertim] H/s 1m:2054.6 5m:2129.8 10m:2121.7 | Shares: 225/0 (found:226) | Diff: 127511 | 14s elapsed (since last share, avg 1m2s) | best=38 target=33683 (999%)
[2026-10-01T19:32:52Z INFO  minertim::pool_connection] New job: uHHnVAP9GaZ2ILok (difficulty: 127511, target: 93830000)
[2026-10-01T19:32:52Z INFO  minertim::pool_connection] Share submitted: rpc_id=439 job_id=65ZudN2BPcBnFank nonce=cad89101
[2026-10-01T19:32:52Z INFO  minertim::pool_connection] Share accepted: rpc_id=439 job_id=65ZudN2BPcBnFank nonce=cad89101 latency_ms=308
[2026-10-01T19:32:57Z INFO  minertim] H/s 1m:1973.7 5m:2115.8 10m:2114.8 | Shares: 226/0 (found:226) | Diff: 127511 | 24s elapsed (since last share, avg 1m4s) | best=38 target=33683 (999%)
[2026-10-01T19:33:07Z INFO  minertim] H/s 1m:1972.5 5m:2115.7 10m:2114.7 | Shares: 226/0 (found:226) | Diff: 127511 | 34s elapsed (since last share, avg 1m4s) | best=38 target=33683 (999%)
[2026-10-01T19:33:12Z INFO  minertim::pool_connection] New job: gwPqMhIeUPjGvOqB (difficulty: 127511, target: 93830000)
[2026-10-01T19:33:17Z INFO  minertim] H/s 1m:1972.4 5m:2115.7 10m:2114.7 | Shares: 226/0 (found:226) | Diff: 127511 | 44s elapsed (since last share, avg 1m4s) | best=38 target=33683 (999%)
[2026-10-01T19:33:25Z INFO  minertim::pool_connection] New job: EWyxEm7Xdl5Muz8h (difficulty: 127511, target: 93830000)
[2026-10-01T19:33:27Z INFO  minertim] H/s 1m:2026.4 5m:2115.7 10m:2114.7 | Shares: 226/0 (found:226) | Diff: 127511 | 54s elapsed (since last share, avg 1m2s) | best=38 target=33683 (999%)
[2026-10-01T19:33:36Z INFO  minertim::miner] Worker 3 SHARE FOUND! job_id=EWyxEm7Xdl5Muz8h, nonce=bf539101, hash_val=20480, difficulty=127511, hash=03f5c70ba467c85c91af1b8af41e15be2d023c298eb7c6bdd4a3989500500000
[2026-10-01T19:33:37Z INFO  minertim] H/s 1m:2131.8 5m:2115.7 10m:2117.1 | Shares: 226/0 (found:227) | Diff: 127511 | 0s elapsed (since last share, avg 59s) | best=38 target=33683 (999%)
[2026-10-01T19:33:44Z INFO  minertim::pool_connection] New job: G3CINNhLfxr1SnWw (difficulty: 127511, target: 93830000)
[2026-10-01T19:33:44Z INFO  minertim::pool_connection] Share submitted: rpc_id=441 job_id=EWyxEm7Xdl5Muz8h nonce=bf539101
[2026-10-01T19:33:45Z INFO  minertim::pool_connection] Share accepted: rpc_id=441 job_id=EWyxEm7Xdl5Muz8h nonce=bf539101 latency_ms=307
[2026-10-01T19:33:47Z INFO  minertim] H/s 1m:2125.4 5m:2100.2 10m:2109.5 | Shares: 227/0 (found:227) | Diff: 127511 | 10s elapsed (since last share, avg 59s) | best=38 target=33683 (999%)
[2026-10-01T19:33:50Z INFO  minertim::pool_connection] New job: ZKi4eaXvYQpCzssD (difficulty: 127511, target: 93830000)
[2026-10-01T19:33:57Z INFO  minertim] H/s 1m:2127.1 5m:2109.7 10m:2109.8 | Shares: 227/0 (found:227) | Diff: 127511 | 20s elapsed (since last share, avg 59s) | best=38 target=33683 (999%)
[2026-10-01T19:34:07Z INFO  minertim] H/s 1m:2124.5 5m:2131.2 10m:2109.5 | Shares: 227/0 (found:227) | Diff: 127511 | 30s elapsed (since last share, avg 1m0s) | best=38 target=33683 (999%)
[2026-10-01T19:34:10Z INFO  minertim::pool_connection] New job: Xnw6DDhDnKSyNjjd (difficulty: 127511, target: 93830000)
[2026-10-01T19:34:17Z INFO  minertim] H/s 1m:2125.1 5m:2139.2 10m:2115.2 | Shares: 227/0 (found:227) | Diff: 127511 | 40s elapsed (since last share, avg 1m0s) | best=38 target=33683 (999%)
[2026-10-01T19:34:27Z INFO  minertim] H/s 1m:2124.7 5m:2139.2 10m:2123.4 | Shares: 227/0 (found:227) | Diff: 127511 | 50s elapsed (since last share, avg 1m0s) | best=38 target=33683 (999%)
[2026-10-01T19:34:30Z INFO  minertim::pool_connection] New job: 5tVkxkb20bsXz2pH (difficulty: 127511, target: 93830000)
[2026-10-01T19:34:37Z INFO  minertim] H/s 1m:2214.4 5m:2148.1 10m:2123.4 | Shares: 227/0 (found:227) | Diff: 127511 | 1m0s elapsed (since last share, avg 57s) | best=38 target=33683 (999%)
[2026-10-01T19:34:47Z INFO  minertim] H/s 1m:2214.1 5m:2155.4 10m:2123.5 | Shares: 227/0 (found:227) | Diff: 127511 | 1m10s elapsed (since last share, avg 57s) | best=38 target=33683 (999%)
[2026-10-01T19:34:50Z INFO  minertim::pool_connection] New job: LqwxTgS4RnwRdn0D (difficulty: 127511, target: 93830000)
[2026-10-01T19:34:57Z INFO  minertim] H/s 1m:2216.7 5m:2156.0 10m:2123.7 | Shares: 227/0 (found:227) | Diff: 127511 | 1m20s elapsed (since last share, avg 57s) | best=38 target=33683 (999%)
[2026-10-01T19:35:07Z INFO  minertim] H/s 1m:2214.0 5m:2155.5 10m:2123.5 | Shares: 227/0 (found:227) | Diff: 127511 | 1m30s elapsed (since last share, avg 57s) | best=38 target=33683 (999%)
[2026-10-01T19:35:10Z INFO  minertim::pool_connection] New job: 4Lum6ppawEcqqpNw (difficulty: 127511, target: 93830000)
[2026-10-01T19:35:17Z INFO  minertim] H/s 1m:2214.0 5m:2155.5 10m:2123.4 | Shares: 227/0 (found:227) | Diff: 127511 | 1m40s elapsed (since last share, avg 57s) | best=38 target=33683 (999%)
[2026-10-01T19:35:20Z INFO  minertim::pool_connection] New job: H0nWivLhv9MV2iZ7 (difficulty: 95632, target: 6faf0000)
[2026-10-01T19:35:27Z INFO  minertim] H/s 1m:2214.0 5m:2155.6 10m:2129.7 | Shares: 227/0 (found:227) | Diff: 95632 | 1m50s elapsed (since last share, avg 43s) | best=38 target=44911 (999%)
[2026-10-01T19:35:28Z INFO  minertim::miner] Worker 1 SHARE FOUND! job_id=H0nWivLhv9MV2iZ7, nonce=c9149601, hash_val=19867, difficulty=95632, hash=778cf6fb6892796669e2b7145cce24aab84143280160cc3f9eacee999b4d0000
[2026-10-01T19:35:30Z INFO  minertim::pool_connection] New job: eBxqTbmnASG03Y5x (difficulty: 95632, target: 6faf0000)
[2026-10-01T19:35:30Z INFO  minertim::pool_connection] Share submitted: rpc_id=444 job_id=H0nWivLhv9MV2iZ7 nonce=c9149601
[2026-10-01T19:35:30Z INFO  minertim::pool_connection] Share accepted: rpc_id=444 job_id=H0nWivLhv9MV2iZ7 nonce=c9149601 latency_ms=307
[2026-10-01T19:35:37Z INFO  minertim] H/s 1m:2195.1 5m:2152.4 10m:2128.1 | Shares: 228/0 (found:228) | Diff: 95632 | 8s elapsed (since last share, avg 43s) | best=38 target=44911 (999%)
[2026-10-01T19:35:38Z INFO  minertim::pool_connection] New job: ryJ00URU7WMnt8Dz (difficulty: 95632, target: 6faf0000)
[2026-10-01T19:35:47Z INFO  minertim] H/s 1m:2195.4 5m:2152.4 10m:2137.3 | Shares: 228/0 (found:228) | Diff: 95632 | 18s elapsed (since last share, avg 43s) | best=38 target=44911 (999%)
[2026-10-01T19:35:50Z INFO  minertim::pool_connection] New job: WYBcc2mbSzetGDDO (difficulty: 143447, target: f5740000)
[2026-10-01T19:35:57Z INFO  minertim] H/s 1m:2197.7 5m:2152.9 10m:2137.3 | Shares: 228/0 (found:228) | Diff: 143447 | 28s elapsed (since last share, avg 1m5s) | best=38 target=29941 (999%)
[2026-10-01T19:35:58Z INFO  minertim::pool_connection] New job: GFSIkgt4J6zqiO6r (difficulty: 143447, target: f5740000)
[2026-10-01T19:36:07Z INFO  minertim] H/s 1m:2196.6 5m:2153.9 10m:2139.8 | Shares: 228/0 (found:228) | Diff: 143447 | 38s elapsed (since last share, avg 1m5s) | best=38 target=29941 (999%)
[2026-10-01T19:36:16Z INFO  minertim::miner] Worker 2 SHARE FOUND! job_id=GFSIkgt4J6zqiO6r, nonce=8ec19801, hash_val=10295, difficulty=143447, hash=d7fdf2b26cdaf68f63b5d930044a060f4f148a0d2334209562088d6337280000
[2026-10-01T19:36:17Z INFO  minertim] H/s 1m:2197.3 5m:2154.1 10m:2144.5 | Shares: 228/0 (found:229) | Diff: 143447 | 1s elapsed (since last share, avg 1m5s) | best=38 target=29941 (999%)
[2026-10-01T19:36:17Z INFO  minertim::pool_connection] New job: hfM7waXSG3IrOzTZ (difficulty: 143447, target: f5740000)
[2026-10-01T19:36:17Z INFO  minertim::pool_connection] Share submitted: rpc_id=446 job_id=GFSIkgt4J6zqiO6r nonce=8ec19801
[2026-10-01T19:36:18Z INFO  minertim::pool_connection] Share accepted: rpc_id=446 job_id=GFSIkgt4J6zqiO6r nonce=8ec19801 latency_ms=306
[2026-10-01T19:36:20Z INFO  minertim::pool_connection] New job: 5LyfRb3arfNxC7Gn (difficulty: 143447, target: f5740000)
[2026-10-01T19:36:27Z INFO  minertim] H/s 1m:2205.4 5m:2152.4 10m:2143.8 | Shares: 229/0 (found:229) | Diff: 143447 | 11s elapsed (since last share, avg 1m5s) | best=38 target=29941 (999%)
[2026-10-01T19:36:37Z INFO  minertim] H/s 1m:2205.1 5m:2152.5 10m:2143.7 | Shares: 229/0 (found:229) | Diff: 143447 | 21s elapsed (since last share, avg 1m5s) | best=38 target=29941 (999%)
[2026-10-01T19:36:40Z INFO  minertim::pool_connection] New job: bZGEI5H9zVUi1OkM (difficulty: 143447, target: f5740000)
[2026-10-01T19:36:47Z INFO  minertim] H/s 1m:2205.2 5m:2152.5 10m:2143.7 | Shares: 229/0 (found:229) | Diff: 143447 | 31s elapsed (since last share, avg 1m5s) | best=38 target=29941 (999%)
[2026-10-01T19:36:57Z INFO  minertim] H/s 1m:2206.8 5m:2153.0 10m:2152.7 | Shares: 229/0 (found:229) | Diff: 143447 | 41s elapsed (since last share, avg 1m5s) | best=38 target=29941 (999%)
[2026-10-01T19:36:59Z INFO  minertim::miner] Worker 0 SHARE FOUND! job_id=bZGEI5H9zVUi1OkM, nonce=30b89701, hash_val=6897, difficulty=143447, hash=5fb3438c94eb009895df62222b3108d3ccef9c530f25d83e84ff73c0f11a0000
[2026-10-01T19:37:00Z INFO  minertim::pool_connection] New job: FjiUsVncp90001z0 (difficulty: 143447, target: f5740000)
[2026-10-01T19:37:00Z INFO  minertim::pool_connection] Share submitted: rpc_id=447 job_id=bZGEI5H9zVUi1OkM nonce=30b89701
[2026-10-01T19:37:00Z INFO  minertim::pool_connection] Share accepted: rpc_id=447 job_id=bZGEI5H9zVUi1OkM nonce=30b89701 latency_ms=308
[2026-10-01T19:37:07Z INFO  minertim] H/s 1m:2194.3 5m:2151.0 10m:2155.2 | Shares: 230/0 (found:230) | Diff: 143447 | 8s elapsed (since last share, avg 1m5s) | best=38 target=29941 (999%)
[2026-10-01T19:37:17Z INFO  minertim] H/s 1m:2204.9 5m:2151.0 10m:2155.2 | Shares: 230/0 (found:230) | Diff: 143447 | 18s elapsed (since last share, avg 1m5s) | best=38 target=29941 (999%)
[2026-10-01T19:37:20Z INFO  minertim::pool_connection] New job: nyVGH2DklQPhUggr (difficulty: 143447, target: f5740000)
[2026-10-01T19:37:27Z INFO  minertim] H/s 1m:2205.0 5m:2160.4 10m:2155.2 | Shares: 230/0 (found:230) | Diff: 143447 | 28s elapsed (since last share, avg 1m5s) | best=38 target=29941 (999%)
[2026-10-01T19:37:30Z INFO  minertim::miner] Worker 1 SHARE FOUND! job_id=nyVGH2DklQPhUggr, nonce=f9259a01, hash_val=23794, difficulty=143447, hash=09d541b774effb988f8fe82799dc6c2b02fc05fa8836b949bb1c5a51f25c0000
[2026-10-01T19:37:37Z INFO  minertim] H/s 1m:2152.9 5m:2169.5 10m:2150.8 | Shares: 230/0 (found:231) | Diff: 143447 | 6s elapsed (since last share, avg 1m6s) | best=38 target=29941 (999%)
[2026-10-01T19:37:39Z INFO  minertim::pool_connection] New job: 6AsHU6LoZ1qWt0W8 (difficulty: 143447, target: f5740000)
[2026-10-01T19:37:39Z INFO  minertim::pool_connection] Share submitted: rpc_id=449 job_id=nyVGH2DklQPhUggr nonce=f9259a01
[2026-10-01T19:37:40Z INFO  minertim::pool_connection] Share accepted: rpc_id=449 job_id=nyVGH2DklQPhUggr nonce=f9259a01 latency_ms=307
[2026-10-01T19:37:47Z INFO  minertim] H/s 1m:2103.5 5m:2175.4 10m:2146.6 | Shares: 231/0 (found:231) | Diff: 143447 | 16s elapsed (since last share, avg 1m8s) | best=38 target=29941 (999%)
[2026-10-01T19:37:57Z INFO  minertim] H/s 1m:2115.8 5m:2175.7 10m:2146.8 | Shares: 231/0 (found:231) | Diff: 143447 | 26s elapsed (since last share, avg 1m7s) | best=38 target=29941 (999%)
[2026-10-01T19:37:59Z INFO  minertim::pool_connection] New job: bXsEMmMB0nVVQ6KJ (difficulty: 143447, target: f5740000)
[2026-10-01T19:38:07Z INFO  minertim] H/s 1m:2113.6 5m:2175.3 10m:2146.7 | Shares: 231/0 (found:231) | Diff: 143447 | 36s elapsed (since last share, avg 1m7s) | best=38 target=29941 (999%)
[2026-10-01T19:38:17Z INFO  minertim] H/s 1m:2113.5 5m:2175.4 10m:2146.7 | Shares: 231/0 (found:231) | Diff: 143447 | 46s elapsed (since last share, avg 1m7s) | best=38 target=29941 (999%)
[2026-10-01T19:38:19Z INFO  minertim::pool_connection] New job: 0Cvoxs5Hk3W8VcRu (difficulty: 143447, target: f5740000)
[2026-10-01T19:38:27Z INFO  minertim] H/s 1m:2165.8 5m:2175.4 10m:2146.7 | Shares: 231/0 (found:231) | Diff: 143447 | 56s elapsed (since last share, avg 1m6s) | best=38 target=29941 (999%)
[2026-10-01T19:38:37Z INFO  minertim] H/s 1m:2214.4 5m:2190.8 10m:2146.7 | Shares: 231/0 (found:231) | Diff: 143447 | 1m6s elapsed (since last share, avg 1m4s) | best=38 target=29941 (999%)
[2026-10-01T19:38:38Z INFO  minertim::miner] Worker 1 SHARE FOUND! job_id=0Cvoxs5Hk3W8VcRu, nonce=35249c01, hash_val=9941, difficulty=143447, hash=313cfbd35cb2bf6ba0fc6a4dd54f5a476424f375ab7462cb1d819c7bd5260000
[2026-10-01T19:38:39Z INFO  minertim::pool_connection] New job: K8x3WtmPOxB9M1Zj (difficulty: 143447, target: f5740000)
[2026-10-01T19:38:39Z INFO  minertim::pool_connection] Share submitted: rpc_id=451 job_id=0Cvoxs5Hk3W8VcRu nonce=35249c01
[2026-10-01T19:38:39Z INFO  minertim::pool_connection] Share accepted: rpc_id=451 job_id=0Cvoxs5Hk3W8VcRu nonce=35249c01 latency_ms=249
[2026-10-01T19:38:47Z INFO  minertim] H/s 1m:2206.6 5m:2189.4 10m:2146.0 | Shares: 232/0 (found:232) | Diff: 143447 | 8s elapsed (since last share, avg 1m5s) | best=38 target=29941 (999%)
[2026-10-01T19:38:54Z INFO  minertim::miner] Worker 2 SHARE FOUND! job_id=K8x3WtmPOxB9M1Zj, nonce=5e119e01, hash_val=27226, difficulty=143447, hash=2047717acc683b1c060ba9b1df820635e59c70ed90e10a98c3b3a3545a6a0000
[2026-10-01T19:38:57Z INFO  minertim] H/s 1m:2208.7 5m:2189.9 10m:2150.7 | Shares: 232/0 (found:233) | Diff: 143447 | 2s elapsed (since last share, avg 1m4s) | best=38 target=29941 (999%)
[2026-10-01T19:38:59Z INFO  minertim::pool_connection] New job: Aw7SumM0NoHf1Q5y (difficulty: 143447, target: f5740000)
[2026-10-01T19:38:59Z INFO  minertim::pool_connection] Share submitted: rpc_id=452 job_id=K8x3WtmPOxB9M1Zj nonce=5e119e01
[2026-10-01T19:38:59Z INFO  minertim::pool_connection] Share accepted: rpc_id=452 job_id=K8x3WtmPOxB9M1Zj nonce=5e119e01 latency_ms=268
[2026-10-01T19:39:07Z INFO  minertim] H/s 1m:2173.9 5m:2183.8 10m:2158.5 | Shares: 233/0 (found:233) | Diff: 143447 | 12s elapsed (since last share, avg 1m5s) | best=38 target=29941 (999%)
[2026-10-01T19:39:17Z INFO  minertim] H/s 1m:2173.8 5m:2183.8 10m:2162.4 | Shares: 233/0 (found:233) | Diff: 143447 | 22s elapsed (since last share, avg 1m5s) | best=38 target=29941 (999%)
[2026-10-01T19:39:19Z INFO  minertim::pool_connection] New job: WRBpSNlS672L1vww (difficulty: 143447, target: f5740000)
[2026-10-01T19:39:23Z INFO  minertim::pool_connection] New job: 3Z7kfaHEbHhcHb5w (difficulty: 143447, target: f5740000)
[2026-10-01T19:39:27Z INFO  minertim] H/s 1m:2174.0 5m:2183.8 10m:2162.4 | Shares: 233/0 (found:233) | Diff: 143447 | 32s elapsed (since last share, avg 1m5s) | best=38 target=29941 (999%)
[2026-10-01T19:39:37Z INFO  minertim] H/s 1m:2181.1 5m:2183.7 10m:2166.8 | Shares: 233/0 (found:233) | Diff: 143447 | 42s elapsed (since last share, avg 1m5s) | best=38 target=29941 (999%)
[2026-10-01T19:39:43Z INFO  minertim::pool_connection] New job: QhSjE0bTUXNeb5YM (difficulty: 143447, target: f5740000)
[2026-10-01T19:39:47Z INFO  minertim] H/s 1m:2181.2 5m:2183.7 10m:2170.3 | Shares: 233/0 (found:233) | Diff: 143447 | 52s elapsed (since last share, avg 1m5s) | best=38 target=29941 (999%)
[2026-10-01T19:39:57Z INFO  minertim] H/s 1m:2216.0 5m:2184.2 10m:2170.6 | Shares: 233/0 (found:233) | Diff: 143447 | 1m2s elapsed (since last share, avg 1m4s) | best=38 target=29941 (999%)
[2026-10-01T19:40:03Z INFO  minertim::pool_connection] New job: fQJrNpUAV6ZOhlwF (difficulty: 143447, target: f5740000)
[2026-10-01T19:40:07Z INFO  minertim] H/s 1m:2213.1 5m:2183.7 10m:2170.4 | Shares: 233/0 (found:233) | Diff: 143447 | 1m12s elapsed (since last share, avg 1m4s) | best=38 target=29941 (999%)
[2026-10-01T19:40:17Z INFO  minertim] H/s 1m:2213.2 5m:2183.7 10m:2170.4 | Shares: 233/0 (found:233) | Diff: 143447 | 1m22s elapsed (since last share, avg 1m4s) | best=38 target=29941 (999%)
[2026-10-01T19:40:20Z INFO  minertim::miner] Worker 1 SHARE FOUND! job_id=fQJrNpUAV6ZOhlwF, nonce=b18e9f01, hash_val=9153, difficulty=143447, hash=40777e6580cfd68e11479c35149f5d5c31dd7bcbe26b2883a2f7a2bfc1230000
[2026-10-01T19:40:23Z INFO  minertim::pool_connection] New job: wNTNTTBkXsWVVoJh (difficulty: 143447, target: f5740000)
[2026-10-01T19:40:23Z INFO  minertim::pool_connection] Share submitted: rpc_id=455 job_id=fQJrNpUAV6ZOhlwF nonce=b18e9f01
[2026-10-01T19:40:23Z INFO  minertim::pool_connection] Share accepted: rpc_id=455 job_id=fQJrNpUAV6ZOhlwF nonce=b18e9f01 latency_ms=251
[2026-10-01T19:40:27Z INFO  minertim] H/s 1m:2182.6 5m:2181.6 10m:2167.8 | Shares: 234/0 (found:234) | Diff: 143447 | 6s elapsed (since last share, avg 1m5s) | best=38 target=29941 (999%)
[2026-10-01T19:40:37Z INFO  minertim] H/s 1m:2182.5 5m:2181.5 10m:2167.8 | Shares: 234/0 (found:234) | Diff: 143447 | 16s elapsed (since last share, avg 1m5s) | best=38 target=29941 (999%)
[2026-10-01T19:40:43Z INFO  minertim::pool_connection] New job: 5vd55XGmNkB1j1Br (difficulty: 143447, target: f5740000)
[2026-10-01T19:40:47Z INFO  minertim] H/s 1m:2182.3 5m:2181.5 10m:2167.8 | Shares: 234/0 (found:234) | Diff: 143447 | 26s elapsed (since last share, avg 1m5s) | best=38 target=29941 (999%)
[2026-10-01T19:40:57Z INFO  minertim] H/s 1m:2185.2 5m:2181.7 10m:2168.1 | Shares: 234/0 (found:234) | Diff: 143447 | 36s elapsed (since last share, avg 1m5s) | best=38 target=29941 (999%)
[2026-10-01T19:41:03Z INFO  minertim::pool_connection] New job: aRKeH7TLvNQnkOhO (difficulty: 143447, target: f5740000)
[2026-10-01T19:41:07Z INFO  minertim] H/s 1m:2182.4 5m:2181.1 10m:2168.4 | Shares: 234/0 (found:234) | Diff: 143447 | 47s elapsed (since last share, avg 1m5s) | best=38 target=29941 (999%)
[2026-10-01T19:41:17Z INFO  minertim] H/s 1m:2212.8 5m:2182.8 10m:2168.4 | Shares: 234/0 (found:234) | Diff: 143447 | 57s elapsed (since last share, avg 1m4s) | best=38 target=29941 (999%)
[2026-10-01T19:41:23Z INFO  minertim::pool_connection] New job: 096Ynz7wSczMWxVX (difficulty: 143447, target: f5740000)
[2026-10-01T19:41:27Z INFO  minertim] H/s 1m:2212.7 5m:2182.8 10m:2168.4 | Shares: 234/0 (found:234) | Diff: 143447 | 1m7s elapsed (since last share, avg 1m4s) | best=38 target=29941 (999%)
[2026-10-01T19:41:37Z INFO  minertim::miner] Worker 0 SHARE FOUND! job_id=096Ynz7wSczMWxVX, nonce=dc19a101, hash_val=18053, difficulty=143447, hash=112305c23d7f8154ac049fc6bbc5fcd8f2e4a774133999295722b51385460000
[2026-10-01T19:41:37Z INFO  minertim] H/s 1m:2212.4 5m:2182.8 10m:2168.5 | Shares: 234/0 (found:235) | Diff: 143447 | 0s elapsed (since last share, avg 1m4s) | best=38 target=29941 (999%)
[2026-10-01T19:41:43Z INFO  minertim::pool_connection] New job: AXdtPPm0Pu0Uwe8R (difficulty: 143447, target: f5740000)
[2026-10-01T19:41:43Z INFO  minertim::pool_connection] Share submitted: rpc_id=457 job_id=096Ynz7wSczMWxVX nonce=dc19a101
[2026-10-01T19:41:43Z INFO  minertim::pool_connection] Share accepted: rpc_id=457 job_id=096Ynz7wSczMWxVX nonce=dc19a101 latency_ms=251
[2026-10-01T19:41:44Z INFO  minertim::miner] Worker 2 SHARE FOUND! job_id=AXdtPPm0Pu0Uwe8R, nonce=26a6a301, hash_val=25384, difficulty=143447, hash=6718e8833b021546382bc4aaf9f1d30eac86debb3945c442e1c5e1c728630000
[2026-10-01T19:41:47Z INFO  minertim] H/s 1m:2068.3 5m:2157.8 10m:2156.3 | Shares: 235/0 (found:236) | Diff: 143447 | 3s elapsed (since last share, avg 1m9s) | best=38 target=29941 (999%)
[2026-10-01T19:41:57Z INFO  minertim] H/s 1m:1964.3 5m:2141.4 10m:2147.4 | Shares: 235/0 (found:236) | Diff: 143447 | 13s elapsed (since last share, avg 1m13s) | best=38 target=29941 (999%)
[2026-10-01T19:42:02Z INFO  minertim::pool_connection] New job: 2gAvtqnF5QdYUBXq (difficulty: 143447, target: f5740000)
[2026-10-01T19:42:02Z INFO  minertim::pool_connection] Share submitted: rpc_id=458 job_id=AXdtPPm0Pu0Uwe8R nonce=26a6a301
[2026-10-01T19:42:03Z INFO  minertim::pool_connection] Share accepted: rpc_id=458 job_id=AXdtPPm0Pu0Uwe8R nonce=26a6a301 latency_ms=320
[2026-10-01T19:42:07Z INFO  minertim] H/s 1m:1909.5 5m:2131.9 10m:2142.7 | Shares: 236/0 (found:236) | Diff: 143447 | 23s elapsed (since last share, avg 1m15s) | best=38 target=29941 (999%)
[2026-10-01T19:42:17Z INFO  minertim] H/s 1m:1910.0 5m:2132.0 10m:2142.8 | Shares: 236/0 (found:236) | Diff: 143447 | 33s elapsed (since last share, avg 1m15s) | best=38 target=29941 (999%)
[2026-10-01T19:42:22Z INFO  minertim::pool_connection] New job: B1Yi7oDIQWCZD0eB (difficulty: 143447, target: f5740000)
[2026-10-01T19:42:27Z INFO  minertim] H/s 1m:1910.5 5m:2141.0 10m:2147.4 | Shares: 236/0 (found:236) | Diff: 143447 | 43s elapsed (since last share, avg 1m15s) | best=38 target=29941 (999%)
[2026-10-01T19:42:37Z INFO  minertim] H/s 1m:2054.3 5m:2149.4 10m:2156.2 | Shares: 236/0 (found:236) | Diff: 143447 | 53s elapsed (since last share, avg 1m9s) | best=38 target=29941 (999%)
[2026-10-01T19:42:42Z INFO  minertim::pool_connection] New job: Yytgn17X9c0tTSqA (difficulty: 143447, target: f5740000)
[2026-10-01T19:42:47Z INFO  minertim] H/s 1m:2161.2 5m:2149.3 10m:2163.3 | Shares: 236/0 (found:236) | Diff: 143447 | 1m3s elapsed (since last share, avg 1m6s) | best=38 target=29941 (999%)
[2026-10-01T19:42:51Z INFO  minertim::miner] Worker 0 SHARE FOUND! job_id=Yytgn17X9c0tTSqA, nonce=886fa301, hash_val=6756, difficulty=143447, hash=28f98519225e00bbe0b6cc20a7394069cbc2b537bcb810d887ddcddd641a0000
[2026-10-01T19:42:57Z INFO  minertim] H/s 1m:2162.4 5m:2140.3 10m:2158.8 | Shares: 236/0 (found:237) | Diff: 143447 | 5s elapsed (since last share, avg 1m6s) | best=38 target=29941 (999%)
[2026-10-01T19:43:02Z INFO  minertim::pool_connection] New job: 7vxQ2gHY29GvxGbT (difficulty: 143447, target: f5740000)
[2026-10-01T19:43:02Z INFO  minertim::pool_connection] Share submitted: rpc_id=460 job_id=Yytgn17X9c0tTSqA nonce=886fa301
[2026-10-01T19:43:02Z INFO  minertim::pool_connection] Share accepted: rpc_id=460 job_id=Yytgn17X9c0tTSqA nonce=886fa301 latency_ms=308
[2026-10-01T19:43:07Z INFO  minertim] H/s 1m:2151.4 5m:2138.5 10m:2157.9 | Shares: 237/0 (found:237) | Diff: 143447 | 15s elapsed (since last share, avg 1m6s) | best=38 target=29941 (999%)
[2026-10-01T19:43:17Z INFO  minertim] H/s 1m:2151.2 5m:2138.4 10m:2157.9 | Shares: 237/0 (found:237) | Diff: 143447 | 25s elapsed (since last share, avg 1m6s) | best=38 target=29941 (999%)
[2026-10-01T19:43:22Z INFO  minertim::pool_connection] New job: mViYLpXoKkwCrYok (difficulty: 143447, target: f5740000)
[2026-10-01T19:43:27Z INFO  minertim] H/s 1m:2151.1 5m:2138.4 10m:2157.9 | Shares: 237/0 (found:237) | Diff: 143447 | 35s elapsed (since last share, avg 1m6s) | best=38 target=29941 (999%)
[2026-10-01T19:43:37Z INFO  minertim] H/s 1m:2151.6 5m:2139.8 10m:2165.5 | Shares: 237/0 (found:237) | Diff: 143447 | 45s elapsed (since last share, avg 1m6s) | best=38 target=29941 (999%)
[2026-10-01T19:43:42Z INFO  minertim::pool_connection] New job: 9TAPwC0gJr3D9IQS (difficulty: 143447, target: f5740000)
[2026-10-01T19:43:47Z INFO  minertim] H/s 1m:2205.6 5m:2139.8 10m:2165.5 | Shares: 237/0 (found:237) | Diff: 143447 | 55s elapsed (since last share, avg 1m5s) | best=38 target=29941 (999%)
[2026-10-01T19:43:57Z INFO  minertim] H/s 1m:2215.9 5m:2145.7 10m:2165.7 | Shares: 237/0 (found:237) | Diff: 143447 | 1m5s elapsed (since last share, avg 1m4s) | best=38 target=29941 (999%)
[2026-10-01T19:44:02Z INFO  minertim::pool_connection] New job: 8LghkE7rXsJuvKJx (difficulty: 143447, target: f5740000)
[2026-10-01T19:44:07Z INFO  minertim] H/s 1m:2213.7 5m:2145.3 10m:2165.4 | Shares: 237/0 (found:237) | Diff: 143447 | 1m15s elapsed (since last share, avg 1m4s) | best=38 target=29941 (999%)
[2026-10-01T19:44:17Z INFO  minertim] H/s 1m:2214.2 5m:2145.4 10m:2165.5 | Shares: 237/0 (found:237) | Diff: 143447 | 1m25s elapsed (since last share, avg 1m4s) | best=38 target=29941 (999%)
[2026-10-01T19:44:22Z INFO  minertim::pool_connection] New job: oStvHhVmdyTNeMln (difficulty: 143447, target: f5740000)
[2026-10-01T19:44:27Z INFO  minertim] H/s 1m:2214.0 5m:2145.5 10m:2165.5 | Shares: 237/0 (found:237) | Diff: 143447 | 1m35s elapsed (since last share, avg 1m4s) | best=38 target=29941 (999%)
[2026-10-01T19:44:37Z INFO  minertim] H/s 1m:2213.8 5m:2145.4 10m:2165.4 | Shares: 237/0 (found:237) | Diff: 143447 | 1m45s elapsed (since last share, avg 1m4s) | best=38 target=29941 (999%)
[2026-10-01T19:44:41Z INFO  minertim::pool_connection] New job: nhEyI03WFKw5K91L (difficulty: 143447, target: f5740000)
[2026-10-01T19:44:47Z INFO  minertim] H/s 1m:2214.0 5m:2145.4 10m:2165.4 | Shares: 237/0 (found:237) | Diff: 143447 | 1m55s elapsed (since last share, avg 1m4s) | best=38 target=29941 (999%)
[2026-10-01T19:44:57Z INFO  minertim] H/s 1m:2216.7 5m:2145.9 10m:2165.7 | Shares: 237/0 (found:237) | Diff: 143447 | 2m5s elapsed (since last share, avg 1m4s) | best=38 target=29941 (999%)
[2026-10-01T19:44:59Z INFO  minertim::miner] Worker 2 SHARE FOUND! job_id=nhEyI03WFKw5K91L, nonce=5a9da901, hash_val=7472, difficulty=143447, hash=28b62c3d14b9482866c5dcaddb441c9914fb2983fff5bb7b43f45f35301d0000
[2026-10-01T19:45:01Z INFO  minertim::pool_connection] New job: 00XNALfmdsyil2ms (difficulty: 143447, target: f5740000)
[2026-10-01T19:45:01Z INFO  minertim::pool_connection] Share submitted: rpc_id=463 job_id=nhEyI03WFKw5K91L nonce=5a9da901
[2026-10-01T19:45:02Z INFO  minertim::pool_connection] Share accepted: rpc_id=463 job_id=nhEyI03WFKw5K91L nonce=5a9da901 latency_ms=250
[2026-10-01T19:45:07Z INFO  minertim] H/s 1m:2186.2 5m:2140.7 10m:2163.1 | Shares: 238/0 (found:238) | Diff: 143447 | 8s elapsed (since last share, avg 1m5s) | best=38 target=29941 (999%)
[2026-10-01T19:45:17Z INFO  minertim] H/s 1m:2186.1 5m:2146.0 10m:2163.1 | Shares: 238/0 (found:238) | Diff: 143447 | 18s elapsed (since last share, avg 1m5s) | best=38 target=29941 (999%)
[2026-10-01T19:45:21Z INFO  minertim::pool_connection] New job: jxGKVH3vybZPgxwB (difficulty: 143447, target: f5740000)
[2026-10-01T19:45:27Z INFO  minertim] H/s 1m:2186.6 5m:2146.1 10m:2164.7 | Shares: 238/0 (found:238) | Diff: 143447 | 28s elapsed (since last share, avg 1m5s) | best=38 target=29941 (999%)
[2026-10-01T19:45:29Z INFO  minertim::miner] Worker 2 SHARE FOUND! job_id=jxGKVH3vybZPgxwB, nonce=ca8faa01, hash_val=4148, difficulty=143447, hash=330152a09c1271e0b474eeea802edbbd58b6234bc1b0aa122116b66934100000
[2026-10-01T19:45:37Z INFO  minertim] H/s 1m:2136.4 5m:2137.5 10m:2160.4 | Shares: 238/0 (found:239) | Diff: 143447 | 8s elapsed (since last share, avg 1m7s) | best=38 target=29941 (999%)
[2026-10-01T19:45:41Z INFO  minertim::pool_connection] New job: ZEOfsQjVnhzTJ1wn (difficulty: 143447, target: f5740000)
[2026-10-01T19:45:41Z INFO  minertim::pool_connection] Share submitted: rpc_id=465 job_id=jxGKVH3vybZPgxwB nonce=ca8faa01
[2026-10-01T19:45:41Z INFO  minertim::pool_connection] Share accepted: rpc_id=465 job_id=jxGKVH3vybZPgxwB nonce=ca8faa01 latency_ms=306
[2026-10-01T19:45:47Z INFO  minertim] H/s 1m:2103.6 5m:2131.9 10m:2157.7 | Shares: 239/0 (found:239) | Diff: 143447 | 18s elapsed (since last share, avg 1m8s) | best=38 target=29941 (999%)
[2026-10-01T19:45:57Z INFO  minertim] H/s 1m:2133.9 5m:2132.4 10m:2157.8 | Shares: 239/0 (found:239) | Diff: 143447 | 28s elapsed (since last share, avg 1m7s) | best=38 target=29941 (999%)
[2026-10-01T19:45:58Z INFO  minertim::miner] Worker 0 SHARE FOUND! job_id=ZEOfsQjVnhzTJ1wn, nonce=8466a901, hash_val=14268, difficulty=143447, hash=a9ad569e722d798ed3fa131a5738ed3e20bf897ef1cf1c239e92df57bc370000
[2026-10-01T19:46:01Z INFO  minertim::pool_connection] New job: 6Rpt0y1YZBiOTWOb (difficulty: 143447, target: f5740000)
[2026-10-01T19:46:01Z INFO  minertim::pool_connection] Share submitted: rpc_id=466 job_id=ZEOfsQjVnhzTJ1wn nonce=8466a901
[2026-10-01T19:46:01Z INFO  minertim::pool_connection] Share accepted: rpc_id=466 job_id=ZEOfsQjVnhzTJ1wn nonce=8466a901 latency_ms=307
[2026-10-01T19:46:07Z INFO  minertim] H/s 1m:2100.2 5m:2126.6 10m:2154.9 | Shares: 240/0 (found:240) | Diff: 143447 | 9s elapsed (since last share, avg 1m8s) | best=38 target=29941 (999%)
[2026-10-01T19:46:14Z INFO  minertim::miner] Worker 3 SHARE FOUND! job_id=6Rpt0y1YZBiOTWOb, nonce=f3b8aa01, hash_val=21942, difficulty=143447, hash=c14decf49bb8c6b20ccd2173bd6402b82c6a0c23fee93725770091b4b6550000
[2026-10-01T19:46:17Z INFO  minertim] H/s 1m:2045.5 5m:2117.3 10m:2151.2 | Shares: 240/0 (found:241) | Diff: 143447 | 3s elapsed (since last share, avg 1m10s) | best=38 target=29941 (999%)
[2026-10-01T19:46:21Z INFO  minertim::pool_connection] New job: l9HIZVjs7hQxaH04 (difficulty: 143447, target: f5740000)
[2026-10-01T19:46:21Z INFO  minertim::pool_connection] Share submitted: rpc_id=468 job_id=6Rpt0y1YZBiOTWOb nonce=f3b8aa01
[2026-10-01T19:46:21Z INFO  minertim::pool_connection] Share accepted: rpc_id=468 job_id=6Rpt0y1YZBiOTWOb nonce=f3b8aa01 latency_ms=307
[2026-10-01T19:46:27Z INFO  minertim] H/s 1m:2095.4 5m:2117.3 10m:2151.2 | Shares: 241/0 (found:241) | Diff: 143447 | 13s elapsed (since last share, avg 1m8s) | best=38 target=29941 (999%)
[2026-10-01T19:46:37Z INFO  minertim] H/s 1m:2128.1 5m:2142.2 10m:2151.2 | Shares: 241/0 (found:241) | Diff: 143447 | 23s elapsed (since last share, avg 1m7s) | best=38 target=29941 (999%)
[2026-10-01T19:46:41Z INFO  minertim::pool_connection] New job: yXEZnXZqcLWeyKVB (difficulty: 143447, target: f5740000)
[2026-10-01T19:46:47Z INFO  minertim] H/s 1m:2128.4 5m:2160.7 10m:2151.1 | Shares: 241/0 (found:241) | Diff: 143447 | 33s elapsed (since last share, avg 1m7s) | best=38 target=29941 (999%)
[2026-10-01T19:46:57Z INFO  minertim] H/s 1m:2162.3 5m:2170.2 10m:2152.2 | Shares: 241/0 (found:241) | Diff: 143447 | 43s elapsed (since last share, avg 1m6s) | best=38 target=29941 (999%)
[2026-10-01T19:47:01Z INFO  minertim::pool_connection] New job: V45a3zIQPjECRxZ8 (difficulty: 143447, target: f5740000)
[2026-10-01T19:47:07Z INFO  minertim] H/s 1m:2214.7 5m:2169.8 10m:2152.0 | Shares: 241/0 (found:241) | Diff: 143447 | 53s elapsed (since last share, avg 1m4s) | best=38 target=29941 (999%)
[2026-10-01T19:47:17Z INFO  minertim] H/s 1m:2215.4 5m:2169.9 10m:2152.0 | Shares: 241/0 (found:241) | Diff: 143447 | 1m3s elapsed (since last share, avg 1m4s) | best=38 target=29941 (999%)
[2026-10-01T19:47:21Z INFO  minertim::pool_connection] New job: Gohn3b56tiGIEUN0 (difficulty: 143447, target: f5740000)
[2026-10-01T19:47:27Z INFO  minertim] H/s 1m:2215.5 5m:2169.9 10m:2156.5 | Shares: 241/0 (found:241) | Diff: 143447 | 1m13s elapsed (since last share, avg 1m4s) | best=38 target=29941 (999%)
[2026-10-01T19:47:37Z INFO  minertim] H/s 1m:2215.5 5m:2170.0 10m:2160.6 | Shares: 241/0 (found:241) | Diff: 143447 | 1m23s elapsed (since last share, avg 1m4s) | best=38 target=29941 (999%)
[2026-10-01T19:47:41Z INFO  minertim::pool_connection] New job: V0HrSsn9eG84VQrT (difficulty: 143447, target: f5740000)
[2026-10-01T19:47:47Z INFO  minertim] H/s 1m:2215.6 5m:2179.4 10m:2160.6 | Shares: 241/0 (found:241) | Diff: 143447 | 1m33s elapsed (since last share, avg 1m4s) | best=38 target=29941 (999%)
[2026-10-01T19:47:57Z INFO  minertim] H/s 1m:2217.6 5m:2181.2 10m:2160.8 | Shares: 241/0 (found:241) | Diff: 143447 | 1m43s elapsed (since last share, avg 1m4s) | best=38 target=29941 (999%)
[2026-10-01T19:48:00Z INFO  minertim::pool_connection] New job: qQOcly0KpBTifGOx (difficulty: 143447, target: f5740000)
[2026-10-01T19:48:07Z INFO  minertim] H/s 1m:2214.2 5m:2180.7 10m:2160.6 | Shares: 241/0 (found:241) | Diff: 143447 | 1m53s elapsed (since last share, avg 1m4s) | best=38 target=29941 (999%)
[2026-10-01T19:48:17Z INFO  minertim::pool_connection] New job: p0X3XMvUrBk6kjGU (difficulty: 143447, target: f5740000)
[2026-10-01T19:48:17Z INFO  minertim] H/s 1m:2214.1 5m:2180.8 10m:2160.6 | Shares: 241/0 (found:241) | Diff: 143447 | 2m3s elapsed (since last share, avg 1m4s) | best=38 target=29941 (999%)
[2026-10-01T19:48:27Z INFO  minertim] H/s 1m:2214.0 5m:2180.8 10m:2160.6 | Shares: 241/0 (found:241) | Diff: 143447 | 2m13s elapsed (since last share, avg 1m4s) | best=38 target=29941 (999%)
[2026-10-01T19:48:31Z INFO  minertim::miner] Worker 2 SHARE FOUND! job_id=p0X3XMvUrBk6kjGU, nonce=e24eb001, hash_val=1887, difficulty=143447, hash=715e377cdea2b9afa5ed2fe4514a1f78a301792bf9a9cfce028964155f070000
[2026-10-01T19:48:37Z INFO  minertim::pool_connection] New job: ZSFyo5wZKYs8brBM (difficulty: 143447, target: f5740000)
[2026-10-01T19:48:37Z INFO  minertim::pool_connection] Share submitted: rpc_id=471 job_id=p0X3XMvUrBk6kjGU nonce=e24eb001
[2026-10-01T19:48:38Z INFO  minertim] H/s 1m:2158.1 5m:2171.2 10m:2156.5 | Shares: 241/0 (pending:1) (found:242) | Diff: 143447 | 6s elapsed (since last share, avg 1m6s) | best=38 target=29941 (999%)
[2026-10-01T19:48:38Z INFO  minertim::pool_connection] Share accepted: rpc_id=471 job_id=p0X3XMvUrBk6kjGU nonce=e24eb001 latency_ms=251
[2026-10-01T19:48:48Z INFO  minertim] H/s 1m:2160.3 5m:2171.6 10m:2156.7 | Shares: 242/0 (found:242) | Diff: 143447 | 16s elapsed (since last share, avg 1m6s) | best=38 target=29941 (999%)
[2026-10-01T19:48:57Z INFO  minertim::pool_connection] New job: UZbnxKo80af2gXSe (difficulty: 143447, target: f5740000)
[2026-10-01T19:48:58Z INFO  minertim] H/s 1m:2162.8 5m:2172.0 10m:2159.6 | Shares: 242/0 (found:242) | Diff: 143447 | 26s elapsed (since last share, avg 1m6s) | best=38 target=29941 (999%)
[2026-10-01T19:49:08Z INFO  minertim] H/s 1m:2160.5 5m:2171.6 10m:2159.4 | Shares: 242/0 (found:242) | Diff: 143447 | 36s elapsed (since last share, avg 1m6s) | best=38 target=29941 (999%)
[2026-10-01T19:49:17Z INFO  minertim::pool_connection] New job: 7haJ2XUgMBJTKlzi (difficulty: 143447, target: f5740000)
[2026-10-01T19:49:18Z INFO  minertim] H/s 1m:2160.2 5m:2171.5 10m:2159.4 | Shares: 242/0 (found:242) | Diff: 143447 | 46s elapsed (since last share, avg 1m6s) | best=38 target=29941 (999%)
[2026-10-01T19:49:28Z INFO  minertim] H/s 1m:2216.0 5m:2171.6 10m:2159.5 | Shares: 242/0 (found:242) | Diff: 143447 | 56s elapsed (since last share, avg 1m4s) | best=38 target=29941 (999%)
[2026-10-01T19:49:37Z INFO  minertim::pool_connection] New job: kMi8VmswmyBNETQD (difficulty: 143447, target: f5740000)
[2026-10-01T19:49:38Z INFO  minertim] H/s 1m:2213.8 5m:2171.6 10m:2159.5 | Shares: 242/0 (found:242) | Diff: 143447 | 1m6s elapsed (since last share, avg 1m4s) | best=38 target=29941 (999%)
[2026-10-01T19:49:48Z INFO  minertim] H/s 1m:2214.4 5m:2171.6 10m:2159.5 | Shares: 242/0 (found:242) | Diff: 143447 | 1m16s elapsed (since last share, avg 1m4s) | best=38 target=29941 (999%)
[2026-10-01T19:49:57Z INFO  minertim::pool_connection] New job: noPsT9IyCKberGnW (difficulty: 143447, target: f5740000)
[2026-10-01T19:49:58Z INFO  minertim] H/s 1m:2216.4 5m:2176.8 10m:2159.7 | Shares: 242/0 (found:242) | Diff: 143447 | 1m26s elapsed (since last share, avg 1m4s) | best=38 target=29941 (999%)
[2026-10-01T19:50:08Z INFO  minertim] H/s 1m:2213.8 5m:2176.3 10m:2159.5 | Shares: 242/0 (found:242) | Diff: 143447 | 1m36s elapsed (since last share, avg 1m4s) | best=38 target=29941 (999%)
[2026-10-01T19:50:17Z INFO  minertim::pool_connection] New job: 1jZIWK85pWgEq1Vn (difficulty: 143447, target: f5740000)
[2026-10-01T19:50:18Z INFO  minertim] H/s 1m:2213.9 5m:2176.3 10m:2162.1 | Shares: 242/0 (found:242) | Diff: 143447 | 1m46s elapsed (since last share, avg 1m4s) | best=38 target=29941 (999%)
[2026-10-01T19:50:21Z INFO  minertim::pool_connection] New job: EDjHdEGlVo80XQeM (difficulty: 108796, target: 359a0000)
[2026-10-01T19:50:27Z INFO  minertim::miner] Worker 0 SHARE FOUND! job_id=EDjHdEGlVo80XQeM, nonce=8469b201, hash_val=14215, difficulty=108796, hash=2568afdf2bcd90742bb3c67bce008fe8947f0cf3ee8f395a852071cf87370000
[2026-10-01T19:50:28Z INFO  minertim] H/s 1m:2158.5 5m:2175.4 10m:2157.4 | Shares: 242/0 (found:243) | Diff: 108796 | 0s elapsed (since last share, avg 50s) | best=38 target=39477 (999%)
[2026-10-01T19:50:37Z INFO  minertim::pool_connection] New job: kPz1QK6jzhL6rInB (difficulty: 108796, target: 359a0000)
[2026-10-01T19:50:37Z INFO  minertim::pool_connection] Share submitted: rpc_id=474 job_id=EDjHdEGlVo80XQeM nonce=8469b201
[2026-10-01T19:50:37Z INFO  minertim::pool_connection] Share accepted: rpc_id=474 job_id=EDjHdEGlVo80XQeM nonce=8469b201 latency_ms=342
[2026-10-01T19:50:38Z INFO  minertim] H/s 1m:2105.2 5m:2171.8 10m:2152.9 | Shares: 243/0 (found:243) | Diff: 108796 | 10s elapsed (since last share, avg 51s) | best=38 target=39477 (999%)
[2026-10-01T19:50:48Z INFO  minertim] H/s 1m:2106.6 5m:2172.1 10m:2153.0 | Shares: 243/0 (found:243) | Diff: 108796 | 20s elapsed (since last share, avg 51s) | best=38 target=39477 (999%)
[2026-10-01T19:50:51Z INFO  minertim::pool_connection] New job: tKioKUa0i77fMIXf (difficulty: 163195, target: ce660000)
[2026-10-01T19:50:54Z INFO  minertim::pool_connection] New job: lPMQIhue0UTZ0HRK (difficulty: 163195, target: ce660000)
[2026-10-01T19:50:58Z INFO  minertim] H/s 1m:2108.8 5m:2177.8 10m:2153.3 | Shares: 243/0 (found:243) | Diff: 163195 | 30s elapsed (since last share, avg 1m17s) | best=38 target=26318 (999%)
[2026-10-01T19:51:08Z INFO  minertim] H/s 1m:2105.7 5m:2186.6 10m:2153.0 | Shares: 243/0 (found:243) | Diff: 163195 | 40s elapsed (since last share, avg 1m17s) | best=38 target=26318 (999%)
[2026-10-01T19:51:14Z INFO  minertim::pool_connection] New job: dHomK0ryccYF0WV4 (difficulty: 163195, target: ce660000)
[2026-10-01T19:51:18Z INFO  minertim] H/s 1m:2161.1 5m:2186.7 10m:2153.1 | Shares: 243/0 (found:243) | Diff: 163195 | 50s elapsed (since last share, avg 1m15s) | best=38 target=26318 (999%)
[2026-10-01T19:51:18Z INFO  minertim::miner] Worker 3 SHARE FOUND! job_id=dHomK0ryccYF0WV4, nonce=3fc7b401, hash_val=12143, difficulty=163195, hash=f654f2671c1b6fa2b4fb544b9919c4a75dcc4bb9ff5d9ed35b6e0e1a6f2f0000
[2026-10-01T19:51:28Z INFO  minertim] H/s 1m:2106.2 5m:2168.1 10m:2143.9 | Shares: 243/0 (found:244) | Diff: 163195 | 9s elapsed (since last share, avg 1m17s) | best=38 target=26318 (999%)
[2026-10-01T19:51:34Z INFO  minertim::pool_connection] New job: RFXae9qIWB2VReut (difficulty: 163195, target: ce660000)
[2026-10-01T19:51:34Z INFO  minertim::pool_connection] Share submitted: rpc_id=476 job_id=dHomK0ryccYF0WV4 nonce=3fc7b401
[2026-10-01T19:51:34Z INFO  minertim::pool_connection] Share accepted: rpc_id=476 job_id=dHomK0ryccYF0WV4 nonce=3fc7b401 latency_ms=306
[2026-10-01T19:51:38Z INFO  minertim] H/s 1m:2020.1 5m:2153.4 10m:2149.0 | Shares: 244/0 (found:244) | Diff: 163195 | 19s elapsed (since last share, avg 1m20s) | best=38 target=26318 (999%)
[2026-10-01T19:51:48Z INFO  minertim] H/s 1m:2020.4 5m:2153.3 10m:2158.0 | Shares: 244/0 (found:244) | Diff: 163195 | 29s elapsed (since last share, avg 1m20s) | best=38 target=26318 (999%)
[2026-10-01T19:51:54Z INFO  minertim::pool_connection] New job: qsrZr6sM74bw8w7r (difficulty: 163195, target: ce660000)
[2026-10-01T19:51:58Z INFO  minertim] H/s 1m:2022.9 5m:2153.6 10m:2162.7 | Shares: 244/0 (found:244) | Diff: 163195 | 39s elapsed (since last share, avg 1m20s) | best=38 target=26318 (999%)
[2026-10-01T19:52:08Z INFO  minertim] H/s 1m:2019.9 5m:2153.0 10m:2162.4 | Shares: 244/0 (found:244) | Diff: 163195 | 49s elapsed (since last share, avg 1m20s) | best=38 target=26318 (999%)
[2026-10-01T19:52:13Z INFO  minertim::pool_connection] New job: aSVj7StVUxcHp58M (difficulty: 163195, target: ce660000)
[2026-10-01T19:52:18Z INFO  minertim] H/s 1m:2127.8 5m:2153.0 10m:2162.4 | Shares: 244/0 (found:244) | Diff: 163195 | 59s elapsed (since last share, avg 1m16s) | best=38 target=26318 (999%)
[2026-10-01T19:52:28Z INFO  minertim] H/s 1m:2210.7 5m:2152.6 10m:2162.2 | Shares: 244/0 (found:244) | Diff: 163195 | 1m9s elapsed (since last share, avg 1m13s) | best=38 target=26318 (999%)
[2026-10-01T19:52:33Z INFO  minertim::pool_connection] New job: 45x5fdhcsVMiiogI (difficulty: 163195, target: ce660000)
[2026-10-01T19:52:38Z INFO  minertim] H/s 1m:2206.0 5m:2151.7 10m:2161.8 | Shares: 244/0 (found:244) | Diff: 163195 | 1m19s elapsed (since last share, avg 1m13s) | best=38 target=26318 (999%)
[2026-10-01T19:52:44Z INFO  minertim::pool_connection] New job: lHarm6YhZjbQT6Xl (difficulty: 163195, target: ce660000)
[2026-10-01T19:52:48Z INFO  minertim] H/s 1m:2200.9 5m:2150.7 10m:2165.9 | Shares: 244/0 (found:244) | Diff: 163195 | 1m29s elapsed (since last share, avg 1m14s) | best=38 target=26318 (999%)
[2026-10-01T19:52:51Z INFO  minertim::pool_connection] New job: aXvtHlVLDwTaETjz (difficulty: 109607, target: 11990000)
[2026-10-01T19:52:58Z INFO  minertim] H/s 1m:2201.4 5m:2150.8 10m:2166.6 | Shares: 244/0 (found:244) | Diff: 109607 | 1m39s elapsed (since last share, avg 49s) | best=38 target=39185 (999%)
[2026-10-01T19:53:04Z INFO  minertim::pool_connection] New job: GJXH8Iz8E5lStAir (difficulty: 109607, target: 11990000)
[2026-10-01T19:53:08Z INFO  minertim] H/s 1m:2192.1 5m:2149.2 10m:2165.8 | Shares: 244/0 (found:244) | Diff: 109607 | 1m49s elapsed (since last share, avg 50s) | best=38 target=39185 (999%)
[2026-10-01T19:53:12Z INFO  minertim::miner] Worker 1 SHARE FOUND! job_id=GJXH8Iz8E5lStAir, nonce=ad94b901, hash_val=28842, difficulty=109607, hash=41fcbafaba2914f19dd0453ed7b1f049c6bf52d5ce85ba86729687beaa700000
[2026-10-01T19:53:14Z INFO  minertim::pool_connection] Share submitted: rpc_id=479 job_id=GJXH8Iz8E5lStAir nonce=ad94b901
[2026-10-01T19:53:14Z INFO  minertim::pool_connection] Share accepted: rpc_id=479 job_id=GJXH8Iz8E5lStAir nonce=ad94b901 latency_ms=357
[2026-10-01T19:53:18Z INFO  minertim] H/s 1m:2174.9 5m:2145.8 10m:2164.2 | Shares: 245/0 (found:245) | Diff: 109607 | 5s elapsed (since last share, avg 50s) | best=38 target=39185 (999%)
[2026-10-01T19:53:21Z INFO  minertim::pool_connection] New job: PLcTbnxeBOxY1kfL (difficulty: 164413, target: 0b660000)
[2026-10-01T19:53:24Z INFO  minertim::pool_connection] New job: qBG344eL5cOXWyEj (difficulty: 164413, target: 0b660000)
[2026-10-01T19:53:28Z INFO  minertim] H/s 1m:2178.9 5m:2155.3 10m:2164.1 | Shares: 245/0 (found:245) | Diff: 164413 | 15s elapsed (since last share, avg 1m15s) | best=38 target=26123 (999%)
[2026-10-01T19:53:38Z INFO  minertim] H/s 1m:2181.5 5m:2154.4 10m:2163.9 | Shares: 245/0 (found:245) | Diff: 164413 | 25s elapsed (since last share, avg 1m15s) | best=38 target=26123 (999%)
[2026-10-01T19:53:44Z INFO  minertim::pool_connection] New job: WUcuvq6cDdp1Jv5x (difficulty: 164413, target: 0b660000)
[2026-10-01T19:53:48Z INFO  minertim] H/s 1m:2182.0 5m:2154.1 10m:2163.7 | Shares: 245/0 (found:245) | Diff: 164413 | 35s elapsed (since last share, avg 1m15s) | best=38 target=26123 (999%)
[2026-10-01T19:53:58Z INFO  minertim] H/s 1m:2191.0 5m:2154.4 10m:2163.9 | Shares: 245/0 (found:245) | Diff: 164413 | 45s elapsed (since last share, avg 1m15s) | best=38 target=26123 (999%)
[2026-10-01T19:54:04Z INFO  minertim::pool_connection] New job: k4NTD0KHqs8ibWo0 (difficulty: 164413, target: 0b660000)
[2026-10-01T19:54:08Z INFO  minertim] H/s 1m:2205.7 5m:2153.6 10m:2163.5 | Shares: 245/0 (found:245) | Diff: 164413 | 55s elapsed (since last share, avg 1m14s) | best=38 target=26123 (999%)
[2026-10-01T19:54:18Z INFO  minertim] H/s 1m:2205.5 5m:2153.4 10m:2163.4 | Shares: 245/0 (found:245) | Diff: 164413 | 1m5s elapsed (since last share, avg 1m14s) | best=38 target=26123 (999%)
[2026-10-01T19:54:21Z INFO  minertim::pool_connection] New job: j0C5zoHN4HC0yOy6 (difficulty: 110424, target: ef970000)
[2026-10-01T19:54:24Z INFO  minertim::pool_connection] New job: p4Uj3ER0oB2mvO9f (difficulty: 110424, target: ef970000)
[2026-10-01T19:54:28Z INFO  minertim] H/s 1m:2207.3 5m:2153.2 10m:2163.3 | Shares: 245/0 (found:245) | Diff: 110424 | 1m15s elapsed (since last share, avg 50s) | best=38 target=38895 (999%)
[2026-10-01T19:54:38Z INFO  minertim] H/s 1m:2207.8 5m:2153.0 10m:2163.2 | Shares: 245/0 (found:245) | Diff: 110424 | 1m25s elapsed (since last share, avg 50s) | best=38 target=38895 (999%)
[2026-10-01T19:54:44Z INFO  minertim::pool_connection] New job: fkTt4r9VeKAEX0x0 (difficulty: 110424, target: ef970000)
[2026-10-01T19:54:47Z INFO  minertim::miner] Worker 2 SHARE FOUND! job_id=fkTt4r9VeKAEX0x0, nonce=a2ccbc01, hash_val=21121, difficulty=110424, hash=e760076cadd25eb7828d8180110d3f58e6ce9d8af069c48e7396395d81520000
[2026-10-01T19:54:48Z INFO  minertim] H/s 1m:2152.8 5m:2143.4 10m:2158.5 | Shares: 245/0 (found:246) | Diff: 110424 | 0s elapsed (since last share, avg 51s) | best=38 target=38895 (999%)
[2026-10-01T19:54:58Z INFO  minertim] H/s 1m:2047.8 5m:2125.0 10m:2151.8 | Shares: 245/0 (found:246) | Diff: 110424 | 10s elapsed (since last share, avg 53s) | best=38 target=38895 (999%)
[2026-10-01T19:55:04Z INFO  minertim::pool_connection] New job: 0uVKSni9jIPydM0y (difficulty: 110424, target: ef970000)
[2026-10-01T19:55:04Z INFO  minertim::pool_connection] Share submitted: rpc_id=481 job_id=fkTt4r9VeKAEX0x0 nonce=a2ccbc01
[2026-10-01T19:55:04Z INFO  minertim::pool_connection] Share accepted: rpc_id=481 job_id=fkTt4r9VeKAEX0x0 nonce=a2ccbc01 latency_ms=261
[2026-10-01T19:55:08Z INFO  minertim] H/s 1m:1990.8 5m:2115.0 10m:2146.9 | Shares: 246/0 (found:246) | Diff: 110424 | 20s elapsed (since last share, avg 55s) | best=38 target=38895 (999%)
[2026-10-01T19:55:18Z INFO  minertim] H/s 1m:1990.6 5m:2124.3 10m:2146.7 | Shares: 246/0 (found:246) | Diff: 110424 | 30s elapsed (since last share, avg 55s) | best=38 target=38895 (999%)
[2026-10-01T19:55:23Z INFO  minertim::pool_connection] New job: 7qm3AHF3VwXE808Y (difficulty: 110424, target: ef970000)
[2026-10-01T19:55:28Z INFO  minertim] H/s 1m:1991.9 5m:2133.4 10m:2151.0 | Shares: 246/0 (found:246) | Diff: 110424 | 40s elapsed (since last share, avg 55s) | best=38 target=38895 (999%)
[2026-10-01T19:55:38Z INFO  minertim] H/s 1m:2047.0 5m:2133.2 10m:2153.7 | Shares: 246/0 (found:246) | Diff: 110424 | 50s elapsed (since last share, avg 53s) | best=38 target=38895 (999%)
[2026-10-01T19:55:43Z INFO  minertim::pool_connection] New job: IjJAhLOZMIgMzxxN (difficulty: 110424, target: ef970000)
[2026-10-01T19:55:48Z INFO  minertim] H/s 1m:2155.5 5m:2133.1 10m:2153.6 | Shares: 246/0 (found:246) | Diff: 110424 | 1m0s elapsed (since last share, avg 51s) | best=38 target=38895 (999%)
[2026-10-01T19:55:57Z INFO  minertim::pool_connection] New job: iIokQKX0Uywu9wW5 (difficulty: 110424, target: ef970000)
[2026-10-01T19:55:58Z INFO  minertim] H/s 1m:2212.1 5m:2133.3 10m:2156.3 | Shares: 246/0 (found:246) | Diff: 110424 | 1m10s elapsed (since last share, avg 49s) | best=38 target=38895 (999%)
[2026-10-01T19:56:04Z INFO  minertim::miner] Worker 3 SHARE FOUND! job_id=iIokQKX0Uywu9wW5, nonce=83e4bd01, hash_val=10339, difficulty=110424, hash=088ed656f70ced2bf4f2627b8a20411f74254f16154cb0aa66383d6a63280000
[2026-10-01T19:56:08Z INFO  minertim] H/s 1m:2209.8 5m:2132.7 10m:2160.6 | Shares: 246/0 (found:247) | Diff: 110424 | 3s elapsed (since last share, avg 49s) | best=38 target=38895 (999%)
[2026-10-01T19:56:08Z INFO  minertim::miner] Worker 0 SHARE FOUND! job_id=iIokQKX0Uywu9wW5, nonce=149abd01, hash_val=37612, difficulty=110424, hash=bc66ca6e1bc8feba9c2d12e451b0bf72f74f90a0a36e57623ffa1184ec920000
[2026-10-01T19:56:10Z INFO  minertim::pool_connection] Share submitted: rpc_id=484 job_id=iIokQKX0Uywu9wW5 nonce=149abd01
[2026-10-01T19:56:10Z INFO  minertim::pool_connection] Share submitted: rpc_id=483 job_id=iIokQKX0Uywu9wW5 nonce=83e4bd01
[2026-10-01T19:56:10Z INFO  minertim::pool_connection] Share accepted: rpc_id=484 job_id=iIokQKX0Uywu9wW5 nonce=149abd01 latency_ms=307
[2026-10-01T19:56:11Z INFO  minertim::pool_connection] Share accepted: rpc_id=483 job_id=iIokQKX0Uywu9wW5 nonce=83e4bd01 latency_ms=615
[2026-10-01T19:56:17Z INFO  minertim::pool_connection] New job: cBNzeYgAAQqeya89 (difficulty: 110424, target: ef970000)
[2026-10-01T19:56:18Z INFO  minertim] H/s 1m:2142.8 5m:2139.7 10m:2155.0 | Shares: 248/0 (found:248) | Diff: 110424 | 9s elapsed (since last share, avg 51s) | best=38 target=38895 (999%)
[2026-10-01T19:56:28Z INFO  minertim] H/s 1m:2142.2 5m:2154.2 10m:2154.9 | Shares: 248/0 (found:248) | Diff: 110424 | 19s elapsed (since last share, avg 51s) | best=38 target=38895 (999%)
[2026-10-01T19:56:37Z INFO  minertim::pool_connection] New job: W0WTNghWpah70lvO (difficulty: 110424, target: ef970000)
[2026-10-01T19:56:38Z INFO  minertim] H/s 1m:2141.9 5m:2154.0 10m:2154.7 | Shares: 248/0 (found:248) | Diff: 110424 | 29s elapsed (since last share, avg 51s) | best=38 target=38895 (999%)
[2026-10-01T19:56:48Z INFO  minertim] H/s 1m:2142.3 5m:2153.9 10m:2154.6 | Shares: 248/0 (found:248) | Diff: 110424 | 39s elapsed (since last share, avg 51s) | best=38 target=38895 (999%)
[2026-10-01T19:56:57Z INFO  minertim::pool_connection] New job: lHcAKnF9bKhnLykf (difficulty: 110424, target: ef970000)
[2026-10-01T19:56:58Z INFO  minertim] H/s 1m:2144.4 5m:2154.2 10m:2154.7 | Shares: 248/0 (found:248) | Diff: 110424 | 49s elapsed (since last share, avg 51s) | best=38 target=38895 (999%)
[2026-10-01T19:57:08Z INFO  minertim] H/s 1m:2207.2 5m:2153.4 10m:2154.3 | Shares: 248/0 (found:248) | Diff: 110424 | 59s elapsed (since last share, avg 50s) | best=38 target=38895 (999%)
[2026-10-01T19:57:17Z INFO  minertim::pool_connection] New job: v9cmexY429mUexJH (difficulty: 110424, target: ef970000)
[2026-10-01T19:57:18Z INFO  minertim] H/s 1m:2206.2 5m:2153.4 10m:2154.1 | Shares: 248/0 (found:248) | Diff: 110424 | 1m9s elapsed (since last share, avg 50s) | best=38 target=38895 (999%)
[2026-10-01T19:57:28Z INFO  minertim] H/s 1m:2206.5 5m:2154.1 10m:2154.0 | Shares: 248/0 (found:248) | Diff: 110424 | 1m19s elapsed (since last share, avg 50s) | best=38 target=38895 (999%)
[2026-10-01T19:57:37Z INFO  minertim::pool_connection] New job: XWaVjTLnQUmg0At6 (difficulty: 110424, target: ef970000)
[2026-10-01T19:57:38Z INFO  minertim] H/s 1m:2206.6 5m:2154.9 10m:2153.9 | Shares: 248/0 (found:248) | Diff: 110424 | 1m29s elapsed (since last share, avg 50s) | best=38 target=38895 (999%)
[2026-10-01T19:57:48Z INFO  minertim] H/s 1m:2206.9 5m:2155.1 10m:2153.8 | Shares: 248/0 (found:248) | Diff: 110424 | 1m39s elapsed (since last share, avg 50s) | best=38 target=38895 (999%)
[2026-10-01T19:57:57Z INFO  minertim::pool_connection] New job: O5pMzVwuNlgxvIAP (difficulty: 110424, target: ef970000)
[2026-10-01T19:57:58Z INFO  minertim] H/s 1m:2211.4 5m:2156.8 10m:2154.1 | Shares: 248/0 (found:248) | Diff: 110424 | 1m49s elapsed (since last share, avg 49s) | best=38 target=38895 (999%)
[2026-10-01T19:58:04Z INFO  minertim::miner] Worker 1 SHARE FOUND! job_id=O5pMzVwuNlgxvIAP, nonce=e15bc301, hash_val=32622, difficulty=110424, hash=3fa23bf12efbd4d8b8e17620959515b508be9a81a78fa0cec0c8714e6e7f0000
[2026-10-01T19:58:08Z INFO  minertim] H/s 1m:2157.8 5m:2150.5 10m:2149.3 | Shares: 248/0 (found:249) | Diff: 110424 | 4s elapsed (since last share, avg 51s) | best=38 target=38895 (999%)
[2026-10-01T19:58:17Z INFO  minertim::pool_connection] New job: TZZfTmd9QSKuD56K (difficulty: 110424, target: ef970000)
[2026-10-01T19:58:17Z INFO  minertim::pool_connection] Share submitted: rpc_id=487 job_id=O5pMzVwuNlgxvIAP nonce=e15bc301
[2026-10-01T19:58:17Z INFO  minertim::pool_connection] Share accepted: rpc_id=487 job_id=O5pMzVwuNlgxvIAP nonce=e15bc301 latency_ms=308
[2026-10-01T19:58:18Z INFO  minertim] H/s 1m:2100.5 5m:2140.6 10m:2144.4 | Shares: 249/0 (found:249) | Diff: 110424 | 14s elapsed (since last share, avg 52s) | best=38 target=38895 (999%)
[2026-10-01T19:58:21Z INFO  minertim::pool_connection] New job: gDCWQdCXvf0j8oEz (difficulty: 84223, target: 33c70000)
[2026-10-01T19:58:28Z INFO  minertim] H/s 1m:2102.5 5m:2141.3 10m:2149.2 | Shares: 249/0 (found:249) | Diff: 84223 | 24s elapsed (since last share, avg 40s) | best=38 target=50995 (999%)
[2026-10-01T19:58:37Z INFO  minertim::pool_connection] New job: KE0uDcwjGHIGoXAy (difficulty: 84223, target: 33c70000)
[2026-10-01T19:58:38Z INFO  minertim] H/s 1m:2103.7 5m:2141.6 10m:2149.0 | Shares: 249/0 (found:249) | Diff: 84223 | 34s elapsed (since last share, avg 40s) | best=38 target=50995 (999%)
[2026-10-01T19:58:48Z INFO  minertim] H/s 1m:2103.6 5m:2141.7 10m:2149.0 | Shares: 249/0 (found:249) | Diff: 84223 | 44s elapsed (since last share, avg 40s) | best=38 target=50995 (999%)
[2026-10-01T19:58:55Z INFO  minertim::miner] Worker 2 SHARE FOUND! job_id=KE0uDcwjGHIGoXAy, nonce=36a3c401, hash_val=50099, difficulty=84223, hash=19fdd489ac159a2c91373f2e042f635ca33d08c267e516cc0710afecb3c30000
[2026-10-01T19:58:56Z INFO  minertim::pool_connection] New job: ReIu9010uowqmUmr (difficulty: 84223, target: 33c70000)
[2026-10-01T19:58:56Z INFO  minertim::pool_connection] Share submitted: rpc_id=489 job_id=KE0uDcwjGHIGoXAy nonce=36a3c401
[2026-10-01T19:58:57Z INFO  minertim::pool_connection] Share accepted: rpc_id=489 job_id=KE0uDcwjGHIGoXAy nonce=36a3c401 latency_ms=306
[2026-10-01T19:58:58Z INFO  minertim] H/s 1m:2159.9 5m:2142.6 10m:2149.3 | Shares: 250/0 (found:250) | Diff: 84223 | 3s elapsed (since last share, avg 38s) | best=38 target=50995 (999%)
[2026-10-01T19:59:08Z INFO  minertim] H/s 1m:2200.9 5m:2139.8 10m:2147.8 | Shares: 250/0 (found:250) | Diff: 84223 | 13s elapsed (since last share, avg 38s) | best=38 target=50995 (999%)
[2026-10-01T19:59:09Z INFO  minertim::miner] Worker 3 SHARE FOUND! job_id=ReIu9010uowqmUmr, nonce=abecc301, hash_val=33134, difficulty=84223, hash=6565dd9480c2d2a98f4d2d95292cd60c0855a11ca0c325974eb5480a6e810000
[2026-10-01T19:59:10Z INFO  minertim::pool_connection] Share submitted: rpc_id=490 job_id=ReIu9010uowqmUmr nonce=abecc301
[2026-10-01T19:59:10Z INFO  minertim::pool_connection] Share accepted: rpc_id=490 job_id=ReIu9010uowqmUmr nonce=abecc301 latency_ms=225
[2026-10-01T19:59:16Z INFO  minertim::pool_connection] New job: MD7F0HP3ifWMW9Zb (difficulty: 84223, target: 33c70000)
[2026-10-01T19:59:18Z INFO  minertim] H/s 1m:2183.5 5m:2137.2 10m:2146.4 | Shares: 251/0 (found:251) | Diff: 84223 | 9s elapsed (since last share, avg 38s) | best=38 target=50995 (999%)
[2026-10-01T19:59:21Z INFO  minertim::pool_connection] New job: zcxpTG6o4JNW2MiR (difficulty: 126333, target: cd840000)
[2026-10-01T19:59:28Z INFO  minertim] H/s 1m:2183.5 5m:2137.4 10m:2146.4 | Shares: 251/0 (found:251) | Diff: 126333 | 19s elapsed (since last share, avg 57s) | best=38 target=33997 (999%)
[2026-10-01T19:59:36Z INFO  minertim::pool_connection] New job: PckRLdEoIqsbZ7LM (difficulty: 126333, target: cd840000)
[2026-10-01T19:59:38Z INFO  minertim] H/s 1m:2183.5 5m:2147.0 10m:2146.4 | Shares: 251/0 (found:251) | Diff: 126333 | 29s elapsed (since last share, avg 57s) | best=38 target=33997 (999%)
[2026-10-01T19:59:47Z INFO  minertim::pool_connection] New job: jfM0G4pSiEUYS15F (difficulty: 126333, target: cd840000)
[2026-10-01T19:59:48Z INFO  minertim] H/s 1m:2183.2 5m:2165.9 10m:2146.5 | Shares: 251/0 (found:251) | Diff: 126333 | 39s elapsed (since last share, avg 57s) | best=38 target=33997 (999%)
[2026-10-01T19:59:58Z INFO  minertim] H/s 1m:2200.6 5m:2176.0 10m:2146.7 | Shares: 251/0 (found:251) | Diff: 126333 | 49s elapsed (since last share, avg 57s) | best=38 target=33997 (999%)
[2026-10-01T20:00:07Z INFO  minertim::pool_connection] New job: gRtx8rV5DylwBKF3 (difficulty: 126333, target: cd840000)
[2026-10-01T20:00:08Z INFO  minertim] H/s 1m:2213.3 5m:2175.6 10m:2146.4 | Shares: 251/0 (found:251) | Diff: 126333 | 59s elapsed (since last share, avg 57s) | best=38 target=33997 (999%)
[2026-10-01T20:00:09Z INFO  minertim::miner] Worker 2 SHARE FOUND! job_id=gRtx8rV5DylwBKF3, nonce=aa16c701, hash_val=6248, difficulty=126333, hash=b81675e98bed5ff9505b637319146c3768375af68cbf53ac37a95db668180000
[2026-10-01T20:00:10Z INFO  minertim::pool_connection] Share submitted: rpc_id=492 job_id=gRtx8rV5DylwBKF3 nonce=aa16c701
[2026-10-01T20:00:11Z INFO  minertim::pool_connection] Share accepted: rpc_id=492 job_id=gRtx8rV5DylwBKF3 nonce=aa16c701 latency_ms=307
[2026-10-01T20:00:18Z INFO  minertim] H/s 1m:2200.6 5m:2173.4 10m:2150.0 | Shares: 252/0 (found:252) | Diff: 126333 | 9s elapsed (since last share, avg 57s) | best=38 target=33997 (999%)
[2026-10-01T20:00:21Z INFO  minertim::pool_connection] New job: 7LIVhON06g4xDHZ0 (difficulty: 94750, target: 11b10000)
[2026-10-01T20:00:27Z INFO  minertim::pool_connection] New job: LNrL8axgl5SAZHKG (difficulty: 94750, target: 11b10000)
[2026-10-01T20:00:28Z INFO  minertim::pool_connection] New job: ct5yD6T6bSGdQF8L (difficulty: 94750, target: 11b10000)
[2026-10-01T20:00:28Z INFO  minertim] H/s 1m:2200.7 5m:2173.5 10m:2154.5 | Shares: 252/0 (found:252) | Diff: 94750 | 19s elapsed (since last share, avg 43s) | best=38 target=45329 (999%)
[2026-10-01T20:00:38Z INFO  minertim] H/s 1m:2200.7 5m:2173.7 10m:2154.4 | Shares: 252/0 (found:252) | Diff: 94750 | 29s elapsed (since last share, avg 43s) | best=38 target=45329 (999%)
[2026-10-01T20:00:47Z INFO  minertim::pool_connection] New job: BqUAhNALKlGDatte (difficulty: 94750, target: 11b10000)
[2026-10-01T20:00:48Z INFO  minertim] H/s 1m:2199.4 5m:2173.8 10m:2154.4 | Shares: 252/0 (found:252) | Diff: 94750 | 39s elapsed (since last share, avg 43s) | best=38 target=45329 (999%)
[2026-10-01T20:00:58Z INFO  minertim] H/s 1m:2203.2 5m:2174.4 10m:2154.6 | Shares: 252/0 (found:252) | Diff: 94750 | 49s elapsed (since last share, avg 43s) | best=38 target=45329 (999%)
[2026-10-01T20:01:07Z INFO  minertim::pool_connection] New job: PcJ0sL0C0qPi6zyp (difficulty: 94750, target: 11b10000)
[2026-10-01T20:01:08Z INFO  minertim] H/s 1m:2214.4 5m:2185.8 10m:2154.5 | Shares: 252/0 (found:252) | Diff: 94750 | 59s elapsed (since last share, avg 42s) | best=38 target=45329 (999%)
[2026-10-01T20:01:18Z INFO  minertim] H/s 1m:2214.4 5m:2186.0 10m:2163.7 | Shares: 252/0 (found:252) | Diff: 94750 | 1m9s elapsed (since last share, avg 42s) | best=38 target=45329 (999%)
[2026-10-01T20:01:21Z INFO  minertim::pool_connection] New job: BFavYDJehwE3UAem (difficulty: 60053, target: 5f170100)
[2026-10-01T20:01:26Z INFO  minertim::miner] Worker 3 SHARE FOUND! job_id=BFavYDJehwE3UAem, nonce=7787c801, hash_val=3177, difficulty=60053, hash=0da3cfa4ee0dbeb4be79d25e62b42b9dc27a4d2576a54266a5dc8ef1690c0000
[2026-10-01T20:01:27Z INFO  minertim::pool_connection] New job: TO1IjrQbgB2nzM0s (difficulty: 60053, target: 5f170100)
[2026-10-01T20:01:27Z INFO  minertim::pool_connection] Share submitted: rpc_id=495 job_id=BFavYDJehwE3UAem nonce=7787c801
[2026-10-01T20:01:28Z INFO  minertim::pool_connection] Share accepted: rpc_id=495 job_id=BFavYDJehwE3UAem nonce=7787c801 latency_ms=307
[2026-10-01T20:01:28Z INFO  minertim] H/s 1m:2214.0 5m:2186.2 10m:2170.9 | Shares: 253/0 (found:253) | Diff: 60053 | 1s elapsed (since last share, avg 27s) | best=38 target=71519 (999%)
[2026-10-01T20:01:31Z INFO  minertim::miner] Worker 0 SHARE FOUND! job_id=TO1IjrQbgB2nzM0s, nonce=a07ac801, hash_val=41711, difficulty=60053, hash=626d88ad49ed549adeeb095b3416c45c2475fe4cd3f3c290e01beacaefa20000
[2026-10-01T20:01:38Z INFO  minertim] H/s 1m:2098.8 5m:2166.3 10m:2161.0 | Shares: 253/0 (found:254) | Diff: 60053 | 6s elapsed (since last share, avg 28s) | best=38 target=71519 (999%)
[2026-10-01T20:01:42Z INFO  minertim::pool_connection] New job: aDTiYB0mCWgVwh3k (difficulty: 60053, target: 5f170100)
[2026-10-01T20:01:42Z INFO  minertim::pool_connection] Share submitted: rpc_id=496 job_id=TO1IjrQbgB2nzM0s nonce=a07ac801
[2026-10-01T20:01:43Z INFO  minertim::pool_connection] Share accepted: rpc_id=496 job_id=TO1IjrQbgB2nzM0s nonce=a07ac801 latency_ms=250
[2026-10-01T20:01:43Z INFO  minertim::miner] Worker 1 SHARE FOUND! job_id=aDTiYB0mCWgVwh3k, nonce=355bca01, hash_val=49492, difficulty=60053, hash=3536fbe8b92433a5eee11d195f3218210d23d842f8b67d0bc889476d54c10000
[2026-10-01T20:01:48Z INFO  minertim] H/s 1m:2044.5 5m:2157.2 10m:2156.5 | Shares: 254/0 (found:255) | Diff: 60053 | 4s elapsed (since last share, avg 29s) | best=38 target=71519 (999%)
[2026-10-01T20:01:51Z INFO  minertim::pool_connection] New job: xVJXiNGKD1ljk0dr (difficulty: 90080, target: 3fba0000)
[2026-10-01T20:01:51Z INFO  minertim::pool_connection] Share submitted: rpc_id=497 job_id=aDTiYB0mCWgVwh3k nonce=355bca01
[2026-10-01T20:01:51Z INFO  minertim::pool_connection] Share accepted: rpc_id=497 job_id=aDTiYB0mCWgVwh3k nonce=355bca01 latency_ms=353
[2026-10-01T20:01:58Z INFO  minertim::miner] Worker 0 SHARE FOUND! job_id=xVJXiNGKD1ljk0dr, nonce=0cffc801, hash_val=19779, difficulty=90080, hash=0cb19fdc973aeb3b59202b04c10390534676bfeea268e6fe61599314434d0000
[2026-10-01T20:01:58Z INFO  minertim] H/s 1m:2013.3 5m:2152.3 10m:2153.9 | Shares: 255/0 (found:256) | Diff: 90080 | 0s elapsed (since last share, avg 44s) | best=38 target=47679 (999%)
[2026-10-01T20:02:02Z INFO  minertim::pool_connection] New job: VwoLrD6O5JVR7Qf6 (difficulty: 90080, target: 3fba0000)
[2026-10-01T20:02:02Z INFO  minertim::pool_connection] Share submitted: rpc_id=498 job_id=xVJXiNGKD1ljk0dr nonce=0cffc801
[2026-10-01T20:02:03Z INFO  minertim::pool_connection] Share accepted: rpc_id=498 job_id=xVJXiNGKD1ljk0dr nonce=0cffc801 latency_ms=262
[2026-10-01T20:02:07Z INFO  minertim::miner] Worker 1 SHARE FOUND! job_id=VwoLrD6O5JVR7Qf6, nonce=a1e4ca01, hash_val=17369, difficulty=90080, hash=c37373f0e3de93fe50f7082beb1f661767cb37efbd299c0292ed6cebd9430000
[2026-10-01T20:02:08Z INFO  minertim] H/s 1m:1960.1 5m:2143.5 10m:2149.5 | Shares: 256/0 (found:257) | Diff: 90080 | 1s elapsed (since last share, avg 45s) | best=38 target=47679 (999%)
[2026-10-01T20:02:10Z INFO  minertim::pool_connection] Share submitted: rpc_id=499 job_id=VwoLrD6O5JVR7Qf6 nonce=a1e4ca01
[2026-10-01T20:02:11Z INFO  minertim::pool_connection] Share accepted: rpc_id=499 job_id=VwoLrD6O5JVR7Qf6 nonce=a1e4ca01 latency_ms=306
[2026-10-01T20:02:18Z INFO  minertim] H/s 1m:1925.3 5m:2137.7 10m:2146.7 | Shares: 257/0 (found:257) | Diff: 90080 | 11s elapsed (since last share, avg 46s) | best=38 target=47679 (999%)
[2026-10-01T20:02:21Z INFO  minertim::pool_connection] New job: KoIdbtnZevGp4tMw (difficulty: 135121, target: 2a7c0000)
[2026-10-01T20:02:22Z INFO  minertim::pool_connection] New job: Bd87XX0tAIi0325W (difficulty: 135121, target: 2a7c0000)
[2026-10-01T20:02:28Z INFO  minertim] H/s 1m:2041.5 5m:2137.8 10m:2147.1 | Shares: 257/0 (found:257) | Diff: 135121 | 21s elapsed (since last share, avg 1m6s) | best=38 target=31786 (999%)
[2026-10-01T20:02:38Z INFO  minertim] H/s 1m:2095.7 5m:2138.0 10m:2147.6 | Shares: 257/0 (found:257) | Diff: 135121 | 31s elapsed (since last share, avg 1m4s) | best=38 target=31786 (999%)
[2026-10-01T20:02:42Z INFO  minertim::pool_connection] New job: NM9KXp7b5l6kNt06 (difficulty: 135121, target: 2a7c0000)
[2026-10-01T20:02:48Z INFO  minertim] H/s 1m:2128.4 5m:2138.0 10m:2147.8 | Shares: 257/0 (found:257) | Diff: 135121 | 41s elapsed (since last share, avg 1m3s) | best=38 target=31786 (999%)
[2026-10-01T20:02:58Z INFO  minertim] H/s 1m:2182.0 5m:2147.7 10m:2148.6 | Shares: 257/0 (found:257) | Diff: 135121 | 51s elapsed (since last share, avg 1m1s) | best=38 target=31786 (999%)
[2026-10-01T20:03:02Z INFO  minertim::pool_connection] New job: QZMQ5xqp0fzKHbST (difficulty: 135121, target: 2a7c0000)
[2026-10-01T20:03:08Z INFO  minertim] H/s 1m:2214.2 5m:2157.3 10m:2150.0 | Shares: 257/0 (found:257) | Diff: 135121 | 1m1s elapsed (since last share, avg 1m1s) | best=38 target=31786 (999%)
[2026-10-01T20:03:18Z INFO  minertim] H/s 1m:2214.4 5m:2157.1 10m:2150.1 | Shares: 257/0 (found:257) | Diff: 135121 | 1m11s elapsed (since last share, avg 1m1s) | best=38 target=31786 (999%)
[2026-10-01T20:03:21Z INFO  minertim::pool_connection] New job: yTr9vlD4syjtlrcA (difficulty: 85639, target: e8c30000)
[2026-10-01T20:03:22Z INFO  minertim::pool_connection] New job: sNRY28ZBMcrtsU0z (difficulty: 85639, target: e8c30000)
[2026-10-01T20:03:25Z INFO  minertim::miner] Worker 3 SHARE FOUND! job_id=sNRY28ZBMcrtsU0z, nonce=8784cc01, hash_val=42189, difficulty=85639, hash=b4b50d7269e3d88d9409d6338ff92dba4a72e72c68b20bded97ef57acda40000
[2026-10-01T20:03:28Z INFO  minertim] H/s 1m:2159.7 5m:2147.7 10m:2145.7 | Shares: 257/0 (found:258) | Diff: 85639 | 3s elapsed (since last share, avg 39s) | best=38 target=50152 (999%)
[2026-10-01T20:03:38Z INFO  minertim] H/s 1m:2056.3 5m:2129.9 10m:2137.1 | Shares: 257/0 (found:258) | Diff: 85639 | 13s elapsed (since last share, avg 41s) | best=38 target=50152 (999%)
[2026-10-01T20:03:42Z INFO  minertim::pool_connection] New job: 6SocfmQLpSsbC04F (difficulty: 85639, target: e8c30000)
[2026-10-01T20:03:42Z INFO  minertim::pool_connection] Share submitted: rpc_id=502 job_id=sNRY28ZBMcrtsU0z nonce=8784cc01
[2026-10-01T20:03:42Z INFO  minertim::pool_connection] Share accepted: rpc_id=502 job_id=sNRY28ZBMcrtsU0z nonce=8784cc01 latency_ms=271
[2026-10-01T20:03:48Z INFO  minertim] H/s 1m:2051.9 5m:2129.1 10m:2136.8 | Shares: 258/0 (found:258) | Diff: 85639 | 23s elapsed (since last share, avg 41s) | best=38 target=50152 (999%)
[2026-10-01T20:03:51Z INFO  minertim::pool_connection] New job: U1P0nHNqgQ0wmx0B (difficulty: 128461, target: 9a820000)
[2026-10-01T20:03:58Z INFO  minertim] H/s 1m:2054.9 5m:2132.1 10m:2137.2 | Shares: 258/0 (found:258) | Diff: 128461 | 33s elapsed (since last share, avg 1m2s) | best=38 target=33434 (999%)
[2026-10-01T20:04:02Z INFO  minertim::pool_connection] New job: uPHxyQd4kLfHRp0I (difficulty: 128461, target: 9a820000)
[2026-10-01T20:04:08Z INFO  minertim] H/s 1m:2051.8 5m:2134.4 10m:2137.1 | Shares: 258/0 (found:258) | Diff: 128461 | 43s elapsed (since last share, avg 1m2s) | best=38 target=33434 (999%)
[2026-10-01T20:04:18Z INFO  minertim] H/s 1m:2106.4 5m:2134.4 10m:2137.2 | Shares: 258/0 (found:258) | Diff: 128461 | 53s elapsed (since last share, avg 1m0s) | best=38 target=33434 (999%)
[2026-10-01T20:04:22Z INFO  minertim::pool_connection] New job: 89SvnO7k4HFqEgeN (difficulty: 128461, target: 9a820000)
[2026-10-01T20:04:28Z INFO  minertim] H/s 1m:2209.6 5m:2134.4 10m:2137.3 | Shares: 258/0 (found:258) | Diff: 128461 | 1m3s elapsed (since last share, avg 58s) | best=38 target=33434 (999%)
[2026-10-01T20:04:38Z INFO  minertim] H/s 1m:2213.8 5m:2134.4 10m:2142.0 | Shares: 258/0 (found:258) | Diff: 128461 | 1m13s elapsed (since last share, avg 58s) | best=38 target=33434 (999%)
[2026-10-01T20:04:41Z INFO  minertim::pool_connection] New job: udgF0cOGlv0mpScC (difficulty: 128461, target: 9a820000)
[2026-10-01T20:04:48Z INFO  minertim] H/s 1m:2213.6 5m:2134.3 10m:2151.3 | Shares: 258/0 (found:258) | Diff: 128461 | 1m23s elapsed (since last share, avg 58s) | best=38 target=33434 (999%)
[2026-10-01T20:04:51Z INFO  minertim::pool_connection] New job: L7S1cAxnVeoywtY5 (difficulty: 83778, target: 42c80000)
[2026-10-01T20:04:58Z INFO  minertim] H/s 1m:2216.5 5m:2135.0 10m:2156.2 | Shares: 258/0 (found:258) | Diff: 83778 | 1m33s elapsed (since last share, avg 37s) | best=38 target=51266 (999%)
[2026-10-01T20:05:01Z INFO  minertim::pool_connection] New job: Q0W0By170RauBpQz (difficulty: 83778, target: 42c80000)
[2026-10-01T20:05:08Z INFO  minertim] H/s 1m:2214.0 5m:2136.7 10m:2156.1 | Shares: 258/0 (found:258) | Diff: 83778 | 1m43s elapsed (since last share, avg 37s) | best=38 target=51266 (999%)
[2026-10-01T20:05:18Z INFO  minertim] H/s 1m:2214.2 5m:2136.7 10m:2156.1 | Shares: 258/0 (found:258) | Diff: 83778 | 1m53s elapsed (since last share, avg 37s) | best=38 target=51266 (999%)
[2026-10-01T20:05:20Z INFO  minertim::pool_connection] New job: ELHtNlaNkVKZ8oyq (difficulty: 83778, target: 42c80000)
[2026-10-01T20:05:29Z INFO  minertim] H/s 1m:2213.9 5m:2136.7 10m:2156.1 | Shares: 258/0 (found:258) | Diff: 83778 | 2m3s elapsed (since last share, avg 37s) | best=38 target=51266 (999%)
[2026-10-01T20:05:39Z INFO  minertim] H/s 1m:2213.7 5m:2136.8 10m:2156.2 | Shares: 258/0 (found:258) | Diff: 83778 | 2m13s elapsed (since last share, avg 37s) | best=38 target=51266 (999%)
[2026-10-01T20:05:40Z INFO  minertim::pool_connection] New job: U3DHQgJQG40nhASd (difficulty: 83778, target: 42c80000)
[2026-10-01T20:05:49Z INFO  minertim] H/s 1m:2214.1 5m:2136.8 10m:2156.4 | Shares: 258/0 (found:258) | Diff: 83778 | 2m24s elapsed (since last share, avg 37s) | best=38 target=51266 (999%)
[2026-10-01T20:05:51Z INFO  minertim::pool_connection] New job: V9ihf1IYKDdekeve (difficulty: 62834, target: 020b0100)
[2026-10-01T20:05:59Z INFO  minertim] H/s 1m:2216.5 5m:2137.1 10m:2156.6 | Shares: 258/0 (found:258) | Diff: 62834 | 2m34s elapsed (since last share, avg 28s) | best=38 target=68354 (999%)
[2026-10-01T20:06:00Z INFO  minertim::pool_connection] New job: JzXsYqYSw9e1auHS (difficulty: 62834, target: 020b0100)
[2026-10-01T20:06:09Z INFO  minertim] H/s 1m:2213.6 5m:2136.6 10m:2162.1 | Shares: 258/0 (found:258) | Diff: 62834 | 2m44s elapsed (since last share, avg 28s) | best=38 target=68354 (999%)
[2026-10-01T20:06:10Z INFO  minertim::pool_connection] New job: 6SlIm2DXi0NlGAqG (difficulty: 62834, target: 020b0100)
[2026-10-01T20:06:17Z INFO  minertim::miner] Worker 3 SHARE FOUND! job_id=6SlIm2DXi0NlGAqG, nonce=7bc4d101, hash_val=48365, difficulty=62834, hash=2eb040b1cc73172ea021fe6b1ae436131a8285686633d8e3f72a7d77edbc0000
[2026-10-01T20:06:19Z INFO  minertim] H/s 1m:2213.8 5m:2136.6 10m:2162.2 | Shares: 258/0 (found:259) | Diff: 62834 | 1s elapsed (since last share, avg 28s) | best=38 target=68354 (999%)
[2026-10-01T20:06:27Z INFO  minertim::pool_connection] New job: y0Wmm5a9sgjs30fC (difficulty: 62834, target: 020b0100)
[2026-10-01T20:06:27Z INFO  minertim::pool_connection] Share submitted: rpc_id=506 job_id=6SlIm2DXi0NlGAqG nonce=7bc4d101
[2026-10-01T20:06:27Z INFO  minertim::pool_connection] Share accepted: rpc_id=506 job_id=6SlIm2DXi0NlGAqG nonce=7bc4d101 latency_ms=308
[2026-10-01T20:06:29Z INFO  minertim] H/s 1m:2114.0 5m:2139.4 10m:2153.9 | Shares: 259/0 (found:259) | Diff: 62834 | 11s elapsed (since last share, avg 29s) | best=38 target=68354 (999%)
[2026-10-01T20:06:39Z INFO  minertim] H/s 1m:2114.9 5m:2149.0 10m:2154.0 | Shares: 259/0 (found:259) | Diff: 62834 | 21s elapsed (since last share, avg 29s) | best=38 target=68354 (999%)
[2026-10-01T20:06:47Z INFO  minertim::pool_connection] New job: HmJTSnNv9UPZidxN (difficulty: 62834, target: 020b0100)
[2026-10-01T20:06:49Z INFO  minertim] H/s 1m:2115.1 5m:2154.6 10m:2154.2 | Shares: 259/0 (found:259) | Diff: 62834 | 31s elapsed (since last share, avg 29s) | best=38 target=68354 (999%)
[2026-10-01T20:06:59Z INFO  minertim] H/s 1m:2118.0 5m:2163.8 10m:2154.5 | Shares: 259/0 (found:259) | Diff: 62834 | 41s elapsed (since last share, avg 29s) | best=38 target=68354 (999%)
[2026-10-01T20:07:04Z INFO  minertim::miner] Worker 2 SHARE FOUND! job_id=HmJTSnNv9UPZidxN, nonce=9223d501, hash_val=25777, difficulty=62834, hash=5f8171d559b1e0441a2043e49bf4d9b0eb02c1daa16090f62f8ab278b1640000
[2026-10-01T20:07:07Z INFO  minertim::pool_connection] New job: MdCyCdo4pD96J89d (difficulty: 62834, target: 020b0100)
[2026-10-01T20:07:07Z INFO  minertim::pool_connection] Share submitted: rpc_id=507 job_id=HmJTSnNv9UPZidxN nonce=9223d501
[2026-10-01T20:07:07Z INFO  minertim::pool_connection] Share accepted: rpc_id=507 job_id=HmJTSnNv9UPZidxN nonce=9223d501 latency_ms=306
[2026-10-01T20:07:09Z INFO  minertim] H/s 1m:2116.7 5m:2169.6 10m:2154.6 | Shares: 260/0 (found:260) | Diff: 62834 | 4s elapsed (since last share, avg 29s) | best=38 target=68354 (999%)
[2026-10-01T20:07:13Z INFO  minertim::miner] Worker 1 SHARE FOUND! job_id=MdCyCdo4pD96J89d, nonce=0123d501, hash_val=61779, difficulty=62834, hash=1a6c27f66a4a9d18e0dff178aff8f7d9107b207d219d9d545e0ffb5253f10000
[2026-10-01T20:07:19Z INFO  minertim] H/s 1m:2134.1 5m:2155.4 10m:2147.7 | Shares: 260/0 (found:261) | Diff: 62834 | 5s elapsed (since last share, avg 29s) | best=38 target=68354 (999%)
[2026-10-01T20:07:27Z INFO  minertim::pool_connection] New job: Gm4068Jm4uEp53Ya (difficulty: 62834, target: 020b0100)
[2026-10-01T20:07:27Z INFO  minertim::pool_connection] Share submitted: rpc_id=509 job_id=MdCyCdo4pD96J89d nonce=0123d501
[2026-10-01T20:07:28Z INFO  minertim::pool_connection] Share accepted: rpc_id=509 job_id=MdCyCdo4pD96J89d nonce=0123d501 latency_ms=616
[2026-10-01T20:07:29Z INFO  minertim] H/s 1m:2047.7 5m:2140.7 10m:2140.6 | Shares: 261/0 (found:261) | Diff: 62834 | 15s elapsed (since last share, avg 30s) | best=38 target=68354 (999%)
[2026-10-01T20:07:33Z INFO  minertim::miner] Worker 2 SHARE FOUND! job_id=Gm4068Jm4uEp53Ya, nonce=7e09d601, hash_val=29721, difficulty=62834, hash=71dd0b09e190d9637ada5067b1a1017785f0e66ce8189923df10f60b19740000
[2026-10-01T20:07:35Z INFO  minertim::miner] Worker 3 SHARE FOUND! job_id=Gm4068Jm4uEp53Ya, nonce=df14d401, hash_val=65523, difficulty=62834, hash=308ecefcc24e1bc7c927d9bf42065d020dbca17bc7116fa3c53334c1f3ff0000
[2026-10-01T20:07:39Z INFO  minertim] H/s 1m:1942.4 5m:2122.5 10m:2131.8 | Shares: 261/0 (found:263) | Diff: 62834 | 3s elapsed (since last share, avg 32s) | best=38 target=68354 (999%)
[2026-10-01T20:07:40Z INFO  minertim::miner] Worker 0 SHARE FOUND! job_id=Gm4068Jm4uEp53Ya, nonce=3078d401, hash_val=29150, difficulty=62834, hash=3bd13d278997d895bfd100c13c92743d34d4773a5bf4b90badc2267bde710000
[2026-10-01T20:07:47Z INFO  minertim::pool_connection] New job: 43xpSklvxyYF9rqE (difficulty: 62834, target: 020b0100)
[2026-10-01T20:07:47Z INFO  minertim::pool_connection] Share submitted: rpc_id=511 job_id=Gm4068Jm4uEp53Ya nonce=df14d401
[2026-10-01T20:07:47Z INFO  minertim::pool_connection] Share submitted: rpc_id=510 job_id=Gm4068Jm4uEp53Ya nonce=7e09d601
[2026-10-01T20:07:47Z INFO  minertim::pool_connection] Share submitted: rpc_id=512 job_id=Gm4068Jm4uEp53Ya nonce=3078d401
[2026-10-01T20:07:47Z INFO  minertim::pool_connection] Share accepted: rpc_id=511 job_id=Gm4068Jm4uEp53Ya nonce=df14d401 latency_ms=252
[2026-10-01T20:07:47Z INFO  minertim::pool_connection] Share accepted: rpc_id=510 job_id=Gm4068Jm4uEp53Ya nonce=7e09d601 latency_ms=475
[2026-10-01T20:07:47Z INFO  minertim::pool_connection] Share accepted: rpc_id=512 job_id=Gm4068Jm4uEp53Ya nonce=3078d401 latency_ms=475
[2026-10-01T20:07:49Z INFO  minertim] H/s 1m:1730.7 5m:2086.0 10m:2113.8 | Shares: 264/0 (found:264) | Diff: 62834 | 8s elapsed (since last share, avg 36s) | best=38 target=68354 (999%)
[2026-10-01T20:07:51Z INFO  minertim::pool_connection] New job: U3IlBXJRrTnyn3af (difficulty: 94251, target: 01b20000)
[2026-10-01T20:07:59Z INFO  minertim] H/s 1m:1731.2 5m:2086.4 10m:2118.5 | Shares: 264/0 (found:264) | Diff: 94251 | 18s elapsed (since last share, avg 54s) | best=38 target=45569 (999%)
[2026-10-01T20:08:07Z INFO  minertim::pool_connection] New job: Vh2010DLZ3vMDmo6 (difficulty: 94251, target: 01b20000)
[2026-10-01T20:08:09Z INFO  minertim] H/s 1m:1810.7 5m:2085.8 10m:2123.2 | Shares: 264/0 (found:264) | Diff: 94251 | 28s elapsed (since last share, avg 52s) | best=38 target=45569 (999%)
[2026-10-01T20:08:10Z INFO  minertim::miner] Worker 0 SHARE FOUND! job_id=Vh2010DLZ3vMDmo6, nonce=fc3dd501, hash_val=3870, difficulty=94251, hash=7defbe4816b8b7efff26430848ac62d27cf8a9de12d5bb4a19eccc211e0f0000
[2026-10-01T20:08:10Z INFO  minertim::pool_connection] Share submitted: rpc_id=513 job_id=Vh2010DLZ3vMDmo6 nonce=fc3dd501
[2026-10-01T20:08:11Z INFO  minertim::pool_connection] Share accepted: rpc_id=513 job_id=Vh2010DLZ3vMDmo6 nonce=fc3dd501 latency_ms=307
[2026-10-01T20:08:15Z INFO  minertim::pool_connection] New job: EDUYUo5ujPLj3NNG (difficulty: 94251, target: 01b20000)
[2026-10-01T20:08:19Z INFO  minertim] H/s 1m:1888.5 5m:2093.9 10m:2122.4 | Shares: 265/0 (found:265) | Diff: 94251 | 9s elapsed (since last share, avg 49s) | best=38 target=45569 (999%)
[2026-10-01T20:08:21Z INFO  minertim::miner] Worker 3 SHARE FOUND! job_id=EDUYUo5ujPLj3NNG, nonce=fb3fd501, hash_val=1497, difficulty=94251, hash=4ceff6c21cfe1d7e108602e552f687d7e89cc0a5b5ee97b72ac00b3ed9050000
[2026-10-01T20:08:21Z INFO  minertim::pool_connection] New job: cIv0hFVt17MKM6zX (difficulty: 141379, target: ab760000)
[2026-10-01T20:08:21Z INFO  minertim::pool_connection] Share submitted: rpc_id=515 job_id=EDUYUo5ujPLj3NNG nonce=fb3fd501
[2026-10-01T20:08:22Z INFO  minertim::pool_connection] Share accepted: rpc_id=515 job_id=EDUYUo5ujPLj3NNG nonce=fb3fd501 latency_ms=306
[2026-10-01T20:08:29Z INFO  minertim] H/s 1m:1993.6 5m:2111.7 10m:2122.4 | Shares: 266/0 (found:266) | Diff: 141379 | 7s elapsed (since last share, avg 1m10s) | best=38 target=30379 (999%)
[2026-10-01T20:08:35Z INFO  minertim::pool_connection] New job: 7e5M0ILCxc0z06gD (difficulty: 141379, target: ab760000)
[2026-10-01T20:08:37Z INFO  minertim::miner] Worker 2 SHARE FOUND! job_id=7e5M0ILCxc0z06gD, nonce=32b9d701, hash_val=14405, difficulty=141379, hash=c6cc9172306b600bac5939a71eedf98293848f59ef15f8d42fead16645380000
[2026-10-01T20:08:39Z INFO  minertim] H/s 1m:2149.5 5m:2102.8 10m:2117.7 | Shares: 266/0 (found:267) | Diff: 141379 | 2s elapsed (since last share, avg 1m5s) | best=38 target=30379 (999%)
[2026-10-01T20:08:49Z INFO  minertim] H/s 1m:2047.2 5m:2085.0 10m:2108.9 | Shares: 266/0 (found:267) | Diff: 141379 | 12s elapsed (since last share, avg 1m9s) | best=38 target=30379 (999%)
[2026-10-01T20:08:51Z INFO  minertim::pool_connection] New job: yySbsmMpYpV5uGXN (difficulty: 212076, target: 1c4f0000)
[2026-10-01T20:08:51Z INFO  minertim::pool_connection] Share submitted: rpc_id=516 job_id=7e5M0ILCxc0z06gD nonce=32b9d701
[2026-10-01T20:08:52Z INFO  minertim::pool_connection] Share accepted: rpc_id=516 job_id=7e5M0ILCxc0z06gD nonce=32b9d701 latency_ms=307
[2026-10-01T20:08:55Z INFO  minertim::pool_connection] New job: 5D1O00saKepE6cDm (difficulty: 212076, target: 1c4f0000)
[2026-10-01T20:08:59Z INFO  minertim] H/s 1m:2051.9 5m:2085.8 10m:2110.5 | Shares: 267/0 (found:267) | Diff: 212076 | 22s elapsed (since last share, avg 1m43s) | best=38 target=20252 (999%)
[2026-10-01T20:09:09Z INFO  minertim] H/s 1m:2057.0 5m:2085.4 10m:2111.7 | Shares: 267/0 (found:267) | Diff: 212076 | 32s elapsed (since last share, avg 1m43s) | best=38 target=20252 (999%)
[2026-10-01T20:09:15Z INFO  minertim::pool_connection] New job: VImuAdIPphFKO0gb (difficulty: 212076, target: 1c4f0000)
[2026-10-01T20:09:19Z INFO  minertim] H/s 1m:2056.9 5m:2085.4 10m:2111.7 | Shares: 267/0 (found:267) | Diff: 212076 | 42s elapsed (since last share, avg 1m43s) | best=38 target=20252 (999%)
[2026-10-01T20:09:21Z INFO  minertim::pool_connection] New job: 4f43VMDGaT0Xm3zO (difficulty: 318122, target: bd340000)
[2026-10-01T20:09:29Z INFO  minertim] H/s 1m:2112.6 5m:2085.3 10m:2111.7 | Shares: 267/0 (found:267) | Diff: 318122 | 52s elapsed (since last share, avg 2m30s) | best=38 target=13501 (999%)
[2026-10-01T20:09:31Z INFO  minertim::miner] Worker 1 SHARE FOUND! job_id=4f43VMDGaT0Xm3zO, nonce=795ed901, hash_val=8422, difficulty=318122, hash=482e1ae917b60e128d81386f326678efbb70499cc22123f4dc425e30e6200000
[2026-10-01T20:09:35Z INFO  minertim::pool_connection] New job: U9hKW5wCsBm2rM0o (difficulty: 318122, target: bd340000)
[2026-10-01T20:09:35Z INFO  minertim::pool_connection] Share submitted: rpc_id=518 job_id=4f43VMDGaT0Xm3zO nonce=795ed901
[2026-10-01T20:09:35Z INFO  minertim::pool_connection] Share accepted: rpc_id=518 job_id=4f43VMDGaT0Xm3zO nonce=795ed901 latency_ms=226
[2026-10-01T20:09:39Z INFO  minertim] H/s 1m:2150.3 5m:2074.1 10m:2106.2 | Shares: 268/0 (found:268) | Diff: 318122 | 7s elapsed (since last share, avg 2m27s) | best=38 target=13501 (999%)
[2026-10-01T20:09:49Z INFO  minertim] H/s 1m:2148.6 5m:2074.1 10m:2106.1 | Shares: 268/0 (found:268) | Diff: 318122 | 17s elapsed (since last share, avg 2m28s) | best=38 target=13501 (999%)
[2026-10-01T20:09:54Z INFO  minertim::pool_connection] New job: 0kD9HcCjIT0eFEfn (difficulty: 318122, target: bd340000)
[2026-10-01T20:09:59Z INFO  minertim] H/s 1m:2151.5 5m:2074.7 10m:2106.5 | Shares: 268/0 (found:268) | Diff: 318122 | 27s elapsed (since last share, avg 2m27s) | best=38 target=13501 (999%)
[2026-10-01T20:10:09Z INFO  minertim] H/s 1m:2148.5 5m:2074.1 10m:2107.3 | Shares: 268/0 (found:268) | Diff: 318122 | 37s elapsed (since last share, avg 2m28s) | best=38 target=13501 (999%)
[2026-10-01T20:10:12Z INFO  minertim::pool_connection] New job: 0xefuKEIvAYzgDVp (difficulty: 318122, target: bd340000)
[2026-10-01T20:10:19Z INFO  minertim] H/s 1m:2148.6 5m:2074.1 10m:2107.3 | Shares: 268/0 (found:268) | Diff: 318122 | 47s elapsed (since last share, avg 2m28s) | best=38 target=13501 (999%)
[2026-10-01T20:10:29Z INFO  minertim] H/s 1m:2213.8 5m:2074.1 10m:2107.3 | Shares: 268/0 (found:268) | Diff: 318122 | 57s elapsed (since last share, avg 2m23s) | best=38 target=13501 (999%)
[2026-10-01T20:10:32Z INFO  minertim::pool_connection] New job: SHsmmXKIMC2DviFg (difficulty: 318122, target: bd340000)
[2026-10-01T20:10:39Z INFO  minertim] H/s 1m:2213.8 5m:2074.1 10m:2107.4 | Shares: 268/0 (found:268) | Diff: 318122 | 1m7s elapsed (since last share, avg 2m23s) | best=38 target=13501 (999%)
[2026-10-01T20:10:49Z INFO  minertim] H/s 1m:2213.3 5m:2074.1 10m:2107.3 | Shares: 268/0 (found:268) | Diff: 318122 | 1m17s elapsed (since last share, avg 2m23s) | best=38 target=13501 (999%)
[2026-10-01T20:10:51Z INFO  minertim::pool_connection] New job: LVZweu0vl80hRY0x (difficulty: 240587, target: bc450000)
[2026-10-01T20:10:52Z INFO  minertim::pool_connection] New job: gUFefaC1ndEQwUTi (difficulty: 240587, target: bc450000)
[2026-10-01T20:10:59Z INFO  minertim] H/s 1m:2216.4 5m:2074.6 10m:2107.5 | Shares: 268/0 (found:268) | Diff: 240587 | 1m27s elapsed (since last share, avg 1m48s) | best=38 target=17852 (999%)
[2026-10-01T20:11:07Z INFO  minertim::pool_connection] New job: mCawDO0u0Oj2TwTe (difficulty: 240587, target: bc450000)
[2026-10-01T20:11:09Z INFO  minertim] H/s 1m:2213.3 5m:2074.0 10m:2107.2 | Shares: 268/0 (found:268) | Diff: 240587 | 1m37s elapsed (since last share, avg 1m48s) | best=38 target=17852 (999%)
[2026-10-01T20:11:10Z INFO  minertim::miner] Worker 0 SHARE FOUND! job_id=mCawDO0u0Oj2TwTe, nonce=9057db01, hash_val=11685, difficulty=240587, hash=46537f4cb6a6a2119d9214e1aa43aa10048bb4d208ec5861637f544ca52d0000
[2026-10-01T20:11:10Z INFO  minertim::pool_connection] Share submitted: rpc_id=521 job_id=mCawDO0u0Oj2TwTe nonce=9057db01
[2026-10-01T20:11:11Z INFO  minertim::pool_connection] Share accepted: rpc_id=521 job_id=mCawDO0u0Oj2TwTe nonce=9057db01 latency_ms=287
[2026-10-01T20:11:19Z INFO  minertim] H/s 1m:2212.3 5m:2091.1 10m:2107.1 | Shares: 269/0 (found:269) | Diff: 240587 | 8s elapsed (since last share, avg 1m48s) | best=38 target=17852 (999%)
[2026-10-01T20:11:22Z INFO  minertim::pool_connection] New job: SZup7C5lz1F3Mz5C (difficulty: 360891, target: 7d2e0000)
[2026-10-01T20:11:27Z INFO  minertim::pool_connection] New job: HxyoUVqx0kV0W033 (difficulty: 360891, target: 7d2e0000)
[2026-10-01T20:11:29Z INFO  minertim] H/s 1m:2212.6 5m:2090.9 10m:2117.0 | Shares: 269/0 (found:269) | Diff: 360891 | 18s elapsed (since last share, avg 2m43s) | best=38 target=11901 (999%)
[2026-10-01T20:11:37Z INFO  minertim::pool_connection] New job: WF29UsTHVuWxumtq (difficulty: 360891, target: 7d2e0000)
[2026-10-01T20:11:39Z INFO  minertim] H/s 1m:2213.0 5m:2091.0 10m:2121.6 | Shares: 269/0 (found:269) | Diff: 360891 | 28s elapsed (since last share, avg 2m43s) | best=38 target=11901 (999%)
[2026-10-01T20:11:49Z INFO  minertim] H/s 1m:2213.3 5m:2091.0 10m:2124.4 | Shares: 269/0 (found:269) | Diff: 360891 | 38s elapsed (since last share, avg 2m43s) | best=38 target=11901 (999%)
[2026-10-01T20:11:57Z INFO  minertim::pool_connection] New job: cA4j9ph0gPKcAFys (difficulty: 360891, target: 7d2e0000)
[2026-10-01T20:11:59Z INFO  minertim] H/s 1m:2216.8 5m:2091.3 10m:2128.9 | Shares: 269/0 (found:269) | Diff: 360891 | 48s elapsed (since last share, avg 2m42s) | best=38 target=11901 (999%)
[2026-10-01T20:12:08Z INFO  minertim::miner] Worker 3 SHARE FOUND! job_id=cA4j9ph0gPKcAFys, nonce=97eadc01, hash_val=987, difficulty=360891, hash=1ea1ca4e7dedc2ab680492ebfd6ab5a710afe8b10c70f29dd50df2f5db030000
[2026-10-01T20:12:09Z INFO  minertim] H/s 1m:2215.0 5m:2105.0 10m:2131.7 | Shares: 269/0 (found:270) | Diff: 360891 | 1s elapsed (since last share, avg 2m42s) | best=38 target=11901 (999%)
[2026-10-01T20:12:10Z INFO  minertim::pool_connection] Share submitted: rpc_id=522 job_id=cA4j9ph0gPKcAFys nonce=97eadc01
[2026-10-01T20:12:11Z INFO  minertim::pool_connection] Share accepted: rpc_id=522 job_id=cA4j9ph0gPKcAFys nonce=97eadc01 latency_ms=307
[2026-10-01T20:12:12Z INFO  minertim::miner] Worker 3 SHARE FOUND! job_id=cA4j9ph0gPKcAFys, nonce=93f8dc01, hash_val=6077, difficulty=360891, hash=2cd3f0d900f93c3004477e9535c05b3201e8db349149f21ef2d1d06fbd170000
[2026-10-01T20:12:17Z INFO  minertim::pool_connection] New job: J038IYTfoyKpU9h0 (difficulty: 360891, target: 7d2e0000)
[2026-10-01T20:12:17Z INFO  minertim::pool_connection] Share submitted: rpc_id=524 job_id=cA4j9ph0gPKcAFys nonce=93f8dc01
[2026-10-01T20:12:17Z INFO  minertim::pool_connection] Share accepted: rpc_id=524 job_id=cA4j9ph0gPKcAFys nonce=93f8dc01 latency_ms=307
[2026-10-01T20:12:19Z INFO  minertim] H/s 1m:2137.7 5m:2106.5 10m:2125.2 | Shares: 271/0 (found:271) | Diff: 360891 | 6s elapsed (since last share, avg 2m48s) | best=38 target=11901 (999%)
[2026-10-01T20:12:27Z INFO  minertim::pool_connection] New job: YnVX200J0fk4xDH0 (difficulty: 360891, target: 7d2e0000)
[2026-10-01T20:12:29Z INFO  minertim] H/s 1m:2138.6 5m:2124.8 10m:2125.2 | Shares: 271/0 (found:271) | Diff: 360891 | 16s elapsed (since last share, avg 2m48s) | best=38 target=11901 (999%)
[2026-10-01T20:12:39Z INFO  minertim] H/s 1m:2138.2 5m:2161.3 10m:2125.2 | Shares: 271/0 (found:271) | Diff: 360891 | 26s elapsed (since last share, avg 2m48s) | best=38 target=11901 (999%)
[2026-10-01T20:12:47Z INFO  minertim::pool_connection] New job: XdJReyM0KmR3yM0C (difficulty: 360891, target: 7d2e0000)
[2026-10-01T20:12:49Z INFO  minertim] H/s 1m:2137.5 5m:2161.3 10m:2125.2 | Shares: 271/0 (found:271) | Diff: 360891 | 36s elapsed (since last share, avg 2m48s) | best=38 target=11901 (999%)
[2026-10-01T20:12:59Z INFO  minertim] H/s 1m:2140.5 5m:2161.9 10m:2125.4 | Shares: 271/0 (found:271) | Diff: 360891 | 46s elapsed (since last share, avg 2m48s) | best=38 target=11901 (999%)
[2026-10-01T20:13:02Z INFO  minertim::miner] Worker 1 SHARE FOUND! job_id=XdJReyM0KmR3yM0C, nonce=5562e001, hash_val=9788, difficulty=360891, hash=f44c7b74d931663a71d005a631cd1155cec455ff00973c4b7b54b4903c260000
[2026-10-01T20:13:07Z INFO  minertim::pool_connection] New job: ZR1mZ7dCvaHOJUjp (difficulty: 360891, target: 7d2e0000)
[2026-10-01T20:13:07Z INFO  minertim::pool_connection] Share submitted: rpc_id=525 job_id=XdJReyM0KmR3yM0C nonce=5562e001
[2026-10-01T20:13:08Z INFO  minertim::pool_connection] Share accepted: rpc_id=525 job_id=XdJReyM0KmR3yM0C nonce=5562e001 latency_ms=307
[2026-10-01T20:13:09Z INFO  minertim] H/s 1m:2189.6 5m:2158.4 10m:2123.1 | Shares: 272/0 (found:272) | Diff: 360891 | 7s elapsed (since last share, avg 2m44s) | best=38 target=11901 (999%)
[2026-10-01T20:13:19Z INFO  minertim] H/s 1m:2188.9 5m:2158.5 10m:2127.7 | Shares: 272/0 (found:272) | Diff: 360891 | 17s elapsed (since last share, avg 2m44s) | best=38 target=11901 (999%)
[2026-10-01T20:13:27Z INFO  minertim::pool_connection] New job: HhmgeYaiCSVjI50m (difficulty: 360891, target: 7d2e0000)
[2026-10-01T20:13:29Z INFO  minertim] H/s 1m:2188.8 5m:2168.1 10m:2136.5 | Shares: 272/0 (found:272) | Diff: 360891 | 27s elapsed (since last share, avg 2m44s) | best=38 target=11901 (999%)
[2026-10-01T20:13:39Z INFO  minertim] H/s 1m:2189.3 5m:2185.8 10m:2136.8 | Shares: 272/0 (found:272) | Diff: 360891 | 37s elapsed (since last share, avg 2m44s) | best=38 target=11901 (999%)
[2026-10-01T20:13:47Z INFO  minertim::pool_connection] New job: 5R7WfGREscV7BEi0 (difficulty: 360891, target: 7d2e0000)
[2026-10-01T20:13:49Z INFO  minertim] H/s 1m:2189.1 5m:2185.5 10m:2136.8 | Shares: 272/0 (found:272) | Diff: 360891 | 47s elapsed (since last share, avg 2m44s) | best=38 target=11901 (999%)
[2026-10-01T20:13:59Z INFO  minertim] H/s 1m:2216.8 5m:2185.9 10m:2137.0 | Shares: 272/0 (found:272) | Diff: 360891 | 57s elapsed (since last share, avg 2m42s) | best=38 target=11901 (999%)
[2026-10-01T20:14:07Z INFO  minertim::pool_connection] New job: 8DymWRday3CMciyr (difficulty: 360891, target: 7d2e0000)
[2026-10-01T20:14:09Z INFO  minertim] H/s 1m:2213.7 5m:2185.5 10m:2136.8 | Shares: 272/0 (found:272) | Diff: 360891 | 1m7s elapsed (since last share, avg 2m43s) | best=38 target=11901 (999%)
[2026-10-01T20:14:19Z INFO  minertim] H/s 1m:2213.7 5m:2185.5 10m:2136.8 | Shares: 272/0 (found:272) | Diff: 360891 | 1m17s elapsed (since last share, avg 2m43s) | best=38 target=11901 (999%)
[2026-10-01T20:14:27Z INFO  minertim::pool_connection] New job: QyOlAa83qXdnCISj (difficulty: 360891, target: 7d2e0000)
[2026-10-01T20:14:29Z INFO  minertim] H/s 1m:2213.9 5m:2196.8 10m:2136.8 | Shares: 272/0 (found:272) | Diff: 360891 | 1m27s elapsed (since last share, avg 2m43s) | best=38 target=11901 (999%)
[2026-10-01T20:14:39Z INFO  minertim] H/s 1m:2214.2 5m:2196.8 10m:2136.8 | Shares: 272/0 (found:272) | Diff: 360891 | 1m37s elapsed (since last share, avg 2m42s) | best=38 target=11901 (999%)
[2026-10-01T20:14:47Z INFO  minertim::pool_connection] New job: YknUecST0BYnQuwN (difficulty: 360891, target: 7d2e0000)
[2026-10-01T20:14:49Z INFO  minertim] H/s 1m:2213.9 5m:2196.7 10m:2136.8 | Shares: 272/0 (found:272) | Diff: 360891 | 1m47s elapsed (since last share, avg 2m43s) | best=38 target=11901 (999%)
[2026-10-01T20:14:59Z INFO  minertim] H/s 1m:2217.1 5m:2197.3 10m:2137.1 | Shares: 272/0 (found:272) | Diff: 360891 | 1m57s elapsed (since last share, avg 2m42s) | best=38 target=11901 (999%)
[2026-10-01T20:15:07Z INFO  minertim::pool_connection] New job: BU0SZOvDb8HpyKJr (difficulty: 360891, target: 7d2e0000)
[2026-10-01T20:15:09Z INFO  minertim] H/s 1m:2213.9 5m:2196.8 10m:2136.8 | Shares: 272/0 (found:272) | Diff: 360891 | 2m7s elapsed (since last share, avg 2m43s) | best=38 target=11901 (999%)
[2026-10-01T20:15:19Z INFO  minertim] H/s 1m:2213.9 5m:2196.8 10m:2136.8 | Shares: 272/0 (found:272) | Diff: 360891 | 2m17s elapsed (since last share, avg 2m43s) | best=38 target=11901 (999%)
[2026-10-01T20:15:22Z INFO  minertim::pool_connection] New job: QEoiuG3FaoM4F006 (difficulty: 259828, target: 92400000)
[2026-10-01T20:15:27Z INFO  minertim::pool_connection] New job: sNs9jWE8geK9apfX (difficulty: 259828, target: 92400000)
[2026-10-01T20:15:28Z INFO  minertim::miner] Worker 0 SHARE FOUND! job_id=sNs9jWE8geK9apfX, nonce=8813e401, hash_val=646, difficulty=259828, hash=14568e16b42428df1cb616bbec2a20b3e49ebc8d3eff977d6557410986020000
[2026-10-01T20:15:29Z INFO  minertim] H/s 1m:2213.7 5m:2196.8 10m:2136.8 | Shares: 272/0 (found:273) | Diff: 259828 | 0s elapsed (since last share, avg 1m57s) | best=38 target=16530 (999%)
[2026-10-01T20:15:34Z INFO  minertim::miner] Worker 2 SHARE FOUND! job_id=sNs9jWE8geK9apfX, nonce=8e5fe501, hash_val=14327, difficulty=259828, hash=83623a026c598d697c7d5a6faee4fe472aa0bba20234cdfcdbeb737ff7370000
[2026-10-01T20:15:35Z INFO  minertim::miner] Worker 3 SHARE FOUND! job_id=sNs9jWE8geK9apfX, nonce=9ba8e301, hash_val=9807, difficulty=259828, hash=78c45a522a204ba008723b13c9d291a377bb8a18c472338d675a36dc4f260000
[2026-10-01T20:15:39Z INFO  minertim] H/s 1m:1998.6 5m:2159.7 10m:2118.6 | Shares: 272/0 (found:275) | Diff: 259828 | 4s elapsed (since last share, avg 2m10s) | best=38 target=16530 (999%)
[2026-10-01T20:15:42Z INFO  minertim::miner] Worker 1 SHARE FOUND! job_id=sNs9jWE8geK9apfX, nonce=29a2e501, hash_val=2853, difficulty=259828, hash=fb9506453518d05c75bb34492351862df4b8d0bd2eec46e25bec1c03250b0000
[2026-10-01T20:15:44Z INFO  minertim::pool_connection] Share submitted: rpc_id=532 job_id=sNs9jWE8geK9apfX nonce=29a2e501
[2026-10-01T20:15:44Z INFO  minertim::pool_connection] Share submitted: rpc_id=530 job_id=sNs9jWE8geK9apfX nonce=8e5fe501
[2026-10-01T20:15:44Z INFO  minertim::pool_connection] Share submitted: rpc_id=529 job_id=sNs9jWE8geK9apfX nonce=8813e401
[2026-10-01T20:15:44Z INFO  minertim::pool_connection] Share submitted: rpc_id=531 job_id=sNs9jWE8geK9apfX nonce=9ba8e301
[2026-10-01T20:15:45Z INFO  minertim::pool_connection] Share accepted: rpc_id=532 job_id=sNs9jWE8geK9apfX nonce=29a2e501 latency_ms=281
[2026-10-01T20:15:45Z INFO  minertim::pool_connection] Share accepted: rpc_id=530 job_id=sNs9jWE8geK9apfX nonce=8e5fe501 latency_ms=588
[2026-10-01T20:15:45Z INFO  minertim::pool_connection] Share accepted: rpc_id=531 job_id=sNs9jWE8geK9apfX nonce=9ba8e301 latency_ms=588
[2026-10-01T20:15:45Z INFO  minertim::pool_connection] Share accepted: rpc_id=529 job_id=sNs9jWE8geK9apfX nonce=8813e401 latency_ms=588
[2026-10-01T20:15:46Z INFO  minertim::pool_connection] New job: AtasYv700rpuBD5P (difficulty: 259828, target: 92400000)
[2026-10-01T20:15:49Z INFO  minertim] H/s 1m:1685.5 5m:2105.8 10m:2092.1 | Shares: 276/0 (found:276) | Diff: 259828 | 7s elapsed (since last share, avg 2m34s) | best=38 target=16530 (999%)
[2026-10-01T20:15:52Z INFO  minertim::pool_connection] New job: EKHKVN7KuPiWsqwO (difficulty: 389742, target: 0c2b0000)
[2026-10-01T20:15:59Z INFO  minertim] H/s 1m:1688.0 5m:2106.2 10m:2092.3 | Shares: 276/0 (found:276) | Diff: 389742 | 17s elapsed (since last share, avg 3m50s) | best=38 target=11020 (999%)
[2026-10-01T20:16:06Z INFO  minertim::pool_connection] New job: f33rSFToH98HAp1R (difficulty: 389742, target: 0c2b0000)
[2026-10-01T20:16:09Z INFO  minertim] H/s 1m:1685.2 5m:2105.9 10m:2092.0 | Shares: 276/0 (found:276) | Diff: 389742 | 27s elapsed (since last share, avg 3m51s) | best=38 target=11020 (999%)
[2026-10-01T20:16:19Z INFO  minertim] H/s 1m:1685.3 5m:2105.9 10m:2100.5 | Shares: 276/0 (found:276) | Diff: 389742 | 37s elapsed (since last share, avg 3m51s) | best=38 target=11020 (999%)
[2026-10-01T20:16:26Z INFO  minertim::pool_connection] New job: Djb00plGZHpxmhWL (difficulty: 389742, target: 0c2b0000)
[2026-10-01T20:16:29Z INFO  minertim] H/s 1m:1900.7 5m:2105.8 10m:2100.4 | Shares: 276/0 (found:276) | Diff: 389742 | 47s elapsed (since last share, avg 3m25s) | best=38 target=11020 (999%)
[2026-10-01T20:16:39Z INFO  minertim] H/s 1m:2213.3 5m:2105.8 10m:2100.4 | Shares: 276/0 (found:276) | Diff: 389742 | 57s elapsed (since last share, avg 2m56s) | best=38 target=11020 (999%)
[2026-10-01T20:16:39Z INFO  minertim::pool_connection] New job: UobktVThLuOOYGl4 (difficulty: 389742, target: 0c2b0000)
[2026-10-01T20:16:49Z INFO  minertim] H/s 1m:2213.8 5m:2105.7 10m:2100.4 | Shares: 276/0 (found:276) | Diff: 389742 | 1m7s elapsed (since last share, avg 2m56s) | best=38 target=11020 (999%)
[2026-10-01T20:16:52Z INFO  minertim::pool_connection] New job: vuvY5vtI6cX0EbLb (difficulty: 261776, target: 17400000)
[2026-10-01T20:16:59Z INFO  minertim] H/s 1m:2216.2 5m:2106.1 10m:2100.5 | Shares: 276/0 (found:276) | Diff: 261776 | 1m17s elapsed (since last share, avg 1m58s) | best=38 target=16407 (999%)
[2026-10-01T20:16:59Z INFO  minertim::pool_connection] New job: dd2Z7yVCsCwlgYpe (difficulty: 261776, target: 17400000)
[2026-10-01T20:17:09Z INFO  minertim] H/s 1m:2213.4 5m:2118.9 10m:2107.2 | Shares: 276/0 (found:276) | Diff: 261776 | 1m27s elapsed (since last share, avg 1m58s) | best=38 target=16407 (999%)
[2026-10-01T20:17:19Z INFO  minertim] H/s 1m:2213.3 5m:2118.7 10m:2114.4 | Shares: 276/0 (found:276) | Diff: 261776 | 1m37s elapsed (since last share, avg 1m58s) | best=38 target=16407 (999%)
[2026-10-01T20:17:19Z INFO  minertim::pool_connection] New job: GyOyW08Djt72RhXk (difficulty: 261776, target: 17400000)
[2026-10-01T20:17:29Z INFO  minertim] H/s 1m:2213.2 5m:2118.7 10m:2123.4 | Shares: 276/0 (found:276) | Diff: 261776 | 1m47s elapsed (since last share, avg 1m58s) | best=38 target=16407 (999%)
[2026-10-01T20:17:39Z INFO  minertim::pool_connection] New job: bgJ9wAIvbhIziR77 (difficulty: 261776, target: 17400000)
[2026-10-01T20:17:39Z INFO  minertim] H/s 1m:2213.6 5m:2118.8 10m:2141.3 | Shares: 276/0 (found:276) | Diff: 261776 | 1m57s elapsed (since last share, avg 1m58s) | best=38 target=16407 (999%)
[2026-10-01T20:17:49Z INFO  minertim] H/s 1m:2213.8 5m:2118.8 10m:2141.3 | Shares: 276/0 (found:276) | Diff: 261776 | 2m7s elapsed (since last share, avg 1m58s) | best=38 target=16407 (999%)
[2026-10-01T20:17:52Z INFO  minertim::pool_connection] New job: qm7s40uOALu5G4Kl (difficulty: 196332, target: 74550000)
[2026-10-01T20:17:59Z INFO  minertim::pool_connection] New job: buDVQtvm15eVgPEe (difficulty: 196332, target: 74550000)
[2026-10-01T20:17:59Z INFO  minertim] H/s 1m:2216.2 5m:2123.5 10m:2141.6 | Shares: 276/0 (found:276) | Diff: 196332 | 2m17s elapsed (since last share, avg 1m28s) | best=38 target=21876 (999%)
[2026-10-01T20:18:09Z INFO  minertim] H/s 1m:2212.9 5m:2122.8 10m:2141.9 | Shares: 276/0 (found:276) | Diff: 196332 | 2m27s elapsed (since last share, avg 1m28s) | best=38 target=21876 (999%)
[2026-10-01T20:18:19Z INFO  minertim::pool_connection] New job: wPFBDlQI68ywVdwO (difficulty: 196332, target: 74550000)
[2026-10-01T20:18:19Z INFO  minertim] H/s 1m:2213.3 5m:2122.9 10m:2142.0 | Shares: 276/0 (found:276) | Diff: 196332 | 2m37s elapsed (since last share, avg 1m28s) | best=38 target=21876 (999%)
[2026-10-01T20:18:29Z INFO  minertim] H/s 1m:2213.3 5m:2122.9 10m:2146.7 | Shares: 276/0 (found:276) | Diff: 196332 | 2m47s elapsed (since last share, avg 1m28s) | best=38 target=21876 (999%)
[2026-10-01T20:18:34Z INFO  minertim::miner] Worker 3 SHARE FOUND! job_id=wPFBDlQI68ywVdwO, nonce=eb60e901, hash_val=86, difficulty=196332, hash=4e5724b58ed8dfa5f4673f5bee35b20f5e512edba415c6bd79edee2856000000
[2026-10-01T20:18:39Z INFO  minertim::pool_connection] New job: Kvgpyl0WRetNMdpX (difficulty: 196332, target: 74550000)
[2026-10-01T20:18:39Z INFO  minertim::pool_connection] Share submitted: rpc_id=536 job_id=wPFBDlQI68ywVdwO nonce=eb60e901
[2026-10-01T20:18:39Z INFO  minertim::pool_connection] Share accepted: rpc_id=536 job_id=wPFBDlQI68ywVdwO nonce=eb60e901 latency_ms=225
[2026-10-01T20:18:39Z INFO  minertim] H/s 1m:2205.6 5m:2121.6 10m:2154.8 | Shares: 277/0 (found:277) | Diff: 196332 | 5s elapsed (since last share, avg 1m29s) | best=38 target=21876 (999%)
[2026-10-01T20:18:49Z INFO  minertim] H/s 1m:2208.9 5m:2122.1 10m:2154.9 | Shares: 277/0 (found:277) | Diff: 196332 | 15s elapsed (since last share, avg 1m28s) | best=38 target=21876 (999%)
[2026-10-01T20:18:59Z INFO  minertim::pool_connection] New job: 08WbVy0EpahkZGiH (difficulty: 196332, target: 74550000)
[2026-10-01T20:18:59Z INFO  minertim] H/s 1m:2212.4 5m:2122.6 10m:2155.1 | Shares: 277/0 (found:277) | Diff: 196332 | 25s elapsed (since last share, avg 1m28s) | best=38 target=21876 (999%)
[2026-10-01T20:19:09Z INFO  minertim] H/s 1m:2209.4 5m:2122.2 10m:2154.9 | Shares: 277/0 (found:277) | Diff: 196332 | 35s elapsed (since last share, avg 1m28s) | best=38 target=21876 (999%)
[2026-10-01T20:19:18Z INFO  minertim::pool_connection] New job: lKdi4Ot3hyjCYoGe (difficulty: 196332, target: 74550000)
[2026-10-01T20:19:19Z INFO  minertim] H/s 1m:2209.4 5m:2122.2 10m:2154.9 | Shares: 277/0 (found:277) | Diff: 196332 | 45s elapsed (since last share, avg 1m28s) | best=38 target=21876 (999%)
[2026-10-01T20:19:29Z INFO  minertim] H/s 1m:2216.8 5m:2122.1 10m:2160.4 | Shares: 277/0 (found:277) | Diff: 196332 | 55s elapsed (since last share, avg 1m28s) | best=38 target=21876 (999%)
[2026-10-01T20:19:38Z INFO  minertim::pool_connection] New job: TvImcjjW1086DP3J (difficulty: 196332, target: 74550000)
[2026-10-01T20:19:39Z INFO  minertim] H/s 1m:2214.1 5m:2122.2 10m:2160.4 | Shares: 277/0 (found:277) | Diff: 196332 | 1m5s elapsed (since last share, avg 1m28s) | best=38 target=21876 (999%)
[2026-10-01T20:19:49Z INFO  minertim] H/s 1m:2214.0 5m:2122.1 10m:2160.4 | Shares: 277/0 (found:277) | Diff: 196332 | 1m15s elapsed (since last share, avg 1m28s) | best=38 target=21876 (999%)
[2026-10-01T20:19:52Z INFO  minertim::pool_connection] New job: RYOB0Jj4MyOK9a9T (difficulty: 147244, target: f1710000)
[2026-10-01T20:19:58Z INFO  minertim::pool_connection] New job: iIVih7MirxYuXb00 (difficulty: 147244, target: f1710000)
[2026-10-01T20:19:59Z INFO  minertim] H/s 1m:2217.2 5m:2122.7 10m:2160.7 | Shares: 277/0 (found:277) | Diff: 147244 | 1m25s elapsed (since last share, avg 1m6s) | best=38 target=29169 (999%)
[2026-10-01T20:20:09Z INFO  minertim] H/s 1m:2213.4 5m:2122.1 10m:2160.4 | Shares: 277/0 (found:277) | Diff: 147244 | 1m35s elapsed (since last share, avg 1m6s) | best=38 target=29169 (999%)
[2026-10-01T20:20:11Z INFO  minertim::pool_connection] New job: I5sksqxIwQwcsHJN (difficulty: 147244, target: f1710000)
[2026-10-01T20:20:19Z INFO  minertim] H/s 1m:2213.9 5m:2122.1 10m:2160.4 | Shares: 277/0 (found:277) | Diff: 147244 | 1m45s elapsed (since last share, avg 1m6s) | best=38 target=29169 (999%)
[2026-10-01T20:20:29Z INFO  minertim] H/s 1m:2213.4 5m:2159.2 10m:2160.4 | Shares: 277/0 (found:277) | Diff: 147244 | 1m55s elapsed (since last share, avg 1m6s) | best=38 target=29169 (999%)
[2026-10-01T20:20:31Z INFO  minertim::pool_connection] New job: gmPat94MqJe6CtVh (difficulty: 147244, target: f1710000)
[2026-10-01T20:20:39Z INFO  minertim] H/s 1m:2213.6 5m:2213.1 10m:2160.4 | Shares: 277/0 (found:277) | Diff: 147244 | 2m5s elapsed (since last share, avg 1m6s) | best=38 target=29169 (999%)
[2026-10-01T20:20:49Z INFO  minertim::miner] Worker 2 SHARE FOUND! job_id=gmPat94MqJe6CtVh, nonce=7eabef01, hash_val=20852, difficulty=147244, hash=610281ea82ae9579480ff59ae4b7c4bc937cb96a1d07cfec8dc7590874510000
[2026-10-01T20:20:49Z INFO  minertim] H/s 1m:2212.8 5m:2213.2 10m:2160.4 | Shares: 277/0 (found:278) | Diff: 147244 | 0s elapsed (since last share, avg 1m6s) | best=38 target=29169 (999%)
[2026-10-01T20:20:50Z INFO  minertim::pool_connection] New job: YFQ0wv6AjZveXpKy (difficulty: 147244, target: f1710000)
[2026-10-01T20:20:50Z INFO  minertim::pool_connection] Share submitted: rpc_id=539 job_id=gmPat94MqJe6CtVh nonce=7eabef01
[2026-10-01T20:20:51Z INFO  minertim::pool_connection] Share accepted: rpc_id=539 job_id=gmPat94MqJe6CtVh nonce=7eabef01 latency_ms=307
[2026-10-01T20:20:52Z INFO  minertim::pool_connection] New job: 0V0EhPbl4r0cGPFt (difficulty: 112304, target: 64950000)
[2026-10-01T20:20:59Z INFO  minertim] H/s 1m:2208.3 5m:2212.3 10m:2160.0 | Shares: 278/0 (found:278) | Diff: 112304 | 10s elapsed (since last share, avg 50s) | best=38 target=38244 (999%)
[2026-10-01T20:21:09Z INFO  minertim] H/s 1m:2204.9 5m:2211.7 10m:2159.8 | Shares: 278/0 (found:278) | Diff: 112304 | 20s elapsed (since last share, avg 50s) | best=38 target=38244 (999%)
[2026-10-01T20:21:10Z INFO  minertim::pool_connection] New job: S0tauVZV0muLhNMF (difficulty: 112304, target: 64950000)
[2026-10-01T20:21:19Z INFO  minertim] H/s 1m:2205.3 5m:2211.7 10m:2159.8 | Shares: 278/0 (found:278) | Diff: 112304 | 30s elapsed (since last share, avg 50s) | best=38 target=38244 (999%)
[2026-10-01T20:21:20Z INFO  minertim::pool_connection] New job: ro0KyId5BcF9ZsNb (difficulty: 112304, target: 64950000)
[2026-10-01T20:21:29Z INFO  minertim] H/s 1m:2205.7 5m:2211.8 10m:2159.8 | Shares: 278/0 (found:278) | Diff: 112304 | 40s elapsed (since last share, avg 50s) | best=38 target=38244 (999%)
[2026-10-01T20:21:39Z INFO  minertim] H/s 1m:2206.0 5m:2211.8 10m:2159.8 | Shares: 278/0 (found:278) | Diff: 112304 | 50s elapsed (since last share, avg 50s) | best=38 target=38244 (999%)
[2026-10-01T20:21:40Z INFO  minertim::pool_connection] New job: nRct5jW0YpLgbwSP (difficulty: 112304, target: 64950000)
[2026-10-01T20:21:43Z INFO  minertim::miner] Worker 3 SHARE FOUND! job_id=nRct5jW0YpLgbwSP, nonce=f798ef01, hash_val=5795, difficulty=112304, hash=1d3eafad12ff27ab84f9ae258334f110c273cba419adf8568e39d984a3160000
[2026-10-01T20:21:47Z INFO  minertim::miner] Worker 1 SHARE FOUND! job_id=nRct5jW0YpLgbwSP, nonce=59e2f101, hash_val=5461, difficulty=112304, hash=0027896aab225de050e560aabfde49484f990a94a2d0432ee1ba69c855150000
[2026-10-01T20:21:49Z INFO  minertim] H/s 1m:2105.0 5m:2193.1 10m:2150.5 | Shares: 278/0 (found:280) | Diff: 112304 | 2s elapsed (since last share, avg 53s) | best=38 target=38244 (999%)
[2026-10-01T20:21:52Z INFO  minertim::miner] Worker 2 SHARE FOUND! job_id=nRct5jW0YpLgbwSP, nonce=46c0f101, hash_val=32649, difficulty=112304, hash=fa5728ab71c2dbcce7d298afbfba9f8be80e8282de2f14e4ebba9b47897f0000
[2026-10-01T20:21:52Z INFO  minertim::pool_connection] New job: zjKzrFfyjnAIpfBX (difficulty: 82847, target: 82ca0000)
[2026-10-01T20:21:52Z INFO  minertim::pool_connection] Share submitted: rpc_id=543 job_id=nRct5jW0YpLgbwSP nonce=46c0f101
[2026-10-01T20:21:52Z INFO  minertim::pool_connection] Share submitted: rpc_id=541 job_id=nRct5jW0YpLgbwSP nonce=f798ef01
[2026-10-01T20:21:52Z INFO  minertim::pool_connection] Share submitted: rpc_id=542 job_id=nRct5jW0YpLgbwSP nonce=59e2f101
[2026-10-01T20:21:52Z INFO  minertim::pool_connection] Share accepted: rpc_id=543 job_id=nRct5jW0YpLgbwSP nonce=46c0f101 latency_ms=307
[2026-10-01T20:21:52Z INFO  minertim::pool_connection] Share accepted: rpc_id=541 job_id=nRct5jW0YpLgbwSP nonce=f798ef01 latency_ms=530
[2026-10-01T20:21:52Z INFO  minertim::pool_connection] Share accepted: rpc_id=542 job_id=nRct5jW0YpLgbwSP nonce=59e2f101 latency_ms=530
[2026-10-01T20:21:54Z INFO  minertim::pool_connection] New job: zSQe9TC3yTOLefrO (difficulty: 82847, target: 82ca0000)
[2026-10-01T20:21:56Z INFO  minertim::miner] Worker 1 SHARE FOUND! job_id=zSQe9TC3yTOLefrO, nonce=bd07f201, hash_val=19426, difficulty=82847, hash=6848ee39631548bf7a978ec3b9317aa829648d2d1456f4cddd488a51e24b0000
[2026-10-01T20:21:59Z INFO  minertim] H/s 1m:2017.2 5m:2177.9 10m:2143.0 | Shares: 281/0 (found:282) | Diff: 82847 | 3s elapsed (since last share, avg 41s) | best=38 target=51842 (999%)
[2026-10-01T20:22:01Z INFO  minertim::pool_connection] Share submitted: rpc_id=544 job_id=zSQe9TC3yTOLefrO nonce=bd07f201
[2026-10-01T20:22:02Z INFO  minertim::pool_connection] Share accepted: rpc_id=544 job_id=zSQe9TC3yTOLefrO nonce=bd07f201 latency_ms=302
[2026-10-01T20:22:09Z INFO  minertim] H/s 1m:2009.7 5m:2176.6 10m:2148.9 | Shares: 282/0 (found:282) | Diff: 82847 | 13s elapsed (since last share, avg 41s) | best=38 target=51842 (999%)
[2026-10-01T20:22:14Z INFO  minertim::pool_connection] New job: ZJ0OuvzOqSFS9qQt (difficulty: 82847, target: 82ca0000)
[2026-10-01T20:22:19Z INFO  minertim] H/s 1m:2008.9 5m:2176.6 10m:2148.8 | Shares: 282/0 (found:282) | Diff: 82847 | 23s elapsed (since last share, avg 41s) | best=38 target=51842 (999%)
[2026-10-01T20:22:22Z INFO  minertim::pool_connection] New job: XqHeVYN7O732OEUX (difficulty: 124272, target: 01870000)
[2026-10-01T20:22:29Z INFO  minertim] H/s 1m:2009.0 5m:2176.6 10m:2148.8 | Shares: 282/0 (found:282) | Diff: 124272 | 33s elapsed (since last share, avg 1m1s) | best=38 target=34561 (999%)
[2026-10-01T20:22:34Z INFO  minertim::pool_connection] New job: d8YG7cHkuAhFPkEq (difficulty: 124272, target: 01870000)
[2026-10-01T20:22:39Z INFO  minertim] H/s 1m:2118.4 5m:2176.6 10m:2148.9 | Shares: 282/0 (found:282) | Diff: 124272 | 43s elapsed (since last share, avg 58s) | best=38 target=34561 (999%)
[2026-10-01T20:22:49Z INFO  minertim] H/s 1m:2209.2 5m:2176.7 10m:2148.8 | Shares: 282/0 (found:282) | Diff: 124272 | 53s elapsed (since last share, avg 56s) | best=38 target=34561 (999%)
[2026-10-01T20:22:54Z INFO  minertim::pool_connection] New job: zizzZAUzw2d10fB0 (difficulty: 124272, target: 01870000)
[2026-10-01T20:22:59Z INFO  minertim] H/s 1m:2216.3 5m:2177.2 10m:2151.2 | Shares: 282/0 (found:282) | Diff: 124272 | 1m3s elapsed (since last share, avg 56s) | best=38 target=34561 (999%)
[2026-10-01T20:23:10Z INFO  minertim] H/s 1m:2269.5 5m:2186.3 10m:2155.6 | Shares: 282/0 (found:282) | Diff: 124272 | 1m13s elapsed (since last share, avg 54s) | best=38 target=34561 (999%)
[2026-10-01T20:23:14Z INFO  minertim::pool_connection] New job: ebVWl745Mqf09iK2 (difficulty: 124272, target: 01870000)
[2026-10-01T20:23:20Z INFO  minertim] H/s 1m:2269.4 5m:2186.2 10m:2155.6 | Shares: 282/0 (found:282) | Diff: 124272 | 1m23s elapsed (since last share, avg 54s) | best=38 target=34561 (999%)
[2026-10-01T20:23:22Z INFO  minertim::pool_connection] New job: eZbsP2T3HsRvJUc0 (difficulty: 69039, target: 02f30000)
[2026-10-01T20:23:30Z INFO  minertim] H/s 1m:2269.1 5m:2187.6 10m:2155.6 | Shares: 282/0 (found:282) | Diff: 69039 | 1m33s elapsed (since last share, avg 30s) | best=38 target=62210 (999%)
[2026-10-01T20:23:33Z INFO  minertim::pool_connection] New job: GCctiGilmnXtl0I0 (difficulty: 69039, target: 02f30000)
[2026-10-01T20:23:40Z INFO  minertim] H/s 1m:2269.1 5m:2187.0 10m:2155.6 | Shares: 282/0 (found:282) | Diff: 69039 | 1m43s elapsed (since last share, avg 30s) | best=38 target=62210 (999%)
[2026-10-01T20:23:49Z INFO  minertim::pool_connection] New job: 40EThZCgxyJrvr4Q (difficulty: 69039, target: 02f30000)
[2026-10-01T20:23:50Z INFO  minertim] H/s 1m:2269.2 5m:2187.0 10m:2155.6 | Shares: 282/0 (found:282) | Diff: 69039 | 1m53s elapsed (since last share, avg 30s) | best=38 target=62210 (999%)
[2026-10-01T20:24:00Z INFO  minertim] H/s 1m:2216.4 5m:2187.5 10m:2155.9 | Shares: 282/0 (found:282) | Diff: 69039 | 2m3s elapsed (since last share, avg 31s) | best=38 target=62210 (999%)
[2026-10-01T20:24:02Z INFO  minertim::miner] Worker 0 SHARE FOUND! job_id=40EThZCgxyJrvr4Q, nonce=b8ecf401, hash_val=26947, difficulty=69039, hash=e0c5b8466c89f61fe8b5d705d2735f0c80821acadd7c0b79c3491ad543690000
[2026-10-01T20:24:09Z INFO  minertim::pool_connection] New job: uOa3Jo0Kth0yGbVQ (difficulty: 69039, target: 02f30000)
[2026-10-01T20:24:09Z INFO  minertim::pool_connection] Share submitted: rpc_id=547 job_id=40EThZCgxyJrvr4Q nonce=b8ecf401
[2026-10-01T20:24:09Z INFO  minertim::pool_connection] Share accepted: rpc_id=547 job_id=40EThZCgxyJrvr4Q nonce=b8ecf401 latency_ms=227
[2026-10-01T20:24:10Z INFO  minertim] H/s 1m:2131.3 5m:2172.8 10m:2148.7 | Shares: 283/0 (found:283) | Diff: 69039 | 7s elapsed (since last share, avg 32s) | best=38 target=62210 (999%)
[2026-10-01T20:24:20Z INFO  minertim] H/s 1m:2133.3 5m:2173.2 10m:2148.8 | Shares: 283/0 (found:283) | Diff: 69039 | 17s elapsed (since last share, avg 32s) | best=38 target=62210 (999%)
[2026-10-01T20:24:29Z INFO  minertim::pool_connection] New job: e6a9xYmehhbYYjpb (difficulty: 69039, target: 02f30000)
[2026-10-01T20:24:30Z INFO  minertim] H/s 1m:2133.5 5m:2173.1 10m:2148.8 | Shares: 283/0 (found:283) | Diff: 69039 | 27s elapsed (since last share, avg 32s) | best=38 target=62210 (999%)
[2026-10-01T20:24:40Z INFO  minertim] H/s 1m:2133.7 5m:2173.2 10m:2148.8 | Shares: 283/0 (found:283) | Diff: 69039 | 37s elapsed (since last share, avg 32s) | best=38 target=62210 (999%)
[2026-10-01T20:24:47Z INFO  minertim::miner] Worker 2 SHARE FOUND! job_id=e6a9xYmehhbYYjpb, nonce=eaadf701, hash_val=2097, difficulty=69039, hash=fcd6b066e08e6947d95c505e2fa410ccde788ec7204bebddddd61cdd31080000
[2026-10-01T20:24:49Z INFO  minertim::pool_connection] New job: bU3303XZyg7KGVlA (difficulty: 69039, target: 02f30000)
[2026-10-01T20:24:49Z INFO  minertim::pool_connection] Share submitted: rpc_id=549 job_id=e6a9xYmehhbYYjpb nonce=eaadf701
[2026-10-01T20:24:49Z INFO  minertim::pool_connection] Share accepted: rpc_id=549 job_id=e6a9xYmehhbYYjpb nonce=eaadf701 latency_ms=251
[2026-10-01T20:24:50Z INFO  minertim] H/s 1m:2133.6 5m:2173.1 10m:2148.8 | Shares: 284/0 (found:284) | Diff: 69039 | 2s elapsed (since last share, avg 32s) | best=38 target=62210 (999%)
[2026-10-01T20:25:00Z INFO  minertim] H/s 1m:2201.3 5m:2170.7 10m:2147.6 | Shares: 284/0 (found:284) | Diff: 69039 | 12s elapsed (since last share, avg 31s) | best=38 target=62210 (999%)
[2026-10-01T20:25:08Z INFO  minertim::pool_connection] New job: 0OATtm5VfsJWRns6 (difficulty: 69039, target: 02f30000)
[2026-10-01T20:25:10Z INFO  minertim] H/s 1m:2196.7 5m:2170.2 10m:2147.4 | Shares: 284/0 (found:284) | Diff: 69039 | 22s elapsed (since last share, avg 31s) | best=38 target=62210 (999%)
[2026-10-01T20:25:13Z INFO  minertim::pool_connection] New job: dztBQ5ctyoL5AdhA (difficulty: 69039, target: 02f30000)
[2026-10-01T20:25:20Z INFO  minertim] H/s 1m:2196.7 5m:2170.2 10m:2147.4 | Shares: 284/0 (found:284) | Diff: 69039 | 32s elapsed (since last share, avg 31s) | best=38 target=62210 (999%)
[2026-10-01T20:25:30Z INFO  minertim] H/s 1m:2196.4 5m:2170.2 10m:2165.6 | Shares: 284/0 (found:284) | Diff: 69039 | 42s elapsed (since last share, avg 31s) | best=38 target=62210 (999%)
[2026-10-01T20:25:32Z INFO  minertim::pool_connection] New job: 6hArlNCuAuqYUaiG (difficulty: 69039, target: 02f30000)
[2026-10-01T20:25:40Z INFO  minertim] H/s 1m:2196.6 5m:2170.3 10m:2192.1 | Shares: 284/0 (found:284) | Diff: 69039 | 52s elapsed (since last share, avg 31s) | best=38 target=62210 (999%)
[2026-10-01T20:25:47Z INFO  minertim::miner] Worker 2 SHARE FOUND! job_id=6hArlNCuAuqYUaiG, nonce=5aa6f901, hash_val=19099, difficulty=69039, hash=914291a50ab42be70f1bba1c8407ad27c593199ed84ea6f3047d646d9b4a0000
[2026-10-01T20:25:50Z INFO  minertim] H/s 1m:2214.6 5m:2171.8 10m:2192.2 | Shares: 284/0 (found:285) | Diff: 69039 | 2s elapsed (since last share, avg 31s) | best=38 target=62210 (999%)
[2026-10-01T20:25:52Z INFO  minertim::pool_connection] New job: 7hOEVysAbFxsKMJN (difficulty: 69039, target: 02f30000)
[2026-10-01T20:25:52Z INFO  minertim::pool_connection] Share submitted: rpc_id=551 job_id=6hArlNCuAuqYUaiG nonce=5aa6f901
[2026-10-01T20:25:53Z INFO  minertim::pool_connection] Share accepted: rpc_id=551 job_id=6hArlNCuAuqYUaiG nonce=5aa6f901 latency_ms=306
[2026-10-01T20:26:00Z INFO  minertim] H/s 1m:2178.8 5m:2165.7 10m:2189.2 | Shares: 285/0 (found:285) | Diff: 69039 | 12s elapsed (since last share, avg 31s) | best=38 target=62210 (999%)
[2026-10-01T20:26:04Z INFO  minertim::miner] Worker 0 SHARE FOUND! job_id=7hOEVysAbFxsKMJN, nonce=f8d4f801, hash_val=3369, difficulty=69039, hash=c2c8a9a5b02c6912dd8ff4d81cee19efcff1808d3e070325a0f7284f290d0000
[2026-10-01T20:26:10Z INFO  minertim] H/s 1m:2123.1 5m:2156.1 10m:2184.4 | Shares: 285/0 (found:286) | Diff: 69039 | 5s elapsed (since last share, avg 32s) | best=38 target=62210 (999%)
[2026-10-01T20:26:12Z INFO  minertim::pool_connection] New job: SvMiRkSOTi0rfXIW (difficulty: 69039, target: 02f30000)
[2026-10-01T20:26:12Z INFO  minertim::pool_connection] Share submitted: rpc_id=552 job_id=7hOEVysAbFxsKMJN nonce=f8d4f801
[2026-10-01T20:26:12Z INFO  minertim::miner] Worker 0 SHARE FOUND! job_id=SvMiRkSOTi0rfXIW, nonce=d4d6f801, hash_val=33884, difficulty=69039, hash=f7883326ae084153c3df17b99c34ce6f18f957ad64492b1ab616a9685c840000
[2026-10-01T20:26:13Z INFO  minertim::pool_connection] Share accepted: rpc_id=552 job_id=7hOEVysAbFxsKMJN nonce=f8d4f801 latency_ms=307
[2026-10-01T20:26:13Z INFO  minertim::pool_connection] Share submitted: rpc_id=554 job_id=SvMiRkSOTi0rfXIW nonce=d4d6f801
[2026-10-01T20:26:13Z INFO  minertim::pool_connection] Share accepted: rpc_id=554 job_id=SvMiRkSOTi0rfXIW nonce=d4d6f801 latency_ms=306
[2026-10-01T20:26:20Z INFO  minertim] H/s 1m:2073.9 5m:2147.5 10m:2180.3 | Shares: 287/0 (found:287) | Diff: 69039 | 7s elapsed (since last share, avg 33s) | best=38 target=62210 (999%)
[2026-10-01T20:26:30Z INFO  minertim] H/s 1m:2073.7 5m:2147.5 10m:2180.3 | Shares: 287/0 (found:287) | Diff: 69039 | 17s elapsed (since last share, avg 33s) | best=38 target=62210 (999%)
[2026-10-01T20:26:32Z INFO  minertim::pool_connection] New job: KANARa7hJego97fT (difficulty: 69039, target: 02f30000)
[2026-10-01T20:26:40Z INFO  minertim] H/s 1m:2073.2 5m:2166.3 10m:2180.3 | Shares: 287/0 (found:287) | Diff: 69039 | 27s elapsed (since last share, avg 33s) | best=38 target=62210 (999%)
[2026-10-01T20:26:50Z INFO  minertim] H/s 1m:2111.8 5m:2182.0 10m:2180.3 | Shares: 287/0 (found:287) | Diff: 69039 | 37s elapsed (since last share, avg 32s) | best=38 target=62210 (999%)
[2026-10-01T20:26:52Z INFO  minertim::miner] Worker 1 SHARE FOUND! job_id=KANARa7hJego97fT, nonce=81dafb01, hash_val=33009, difficulty=69039, hash=8c34f3292dffb40cb60e24640e0951e1d71dd45932658949a450539ff1800000
[2026-10-01T20:26:52Z INFO  minertim::pool_connection] New job: ytBSp1CvHsZEZtaB (difficulty: 69039, target: 02f30000)
[2026-10-01T20:26:52Z INFO  minertim::pool_connection] Share submitted: rpc_id=555 job_id=KANARa7hJego97fT nonce=81dafb01
[2026-10-01T20:26:52Z INFO  minertim::pool_connection] Share accepted: rpc_id=555 job_id=KANARa7hJego97fT nonce=81dafb01 latency_ms=308
[2026-10-01T20:27:00Z INFO  minertim] H/s 1m:2162.2 5m:2182.4 10m:2180.1 | Shares: 288/0 (found:288) | Diff: 69039 | 8s elapsed (since last share, avg 31s) | best=38 target=62210 (999%)
[2026-10-01T20:27:04Z INFO  minertim::pool_connection] New job: YEFNHm0aAeedRplu (difficulty: 69039, target: 02f30000)
[2026-10-01T20:27:10Z INFO  minertim] H/s 1m:2208.9 5m:2181.9 10m:2179.9 | Shares: 288/0 (found:288) | Diff: 69039 | 18s elapsed (since last share, avg 31s) | best=38 target=62210 (999%)
[2026-10-01T20:27:20Z INFO  minertim] H/s 1m:2208.7 5m:2181.9 10m:2179.9 | Shares: 288/0 (found:288) | Diff: 69039 | 28s elapsed (since last share, avg 31s) | best=38 target=62210 (999%)
[2026-10-01T20:27:24Z INFO  minertim::pool_connection] New job: xa0jBdZ4L5lVgxXl (difficulty: 69039, target: 02f30000)
[2026-10-01T20:27:28Z INFO  minertim::miner] Worker 3 SHARE FOUND! job_id=xa0jBdZ4L5lVgxXl, nonce=effefa01, hash_val=20803, difficulty=69039, hash=4c6d46543f994423773b5dd8d4f482cca7196ceaf137acab42c12d2343510000
[2026-10-01T20:27:30Z INFO  minertim] H/s 1m:2208.6 5m:2181.9 10m:2179.9 | Shares: 288/0 (found:289) | Diff: 69039 | 1s elapsed (since last share, avg 31s) | best=38 target=62210 (999%)
[2026-10-01T20:27:34Z INFO  minertim::miner] Worker 1 SHARE FOUND! job_id=xa0jBdZ4L5lVgxXl, nonce=6d43fd01, hash_val=26112, difficulty=69039, hash=ce35d5d429ee3de50357c6e6aac42f91235eac06d677b4d3cc4b814400660000
[2026-10-01T20:27:40Z INFO  minertim] H/s 1m:2050.8 5m:2154.7 10m:2166.5 | Shares: 288/0 (found:290) | Diff: 69039 | 6s elapsed (since last share, avg 33s) | best=38 target=62210 (999%)
[2026-10-01T20:27:44Z INFO  minertim::pool_connection] New job: Fyb5uOi4IIUis3jd (difficulty: 69039, target: 02f30000)
[2026-10-01T20:27:44Z INFO  minertim::pool_connection] Share submitted: rpc_id=558 job_id=xa0jBdZ4L5lVgxXl nonce=6d43fd01
[2026-10-01T20:27:44Z INFO  minertim::pool_connection] Share submitted: rpc_id=557 job_id=xa0jBdZ4L5lVgxXl nonce=effefa01
[2026-10-01T20:27:44Z INFO  minertim::pool_connection] Share accepted: rpc_id=558 job_id=xa0jBdZ4L5lVgxXl nonce=6d43fd01 latency_ms=307
[2026-10-01T20:27:45Z INFO  minertim::pool_connection] Share accepted: rpc_id=557 job_id=xa0jBdZ4L5lVgxXl nonce=effefa01 latency_ms=614
[2026-10-01T20:27:50Z INFO  minertim] H/s 1m:2000.3 5m:2145.1 10m:2161.8 | Shares: 290/0 (found:290) | Diff: 69039 | 16s elapsed (since last share, avg 34s) | best=38 target=62210 (999%)
[2026-10-01T20:28:00Z INFO  minertim] H/s 1m:2002.9 5m:2136.0 10m:2162.1 | Shares: 290/0 (found:290) | Diff: 69039 | 26s elapsed (since last share, avg 34s) | best=38 target=62210 (999%)
[2026-10-01T20:28:04Z INFO  minertim::pool_connection] New job: DOJQSsi21Vxyl0ou (difficulty: 69039, target: 02f30000)
[2026-10-01T20:28:10Z INFO  minertim] H/s 1m:2000.3 5m:2135.5 10m:2161.8 | Shares: 290/0 (found:290) | Diff: 69039 | 36s elapsed (since last share, avg 34s) | best=38 target=62210 (999%)
[2026-10-01T20:28:20Z INFO  minertim] H/s 1m:2000.2 5m:2135.5 10m:2161.8 | Shares: 290/0 (found:290) | Diff: 69039 | 46s elapsed (since last share, avg 34s) | best=38 target=62210 (999%)
[2026-10-01T20:28:24Z INFO  minertim::pool_connection] New job: XZ9jbSA19M0qkhxe (difficulty: 69039, target: 02f30000)
[2026-10-01T20:28:30Z INFO  minertim] H/s 1m:2157.9 5m:2135.5 10m:2162.5 | Shares: 290/0 (found:290) | Diff: 69039 | 56s elapsed (since last share, avg 31s) | best=38 target=62210 (999%)
[2026-10-01T20:28:40Z INFO  minertim] H/s 1m:2213.7 5m:2135.5 10m:2162.2 | Shares: 290/0 (found:290) | Diff: 69039 | 1m6s elapsed (since last share, avg 31s) | best=38 target=62210 (999%)
[2026-10-01T20:28:44Z INFO  minertim::pool_connection] New job: owaGDA6ST0BpObi0 (difficulty: 69039, target: 02f30000)
[2026-10-01T20:28:50Z INFO  minertim] H/s 1m:2213.6 5m:2135.5 10m:2162.2 | Shares: 290/0 (found:290) | Diff: 69039 | 1m16s elapsed (since last share, avg 31s) | best=38 target=62210 (999%)
[2026-10-01T20:29:00Z INFO  minertim] H/s 1m:2216.2 5m:2150.2 10m:2162.4 | Shares: 290/0 (found:290) | Diff: 69039 | 1m26s elapsed (since last share, avg 31s) | best=38 target=62210 (999%)
[2026-10-01T20:29:04Z INFO  minertim::pool_connection] New job: kdTlRLDtHbyUtOfZ (difficulty: 69039, target: 02f30000)
[2026-10-01T20:29:10Z INFO  minertim] H/s 1m:2214.2 5m:2149.4 10m:2162.2 | Shares: 290/0 (found:290) | Diff: 69039 | 1m36s elapsed (since last share, avg 31s) | best=38 target=62210 (999%)
[2026-10-01T20:29:20Z INFO  minertim] H/s 1m:2214.0 5m:2149.4 10m:2162.2 | Shares: 290/0 (found:290) | Diff: 69039 | 1m46s elapsed (since last share, avg 31s) | best=38 target=62210 (999%)
[2026-10-01T20:29:23Z INFO  minertim::pool_connection] New job: RpbQgXbvhFs9KpcI (difficulty: 69039, target: 02f30000)
[2026-10-01T20:29:30Z INFO  minertim] H/s 1m:2213.7 5m:2149.3 10m:2162.2 | Shares: 290/0 (found:290) | Diff: 69039 | 1m56s elapsed (since last share, avg 31s) | best=38 target=62210 (999%)
[2026-10-01T20:29:38Z INFO  minertim::miner] Worker 0 SHARE FOUND! job_id=RpbQgXbvhFs9KpcI, nonce=5cd6ff01, hash_val=32589, difficulty=69039, hash=309280bd98c3363c6c68ebf31366d2058ec42ec5bf95f4ab2fafbab74d7f0000
[2026-10-01T20:29:40Z INFO  minertim] H/s 1m:2214.0 5m:2149.3 10m:2162.2 | Shares: 290/0 (found:291) | Diff: 69039 | 1s elapsed (since last share, avg 31s) | best=38 target=62210 (999%)
[2026-10-01T20:29:43Z INFO  minertim::pool_connection] New job: BUEnGeki9jmpiQq4 (difficulty: 69039, target: 02f30000)
[2026-10-01T20:29:43Z INFO  minertim::pool_connection] Share submitted: rpc_id=561 job_id=RpbQgXbvhFs9KpcI nonce=5cd6ff01
[2026-10-01T20:29:44Z INFO  minertim::pool_connection] Share accepted: rpc_id=561 job_id=RpbQgXbvhFs9KpcI nonce=5cd6ff01 latency_ms=225
[2026-10-01T20:29:50Z INFO  minertim] H/s 1m:2175.0 5m:2145.7 10m:2158.9 | Shares: 291/0 (found:291) | Diff: 69039 | 11s elapsed (since last share, avg 31s) | best=38 target=62210 (999%)
[2026-10-01T20:30:00Z INFO  minertim] H/s 1m:2177.2 5m:2146.1 10m:2159.2 | Shares: 291/0 (found:291) | Diff: 69039 | 21s elapsed (since last share, avg 31s) | best=38 target=62210 (999%)
[2026-10-01T20:30:03Z INFO  minertim::pool_connection] New job: wfH0vfBB2Jtd0H3S (difficulty: 69039, target: 02f30000)
[2026-10-01T20:30:10Z INFO  minertim] H/s 1m:2174.4 5m:2145.6 10m:2158.9 | Shares: 291/0 (found:291) | Diff: 69039 | 31s elapsed (since last share, avg 31s) | best=38 target=62210 (999%)
[2026-10-01T20:30:13Z INFO  minertim::miner] Worker 2 SHARE FOUND! job_id=wfH0vfBB2Jtd0H3S, nonce=a27e0202, hash_val=20999, difficulty=69039, hash=d34f9358f8a0480231205d4427e1c05dafab2b1386222153ebb56e4407520000
[2026-10-01T20:30:20Z INFO  minertim] H/s 1m:2123.0 5m:2136.7 10m:2154.5 | Shares: 291/0 (found:292) | Diff: 69039 | 7s elapsed (since last share, avg 32s) | best=38 target=62210 (999%)
[2026-10-01T20:30:23Z INFO  minertim::pool_connection] New job: 4pgA25BWEPdkvTuh (difficulty: 69039, target: 02f30000)
[2026-10-01T20:30:23Z INFO  minertim::pool_connection] Share submitted: rpc_id=563 job_id=wfH0vfBB2Jtd0H3S nonce=a27e0202
[2026-10-01T20:30:23Z INFO  minertim::pool_connection] Share accepted: rpc_id=563 job_id=wfH0vfBB2Jtd0H3S nonce=a27e0202 latency_ms=255
[2026-10-01T20:30:30Z INFO  minertim] H/s 1m:2074.1 5m:2128.2 10m:2150.4 | Shares: 292/0 (found:292) | Diff: 69039 | 17s elapsed (since last share, avg 33s) | best=38 target=62210 (999%)
[2026-10-01T20:30:40Z INFO  minertim] H/s 1m:2112.7 5m:2128.1 10m:2150.4 | Shares: 292/0 (found:292) | Diff: 69039 | 27s elapsed (since last share, avg 32s) | best=38 target=62210 (999%)
[2026-10-01T20:30:43Z INFO  minertim::pool_connection] New job: fEYtueyMbvR8Cj2w (difficulty: 69039, target: 02f30000)
[2026-10-01T20:30:50Z INFO  minertim] H/s 1m:2112.6 5m:2134.7 10m:2151.1 | Shares: 292/0 (found:292) | Diff: 69039 | 37s elapsed (since last share, avg 32s) | best=38 target=62210 (999%)
[2026-10-01T20:31:00Z INFO  minertim] H/s 1m:2115.6 5m:2144.3 10m:2151.3 | Shares: 292/0 (found:292) | Diff: 69039 | 47s elapsed (since last share, avg 32s) | best=38 target=62210 (999%)
[2026-10-01T20:31:03Z INFO  minertim::pool_connection] New job: lwC7Upx8KrtexVgA (difficulty: 69039, target: 02f30000)
[2026-10-01T20:31:06Z INFO  minertim::miner] Worker 2 SHARE FOUND! job_id=lwC7Upx8KrtexVgA, nonce=feed0302, hash_val=5133, difficulty=69039, hash=7f6808dd05e5bc14bb645110e0ab485ecd02b6011058b1c9c90287cb0d140000
[2026-10-01T20:31:10Z INFO  minertim] H/s 1m:2111.0 5m:2143.1 10m:2146.5 | Shares: 292/0 (found:293) | Diff: 69039 | 4s elapsed (since last share, avg 32s) | best=38 target=62210 (999%)
[2026-10-01T20:31:11Z INFO  minertim::pool_connection] Share submitted: rpc_id=564 job_id=lwC7Upx8KrtexVgA nonce=feed0302
[2026-10-01T20:31:11Z INFO  minertim::pool_connection] Share accepted: rpc_id=564 job_id=lwC7Upx8KrtexVgA nonce=feed0302 latency_ms=250
[2026-10-01T20:31:20Z INFO  minertim] H/s 1m:2132.7 5m:2138.4 10m:2144.2 | Shares: 293/0 (found:293) | Diff: 69039 | 14s elapsed (since last share, avg 32s) | best=38 target=62210 (999%)
[2026-10-01T20:31:23Z INFO  minertim::pool_connection] New job: Xax9eukO0jsHXHNb (difficulty: 69039, target: 02f30000)
[2026-10-01T20:31:30Z INFO  minertim] H/s 1m:2132.6 5m:2138.3 10m:2144.2 | Shares: 293/0 (found:293) | Diff: 69039 | 24s elapsed (since last share, avg 32s) | best=38 target=62210 (999%)
[2026-10-01T20:31:33Z INFO  minertim::miner] Worker 3 SHARE FOUND! job_id=Xax9eukO0jsHXHNb, nonce=33c20202, hash_val=3241, difficulty=69039, hash=8bf4aa7b45c015a7414f2c4f2ec89491c5d03452eae32b8d9d8027bba90c0000
[2026-10-01T20:31:40Z INFO  minertim] H/s 1m:2026.4 5m:2120.0 10m:2144.4 | Shares: 293/0 (found:294) | Diff: 69039 | 6s elapsed (since last share, avg 34s) | best=38 target=62210 (999%)
[2026-10-01T20:31:43Z INFO  minertim::pool_connection] New job: Reqfny87nviFH017 (difficulty: 69039, target: 02f30000)
[2026-10-01T20:31:43Z INFO  minertim::pool_connection] Share submitted: rpc_id=566 job_id=Xax9eukO0jsHXHNb nonce=33c20202
[2026-10-01T20:31:43Z INFO  minertim::pool_connection] Share accepted: rpc_id=566 job_id=Xax9eukO0jsHXHNb nonce=33c20202 latency_ms=264
[2026-10-01T20:31:50Z INFO  minertim] H/s 1m:2022.4 5m:2120.2 10m:2151.8 | Shares: 294/0 (found:294) | Diff: 69039 | 16s elapsed (since last share, avg 34s) | best=38 target=62210 (999%)
[2026-10-01T20:31:54Z INFO  minertim::miner] Worker 2 SHARE FOUND! job_id=Reqfny87nviFH017, nonce=66680502, hash_val=6862, difficulty=69039, hash=8602e886e7490c6cd778e4a4c5f94bbf7d26b45a4097382f48b1b9f8ce1a0000
[2026-10-01T20:32:00Z INFO  minertim] H/s 1m:2026.1 5m:2111.6 10m:2147.9 | Shares: 294/0 (found:295) | Diff: 69039 | 5s elapsed (since last share, avg 34s) | best=38 target=62210 (999%)
[2026-10-01T20:32:03Z INFO  minertim::pool_connection] New job: OiTAJ9l5u0qDFNST (difficulty: 69039, target: 02f30000)
[2026-10-01T20:32:03Z INFO  minertim::pool_connection] Share submitted: rpc_id=567 job_id=Reqfny87nviFH017 nonce=66680502
[2026-10-01T20:32:03Z INFO  minertim::pool_connection] Share accepted: rpc_id=567 job_id=Reqfny87nviFH017 nonce=66680502 latency_ms=226
[2026-10-01T20:32:09Z INFO  minertim::miner] Worker 3 SHARE FOUND! job_id=OiTAJ9l5u0qDFNST, nonce=67ab0302, hash_val=10465, difficulty=69039, hash=77e1856ec8a1c4feb21c465674a27589fd04fcf2f7990b6de8f97f27e1280000
[2026-10-01T20:32:10Z INFO  minertim] H/s 1m:2035.4 5m:2108.5 10m:2146.4 | Shares: 295/0 (found:296) | Diff: 69039 | 0s elapsed (since last share, avg 33s) | best=38 target=62210 (999%)
[2026-10-01T20:32:20Z INFO  minertim] H/s 1m:1931.3 5m:2090.5 10m:2137.6 | Shares: 295/0 (found:296) | Diff: 69039 | 10s elapsed (since last share, avg 35s) | best=38 target=62210 (999%)
[2026-10-01T20:32:22Z INFO  minertim::pool_connection] New job: ahcMVBVN92ow18gg (difficulty: 69039, target: 02f30000)
[2026-10-01T20:32:22Z INFO  minertim::pool_connection] Share submitted: rpc_id=568 job_id=OiTAJ9l5u0qDFNST nonce=67ab0302
[2026-10-01T20:32:23Z INFO  minertim::pool_connection] Share accepted: rpc_id=568 job_id=OiTAJ9l5u0qDFNST nonce=67ab0302 latency_ms=225
[2026-10-01T20:32:30Z INFO  minertim] H/s 1m:2005.5 5m:2112.2 10m:2134.8 | Shares: 296/0 (found:296) | Diff: 69039 | 20s elapsed (since last share, avg 34s) | best=38 target=62210 (999%)
[2026-10-01T20:32:32Z INFO  minertim::miner] Worker 1 SHARE FOUND! job_id=ahcMVBVN92ow18gg, nonce=d1080702, hash_val=12529, difficulty=69039, hash=b7225cd6264731ff07d95c638989f44405fa18c59d666640412db749f1300000
[2026-10-01T20:32:39Z INFO  minertim::miner] Worker 0 SHARE FOUND! job_id=ahcMVBVN92ow18gg, nonce=20d30502, hash_val=56981, difficulty=69039, hash=b26efd162b0d03814aec4d1b7a44e70fe9ada6c467ec53a534c50a1f95de0000
[2026-10-01T20:32:40Z INFO  minertim] H/s 1m:1904.0 5m:2103.6 10m:2125.9 | Shares: 296/0 (found:298) | Diff: 69039 | 0s elapsed (since last share, avg 36s) | best=38 target=62210 (999%)
[2026-10-01T20:32:40Z INFO  minertim::miner] Worker 3 SHARE FOUND! job_id=ahcMVBVN92ow18gg, nonce=27470402, hash_val=12608, difficulty=69039, hash=d5d314e5121c5428868007314304a6602ae940789834b37376de1bb440310000
[2026-10-01T20:32:42Z INFO  minertim::pool_connection] New job: VrthhSOwgPnBddOh (difficulty: 69039, target: 02f30000)
[2026-10-01T20:32:42Z INFO  minertim::pool_connection] Share submitted: rpc_id=571 job_id=ahcMVBVN92ow18gg nonce=20d30502
[2026-10-01T20:32:42Z INFO  minertim::pool_connection] Share submitted: rpc_id=570 job_id=ahcMVBVN92ow18gg nonce=d1080702
[2026-10-01T20:32:42Z INFO  minertim::pool_connection] Share submitted: rpc_id=572 job_id=ahcMVBVN92ow18gg nonce=27470402
[2026-10-01T20:32:42Z INFO  minertim::pool_connection] Share accepted: rpc_id=571 job_id=ahcMVBVN92ow18gg nonce=20d30502 latency_ms=227
[2026-10-01T20:32:43Z INFO  minertim::pool_connection] Share accepted: rpc_id=570 job_id=ahcMVBVN92ow18gg nonce=d1080702 latency_ms=511
[2026-10-01T20:32:43Z INFO  minertim::pool_connection] Share accepted: rpc_id=572 job_id=ahcMVBVN92ow18gg nonce=27470402 latency_ms=511
[2026-10-01T20:32:50Z INFO  minertim] H/s 1m:1882.9 5m:2090.9 10m:2119.7 | Shares: 299/0 (found:299) | Diff: 69039 | 9s elapsed (since last share, avg 36s) | best=38 target=62210 (999%)
[2026-10-01T20:33:00Z INFO  minertim] H/s 1m:1900.7 5m:2091.3 10m:2115.2 | Shares: 299/0 (found:299) | Diff: 69039 | 19s elapsed (since last share, avg 36s) | best=38 target=62210 (999%)
[2026-10-01T20:33:01Z INFO  minertim::miner] Worker 1 SHARE FOUND! job_id=VrthhSOwgPnBddOh, nonce=d5ac0702, hash_val=42304, difficulty=69039, hash=7c7268567e8a412550d5e5d0b88fdbde17207c83aa7153a9c638356940a50000
[2026-10-01T20:33:02Z INFO  minertim::pool_connection] New job: 06EhSUUzRHFIgtMv (difficulty: 69039, target: 02f30000)
[2026-10-01T20:33:02Z INFO  minertim::pool_connection] Share submitted: rpc_id=573 job_id=VrthhSOwgPnBddOh nonce=d5ac0702
[2026-10-01T20:33:02Z INFO  minertim::pool_connection] Share accepted: rpc_id=573 job_id=VrthhSOwgPnBddOh nonce=d5ac0702 latency_ms=234
[2026-10-01T20:33:10Z INFO  minertim] H/s 1m:1992.4 5m:2089.2 10m:2114.1 | Shares: 300/0 (found:300) | Diff: 69039 | 8s elapsed (since last share, avg 34s) | best=38 target=62210 (999%)
[2026-10-01T20:33:20Z INFO  minertim] H/s 1m:2024.4 5m:2089.2 10m:2114.1 | Shares: 300/0 (found:300) | Diff: 69039 | 18s elapsed (since last share, avg 34s) | best=38 target=62210 (999%)
[2026-10-01T20:33:20Z INFO  minertim::miner] Worker 2 SHARE FOUND! job_id=06EhSUUzRHFIgtMv, nonce=3a0f0802, hash_val=4126, difficulty=69039, hash=d3df7ae9e9bdcfb9618f28a8fdaab6e8e0b9e71e8985518e582d92181e100000
[2026-10-01T20:33:22Z INFO  minertim::pool_connection] New job: vlNIEk50uB1Mx7Ze (difficulty: 69039, target: 02f30000)
[2026-10-01T20:33:22Z INFO  minertim::pool_connection] Share submitted: rpc_id=575 job_id=06EhSUUzRHFIgtMv nonce=3a0f0802
[2026-10-01T20:33:22Z INFO  minertim::pool_connection] New job: MWLqPvo27K00ACzj (difficulty: 100830, target: 64a60000)
[2026-10-01T20:33:23Z INFO  minertim::pool_connection] Share accepted: rpc_id=575 job_id=06EhSUUzRHFIgtMv nonce=3a0f0802 latency_ms=535
[2026-10-01T20:33:30Z INFO  minertim] H/s 1m:2107.0 5m:2085.2 10m:2112.2 | Shares: 301/0 (found:301) | Diff: 100830 | 9s elapsed (since last share, avg 47s) | best=38 target=42596 (999%)
[2026-10-01T20:33:40Z INFO  minertim] H/s 1m:2178.3 5m:2084.8 10m:2112.0 | Shares: 301/0 (found:301) | Diff: 100830 | 19s elapsed (since last share, avg 46s) | best=38 target=42596 (999%)
[2026-10-01T20:33:42Z INFO  minertim::pool_connection] New job: 4C3zYbfYK5PV48mC (difficulty: 100830, target: 64a60000)
[2026-10-01T20:33:50Z INFO  minertim] H/s 1m:2177.8 5m:2084.7 10m:2111.9 | Shares: 301/0 (found:301) | Diff: 100830 | 29s elapsed (since last share, avg 46s) | best=38 target=42596 (999%)
[2026-10-01T20:33:52Z INFO  minertim::pool_connection] New job: BHpc6bMAzwzemE0i (difficulty: 151247, target: ed6e0000)
[2026-10-01T20:34:00Z INFO  minertim] H/s 1m:2190.2 5m:2085.0 10m:2119.1 | Shares: 301/0 (found:301) | Diff: 151247 | 39s elapsed (since last share, avg 1m9s) | best=38 target=28397 (999%)
[2026-10-01T20:34:02Z INFO  minertim::pool_connection] New job: Sau4F0Ej22m2KAaP (difficulty: 151247, target: ed6e0000)
[2026-10-01T20:34:10Z INFO  minertim] H/s 1m:2186.2 5m:2084.4 10m:2118.6 | Shares: 301/0 (found:301) | Diff: 151247 | 49s elapsed (since last share, avg 1m9s) | best=38 target=28397 (999%)
[2026-10-01T20:34:20Z INFO  minertim] H/s 1m:2207.0 5m:2084.0 10m:2118.4 | Shares: 301/0 (found:301) | Diff: 151247 | 59s elapsed (since last share, avg 1m8s) | best=38 target=28397 (999%)
[2026-10-01T20:34:22Z INFO  minertim::pool_connection] New job: WMUfpJUKioEfHBj2 (difficulty: 151247, target: ed6e0000)
[2026-10-01T20:34:22Z INFO  minertim::pool_connection] New job: fzLuOtaE98j6GZQv (difficulty: 113434, target: e7930000)
[2026-10-01T20:34:30Z INFO  minertim] H/s 1m:2206.8 5m:2083.6 10m:2118.2 | Shares: 301/0 (found:301) | Diff: 113434 | 1m9s elapsed (since last share, avg 51s) | best=38 target=37863 (999%)
[2026-10-01T20:34:32Z INFO  minertim::miner] Worker 0 SHARE FOUND! job_id=fzLuOtaE98j6GZQv, nonce=fc860902, hash_val=10381, difficulty=113434, hash=2701ad5b3adf46164f4df934b20a0a53a35562546b49134df6f7b5098d280000
[2026-10-01T20:34:40Z INFO  minertim] H/s 1m:2099.7 5m:2071.7 10m:2109.0 | Shares: 301/0 (found:302) | Diff: 113434 | 8s elapsed (since last share, avg 54s) | best=38 target=37863 (999%)
[2026-10-01T20:34:42Z INFO  minertim::pool_connection] New job: U88P0JrTEKUaxWCY (difficulty: 113434, target: e7930000)
[2026-10-01T20:34:42Z INFO  minertim::pool_connection] Share submitted: rpc_id=577 job_id=fzLuOtaE98j6GZQv nonce=fc860902
[2026-10-01T20:34:42Z INFO  minertim::pool_connection] Share accepted: rpc_id=577 job_id=fzLuOtaE98j6GZQv nonce=fc860902 latency_ms=295
[2026-10-01T20:34:50Z INFO  minertim] H/s 1m:2085.8 5m:2069.3 10m:2109.3 | Shares: 302/0 (found:302) | Diff: 113434 | 18s elapsed (since last share, avg 54s) | best=38 target=37863 (999%)
[2026-10-01T20:34:52Z INFO  minertim::pool_connection] New job: PQHCX47miGTdkX6y (difficulty: 170151, target: 9a620000)
[2026-10-01T20:35:00Z INFO  minertim] H/s 1m:2089.5 5m:2069.7 10m:2109.5 | Shares: 302/0 (found:302) | Diff: 170151 | 28s elapsed (since last share, avg 1m21s) | best=38 target=25242 (999%)
[2026-10-01T20:35:02Z INFO  minertim::pool_connection] New job: 0Gd1P7fYsqtCGnQA (difficulty: 170151, target: 9a620000)
[2026-10-01T20:35:10Z INFO  minertim] H/s 1m:2087.4 5m:2077.9 10m:2109.1 | Shares: 302/0 (found:302) | Diff: 170151 | 38s elapsed (since last share, avg 1m21s) | best=38 target=25242 (999%)
[2026-10-01T20:35:12Z INFO  minertim::pool_connection] New job: B7u1chZCGbPNx0ht (difficulty: 170151, target: 9a620000)
[2026-10-01T20:35:20Z INFO  minertim] H/s 1m:2088.8 5m:2086.1 10m:2109.0 | Shares: 302/0 (found:302) | Diff: 170151 | 48s elapsed (since last share, avg 1m21s) | best=38 target=25242 (999%)
[2026-10-01T20:35:30Z INFO  minertim] H/s 1m:2196.1 5m:2086.1 10m:2109.0 | Shares: 302/0 (found:302) | Diff: 170151 | 58s elapsed (since last share, avg 1m17s) | best=38 target=25242 (999%)
[2026-10-01T20:35:32Z INFO  minertim::pool_connection] New job: Mf3fbfWd4kEjP60q (difficulty: 170151, target: 9a620000)
[2026-10-01T20:35:40Z INFO  minertim] H/s 1m:2210.4 5m:2086.1 10m:2108.9 | Shares: 302/0 (found:302) | Diff: 170151 | 1m8s elapsed (since last share, avg 1m16s) | best=38 target=25242 (999%)
[2026-10-01T20:35:50Z INFO  minertim] H/s 1m:2210.6 5m:2086.1 10m:2112.2 | Shares: 302/0 (found:302) | Diff: 170151 | 1m18s elapsed (since last share, avg 1m16s) | best=38 target=25242 (999%)
[2026-10-01T20:35:51Z INFO  minertim::pool_connection] New job: kJiZlIqmoUXlTJE7 (difficulty: 170151, target: 9a620000)
[2026-10-01T20:35:52Z INFO  minertim::pool_connection] New job: FRTmOUu0HwuH5VU5 (difficulty: 109381, target: 62990000)
[2026-10-01T20:36:00Z INFO  minertim] H/s 1m:2215.0 5m:2095.8 10m:2116.9 | Shares: 302/0 (found:302) | Diff: 109381 | 1m28s elapsed (since last share, avg 49s) | best=38 target=39266 (999%)
[2026-10-01T20:36:10Z INFO  minertim] H/s 1m:2211.5 5m:2099.7 10m:2120.7 | Shares: 302/0 (found:302) | Diff: 109381 | 1m38s elapsed (since last share, avg 49s) | best=38 target=39266 (999%)
[2026-10-01T20:36:11Z INFO  minertim::pool_connection] New job: dT00q2oivwBc00G0 (difficulty: 109381, target: 62990000)
[2026-10-01T20:36:15Z INFO  minertim::miner] Worker 1 SHARE FOUND! job_id=dT00q2oivwBc00G0, nonce=b92d0e02, hash_val=24091, difficulty=109381, hash=908b6ef7832454e6861869d2a3b26defe006357ac6ce274aa6f9ab3c1b5e0000
[2026-10-01T20:36:20Z INFO  minertim] H/s 1m:2155.7 5m:2090.1 10m:2115.9 | Shares: 302/0 (found:303) | Diff: 109381 | 5s elapsed (since last share, avg 50s) | best=38 target=39266 (999%)
[2026-10-01T20:36:30Z INFO  minertim] H/s 1m:2051.7 5m:2090.5 10m:2107.1 | Shares: 302/0 (found:303) | Diff: 109381 | 15s elapsed (since last share, avg 53s) | best=38 target=39266 (999%)
[2026-10-01T20:36:31Z INFO  minertim::pool_connection] New job: ZSsH4YItCrdl0MtF (difficulty: 109381, target: 62990000)
[2026-10-01T20:36:31Z INFO  minertim::pool_connection] Share submitted: rpc_id=580 job_id=dT00q2oivwBc00G0 nonce=b92d0e02
[2026-10-01T20:36:32Z INFO  minertim::pool_connection] Share accepted: rpc_id=580 job_id=dT00q2oivwBc00G0 nonce=b92d0e02 latency_ms=386
[2026-10-01T20:36:40Z INFO  minertim] H/s 1m:2028.3 5m:2087.1 10m:2105.1 | Shares: 303/0 (found:303) | Diff: 109381 | 25s elapsed (since last share, avg 53s) | best=38 target=39266 (999%)
[2026-10-01T20:36:45Z INFO  minertim::miner] Worker 3 SHARE FOUND! job_id=ZSsH4YItCrdl0MtF, nonce=9f7f0c02, hash_val=27129, difficulty=109381, hash=c9f8fcfdeab50cdfb0ccd45d06d7eb68630dfb98854bb2e8615694eef9690000
[2026-10-01T20:36:50Z INFO  minertim] H/s 1m:1974.1 5m:2086.8 10m:2101.0 | Shares: 303/0 (found:304) | Diff: 109381 | 5s elapsed (since last share, avg 55s) | best=38 target=39266 (999%)
[2026-10-01T20:36:51Z INFO  minertim::pool_connection] New job: kkePw0yiUK0RYNEX (difficulty: 109381, target: 62990000)
[2026-10-01T20:36:51Z INFO  minertim::pool_connection] Share submitted: rpc_id=581 job_id=ZSsH4YItCrdl0MtF nonce=9f7f0c02
[2026-10-01T20:36:52Z INFO  minertim::pool_connection] Share accepted: rpc_id=581 job_id=ZSsH4YItCrdl0MtF nonce=9f7f0c02 latency_ms=268
[2026-10-01T20:36:52Z INFO  minertim::pool_connection] New job: 7hEYATVbm4ziyj4p (difficulty: 164074, target: 41660000)
[2026-10-01T20:36:59Z INFO  minertim::miner] Worker 3 SHARE FOUND! job_id=7hEYATVbm4ziyj4p, nonce=6bc20c02, hash_val=24421, difficulty=164074, hash=9a5105035cac8b78ec6c4f4818413eb8197cc199af6e153f861f63aa655f0000
[2026-10-01T20:37:00Z INFO  minertim] H/s 1m:1955.7 5m:2086.0 10m:2099.3 | Shares: 304/0 (found:305) | Diff: 164074 | 1s elapsed (since last share, avg 1m23s) | best=38 target=26177 (999%)
[2026-10-01T20:37:10Z INFO  minertim] H/s 1m:1903.0 5m:2085.2 10m:2090.0 | Shares: 304/0 (found:305) | Diff: 164074 | 11s elapsed (since last share, avg 1m26s) | best=38 target=26177 (999%)
[2026-10-01T20:37:11Z INFO  minertim::pool_connection] New job: 2PJBr4KRk76140lr (difficulty: 164074, target: 41660000)
[2026-10-01T20:37:11Z INFO  minertim::pool_connection] Share submitted: rpc_id=582 job_id=7hEYATVbm4ziyj4p nonce=6bc20c02
[2026-10-01T20:37:12Z INFO  minertim::pool_connection] Share accepted: rpc_id=582 job_id=7hEYATVbm4ziyj4p nonce=6bc20c02 latency_ms=561
[2026-10-01T20:37:20Z INFO  minertim] H/s 1m:1985.4 5m:2087.0 10m:2088.2 | Shares: 305/0 (found:305) | Diff: 164074 | 21s elapsed (since last share, avg 1m22s) | best=38 target=26177 (999%)
[2026-10-01T20:37:23Z INFO  minertim::pool_connection] New job: KnT3xWxkRxnTLVM9 (difficulty: 246115, target: 2b440000)
[2026-10-01T20:37:30Z INFO  minertim] H/s 1m:2008.8 5m:2105.2 10m:2101.6 | Shares: 305/0 (found:305) | Diff: 246115 | 31s elapsed (since last share, avg 2m2s) | best=38 target=17451 (999%)
[2026-10-01T20:37:31Z INFO  minertim::pool_connection] New job: 0L8p0sSXaugwzV7O (difficulty: 246115, target: 2b440000)
[2026-10-01T20:37:40Z INFO  minertim] H/s 1m:2062.3 5m:2117.8 10m:2106.2 | Shares: 305/0 (found:305) | Diff: 246115 | 41s elapsed (since last share, avg 1m59s) | best=38 target=17451 (999%)
[2026-10-01T20:37:50Z INFO  minertim] H/s 1m:2084.8 5m:2117.7 10m:2106.2 | Shares: 305/0 (found:305) | Diff: 246115 | 51s elapsed (since last share, avg 1m58s) | best=38 target=17451 (999%)
[2026-10-01T20:37:51Z INFO  minertim::pool_connection] New job: Ypb05736WOHEo0sz (difficulty: 246115, target: 2b440000)
[2026-10-01T20:38:00Z INFO  minertim] H/s 1m:2193.6 5m:2119.9 10m:2106.4 | Shares: 305/0 (found:305) | Diff: 246115 | 1m1s elapsed (since last share, avg 1m52s) | best=38 target=17451 (999%)
[2026-10-01T20:38:05Z INFO  minertim::miner] Worker 0 SHARE FOUND! job_id=Ypb05736WOHEo0sz, nonce=c8681002, hash_val=5275, difficulty=246115, hash=9e964364044852aabe5d465438be8b9dc3f2642ec9b07ba25c4772739b140000
[2026-10-01T20:38:10Z INFO  minertim] H/s 1m:2157.3 5m:2109.9 10m:2101.5 | Shares: 305/0 (found:306) | Diff: 246115 | 5s elapsed (since last share, avg 1m54s) | best=38 target=17451 (999%)
[2026-10-01T20:38:11Z INFO  minertim::pool_connection] New job: TlCBUX0VHFH0JnuU (difficulty: 246115, target: 2b440000)
[2026-10-01T20:38:11Z INFO  minertim::pool_connection] Share submitted: rpc_id=584 job_id=Ypb05736WOHEo0sz nonce=c8681002
[2026-10-01T20:38:11Z INFO  minertim::pool_connection] Share accepted: rpc_id=584 job_id=Ypb05736WOHEo0sz nonce=c8681002 latency_ms=226
[2026-10-01T20:38:20Z INFO  minertim] H/s 1m:2138.3 5m:2110.6 10m:2099.9 | Shares: 306/0 (found:306) | Diff: 246115 | 15s elapsed (since last share, avg 1m55s) | best=38 target=17451 (999%)
[2026-10-01T20:38:23Z INFO  minertim::pool_connection] New job: XoT1Q9SI9WSlJF3E (difficulty: 184586, target: e45a0000)
[2026-10-01T20:38:30Z INFO  minertim] H/s 1m:2139.2 5m:2111.0 10m:2099.9 | Shares: 306/0 (found:306) | Diff: 184586 | 25s elapsed (since last share, avg 1m26s) | best=38 target=23268 (999%)
[2026-10-01T20:38:31Z INFO  minertim::pool_connection] New job: 60m4w2i2Q8GXd5z0 (difficulty: 184586, target: e45a0000)
[2026-10-01T20:38:38Z INFO  minertim::miner] Worker 3 SHARE FOUND! job_id=60m4w2i2Q8GXd5z0, nonce=ebb30f02, hash_val=17654, difficulty=184586, hash=d11b27f273c2c4b1017af188a011b72d9f6c5de6f14668e0bb8216dbf6440000
[2026-10-01T20:38:40Z INFO  minertim] H/s 1m:2139.6 5m:2111.1 10m:2099.9 | Shares: 306/0 (found:307) | Diff: 184586 | 2s elapsed (since last share, avg 1m26s) | best=38 target=23268 (999%)
[2026-10-01T20:38:50Z INFO  minertim] H/s 1m:2034.8 5m:2093.1 10m:2091.0 | Shares: 306/0 (found:307) | Diff: 184586 | 12s elapsed (since last share, avg 1m30s) | best=38 target=23268 (999%)
[2026-10-01T20:38:50Z INFO  minertim::pool_connection] New job: 0ztP7SX5DlKJefG5 (difficulty: 184586, target: e45a0000)
[2026-10-01T20:38:50Z INFO  minertim::pool_connection] Share submitted: rpc_id=586 job_id=60m4w2i2Q8GXd5z0 nonce=ebb30f02
[2026-10-01T20:38:51Z INFO  minertim::pool_connection] Share accepted: rpc_id=586 job_id=60m4w2i2Q8GXd5z0 nonce=ebb30f02 latency_ms=311
[2026-10-01T20:39:00Z INFO  minertim] H/s 1m:2060.5 5m:2088.2 10m:2088.5 | Shares: 307/0 (found:307) | Diff: 184586 | 22s elapsed (since last share, avg 1m29s) | best=38 target=23268 (999%)
[2026-10-01T20:39:10Z INFO  minertim::pool_connection] New job: AUHzNU1Q9Ef4hL0C (difficulty: 184586, target: e45a0000)
[2026-10-01T20:39:10Z INFO  minertim] H/s 1m:2075.0 5m:2087.8 10m:2088.1 | Shares: 307/0 (found:307) | Diff: 184586 | 32s elapsed (since last share, avg 1m28s) | best=38 target=23268 (999%)
[2026-10-01T20:39:20Z INFO  minertim] H/s 1m:2072.0 5m:2087.8 10m:2087.9 | Shares: 307/0 (found:307) | Diff: 184586 | 42s elapsed (since last share, avg 1m29s) | best=38 target=23268 (999%)
[2026-10-01T20:39:30Z INFO  minertim::pool_connection] New job: 0VDYAaPIt5V0UIDS (difficulty: 184586, target: e45a0000)
[2026-10-01T20:39:30Z INFO  minertim] H/s 1m:2069.3 5m:2105.9 10m:2087.7 | Shares: 307/0 (found:307) | Diff: 184586 | 52s elapsed (since last share, avg 1m29s) | best=38 target=23268 (999%)
[2026-10-01T20:39:40Z INFO  minertim] H/s 1m:2171.5 5m:2107.9 10m:2090.7 | Shares: 307/0 (found:307) | Diff: 184586 | 1m2s elapsed (since last share, avg 1m25s) | best=38 target=23268 (999%)
[2026-10-01T20:39:50Z INFO  minertim::pool_connection] New job: Q6fbZcq3XaS2ZI2i (difficulty: 184586, target: e45a0000)
[2026-10-01T20:39:50Z INFO  minertim] H/s 1m:2200.8 5m:2107.4 10m:2090.5 | Shares: 307/0 (found:307) | Diff: 184586 | 1m12s elapsed (since last share, avg 1m23s) | best=38 target=23268 (999%)
[2026-10-01T20:40:00Z INFO  minertim] H/s 1m:2202.9 5m:2107.8 10m:2090.5 | Shares: 307/0 (found:307) | Diff: 184586 | 1m22s elapsed (since last share, avg 1m23s) | best=38 target=23268 (999%)
[2026-10-01T20:40:11Z INFO  minertim] H/s 1m:2255.8 5m:2116.6 10m:2099.2 | Shares: 307/0 (found:307) | Diff: 184586 | 1m32s elapsed (since last share, avg 1m21s) | best=38 target=23268 (999%)
[2026-10-01T20:40:12Z INFO  minertim::pool_connection] New job: 4nREdRDqLsJPHSwA (difficulty: 184586, target: e45a0000)
[2026-10-01T20:40:21Z INFO  minertim] H/s 1m:2256.4 5m:2116.3 10m:2103.1 | Shares: 307/0 (found:307) | Diff: 184586 | 1m42s elapsed (since last share, avg 1m21s) | best=38 target=23268 (999%)
[2026-10-01T20:40:23Z INFO  minertim::pool_connection] New job: o3Yd3s8KwTSPenIc (difficulty: 126811, target: 4d840000)
[2026-10-01T20:40:31Z INFO  minertim] H/s 1m:2257.1 5m:2115.9 10m:2103.0 | Shares: 307/0 (found:307) | Diff: 126811 | 1m52s elapsed (since last share, avg 56s) | best=38 target=33869 (999%)
[2026-10-01T20:40:34Z INFO  minertim::pool_connection] New job: OBN0VssxrrST50tK (difficulty: 126811, target: 4d840000)
[2026-10-01T20:40:41Z INFO  minertim] H/s 1m:2257.3 5m:2115.5 10m:2102.7 | Shares: 307/0 (found:307) | Diff: 126811 | 2m2s elapsed (since last share, avg 56s) | best=38 target=33869 (999%)
[2026-10-01T20:40:45Z INFO  minertim::miner] Worker 2 SHARE FOUND! job_id=OBN0VssxrrST50tK, nonce=3e0e1702, hash_val=239, difficulty=126811, hash=946a6fd41a1d8b29b7a60aedb658f9c9221cefd30371882f78bc41ffef000000
[2026-10-01T20:40:51Z INFO  minertim] H/s 1m:2202.8 5m:2105.7 10m:2097.9 | Shares: 307/0 (found:308) | Diff: 126811 | 5s elapsed (since last share, avg 57s) | best=38 target=33869 (999%)
[2026-10-01T20:40:54Z INFO  minertim::pool_connection] New job: yp4CpBjYnzKerFt8 (difficulty: 126811, target: 4d840000)
[2026-10-01T20:40:54Z INFO  minertim::pool_connection] Share submitted: rpc_id=589 job_id=OBN0VssxrrST50tK nonce=3e0e1702
[2026-10-01T20:40:54Z INFO  minertim::pool_connection] Share accepted: rpc_id=589 job_id=OBN0VssxrrST50tK nonce=3e0e1702 latency_ms=225
[2026-10-01T20:41:01Z INFO  minertim] H/s 1m:2128.4 5m:2102.3 10m:2100.6 | Shares: 308/0 (found:308) | Diff: 126811 | 15s elapsed (since last share, avg 59s) | best=38 target=33869 (999%)
[2026-10-01T20:41:11Z INFO  minertim] H/s 1m:2127.1 5m:2111.3 10m:2102.6 | Shares: 308/0 (found:308) | Diff: 126811 | 25s elapsed (since last share, avg 59s) | best=38 target=33869 (999%)
[2026-10-01T20:41:13Z INFO  minertim::pool_connection] New job: uCX0a9vq9dsnOw8F (difficulty: 126811, target: 4d840000)
[2026-10-01T20:41:17Z INFO  minertim::miner] Worker 3 SHARE FOUND! job_id=uCX0a9vq9dsnOw8F, nonce=f79e1402, hash_val=10793, difficulty=126811, hash=72ca4b69153de7519da4226f9716af8be7ed06801662829d0f55decc292a0000
[2026-10-01T20:41:21Z INFO  minertim] H/s 1m:2073.9 5m:2119.7 10m:2098.0 | Shares: 308/0 (found:309) | Diff: 126811 | 3s elapsed (since last share, avg 1m1s) | best=38 target=33869 (999%)
[2026-10-01T20:41:26Z INFO  minertim::pool_connection] New job: HVcne03xYGfA4MH3 (difficulty: 126811, target: 4d840000)
[2026-10-01T20:41:26Z INFO  minertim::pool_connection] Share submitted: rpc_id=591 job_id=uCX0a9vq9dsnOw8F nonce=f79e1402
[2026-10-01T20:41:26Z INFO  minertim::pool_connection] Share accepted: rpc_id=591 job_id=uCX0a9vq9dsnOw8F nonce=f79e1402 latency_ms=228
[2026-10-01T20:41:31Z INFO  minertim] H/s 1m:1984.0 5m:2107.8 10m:2099.1 | Shares: 309/0 (found:309) | Diff: 126811 | 13s elapsed (since last share, avg 1m3s) | best=38 target=33869 (999%)
[2026-10-01T20:41:41Z INFO  minertim] H/s 1m:2040.9 5m:2117.2 10m:2099.5 | Shares: 309/0 (found:309) | Diff: 126811 | 23s elapsed (since last share, avg 1m2s) | best=38 target=33869 (999%)
[2026-10-01T20:41:45Z INFO  minertim::pool_connection] New job: nioJ1RX65ZwL3zWb (difficulty: 126811, target: 4d840000)
[2026-10-01T20:41:51Z INFO  minertim] H/s 1m:2065.3 5m:2121.1 10m:2104.0 | Shares: 309/0 (found:309) | Diff: 126811 | 33s elapsed (since last share, avg 1m1s) | best=38 target=33869 (999%)
[2026-10-01T20:42:01Z INFO  minertim] H/s 1m:2068.6 5m:2139.9 10m:2105.5 | Shares: 309/0 (found:309) | Diff: 126811 | 43s elapsed (since last share, avg 1m1s) | best=38 target=33869 (999%)
[2026-10-01T20:42:03Z INFO  minertim::miner] Worker 0 SHARE FOUND! job_id=nioJ1RX65ZwL3zWb, nonce=803f1802, hash_val=23139, difficulty=126811, hash=1ff4073c05b0107d9186abdadedeeacbf23fa33d22efb65d58a77e86635a0000
[2026-10-01T20:42:05Z INFO  minertim::pool_connection] New job: OLWy0rpl33k3KZ6p (difficulty: 126811, target: 4d840000)
[2026-10-01T20:42:05Z INFO  minertim::pool_connection] Share submitted: rpc_id=592 job_id=nioJ1RX65ZwL3zWb nonce=803f1802
[2026-10-01T20:42:05Z INFO  minertim::pool_connection] Share accepted: rpc_id=592 job_id=nioJ1RX65ZwL3zWb nonce=803f1802 latency_ms=226
[2026-10-01T20:42:11Z INFO  minertim] H/s 1m:2091.6 5m:2138.1 10m:2111.6 | Shares: 310/0 (found:310) | Diff: 126811 | 8s elapsed (since last share, avg 1m0s) | best=38 target=33869 (999%)
[2026-10-01T20:42:21Z INFO  minertim] H/s 1m:2239.6 5m:2147.6 10m:2119.0 | Shares: 310/0 (found:310) | Diff: 126811 | 18s elapsed (since last share, avg 56s) | best=38 target=33869 (999%)
[2026-10-01T20:42:25Z INFO  minertim::pool_connection] New job: IywDTIou0eFn6RW6 (difficulty: 126811, target: 4d840000)
[2026-10-01T20:42:31Z INFO  minertim] H/s 1m:2239.7 5m:2147.8 10m:2127.9 | Shares: 310/0 (found:310) | Diff: 126811 | 28s elapsed (since last share, avg 56s) | best=38 target=33869 (999%)
[2026-10-01T20:42:41Z INFO  minertim] H/s 1m:2239.8 5m:2147.9 10m:2134.2 | Shares: 310/0 (found:310) | Diff: 126811 | 38s elapsed (since last share, avg 56s) | best=38 target=33869 (999%)
[2026-10-01T20:42:45Z INFO  minertim::pool_connection] New job: PNra9DPMIl2TP7Bu (difficulty: 126811, target: 4d840000)
[2026-10-01T20:42:51Z INFO  minertim] H/s 1m:2239.3 5m:2147.8 10m:2134.2 | Shares: 310/0 (found:310) | Diff: 126811 | 48s elapsed (since last share, avg 56s) | best=38 target=33869 (999%)
[2026-10-01T20:43:01Z INFO  minertim] H/s 1m:2271.0 5m:2157.7 10m:2135.2 | Shares: 310/0 (found:310) | Diff: 126811 | 58s elapsed (since last share, avg 55s) | best=38 target=33869 (999%)
[2026-10-01T20:43:05Z INFO  minertim::pool_connection] New job: Xtocy7n00rnSlXf1 (difficulty: 126811, target: 4d840000)
[2026-10-01T20:43:11Z INFO  minertim] H/s 1m:2211.9 5m:2160.3 10m:2134.9 | Shares: 310/0 (found:310) | Diff: 126811 | 1m8s elapsed (since last share, avg 57s) | best=38 target=33869 (999%)
[2026-10-01T20:43:21Z INFO  minertim] H/s 1m:2209.2 5m:2159.8 10m:2136.6 | Shares: 310/0 (found:310) | Diff: 126811 | 1m18s elapsed (since last share, avg 57s) | best=38 target=33869 (999%)
[2026-10-01T20:43:24Z INFO  minertim::miner] Worker 1 SHARE FOUND! job_id=Xtocy7n00rnSlXf1, nonce=81221c02, hash_val=29327, difficulty=126811, hash=db3bd9e761e9101fe629e8828e13c25dcc9f82b391cde443eb3b51648f720000
[2026-10-01T20:43:25Z INFO  minertim::pool_connection] New job: HiDe4b0M6C0D4vjG (difficulty: 126811, target: 4d840000)
[2026-10-01T20:43:25Z INFO  minertim::pool_connection] Share submitted: rpc_id=595 job_id=Xtocy7n00rnSlXf1 nonce=81221c02
[2026-10-01T20:43:25Z INFO  minertim::pool_connection] Share accepted: rpc_id=595 job_id=Xtocy7n00rnSlXf1 nonce=81221c02 latency_ms=293
[2026-10-01T20:43:31Z INFO  minertim] H/s 1m:2202.7 5m:2158.7 10m:2136.3 | Shares: 311/0 (found:311) | Diff: 126811 | 6s elapsed (since last share, avg 57s) | best=38 target=33869 (999%)
[2026-10-01T20:43:40Z INFO  minertim::miner] Worker 3 SHARE FOUND! job_id=HiDe4b0M6C0D4vjG, nonce=e7291902, hash_val=23428, difficulty=126811, hash=e8feb48b5de46852c778bd7feff7cb2f54daa168c079642aa8608393845b0000
[2026-10-01T20:43:41Z INFO  minertim] H/s 1m:2146.3 5m:2167.0 10m:2131.5 | Shares: 311/0 (found:312) | Diff: 126811 | 0s elapsed (since last share, avg 59s) | best=38 target=33869 (999%)
[2026-10-01T20:43:44Z INFO  minertim::pool_connection] New job: 08FRG26hNsMSfub4 (difficulty: 126811, target: 4d840000)
[2026-10-01T20:43:44Z INFO  minertim::pool_connection] Share submitted: rpc_id=596 job_id=HiDe4b0M6C0D4vjG nonce=e7291902
[2026-10-01T20:43:45Z INFO  minertim::pool_connection] Share accepted: rpc_id=596 job_id=HiDe4b0M6C0D4vjG nonce=e7291902 latency_ms=315
[2026-10-01T20:43:51Z INFO  minertim] H/s 1m:2143.9 5m:2172.0 10m:2131.3 | Shares: 312/0 (found:312) | Diff: 126811 | 10s elapsed (since last share, avg 59s) | best=38 target=33869 (999%)
[2026-10-01T20:44:01Z INFO  minertim] H/s 1m:2147.5 5m:2172.8 10m:2131.6 | Shares: 312/0 (found:312) | Diff: 126811 | 20s elapsed (since last share, avg 59s) | best=38 target=33869 (999%)
[2026-10-01T20:44:04Z INFO  minertim::pool_connection] New job: 2YN0Ww73WtVfdiP0 (difficulty: 126811, target: 4d840000)
[2026-10-01T20:44:11Z INFO  minertim] H/s 1m:2146.3 5m:2172.6 10m:2131.5 | Shares: 312/0 (found:312) | Diff: 126811 | 30s elapsed (since last share, avg 59s) | best=38 target=33869 (999%)
[2026-10-01T20:44:15Z INFO  minertim::miner] Worker 0 SHARE FOUND! job_id=2YN0Ww73WtVfdiP0, nonce=1ca41c02, hash_val=23777, difficulty=126811, hash=6ad844e7774982a7da0afcd3450e251412ccbe0f2b55289f4ed9aa7fe15c0000
[2026-10-01T20:44:21Z INFO  minertim] H/s 1m:2097.8 5m:2163.7 10m:2127.0 | Shares: 312/0 (found:313) | Diff: 126811 | 5s elapsed (since last share, avg 1m0s) | best=38 target=33869 (999%)
[2026-10-01T20:44:24Z INFO  minertim::pool_connection] New job: xAtL8lxjeV9VnTW5 (difficulty: 126811, target: 4d840000)
[2026-10-01T20:44:24Z INFO  minertim::pool_connection] Share submitted: rpc_id=598 job_id=2YN0Ww73WtVfdiP0 nonce=1ca41c02
[2026-10-01T20:44:25Z INFO  minertim::pool_connection] Share accepted: rpc_id=598 job_id=2YN0Ww73WtVfdiP0 nonce=1ca41c02 latency_ms=307
[2026-10-01T20:44:31Z INFO  minertim] H/s 1m:2153.0 5m:2163.8 10m:2136.0 | Shares: 313/0 (found:313) | Diff: 126811 | 15s elapsed (since last share, avg 58s) | best=38 target=33869 (999%)
[2026-10-01T20:44:37Z INFO  minertim::miner] Worker 0 SHARE FOUND! job_id=xAtL8lxjeV9VnTW5, nonce=240f1d02, hash_val=8064, difficulty=126811, hash=1895feb4ff6ef9e3f4d3da1571b2b20e0f7fdb699da298151a2f0c4e801f0000
[2026-10-01T20:44:41Z INFO  minertim] H/s 1m:2101.9 5m:2155.0 10m:2132.6 | Shares: 313/0 (found:314) | Diff: 126811 | 4s elapsed (since last share, avg 1m0s) | best=38 target=33869 (999%)
[2026-10-01T20:44:44Z INFO  minertim::pool_connection] New job: KdmvHCFfO3oIFKOO (difficulty: 126811, target: 4d840000)
[2026-10-01T20:44:44Z INFO  minertim::pool_connection] Share submitted: rpc_id=599 job_id=xAtL8lxjeV9VnTW5 nonce=240f1d02
[2026-10-01T20:44:44Z INFO  minertim::pool_connection] Share accepted: rpc_id=599 job_id=xAtL8lxjeV9VnTW5 nonce=240f1d02 latency_ms=261
[2026-10-01T20:44:51Z INFO  minertim] H/s 1m:2077.2 5m:2151.1 10m:2130.5 | Shares: 314/0 (found:314) | Diff: 126811 | 14s elapsed (since last share, avg 1m1s) | best=38 target=33869 (999%)
[2026-10-01T20:45:01Z INFO  minertim] H/s 1m:2080.5 5m:2142.4 10m:2130.9 | Shares: 314/0 (found:314) | Diff: 126811 | 24s elapsed (since last share, avg 1m0s) | best=38 target=33869 (999%)
[2026-10-01T20:45:04Z INFO  minertim::pool_connection] New job: xOnp6KTfjdMjWf3l (difficulty: 126811, target: 4d840000)
[2026-10-01T20:45:11Z INFO  minertim] H/s 1m:2130.8 5m:2142.0 10m:2130.6 | Shares: 314/0 (found:314) | Diff: 126811 | 34s elapsed (since last share, avg 59s) | best=38 target=33869 (999%)
[2026-10-01T20:45:21Z INFO  minertim] H/s 1m:2130.7 5m:2142.0 10m:2130.5 | Shares: 314/0 (found:314) | Diff: 126811 | 44s elapsed (since last share, avg 59s) | best=38 target=33869 (999%)
[2026-10-01T20:45:24Z INFO  minertim::pool_connection] New job: xaeE790d4HCeQTlT (difficulty: 126811, target: 4d840000)
[2026-10-01T20:45:31Z INFO  minertim] H/s 1m:2183.1 5m:2142.2 10m:2130.3 | Shares: 314/0 (found:314) | Diff: 126811 | 54s elapsed (since last share, avg 58s) | best=38 target=33869 (999%)
[2026-10-01T20:45:33Z INFO  minertim::pool_connection] New job: rGRaZYzXs65jPVwO (difficulty: 126811, target: 4d840000)
[2026-10-01T20:45:41Z INFO  minertim] H/s 1m:2204.6 5m:2151.4 10m:2130.0 | Shares: 314/0 (found:314) | Diff: 126811 | 1m4s elapsed (since last share, avg 57s) | best=38 target=33869 (999%)
[2026-10-01T20:45:51Z INFO  minertim] H/s 1m:2202.6 5m:2155.2 10m:2129.8 | Shares: 314/0 (found:314) | Diff: 126811 | 1m14s elapsed (since last share, avg 57s) | best=38 target=33869 (999%)
[2026-10-01T20:45:53Z INFO  minertim::pool_connection] New job: XrFEKRrmqf3kBYzu (difficulty: 126811, target: 4d840000)
[2026-10-01T20:45:55Z INFO  minertim::pool_connection] New job: RLJvhhWCezqsiaNB (difficulty: 126811, target: 4d840000)
[2026-10-01T20:46:01Z INFO  minertim] H/s 1m:2203.9 5m:2155.2 10m:2129.9 | Shares: 314/0 (found:314) | Diff: 126811 | 1m24s elapsed (since last share, avg 57s) | best=38 target=33869 (999%)
[2026-10-01T20:46:11Z INFO  minertim] H/s 1m:2200.6 5m:2163.9 10m:2134.3 | Shares: 314/0 (found:314) | Diff: 126811 | 1m34s elapsed (since last share, avg 57s) | best=38 target=33869 (999%)
[2026-10-01T20:46:15Z INFO  minertim::pool_connection] New job: fLPu7p83vmk1YMZG (difficulty: 126811, target: 4d840000)
[2026-10-01T20:46:19Z INFO  minertim::miner] Worker 2 SHARE FOUND! job_id=fLPu7p83vmk1YMZG, nonce=2a0a2202, hash_val=24477, difficulty=126811, hash=50ba4aaea5fe8b5150a77308c2a24bf9d813361c54ee345b577de3109d5f0000
[2026-10-01T20:46:21Z INFO  minertim] H/s 1m:2144.7 5m:2169.9 10m:2138.2 | Shares: 314/0 (found:315) | Diff: 126811 | 2s elapsed (since last share, avg 59s) | best=38 target=33869 (999%)
[2026-10-01T20:46:31Z INFO  minertim] H/s 1m:2043.1 5m:2151.8 10m:2131.3 | Shares: 314/0 (found:315) | Diff: 126811 | 12s elapsed (since last share, avg 1m2s) | best=38 target=33869 (999%)
[2026-10-01T20:46:35Z INFO  minertim::pool_connection] New job: rLkdI93cst2ig9f6 (difficulty: 126811, target: 4d840000)
[2026-10-01T20:46:35Z INFO  minertim::pool_connection] Share submitted: rpc_id=602 job_id=fLPu7p83vmk1YMZG nonce=2a0a2202
[2026-10-01T20:46:35Z INFO  minertim::pool_connection] Share accepted: rpc_id=602 job_id=fLPu7p83vmk1YMZG nonce=2a0a2202 latency_ms=306
[2026-10-01T20:46:41Z INFO  minertim] H/s 1m:2048.8 5m:2152.4 10m:2136.2 | Shares: 315/0 (found:315) | Diff: 126811 | 22s elapsed (since last share, avg 1m1s) | best=38 target=33869 (999%)
[2026-10-01T20:46:51Z INFO  minertim] H/s 1m:2051.9 5m:2152.4 10m:2138.1 | Shares: 315/0 (found:315) | Diff: 126811 | 32s elapsed (since last share, avg 1m1s) | best=38 target=33869 (999%)
[2026-10-01T20:46:55Z INFO  minertim::pool_connection] New job: aOW5omnEc0xh0ZsM (difficulty: 126811, target: 4d840000)
[2026-10-01T20:47:01Z INFO  minertim] H/s 1m:2056.9 5m:2157.9 10m:2147.3 | Shares: 315/0 (found:315) | Diff: 126811 | 42s elapsed (since last share, avg 1m1s) | best=38 target=33869 (999%)
[2026-10-01T20:47:11Z INFO  minertim] H/s 1m:2110.5 5m:2147.6 10m:2148.8 | Shares: 315/0 (found:315) | Diff: 126811 | 52s elapsed (since last share, avg 1m0s) | best=38 target=33869 (999%)
[2026-10-01T20:47:15Z INFO  minertim::pool_connection] New job: baIcp4dRA2Tot03q (difficulty: 126811, target: 4d840000)
[2026-10-01T20:47:21Z INFO  minertim] H/s 1m:2212.8 5m:2147.2 10m:2148.6 | Shares: 315/0 (found:315) | Diff: 126811 | 1m2s elapsed (since last share, avg 57s) | best=38 target=33869 (999%)
[2026-10-01T20:47:31Z INFO  minertim] H/s 1m:2207.5 5m:2146.8 10m:2148.5 | Shares: 315/0 (found:315) | Diff: 126811 | 1m12s elapsed (since last share, avg 57s) | best=38 target=33869 (999%)
[2026-10-01T20:47:34Z INFO  minertim::pool_connection] New job: 0uaVTQvTKM8Nd2dd (difficulty: 126811, target: 4d840000)
[2026-10-01T20:47:41Z INFO  minertim] H/s 1m:2205.1 5m:2146.5 10m:2148.3 | Shares: 315/0 (found:315) | Diff: 126811 | 1m22s elapsed (since last share, avg 57s) | best=38 target=33869 (999%)
[2026-10-01T20:47:51Z INFO  minertim] H/s 1m:2202.6 5m:2146.1 10m:2148.1 | Shares: 315/0 (found:315) | Diff: 126811 | 1m32s elapsed (since last share, avg 57s) | best=38 target=33869 (999%)
[2026-10-01T20:47:54Z INFO  minertim::pool_connection] New job: KKbSJ00lRvnX7bgQ (difficulty: 126811, target: 4d840000)
[2026-10-01T20:48:01Z INFO  minertim] H/s 1m:2205.7 5m:2146.6 10m:2152.9 | Shares: 315/0 (found:315) | Diff: 126811 | 1m42s elapsed (since last share, avg 57s) | best=38 target=33869 (999%)
[2026-10-01T20:48:11Z INFO  minertim] H/s 1m:2203.9 5m:2146.2 10m:2154.1 | Shares: 315/0 (found:315) | Diff: 126811 | 1m52s elapsed (since last share, avg 57s) | best=38 target=33869 (999%)
[2026-10-01T20:48:14Z INFO  minertim::pool_connection] New job: wW8JUvt72kdnutS7 (difficulty: 126811, target: 4d840000)
[2026-10-01T20:48:17Z INFO  minertim::miner] Worker 2 SHARE FOUND! job_id=wW8JUvt72kdnutS7, nonce=b67a2502, hash_val=33835, difficulty=126811, hash=6868d5b6f2a3bcf50d0eaca9e1837f3439f162d821d08c282c72fce82b840000
[2026-10-01T20:48:20Z INFO  minertim::miner] Worker 1 SHARE FOUND! job_id=wW8JUvt72kdnutS7, nonce=991b2602, hash_val=26461, difficulty=126811, hash=9fea48aeea86e061a8c10ff373bf44d54cd88c03e095ec2d67d5bb455d670000
[2026-10-01T20:48:21Z INFO  minertim] H/s 1m:2149.6 5m:2137.6 10m:2149.3 | Shares: 315/0 (found:317) | Diff: 126811 | 1s elapsed (since last share, avg 58s) | best=38 target=33869 (999%)
[2026-10-01T20:48:27Z INFO  minertim::pool_connection] Share submitted: rpc_id=606 job_id=wW8JUvt72kdnutS7 nonce=991b2602
[2026-10-01T20:48:27Z INFO  minertim::pool_connection] Share submitted: rpc_id=605 job_id=wW8JUvt72kdnutS7 nonce=b67a2502
[2026-10-01T20:48:27Z INFO  minertim::pool_connection] Share accepted: rpc_id=606 job_id=wW8JUvt72kdnutS7 nonce=991b2602 latency_ms=239
[2026-10-01T20:48:28Z INFO  minertim::pool_connection] Share accepted: rpc_id=605 job_id=wW8JUvt72kdnutS7 nonce=b67a2502 latency_ms=538
[2026-10-01T20:48:31Z INFO  minertim] H/s 1m:2000.7 5m:2121.4 10m:2136.5 | Shares: 317/0 (found:317) | Diff: 126811 | 11s elapsed (since last share, avg 1m3s) | best=38 target=33869 (999%)
[2026-10-01T20:48:34Z INFO  minertim::pool_connection] New job: hFQOfyzwGbJGAkWs (difficulty: 126811, target: 4d840000)
[2026-10-01T20:48:41Z INFO  minertim] H/s 1m:2000.7 5m:2121.4 10m:2145.2 | Shares: 317/0 (found:317) | Diff: 126811 | 21s elapsed (since last share, avg 1m3s) | best=38 target=33869 (999%)
[2026-10-01T20:48:51Z INFO  minertim] H/s 1m:2000.1 5m:2121.1 10m:2147.8 | Shares: 317/0 (found:317) | Diff: 126811 | 31s elapsed (since last share, avg 1m3s) | best=38 target=33869 (999%)
[2026-10-01T20:48:54Z INFO  minertim::pool_connection] New job: Mkr3k0TaU0LZ3JkQ (difficulty: 126811, target: 4d840000)
[2026-10-01T20:49:01Z INFO  minertim] H/s 1m:2003.3 5m:2121.6 10m:2148.1 | Shares: 317/0 (found:317) | Diff: 126811 | 41s elapsed (since last share, avg 1m3s) | best=38 target=33869 (999%)
[2026-10-01T20:49:11Z INFO  minertim] H/s 1m:2055.7 5m:2130.4 10m:2148.0 | Shares: 317/0 (found:317) | Diff: 126811 | 51s elapsed (since last share, avg 1m1s) | best=38 target=33869 (999%)
[2026-10-01T20:49:14Z INFO  minertim::pool_connection] New job: 4oAOZQZmFy3IZVPk (difficulty: 126811, target: 4d840000)
[2026-10-01T20:49:21Z INFO  minertim] H/s 1m:2207.3 5m:2130.7 10m:2148.2 | Shares: 317/0 (found:317) | Diff: 126811 | 1m1s elapsed (since last share, avg 57s) | best=38 target=33869 (999%)
[2026-10-01T20:49:31Z INFO  minertim] H/s 1m:2210.3 5m:2140.1 10m:2148.5 | Shares: 317/0 (found:317) | Diff: 126811 | 1m11s elapsed (since last share, avg 57s) | best=38 target=33869 (999%)
[2026-10-01T20:49:34Z INFO  minertim::pool_connection] New job: dpe6c3NcuDv5Pg8P (difficulty: 126811, target: 4d840000)
[2026-10-01T20:49:41Z INFO  minertim] H/s 1m:2211.7 5m:2144.3 10m:2148.7 | Shares: 317/0 (found:317) | Diff: 126811 | 1m21s elapsed (since last share, avg 57s) | best=38 target=33869 (999%)
[2026-10-01T20:49:51Z INFO  minertim] H/s 1m:2212.5 5m:2144.4 10m:2148.9 | Shares: 317/0 (found:317) | Diff: 126811 | 1m31s elapsed (since last share, avg 57s) | best=38 target=33869 (999%)
[2026-10-01T20:49:54Z INFO  minertim::pool_connection] New job: ttjCp6ysKbgkS1UG (difficulty: 126811, target: 4d840000)
[2026-10-01T20:50:01Z INFO  minertim] H/s 1m:2216.1 5m:2145.1 10m:2144.6 | Shares: 317/0 (found:317) | Diff: 126811 | 1m41s elapsed (since last share, avg 57s) | best=38 target=33869 (999%)
[2026-10-01T20:50:11Z INFO  minertim] H/s 1m:2211.3 5m:2144.6 10m:2144.4 | Shares: 317/0 (found:317) | Diff: 126811 | 1m51s elapsed (since last share, avg 57s) | best=38 target=33869 (999%)
[2026-10-01T20:50:13Z INFO  minertim::pool_connection] New job: mu0umPYNsstR9xsz (difficulty: 126811, target: 4d840000)
[2026-10-01T20:50:21Z INFO  minertim] H/s 1m:2208.7 5m:2144.5 10m:2144.4 | Shares: 317/0 (found:317) | Diff: 126811 | 2m1s elapsed (since last share, avg 57s) | best=38 target=33869 (999%)
[2026-10-01T20:50:31Z INFO  minertim::miner] Worker 2 SHARE FOUND! job_id=mu0umPYNsstR9xsz, nonce=8ea92902, hash_val=31014, difficulty=126811, hash=0a0be2726ba1abfac37862d51b654d36510e77995c1cfa1de54ae32026790000
[2026-10-01T20:50:31Z INFO  minertim] H/s 1m:2206.7 5m:2144.7 10m:2144.4 | Shares: 317/0 (found:318) | Diff: 126811 | 0s elapsed (since last share, avg 57s) | best=38 target=33869 (999%)
[2026-10-01T20:50:33Z INFO  minertim::pool_connection] New job: uISBvpK4vrHo1owJ (difficulty: 126811, target: 4d840000)
[2026-10-01T20:50:33Z INFO  minertim::pool_connection] Share submitted: rpc_id=609 job_id=mu0umPYNsstR9xsz nonce=8ea92902
[2026-10-01T20:50:34Z INFO  minertim::pool_connection] Share accepted: rpc_id=609 job_id=mu0umPYNsstR9xsz nonce=8ea92902 latency_ms=252
[2026-10-01T20:50:41Z INFO  minertim] H/s 1m:2196.2 5m:2143.2 10m:2148.3 | Shares: 318/0 (found:318) | Diff: 126811 | 10s elapsed (since last share, avg 57s) | best=38 target=33869 (999%)
[2026-10-01T20:50:51Z INFO  minertim] H/s 1m:2196.5 5m:2143.8 10m:2150.4 | Shares: 318/0 (found:318) | Diff: 126811 | 20s elapsed (since last share, avg 57s) | best=38 target=33869 (999%)
[2026-10-01T20:50:53Z INFO  minertim::pool_connection] New job: iMaR3KYe3Fm0hrYw (difficulty: 126811, target: 4d840000)
[2026-10-01T20:51:01Z INFO  minertim] H/s 1m:2201.0 5m:2144.7 10m:2150.6 | Shares: 318/0 (found:318) | Diff: 126811 | 30s elapsed (since last share, avg 57s) | best=38 target=33869 (999%)
[2026-10-01T20:51:11Z INFO  minertim] H/s 1m:2199.8 5m:2154.0 10m:2155.0 | Shares: 318/0 (found:318) | Diff: 126811 | 40s elapsed (since last share, avg 57s) | best=38 target=33869 (999%)
[2026-10-01T20:51:13Z INFO  minertim::pool_connection] New job: UV1GCfF0g2j5Yl7I (difficulty: 126811, target: 4d840000)
[2026-10-01T20:51:21Z INFO  minertim] H/s 1m:2201.9 5m:2172.1 10m:2162.9 | Shares: 318/0 (found:318) | Diff: 126811 | 50s elapsed (since last share, avg 57s) | best=38 target=33869 (999%)
[2026-10-01T20:51:31Z INFO  minertim] H/s 1m:2213.0 5m:2171.6 10m:2162.9 | Shares: 318/0 (found:318) | Diff: 126811 | 1m0s elapsed (since last share, avg 57s) | best=38 target=33869 (999%)
[2026-10-01T20:51:33Z INFO  minertim::pool_connection] New job: kf8WY0Kptl2DaN9i (difficulty: 126811, target: 4d840000)
[2026-10-01T20:51:41Z INFO  minertim] H/s 1m:2213.0 5m:2171.6 10m:2162.9 | Shares: 318/0 (found:318) | Diff: 126811 | 1m10s elapsed (since last share, avg 57s) | best=38 target=33869 (999%)
[2026-10-01T20:51:47Z INFO  minertim::miner] Worker 0 SHARE FOUND! job_id=kf8WY0Kptl2DaN9i, nonce=3c582b02, hash_val=6490, difficulty=126811, hash=08af10314ebed32aa4bc31ef658fd3c22c706a3ef82dff5cb6be8b315a190000
[2026-10-01T20:51:51Z INFO  minertim] H/s 1m:2158.7 5m:2162.2 10m:2158.3 | Shares: 318/0 (found:319) | Diff: 126811 | 4s elapsed (since last share, avg 58s) | best=38 target=33869 (999%)
[2026-10-01T20:51:53Z INFO  minertim::pool_connection] New job: R2XQy9XDqL9vgTfJ (difficulty: 126811, target: 4d840000)
[2026-10-01T20:51:53Z INFO  minertim::pool_connection] Share submitted: rpc_id=611 job_id=kf8WY0Kptl2DaN9i nonce=3c582b02
[2026-10-01T20:51:53Z INFO  minertim::pool_connection] Share accepted: rpc_id=611 job_id=kf8WY0Kptl2DaN9i nonce=3c582b02 latency_ms=306
[2026-10-01T20:52:01Z INFO  minertim] H/s 1m:2138.2 5m:2158.8 10m:2159.0 | Shares: 319/0 (found:319) | Diff: 126811 | 14s elapsed (since last share, avg 59s) | best=38 target=33869 (999%)
[2026-10-01T20:52:11Z INFO  minertim] H/s 1m:2133.2 5m:2158.4 10m:2153.9 | Shares: 319/0 (found:319) | Diff: 126811 | 24s elapsed (since last share, avg 59s) | best=38 target=33869 (999%)
[2026-10-01T20:52:13Z INFO  minertim::pool_connection] New job: uLtmzHthSHHPjkI3 (difficulty: 126811, target: 4d840000)
[2026-10-01T20:52:21Z INFO  minertim] H/s 1m:2130.4 5m:2158.3 10m:2153.6 | Shares: 319/0 (found:319) | Diff: 126811 | 34s elapsed (since last share, avg 59s) | best=38 target=33869 (999%)
[2026-10-01T20:52:31Z INFO  minertim] H/s 1m:2126.9 5m:2158.1 10m:2153.3 | Shares: 319/0 (found:319) | Diff: 126811 | 44s elapsed (since last share, avg 59s) | best=38 target=33869 (999%)
[2026-10-01T20:52:33Z INFO  minertim::pool_connection] New job: v4S5RJGu0eckqT8x (difficulty: 126811, target: 4d840000)
[2026-10-01T20:52:41Z INFO  minertim::pool_connection] New job: 488LQt92aD8RKgVx (difficulty: 126811, target: 4d840000)
[2026-10-01T20:52:41Z INFO  minertim] H/s 1m:2172.0 5m:2157.0 10m:2152.6 | Shares: 319/0 (found:319) | Diff: 126811 | 54s elapsed (since last share, avg 58s) | best=38 target=33869 (999%)
[2026-10-01T20:52:51Z INFO  minertim] H/s 1m:2189.3 5m:2156.0 10m:2152.1 | Shares: 319/0 (found:319) | Diff: 126811 | 1m4s elapsed (since last share, avg 57s) | best=38 target=33869 (999%)
[2026-10-01T20:53:01Z INFO  minertim::pool_connection] New job: Ew63jMchtvPAmgyA (difficulty: 126811, target: 4d840000)
[2026-10-01T20:53:01Z INFO  minertim] H/s 1m:2187.3 5m:2155.5 10m:2151.8 | Shares: 319/0 (found:319) | Diff: 126811 | 1m14s elapsed (since last share, avg 57s) | best=38 target=33869 (999%)
[2026-10-01T20:53:10Z INFO  minertim::pool_connection] New job: DnKTNdnmHSq7MChT (difficulty: 126811, target: 4d840000)
[2026-10-01T20:53:11Z INFO  minertim] H/s 1m:2177.4 5m:2163.1 10m:2150.9 | Shares: 319/0 (found:319) | Diff: 126811 | 1m24s elapsed (since last share, avg 58s) | best=38 target=33869 (999%)
[2026-10-01T20:53:21Z INFO  minertim] H/s 1m:2172.1 5m:2187.7 10m:2150.7 | Shares: 319/0 (found:319) | Diff: 126811 | 1m34s elapsed (since last share, avg 58s) | best=38 target=33869 (999%)
[2026-10-01T20:53:23Z INFO  minertim::pool_connection] New job: rtRcli0wjfVG8i4c (difficulty: 94987, target: a0b00000)
[2026-10-01T20:53:30Z INFO  minertim::pool_connection] New job: 5JIc6f05ST8Ppj3L (difficulty: 94987, target: a0b00000)
[2026-10-01T20:53:31Z INFO  minertim] H/s 1m:2169.8 5m:2186.1 10m:2154.6 | Shares: 319/0 (found:319) | Diff: 94987 | 1m44s elapsed (since last share, avg 43s) | best=38 target=45216 (999%)
[2026-10-01T20:53:37Z INFO  minertim::miner] Worker 2 SHARE FOUND! job_id=5JIc6f05ST8Ppj3L, nonce=c6d02f02, hash_val=34428, difficulty=94987, hash=578a82c689a97a8dbf7f4a087fac6eb95c21df2fd3def2fb278ad7987c860000
[2026-10-01T20:53:39Z INFO  minertim::pool_connection] Share submitted: rpc_id=614 job_id=5JIc6f05ST8Ppj3L nonce=c6d02f02
[2026-10-01T20:53:39Z INFO  minertim::pool_connection] Share accepted: rpc_id=614 job_id=5JIc6f05ST8Ppj3L nonce=c6d02f02 latency_ms=440
[2026-10-01T20:53:41Z INFO  minertim::miner] Worker 0 SHARE FOUND! job_id=5JIc6f05ST8Ppj3L, nonce=64ed2e02, hash_val=9730, difficulty=94987, hash=a0871146e90567cc0208ff731731ddf18263a5c843f555dae0d2acd802260000
[2026-10-01T20:53:41Z INFO  minertim] H/s 1m:2146.1 5m:2181.1 10m:2152.2 | Shares: 320/0 (found:321) | Diff: 94987 | 0s elapsed (since last share, avg 44s) | best=38 target=45216 (999%)
[2026-10-01T20:53:47Z INFO  minertim::pool_connection] Share submitted: rpc_id=615 job_id=5JIc6f05ST8Ppj3L nonce=64ed2e02
[2026-10-01T20:53:47Z INFO  minertim::pool_connection] Share accepted: rpc_id=615 job_id=5JIc6f05ST8Ppj3L nonce=64ed2e02 latency_ms=304
[2026-10-01T20:53:50Z INFO  minertim::pool_connection] New job: Vw8RHjMG5tW0asbq (difficulty: 94987, target: a0b00000)
[2026-10-01T20:53:51Z INFO  minertim] H/s 1m:2065.4 5m:2166.2 10m:2144.8 | Shares: 321/0 (found:321) | Diff: 94987 | 10s elapsed (since last share, avg 45s) | best=38 target=45216 (999%)
[2026-10-01T20:53:53Z INFO  minertim::pool_connection] New job: U0aVSIlKl44Iz051 (difficulty: 142481, target: c0750000)
[2026-10-01T20:54:01Z INFO  minertim] H/s 1m:2071.6 5m:2165.8 10m:2144.6 | Shares: 321/0 (found:321) | Diff: 142481 | 20s elapsed (since last share, avg 1m8s) | best=38 target=30144 (999%)
[2026-10-01T20:54:10Z INFO  minertim::pool_connection] New job: 0IEIMzVB0PzzBaCs (difficulty: 142481, target: c0750000)
[2026-10-01T20:54:11Z INFO  minertim] H/s 1m:2070.7 5m:2164.1 10m:2148.4 | Shares: 321/0 (found:321) | Diff: 142481 | 30s elapsed (since last share, avg 1m8s) | best=38 target=30144 (999%)
[2026-10-01T20:54:21Z INFO  minertim] H/s 1m:2077.1 5m:2163.2 10m:2148.1 | Shares: 321/0 (found:321) | Diff: 142481 | 40s elapsed (since last share, avg 1m8s) | best=38 target=30144 (999%)
[2026-10-01T20:54:30Z INFO  minertim::pool_connection] New job: BpGX0b4zOiduB2j9 (difficulty: 142481, target: c0750000)
[2026-10-01T20:54:31Z INFO  minertim] H/s 1m:2105.9 5m:2162.9 10m:2152.6 | Shares: 321/0 (found:321) | Diff: 142481 | 50s elapsed (since last share, avg 1m7s) | best=38 target=30144 (999%)
[2026-10-01T20:54:41Z INFO  minertim] H/s 1m:2193.0 5m:2162.8 10m:2154.6 | Shares: 321/0 (found:321) | Diff: 142481 | 1m0s elapsed (since last share, avg 1m4s) | best=38 target=30144 (999%)
[2026-10-01T20:54:50Z INFO  minertim::pool_connection] New job: 7PTdXy8sEh6X7GaP (difficulty: 142481, target: c0750000)
[2026-10-01T20:54:51Z INFO  minertim] H/s 1m:2198.2 5m:2162.7 10m:2154.6 | Shares: 321/0 (found:321) | Diff: 142481 | 1m10s elapsed (since last share, avg 1m4s) | best=38 target=30144 (999%)
[2026-10-01T20:54:53Z INFO  minertim::pool_connection] New job: U0O6R0eHmBwA1Swl (difficulty: 97147, target: b3ac0000)
[2026-10-01T20:55:01Z INFO  minertim] H/s 1m:2207.1 5m:2163.4 10m:2154.9 | Shares: 321/0 (found:321) | Diff: 97147 | 1m20s elapsed (since last share, avg 44s) | best=38 target=44211 (999%)
[2026-10-01T20:55:10Z INFO  minertim::pool_connection] New job: eACAOOHKov0EUkq7 (difficulty: 97147, target: b3ac0000)
[2026-10-01T20:55:11Z INFO  minertim] H/s 1m:2206.1 5m:2162.7 10m:2154.5 | Shares: 321/0 (found:321) | Diff: 97147 | 1m30s elapsed (since last share, avg 44s) | best=38 target=44211 (999%)
[2026-10-01T20:55:21Z INFO  minertim] H/s 1m:2203.1 5m:2162.3 10m:2154.3 | Shares: 321/0 (found:321) | Diff: 97147 | 1m40s elapsed (since last share, avg 44s) | best=38 target=44211 (999%)
[2026-10-01T20:55:30Z INFO  minertim::pool_connection] New job: SR4yciYNw0PGN0I9 (difficulty: 97147, target: b3ac0000)
[2026-10-01T20:55:31Z INFO  minertim] H/s 1m:2199.1 5m:2163.3 10m:2154.2 | Shares: 321/0 (found:321) | Diff: 97147 | 1m50s elapsed (since last share, avg 44s) | best=38 target=44211 (999%)
[2026-10-01T20:55:41Z INFO  minertim] H/s 1m:2194.1 5m:2162.3 10m:2153.9 | Shares: 321/0 (found:321) | Diff: 97147 | 2m0s elapsed (since last share, avg 44s) | best=38 target=44211 (999%)
[2026-10-01T20:55:50Z INFO  minertim::pool_connection] New job: 0WVn0RLkYYRTcvav (difficulty: 97147, target: b3ac0000)
[2026-10-01T20:55:51Z INFO  minertim] H/s 1m:2193.5 5m:2162.1 10m:2154.0 | Shares: 321/0 (found:321) | Diff: 97147 | 2m10s elapsed (since last share, avg 44s) | best=38 target=44211 (999%)
[2026-10-01T20:55:53Z INFO  minertim::pool_connection] New job: jwqdBlDP6bWdA4uj (difficulty: 72859, target: 45e60000)
[2026-10-01T20:56:01Z INFO  minertim] H/s 1m:2198.7 5m:2162.5 10m:2154.4 | Shares: 321/0 (found:321) | Diff: 72859 | 2m20s elapsed (since last share, avg 33s) | best=38 target=58949 (999%)
[2026-10-01T20:56:02Z INFO  minertim::pool_connection] New job: yFkUHHRWOQZp5IWE (difficulty: 72859, target: 45e60000)
[2026-10-01T20:56:03Z INFO  minertim::miner] Worker 1 SHARE FOUND! job_id=yFkUHHRWOQZp5IWE, nonce=f1663502, hash_val=10691, difficulty=72859, hash=39c8d5a28ae81b926e8216c021bae56cba690d3b77b618e6db4483afc3290000
[2026-10-01T20:56:11Z INFO  minertim] H/s 1m:2144.8 5m:2152.4 10m:2154.3 | Shares: 321/0 (found:322) | Diff: 72859 | 8s elapsed (since last share, avg 33s) | best=38 target=58949 (999%)
[2026-10-01T20:56:21Z INFO  minertim] H/s 1m:2040.6 5m:2133.6 10m:2153.9 | Shares: 321/0 (found:322) | Diff: 72859 | 18s elapsed (since last share, avg 35s) | best=38 target=58949 (999%)
[2026-10-01T20:56:21Z INFO  minertim::pool_connection] New job: eDpzUyBNai5YEUc8 (difficulty: 72859, target: 45e60000)
[2026-10-01T20:56:21Z INFO  minertim::pool_connection] Share submitted: rpc_id=618 job_id=yFkUHHRWOQZp5IWE nonce=f1663502
[2026-10-01T20:56:22Z INFO  minertim::pool_connection] Share accepted: rpc_id=618 job_id=yFkUHHRWOQZp5IWE nonce=f1663502 latency_ms=306
[2026-10-01T20:56:23Z INFO  minertim::pool_connection] New job: iL409VudMIkdd7gs (difficulty: 109289, target: 83990000)
[2026-10-01T20:56:31Z INFO  minertim] H/s 1m:1998.8 5m:2125.4 10m:2149.6 | Shares: 322/0 (found:322) | Diff: 109289 | 28s elapsed (since last share, avg 54s) | best=38 target=39299 (999%)
[2026-10-01T20:56:41Z INFO  minertim::pool_connection] New job: bvPTKf2ZzgHvdE0Z (difficulty: 109289, target: 83990000)
[2026-10-01T20:56:41Z INFO  minertim] H/s 1m:1998.9 5m:2134.6 10m:2149.5 | Shares: 322/0 (found:322) | Diff: 109289 | 38s elapsed (since last share, avg 54s) | best=38 target=39299 (999%)
[2026-10-01T20:56:50Z INFO  minertim::miner] Worker 2 SHARE FOUND! job_id=bvPTKf2ZzgHvdE0Z, nonce=9a3d3602, hash_val=3380, difficulty=109289, hash=3fce0063de57d420426ec874f2338958097da718cbf092f9032a9ba7340d0000
[2026-10-01T20:56:51Z INFO  minertim] H/s 1m:2055.2 5m:2148.2 10m:2154.2 | Shares: 322/0 (found:323) | Diff: 109289 | 1s elapsed (since last share, avg 53s) | best=38 target=39299 (999%)
[2026-10-01T20:57:01Z INFO  minertim::pool_connection] New job: mp6Zxghd5FouJRUC (difficulty: 109289, target: 83990000)
[2026-10-01T20:57:01Z INFO  minertim::pool_connection] Share submitted: rpc_id=620 job_id=bvPTKf2ZzgHvdE0Z nonce=9a3d3602
[2026-10-01T20:57:01Z INFO  minertim] H/s 1m:2013.9 5m:2131.9 10m:2146.1 | Shares: 322/0 (pending:1) (found:323) | Diff: 109289 | 11s elapsed (since last share, avg 54s) | best=38 target=39299 (999%)
[2026-10-01T20:57:02Z INFO  minertim::pool_connection] Share accepted: rpc_id=620 job_id=bvPTKf2ZzgHvdE0Z nonce=9a3d3602 latency_ms=307
[2026-10-01T20:57:11Z INFO  minertim] H/s 1m:2117.1 5m:2131.3 10m:2145.8 | Shares: 323/0 (found:323) | Diff: 109289 | 21s elapsed (since last share, avg 51s) | best=38 target=39299 (999%)
[2026-10-01T20:57:21Z INFO  minertim::pool_connection] New job: v3FV6tydT2g0O2D0 (difficulty: 109289, target: 83990000)
[2026-10-01T20:57:21Z INFO  minertim] H/s 1m:2162.0 5m:2131.4 10m:2145.8 | Shares: 323/0 (found:323) | Diff: 109289 | 31s elapsed (since last share, avg 50s) | best=38 target=39299 (999%)
[2026-10-01T20:57:31Z INFO  minertim] H/s 1m:2162.1 5m:2132.9 10m:2145.9 | Shares: 323/0 (found:323) | Diff: 109289 | 41s elapsed (since last share, avg 50s) | best=38 target=39299 (999%)
[2026-10-01T20:57:38Z INFO  minertim::miner] Worker 1 SHARE FOUND! job_id=v3FV6tydT2g0O2D0, nonce=b5003802, hash_val=27349, difficulty=109289, hash=9f17cf11a1e76f3d0751dc0cb78655e44e826d61ac557a88dfd8dfe4d56a0000
[2026-10-01T20:57:41Z INFO  minertim::pool_connection] New job: h9Xl3mgGL0F7pQQn (difficulty: 109289, target: 83990000)
[2026-10-01T20:57:41Z INFO  minertim::pool_connection] Share submitted: rpc_id=622 job_id=v3FV6tydT2g0O2D0 nonce=b5003802
[2026-10-01T20:57:41Z INFO  minertim::pool_connection] Share accepted: rpc_id=622 job_id=v3FV6tydT2g0O2D0 nonce=b5003802 latency_ms=239
[2026-10-01T20:57:41Z INFO  minertim] H/s 1m:2080.2 5m:2129.4 10m:2143.8 | Shares: 324/0 (found:324) | Diff: 109289 | 2s elapsed (since last share, avg 52s) | best=38 target=39299 (999%)
[2026-10-01T20:57:51Z INFO  minertim] H/s 1m:2179.6 5m:2130.5 10m:2143.9 | Shares: 324/0 (found:324) | Diff: 109289 | 12s elapsed (since last share, avg 50s) | best=38 target=39299 (999%)
[2026-10-01T20:58:01Z INFO  minertim::pool_connection] New job: HHqJT0mrWUtKfy4M (difficulty: 109289, target: 83990000)
[2026-10-01T20:58:01Z INFO  minertim] H/s 1m:2184.0 5m:2132.5 10m:2144.2 | Shares: 324/0 (found:324) | Diff: 109289 | 22s elapsed (since last share, avg 50s) | best=38 target=39299 (999%)
[2026-10-01T20:58:06Z INFO  minertim::miner] Worker 0 SHARE FOUND! job_id=HHqJT0mrWUtKfy4M, nonce=e8ab3702, hash_val=18886, difficulty=109289, hash=5016b2b3ddd1b499cc683c479899f236326256af1f59542e352adfddc6490000
[2026-10-01T20:58:11Z INFO  minertim] H/s 1m:2131.2 5m:2124.3 10m:2144.2 | Shares: 324/0 (found:325) | Diff: 109289 | 4s elapsed (since last share, avg 51s) | best=38 target=39299 (999%)
[2026-10-01T20:58:20Z INFO  minertim::pool_connection] New job: JtmnoH0R54iA4uSf (difficulty: 109289, target: 83990000)
[2026-10-01T20:58:20Z INFO  minertim::pool_connection] Share submitted: rpc_id=623 job_id=HHqJT0mrWUtKfy4M nonce=e8ab3702
[2026-10-01T20:58:21Z INFO  minertim::pool_connection] Share accepted: rpc_id=623 job_id=HHqJT0mrWUtKfy4M nonce=e8ab3702 latency_ms=307
[2026-10-01T20:58:21Z INFO  minertim] H/s 1m:2076.0 5m:2116.7 10m:2152.3 | Shares: 325/0 (found:325) | Diff: 109289 | 14s elapsed (since last share, avg 52s) | best=38 target=39299 (999%)
[2026-10-01T20:58:23Z INFO  minertim::pool_connection] New job: k5bueNilQboiiW03 (difficulty: 109289, target: 83990000)
[2026-10-01T20:58:31Z INFO  minertim] H/s 1m:2102.5 5m:2121.9 10m:2152.5 | Shares: 325/0 (found:325) | Diff: 109289 | 24s elapsed (since last share, avg 51s) | best=38 target=39299 (999%)
[2026-10-01T20:58:41Z INFO  minertim] H/s 1m:2102.9 5m:2137.0 10m:2152.6 | Shares: 325/0 (found:325) | Diff: 109289 | 34s elapsed (since last share, avg 51s) | best=38 target=39299 (999%)
[2026-10-01T20:58:43Z INFO  minertim::pool_connection] New job: hK70ecDZvt9mahsX (difficulty: 109289, target: 83990000)
[2026-10-01T20:58:46Z INFO  minertim::miner] Worker 0 SHARE FOUND! job_id=hK70ecDZvt9mahsX, nonce=34863802, hash_val=4590, difficulty=109289, hash=c01169186d499955f8b83dd7bfda0820726dbc578a0b59697e81c190ee110000
[2026-10-01T20:58:51Z INFO  minertim] H/s 1m:2051.9 5m:2129.1 10m:2148.3 | Shares: 325/0 (found:326) | Diff: 109289 | 5s elapsed (since last share, avg 53s) | best=38 target=39299 (999%)
[2026-10-01T20:59:01Z INFO  minertim] H/s 1m:2001.7 5m:2112.4 10m:2139.6 | Shares: 325/0 (found:326) | Diff: 109289 | 15s elapsed (since last share, avg 54s) | best=38 target=39299 (999%)
[2026-10-01T20:59:03Z INFO  minertim::pool_connection] New job: zXEkzmSgEl42Oo8R (difficulty: 109289, target: 83990000)
[2026-10-01T20:59:03Z INFO  minertim::pool_connection] Share submitted: rpc_id=625 job_id=hK70ecDZvt9mahsX nonce=34863802
[2026-10-01T20:59:03Z INFO  minertim::pool_connection] Share accepted: rpc_id=625 job_id=hK70ecDZvt9mahsX nonce=34863802 latency_ms=226
[2026-10-01T20:59:11Z INFO  minertim] H/s 1m:2003.8 5m:2104.1 10m:2135.0 | Shares: 326/0 (found:326) | Diff: 109289 | 25s elapsed (since last share, avg 54s) | best=38 target=39299 (999%)
[2026-10-01T20:59:21Z INFO  minertim] H/s 1m:2004.0 5m:2104.3 10m:2135.0 | Shares: 326/0 (found:326) | Diff: 109289 | 35s elapsed (since last share, avg 54s) | best=38 target=39299 (999%)
[2026-10-01T20:59:23Z INFO  minertim::pool_connection] New job: x5ttNnYAcLDKY7QJ (difficulty: 109289, target: 83990000)
[2026-10-01T20:59:31Z INFO  minertim] H/s 1m:2003.9 5m:2104.4 10m:2135.0 | Shares: 326/0 (found:326) | Diff: 109289 | 45s elapsed (since last share, avg 54s) | best=38 target=39299 (999%)
[2026-10-01T20:59:41Z INFO  minertim] H/s 1m:2056.1 5m:2104.6 10m:2135.0 | Shares: 326/0 (found:326) | Diff: 109289 | 55s elapsed (since last share, avg 53s) | best=38 target=39299 (999%)
[2026-10-01T20:59:42Z INFO  minertim::pool_connection] New job: 9QI000TY0Qh5FFo7 (difficulty: 109289, target: 83990000)
[2026-10-01T20:59:51Z INFO  minertim] H/s 1m:2161.7 5m:2104.6 10m:2135.0 | Shares: 326/0 (found:326) | Diff: 109289 | 1m5s elapsed (since last share, avg 50s) | best=38 target=39299 (999%)
[2026-10-01T21:00:02Z INFO  minertim] H/s 1m:2214.3 5m:2105.5 10m:2135.3 | Shares: 326/0 (found:326) | Diff: 109289 | 1m15s elapsed (since last share, avg 49s) | best=38 target=39299 (999%)
[2026-10-01T21:00:02Z INFO  minertim::pool_connection] New job: VUtSwYhfb110Ue95 (difficulty: 109289, target: 83990000)
[2026-10-01T21:00:08Z INFO  minertim::miner] Worker 1 SHARE FOUND! job_id=VUtSwYhfb110Ue95, nonce=c5fa3c02, hash_val=35397, difficulty=109289, hash=34e390239a5bffa09cbd15276e5474226f17b5ae8b68c8525973383c458a0000
[2026-10-01T21:00:11Z INFO  minertim::pool_connection] Share submitted: rpc_id=627 job_id=VUtSwYhfb110Ue95 nonce=c5fa3c02
[2026-10-01T21:00:12Z INFO  minertim] H/s 1m:2170.7 5m:2098.7 10m:2131.8 | Shares: 326/0 (pending:1) (found:327) | Diff: 109289 | 3s elapsed (since last share, avg 50s) | best=38 target=39299 (999%)
[2026-10-01T21:00:12Z INFO  minertim::pool_connection] Share accepted: rpc_id=627 job_id=VUtSwYhfb110Ue95 nonce=c5fa3c02 latency_ms=225
[2026-10-01T21:00:22Z INFO  minertim] H/s 1m:2171.4 5m:2099.6 10m:2132.0 | Shares: 327/0 (found:327) | Diff: 109289 | 13s elapsed (since last share, avg 50s) | best=38 target=39299 (999%)
[2026-10-01T21:00:22Z INFO  minertim::pool_connection] New job: LK4lC4NXO8V5Kpuq (difficulty: 109289, target: 83990000)
[2026-10-01T21:00:27Z INFO  minertim::miner] Worker 2 SHARE FOUND! job_id=LK4lC4NXO8V5Kpuq, nonce=ee363d02, hash_val=29885, difficulty=109289, hash=6b5c76ef71368c9839338e7e99d6c711496e2d6fc1c1893ac97a80e6bd740000
[2026-10-01T21:00:32Z INFO  minertim] H/s 1m:2117.7 5m:2091.4 10m:2128.4 | Shares: 327/0 (found:328) | Diff: 109289 | 4s elapsed (since last share, avg 51s) | best=38 target=39299 (999%)
[2026-10-01T21:00:42Z INFO  minertim] H/s 1m:2013.7 5m:2073.6 10m:2119.5 | Shares: 327/0 (found:328) | Diff: 109289 | 14s elapsed (since last share, avg 54s) | best=38 target=39299 (999%)
[2026-10-01T21:00:42Z INFO  minertim::pool_connection] New job: SLM9FGvB1WGhfGaA (difficulty: 109289, target: 83990000)
[2026-10-01T21:00:42Z INFO  minertim::pool_connection] Share submitted: rpc_id=629 job_id=LK4lC4NXO8V5Kpuq nonce=ee363d02
[2026-10-01T21:00:42Z INFO  minertim::pool_connection] Share accepted: rpc_id=629 job_id=LK4lC4NXO8V5Kpuq nonce=ee363d02 latency_ms=271
[2026-10-01T21:00:52Z INFO  minertim] H/s 1m:1971.3 5m:2066.3 10m:2115.8 | Shares: 328/0 (found:328) | Diff: 109289 | 24s elapsed (since last share, avg 55s) | best=38 target=39299 (999%)
[2026-10-01T21:01:02Z INFO  minertim] H/s 1m:2014.3 5m:2076.2 10m:2116.1 | Shares: 328/0 (found:328) | Diff: 109289 | 34s elapsed (since last share, avg 54s) | best=38 target=39299 (999%)
[2026-10-01T21:01:02Z INFO  minertim::pool_connection] New job: dT2Zhofqir7dgH4H (difficulty: 109289, target: 83990000)
[2026-10-01T21:01:05Z INFO  minertim::pool_connection] Donation: mining to Author (donate-level 5%)
[2026-10-01T21:01:05Z INFO  minertim::pool_connection] Connecting to pool: monerohash.com:2222
[2026-10-01T21:01:05Z INFO  minertim::pool_connection] Connected to pool (plain TCP): monerohash.com:2222
[2026-10-01T21:01:06Z INFO  minertim::pool_connection] Login successful, session id: Yz01ehmtF1EPhf42
[2026-10-01T21:01:06Z INFO  minertim::pool_connection] Initial job: aA0yvJYeTJ12csSd (difficulty: 50000, target: 8b4f0100)
[2026-10-01T21:01:12Z INFO  minertim] H/s 1m:1971.7 5m:2087.8 10m:2112.5 | Shares: 328/0 (found:328) | Diff: 50000 | 44s elapsed (since last share, avg 25s) | best=38 target=85899 (999%)
[2026-10-01T21:01:22Z INFO  minertim] H/s 1m:2025.6 5m:2096.0 10m:2112.5 | Shares: 328/0 (found:328) | Diff: 50000 | 54s elapsed (since last share, avg 24s) | best=38 target=85899 (999%)
[2026-10-01T21:01:22Z INFO  minertim::pool_connection] New job: A2ZumJaJVKnNMiMf (difficulty: 50000, target: 8b4f0100)
[2026-10-01T21:01:23Z INFO  minertim::miner] Worker 3 SHARE FOUND! job_id=A2ZumJaJVKnNMiMf, nonce=afd83c02, hash_val=19272, difficulty=50000, hash=5a0c17fe6902973ea9844be6e9da55b9fd36eaeeeefb39b51ec8cc40484b0000
[2026-10-01T21:01:32Z INFO  minertim] H/s 1m:2023.7 5m:2077.9 10m:2103.5 | Shares: 328/0 (found:329) | Diff: 50000 | 8s elapsed (since last share, avg 24s) | best=38 target=85899 (999%)
[2026-10-01T21:01:41Z INFO  minertim::pool_connection] New job: s2Jrdmpskn0S9BHz (difficulty: 50000, target: 8b4f0100)
[2026-10-01T21:01:41Z INFO  minertim::pool_connection] Share submitted: rpc_id=632 job_id=A2ZumJaJVKnNMiMf nonce=afd83c02
[2026-10-01T21:01:42Z INFO  minertim::pool_connection] Share accepted: rpc_id=632 job_id=A2ZumJaJVKnNMiMf nonce=afd83c02 latency_ms=266
[2026-10-01T21:01:42Z INFO  minertim] H/s 1m:2002.9 5m:2057.3 10m:2102.6 | Shares: 329/0 (found:329) | Diff: 50000 | 18s elapsed (since last share, avg 24s) | best=38 target=85899 (999%)
[2026-10-01T21:01:52Z INFO  minertim] H/s 1m:2003.6 5m:2074.4 10m:2104.7 | Shares: 329/0 (found:329) | Diff: 50000 | 28s elapsed (since last share, avg 24s) | best=38 target=85899 (999%)
[2026-10-01T21:01:55Z INFO  minertim::miner] Worker 2 SHARE FOUND! job_id=s2Jrdmpskn0S9BHz, nonce=b2a53f02, hash_val=62104, difficulty=50000, hash=fac18e447e98ac69c0c33f4f26c979a20797c4a0bf78e0db00b1333c98f20000
[2026-10-01T21:02:01Z INFO  minertim::pool_connection] New job: LS08eS6YMLx1zvbS (difficulty: 50000, target: 8b4f0100)
[2026-10-01T21:02:01Z INFO  minertim::pool_connection] Share submitted: rpc_id=633 job_id=s2Jrdmpskn0S9BHz nonce=b2a53f02
[2026-10-01T21:02:01Z INFO  minertim::pool_connection] Share accepted: rpc_id=633 job_id=s2Jrdmpskn0S9BHz nonce=b2a53f02 latency_ms=291
[2026-10-01T21:02:02Z INFO  minertim] H/s 1m:2017.9 5m:2070.7 10m:2102.7 | Shares: 330/0 (found:330) | Diff: 50000 | 6s elapsed (since last share, avg 24s) | best=38 target=85899 (999%)
[2026-10-01T21:02:06Z INFO  minertim::pool_connection] New job: DAf2YGNH0nPHwOvj (difficulty: 75000, target: b2df0000)
[2026-10-01T21:02:12Z INFO  minertim] H/s 1m:2015.5 5m:2070.8 10m:2102.7 | Shares: 330/0 (found:330) | Diff: 75000 | 16s elapsed (since last share, avg 37s) | best=38 target=57266 (999%)
[2026-10-01T21:02:21Z INFO  minertim::pool_connection] New job: 0LaPBLZQM4i3lRK0 (difficulty: 75000, target: b2df0000)
[2026-10-01T21:02:22Z INFO  minertim] H/s 1m:2119.2 5m:2070.5 10m:2102.8 | Shares: 330/0 (found:330) | Diff: 75000 | 26s elapsed (since last share, avg 35s) | best=38 target=57266 (999%)
[2026-10-01T21:02:32Z INFO  minertim] H/s 1m:2181.4 5m:2074.7 10m:2103.4 | Shares: 330/0 (found:330) | Diff: 75000 | 36s elapsed (since last share, avg 34s) | best=38 target=57266 (999%)
[2026-10-01T21:02:41Z INFO  minertim::pool_connection] New job: Ytc5hzADgcRZkABJ (difficulty: 75000, target: b2df0000)
[2026-10-01T21:02:42Z INFO  minertim] H/s 1m:2179.2 5m:2074.4 10m:2103.8 | Shares: 330/0 (found:330) | Diff: 75000 | 47s elapsed (since last share, avg 34s) | best=38 target=57266 (999%)
[2026-10-01T21:02:52Z INFO  minertim] H/s 1m:2204.7 5m:2074.2 10m:2104.2 | Shares: 330/0 (found:330) | Diff: 75000 | 57s elapsed (since last share, avg 34s) | best=38 target=57266 (999%)
[2026-10-01T21:03:01Z INFO  minertim::pool_connection] New job: 0zzBE5MUFaS707hZ (difficulty: 75000, target: b2df0000)
[2026-10-01T21:03:02Z INFO  minertim] H/s 1m:2202.8 5m:2083.1 10m:2104.9 | Shares: 330/0 (found:330) | Diff: 75000 | 1m7s elapsed (since last share, avg 34s) | best=38 target=57266 (999%)
[2026-10-01T21:03:07Z INFO  minertim::pool_connection] New job: CSMngLmsCpfE5Vge (difficulty: 51923, target: 1e430100)
[2026-10-01T21:03:12Z INFO  minertim] H/s 1m:2201.8 5m:2092.2 10m:2105.3 | Shares: 330/0 (found:330) | Diff: 51923 | 1m17s elapsed (since last share, avg 23s) | best=38 target=82718 (999%)
[2026-10-01T21:03:13Z INFO  minertim::miner] Worker 2 SHARE FOUND! job_id=CSMngLmsCpfE5Vge, nonce=b60f4202, hash_val=54306, difficulty=51923, hash=7ecce0f6ccd02ea06b6a56160c9a6f1f9733d88da4e7821b0f97dbc622d40000
[2026-10-01T21:03:18Z INFO  minertim::miner] Worker 1 SHARE FOUND! job_id=CSMngLmsCpfE5Vge, nonce=01424302, hash_val=49300, difficulty=51923, hash=ae54ee6a7727c10cb676ff97a22d2faf31c41547301bc0ca48d3d5b294c00000
[2026-10-01T21:03:20Z INFO  minertim::pool_connection] New job: u3UExt83JQdPT1Gn (difficulty: 51923, target: 1e430100)
[2026-10-01T21:03:20Z INFO  minertim::pool_connection] Share submitted: rpc_id=636 job_id=CSMngLmsCpfE5Vge nonce=b60f4202
[2026-10-01T21:03:20Z INFO  minertim::pool_connection] Share submitted: rpc_id=637 job_id=CSMngLmsCpfE5Vge nonce=01424302
[2026-10-01T21:03:21Z INFO  minertim::pool_connection] Share accepted: rpc_id=636 job_id=CSMngLmsCpfE5Vge nonce=b60f4202 latency_ms=259
[2026-10-01T21:03:21Z INFO  minertim::pool_connection] Share accepted: rpc_id=637 job_id=CSMngLmsCpfE5Vge nonce=01424302 latency_ms=492
[2026-10-01T21:03:22Z INFO  minertim] H/s 1m:2086.1 5m:2071.9 10m:2096.3 | Shares: 332/0 (found:332) | Diff: 51923 | 3s elapsed (since last share, avg 24s) | best=38 target=82718 (999%)
[2026-10-01T21:03:28Z INFO  minertim::miner] Worker 2 SHARE FOUND! job_id=u3UExt83JQdPT1Gn, nonce=ce524202, hash_val=42161, difficulty=51923, hash=aab76d29116f2337b8957cd2402572c067a45af12053fc2506bcb51fb1a40000
[2026-10-01T21:03:32Z INFO  minertim] H/s 1m:2034.7 5m:2062.6 10m:2094.4 | Shares: 332/0 (found:333) | Diff: 51923 | 3s elapsed (since last share, avg 25s) | best=38 target=82718 (999%)
[2026-10-01T21:03:35Z INFO  minertim::pool_connection] Donation: mining to Xmrig (donate-level 5%)
[2026-10-01T21:03:35Z INFO  minertim::pool_connection] Share submitted: rpc_id=638 job_id=u3UExt83JQdPT1Gn nonce=ce524202
[2026-10-01T21:03:35Z WARN  minertim::pool_connection] Share lost: rpc_id=638 job_id=u3UExt83JQdPT1Gn nonce=ce524202 — no response before the connection was replaced (0s outstanding)
[2026-10-01T21:03:35Z INFO  minertim::pool_connection] Connecting to pool: monerohash.com:2222
[2026-10-01T21:03:35Z INFO  minertim::pool_connection] Connected to pool (plain TCP): monerohash.com:2222
[2026-10-01T21:03:35Z INFO  minertim::pool_connection] Login successful, session id: LmnYo4eoOMKpYyB0
[2026-10-01T21:03:35Z INFO  minertim::pool_connection] Initial job: zCScEyHgkFRiG9zi (difficulty: 50000, target: 8b4f0100)
[2026-10-01T21:03:38Z INFO  minertim::miner] Worker 0 SHARE FOUND! job_id=zCScEyHgkFRiG9zi, nonce=eccd4102, hash_val=50245, difficulty=50000, hash=31ad000f14ce1f4937a9aee2fc8d4f5160ac3b07c0ce848193ff2c1945c40000
[2026-10-01T21:03:40Z INFO  minertim::pool_connection] New job: zb3Gwe2S4A603stn (difficulty: 50000, target: 8b4f0100)
[2026-10-01T21:03:40Z INFO  minertim::pool_connection] Share submitted: rpc_id=640 job_id=zCScEyHgkFRiG9zi nonce=eccd4102
[2026-10-01T21:03:40Z INFO  minertim::pool_connection] Share accepted: rpc_id=640 job_id=zCScEyHgkFRiG9zi nonce=eccd4102 latency_ms=245
[2026-10-01T21:03:42Z INFO  minertim] H/s 1m:1987.6 5m:2063.2 10m:2097.6 | Shares: 333/0 (lost:1) (found:334) | Diff: 50000 | 3s elapsed (since last share, avg 25s) | best=38 target=85899 (999%)
[2026-10-01T21:03:45Z INFO  minertim::miner] Worker 3 SHARE FOUND! job_id=zb3Gwe2S4A603stn, nonce=63fd4002, hash_val=212, difficulty=50000, hash=ecee5721cf0aa246679edc495f96ec6313de3ac686ad2b6d76236b10d4000000
[2026-10-01T21:03:52Z INFO  minertim] H/s 1m:1858.3 5m:2058.4 10m:2086.8 | Shares: 333/0 (lost:1) (found:335) | Diff: 50000 | 7s elapsed (since last share, avg 26s) | best=38 target=85899 (999%)
[2026-10-01T21:03:54Z INFO  minertim::pool_connection] New job: zaK4AM9xgS7ZtTm3 (difficulty: 75000, target: b2df0000)
[2026-10-01T21:03:54Z INFO  minertim::pool_connection] Share submitted: rpc_id=641 job_id=zb3Gwe2S4A603stn nonce=63fd4002
[2026-10-01T21:03:54Z INFO  minertim::pool_connection] Share accepted: rpc_id=641 job_id=zb3Gwe2S4A603stn nonce=63fd4002 latency_ms=307
[2026-10-01T21:04:00Z INFO  minertim::pool_connection] New job: Odt9jNzk1atI0Etb (difficulty: 75000, target: b2df0000)
[2026-10-01T21:04:02Z INFO  minertim] H/s 1m:1841.4 5m:2064.2 10m:2085.9 | Shares: 334/0 (lost:1) (found:335) | Diff: 75000 | 17s elapsed (since last share, avg 40s) | best=38 target=57266 (999%)
[2026-10-01T21:04:12Z INFO  minertim] H/s 1m:1955.0 5m:2063.4 10m:2086.0 | Shares: 334/0 (lost:1) (found:335) | Diff: 75000 | 27s elapsed (since last share, avg 38s) | best=38 target=57266 (999%)
[2026-10-01T21:04:15Z INFO  minertim::pool_connection] New job: 6Hu2WlHEeHXBhUTm (difficulty: 75000, target: b2df0000)
[2026-10-01T21:04:20Z INFO  minertim::miner] Worker 1 SHARE FOUND! job_id=6Hu2WlHEeHXBhUTm, nonce=b53d4502, hash_val=47688, difficulty=75000, hash=ebfcaca7f73f0a2dd2a4037ceeeb04d2438e383216784e6e13b6bb5048ba0000
[2026-10-01T21:04:22Z INFO  minertim] H/s 1m:1951.2 5m:2053.5 10m:2081.3 | Shares: 334/0 (lost:1) (found:336) | Diff: 75000 | 2s elapsed (since last share, avg 38s) | best=38 target=57266 (999%)
[2026-10-01T21:04:24Z INFO  minertim::pool_connection] New job: ckjE2Ns2hGR0YG5P (difficulty: 112501, target: 21950000)
[2026-10-01T21:04:24Z INFO  minertim::pool_connection] Share submitted: rpc_id=643 job_id=6Hu2WlHEeHXBhUTm nonce=b53d4502
[2026-10-01T21:04:24Z INFO  minertim::pool_connection] Share accepted: rpc_id=643 job_id=6Hu2WlHEeHXBhUTm nonce=b53d4502 latency_ms=308
[2026-10-01T21:04:26Z INFO  minertim::miner] Worker 3 SHARE FOUND! job_id=ckjE2Ns2hGR0YG5P, nonce=4b164202, hash_val=134, difficulty=112501, hash=ef9d2e1a68ea0ec417559e6e940ec9918ffff7ebc0d70241eb560cfb86000000
[2026-10-01T21:04:32Z INFO  minertim::pool_connection] Share submitted: rpc_id=644 job_id=ckjE2Ns2hGR0YG5P nonce=4b164202
[2026-10-01T21:04:32Z INFO  minertim] H/s 1m:1955.5 5m:2045.8 10m:2077.5 | Shares: 335/0 (lost:1) (pending:1) (found:337) | Diff: 112501 | 5s elapsed (since last share, avg 57s) | best=38 target=38177 (999%)
[2026-10-01T21:04:32Z INFO  minertim::pool_connection] Share accepted: rpc_id=644 job_id=ckjE2Ns2hGR0YG5P nonce=4b164202 latency_ms=243
[2026-10-01T21:04:35Z INFO  minertim::pool_connection] New job: RiI6qadb91CgWpR5 (difficulty: 112501, target: 21950000)
[2026-10-01T21:04:42Z INFO  minertim] H/s 1m:2087.1 5m:2045.5 10m:2077.4 | Shares: 336/0 (lost:1) (found:337) | Diff: 112501 | 15s elapsed (since last share, avg 53s) | best=38 target=38177 (999%)
[2026-10-01T21:04:52Z INFO  minertim] H/s 1m:2105.1 5m:2045.3 10m:2077.3 | Shares: 336/0 (lost:1) (found:337) | Diff: 112501 | 25s elapsed (since last share, avg 53s) | best=38 target=38177 (999%)
[2026-10-01T21:04:54Z INFO  minertim::pool_connection] New job: uavUop5M6BT6h8Sg (difficulty: 168754, target: 6b630000)
[2026-10-01T21:04:55Z INFO  minertim::pool_connection] New job: zDjCkoG8aZa4UeYs (difficulty: 168754, target: 6b630000)
[2026-10-01T21:05:02Z INFO  minertim] H/s 1m:2106.6 5m:2052.4 10m:2077.6 | Shares: 336/0 (lost:1) (found:337) | Diff: 168754 | 35s elapsed (since last share, avg 1m20s) | best=38 target=25451 (999%)
[2026-10-01T21:05:04Z INFO  minertim::miner] Worker 3 SHARE FOUND! job_id=zDjCkoG8aZa4UeYs, nonce=4b2d4302, hash_val=1530, difficulty=168754, hash=0daafd348e493d8d7d7bf543b6acbd19dfd7316f6d02a788409ce0a2fa050000
[2026-10-01T21:05:12Z INFO  minertim] H/s 1m:2051.5 5m:2032.9 10m:2068.4 | Shares: 336/0 (lost:1) (found:338) | Diff: 168754 | 7s elapsed (since last share, avg 1m22s) | best=38 target=25451 (999%)
[2026-10-01T21:05:14Z INFO  minertim::pool_connection] New job: NL3mGyMvgoIlK0I0 (difficulty: 168754, target: 6b630000)
[2026-10-01T21:05:14Z INFO  minertim::pool_connection] Share submitted: rpc_id=645 job_id=zDjCkoG8aZa4UeYs nonce=4b2d4302
[2026-10-01T21:05:15Z INFO  minertim::pool_connection] Share accepted: rpc_id=645 job_id=zDjCkoG8aZa4UeYs nonce=4b2d4302 latency_ms=306
[2026-10-01T21:05:22Z INFO  minertim] H/s 1m:2068.5 5m:2037.3 10m:2066.4 | Shares: 337/0 (lost:1) (found:338) | Diff: 168754 | 17s elapsed (since last share, avg 1m21s) | best=38 target=25451 (999%)
[2026-10-01T21:05:32Z INFO  minertim] H/s 1m:2068.0 5m:2054.9 10m:2066.7 | Shares: 337/0 (lost:1) (found:338) | Diff: 168754 | 27s elapsed (since last share, avg 1m21s) | best=38 target=25451 (999%)
[2026-10-01T21:05:34Z INFO  minertim::pool_connection] New job: fdzDGvllTsLQeigd (difficulty: 168754, target: 6b630000)
[2026-10-01T21:05:42Z INFO  minertim] H/s 1m:2067.4 5m:2061.9 10m:2066.6 | Shares: 337/0 (lost:1) (found:338) | Diff: 168754 | 37s elapsed (since last share, avg 1m21s) | best=38 target=25451 (999%)
[2026-10-01T21:05:52Z INFO  minertim] H/s 1m:2068.3 5m:2061.7 10m:2066.5 | Shares: 337/0 (lost:1) (found:338) | Diff: 168754 | 47s elapsed (since last share, avg 1m21s) | best=38 target=25451 (999%)
[2026-10-01T21:05:54Z INFO  minertim::pool_connection] New job: mFzyV0pKIBnKCBgo (difficulty: 168754, target: 6b630000)
[2026-10-01T21:06:02Z INFO  minertim] H/s 1m:2178.3 5m:2068.5 10m:2071.2 | Shares: 337/0 (lost:1) (found:338) | Diff: 168754 | 57s elapsed (since last share, avg 1m17s) | best=38 target=25451 (999%)
[2026-10-01T21:06:05Z INFO  minertim::pool_connection] Donation: mining to User (donate-level 5%)
[2026-10-01T21:06:05Z INFO  minertim::pool_connection] Connecting to pool: monerohash.com:2222
[2026-10-01T21:06:05Z INFO  minertim::pool_connection] Connected to pool (plain TCP): monerohash.com:2222
[2026-10-01T21:06:06Z INFO  minertim::pool_connection] Login successful, session id: LkLVkAtLvoywQxMS
[2026-10-01T21:06:06Z INFO  minertim::pool_connection] Initial job: CRjKHHIaf5Yx55l9 (difficulty: 50000, target: 8b4f0100)
[2026-10-01T21:06:09Z INFO  minertim::miner] Worker 1 SHARE FOUND! job_id=CRjKHHIaf5Yx55l9, nonce=39c74802, hash_val=3594, difficulty=50000, hash=7bec483baa48214bcb5f529008ea336c09cbcceb48c9126fd03af2ae0a0e0000
[2026-10-01T21:06:12Z INFO  minertim::pool_connection] Share submitted: rpc_id=648 job_id=CRjKHHIaf5Yx55l9 nonce=39c74802
[2026-10-01T21:06:12Z INFO  minertim] H/s 1m:2180.4 5m:2064.0 10m:2078.3 | Shares: 337/0 (lost:1) (pending:1) (found:339) | Diff: 50000 | 2s elapsed (since last share, avg 22s) | best=38 target=85899 (999%)
[2026-10-01T21:06:12Z INFO  minertim::pool_connection] Share accepted: rpc_id=648 job_id=CRjKHHIaf5Yx55l9 nonce=39c74802 latency_ms=348
[2026-10-01T21:06:14Z INFO  minertim::pool_connection] New job: Yb7PNlcjZc3fi7ik (difficulty: 50000, target: 8b4f0100)
[2026-10-01T21:06:22Z INFO  minertim] H/s 1m:2157.8 5m:2078.0 10m:2080.2 | Shares: 338/0 (lost:1) (found:339) | Diff: 50000 | 12s elapsed (since last share, avg 23s) | best=38 target=85899 (999%)
[2026-10-01T21:06:27Z INFO  minertim::pool_connection] New job: ExIoG0dEhtFaaXkR (difficulty: 75000, target: b2df0000)
[2026-10-01T21:06:32Z INFO  minertim] H/s 1m:2160.2 5m:2089.1 10m:2080.3 | Shares: 338/0 (lost:1) (found:339) | Diff: 75000 | 22s elapsed (since last share, avg 34s) | best=38 target=57266 (999%)
[2026-10-01T21:06:34Z INFO  minertim::pool_connection] New job: 0oiMO6YSG4lHZvrp (difficulty: 75000, target: b2df0000)
[2026-10-01T21:06:40Z INFO  minertim::miner] Worker 0 SHARE FOUND! job_id=0oiMO6YSG4lHZvrp, nonce=0cda4702, hash_val=47764, difficulty=75000, hash=122a8dec7201143604f20b6b1ddca393516f4d707ee94ccf1e7339da94ba0000
[2026-10-01T21:06:42Z INFO  minertim] H/s 1m:2161.4 5m:2088.9 10m:2075.5 | Shares: 338/0 (lost:1) (found:340) | Diff: 75000 | 1s elapsed (since last share, avg 34s) | best=38 target=57266 (999%)
[2026-10-01T21:06:52Z INFO  minertim] H/s 1m:2056.0 5m:2075.1 10m:2074.8 | Shares: 338/0 (lost:1) (found:340) | Diff: 75000 | 11s elapsed (since last share, avg 36s) | best=38 target=57266 (999%)
[2026-10-01T21:06:54Z INFO  minertim::pool_connection] New job: vHSXXi6JfoIQuG0j (difficulty: 75000, target: b2df0000)
[2026-10-01T21:06:54Z INFO  minertim::pool_connection] Share submitted: rpc_id=650 job_id=0oiMO6YSG4lHZvrp nonce=0cda4702
[2026-10-01T21:06:54Z INFO  minertim::pool_connection] Share accepted: rpc_id=650 job_id=0oiMO6YSG4lHZvrp nonce=0cda4702 latency_ms=252
[2026-10-01T21:07:02Z INFO  minertim] H/s 1m:2052.5 5m:2070.4 10m:2072.8 | Shares: 339/0 (lost:1) (found:340) | Diff: 75000 | 21s elapsed (since last share, avg 36s) | best=38 target=57266 (999%)
[2026-10-01T21:07:12Z INFO  minertim] H/s 1m:2073.4 5m:2070.1 10m:2072.7 | Shares: 339/0 (lost:1) (found:340) | Diff: 75000 | 31s elapsed (since last share, avg 36s) | best=38 target=57266 (999%)
[2026-10-01T21:07:13Z INFO  minertim::pool_connection] New job: JLmmrDQig08J8Emg (difficulty: 75000, target: b2df0000)
[2026-10-01T21:07:19Z INFO  minertim::miner] Worker 1 SHARE FOUND! job_id=JLmmrDQig08J8Emg, nonce=b50b4b02, hash_val=12085, difficulty=75000, hash=434dacb585ff2390b462c693397b7ca18e8624160651f339dd265f5d352f0000
[2026-10-01T21:07:22Z INFO  minertim] H/s 1m:2071.5 5m:2070.1 10m:2072.6 | Shares: 339/0 (lost:1) (found:341) | Diff: 75000 | 3s elapsed (since last share, avg 36s) | best=38 target=57266 (999%)
[2026-10-01T21:07:32Z INFO  minertim] H/s 1m:1962.3 5m:2051.5 10m:2065.5 | Shares: 339/0 (lost:1) (found:341) | Diff: 75000 | 13s elapsed (since last share, avg 38s) | best=38 target=57266 (999%)
[2026-10-01T21:07:33Z INFO  minertim::pool_connection] New job: Tjbk3ivzLJCgDINc (difficulty: 75000, target: b2df0000)
[2026-10-01T21:07:33Z INFO  minertim::pool_connection] Share submitted: rpc_id=652 job_id=JLmmrDQig08J8Emg nonce=b50b4b02
[2026-10-01T21:07:34Z INFO  minertim::pool_connection] Share accepted: rpc_id=652 job_id=JLmmrDQig08J8Emg nonce=b50b4b02 latency_ms=306
[2026-10-01T21:07:34Z INFO  minertim::miner] Worker 1 SHARE FOUND! job_id=Tjbk3ivzLJCgDINc, nonce=8d154b02, hash_val=40499, difficulty=75000, hash=6cec8dd5dc41df7b8b1a85aff4ec5668bc47817cc5c10fe774643a58339e0000
[2026-10-01T21:07:40Z INFO  minertim::pool_connection] New job: nMlQw0lx4biF9Mft (difficulty: 75000, target: b2df0000)
[2026-10-01T21:07:40Z INFO  minertim::pool_connection] Share submitted: rpc_id=653 job_id=Tjbk3ivzLJCgDINc nonce=8d154b02
[2026-10-01T21:07:40Z INFO  minertim::pool_connection] Share accepted: rpc_id=653 job_id=Tjbk3ivzLJCgDINc nonce=8d154b02 latency_ms=305
[2026-10-01T21:07:42Z INFO  minertim] H/s 1m:1974.3 5m:2035.3 10m:2057.4 | Shares: 341/0 (lost:1) (found:342) | Diff: 75000 | 7s elapsed (since last share, avg 37s) | best=38 target=57266 (999%)
[2026-10-01T21:07:52Z INFO  minertim] H/s 1m:2001.6 5m:2035.7 10m:2057.4 | Shares: 341/0 (lost:1) (found:342) | Diff: 75000 | 17s elapsed (since last share, avg 37s) | best=38 target=57266 (999%)
[2026-10-01T21:07:57Z INFO  minertim::pool_connection] New job: mka7KS6nvq4fttcQ (difficulty: 112501, target: 21950000)
[2026-10-01T21:08:00Z INFO  minertim::pool_connection] New job: wgHDuKFiqtio0R2m (difficulty: 112501, target: 21950000)
[2026-10-01T21:08:02Z INFO  minertim] H/s 1m:2003.5 5m:2035.9 10m:2061.9 | Shares: 341/0 (lost:1) (found:342) | Diff: 112501 | 27s elapsed (since last share, avg 56s) | best=38 target=38177 (999%)
[2026-10-01T21:08:12Z INFO  minertim] H/s 1m:2002.0 5m:2055.6 10m:2066.3 | Shares: 341/0 (lost:1) (found:342) | Diff: 112501 | 37s elapsed (since last share, avg 56s) | best=38 target=38177 (999%)
[2026-10-01T21:08:19Z INFO  minertim::pool_connection] New job: CNUhbLcbHVu8b300 (difficulty: 112501, target: 21950000)
[2026-10-01T21:08:22Z INFO  minertim] H/s 1m:2109.8 5m:2064.5 10m:2066.1 | Shares: 341/0 (lost:1) (found:342) | Diff: 112501 | 47s elapsed (since last share, avg 53s) | best=38 target=38177 (999%)
[2026-10-01T21:08:32Z INFO  minertim] H/s 1m:2203.6 5m:2072.6 10m:2065.9 | Shares: 341/0 (lost:1) (found:342) | Diff: 112501 | 57s elapsed (since last share, avg 51s) | best=38 target=38177 (999%)
[2026-10-01T21:08:35Z INFO  minertim::pool_connection] New job: v4usX6BftQHXhWqN (difficulty: 112501, target: 21950000)
[2026-10-01T21:08:42Z INFO  minertim] H/s 1m:2204.2 5m:2095.4 10m:2070.3 | Shares: 341/0 (lost:1) (found:342) | Diff: 112501 | 1m7s elapsed (since last share, avg 51s) | best=38 target=38177 (999%)
[2026-10-01T21:08:44Z INFO  minertim::miner] Worker 1 SHARE FOUND! job_id=v4usX6BftQHXhWqN, nonce=79424d02, hash_val=4456, difficulty=112501, hash=360a4e9b46060cf5372362f3c6386a6149c61caca4f1d13898953e3468110000
[2026-10-01T21:08:52Z INFO  minertim] H/s 1m:2095.1 5m:2079.6 10m:2069.8 | Shares: 341/0 (lost:1) (found:343) | Diff: 112501 | 7s elapsed (since last share, avg 53s) | best=38 target=38177 (999%)
[2026-10-01T21:08:52Z INFO  minertim::miner] Worker 2 SHARE FOUND! job_id=v4usX6BftQHXhWqN, nonce=06fc4c02, hash_val=3906, difficulty=112501, hash=7712d845d78d9ccd78a9d3483223ad6bb7e62bdf861d16980f7ce0dc420f0000
[2026-10-01T21:08:55Z INFO  minertim::pool_connection] New job: YvbFPZAUjBu8FU8P (difficulty: 112501, target: 21950000)
[2026-10-01T21:08:55Z INFO  minertim::pool_connection] Share submitted: rpc_id=656 job_id=v4usX6BftQHXhWqN nonce=06fc4c02
[2026-10-01T21:08:55Z INFO  minertim::pool_connection] Share accepted: rpc_id=656 job_id=v4usX6BftQHXhWqN nonce=06fc4c02 latency_ms=307
[2026-10-01T21:08:55Z INFO  minertim::pool_connection] Share submitted: rpc_id=655 job_id=v4usX6BftQHXhWqN nonce=79424d02
[2026-10-01T21:08:56Z INFO  minertim::pool_connection] Share accepted: rpc_id=655 job_id=v4usX6BftQHXhWqN nonce=79424d02 latency_ms=249
[2026-10-01T21:09:02Z INFO  minertim] H/s 1m:2064.1 5m:2074.4 10m:2071.4 | Shares: 343/0 (lost:1) (found:344) | Diff: 112501 | 9s elapsed (since last share, avg 54s) | best=38 target=38177 (999%)
[2026-10-01T21:09:08Z INFO  minertim::pool_connection] New job: 10suIQv00i0rOkbu (difficulty: 112501, target: 21950000)
[2026-10-01T21:09:12Z INFO  minertim] H/s 1m:2062.1 5m:2083.6 10m:2071.1 | Shares: 343/0 (lost:1) (found:344) | Diff: 112501 | 19s elapsed (since last share, avg 54s) | best=38 target=38177 (999%)
[2026-10-01T21:09:22Z INFO  minertim] H/s 1m:2062.9 5m:2091.1 10m:2070.9 | Shares: 343/0 (lost:1) (found:344) | Diff: 112501 | 29s elapsed (since last share, avg 54s) | best=38 target=38177 (999%)
[2026-10-01T21:09:28Z INFO  minertim::pool_connection] New job: fYU5rEQIBtRrwBVD (difficulty: 112501, target: 21950000)
[2026-10-01T21:09:32Z INFO  minertim] H/s 1m:2062.4 5m:2091.1 10m:2070.8 | Shares: 343/0 (lost:1) (found:344) | Diff: 112501 | 39s elapsed (since last share, avg 54s) | best=38 target=38177 (999%)
[2026-10-01T21:09:42Z INFO  minertim] H/s 1m:2172.5 5m:2091.3 10m:2070.7 | Shares: 343/0 (lost:1) (found:344) | Diff: 112501 | 49s elapsed (since last share, avg 51s) | best=38 target=38177 (999%)
[2026-10-01T21:09:48Z INFO  minertim::pool_connection] New job: DeHCp7DMQDgG2I3o (difficulty: 112501, target: 21950000)
[2026-10-01T21:09:52Z INFO  minertim] H/s 1m:2204.7 5m:2091.3 10m:2070.6 | Shares: 343/0 (lost:1) (found:344) | Diff: 112501 | 59s elapsed (since last share, avg 51s) | best=38 target=38177 (999%)
[2026-10-01T21:09:58Z INFO  minertim::pool_connection] New job: 16hY3v2rFmpDESBR (difficulty: 112501, target: 21950000)
[2026-10-01T21:10:02Z INFO  minertim] H/s 1m:2206.4 5m:2110.3 10m:2074.1 | Shares: 343/0 (lost:1) (found:344) | Diff: 112501 | 1m9s elapsed (since last share, avg 50s) | best=38 target=38177 (999%)
[2026-10-01T21:10:12Z INFO  minertim] H/s 1m:2203.5 5m:2114.4 10m:2073.7 | Shares: 343/0 (lost:1) (found:344) | Diff: 112501 | 1m19s elapsed (since last share, avg 51s) | best=38 target=38177 (999%)
[2026-10-01T21:10:19Z INFO  minertim::miner] Worker 3 SHARE FOUND! job_id=16hY3v2rFmpDESBR, nonce=af674d02, hash_val=30626, difficulty=112501, hash=4ce1fd692f947fc8cf812a30bc5ab9ae4b02cb2370bc3b1e1a4359efa2770000
[2026-10-01T21:10:19Z INFO  minertim::pool_connection] New job: 1lW9tyNUkWGsP9g6 (difficulty: 112501, target: 21950000)
[2026-10-01T21:10:19Z INFO  minertim::pool_connection] Share submitted: rpc_id=659 job_id=16hY3v2rFmpDESBR nonce=af674d02
[2026-10-01T21:10:19Z INFO  minertim::pool_connection] Share accepted: rpc_id=659 job_id=16hY3v2rFmpDESBR nonce=af674d02 latency_ms=306
[2026-10-01T21:10:22Z INFO  minertim] H/s 1m:2202.9 5m:2114.4 10m:2078.0 | Shares: 344/0 (lost:1) (found:345) | Diff: 112501 | 3s elapsed (since last share, avg 51s) | best=38 target=38177 (999%)
[2026-10-01T21:10:25Z INFO  minertim::miner] Worker 1 SHARE FOUND! job_id=1lW9tyNUkWGsP9g6, nonce=c1435002, hash_val=9680, difficulty=112501, hash=8bb4c5b730c84d029846955d1a868b9f76636a0f19a4af8b0dcbc0f3d0250000
[2026-10-01T21:10:32Z INFO  minertim] H/s 1m:2093.3 5m:2095.7 10m:2077.4 | Shares: 344/0 (lost:1) (found:346) | Diff: 112501 | 7s elapsed (since last share, avg 53s) | best=38 target=38177 (999%)
[2026-10-01T21:10:38Z INFO  minertim::pool_connection] New job: GQP6Zow37r0aJwSw (difficulty: 112501, target: 21950000)
[2026-10-01T21:10:38Z INFO  minertim::pool_connection] Share submitted: rpc_id=660 job_id=1lW9tyNUkWGsP9g6 nonce=c1435002
[2026-10-01T21:10:39Z INFO  minertim::pool_connection] Share accepted: rpc_id=660 job_id=1lW9tyNUkWGsP9g6 nonce=c1435002 latency_ms=251
[2026-10-01T21:10:42Z INFO  minertim] H/s 1m:2034.8 5m:2085.5 10m:2076.0 | Shares: 345/0 (lost:1) (found:346) | Diff: 112501 | 17s elapsed (since last share, avg 55s) | best=38 target=38177 (999%)
[2026-10-01T21:10:52Z INFO  minertim] H/s 1m:2035.0 5m:2085.6 10m:2075.8 | Shares: 345/0 (lost:1) (found:346) | Diff: 112501 | 27s elapsed (since last share, avg 55s) | best=38 target=38177 (999%)
[2026-10-01T21:10:58Z INFO  minertim::pool_connection] New job: qc1CxFwJlt68CLft (difficulty: 112501, target: 21950000)
[2026-10-01T21:10:59Z INFO  minertim::pool_connection] New job: CF3udGnDggpv1lbk (difficulty: 112501, target: 21950000)
[2026-10-01T21:11:02Z INFO  minertim] H/s 1m:2037.1 5m:2089.6 10m:2079.2 | Shares: 345/0 (lost:1) (found:346) | Diff: 112501 | 37s elapsed (since last share, avg 55s) | best=38 target=38177 (999%)
[2026-10-01T21:11:12Z INFO  minertim] H/s 1m:2034.8 5m:2093.1 10m:2078.8 | Shares: 345/0 (lost:1) (found:346) | Diff: 112501 | 47s elapsed (since last share, avg 55s) | best=38 target=38177 (999%)
[2026-10-01T21:11:18Z INFO  minertim::pool_connection] New job: oKRhNLvw6RBVRmkR (difficulty: 112501, target: 21950000)
[2026-10-01T21:11:22Z INFO  minertim] H/s 1m:2143.6 5m:2092.9 10m:2087.6 | Shares: 345/0 (lost:1) (found:346) | Diff: 112501 | 57s elapsed (since last share, avg 52s) | best=38 target=38177 (999%)
[2026-10-01T21:11:32Z INFO  minertim] H/s 1m:2202.0 5m:2092.5 10m:2092.8 | Shares: 345/0 (lost:1) (found:346) | Diff: 112501 | 1m7s elapsed (since last share, avg 51s) | best=38 target=38177 (999%)
[2026-10-01T21:11:38Z INFO  minertim::pool_connection] New job: 9VwtIapLtX52GgDl (difficulty: 112501, target: 21950000)
[2026-10-01T21:11:42Z INFO  minertim] H/s 1m:2202.2 5m:2110.8 10m:2092.7 | Shares: 345/0 (lost:1) (found:346) | Diff: 112501 | 1m17s elapsed (since last share, avg 51s) | best=38 target=38177 (999%)
[2026-10-01T21:11:52Z INFO  minertim] H/s 1m:2202.1 5m:2115.4 10m:2094.8 | Shares: 345/0 (lost:1) (found:346) | Diff: 112501 | 1m27s elapsed (since last share, avg 51s) | best=38 target=38177 (999%)
[2026-10-01T21:11:57Z INFO  minertim::miner] Worker 2 SHARE FOUND! job_id=9VwtIapLtX52GgDl, nonce=3a1d5302, hash_val=6517, difficulty=112501, hash=26d77df110ac97d7c30b95ff93f3c3edc201de439c3e03267b4ccebe75190000
[2026-10-01T21:11:58Z INFO  minertim::pool_connection] New job: haJF4C1iaCMa71e6 (difficulty: 112501, target: 21950000)
[2026-10-01T21:11:58Z INFO  minertim::pool_connection] Share submitted: rpc_id=662 job_id=9VwtIapLtX52GgDl nonce=3a1d5302
[2026-10-01T21:11:59Z INFO  minertim::pool_connection] Share accepted: rpc_id=662 job_id=9VwtIapLtX52GgDl nonce=3a1d5302 latency_ms=306
[2026-10-01T21:12:02Z INFO  minertim] H/s 1m:2189.1 5m:2113.1 10m:2093.5 | Shares: 346/0 (lost:1) (found:347) | Diff: 112501 | 5s elapsed (since last share, avg 51s) | best=38 target=38177 (999%)
[2026-10-01T21:12:12Z INFO  minertim] H/s 1m:2187.0 5m:2112.8 10m:2093.4 | Shares: 346/0 (lost:1) (found:347) | Diff: 112501 | 15s elapsed (since last share, avg 51s) | best=38 target=38177 (999%)
[2026-10-01T21:12:18Z INFO  minertim::pool_connection] New job: nBwpEqGyl9CFwhpk (difficulty: 112501, target: 21950000)
[2026-10-01T21:12:22Z INFO  minertim] H/s 1m:2187.6 5m:2131.4 10m:2093.4 | Shares: 346/0 (lost:1) (found:347) | Diff: 112501 | 25s elapsed (since last share, avg 51s) | best=38 target=38177 (999%)
[2026-10-01T21:12:32Z INFO  minertim] H/s 1m:2187.8 5m:2147.6 10m:2093.4 | Shares: 346/0 (lost:1) (found:347) | Diff: 112501 | 35s elapsed (since last share, avg 51s) | best=38 target=38177 (999%)
[2026-10-01T21:12:38Z INFO  minertim::pool_connection] New job: ZtouAPwkjM8tPhqo (difficulty: 112501, target: 21950000)
[2026-10-01T21:12:42Z INFO  minertim] H/s 1m:2187.6 5m:2147.5 10m:2093.4 | Shares: 346/0 (lost:1) (found:347) | Diff: 112501 | 45s elapsed (since last share, avg 51s) | best=38 target=38177 (999%)
[2026-10-01T21:12:52Z INFO  minertim::pool_connection] New job: Sq3iRUgy8J2kml1R (difficulty: 112501, target: 21950000)
[2026-10-01T21:12:52Z INFO  minertim] H/s 1m:2202.8 5m:2147.5 10m:2093.5 | Shares: 346/0 (lost:1) (found:347) | Diff: 112501 | 55s elapsed (since last share, avg 51s) | best=38 target=38177 (999%)
[2026-10-01T21:13:02Z INFO  minertim] H/s 1m:2204.3 5m:2147.7 10m:2093.6 | Shares: 346/0 (lost:1) (found:347) | Diff: 112501 | 1m5s elapsed (since last share, avg 51s) | best=38 target=38177 (999%)
[2026-10-01T21:13:12Z INFO  minertim::miner] Worker 0 SHARE FOUND! job_id=Sq3iRUgy8J2kml1R, nonce=7c9a5402, hash_val=27540, difficulty=112501, hash=5a15a613077c0809ee9ade8731202f82d15d57b50ea7a1c500f5d00f946b0000
[2026-10-01T21:13:12Z INFO  minertim::pool_connection] New job: hAhO0eZ0RQpecta0 (difficulty: 112501, target: 21950000)
[2026-10-01T21:13:12Z INFO  minertim::pool_connection] Share submitted: rpc_id=665 job_id=Sq3iRUgy8J2kml1R nonce=7c9a5402
[2026-10-01T21:13:12Z INFO  minertim] H/s 1m:2201.7 5m:2147.2 10m:2103.2 | Shares: 346/0 (lost:1) (pending:1) (found:348) | Diff: 112501 | 0s elapsed (since last share, avg 51s) | best=38 target=38177 (999%)
[2026-10-01T21:13:12Z INFO  minertim::pool_connection] Share accepted: rpc_id=665 job_id=Sq3iRUgy8J2kml1R nonce=7c9a5402 latency_ms=306
[2026-10-01T21:13:22Z INFO  minertim] H/s 1m:2200.6 5m:2147.1 10m:2107.5 | Shares: 347/0 (lost:1) (found:348) | Diff: 112501 | 10s elapsed (since last share, avg 51s) | best=38 target=38177 (999%)
[2026-10-01T21:13:32Z INFO  minertim::pool_connection] New job: WlTMVjRbqILI49vs (difficulty: 112501, target: 21950000)
[2026-10-01T21:13:32Z INFO  minertim] H/s 1m:2201.1 5m:2147.0 10m:2111.5 | Shares: 347/0 (lost:1) (found:348) | Diff: 112501 | 20s elapsed (since last share, avg 51s) | best=38 target=38177 (999%)
[2026-10-01T21:13:42Z INFO  minertim] H/s 1m:2201.4 5m:2165.8 10m:2122.6 | Shares: 347/0 (lost:1) (found:348) | Diff: 112501 | 30s elapsed (since last share, avg 51s) | best=38 target=38177 (999%)
[2026-10-01T21:13:52Z INFO  minertim::pool_connection] New job: fV2UO4Ixzneesgyu (difficulty: 112501, target: 21950000)
[2026-10-01T21:13:52Z INFO  minertim] H/s 1m:2201.9 5m:2171.4 10m:2124.1 | Shares: 347/0 (lost:1) (found:348) | Diff: 112501 | 40s elapsed (since last share, avg 51s) | best=38 target=38177 (999%)
[2026-10-01T21:13:54Z INFO  minertim::miner] Worker 1 SHARE FOUND! job_id=fV2UO4Ixzneesgyu, nonce=95d95602, hash_val=19964, difficulty=112501, hash=aee940793461d659d30b2f16a6910bb6acef38d39ee8b6713257fb4afc4d0000
[2026-10-01T21:14:02Z INFO  minertim] H/s 1m:2150.9 5m:2162.5 10m:2119.8 | Shares: 347/0 (lost:1) (found:349) | Diff: 112501 | 7s elapsed (since last share, avg 52s) | best=38 target=38177 (999%)
[2026-10-01T21:14:12Z INFO  minertim::pool_connection] New job: 8gjIHod5Q3fPETvB (difficulty: 112501, target: 21950000)
[2026-10-01T21:14:12Z INFO  minertim::pool_connection] Share submitted: rpc_id=666 job_id=fV2UO4Ixzneesgyu nonce=95d95602
[2026-10-01T21:14:12Z INFO  minertim::pool_connection] Share accepted: rpc_id=666 job_id=fV2UO4Ixzneesgyu nonce=95d95602 latency_ms=604
[2026-10-01T21:14:12Z INFO  minertim] H/s 1m:2053.6 5m:2145.5 10m:2116.1 | Shares: 348/0 (lost:1) (found:349) | Diff: 112501 | 17s elapsed (since last share, avg 54s) | best=38 target=38177 (999%)
[2026-10-01T21:14:22Z INFO  minertim] H/s 1m:2053.8 5m:2145.5 10m:2119.8 | Shares: 348/0 (lost:1) (found:349) | Diff: 112501 | 27s elapsed (since last share, avg 54s) | best=38 target=38177 (999%)
[2026-10-01T21:14:31Z INFO  minertim::miner] Worker 2 SHARE FOUND! job_id=8gjIHod5Q3fPETvB, nonce=16455802, hash_val=37403, difficulty=112501, hash=f4232f945993731cae660db8f371af410df2fbeab17d6c7f0a8823c21b920000
[2026-10-01T21:14:31Z INFO  minertim::pool_connection] New job: c29OT204ymPteODx (difficulty: 112501, target: 21950000)
[2026-10-01T21:14:31Z INFO  minertim::pool_connection] Share submitted: rpc_id=668 job_id=8gjIHod5Q3fPETvB nonce=16455802
[2026-10-01T21:14:32Z INFO  minertim::pool_connection] Share accepted: rpc_id=668 job_id=8gjIHod5Q3fPETvB nonce=16455802 latency_ms=253
[2026-10-01T21:14:32Z INFO  minertim] H/s 1m:2053.5 5m:2145.3 10m:2119.7 | Shares: 349/0 (lost:1) (found:350) | Diff: 112501 | 0s elapsed (since last share, avg 54s) | best=38 target=38177 (999%)
[2026-10-01T21:14:42Z INFO  minertim] H/s 1m:2052.2 5m:2145.1 10m:2119.6 | Shares: 349/0 (lost:1) (found:350) | Diff: 112501 | 10s elapsed (since last share, avg 54s) | best=38 target=38177 (999%)
[2026-10-01T21:14:51Z INFO  minertim::pool_connection] New job: 041Ez3E0urRnBWJ0 (difficulty: 112501, target: 21950000)
[2026-10-01T21:14:52Z INFO  minertim] H/s 1m:2105.4 5m:2145.1 10m:2119.7 | Shares: 349/0 (lost:1) (found:350) | Diff: 112501 | 20s elapsed (since last share, avg 53s) | best=38 target=38177 (999%)
[2026-10-01T21:15:02Z INFO  minertim] H/s 1m:2202.4 5m:2145.3 10m:2128.9 | Shares: 349/0 (lost:1) (found:350) | Diff: 112501 | 30s elapsed (since last share, avg 51s) | best=38 target=38177 (999%)
[2026-10-01T21:15:11Z INFO  minertim::pool_connection] New job: W1LqYwL6AK0nNiAp (difficulty: 112501, target: 21950000)
[2026-10-01T21:15:12Z INFO  minertim] H/s 1m:2201.3 5m:2145.2 10m:2131.0 | Shares: 349/0 (lost:1) (found:350) | Diff: 112501 | 40s elapsed (since last share, avg 51s) | best=38 target=38177 (999%)
[2026-10-01T21:15:22Z INFO  minertim] H/s 1m:2201.6 5m:2164.0 10m:2131.1 | Shares: 349/0 (lost:1) (found:350) | Diff: 112501 | 50s elapsed (since last share, avg 51s) | best=38 target=38177 (999%)
[2026-10-01T21:15:31Z INFO  minertim::pool_connection] New job: FFhRY7WUt55slLPo (difficulty: 112501, target: 21950000)
[2026-10-01T21:15:32Z INFO  minertim] H/s 1m:2203.1 5m:2174.1 10m:2131.1 | Shares: 349/0 (lost:1) (found:350) | Diff: 112501 | 1m0s elapsed (since last share, avg 51s) | best=38 target=38177 (999%)
[2026-10-01T21:15:42Z INFO  minertim] H/s 1m:2203.5 5m:2174.2 10m:2131.1 | Shares: 349/0 (lost:1) (found:350) | Diff: 112501 | 1m11s elapsed (since last share, avg 51s) | best=38 target=38177 (999%)
[2026-10-01T21:15:51Z INFO  minertim::pool_connection] New job: MH7jiEKkVB38HsrE (difficulty: 112501, target: 21950000)
[2026-10-01T21:15:52Z INFO  minertim] H/s 1m:2204.1 5m:2174.1 10m:2131.1 | Shares: 349/0 (lost:1) (found:350) | Diff: 112501 | 1m21s elapsed (since last share, avg 51s) | best=38 target=38177 (999%)
[2026-10-01T21:15:58Z INFO  minertim::pool_connection] New job: o6axxFbc2PRMw4mz (difficulty: 112501, target: 21950000)
[2026-10-01T21:16:02Z INFO  minertim] H/s 1m:2203.4 5m:2174.3 10m:2133.0 | Shares: 349/0 (lost:1) (found:350) | Diff: 112501 | 1m31s elapsed (since last share, avg 51s) | best=38 target=38177 (999%)
[2026-10-01T21:16:12Z INFO  minertim] H/s 1m:2202.1 5m:2174.0 10m:2134.8 | Shares: 349/0 (lost:1) (found:350) | Diff: 112501 | 1m41s elapsed (since last share, avg 51s) | best=38 target=38177 (999%)
[2026-10-01T21:16:17Z INFO  minertim::miner] Worker 0 SHARE FOUND! job_id=o6axxFbc2PRMw4mz, nonce=e0d55a02, hash_val=30481, difficulty=112501, hash=01da70e2ef03918d682112b7aebc9ead92608be31e4883432d58f5a411770000
[2026-10-01T21:16:18Z INFO  minertim::pool_connection] New job: Rww0sPW0iKTsSknn (difficulty: 112501, target: 21950000)
[2026-10-01T21:16:18Z INFO  minertim::pool_connection] Share submitted: rpc_id=671 job_id=o6axxFbc2PRMw4mz nonce=e0d55a02
[2026-10-01T21:16:18Z INFO  minertim::pool_connection] Share accepted: rpc_id=671 job_id=o6axxFbc2PRMw4mz nonce=e0d55a02 latency_ms=305
[2026-10-01T21:16:22Z INFO  minertim] H/s 1m:2191.4 5m:2172.3 10m:2133.8 | Shares: 350/0 (lost:1) (found:351) | Diff: 112501 | 5s elapsed (since last share, avg 51s) | best=38 target=38177 (999%)
[2026-10-01T21:16:32Z INFO  minertim] H/s 1m:2191.4 5m:2172.3 10m:2133.7 | Shares: 350/0 (lost:1) (found:351) | Diff: 112501 | 15s elapsed (since last share, avg 51s) | best=38 target=38177 (999%)
[2026-10-01T21:16:38Z INFO  minertim::pool_connection] New job: Fw4aBDCd0XDyxoQ0 (difficulty: 112501, target: 21950000)
[2026-10-01T21:16:42Z INFO  minertim] H/s 1m:2191.8 5m:2172.3 10m:2142.6 | Shares: 350/0 (lost:1) (found:351) | Diff: 112501 | 25s elapsed (since last share, avg 51s) | best=38 target=38177 (999%)
[2026-10-01T21:16:52Z INFO  minertim] H/s 1m:2193.1 5m:2175.0 10m:2144.9 | Shares: 350/0 (lost:1) (found:351) | Diff: 112501 | 35s elapsed (since last share, avg 51s) | best=38 target=38177 (999%)
[2026-10-01T21:17:02Z INFO  minertim::pool_connection] New job: 3HHT3yiy59pHSDjZ (difficulty: 112501, target: 21950000)
[2026-10-01T21:17:02Z INFO  minertim] H/s 1m:2193.1 5m:2175.1 10m:2145.0 | Shares: 350/0 (lost:1) (found:351) | Diff: 112501 | 45s elapsed (since last share, avg 51s) | best=38 target=38177 (999%)
[2026-10-01T21:17:12Z INFO  minertim] H/s 1m:2202.0 5m:2174.8 10m:2144.8 | Shares: 350/0 (lost:1) (found:351) | Diff: 112501 | 55s elapsed (since last share, avg 51s) | best=38 target=38177 (999%)
[2026-10-01T21:17:22Z INFO  minertim] H/s 1m:2201.7 5m:2174.7 10m:2154.0 | Shares: 350/0 (lost:1) (found:351) | Diff: 112501 | 1m5s elapsed (since last share, avg 51s) | best=38 target=38177 (999%)
[2026-10-01T21:17:24Z INFO  minertim::pool_connection] New job: EsDF0J7ACQ5jUj0L (difficulty: 112501, target: 21950000)
[2026-10-01T21:17:28Z INFO  minertim::pool_connection] New job: K9iGukkqwnDHTAOy (difficulty: 86097, target: ddc20000)
[2026-10-01T21:17:32Z INFO  minertim] H/s 1m:2201.4 5m:2174.7 10m:2161.9 | Shares: 350/0 (lost:1) (found:351) | Diff: 86097 | 1m15s elapsed (since last share, avg 39s) | best=38 target=49885 (999%)
[2026-10-01T21:17:40Z INFO  minertim::miner] Worker 1 SHARE FOUND! job_id=K9iGukkqwnDHTAOy, nonce=f1de5d02, hash_val=5334, difficulty=86097, hash=28cde8950eac828b1c55ecec087436b3355ac862452ca955d02c38f9d6140000
[2026-10-01T21:17:42Z INFO  minertim] H/s 1m:2146.4 5m:2165.2 10m:2157.2 | Shares: 350/0 (lost:1) (found:352) | Diff: 86097 | 2s elapsed (since last share, avg 40s) | best=38 target=49885 (999%)
[2026-10-01T21:17:45Z INFO  minertim::pool_connection] New job: 2JcRmhb0zBhivAIF (difficulty: 86097, target: ddc20000)
[2026-10-01T21:17:45Z INFO  minertim::pool_connection] Share submitted: rpc_id=673 job_id=K9iGukkqwnDHTAOy nonce=f1de5d02
[2026-10-01T21:17:45Z INFO  minertim::pool_connection] Share accepted: rpc_id=673 job_id=K9iGukkqwnDHTAOy nonce=f1de5d02 latency_ms=306
[2026-10-01T21:17:52Z INFO  minertim] H/s 1m:2136.1 5m:2163.3 10m:2156.2 | Shares: 351/0 (lost:1) (found:352) | Diff: 86097 | 12s elapsed (since last share, avg 40s) | best=38 target=49885 (999%)
[2026-10-01T21:17:58Z INFO  minertim::pool_connection] New job: zLC8k3ltYemt602v (difficulty: 129148, target: e8810000)
[2026-10-01T21:18:02Z INFO  minertim] H/s 1m:2137.3 5m:2163.7 10m:2156.3 | Shares: 351/0 (lost:1) (found:352) | Diff: 129148 | 22s elapsed (since last share, avg 1m0s) | best=38 target=33256 (999%)
[2026-10-01T21:18:05Z INFO  minertim::pool_connection] New job: p14B8zLqiT4i62Z3 (difficulty: 129148, target: e8810000)
[2026-10-01T21:18:12Z INFO  minertim] H/s 1m:2135.9 5m:2163.6 10m:2156.2 | Shares: 351/0 (lost:1) (found:352) | Diff: 129148 | 32s elapsed (since last share, avg 1m0s) | best=38 target=33256 (999%)
[2026-10-01T21:18:22Z INFO  minertim] H/s 1m:2136.2 5m:2163.5 10m:2156.2 | Shares: 351/0 (lost:1) (found:352) | Diff: 129148 | 42s elapsed (since last share, avg 1m0s) | best=38 target=33256 (999%)
[2026-10-01T21:18:25Z INFO  minertim::pool_connection] New job: eTKz00tZEDuwTYgz (difficulty: 129148, target: e8810000)
[2026-10-01T21:18:27Z INFO  minertim::miner] Worker 0 SHARE FOUND! job_id=eTKz00tZEDuwTYgz, nonce=942b5f02, hash_val=20275, difficulty=129148, hash=f00a3c03d6336abd04c15d5052f6ffad71d1f1ec379aad0160959116334f0000
[2026-10-01T21:18:32Z INFO  minertim] H/s 1m:2137.4 5m:2154.2 10m:2151.5 | Shares: 351/0 (lost:1) (found:353) | Diff: 129148 | 5s elapsed (since last share, avg 1m0s) | best=38 target=33256 (999%)
[2026-10-01T21:18:40Z INFO  minertim::pool_connection] Share submitted: rpc_id=675 job_id=eTKz00tZEDuwTYgz nonce=942b5f02
[2026-10-01T21:18:40Z INFO  minertim::pool_connection] Share accepted: rpc_id=675 job_id=eTKz00tZEDuwTYgz nonce=942b5f02 latency_ms=248
[2026-10-01T21:18:41Z INFO  minertim::miner] Worker 1 SHARE FOUND! job_id=eTKz00tZEDuwTYgz, nonce=51c25f02, hash_val=1147, difficulty=129148, hash=e50bbce13ed3bb90b2a89b7519eb3c7ba8d4362379ebf2e671d341847b040000
[2026-10-01T21:18:42Z INFO  minertim] H/s 1m:2073.8 5m:2141.3 10m:2154.4 | Shares: 352/0 (lost:1) (found:354) | Diff: 129148 | 1s elapsed (since last share, avg 1m2s) | best=38 target=33256 (999%)
[2026-10-01T21:18:45Z INFO  minertim::pool_connection] New job: 0LYkal42r4i0pdXb (difficulty: 129148, target: e8810000)
[2026-10-01T21:18:45Z INFO  minertim::pool_connection] Share submitted: rpc_id=676 job_id=eTKz00tZEDuwTYgz nonce=51c25f02
[2026-10-01T21:18:45Z INFO  minertim::pool_connection] Share accepted: rpc_id=676 job_id=eTKz00tZEDuwTYgz nonce=51c25f02 latency_ms=251
[2026-10-01T21:18:52Z INFO  minertim] H/s 1m:2031.7 5m:2143.1 10m:2153.6 | Shares: 353/0 (lost:1) (found:354) | Diff: 129148 | 11s elapsed (since last share, avg 1m3s) | best=38 target=33256 (999%)
[2026-10-01T21:18:58Z INFO  minertim::pool_connection] New job: 1nHBRtkg0395v2r0 (difficulty: 193720, target: 9b560000)
[2026-10-01T21:19:02Z INFO  minertim] H/s 1m:2032.7 5m:2159.9 10m:2153.7 | Shares: 353/0 (lost:1) (found:354) | Diff: 193720 | 21s elapsed (since last share, avg 1m35s) | best=38 target=22171 (999%)
[2026-10-01T21:19:05Z INFO  minertim::pool_connection] New job: l30sT5dAUBoGBlvk (difficulty: 193720, target: 9b560000)
[2026-10-01T21:19:12Z INFO  minertim] H/s 1m:2030.9 5m:2159.6 10m:2153.4 | Shares: 353/0 (lost:1) (found:354) | Diff: 193720 | 31s elapsed (since last share, avg 1m35s) | best=38 target=22171 (999%)
[2026-10-01T21:19:23Z INFO  minertim] H/s 1m:2084.1 5m:2159.5 10m:2153.3 | Shares: 353/0 (lost:1) (found:354) | Diff: 193720 | 41s elapsed (since last share, avg 1m32s) | best=38 target=22171 (999%)
[2026-10-01T21:19:25Z INFO  minertim::pool_connection] New job: C3qg4O5nUJTAKg8u (difficulty: 193720, target: 9b560000)
[2026-10-01T21:19:28Z INFO  minertim::miner] Worker 0 SHARE FOUND! job_id=C3qg4O5nUJTAKg8u, nonce=d8c96002, hash_val=8022, difficulty=193720, hash=4701b51d8e89803a62182112c9414e129fbc5b467e9a07f9172003a2561f0000
[2026-10-01T21:19:33Z INFO  minertim] H/s 1m:2104.6 5m:2150.3 10m:2148.6 | Shares: 353/0 (lost:1) (found:355) | Diff: 193720 | 4s elapsed (since last share, avg 1m32s) | best=38 target=22171 (999%)
[2026-10-01T21:19:43Z INFO  minertim] H/s 1m:2039.3 5m:2131.7 10m:2139.5 | Shares: 353/0 (lost:1) (found:355) | Diff: 193720 | 14s elapsed (since last share, avg 1m34s) | best=38 target=22171 (999%)
[2026-10-01T21:19:43Z INFO  minertim::miner] Worker 3 SHARE FOUND! job_id=C3qg4O5nUJTAKg8u, nonce=a76a6002, hash_val=16225, difficulty=193720, hash=d41068e9bebe189b85c2b33e165a1d0a0d53ee29ed571feb227e2415613f0000
[2026-10-01T21:19:45Z INFO  minertim::pool_connection] New job: MomNvREQ5RRXcVF9 (difficulty: 193720, target: 9b560000)
[2026-10-01T21:19:45Z INFO  minertim::pool_connection] Share submitted: rpc_id=678 job_id=C3qg4O5nUJTAKg8u nonce=d8c96002
[2026-10-01T21:19:45Z INFO  minertim::pool_connection] Share submitted: rpc_id=679 job_id=C3qg4O5nUJTAKg8u nonce=a76a6002
[2026-10-01T21:19:45Z INFO  minertim::pool_connection] Share accepted: rpc_id=678 job_id=C3qg4O5nUJTAKg8u nonce=d8c96002 latency_ms=334
[2026-10-01T21:19:45Z INFO  minertim::pool_connection] Share accepted: rpc_id=679 job_id=C3qg4O5nUJTAKg8u nonce=a76a6002 latency_ms=558
[2026-10-01T21:19:53Z INFO  minertim] H/s 1m:2006.0 5m:2126.1 10m:2136.7 | Shares: 355/0 (lost:1) (found:356) | Diff: 193720 | 9s elapsed (since last share, avg 1m36s) | best=38 target=22171 (999%)
[2026-10-01T21:19:58Z INFO  minertim::pool_connection] New job: wkwsJzQrm0XuxTQO (difficulty: 290593, target: bc390000)
[2026-10-01T21:20:03Z INFO  minertim] H/s 1m:2007.6 5m:2126.2 10m:2136.8 | Shares: 355/0 (lost:1) (found:356) | Diff: 290593 | 19s elapsed (since last share, avg 2m24s) | best=38 target=14780 (999%)
[2026-10-01T21:20:05Z INFO  minertim::pool_connection] New job: k0GSd30u8CVN5kxy (difficulty: 290593, target: bc390000)
[2026-10-01T21:20:11Z INFO  minertim::pool_connection] New job: fbv00RwqBHHRxaSP (difficulty: 290593, target: bc390000)
[2026-10-01T21:20:13Z INFO  minertim] H/s 1m:2006.5 5m:2125.8 10m:2136.7 | Shares: 355/0 (lost:1) (found:356) | Diff: 290593 | 29s elapsed (since last share, avg 2m24s) | best=38 target=14780 (999%)
[2026-10-01T21:20:23Z INFO  minertim] H/s 1m:2061.8 5m:2125.9 10m:2146.0 | Shares: 355/0 (lost:1) (found:356) | Diff: 290593 | 39s elapsed (since last share, avg 2m20s) | best=38 target=14780 (999%)
[2026-10-01T21:20:31Z INFO  minertim::pool_connection] New job: 2G7guvjME251Dzl0 (difficulty: 290593, target: bc390000)
[2026-10-01T21:20:33Z INFO  minertim] H/s 1m:2169.4 5m:2125.9 10m:2150.9 | Shares: 355/0 (lost:1) (found:356) | Diff: 290593 | 49s elapsed (since last share, avg 2m13s) | best=38 target=14780 (999%)
[2026-10-01T21:20:43Z INFO  minertim] H/s 1m:2203.9 5m:2126.1 10m:2151.0 | Shares: 355/0 (lost:1) (found:356) | Diff: 290593 | 59s elapsed (since last share, avg 2m11s) | best=38 target=14780 (999%)
[2026-10-01T21:20:50Z INFO  minertim::pool_connection] New job: iudDrLIdT0k38R9A (difficulty: 290593, target: bc390000)
[2026-10-01T21:20:53Z INFO  minertim] H/s 1m:2204.9 5m:2126.4 10m:2151.1 | Shares: 355/0 (lost:1) (found:356) | Diff: 290593 | 1m9s elapsed (since last share, avg 2m11s) | best=38 target=14780 (999%)
[2026-10-01T21:20:58Z INFO  minertim::pool_connection] New job: NHn0vNsisrvmTmGo (difficulty: 179128, target: a95d0000)
[2026-10-01T21:21:03Z INFO  minertim] H/s 1m:2206.1 5m:2126.5 10m:2151.2 | Shares: 355/0 (lost:1) (found:356) | Diff: 179128 | 1m19s elapsed (since last share, avg 1m21s) | best=38 target=23977 (999%)
[2026-10-01T21:21:10Z INFO  minertim::pool_connection] New job: XP06HLzujp6piuJQ (difficulty: 179128, target: a95d0000)
[2026-10-01T21:21:13Z INFO  minertim] H/s 1m:2203.4 5m:2128.0 10m:2151.0 | Shares: 355/0 (lost:1) (found:356) | Diff: 179128 | 1m29s elapsed (since last share, avg 1m21s) | best=38 target=23977 (999%)
[2026-10-01T21:21:17Z INFO  minertim::miner] Worker 3 SHARE FOUND! job_id=XP06HLzujp6piuJQ, nonce=df846302, hash_val=8526, difficulty=179128, hash=a84cd286cdc58b05df7aa7aebbbef917bc9cc65eef774fccbcd759e94e210000
[2026-10-01T21:21:23Z INFO  minertim] H/s 1m:2149.7 5m:2118.7 10m:2146.5 | Shares: 355/0 (lost:1) (found:357) | Diff: 179128 | 5s elapsed (since last share, avg 1m23s) | best=38 target=23977 (999%)
[2026-10-01T21:21:29Z INFO  minertim::miner] Worker 1 SHARE FOUND! job_id=XP06HLzujp6piuJQ, nonce=3d456502, hash_val=1464, difficulty=179128, hash=300fa04de5d12af7ad669a797e62319052c9830f0ea47ee5b0483b98b8050000
[2026-10-01T21:21:30Z INFO  minertim::pool_connection] New job: VYr047SygEnU51TL (difficulty: 179128, target: a95d0000)
[2026-10-01T21:21:30Z INFO  minertim::pool_connection] Share submitted: rpc_id=683 job_id=XP06HLzujp6piuJQ nonce=3d456502
[2026-10-01T21:21:30Z INFO  minertim::pool_connection] Share submitted: rpc_id=682 job_id=XP06HLzujp6piuJQ nonce=df846302
[2026-10-01T21:21:30Z INFO  minertim::pool_connection] Share accepted: rpc_id=683 job_id=XP06HLzujp6piuJQ nonce=3d456502 latency_ms=249
[2026-10-01T21:21:31Z INFO  minertim::pool_connection] Share accepted: rpc_id=682 job_id=XP06HLzujp6piuJQ nonce=df846302 latency_ms=510
[2026-10-01T21:21:33Z INFO  minertim] H/s 1m:2052.1 5m:2102.0 10m:2138.3 | Shares: 357/0 (lost:1) (found:358) | Diff: 179128 | 3s elapsed (since last share, avg 1m27s) | best=38 target=23977 (999%)
[2026-10-01T21:21:43Z INFO  minertim] H/s 1m:2051.2 5m:2102.0 10m:2138.3 | Shares: 357/0 (lost:1) (found:358) | Diff: 179128 | 13s elapsed (since last share, avg 1m27s) | best=38 target=23977 (999%)
[2026-10-01T21:21:45Z INFO  minertim::miner] Worker 3 SHARE FOUND! job_id=VYr047SygEnU51TL, nonce=eb066402, hash_val=9300, difficulty=179128, hash=88b9b9a8f82f27424e34d6fa5d7968037447131947af301baabce1e954240000
[2026-10-01T21:21:50Z INFO  minertim::pool_connection] New job: J40MGwDJY7EhmMam (difficulty: 179128, target: a95d0000)
[2026-10-01T21:21:50Z INFO  minertim::pool_connection] Share submitted: rpc_id=684 job_id=VYr047SygEnU51TL nonce=eb066402
[2026-10-01T21:21:50Z INFO  minertim::pool_connection] Share accepted: rpc_id=684 job_id=VYr047SygEnU51TL nonce=eb066402 latency_ms=307
[2026-10-01T21:21:53Z INFO  minertim] H/s 1m:1999.7 5m:2093.2 10m:2135.2 | Shares: 358/0 (lost:1) (found:359) | Diff: 179128 | 7s elapsed (since last share, avg 1m29s) | best=38 target=23977 (999%)
[2026-10-01T21:21:58Z INFO  minertim::pool_connection] New job: LIhguKxcpq8ggGpk (difficulty: 268687, target: 713e0000)
[2026-10-01T21:22:03Z INFO  minertim] H/s 1m:2000.9 5m:2093.3 10m:2135.3 | Shares: 358/0 (lost:1) (found:359) | Diff: 268687 | 17s elapsed (since last share, avg 2m14s) | best=38 target=15985 (999%)
[2026-10-01T21:22:10Z INFO  minertim::pool_connection] New job: B60sDN7CezRxjFzT (difficulty: 268687, target: 713e0000)
[2026-10-01T21:22:13Z INFO  minertim] H/s 1m:2052.8 5m:2093.0 10m:2135.1 | Shares: 358/0 (lost:1) (found:359) | Diff: 268687 | 27s elapsed (since last share, avg 2m10s) | best=38 target=15985 (999%)
[2026-10-01T21:22:23Z INFO  minertim] H/s 1m:2150.1 5m:2093.1 10m:2135.1 | Shares: 358/0 (lost:1) (found:359) | Diff: 268687 | 37s elapsed (since last share, avg 2m4s) | best=38 target=15985 (999%)
[2026-10-01T21:22:30Z INFO  minertim::pool_connection] New job: pOYhCZPgye0a1JOi (difficulty: 268687, target: 713e0000)
[2026-10-01T21:22:33Z INFO  minertim] H/s 1m:2150.8 5m:2102.7 10m:2135.1 | Shares: 358/0 (lost:1) (found:359) | Diff: 268687 | 47s elapsed (since last share, avg 2m4s) | best=38 target=15985 (999%)
[2026-10-01T21:22:43Z INFO  minertim] H/s 1m:2203.5 5m:2104.8 10m:2135.2 | Shares: 358/0 (lost:1) (found:359) | Diff: 268687 | 57s elapsed (since last share, avg 2m1s) | best=38 target=15985 (999%)
[2026-10-01T21:22:50Z INFO  minertim::pool_connection] New job: I1OgoKHxVGW486Dk (difficulty: 268687, target: 713e0000)
[2026-10-01T21:22:53Z INFO  minertim] H/s 1m:2204.7 5m:2104.9 10m:2135.3 | Shares: 358/0 (lost:1) (found:359) | Diff: 268687 | 1m7s elapsed (since last share, avg 2m1s) | best=38 target=15985 (999%)
[2026-10-01T21:22:58Z INFO  minertim::pool_connection] New job: nnn3AKJaiqA4sVkE (difficulty: 177808, target: 5b5e0000)
[2026-10-01T21:23:03Z INFO  minertim] H/s 1m:2206.8 5m:2105.2 10m:2135.5 | Shares: 358/0 (lost:1) (found:359) | Diff: 177808 | 1m17s elapsed (since last share, avg 1m20s) | best=38 target=24155 (999%)
[2026-10-01T21:23:10Z INFO  minertim::pool_connection] New job: rNbLQUzfi0Lxrmvr (difficulty: 177808, target: 5b5e0000)
[2026-10-01T21:23:13Z INFO  minertim] H/s 1m:2205.1 5m:2105.0 10m:2135.5 | Shares: 358/0 (lost:1) (found:359) | Diff: 177808 | 1m27s elapsed (since last share, avg 1m20s) | best=38 target=24155 (999%)
[2026-10-01T21:23:23Z INFO  minertim] H/s 1m:2205.3 5m:2114.4 10m:2135.5 | Shares: 358/0 (lost:1) (found:359) | Diff: 177808 | 1m37s elapsed (since last share, avg 1m20s) | best=38 target=24155 (999%)
[2026-10-01T21:23:29Z INFO  minertim::pool_connection] New job: LbQwogNtTJGFgnVW (difficulty: 177808, target: 5b5e0000)
[2026-10-01T21:23:33Z INFO  minertim] H/s 1m:2205.2 5m:2127.4 10m:2135.6 | Shares: 358/0 (lost:1) (found:359) | Diff: 177808 | 1m47s elapsed (since last share, avg 1m20s) | best=38 target=24155 (999%)
[2026-10-01T21:23:43Z INFO  minertim] H/s 1m:2204.6 5m:2134.8 10m:2135.5 | Shares: 358/0 (lost:1) (found:359) | Diff: 177808 | 1m57s elapsed (since last share, avg 1m20s) | best=38 target=24155 (999%)
[2026-10-01T21:23:49Z INFO  minertim::pool_connection] New job: K12CsT1mUkdzvtw0 (difficulty: 177808, target: 5b5e0000)
[2026-10-01T21:23:53Z INFO  minertim] H/s 1m:2204.8 5m:2134.9 10m:2140.1 | Shares: 358/0 (lost:1) (found:359) | Diff: 177808 | 2m7s elapsed (since last share, avg 1m20s) | best=38 target=24155 (999%)
[2026-10-01T21:23:58Z INFO  minertim::pool_connection] New job: ABodrPkC0dYVpA7I (difficulty: 133355, target: cf7d0000)
[2026-10-01T21:24:03Z INFO  minertim] H/s 1m:2205.6 5m:2135.1 10m:2148.3 | Shares: 358/0 (lost:1) (found:359) | Diff: 133355 | 2m17s elapsed (since last share, avg 1m0s) | best=38 target=32207 (999%)
[2026-10-01T21:24:04Z INFO  minertim::pool_connection] New job: 07LsDySe5VTTndIl (difficulty: 133355, target: cf7d0000)
[2026-10-01T21:24:13Z INFO  minertim] H/s 1m:2203.6 5m:2135.0 10m:2148.2 | Shares: 358/0 (lost:1) (found:359) | Diff: 133355 | 2m27s elapsed (since last share, avg 1m0s) | best=38 target=32207 (999%)
[2026-10-01T21:24:23Z INFO  minertim] H/s 1m:2203.0 5m:2144.4 10m:2148.2 | Shares: 358/0 (lost:1) (found:359) | Diff: 133355 | 2m37s elapsed (since last share, avg 1m0s) | best=38 target=32207 (999%)
[2026-10-01T21:24:24Z INFO  minertim::pool_connection] New job: 0rEKA1J7G0bYvFa4 (difficulty: 133355, target: cf7d0000)
[2026-10-01T21:24:33Z INFO  minertim] H/s 1m:2202.6 5m:2162.9 10m:2148.3 | Shares: 358/0 (lost:1) (found:359) | Diff: 133355 | 2m47s elapsed (since last share, avg 1m0s) | best=38 target=32207 (999%)
[2026-10-01T21:24:43Z INFO  minertim] H/s 1m:2202.4 5m:2168.7 10m:2148.3 | Shares: 358/0 (lost:1) (found:359) | Diff: 133355 | 2m57s elapsed (since last share, avg 1m0s) | best=38 target=32207 (999%)
[2026-10-01T21:24:44Z INFO  minertim::pool_connection] New job: 85DeOAuOElmQm81P (difficulty: 133355, target: cf7d0000)
[2026-10-01T21:24:53Z INFO  minertim] H/s 1m:2203.0 5m:2168.8 10m:2148.4 | Shares: 358/0 (lost:1) (found:359) | Diff: 133355 | 3m7s elapsed (since last share, avg 1m0s) | best=38 target=32207 (999%)
[2026-10-01T21:24:58Z INFO  minertim::pool_connection] New job: 6a9Fw6prLxoROiyR (difficulty: 100017, target: bea70000)
[2026-10-01T21:25:03Z INFO  minertim] H/s 1m:2203.8 5m:2169.0 10m:2148.4 | Shares: 358/0 (lost:1) (found:359) | Diff: 100017 | 3m17s elapsed (since last share, avg 45s) | best=38 target=42942 (999%)
[2026-10-01T21:25:04Z INFO  minertim::pool_connection] New job: 53bbITY0erE4mplg (difficulty: 100017, target: bea70000)
[2026-10-01T21:25:13Z INFO  minertim] H/s 1m:2202.9 5m:2168.8 10m:2148.3 | Shares: 358/0 (lost:1) (found:359) | Diff: 100017 | 3m27s elapsed (since last share, avg 45s) | best=38 target=42942 (999%)
[2026-10-01T21:25:23Z INFO  minertim] H/s 1m:2203.3 5m:2168.8 10m:2148.3 | Shares: 358/0 (lost:1) (found:359) | Diff: 100017 | 3m37s elapsed (since last share, avg 45s) | best=38 target=42942 (999%)
[2026-10-01T21:25:24Z INFO  minertim::pool_connection] New job: sz1LyyNN29RLtQPF (difficulty: 100017, target: bea70000)
[2026-10-01T21:25:30Z INFO  minertim::pool_connection] New job: CLRgeVUst1sXyttK (difficulty: 100017, target: bea70000)
[2026-10-01T21:25:33Z INFO  minertim] H/s 1m:2203.8 5m:2168.7 10m:2148.3 | Shares: 358/0 (lost:1) (found:359) | Diff: 100017 | 3m47s elapsed (since last share, avg 45s) | best=38 target=42942 (999%)
[2026-10-01T21:25:43Z INFO  minertim] H/s 1m:2203.8 5m:2168.6 10m:2148.4 | Shares: 358/0 (lost:1) (found:359) | Diff: 100017 | 3m57s elapsed (since last share, avg 45s) | best=38 target=42942 (999%)
[2026-10-01T21:25:50Z INFO  minertim::pool_connection] New job: PylaflV2nyw5yKvj (difficulty: 100017, target: bea70000)
[2026-10-01T21:25:53Z INFO  minertim] H/s 1m:2204.4 5m:2168.8 10m:2148.5 | Shares: 358/0 (lost:1) (found:359) | Diff: 100017 | 4m7s elapsed (since last share, avg 45s) | best=38 target=42942 (999%)
[2026-10-01T21:25:58Z INFO  minertim::pool_connection] New job: hdJGRnjSS0sDK10H (difficulty: 75012, target: a9df0000)
[2026-10-01T21:26:03Z INFO  minertim] H/s 1m:2205.1 5m:2169.0 10m:2148.6 | Shares: 358/0 (lost:1) (found:359) | Diff: 75012 | 4m17s elapsed (since last share, avg 34s) | best=38 target=57257 (999%)
[2026-10-01T21:26:10Z INFO  minertim::pool_connection] New job: IQMH0Pq9rfrwQ6IT (difficulty: 75012, target: a9df0000)
[2026-10-01T21:26:13Z INFO  minertim] H/s 1m:2204.3 5m:2178.2 10m:2149.4 | Shares: 358/0 (lost:1) (found:359) | Diff: 75012 | 4m27s elapsed (since last share, avg 34s) | best=38 target=57257 (999%)
[2026-10-01T21:26:23Z INFO  minertim] H/s 1m:2203.8 5m:2194.9 10m:2149.4 | Shares: 358/0 (lost:1) (found:359) | Diff: 75012 | 4m37s elapsed (since last share, avg 34s) | best=38 target=57257 (999%)
[2026-10-01T21:26:30Z INFO  minertim::pool_connection] New job: ZwwEh0lVVnIi13HE (difficulty: 75012, target: a9df0000)
[2026-10-01T21:26:33Z INFO  minertim] H/s 1m:2204.0 5m:2195.0 10m:2149.4 | Shares: 358/0 (lost:1) (found:359) | Diff: 75012 | 4m47s elapsed (since last share, avg 34s) | best=38 target=57257 (999%)
[2026-10-01T21:26:43Z INFO  minertim] H/s 1m:2204.2 5m:2204.0 10m:2149.5 | Shares: 358/0 (lost:1) (found:359) | Diff: 75012 | 4m57s elapsed (since last share, avg 34s) | best=38 target=57257 (999%)
[2026-10-01T21:26:50Z INFO  minertim::pool_connection] New job: 9zBH6AoD6LmZKNSP (difficulty: 75012, target: a9df0000)
[2026-10-01T21:26:53Z INFO  minertim] H/s 1m:2204.6 5m:2204.2 10m:2149.6 | Shares: 358/0 (lost:1) (found:359) | Diff: 75012 | 5m7s elapsed (since last share, avg 34s) | best=38 target=57257 (999%)
[2026-10-01T21:26:58Z INFO  minertim::pool_connection] New job: V9wOwrBcJ6XcKIjn (difficulty: 56259, target: 362a0100)
[2026-10-01T21:27:03Z INFO  minertim] H/s 1m:2205.4 5m:2204.5 10m:2149.7 | Shares: 358/0 (lost:1) (found:359) | Diff: 56259 | 5m17s elapsed (since last share, avg 25s) | best=38 target=76342 (999%)
[2026-10-01T21:27:09Z INFO  minertim::pool_connection] New job: nzsk02QzXE7OS3n8 (difficulty: 56259, target: 362a0100)
[2026-10-01T21:27:13Z INFO  minertim] H/s 1m:2203.8 5m:2204.1 10m:2149.5 | Shares: 358/0 (lost:1) (found:359) | Diff: 56259 | 5m27s elapsed (since last share, avg 25s) | best=38 target=76342 (999%)
[2026-10-01T21:27:23Z INFO  minertim::miner] Worker 2 SHARE FOUND! job_id=nzsk02QzXE7OS3n8, nonce=0e417202, hash_val=55973, difficulty=56259, hash=7292e112bb391d93a97a75a0191c311b222e7c6f21032adde40a738ba5da0000
[2026-10-01T21:27:23Z INFO  minertim] H/s 1m:2203.0 5m:2204.0 10m:2149.5 | Shares: 358/0 (lost:1) (found:360) | Diff: 56259 | 0s elapsed (since last share, avg 25s) | best=38 target=76342 (999%)
[2026-10-01T21:27:29Z INFO  minertim::pool_connection] New job: uc2qVTaIMMPp3Opv (difficulty: 56259, target: 362a0100)
[2026-10-01T21:27:29Z INFO  minertim::pool_connection] Share submitted: rpc_id=691 job_id=nzsk02QzXE7OS3n8 nonce=0e417202
[2026-10-01T21:27:30Z INFO  minertim::pool_connection] Share accepted: rpc_id=691 job_id=nzsk02QzXE7OS3n8 nonce=0e417202 latency_ms=254
[2026-10-01T21:27:33Z INFO  minertim] H/s 1m:2114.3 5m:2188.6 10m:2146.7 | Shares: 359/0 (lost:1) (found:360) | Diff: 56259 | 10s elapsed (since last share, avg 26s) | best=38 target=76342 (999%)
[2026-10-01T21:27:43Z INFO  minertim] H/s 1m:2114.1 5m:2188.5 10m:2147.7 | Shares: 359/0 (lost:1) (found:360) | Diff: 56259 | 20s elapsed (since last share, avg 26s) | best=38 target=76342 (999%)
[2026-10-01T21:27:49Z INFO  minertim::pool_connection] New job: NIOE9C7Mfz1OW0en (difficulty: 56259, target: 362a0100)
[2026-10-01T21:27:53Z INFO  minertim] H/s 1m:2113.9 5m:2188.5 10m:2147.7 | Shares: 359/0 (lost:1) (found:360) | Diff: 56259 | 30s elapsed (since last share, avg 26s) | best=38 target=76342 (999%)
[2026-10-01T21:28:03Z INFO  minertim] H/s 1m:2115.1 5m:2188.6 10m:2147.8 | Shares: 359/0 (lost:1) (found:360) | Diff: 56259 | 40s elapsed (since last share, avg 26s) | best=38 target=76342 (999%)
[2026-10-01T21:28:09Z INFO  minertim::pool_connection] New job: JiHFGYCgWdDWWnFd (difficulty: 56259, target: 362a0100)
[2026-10-01T21:28:13Z INFO  minertim] H/s 1m:2114.4 5m:2188.3 10m:2147.7 | Shares: 359/0 (lost:1) (found:360) | Diff: 56259 | 50s elapsed (since last share, avg 26s) | best=38 target=76342 (999%)
[2026-10-01T21:28:23Z INFO  minertim] H/s 1m:2203.1 5m:2188.3 10m:2152.3 | Shares: 359/0 (lost:1) (found:360) | Diff: 56259 | 1m0s elapsed (since last share, avg 25s) | best=38 target=76342 (999%)
[2026-10-01T21:28:29Z INFO  minertim::pool_connection] New job: q79rJC0pT7pDRV9D (difficulty: 56259, target: 362a0100)
[2026-10-01T21:28:33Z INFO  minertim] H/s 1m:2203.6 5m:2188.4 10m:2158.7 | Shares: 359/0 (lost:1) (found:360) | Diff: 56259 | 1m10s elapsed (since last share, avg 25s) | best=38 target=76342 (999%)
[2026-10-01T21:28:41Z INFO  minertim::miner] Worker 0 SHARE FOUND! job_id=q79rJC0pT7pDRV9D, nonce=98d67202, hash_val=20797, difficulty=56259, hash=27d6e869ccfd68b7528503f539b7b4fdcac4492b83e50e04d8de6bc43d510000
[2026-10-01T21:28:43Z INFO  minertim] H/s 1m:2204.3 5m:2188.4 10m:2162.3 | Shares: 359/0 (lost:1) (found:361) | Diff: 56259 | 2s elapsed (since last share, avg 25s) | best=38 target=76342 (999%)
[2026-10-01T21:28:49Z INFO  minertim::miner] Worker 3 SHARE FOUND! job_id=q79rJC0pT7pDRV9D, nonce=b7197202, hash_val=68082, difficulty=56259, hash=3a9910d94fb74af360b684a30551c022ab81fd384d9ad8e3e076b035f2090100
[2026-10-01T21:28:49Z INFO  minertim::pool_connection] New job: tK6SLqwiIz46KSOE (difficulty: 56259, target: 362a0100)
[2026-10-01T21:28:49Z INFO  minertim::pool_connection] Share submitted: rpc_id=694 job_id=q79rJC0pT7pDRV9D nonce=b7197202
[2026-10-01T21:28:49Z INFO  minertim::pool_connection] Share accepted: rpc_id=694 job_id=q79rJC0pT7pDRV9D nonce=b7197202 latency_ms=305
[2026-10-01T21:28:49Z INFO  minertim::pool_connection] Share submitted: rpc_id=693 job_id=q79rJC0pT7pDRV9D nonce=98d67202
[2026-10-01T21:28:50Z INFO  minertim::pool_connection] Share accepted: rpc_id=693 job_id=q79rJC0pT7pDRV9D nonce=98d67202 latency_ms=306
[2026-10-01T21:28:53Z INFO  minertim] H/s 1m:2101.3 5m:2170.6 10m:2153.6 | Shares: 361/0 (lost:1) (found:362) | Diff: 56259 | 4s elapsed (since last share, avg 26s) | best=38 target=76342 (999%)
[2026-10-01T21:29:03Z INFO  minertim] H/s 1m:2103.0 5m:2171.0 10m:2153.8 | Shares: 361/0 (lost:1) (found:362) | Diff: 56259 | 14s elapsed (since last share, avg 26s) | best=38 target=76342 (999%)
[2026-10-01T21:29:09Z INFO  minertim::pool_connection] New job: vS0ATA7GOdFkv5dm (difficulty: 56259, target: 362a0100)
[2026-10-01T21:29:13Z INFO  minertim] H/s 1m:2101.7 5m:2170.8 10m:2153.8 | Shares: 361/0 (lost:1) (found:362) | Diff: 56259 | 24s elapsed (since last share, avg 26s) | best=38 target=76342 (999%)
[2026-10-01T21:29:22Z INFO  minertim::miner] Worker 1 SHARE FOUND! job_id=vS0ATA7GOdFkv5dm, nonce=dd217502, hash_val=54156, difficulty=56259, hash=f401a1c567c20a385f87d213ea45f8386698d6c1212b4f48946b99ae8cd30000
[2026-10-01T21:29:23Z INFO  minertim::pool_connection] New job: ALEaLkoMqX0jmyNX (difficulty: 56259, target: 362a0100)
[2026-10-01T21:29:23Z INFO  minertim::pool_connection] Share submitted: rpc_id=696 job_id=vS0ATA7GOdFkv5dm nonce=dd217502
[2026-10-01T21:29:23Z INFO  minertim] H/s 1m:2102.0 5m:2171.0 10m:2158.5 | Shares: 361/0 (lost:1) (pending:1) (found:363) | Diff: 56259 | 1s elapsed (since last share, avg 26s) | best=38 target=76342 (999%)
[2026-10-01T21:29:23Z INFO  minertim::pool_connection] Share accepted: rpc_id=696 job_id=vS0ATA7GOdFkv5dm nonce=dd217502 latency_ms=311
[2026-10-01T21:29:33Z INFO  minertim] H/s 1m:2089.5 5m:2168.9 10m:2166.6 | Shares: 362/0 (lost:1) (found:363) | Diff: 56259 | 11s elapsed (since last share, avg 26s) | best=38 target=76342 (999%)
[2026-10-01T21:29:43Z INFO  minertim::pool_connection] New job: TnkjRrLdyqbtUsai (difficulty: 56259, target: 362a0100)
[2026-10-01T21:29:43Z INFO  minertim] H/s 1m:2193.1 5m:2168.9 10m:2169.4 | Shares: 362/0 (lost:1) (found:363) | Diff: 56259 | 21s elapsed (since last share, avg 25s) | best=38 target=76342 (999%)
[2026-10-01T21:29:53Z INFO  minertim] H/s 1m:2193.0 5m:2169.1 10m:2169.5 | Shares: 362/0 (lost:1) (found:363) | Diff: 56259 | 31s elapsed (since last share, avg 25s) | best=38 target=76342 (999%)
[2026-10-01T21:30:03Z INFO  minertim::pool_connection] New job: EqMoSSgeFN96rfVG (difficulty: 56259, target: 362a0100)
[2026-10-01T21:30:03Z INFO  minertim] H/s 1m:2193.8 5m:2169.2 10m:2169.7 | Shares: 362/0 (lost:1) (found:363) | Diff: 56259 | 41s elapsed (since last share, avg 25s) | best=38 target=76342 (999%)
[2026-10-01T21:30:09Z INFO  minertim::miner] Worker 2 SHARE FOUND! job_id=EqMoSSgeFN96rfVG, nonce=1ea07702, hash_val=8413, difficulty=56259, hash=229e19ace22f5ea54fdf886d88f75fe8473cb13d07418f131ee3fcfbdd200000
[2026-10-01T21:30:13Z INFO  minertim] H/s 1m:2136.7 5m:2159.5 10m:2164.8 | Shares: 362/0 (lost:1) (found:364) | Diff: 56259 | 4s elapsed (since last share, avg 26s) | best=38 target=76342 (999%)
[2026-10-01T21:30:14Z INFO  minertim::miner] Worker 1 SHARE FOUND! job_id=EqMoSSgeFN96rfVG, nonce=eddb7602, hash_val=50871, difficulty=56259, hash=3d0a7b33ea5aa8a6bc5b17edab8dd1e17f85bc2b3c34690bc62f302fb7c60000
[2026-10-01T21:30:22Z INFO  minertim::pool_connection] New job: DLqy6nQpHQOCFwFB (difficulty: 56259, target: 362a0100)
[2026-10-01T21:30:22Z INFO  minertim::pool_connection] Share submitted: rpc_id=697 job_id=EqMoSSgeFN96rfVG nonce=1ea07702
[2026-10-01T21:30:22Z INFO  minertim::pool_connection] Share submitted: rpc_id=699 job_id=EqMoSSgeFN96rfVG nonce=eddb7602
[2026-10-01T21:30:23Z INFO  minertim::pool_connection] Share accepted: rpc_id=697 job_id=EqMoSSgeFN96rfVG nonce=1ea07702 latency_ms=250
[2026-10-01T21:30:23Z INFO  minertim::pool_connection] Share accepted: rpc_id=699 job_id=EqMoSSgeFN96rfVG nonce=eddb7602 latency_ms=511
[2026-10-01T21:30:23Z INFO  minertim] H/s 1m:2025.6 5m:2138.2 10m:2154.4 | Shares: 364/0 (lost:1) (found:365) | Diff: 56259 | 9s elapsed (since last share, avg 27s) | best=38 target=76342 (999%)
[2026-10-01T21:30:33Z INFO  minertim] H/s 1m:2028.6 5m:2138.7 10m:2154.6 | Shares: 364/0 (lost:1) (found:365) | Diff: 56259 | 19s elapsed (since last share, avg 27s) | best=38 target=76342 (999%)
[2026-10-01T21:30:38Z INFO  minertim::miner] Worker 0 SHARE FOUND! job_id=DLqy6nQpHQOCFwFB, nonce=bc807602, hash_val=39435, difficulty=56259, hash=11713f75ab007b3feee7954ccd962a81a15cf8ae936177a56d9091570b9a0000
[2026-10-01T21:30:39Z INFO  minertim::miner] Worker 3 SHARE FOUND! job_id=DLqy6nQpHQOCFwFB, nonce=13cf7502, hash_val=42630, difficulty=56259, hash=067ecc85903c6f3a758b5797221fb96cdc4e874ff4c24b1e332ba08c86a60000
[2026-10-01T21:30:42Z INFO  minertim::pool_connection] New job: 809VPPs5QAMXJAtq (difficulty: 56259, target: 362a0100)
[2026-10-01T21:30:42Z INFO  minertim::pool_connection] Share submitted: rpc_id=701 job_id=DLqy6nQpHQOCFwFB nonce=13cf7502
[2026-10-01T21:30:42Z INFO  minertim::pool_connection] Share submitted: rpc_id=700 job_id=DLqy6nQpHQOCFwFB nonce=bc807602
[2026-10-01T21:30:43Z INFO  minertim::pool_connection] Share accepted: rpc_id=701 job_id=DLqy6nQpHQOCFwFB nonce=13cf7502 latency_ms=307
[2026-10-01T21:30:43Z INFO  minertim::pool_connection] Share accepted: rpc_id=700 job_id=DLqy6nQpHQOCFwFB nonce=bc807602 latency_ms=530
[2026-10-01T21:30:43Z INFO  minertim] H/s 1m:1995.9 5m:2133.1 10m:2151.8 | Shares: 366/0 (lost:1) (found:367) | Diff: 56259 | 4s elapsed (since last share, avg 28s) | best=38 target=76342 (999%)
[2026-10-01T21:30:53Z INFO  minertim] H/s 1m:1996.3 5m:2133.2 10m:2151.9 | Shares: 366/0 (lost:1) (found:367) | Diff: 56259 | 14s elapsed (since last share, avg 28s) | best=38 target=76342 (999%)
[2026-10-01T21:30:58Z INFO  minertim::pool_connection] New job: M0yLVCtkE1qA4Gtz (difficulty: 84390, target: cec60000)
[2026-10-01T21:31:02Z INFO  minertim::pool_connection] New job: upIvNfAGqaDWGqR1 (difficulty: 84390, target: cec60000)
[2026-10-01T21:31:03Z INFO  minertim] H/s 1m:2050.5 5m:2133.0 10m:2151.9 | Shares: 366/0 (lost:1) (found:367) | Diff: 84390 | 24s elapsed (since last share, avg 41s) | best=38 target=50894 (999%)
[2026-10-01T21:31:13Z INFO  minertim] H/s 1m:2173.7 5m:2133.0 10m:2156.4 | Shares: 366/0 (lost:1) (found:367) | Diff: 84390 | 34s elapsed (since last share, avg 38s) | best=38 target=50894 (999%)
[2026-10-01T21:31:22Z INFO  minertim::pool_connection] New job: 1gC0D3qYHMMm1vig (difficulty: 84390, target: cec60000)
[2026-10-01T21:31:23Z INFO  minertim] H/s 1m:2170.5 5m:2132.9 10m:2164.6 | Shares: 366/0 (lost:1) (found:367) | Diff: 84390 | 44s elapsed (since last share, avg 38s) | best=38 target=50894 (999%)
[2026-10-01T21:31:25Z INFO  minertim::miner] Worker 0 SHARE FOUND! job_id=1gC0D3qYHMMm1vig, nonce=6cee7702, hash_val=11210, difficulty=84390, hash=e9f2b4e194e99eeab3cdfd07144c8336a8e85be1712008bea477ac4cca2b0000
[2026-10-01T21:31:33Z INFO  minertim] H/s 1m:2094.7 5m:2114.3 10m:2155.5 | Shares: 366/0 (lost:1) (found:368) | Diff: 84390 | 8s elapsed (since last share, avg 40s) | best=38 target=50894 (999%)
[2026-10-01T21:31:42Z INFO  minertim::pool_connection] New job: Tlb3A8vUnXD7bf5u (difficulty: 84390, target: cec60000)
[2026-10-01T21:31:42Z INFO  minertim::pool_connection] Share submitted: rpc_id=703 job_id=1gC0D3qYHMMm1vig nonce=6cee7702
[2026-10-01T21:31:42Z INFO  minertim::pool_connection] Share accepted: rpc_id=703 job_id=1gC0D3qYHMMm1vig nonce=6cee7702 latency_ms=251
[2026-10-01T21:31:43Z INFO  minertim] H/s 1m:2013.6 5m:2100.3 10m:2153.1 | Shares: 367/0 (lost:1) (found:368) | Diff: 84390 | 18s elapsed (since last share, avg 41s) | best=38 target=50894 (999%)
[2026-10-01T21:31:53Z INFO  minertim] H/s 1m:2015.8 5m:2100.3 10m:2153.1 | Shares: 367/0 (lost:1) (found:368) | Diff: 84390 | 28s elapsed (since last share, avg 41s) | best=38 target=50894 (999%)
[2026-10-01T21:31:58Z INFO  minertim::pool_connection] New job: SC7sWPGrrSUzrCg3 (difficulty: 64364, target: a9040100)
[2026-10-01T21:32:02Z INFO  minertim::pool_connection] New job: sFPlUEpHCG0uh3Hn (difficulty: 64364, target: a9040100)
[2026-10-01T21:32:03Z INFO  minertim] H/s 1m:2013.5 5m:2100.2 10m:2153.1 | Shares: 367/0 (lost:1) (found:368) | Diff: 64364 | 38s elapsed (since last share, avg 31s) | best=38 target=66729 (999%)
[2026-10-01T21:32:13Z INFO  minertim] H/s 1m:2014.1 5m:2100.4 10m:2153.1 | Shares: 367/0 (lost:1) (found:368) | Diff: 64364 | 48s elapsed (since last share, avg 31s) | best=38 target=66729 (999%)
[2026-10-01T21:32:13Z INFO  minertim::miner] Worker 0 SHARE FOUND! job_id=sFPlUEpHCG0uh3Hn, nonce=5cfb7802, hash_val=22765, difficulty=64364, hash=e8a27107ed86c5ab08ea1a2db61205eb5ed9753370b4c60fb8204e2bed580000
[2026-10-01T21:32:14Z INFO  minertim::pool_connection] Share submitted: rpc_id=705 job_id=sFPlUEpHCG0uh3Hn nonce=5cfb7802
[2026-10-01T21:32:14Z INFO  minertim::pool_connection] Share accepted: rpc_id=705 job_id=sFPlUEpHCG0uh3Hn nonce=5cfb7802 latency_ms=257
[2026-10-01T21:32:22Z INFO  minertim::pool_connection] New job: LYRc0q0yXvKO670E (difficulty: 64364, target: a9040100)
[2026-10-01T21:32:23Z INFO  minertim] H/s 1m:2116.0 5m:2114.6 10m:2152.5 | Shares: 368/0 (lost:1) (found:369) | Diff: 64364 | 9s elapsed (since last share, avg 30s) | best=38 target=66729 (999%)
[2026-10-01T21:32:33Z INFO  minertim] H/s 1m:2197.7 5m:2114.7 10m:2152.6 | Shares: 368/0 (lost:1) (found:369) | Diff: 64364 | 19s elapsed (since last share, avg 29s) | best=38 target=66729 (999%)
[2026-10-01T21:32:36Z INFO  minertim::miner] Worker 2 SHARE FOUND! job_id=LYRc0q0yXvKO670E, nonce=2a237c02, hash_val=17410, difficulty=64364, hash=bb06cb52537e23f898abc04f25bd2a940213f4864321386078a61e0b02440000
[2026-10-01T21:32:42Z INFO  minertim::pool_connection] New job: 1bLQ45xOAqYdtG0Q (difficulty: 64364, target: a9040100)
[2026-10-01T21:32:42Z INFO  minertim::pool_connection] Share submitted: rpc_id=706 job_id=LYRc0q0yXvKO670E nonce=2a237c02
[2026-10-01T21:32:42Z INFO  minertim::pool_connection] Share accepted: rpc_id=706 job_id=LYRc0q0yXvKO670E nonce=2a237c02 latency_ms=333
[2026-10-01T21:32:43Z INFO  minertim] H/s 1m:2128.0 5m:2102.8 10m:2146.6 | Shares: 369/0 (lost:1) (found:370) | Diff: 64364 | 7s elapsed (since last share, avg 30s) | best=38 target=66729 (999%)
[2026-10-01T21:32:53Z INFO  minertim] H/s 1m:2130.6 5m:2102.9 10m:2146.6 | Shares: 369/0 (lost:1) (found:370) | Diff: 64364 | 17s elapsed (since last share, avg 30s) | best=38 target=66729 (999%)
[2026-10-01T21:32:55Z INFO  minertim::miner] Worker 3 SHARE FOUND! job_id=1bLQ45xOAqYdtG0Q, nonce=db457a02, hash_val=4915, difficulty=64364, hash=bd1cd814b6fbc15f0d3232f0895499b27822edfe2e1ef10e09bc364833130000
[2026-10-01T21:32:58Z INFO  minertim::pool_connection] New job: t04ZPJ0NCQyExLVW (difficulty: 96546, target: c6ad0000)
[2026-10-01T21:32:58Z INFO  minertim::pool_connection] Share submitted: rpc_id=707 job_id=1bLQ45xOAqYdtG0Q nonce=db457a02
[2026-10-01T21:32:59Z INFO  minertim::pool_connection] Share accepted: rpc_id=707 job_id=1bLQ45xOAqYdtG0Q nonce=db457a02 latency_ms=306
[2026-10-01T21:33:02Z INFO  minertim::pool_connection] New job: 8Rn88MDbmRs0HxZQ (difficulty: 96546, target: c6ad0000)
[2026-10-01T21:33:03Z INFO  minertim] H/s 1m:2047.9 5m:2088.9 10m:2139.8 | Shares: 370/0 (lost:1) (found:371) | Diff: 96546 | 8s elapsed (since last share, avg 47s) | best=38 target=44486 (999%)
[2026-10-01T21:33:13Z INFO  minertim] H/s 1m:2053.1 5m:2088.7 10m:2139.6 | Shares: 370/0 (lost:1) (found:371) | Diff: 96546 | 18s elapsed (since last share, avg 47s) | best=38 target=44486 (999%)
[2026-10-01T21:33:21Z INFO  minertim::pool_connection] New job: 4wVdFLH9Sr5d3GrU (difficulty: 96546, target: c6ad0000)
[2026-10-01T21:33:23Z INFO  minertim] H/s 1m:2052.6 5m:2088.7 10m:2139.6 | Shares: 370/0 (lost:1) (found:371) | Diff: 96546 | 28s elapsed (since last share, avg 47s) | best=38 target=44486 (999%)
[2026-10-01T21:33:25Z INFO  minertim::miner] Worker 0 SHARE FOUND! job_id=4wVdFLH9Sr5d3GrU, nonce=f4627b02, hash_val=33213, difficulty=96546, hash=2cf8ac8cb68e6d32eab05eeb59915466adb3908b53fd3283e5755b0abd810000
[2026-10-01T21:33:28Z INFO  minertim::pool_connection] New job: mebV0zOOD3KPUcU3 (difficulty: 144821, target: d9730000)
[2026-10-01T21:33:28Z INFO  minertim::pool_connection] Share submitted: rpc_id=709 job_id=4wVdFLH9Sr5d3GrU nonce=f4627b02
[2026-10-01T21:33:29Z INFO  minertim::pool_connection] Share accepted: rpc_id=709 job_id=4wVdFLH9Sr5d3GrU nonce=f4627b02 latency_ms=307
[2026-10-01T21:33:33Z INFO  minertim] H/s 1m:2047.1 5m:2075.7 10m:2133.3 | Shares: 371/0 (lost:1) (found:372) | Diff: 144821 | 8s elapsed (since last share, avg 1m10s) | best=38 target=29657 (999%)
[2026-10-01T21:33:41Z INFO  minertim::pool_connection] New job: j3i9BR3F08IGr8dU (difficulty: 144821, target: d9730000)
[2026-10-01T21:33:43Z INFO  minertim] H/s 1m:2046.9 5m:2093.5 10m:2133.3 | Shares: 371/0 (lost:1) (found:372) | Diff: 144821 | 18s elapsed (since last share, avg 1m10s) | best=38 target=29657 (999%)
[2026-10-01T21:33:53Z INFO  minertim] H/s 1m:2129.7 5m:2093.5 10m:2133.3 | Shares: 371/0 (lost:1) (found:372) | Diff: 144821 | 28s elapsed (since last share, avg 1m8s) | best=38 target=29657 (999%)
[2026-10-01T21:33:58Z INFO  minertim::pool_connection] New job: UKERh7eaEddd0mJV (difficulty: 217235, target: 3b4d0000)
[2026-10-01T21:34:01Z INFO  minertim::pool_connection] New job: 8qRId9OOHVXdmsLl (difficulty: 217235, target: 3b4d0000)
[2026-10-01T21:34:03Z INFO  minertim] H/s 1m:2129.6 5m:2093.5 10m:2133.4 | Shares: 371/0 (lost:1) (found:372) | Diff: 217235 | 38s elapsed (since last share, avg 1m42s) | best=38 target=19771 (999%)
[2026-10-01T21:34:13Z INFO  minertim] H/s 1m:2129.0 5m:2093.3 10m:2133.4 | Shares: 371/0 (lost:1) (found:372) | Diff: 217235 | 48s elapsed (since last share, avg 1m42s) | best=38 target=19771 (999%)
[2026-10-01T21:34:21Z INFO  minertim::pool_connection] New job: eZ0oHpHgxFMaLtGa (difficulty: 217235, target: 3b4d0000)
[2026-10-01T21:34:23Z INFO  minertim] H/s 1m:2204.7 5m:2095.5 10m:2133.4 | Shares: 371/0 (lost:1) (found:372) | Diff: 217235 | 58s elapsed (since last share, avg 1m38s) | best=38 target=19771 (999%)
[2026-10-01T21:34:28Z INFO  minertim::pool_connection] New job: GbPvg0GK3sWqROfH (difficulty: 165688, target: 42650000)
[2026-10-01T21:34:33Z INFO  minertim] H/s 1m:2205.1 5m:2095.6 10m:2133.5 | Shares: 371/0 (lost:1) (found:372) | Diff: 165688 | 1m8s elapsed (since last share, avg 1m15s) | best=38 target=25922 (999%)
[2026-10-01T21:34:41Z INFO  minertim::pool_connection] New job: 8TL1oVggxUwvlTj5 (difficulty: 165688, target: 42650000)
[2026-10-01T21:34:43Z INFO  minertim] H/s 1m:2203.8 5m:2095.4 10m:2133.4 | Shares: 371/0 (lost:1) (found:372) | Diff: 165688 | 1m18s elapsed (since last share, avg 1m15s) | best=38 target=25922 (999%)
[2026-10-01T21:34:53Z INFO  minertim] H/s 1m:2204.8 5m:2095.4 10m:2133.5 | Shares: 371/0 (lost:1) (found:372) | Diff: 165688 | 1m28s elapsed (since last share, avg 1m15s) | best=38 target=25922 (999%)
[2026-10-01T21:35:01Z INFO  minertim::pool_connection] New job: wPDMdkX1bHa0XMmO (difficulty: 165688, target: 42650000)
[2026-10-01T21:35:03Z INFO  minertim] H/s 1m:2204.1 5m:2105.0 10m:2133.5 | Shares: 371/0 (lost:1) (found:372) | Diff: 165688 | 1m38s elapsed (since last share, avg 1m15s) | best=38 target=25922 (999%)
[2026-10-01T21:35:13Z INFO  minertim] H/s 1m:2255.2 5m:2135.1 10m:2137.8 | Shares: 371/0 (lost:1) (found:372) | Diff: 165688 | 1m48s elapsed (since last share, avg 1m13s) | best=38 target=25922 (999%)
[2026-10-01T21:35:20Z INFO  minertim::miner] Worker 2 SHARE FOUND! job_id=wPDMdkX1bHa0XMmO, nonce=0a798102, hash_val=13327, difficulty=165688, hash=5a84ff90138291f7664e18fb8dd39e0d1d77a8d3275ad9e24a6948450f340000
[2026-10-01T21:35:21Z INFO  minertim::pool_connection] New job: jRrdeZqtxmRKzeLh (difficulty: 165688, target: 42650000)
[2026-10-01T21:35:21Z INFO  minertim::pool_connection] Share submitted: rpc_id=712 job_id=wPDMdkX1bHa0XMmO nonce=0a798102
[2026-10-01T21:35:21Z INFO  minertim::pool_connection] Share accepted: rpc_id=712 job_id=wPDMdkX1bHa0XMmO nonce=0a798102 latency_ms=226
[2026-10-01T21:35:23Z INFO  minertim] H/s 1m:2302.2 5m:2142.7 10m:2141.8 | Shares: 372/0 (lost:1) (found:373) | Diff: 165688 | 3s elapsed (since last share, avg 1m11s) | best=38 target=25922 (999%)
[2026-10-01T21:35:33Z INFO  minertim] H/s 1m:2301.8 5m:2148.1 10m:2141.7 | Shares: 372/0 (lost:1) (found:373) | Diff: 165688 | 13s elapsed (since last share, avg 1m11s) | best=38 target=25922 (999%)
[2026-10-01T21:35:41Z INFO  minertim::pool_connection] New job: Zmya5ZNAFzto00qt (difficulty: 165688, target: 42650000)
[2026-10-01T21:35:43Z INFO  minertim] H/s 1m:2300.1 5m:2147.8 10m:2141.6 | Shares: 372/0 (lost:1) (found:373) | Diff: 165688 | 23s elapsed (since last share, avg 1m12s) | best=38 target=25922 (999%)
[2026-10-01T21:35:53Z INFO  minertim] H/s 1m:2299.5 5m:2147.9 10m:2141.5 | Shares: 372/0 (lost:1) (found:373) | Diff: 165688 | 33s elapsed (since last share, avg 1m12s) | best=38 target=25922 (999%)
[2026-10-01T21:36:01Z INFO  minertim::pool_connection] New job: eT0ZxsuVjO8Ag0Gt (difficulty: 165688, target: 42650000)
[2026-10-01T21:36:03Z INFO  minertim] H/s 1m:2244.2 5m:2147.3 10m:2141.2 | Shares: 372/0 (lost:1) (found:373) | Diff: 165688 | 43s elapsed (since last share, avg 1m13s) | best=38 target=25922 (999%)
[2026-10-01T21:36:13Z INFO  minertim] H/s 1m:2197.5 5m:2147.4 10m:2141.3 | Shares: 372/0 (lost:1) (found:373) | Diff: 165688 | 53s elapsed (since last share, avg 1m15s) | best=38 target=25922 (999%)
[2026-10-01T21:36:19Z INFO  minertim::miner] Worker 3 SHARE FOUND! job_id=eT0ZxsuVjO8Ag0Gt, nonce=43ff8002, hash_val=18341, difficulty=165688, hash=514bd846348895c0106061e30c2476ed5622948b7e78a7733273c95aa5470000
[2026-10-01T21:36:20Z INFO  minertim::pool_connection] New job: 5WCPCxq8rrh7yslc (difficulty: 165688, target: 42650000)
[2026-10-01T21:36:20Z INFO  minertim::pool_connection] Share submitted: rpc_id=714 job_id=eT0ZxsuVjO8Ag0Gt nonce=43ff8002
[2026-10-01T21:36:21Z INFO  minertim::pool_connection] Share accepted: rpc_id=714 job_id=eT0ZxsuVjO8Ag0Gt nonce=43ff8002 latency_ms=306
[2026-10-01T21:36:23Z INFO  minertim] H/s 1m:2178.4 5m:2162.5 10m:2139.5 | Shares: 373/0 (lost:1) (found:374) | Diff: 165688 | 4s elapsed (since last share, avg 1m16s) | best=38 target=25922 (999%)
[2026-10-01T21:36:33Z INFO  minertim] H/s 1m:2180.5 5m:2176.6 10m:2139.6 | Shares: 373/0 (lost:1) (found:374) | Diff: 165688 | 14s elapsed (since last share, avg 1m15s) | best=38 target=25922 (999%)
[2026-10-01T21:36:35Z INFO  minertim::miner] Worker 1 SHARE FOUND! job_id=5WCPCxq8rrh7yslc, nonce=89618302, hash_val=15963, difficulty=165688, hash=8b634e56d79631e9813ac7daf2f52757c41e20d153e5949118a53f545b3e0000
[2026-10-01T21:36:40Z INFO  minertim::pool_connection] New job: W6VmxerYsOmUjzl2 (difficulty: 165688, target: 42650000)
[2026-10-01T21:36:40Z INFO  minertim::pool_connection] Share submitted: rpc_id=715 job_id=5WCPCxq8rrh7yslc nonce=89618302
[2026-10-01T21:36:41Z INFO  minertim::pool_connection] Share accepted: rpc_id=715 job_id=5WCPCxq8rrh7yslc nonce=89618302 latency_ms=305
[2026-10-01T21:36:44Z INFO  minertim] H/s 1m:2094.7 5m:2161.5 10m:2132.2 | Shares: 374/0 (lost:1) (found:375) | Diff: 165688 | 8s elapsed (since last share, avg 1m19s) | best=38 target=25922 (999%)
[2026-10-01T21:36:54Z INFO  minertim] H/s 1m:2098.9 5m:2162.0 10m:2132.2 | Shares: 374/0 (lost:1) (found:375) | Diff: 165688 | 18s elapsed (since last share, avg 1m18s) | best=38 target=25922 (999%)
[2026-10-01T21:37:00Z INFO  minertim::pool_connection] New job: bnEJmaJASfvoFwL7 (difficulty: 165688, target: 42650000)
[2026-10-01T21:37:04Z INFO  minertim] H/s 1m:2096.4 5m:2161.6 10m:2132.2 | Shares: 374/0 (lost:1) (found:375) | Diff: 165688 | 28s elapsed (since last share, avg 1m19s) | best=38 target=25922 (999%)
[2026-10-01T21:37:14Z INFO  minertim] H/s 1m:2115.7 5m:2162.5 10m:2132.2 | Shares: 374/0 (lost:1) (found:375) | Diff: 165688 | 38s elapsed (since last share, avg 1m18s) | best=38 target=25922 (999%)
[2026-10-01T21:37:20Z INFO  minertim::pool_connection] New job: FRihn0Q8dL0QH15C (difficulty: 165688, target: 42650000)
[2026-10-01T21:37:24Z INFO  minertim] H/s 1m:2115.2 5m:2162.3 10m:2139.7 | Shares: 374/0 (lost:1) (found:375) | Diff: 165688 | 49s elapsed (since last share, avg 1m18s) | best=38 target=25922 (999%)
[2026-10-01T21:37:34Z INFO  minertim] H/s 1m:2203.5 5m:2174.5 10m:2139.7 | Shares: 374/0 (lost:1) (found:375) | Diff: 165688 | 59s elapsed (since last share, avg 1m15s) | best=38 target=25922 (999%)
[2026-10-01T21:37:40Z INFO  minertim::pool_connection] New job: EYawtlJT4IF8y0lB (difficulty: 165688, target: 42650000)
[2026-10-01T21:37:42Z INFO  minertim::miner] Worker 3 SHARE FOUND! job_id=EYawtlJT4IF8y0lB, nonce=cbbf8302, hash_val=16513, difficulty=165688, hash=22bbf18592f4d9a5c6f1557e4d48da1bce24e8183b1f0c25c65a9ddb81400000
[2026-10-01T21:37:44Z INFO  minertim] H/s 1m:2148.3 5m:2165.0 10m:2135.1 | Shares: 374/0 (lost:1) (found:376) | Diff: 165688 | 1s elapsed (since last share, avg 1m17s) | best=38 target=25922 (999%)
[2026-10-01T21:37:54Z INFO  minertim] H/s 1m:2041.8 5m:2160.5 10m:2126.0 | Shares: 374/0 (lost:1) (found:376) | Diff: 165688 | 11s elapsed (since last share, avg 1m21s) | best=38 target=25922 (999%)
[2026-10-01T21:38:00Z INFO  minertim::pool_connection] New job: XpfHEYjzX7iliA7g (difficulty: 165688, target: 42650000)
[2026-10-01T21:38:00Z INFO  minertim::pool_connection] Share submitted: rpc_id=717 job_id=EYawtlJT4IF8y0lB nonce=cbbf8302
[2026-10-01T21:38:00Z INFO  minertim::pool_connection] Share accepted: rpc_id=717 job_id=EYawtlJT4IF8y0lB nonce=cbbf8302 latency_ms=306
[2026-10-01T21:38:04Z INFO  minertim] H/s 1m:1974.6 5m:2148.9 10m:2120.3 | Shares: 375/0 (lost:1) (found:376) | Diff: 165688 | 21s elapsed (since last share, avg 1m23s) | best=38 target=25922 (999%)
[2026-10-01T21:38:14Z INFO  minertim] H/s 1m:1973.7 5m:2148.8 10m:2120.2 | Shares: 375/0 (lost:1) (found:376) | Diff: 165688 | 31s elapsed (since last share, avg 1m23s) | best=38 target=25922 (999%)
[2026-10-01T21:38:20Z INFO  minertim::pool_connection] New job: tdti2D70s0e4s0v6 (difficulty: 165688, target: 42650000)
[2026-10-01T21:38:24Z INFO  minertim] H/s 1m:1973.8 5m:2161.9 10m:2120.3 | Shares: 375/0 (lost:1) (found:376) | Diff: 165688 | 41s elapsed (since last share, avg 1m23s) | best=38 target=25922 (999%)
[2026-10-01T21:38:34Z INFO  minertim] H/s 1m:2029.3 5m:2162.0 10m:2120.3 | Shares: 375/0 (lost:1) (found:376) | Diff: 165688 | 51s elapsed (since last share, avg 1m21s) | best=38 target=25922 (999%)
[2026-10-01T21:38:40Z INFO  minertim::pool_connection] New job: 1TNlTitY0etsaMRH (difficulty: 165688, target: 42650000)
[2026-10-01T21:38:44Z INFO  minertim] H/s 1m:2137.8 5m:2161.9 10m:2129.1 | Shares: 375/0 (lost:1) (found:376) | Diff: 165688 | 1m1s elapsed (since last share, avg 1m17s) | best=38 target=25922 (999%)
[2026-10-01T21:38:54Z INFO  minertim] H/s 1m:2206.1 5m:2162.1 10m:2129.0 | Shares: 375/0 (lost:1) (found:376) | Diff: 165688 | 1m11s elapsed (since last share, avg 1m15s) | best=38 target=25922 (999%)
[2026-10-01T21:39:00Z INFO  minertim::pool_connection] New job: shsv6dnlAfuAxWTn (difficulty: 165688, target: 42650000)
[2026-10-01T21:39:04Z INFO  minertim] H/s 1m:2205.4 5m:2161.9 10m:2129.0 | Shares: 375/0 (lost:1) (found:376) | Diff: 165688 | 1m21s elapsed (since last share, avg 1m15s) | best=38 target=25922 (999%)
[2026-10-01T21:39:14Z INFO  minertim] H/s 1m:2204.2 5m:2161.8 10m:2128.9 | Shares: 375/0 (lost:1) (found:376) | Diff: 165688 | 1m31s elapsed (since last share, avg 1m15s) | best=38 target=25922 (999%)
[2026-10-01T21:39:20Z INFO  minertim::pool_connection] New job: Nb7cbYYxTWDcFcsc (difficulty: 165688, target: 42650000)
[2026-10-01T21:39:24Z INFO  minertim] H/s 1m:2203.7 5m:2161.7 10m:2130.0 | Shares: 375/0 (lost:1) (found:376) | Diff: 165688 | 1m41s elapsed (since last share, avg 1m15s) | best=38 target=25922 (999%)
[2026-10-01T21:39:29Z INFO  minertim::pool_connection] New job: l0HbPh3LOoqmtq22 (difficulty: 123849, target: 77870000)
[2026-10-01T21:39:34Z INFO  minertim] H/s 1m:2203.7 5m:2161.9 10m:2130.0 | Shares: 375/0 (lost:1) (found:376) | Diff: 123849 | 1m51s elapsed (since last share, avg 56s) | best=38 target=34679 (999%)
[2026-10-01T21:39:39Z INFO  minertim::pool_connection] New job: ZJGW30J0XTYjzMAq (difficulty: 123849, target: 77870000)
[2026-10-01T21:39:44Z INFO  minertim] H/s 1m:2204.0 5m:2162.0 10m:2130.0 | Shares: 375/0 (lost:1) (found:376) | Diff: 123849 | 2m1s elapsed (since last share, avg 56s) | best=38 target=34679 (999%)
[2026-10-01T21:39:54Z INFO  minertim] H/s 1m:2205.8 5m:2162.2 10m:2130.0 | Shares: 375/0 (lost:1) (found:376) | Diff: 123849 | 2m11s elapsed (since last share, avg 56s) | best=38 target=34679 (999%)
[2026-10-01T21:39:59Z INFO  minertim::pool_connection] New job: 8V9hNnk7ERyIUGpC (difficulty: 123849, target: 77870000)
[2026-10-01T21:40:04Z INFO  minertim] H/s 1m:2204.2 5m:2153.0 10m:2134.7 | Shares: 375/0 (lost:1) (found:376) | Diff: 123849 | 2m21s elapsed (since last share, avg 56s) | best=38 target=34679 (999%)
[2026-10-01T21:40:14Z INFO  minertim] H/s 1m:2204.0 5m:2144.8 10m:2145.1 | Shares: 375/0 (lost:1) (found:376) | Diff: 123849 | 2m31s elapsed (since last share, avg 56s) | best=38 target=34679 (999%)
[2026-10-01T21:40:19Z INFO  minertim::pool_connection] New job: vk3KTUeK0bCYZNqG (difficulty: 123849, target: 77870000)
[2026-10-01T21:40:24Z INFO  minertim] H/s 1m:2201.5 5m:2144.6 10m:2144.6 | Shares: 375/0 (lost:1) (found:376) | Diff: 123849 | 2m41s elapsed (since last share, avg 56s) | best=38 target=34679 (999%)
[2026-10-01T21:40:29Z INFO  minertim::pool_connection] New job: A4XMyk5ruZLo5X6i (difficulty: 92888, target: 9eb40000)
[2026-10-01T21:40:34Z INFO  minertim] H/s 1m:2201.6 5m:2145.0 10m:2147.4 | Shares: 375/0 (lost:1) (found:376) | Diff: 92888 | 2m51s elapsed (since last share, avg 42s) | best=38 target=46238 (999%)
[2026-10-01T21:40:36Z INFO  minertim::miner] Worker 0 SHARE FOUND! job_id=A4XMyk5ruZLo5X6i, nonce=f4c88902, hash_val=21928, difficulty=92888, hash=61692a3d0dc0e797f8d972a3c6c60b15223c58da6a3eb7ddd4bdc288a8550000
[2026-10-01T21:40:39Z INFO  minertim::pool_connection] New job: bTRRsP7gMcoy4V8L (difficulty: 92888, target: 9eb40000)
[2026-10-01T21:40:39Z INFO  minertim::pool_connection] Share submitted: rpc_id=721 job_id=A4XMyk5ruZLo5X6i nonce=f4c88902
[2026-10-01T21:40:39Z INFO  minertim::pool_connection] Share accepted: rpc_id=721 job_id=A4XMyk5ruZLo5X6i nonce=f4c88902 latency_ms=307
[2026-10-01T21:40:44Z INFO  minertim] H/s 1m:2120.5 5m:2131.3 10m:2140.5 | Shares: 376/0 (lost:1) (found:377) | Diff: 92888 | 7s elapsed (since last share, avg 43s) | best=38 target=46238 (999%)
[2026-10-01T21:40:54Z INFO  minertim] H/s 1m:2122.8 5m:2132.1 10m:2140.8 | Shares: 376/0 (lost:1) (found:377) | Diff: 92888 | 17s elapsed (since last share, avg 43s) | best=38 target=46238 (999%)
[2026-10-01T21:40:54Z INFO  minertim::miner] Worker 3 SHARE FOUND! job_id=bTRRsP7gMcoy4V8L, nonce=5b9a8902, hash_val=10530, difficulty=92888, hash=19c8cd5e318d2563294820dc6baad9b14bb91177c78931f6d66e2ae722290000
[2026-10-01T21:40:59Z INFO  minertim::pool_connection] New job: o9bbn61xwhIhHQbs (difficulty: 139333, target: 69780000)
[2026-10-01T21:40:59Z INFO  minertim::pool_connection] Share submitted: rpc_id=722 job_id=bTRRsP7gMcoy4V8L nonce=5b9a8902
[2026-10-01T21:40:59Z INFO  minertim::pool_connection] New job: zutz56cFa61FCzZT (difficulty: 139333, target: 69780000)
[2026-10-01T21:40:59Z INFO  minertim::pool_connection] Share accepted: rpc_id=722 job_id=bTRRsP7gMcoy4V8L nonce=5b9a8902 latency_ms=641
[2026-10-01T21:41:04Z INFO  minertim] H/s 1m:2113.7 5m:2130.4 10m:2140.0 | Shares: 377/0 (lost:1) (found:378) | Diff: 139333 | 9s elapsed (since last share, avg 1m5s) | best=38 target=30825 (999%)
[2026-10-01T21:41:14Z INFO  minertim] H/s 1m:2114.8 5m:2133.7 10m:2139.9 | Shares: 377/0 (lost:1) (found:378) | Diff: 139333 | 19s elapsed (since last share, avg 1m5s) | best=38 target=30825 (999%)
[2026-10-01T21:41:19Z INFO  minertim::pool_connection] New job: C6knig8eQOLCS4iz (difficulty: 139333, target: 69780000)
[2026-10-01T21:41:24Z INFO  minertim] H/s 1m:2115.0 5m:2133.7 10m:2149.1 | Shares: 377/0 (lost:1) (found:378) | Diff: 139333 | 29s elapsed (since last share, avg 1m5s) | best=38 target=30825 (999%)
[2026-10-01T21:41:29Z INFO  minertim::pool_connection] New job: 0KfngoR7JQAdtRjT (difficulty: 209000, target: 46500000)
[2026-10-01T21:41:34Z INFO  minertim] H/s 1m:2195.5 5m:2148.7 10m:2155.9 | Shares: 377/0 (lost:1) (found:378) | Diff: 209000 | 39s elapsed (since last share, avg 1m35s) | best=38 target=20550 (999%)
[2026-10-01T21:41:39Z INFO  minertim::pool_connection] New job: 13GWog1j7grZHNZt (difficulty: 209000, target: 46500000)
[2026-10-01T21:41:44Z INFO  minertim] H/s 1m:2195.0 5m:2148.7 10m:2156.0 | Shares: 377/0 (lost:1) (found:378) | Diff: 209000 | 49s elapsed (since last share, avg 1m35s) | best=38 target=20550 (999%)
[2026-10-01T21:41:50Z INFO  minertim::pool_connection] New job: yWIkd1qmVJBO5KkH (difficulty: 209000, target: 46500000)
[2026-10-01T21:41:54Z INFO  minertim] H/s 1m:2204.2 5m:2149.0 10m:2156.2 | Shares: 377/0 (lost:1) (found:378) | Diff: 209000 | 59s elapsed (since last share, avg 1m34s) | best=38 target=20550 (999%)
[2026-10-01T21:41:59Z INFO  minertim::pool_connection] New job: kyV2Bnoblh6BjqKX (difficulty: 156750, target: 086b0000)
[2026-10-01T21:42:04Z INFO  minertim] H/s 1m:2203.7 5m:2148.8 10m:2156.0 | Shares: 377/0 (lost:1) (found:378) | Diff: 156750 | 1m9s elapsed (since last share, avg 1m11s) | best=38 target=27400 (999%)
[2026-10-01T21:42:11Z INFO  minertim::pool_connection] New job: bIXOXaznYfWu0rkX (difficulty: 156750, target: 086b0000)
[2026-10-01T21:42:14Z INFO  minertim] H/s 1m:2200.9 5m:2148.5 10m:2156.3 | Shares: 377/0 (lost:1) (found:378) | Diff: 156750 | 1m19s elapsed (since last share, avg 1m11s) | best=38 target=27400 (999%)
[2026-10-01T21:42:24Z INFO  minertim] H/s 1m:2200.6 5m:2148.2 10m:2156.2 | Shares: 377/0 (lost:1) (found:378) | Diff: 156750 | 1m29s elapsed (since last share, avg 1m11s) | best=38 target=27400 (999%)
[2026-10-01T21:42:30Z INFO  minertim::pool_connection] New job: AtJuYroZ0Xq4yClP (difficulty: 156750, target: 086b0000)
[2026-10-01T21:42:34Z INFO  minertim] H/s 1m:2201.5 5m:2157.8 10m:2162.2 | Shares: 377/0 (lost:1) (found:378) | Diff: 156750 | 1m39s elapsed (since last share, avg 1m11s) | best=38 target=27400 (999%)
[2026-10-01T21:42:44Z INFO  minertim] H/s 1m:2201.8 5m:2176.5 10m:2162.2 | Shares: 377/0 (lost:1) (found:378) | Diff: 156750 | 1m49s elapsed (since last share, avg 1m11s) | best=38 target=27400 (999%)
[2026-10-01T21:42:50Z INFO  minertim::pool_connection] New job: 9X2tXVj4tT6Mod5X (difficulty: 156750, target: 086b0000)
[2026-10-01T21:42:54Z INFO  minertim] H/s 1m:2203.8 5m:2188.4 10m:2169.2 | Shares: 377/0 (lost:1) (found:378) | Diff: 156750 | 1m59s elapsed (since last share, avg 1m11s) | best=38 target=27400 (999%)
[2026-10-01T21:42:59Z INFO  minertim::pool_connection] New job: oZ5xSQvl0Dc2XSPp (difficulty: 117564, target: b58e0000)
[2026-10-01T21:43:04Z INFO  minertim] H/s 1m:2205.0 5m:2188.3 10m:2169.2 | Shares: 377/0 (lost:1) (found:378) | Diff: 117564 | 2m9s elapsed (since last share, avg 53s) | best=38 target=36533 (999%)
[2026-10-01T21:43:10Z INFO  minertim::pool_connection] New job: VBg07EgomZPtfO0A (difficulty: 117564, target: b58e0000)
[2026-10-01T21:43:14Z INFO  minertim] H/s 1m:2206.0 5m:2188.2 10m:2169.2 | Shares: 377/0 (lost:1) (found:378) | Diff: 117564 | 2m19s elapsed (since last share, avg 53s) | best=38 target=36533 (999%)
[2026-10-01T21:43:24Z INFO  minertim] H/s 1m:2205.5 5m:2188.2 10m:2175.6 | Shares: 377/0 (lost:1) (found:378) | Diff: 117564 | 2m29s elapsed (since last share, avg 53s) | best=38 target=36533 (999%)
[2026-10-01T21:43:30Z INFO  minertim::pool_connection] New job: HophNpoUnqXhvqt0 (difficulty: 117564, target: b58e0000)
[2026-10-01T21:43:34Z INFO  minertim] H/s 1m:2206.3 5m:2188.4 10m:2175.7 | Shares: 377/0 (lost:1) (found:378) | Diff: 117564 | 2m39s elapsed (since last share, avg 53s) | best=38 target=36533 (999%)
[2026-10-01T21:43:44Z INFO  minertim] H/s 1m:2206.5 5m:2188.4 10m:2175.7 | Shares: 377/0 (lost:1) (found:378) | Diff: 117564 | 2m49s elapsed (since last share, avg 53s) | best=38 target=36533 (999%)
[2026-10-01T21:43:50Z INFO  minertim::pool_connection] New job: Q7IWosb333YvVcEl (difficulty: 117564, target: b58e0000)
[2026-10-01T21:43:54Z INFO  minertim] H/s 1m:2207.5 5m:2188.7 10m:2175.8 | Shares: 377/0 (lost:1) (found:378) | Diff: 117564 | 2m59s elapsed (since last share, avg 53s) | best=38 target=36533 (999%)
[2026-10-01T21:43:59Z INFO  minertim::pool_connection] New job: t3mh7bnBXws7VuSG (difficulty: 88172, target: 47be0000)
[2026-10-01T21:44:04Z INFO  minertim] H/s 1m:2205.6 5m:2188.5 10m:2175.7 | Shares: 377/0 (lost:1) (found:378) | Diff: 88172 | 3m9s elapsed (since last share, avg 39s) | best=38 target=48711 (999%)
[2026-10-01T21:44:04Z INFO  minertim::pool_connection] New job: t08uagRrCd4kJI0s (difficulty: 88172, target: 47be0000)
[2026-10-01T21:44:14Z INFO  minertim] H/s 1m:2204.7 5m:2188.4 10m:2175.6 | Shares: 377/0 (lost:1) (found:378) | Diff: 88172 | 3m19s elapsed (since last share, avg 39s) | best=38 target=48711 (999%)
[2026-10-01T21:44:24Z INFO  minertim] H/s 1m:2204.4 5m:2188.5 10m:2175.6 | Shares: 377/0 (lost:1) (found:378) | Diff: 88172 | 3m29s elapsed (since last share, avg 39s) | best=38 target=48711 (999%)
[2026-10-01T21:44:24Z INFO  minertim::pool_connection] New job: PNoxOHyNxq0rslyU (difficulty: 88172, target: 47be0000)
[2026-10-01T21:44:34Z INFO  minertim] H/s 1m:2204.4 5m:2188.5 10m:2175.7 | Shares: 377/0 (lost:1) (found:378) | Diff: 88172 | 3m39s elapsed (since last share, avg 39s) | best=38 target=48711 (999%)
[2026-10-01T21:44:44Z INFO  minertim] H/s 1m:2204.6 5m:2188.5 10m:2175.8 | Shares: 377/0 (lost:1) (found:378) | Diff: 88172 | 3m49s elapsed (since last share, avg 39s) | best=38 target=48711 (999%)
[2026-10-01T21:44:44Z INFO  minertim::pool_connection] New job: HhirepFOXep6lJty (difficulty: 88172, target: 47be0000)
[2026-10-01T21:44:47Z INFO  minertim::pool_connection] New job: QCeI27EaFalJQ6kd (difficulty: 88172, target: 47be0000)
[2026-10-01T21:44:54Z INFO  minertim] H/s 1m:2206.3 5m:2188.8 10m:2175.9 | Shares: 377/0 (lost:1) (found:378) | Diff: 88172 | 3m59s elapsed (since last share, avg 39s) | best=38 target=48711 (999%)
[2026-10-01T21:44:59Z INFO  minertim::pool_connection] New job: zk4Gk7kvEXgH53vr (difficulty: 66128, target: b5fd0000)
[2026-10-01T21:45:04Z INFO  minertim] H/s 1m:2205.5 5m:2188.6 10m:2171.4 | Shares: 377/0 (lost:1) (found:378) | Diff: 66128 | 4m9s elapsed (since last share, avg 29s) | best=38 target=64949 (999%)
[2026-10-01T21:45:07Z INFO  minertim::pool_connection] New job: RJtTuDJWzai8w3a2 (difficulty: 66128, target: b5fd0000)
[2026-10-01T21:45:08Z INFO  minertim::miner] Worker 0 SHARE FOUND! job_id=RJtTuDJWzai8w3a2, nonce=b8d49202, hash_val=8736, difficulty=66128, hash=9e1d20eaed6e673d438b0c306fd73a3e2af3b0be6238a82479f2c5a820220000
[2026-10-01T21:45:12Z INFO  minertim::pool_connection] Share submitted: rpc_id=727 job_id=RJtTuDJWzai8w3a2 nonce=b8d49202
[2026-10-01T21:45:13Z INFO  minertim::pool_connection] Share accepted: rpc_id=727 job_id=RJtTuDJWzai8w3a2 nonce=b8d49202 latency_ms=226
[2026-10-01T21:45:14Z INFO  minertim] H/s 1m:2187.3 5m:2186.0 10m:2165.9 | Shares: 378/0 (lost:1) (found:379) | Diff: 66128 | 6s elapsed (since last share, avg 30s) | best=38 target=64949 (999%)
[2026-10-01T21:45:14Z INFO  minertim::miner] Worker 3 SHARE FOUND! job_id=RJtTuDJWzai8w3a2, nonce=eb309202, hash_val=38120, difficulty=66128, hash=dc5d6a65dd270cf7aaaa56133c258dfc97572e638f64dcb8675e8a8ee8940000
[2026-10-01T21:45:17Z INFO  minertim::pool_connection] New job: CiPTYPpZ7jeu6LMp (difficulty: 66128, target: b5fd0000)
[2026-10-01T21:45:17Z INFO  minertim::pool_connection] Share submitted: rpc_id=729 job_id=RJtTuDJWzai8w3a2 nonce=eb309202
[2026-10-01T21:45:17Z INFO  minertim::pool_connection] Share accepted: rpc_id=729 job_id=RJtTuDJWzai8w3a2 nonce=eb309202 latency_ms=328
[2026-10-01T21:45:20Z INFO  minertim::pool_connection] New job: D1CKeJjjPIY5YK58 (difficulty: 66128, target: b5fd0000)
[2026-10-01T21:45:24Z INFO  minertim] H/s 1m:2160.1 5m:2181.3 10m:2163.7 | Shares: 379/0 (lost:1) (found:380) | Diff: 66128 | 9s elapsed (since last share, avg 30s) | best=38 target=64949 (999%)
[2026-10-01T21:45:25Z INFO  minertim::miner] Worker 3 SHARE FOUND! job_id=D1CKeJjjPIY5YK58, nonce=7f789202, hash_val=50149, difficulty=66128, hash=cfbd74fcb0340316875549aa11c99f844215fd96a9f0308920463658e5c30000
[2026-10-01T21:45:29Z INFO  minertim::pool_connection] New job: LyHFuq3y82jqDIv0 (difficulty: 99193, target: 23a90000)
[2026-10-01T21:45:29Z INFO  minertim::pool_connection] Share submitted: rpc_id=730 job_id=D1CKeJjjPIY5YK58 nonce=7f789202
[2026-10-01T21:45:29Z INFO  minertim::pool_connection] Share accepted: rpc_id=730 job_id=D1CKeJjjPIY5YK58 nonce=7f789202 latency_ms=225
[2026-10-01T21:45:32Z INFO  minertim::miner] Worker 2 SHARE FOUND! job_id=LyHFuq3y82jqDIv0, nonce=0e139602, hash_val=34032, difficulty=99193, hash=045b2030a43007c205c2a5875c5c1799c00e9506433ec5723f29f3b5f0840000
[2026-10-01T21:45:34Z INFO  minertim] H/s 1m:2064.1 5m:2178.8 10m:2155.8 | Shares: 380/0 (lost:1) (found:382) | Diff: 99193 | 1s elapsed (since last share, avg 48s) | best=38 target=43299 (999%)
[2026-10-01T21:45:40Z INFO  minertim::pool_connection] New job: babpgmgxHTy9XCHv (difficulty: 99193, target: 23a90000)
[2026-10-01T21:45:40Z INFO  minertim::pool_connection] Share submitted: rpc_id=731 job_id=LyHFuq3y82jqDIv0 nonce=0e139602
[2026-10-01T21:45:40Z INFO  minertim::pool_connection] Share accepted: rpc_id=731 job_id=LyHFuq3y82jqDIv0 nonce=0e139602 latency_ms=252
[2026-10-01T21:45:44Z INFO  minertim] H/s 1m:1958.5 5m:2160.5 10m:2147.0 | Shares: 381/0 (lost:1) (found:382) | Diff: 99193 | 11s elapsed (since last share, avg 50s) | best=38 target=43299 (999%)
[2026-10-01T21:45:50Z INFO  minertim::pool_connection] New job: YtNcUhWdu0H3lVet (difficulty: 99193, target: 23a90000)
[2026-10-01T21:45:54Z INFO  minertim] H/s 1m:1960.7 5m:2162.3 10m:2147.4 | Shares: 381/0 (lost:1) (found:382) | Diff: 99193 | 21s elapsed (since last share, avg 50s) | best=38 target=43299 (999%)
[2026-10-01T21:45:55Z INFO  minertim::miner] Worker 0 SHARE FOUND! job_id=YtNcUhWdu0H3lVet, nonce=c8459402, hash_val=25029, difficulty=99193, hash=20cc890ed20877580b18f6a93ea2b17e0c4c01218b0a7e1c861f0d28c5610000
[2026-10-01T21:45:59Z INFO  minertim::pool_connection] New job: DfEMMJrCOHL0S8Ow (difficulty: 148789, target: c2700000)
[2026-10-01T21:45:59Z INFO  minertim::pool_connection] Share submitted: rpc_id=732 job_id=YtNcUhWdu0H3lVet nonce=c8459402
[2026-10-01T21:45:59Z INFO  minertim::pool_connection] Share accepted: rpc_id=732 job_id=YtNcUhWdu0H3lVet nonce=c8459402 latency_ms=340
[2026-10-01T21:46:04Z INFO  minertim] H/s 1m:1952.3 5m:2158.0 10m:2145.1 | Shares: 382/0 (lost:1) (found:383) | Diff: 148789 | 8s elapsed (since last share, avg 1m16s) | best=38 target=28866 (999%)
[2026-10-01T21:46:10Z INFO  minertim::pool_connection] New job: GhUUvgSpwMPUOyWC (difficulty: 148789, target: c2700000)
[2026-10-01T21:46:14Z INFO  minertim] H/s 1m:1979.0 5m:2157.9 10m:2146.8 | Shares: 382/0 (lost:1) (found:383) | Diff: 148789 | 18s elapsed (since last share, avg 1m15s) | best=38 target=28866 (999%)
[2026-10-01T21:46:24Z INFO  minertim] H/s 1m:2130.4 5m:2167.5 10m:2151.5 | Shares: 382/0 (lost:1) (found:383) | Diff: 148789 | 28s elapsed (since last share, avg 1m9s) | best=38 target=28866 (999%)
[2026-10-01T21:46:27Z INFO  minertim::miner] Worker 0 SHARE FOUND! job_id=GhUUvgSpwMPUOyWC, nonce=d0359502, hash_val=10003, difficulty=148789, hash=c4ca671fccf6908787e0d40aaf8e115737dfbb6e6ccc387a95908da313270000
[2026-10-01T21:46:29Z INFO  minertim::pool_connection] New job: IwN4Pc020l0umFEm (difficulty: 223184, target: 2c4b0000)
[2026-10-01T21:46:29Z INFO  minertim::pool_connection] Share submitted: rpc_id=734 job_id=GhUUvgSpwMPUOyWC nonce=d0359502
[2026-10-01T21:46:29Z INFO  minertim::pool_connection] Share accepted: rpc_id=734 job_id=GhUUvgSpwMPUOyWC nonce=d0359502 latency_ms=306
[2026-10-01T21:46:30Z INFO  minertim::pool_connection] New job: mk0mYtOOS74CEEr3 (difficulty: 223184, target: 2c4b0000)
[2026-10-01T21:46:34Z INFO  minertim] H/s 1m:2211.8 5m:2163.4 10m:2156.9 | Shares: 383/0 (lost:1) (found:384) | Diff: 223184 | 7s elapsed (since last share, avg 1m40s) | best=38 target=19244 (999%)
[2026-10-01T21:46:44Z INFO  minertim] H/s 1m:2212.1 5m:2163.6 10m:2157.0 | Shares: 383/0 (lost:1) (found:384) | Diff: 223184 | 17s elapsed (since last share, avg 1m40s) | best=38 target=19244 (999%)
[2026-10-01T21:46:50Z INFO  minertim::pool_connection] New job: bUfbiqSDReBdMGSY (difficulty: 223184, target: 2c4b0000)
[2026-10-01T21:46:54Z INFO  minertim] H/s 1m:2239.3 5m:2164.1 10m:2157.2 | Shares: 383/0 (lost:1) (found:384) | Diff: 223184 | 27s elapsed (since last share, avg 1m39s) | best=38 target=19244 (999%)
[2026-10-01T21:46:59Z INFO  minertim::pool_connection] New job: Gq0bZQoUYI1jvjCJ (difficulty: 334785, target: 1d320000)
[2026-10-01T21:47:04Z INFO  minertim] H/s 1m:2239.0 5m:2164.4 10m:2157.3 | Shares: 383/0 (lost:1) (found:384) | Diff: 334785 | 37s elapsed (since last share, avg 2m29s) | best=38 target=12829 (999%)
[2026-10-01T21:47:10Z INFO  minertim::pool_connection] New job: Mcxqwoma007QddVM (difficulty: 334785, target: 1d320000)
[2026-10-01T21:47:14Z INFO  minertim] H/s 1m:2183.1 5m:2164.5 10m:2157.3 | Shares: 383/0 (lost:1) (found:384) | Diff: 334785 | 47s elapsed (since last share, avg 2m33s) | best=38 target=12829 (999%)
[2026-10-01T21:47:24Z INFO  minertim] H/s 1m:2208.1 5m:2164.5 10m:2157.3 | Shares: 383/0 (lost:1) (found:384) | Diff: 334785 | 57s elapsed (since last share, avg 2m31s) | best=38 target=12829 (999%)
[2026-10-01T21:47:29Z INFO  minertim::pool_connection] New job: J0EXk6or0diem70Z (difficulty: 251094, target: d1420000)
[2026-10-01T21:47:30Z INFO  minertim::pool_connection] New job: nUKXBVsq0fyzQX1c (difficulty: 251094, target: d1420000)
[2026-10-01T21:47:33Z INFO  minertim::pool_connection] New job: aNsAx4ORUpqbZwt6 (difficulty: 251094, target: d1420000)
[2026-10-01T21:47:34Z INFO  minertim] H/s 1m:2208.0 5m:2164.7 10m:2162.0 | Shares: 383/0 (lost:1) (found:384) | Diff: 251094 | 1m7s elapsed (since last share, avg 1m53s) | best=38 target=17105 (999%)
[2026-10-01T21:47:44Z INFO  minertim] H/s 1m:2207.6 5m:2164.8 10m:2171.3 | Shares: 383/0 (lost:1) (found:384) | Diff: 251094 | 1m17s elapsed (since last share, avg 1m53s) | best=38 target=17105 (999%)
[2026-10-01T21:47:53Z INFO  minertim::pool_connection] New job: mTPqlMO9Uw90POVZ (difficulty: 251094, target: d1420000)
[2026-10-01T21:47:54Z INFO  minertim] H/s 1m:2208.6 5m:2165.1 10m:2177.1 | Shares: 383/0 (lost:1) (found:384) | Diff: 251094 | 1m27s elapsed (since last share, avg 1m53s) | best=38 target=17105 (999%)
[2026-10-01T21:48:04Z INFO  minertim] H/s 1m:2207.7 5m:2164.8 10m:2177.1 | Shares: 383/0 (lost:1) (found:384) | Diff: 251094 | 1m37s elapsed (since last share, avg 1m53s) | best=38 target=17105 (999%)
[2026-10-01T21:48:13Z INFO  minertim::pool_connection] New job: zyLxKdbG5qiMh5tu (difficulty: 251094, target: d1420000)
[2026-10-01T21:48:14Z INFO  minertim] H/s 1m:2206.5 5m:2164.7 10m:2177.0 | Shares: 383/0 (lost:1) (found:384) | Diff: 251094 | 1m47s elapsed (since last share, avg 1m53s) | best=38 target=17105 (999%)
[2026-10-01T21:48:24Z INFO  minertim] H/s 1m:2206.3 5m:2164.7 10m:2177.0 | Shares: 383/0 (lost:1) (found:384) | Diff: 251094 | 1m57s elapsed (since last share, avg 1m53s) | best=38 target=17105 (999%)
[2026-10-01T21:48:29Z INFO  minertim::pool_connection] New job: P00OWcxriYJGzrQs (difficulty: 188317, target: 17590000)
[2026-10-01T21:48:33Z INFO  minertim::pool_connection] New job: Y4XuO5o7SOC63OoM (difficulty: 188317, target: 17590000)
[2026-10-01T21:48:34Z INFO  minertim] H/s 1m:2206.3 5m:2164.8 10m:2177.1 | Shares: 383/0 (lost:1) (found:384) | Diff: 188317 | 2m7s elapsed (since last share, avg 1m25s) | best=38 target=22807 (999%)
[2026-10-01T21:48:44Z INFO  minertim] H/s 1m:2207.0 5m:2165.0 10m:2177.2 | Shares: 383/0 (lost:1) (found:384) | Diff: 188317 | 2m17s elapsed (since last share, avg 1m25s) | best=38 target=22807 (999%)
[2026-10-01T21:48:53Z INFO  minertim::pool_connection] New job: h7gZYpEQLRqb1Efi (difficulty: 188317, target: 17590000)
[2026-10-01T21:48:54Z INFO  minertim] H/s 1m:2208.9 5m:2165.4 10m:2177.4 | Shares: 383/0 (lost:1) (found:384) | Diff: 188317 | 2m27s elapsed (since last share, avg 1m25s) | best=38 target=22807 (999%)
[2026-10-01T21:49:04Z INFO  minertim] H/s 1m:2208.5 5m:2165.4 10m:2177.4 | Shares: 383/0 (lost:1) (found:384) | Diff: 188317 | 2m37s elapsed (since last share, avg 1m25s) | best=38 target=22807 (999%)
[2026-10-01T21:49:13Z INFO  minertim::pool_connection] New job: efh1DUS0bLaI1GZj (difficulty: 188317, target: 17590000)
[2026-10-01T21:49:14Z INFO  minertim] H/s 1m:2206.4 5m:2165.0 10m:2177.3 | Shares: 383/0 (lost:1) (found:384) | Diff: 188317 | 2m47s elapsed (since last share, avg 1m25s) | best=38 target=22807 (999%)
[2026-10-01T21:49:22Z INFO  minertim::pool_connection] New job: TDG25hA7p698EOCs (difficulty: 188317, target: 17590000)
[2026-10-01T21:49:24Z INFO  minertim] H/s 1m:2206.1 5m:2165.1 10m:2177.3 | Shares: 383/0 (lost:1) (found:384) | Diff: 188317 | 2m57s elapsed (since last share, avg 1m25s) | best=38 target=22807 (999%)
[2026-10-01T21:49:29Z INFO  minertim::pool_connection] New job: VSxssVp4cm6WBwT0 (difficulty: 141235, target: ca760000)
[2026-10-01T21:49:34Z INFO  minertim] H/s 1m:2205.7 5m:2165.2 10m:2177.3 | Shares: 383/0 (lost:1) (found:384) | Diff: 141235 | 3m7s elapsed (since last share, avg 1m4s) | best=38 target=30410 (999%)
[2026-10-01T21:49:42Z INFO  minertim::pool_connection] New job: mNyyzJhXYjNQmRh0 (difficulty: 141235, target: ca760000)
[2026-10-01T21:49:44Z INFO  minertim] H/s 1m:2205.2 5m:2165.2 10m:2177.3 | Shares: 383/0 (lost:1) (found:384) | Diff: 141235 | 3m17s elapsed (since last share, avg 1m4s) | best=38 target=30410 (999%)
[2026-10-01T21:49:54Z INFO  minertim] H/s 1m:2206.9 5m:2165.6 10m:2177.6 | Shares: 383/0 (lost:1) (found:384) | Diff: 141235 | 3m27s elapsed (since last share, avg 1m3s) | best=38 target=30410 (999%)
[2026-10-01T21:50:01Z INFO  minertim::pool_connection] New job: erPni4ttIHywqHhi (difficulty: 141235, target: ca760000)
[2026-10-01T21:50:04Z INFO  minertim] H/s 1m:2207.7 5m:2168.5 10m:2177.6 | Shares: 383/0 (lost:1) (found:384) | Diff: 141235 | 3m37s elapsed (since last share, avg 1m3s) | best=38 target=30410 (999%)
[2026-10-01T21:50:08Z INFO  minertim::pool_connection] New job: bf4gKK4JIcL0FoRy (difficulty: 141235, target: ca760000)
[2026-10-01T21:50:14Z INFO  minertim] H/s 1m:2206.7 5m:2173.1 10m:2177.7 | Shares: 383/0 (lost:1) (found:384) | Diff: 141235 | 3m47s elapsed (since last share, avg 1m4s) | best=38 target=30410 (999%)
[2026-10-01T21:50:24Z INFO  minertim] H/s 1m:2206.5 5m:2189.7 10m:2177.7 | Shares: 383/0 (lost:1) (found:384) | Diff: 141235 | 3m57s elapsed (since last share, avg 1m4s) | best=38 target=30410 (999%)
[2026-10-01T21:50:26Z INFO  minertim::pool_connection] New job: 0sVZRgjzt5clPyCg (difficulty: 141235, target: ca760000)
[2026-10-01T21:50:29Z INFO  minertim::pool_connection] New job: ewfbGQV0U66zw2Jf (difficulty: 105925, target: 639e0000)
[2026-10-01T21:50:34Z INFO  minertim] H/s 1m:2207.2 5m:2208.1 10m:2184.7 | Shares: 383/0 (lost:1) (found:384) | Diff: 105925 | 4m7s elapsed (since last share, avg 47s) | best=38 target=40547 (999%)
[2026-10-01T21:50:44Z INFO  minertim] H/s 1m:2207.0 5m:2208.1 10m:2184.7 | Shares: 383/0 (lost:1) (found:384) | Diff: 105925 | 4m17s elapsed (since last share, avg 47s) | best=38 target=40547 (999%)
[2026-10-01T21:50:46Z INFO  minertim::pool_connection] New job: vw64uNUQLB8PVGdc (difficulty: 105925, target: 639e0000)
[2026-10-01T21:50:54Z INFO  minertim] H/s 1m:2208.9 5m:2212.8 10m:2185.6 | Shares: 383/0 (lost:1) (found:384) | Diff: 105925 | 4m27s elapsed (since last share, avg 47s) | best=38 target=40547 (999%)
[2026-10-01T21:51:04Z INFO  minertim] H/s 1m:2209.4 5m:2212.8 10m:2185.7 | Shares: 383/0 (lost:1) (found:384) | Diff: 105925 | 4m37s elapsed (since last share, avg 47s) | best=38 target=40547 (999%)
[2026-10-01T21:51:06Z INFO  minertim::pool_connection] New job: PZvcvXGfYfLxdanr (difficulty: 105925, target: 639e0000)
[2026-10-01T21:51:14Z INFO  minertim] H/s 1m:2209.0 5m:2203.2 10m:2185.7 | Shares: 383/0 (lost:1) (found:384) | Diff: 105925 | 4m47s elapsed (since last share, avg 47s) | best=38 target=40547 (999%)
[2026-10-01T21:51:24Z INFO  minertim] H/s 1m:2208.7 5m:2207.5 10m:2185.8 | Shares: 383/0 (lost:1) (found:384) | Diff: 105925 | 4m57s elapsed (since last share, avg 47s) | best=38 target=40547 (999%)
[2026-10-01T21:51:26Z INFO  minertim::pool_connection] New job: Kdf1KUWPsY0SbQkS (difficulty: 105925, target: 639e0000)
[2026-10-01T21:51:29Z INFO  minertim::pool_connection] New job: tN1TyAaClGGfsUfX (difficulty: 79445, target: 2ed30000)
[2026-10-01T21:51:34Z INFO  minertim] H/s 1m:2208.5 5m:2207.5 10m:2185.9 | Shares: 383/0 (lost:1) (found:384) | Diff: 79445 | 5m7s elapsed (since last share, avg 35s) | best=38 target=54062 (999%)
[2026-10-01T21:51:40Z INFO  minertim::miner] Worker 1 SHARE FOUND! job_id=tN1TyAaClGGfsUfX, nonce=e1aba102, hash_val=25860, difficulty=79445, hash=b4e4009880b356c81f9b2cfb2a3a6a9375525f61ec54805251c9aadb04650000
[2026-10-01T21:51:44Z INFO  minertim] H/s 1m:2151.9 5m:2197.7 10m:2181.2 | Shares: 383/0 (lost:1) (found:385) | Diff: 79445 | 4s elapsed (since last share, avg 36s) | best=38 target=54062 (999%)
[2026-10-01T21:51:46Z INFO  minertim::pool_connection] New job: TLNczy0SQqba4L5Z (difficulty: 79445, target: 2ed30000)
[2026-10-01T21:51:46Z INFO  minertim::pool_connection] Share submitted: rpc_id=740 job_id=tN1TyAaClGGfsUfX nonce=e1aba102
[2026-10-01T21:51:46Z INFO  minertim::pool_connection] Share accepted: rpc_id=740 job_id=tN1TyAaClGGfsUfX nonce=e1aba102 latency_ms=306
[2026-10-01T21:51:54Z INFO  minertim] H/s 1m:2147.1 5m:2197.0 10m:2180.9 | Shares: 384/0 (lost:1) (found:385) | Diff: 79445 | 14s elapsed (since last share, avg 37s) | best=38 target=54062 (999%)
[2026-10-01T21:51:59Z INFO  minertim::pool_connection] New job: cP5cCrj1ZIPjr1a8 (difficulty: 119168, target: c98c0000)
[2026-10-01T21:52:04Z INFO  minertim] H/s 1m:2145.8 5m:2196.8 10m:2181.0 | Shares: 384/0 (lost:1) (found:385) | Diff: 119168 | 24s elapsed (since last share, avg 55s) | best=38 target=36041 (999%)
[2026-10-01T21:52:06Z INFO  minertim::pool_connection] New job: DACpxEPrC5Dwn2UP (difficulty: 119168, target: c98c0000)
[2026-10-01T21:52:14Z INFO  minertim] H/s 1m:2145.0 5m:2196.7 10m:2181.1 | Shares: 384/0 (lost:1) (found:385) | Diff: 119168 | 34s elapsed (since last share, avg 55s) | best=38 target=36041 (999%)
[2026-10-01T21:52:24Z INFO  minertim] H/s 1m:2144.2 5m:2196.5 10m:2181.0 | Shares: 384/0 (lost:1) (found:385) | Diff: 119168 | 44s elapsed (since last share, avg 55s) | best=38 target=36041 (999%)
[2026-10-01T21:52:26Z INFO  minertim::pool_connection] New job: rj41DW4XYyto4rF0 (difficulty: 119168, target: c98c0000)
[2026-10-01T21:52:34Z INFO  minertim] H/s 1m:2194.7 5m:2195.5 10m:2180.6 | Shares: 384/0 (lost:1) (found:385) | Diff: 119168 | 54s elapsed (since last share, avg 54s) | best=38 target=36041 (999%)
[2026-10-01T21:52:36Z INFO  minertim::miner] Worker 2 SHARE FOUND! job_id=rj41DW4XYyto4rF0, nonce=5e1ca402, hash_val=2083, difficulty=119168, hash=cddf31e5ffb1a5e2c1a5a71225712b66adc64e107b85d9e3a790202d23080000
[2026-10-01T21:52:44Z INFO  minertim] H/s 1m:2138.4 5m:2184.9 10m:2175.4 | Shares: 384/0 (lost:1) (found:386) | Diff: 119168 | 8s elapsed (since last share, avg 55s) | best=38 target=36041 (999%)
[2026-10-01T21:52:46Z INFO  minertim::pool_connection] New job: bqU0UVqMpvvU5KAa (difficulty: 119168, target: c98c0000)
[2026-10-01T21:52:46Z INFO  minertim::pool_connection] Share submitted: rpc_id=742 job_id=rj41DW4XYyto4rF0 nonce=5e1ca402
[2026-10-01T21:52:46Z INFO  minertim::pool_connection] Share accepted: rpc_id=742 job_id=rj41DW4XYyto4rF0 nonce=5e1ca402 latency_ms=273
[2026-10-01T21:52:54Z INFO  minertim] H/s 1m:2090.2 5m:2176.6 10m:2171.3 | Shares: 385/0 (lost:1) (found:386) | Diff: 119168 | 18s elapsed (since last share, avg 57s) | best=38 target=36041 (999%)
[2026-10-01T21:52:59Z INFO  minertim::pool_connection] New job: lhNFm0TCy5h4U68X (difficulty: 89376, target: b7bb0000)
[2026-10-01T21:53:04Z INFO  minertim] H/s 1m:2080.5 5m:2174.9 10m:2170.5 | Shares: 385/0 (lost:1) (found:386) | Diff: 89376 | 28s elapsed (since last share, avg 42s) | best=38 target=48055 (999%)
[2026-10-01T21:53:05Z INFO  minertim::pool_connection] New job: EprG0NNikgKiz7qN (difficulty: 89376, target: b7bb0000)
[2026-10-01T21:53:11Z INFO  minertim::miner] Worker 2 SHARE FOUND! job_id=EprG0NNikgKiz7qN, nonce=4ef5a402, hash_val=34448, difficulty=89376, hash=80db53389df7df3339fb3f9ca5f145b734899de0ba19b51489d31bfa90860000
[2026-10-01T21:53:13Z INFO  minertim::pool_connection] Share submitted: rpc_id=743 job_id=EprG0NNikgKiz7qN nonce=4ef5a402
[2026-10-01T21:53:13Z INFO  minertim::pool_connection] Share accepted: rpc_id=743 job_id=EprG0NNikgKiz7qN nonce=4ef5a402 latency_ms=224
[2026-10-01T21:53:14Z INFO  minertim] H/s 1m:2070.5 5m:2173.1 10m:2169.6 | Shares: 386/0 (lost:1) (found:387) | Diff: 89376 | 3s elapsed (since last share, avg 43s) | best=38 target=48055 (999%)
[2026-10-01T21:53:24Z INFO  minertim] H/s 1m:2053.2 5m:2169.1 10m:2167.6 | Shares: 386/0 (lost:1) (found:387) | Diff: 89376 | 13s elapsed (since last share, avg 43s) | best=38 target=48055 (999%)
[2026-10-01T21:53:25Z INFO  minertim::pool_connection] New job: yAqQKD1LOiZZQY7Z (difficulty: 89376, target: b7bb0000)
[2026-10-01T21:53:29Z INFO  minertim::pool_connection] New job: zIyKucW68k4ZkMi1 (difficulty: 134066, target: 247d0000)
[2026-10-01T21:53:34Z INFO  minertim] H/s 1m:2109.2 5m:2168.0 10m:2167.2 | Shares: 386/0 (lost:1) (found:387) | Diff: 134066 | 23s elapsed (since last share, avg 1m3s) | best=38 target=32036 (999%)
[2026-10-01T21:53:44Z INFO  minertim] H/s 1m:2151.4 5m:2166.6 10m:2166.5 | Shares: 386/0 (lost:1) (found:387) | Diff: 134066 | 33s elapsed (since last share, avg 1m2s) | best=38 target=32036 (999%)
[2026-10-01T21:53:45Z INFO  minertim::pool_connection] New job: 0rL42Keg8oF0etH2 (difficulty: 134066, target: 247d0000)
[2026-10-01T21:53:54Z INFO  minertim] H/s 1m:2154.9 5m:2165.7 10m:2166.2 | Shares: 386/0 (lost:1) (found:387) | Diff: 134066 | 43s elapsed (since last share, avg 1m2s) | best=38 target=32036 (999%)
[2026-10-01T21:54:04Z INFO  minertim] H/s 1m:2158.4 5m:2164.8 10m:2165.6 | Shares: 386/0 (lost:1) (found:387) | Diff: 134066 | 53s elapsed (since last share, avg 1m2s) | best=38 target=32036 (999%)
[2026-10-01T21:54:05Z INFO  minertim::pool_connection] New job: ncvak0LXlKnkmAxa (difficulty: 134066, target: 247d0000)
[2026-10-01T21:54:14Z INFO  minertim] H/s 1m:2174.9 5m:2163.7 10m:2165.1 | Shares: 386/0 (lost:1) (found:387) | Diff: 134066 | 1m3s elapsed (since last share, avg 1m1s) | best=38 target=32036 (999%)
[2026-10-01T21:54:24Z INFO  minertim] H/s 1m:2172.9 5m:2162.4 10m:2164.5 | Shares: 386/0 (lost:1) (found:387) | Diff: 134066 | 1m13s elapsed (since last share, avg 1m1s) | best=38 target=32036 (999%)
[2026-10-01T21:54:25Z INFO  minertim::pool_connection] New job: SUaQK1Dv47fecNGA (difficulty: 134066, target: 247d0000)
[2026-10-01T21:54:29Z INFO  minertim::pool_connection] New job: ZTF7wkr3xPSgkcBW (difficulty: 79379, target: 5bd30000)
[2026-10-01T21:54:34Z INFO  minertim] H/s 1m:2174.4 5m:2161.3 10m:2164.0 | Shares: 386/0 (lost:1) (found:387) | Diff: 79379 | 1m23s elapsed (since last share, avg 36s) | best=38 target=54107 (999%)
[2026-10-01T21:54:41Z INFO  minertim::miner] Worker 1 SHARE FOUND! job_id=ZTF7wkr3xPSgkcBW, nonce=d979a702, hash_val=13057, difficulty=79379, hash=314ba9bdf7629e46542a6d718b5c266aed725484c7b34211ebd3d45d01330000
[2026-10-01T21:54:44Z INFO  minertim] H/s 1m:2120.2 5m:2150.7 10m:2158.9 | Shares: 386/0 (lost:1) (found:388) | Diff: 79379 | 3s elapsed (since last share, avg 37s) | best=38 target=54107 (999%)
[2026-10-01T21:54:45Z INFO  minertim::pool_connection] New job: mOP17bhzco70moNt (difficulty: 79379, target: 5bd30000)
[2026-10-01T21:54:45Z INFO  minertim::pool_connection] Share submitted: rpc_id=746 job_id=ZTF7wkr3xPSgkcBW nonce=d979a702
[2026-10-01T21:54:45Z INFO  minertim::pool_connection] Share accepted: rpc_id=746 job_id=ZTF7wkr3xPSgkcBW nonce=d979a702 latency_ms=306
[2026-10-01T21:54:54Z INFO  minertim::pool_connection] New job: GA3UC8rPrzvr8uQ5 (difficulty: 79379, target: 5bd30000)
[2026-10-01T21:54:54Z INFO  minertim] H/s 1m:2118.1 5m:2149.3 10m:2158.2 | Shares: 387/0 (lost:1) (found:388) | Diff: 79379 | 13s elapsed (since last share, avg 37s) | best=38 target=54107 (999%)
[2026-10-01T21:54:57Z INFO  minertim::miner] Worker 0 SHARE FOUND! job_id=GA3UC8rPrzvr8uQ5, nonce=d03ea602, hash_val=34789, difficulty=79379, hash=52b07b7b6457f1976ee1ec2bb81e0e700b6215c27feaeccb062db4a1e5870000
[2026-10-01T21:54:59Z INFO  minertim::pool_connection] New job: puo7vdx2nw0nGged (difficulty: 119069, target: e78c0000)
[2026-10-01T21:54:59Z INFO  minertim::pool_connection] Share submitted: rpc_id=747 job_id=GA3UC8rPrzvr8uQ5 nonce=d03ea602
[2026-10-01T21:55:00Z INFO  minertim::pool_connection] Share accepted: rpc_id=747 job_id=GA3UC8rPrzvr8uQ5 nonce=d03ea602 latency_ms=266
[2026-10-01T21:55:01Z INFO  minertim::miner] Worker 0 SHARE FOUND! job_id=puo7vdx2nw0nGged, nonce=244ca602, hash_val=27088, difficulty=119069, hash=beca2857760c6a0224093b97956cb5e877b9a5dc9c53cb1a8d2c7aa1d0690000
[2026-10-01T21:55:04Z INFO  minertim] H/s 1m:2035.4 5m:2134.2 10m:2152.3 | Shares: 388/0 (lost:1) (found:390) | Diff: 119069 | 3s elapsed (since last share, avg 58s) | best=38 target=36071 (999%)
[2026-10-01T21:55:08Z INFO  minertim::miner] Worker 3 SHARE FOUND! job_id=puo7vdx2nw0nGged, nonce=93e0a502, hash_val=21423, difficulty=119069, hash=872c634a7cc638a5a219ab18453e3624df598ccebe09e991368a3bdaaf530000
[2026-10-01T21:55:13Z INFO  minertim::pool_connection] Share submitted: rpc_id=748 job_id=puo7vdx2nw0nGged nonce=244ca602
[2026-10-01T21:55:13Z INFO  minertim::pool_connection] Share submitted: rpc_id=749 job_id=puo7vdx2nw0nGged nonce=93e0a502
[2026-10-01T21:55:13Z INFO  minertim::pool_connection] Share accepted: rpc_id=748 job_id=puo7vdx2nw0nGged nonce=244ca602 latency_ms=251
[2026-10-01T21:55:13Z INFO  minertim::pool_connection] Share accepted: rpc_id=749 job_id=puo7vdx2nw0nGged nonce=93e0a502 latency_ms=511
[2026-10-01T21:55:14Z INFO  minertim::pool_connection] New job: OiFD5t8LrrxCTUNM (difficulty: 119069, target: e78c0000)
[2026-10-01T21:55:14Z INFO  minertim] H/s 1m:1881.9 5m:2106.4 10m:2140.9 | Shares: 390/0 (lost:1) (found:391) | Diff: 119069 | 6s elapsed (since last share, avg 1m3s) | best=38 target=36071 (999%)
[2026-10-01T21:55:24Z INFO  minertim] H/s 1m:1883.2 5m:2105.5 10m:2148.7 | Shares: 390/0 (lost:1) (found:391) | Diff: 119069 | 16s elapsed (since last share, avg 1m3s) | best=38 target=36071 (999%)
[2026-10-01T21:55:28Z INFO  minertim::miner] Worker 2 SHARE FOUND! job_id=OiFD5t8LrrxCTUNM, nonce=9675a902, hash_val=27160, difficulty=119069, hash=7aab8fc74f60ea64c0be9de8346425769c7e1f2100b31b0d9d13abd1186a0000
[2026-10-01T21:55:29Z INFO  minertim::pool_connection] New job: VisJV5V7qifui5UP (difficulty: 178607, target: ef5d0000)
[2026-10-01T21:55:29Z INFO  minertim::pool_connection] Share submitted: rpc_id=751 job_id=OiFD5t8LrrxCTUNM nonce=9675a902
[2026-10-01T21:55:30Z INFO  minertim::pool_connection] Share accepted: rpc_id=751 job_id=OiFD5t8LrrxCTUNM nonce=9675a902 latency_ms=242
[2026-10-01T21:55:34Z INFO  minertim::pool_connection] New job: lPPYKkNEZSZTHjyb (difficulty: 178607, target: ef5d0000)
[2026-10-01T21:55:34Z INFO  minertim] H/s 1m:1922.7 5m:2101.7 10m:2155.8 | Shares: 391/0 (lost:1) (found:392) | Diff: 178607 | 6s elapsed (since last share, avg 1m32s) | best=38 target=24047 (999%)
[2026-10-01T21:55:45Z INFO  minertim] H/s 1m:1925.5 5m:2100.5 10m:2155.3 | Shares: 391/0 (lost:1) (found:392) | Diff: 178607 | 16s elapsed (since last share, avg 1m32s) | best=38 target=24047 (999%)
[2026-10-01T21:55:54Z INFO  minertim::pool_connection] New job: RVe6LP70clEtapJY (difficulty: 178607, target: ef5d0000)
[2026-10-01T21:55:55Z INFO  minertim] H/s 1m:2007.8 5m:2099.4 10m:2157.0 | Shares: 391/0 (lost:1) (found:392) | Diff: 178607 | 26s elapsed (since last share, avg 1m28s) | best=38 target=24047 (999%)
[2026-10-01T21:55:59Z INFO  minertim::pool_connection] New job: 2tFcjs2VtNJiSEr9 (difficulty: 267916, target: 9f3e0000)
[2026-10-01T21:56:02Z INFO  minertim::pool_connection] New job: rFLtdCUTDTmC6gFW (difficulty: 267916, target: 9f3e0000)
[2026-10-01T21:56:05Z INFO  minertim] H/s 1m:2161.9 5m:2098.3 10m:2156.4 | Shares: 391/0 (lost:1) (found:392) | Diff: 267916 | 36s elapsed (since last share, avg 2m3s) | best=38 target=16031 (999%)
[2026-10-01T21:56:15Z INFO  minertim] H/s 1m:2160.5 5m:2097.2 10m:2151.2 | Shares: 391/0 (lost:1) (found:392) | Diff: 267916 | 46s elapsed (since last share, avg 2m4s) | best=38 target=16031 (999%)
[2026-10-01T21:56:22Z INFO  minertim::pool_connection] New job: 9dAVzsZGiKSeKFsG (difficulty: 267916, target: 9f3e0000)
[2026-10-01T21:56:25Z INFO  minertim] H/s 1m:2175.8 5m:2096.1 10m:2152.8 | Shares: 391/0 (lost:1) (found:392) | Diff: 267916 | 56s elapsed (since last share, avg 2m3s) | best=38 target=16031 (999%)
[2026-10-01T21:56:29Z INFO  minertim::pool_connection] New job: 00c5zVjeJdEPOQi8 (difficulty: 204337, target: 1b520000)
[2026-10-01T21:56:35Z INFO  minertim] H/s 1m:2175.2 5m:2104.5 10m:2152.1 | Shares: 391/0 (lost:1) (found:392) | Diff: 204337 | 1m6s elapsed (since last share, avg 1m33s) | best=38 target=21019 (999%)
[2026-10-01T21:56:42Z INFO  minertim::pool_connection] New job: 6PcGXFLUHR1ZRYP0 (difficulty: 204337, target: 1b520000)
[2026-10-01T21:56:45Z INFO  minertim] H/s 1m:2174.4 5m:2104.2 10m:2151.5 | Shares: 391/0 (lost:1) (found:392) | Diff: 204337 | 1m16s elapsed (since last share, avg 1m33s) | best=38 target=21019 (999%)
[2026-10-01T21:56:55Z INFO  minertim] H/s 1m:2176.1 5m:2103.5 10m:2151.1 | Shares: 391/0 (lost:1) (found:392) | Diff: 204337 | 1m26s elapsed (since last share, avg 1m33s) | best=38 target=21019 (999%)
[2026-10-01T21:56:57Z INFO  minertim::pool_connection] New job: eYKtdgcsXKoigODE (difficulty: 204337, target: 1b520000)
[2026-10-01T21:57:05Z INFO  minertim] H/s 1m:2174.3 5m:2102.2 10m:2150.5 | Shares: 391/0 (lost:1) (found:392) | Diff: 204337 | 1m36s elapsed (since last share, avg 1m33s) | best=38 target=21019 (999%)
[2026-10-01T21:57:13Z INFO  minertim::miner] Worker 3 SHARE FOUND! job_id=eYKtdgcsXKoigODE, nonce=9bdaa902, hash_val=4881, difficulty=204337, hash=0bcf50b2821fefef0014a271d769d3e9386446842cb098be8e2f003e11130000
[2026-10-01T21:57:13Z INFO  minertim::pool_connection] Share submitted: rpc_id=754 job_id=eYKtdgcsXKoigODE nonce=9bdaa902
[2026-10-01T21:57:13Z INFO  minertim::pool_connection] Share accepted: rpc_id=754 job_id=eYKtdgcsXKoigODE nonce=9bdaa902 latency_ms=307
[2026-10-01T21:57:15Z INFO  minertim] H/s 1m:2172.0 5m:2100.9 10m:2149.7 | Shares: 392/0 (lost:1) (found:393) | Diff: 204337 | 1s elapsed (since last share, avg 1m34s) | best=38 target=21019 (999%)
[2026-10-01T21:57:17Z INFO  minertim::pool_connection] New job: a302A5A7jSi5ntCf (difficulty: 204337, target: 1b520000)
[2026-10-01T21:57:25Z INFO  minertim] H/s 1m:2173.1 5m:2100.8 10m:2149.2 | Shares: 392/0 (lost:1) (found:393) | Diff: 204337 | 12s elapsed (since last share, avg 1m34s) | best=38 target=21019 (999%)
[2026-10-01T21:57:33Z INFO  minertim::miner] Worker 1 SHARE FOUND! job_id=a302A5A7jSi5ntCf, nonce=690cad02, hash_val=10650, difficulty=204337, hash=056a16833a07d2431f1642d2896909893a7a58c01322dd6dd190cc7c9a290000
[2026-10-01T21:57:35Z INFO  minertim] H/s 1m:2178.9 5m:2111.1 10m:2149.0 | Shares: 392/0 (lost:1) (found:394) | Diff: 204337 | 2s elapsed (since last share, avg 1m33s) | best=38 target=21019 (999%)
[2026-10-01T21:57:37Z INFO  minertim::pool_connection] New job: B8fHEu0NTScOXcU9 (difficulty: 204337, target: 1b520000)
[2026-10-01T21:57:37Z INFO  minertim::pool_connection] Share submitted: rpc_id=755 job_id=a302A5A7jSi5ntCf nonce=690cad02
[2026-10-01T21:57:38Z INFO  minertim::pool_connection] Share accepted: rpc_id=755 job_id=a302A5A7jSi5ntCf nonce=690cad02 latency_ms=408
[2026-10-01T21:57:45Z INFO  minertim] H/s 1m:2157.0 5m:2115.1 10m:2146.7 | Shares: 393/0 (lost:1) (found:394) | Diff: 204337 | 12s elapsed (since last share, avg 1m34s) | best=38 target=21019 (999%)
[2026-10-01T21:57:55Z INFO  minertim] H/s 1m:2164.4 5m:2116.7 10m:2146.8 | Shares: 393/0 (lost:1) (found:394) | Diff: 204337 | 22s elapsed (since last share, avg 1m34s) | best=38 target=21019 (999%)
[2026-10-01T21:57:57Z INFO  minertim::pool_connection] New job: hGx6QTxMJhW0ZuZX (difficulty: 204337, target: 1b520000)
[2026-10-01T21:58:05Z INFO  minertim] H/s 1m:2171.6 5m:2118.3 10m:2146.8 | Shares: 393/0 (lost:1) (found:394) | Diff: 204337 | 32s elapsed (since last share, avg 1m34s) | best=38 target=21019 (999%)
[2026-10-01T21:58:15Z INFO  minertim] H/s 1m:2177.1 5m:2122.1 10m:2146.7 | Shares: 393/0 (lost:1) (found:394) | Diff: 204337 | 42s elapsed (since last share, avg 1m33s) | best=38 target=21019 (999%)
[2026-10-01T21:58:17Z INFO  minertim::pool_connection] New job: 8rvyKxVfhZpTaPIC (difficulty: 204337, target: 1b520000)
[2026-10-01T21:58:25Z INFO  minertim::miner] Worker 0 SHARE FOUND! job_id=8rvyKxVfhZpTaPIC, nonce=64b4ac02, hash_val=18366, difficulty=204337, hash=ecc57c55ff5b4cdeb31d2f4db6bd3b7c7a1ae137f0821774455fbe26be470000
[2026-10-01T21:58:25Z INFO  minertim] H/s 1m:2178.6 5m:2123.1 10m:2146.7 | Shares: 393/0 (lost:1) (found:395) | Diff: 204337 | 0s elapsed (since last share, avg 1m33s) | best=38 target=21019 (999%)
[2026-10-01T21:58:25Z INFO  minertim::pool_connection] Share submitted: rpc_id=757 job_id=8rvyKxVfhZpTaPIC nonce=64b4ac02
[2026-10-01T21:58:25Z INFO  minertim::pool_connection] Share accepted: rpc_id=757 job_id=8rvyKxVfhZpTaPIC nonce=64b4ac02 latency_ms=299
[2026-10-01T21:58:35Z INFO  minertim] H/s 1m:2204.9 5m:2124.3 10m:2146.6 | Shares: 394/0 (lost:1) (found:395) | Diff: 204337 | 10s elapsed (since last share, avg 1m32s) | best=38 target=21019 (999%)
[2026-10-01T21:58:37Z INFO  minertim::pool_connection] New job: DqXsFfh8FzRFafQE (difficulty: 204337, target: 1b520000)
[2026-10-01T21:58:45Z INFO  minertim] H/s 1m:2206.0 5m:2125.5 10m:2146.5 | Shares: 394/0 (lost:1) (found:395) | Diff: 204337 | 20s elapsed (since last share, avg 1m32s) | best=38 target=21019 (999%)
[2026-10-01T21:58:55Z INFO  minertim] H/s 1m:2207.3 5m:2126.7 10m:2146.7 | Shares: 394/0 (lost:1) (found:395) | Diff: 204337 | 30s elapsed (since last share, avg 1m32s) | best=38 target=21019 (999%)
[2026-10-01T21:58:57Z INFO  minertim::pool_connection] New job: 8iqHWWtjUgiZG00a (difficulty: 204337, target: 1b520000)
[2026-10-01T21:59:00Z INFO  minertim::pool_connection] New job: 0yV4YbTYIKErFd3f (difficulty: 204337, target: 1b520000)
[2026-10-01T21:59:05Z INFO  minertim] H/s 1m:2206.0 5m:2127.5 10m:2146.7 | Shares: 394/0 (lost:1) (found:395) | Diff: 204337 | 40s elapsed (since last share, avg 1m32s) | best=38 target=21019 (999%)
[2026-10-01T21:59:15Z INFO  minertim] H/s 1m:2205.9 5m:2128.8 10m:2146.7 | Shares: 394/0 (lost:1) (found:395) | Diff: 204337 | 50s elapsed (since last share, avg 1m32s) | best=38 target=21019 (999%)
[2026-10-01T21:59:18Z INFO  minertim::pool_connection] New job: egjVY90SOrJTEVMJ (difficulty: 204337, target: 1b520000)
[2026-10-01T21:59:25Z INFO  minertim] H/s 1m:2206.9 5m:2129.9 10m:2146.7 | Shares: 394/0 (lost:1) (found:395) | Diff: 204337 | 1m0s elapsed (since last share, avg 1m32s) | best=38 target=21019 (999%)
[2026-10-01T21:59:35Z INFO  minertim] H/s 1m:2206.2 5m:2140.3 10m:2146.6 | Shares: 394/0 (lost:1) (found:395) | Diff: 204337 | 1m10s elapsed (since last share, avg 1m32s) | best=38 target=21019 (999%)
[2026-10-01T21:59:38Z INFO  minertim::pool_connection] New job: l2ItU7DVVWaXAtp0 (difficulty: 204337, target: 1b520000)
[2026-10-01T21:59:45Z INFO  minertim] H/s 1m:2206.5 5m:2142.0 10m:2146.6 | Shares: 394/0 (lost:1) (found:395) | Diff: 204337 | 1m20s elapsed (since last share, avg 1m32s) | best=38 target=21019 (999%)
[2026-10-01T21:59:55Z INFO  minertim] H/s 1m:2208.1 5m:2157.3 10m:2146.7 | Shares: 394/0 (lost:1) (found:395) | Diff: 204337 | 1m30s elapsed (since last share, avg 1m32s) | best=38 target=21019 (999%)
[2026-10-01T21:59:57Z INFO  minertim::miner] Worker 0 SHARE FOUND! job_id=l2ItU7DVVWaXAtp0, nonce=18d4af02, hash_val=3969, difficulty=204337, hash=b9f3177850bb86016c36547d22a76e2ab389b6daf9ca4415977217e5810f0000
[2026-10-01T21:59:58Z INFO  minertim::pool_connection] New job: ZjOVIS0Fy2HJUwV2 (difficulty: 204337, target: 1b520000)
[2026-10-01T21:59:58Z INFO  minertim::pool_connection] Share submitted: rpc_id=759 job_id=l2ItU7DVVWaXAtp0 nonce=18d4af02
[2026-10-01T21:59:58Z INFO  minertim::pool_connection] Share accepted: rpc_id=759 job_id=l2ItU7DVVWaXAtp0 nonce=18d4af02 latency_ms=279
[2026-10-01T22:00:05Z INFO  minertim] H/s 1m:2199.6 5m:2183.6 10m:2146.1 | Shares: 395/0 (lost:1) (found:396) | Diff: 204337 | 7s elapsed (since last share, avg 1m32s) | best=38 target=21019 (999%)
[2026-10-01T22:00:15Z INFO  minertim] H/s 1m:2199.3 5m:2184.4 10m:2146.0 | Shares: 395/0 (lost:1) (found:396) | Diff: 204337 | 17s elapsed (since last share, avg 1m32s) | best=38 target=21019 (999%)
[2026-10-01T22:00:18Z INFO  minertim::pool_connection] New job: 8WZtpfwouo77G4BE (difficulty: 204337, target: 1b520000)
[2026-10-01T22:00:25Z INFO  minertim] H/s 1m:2199.8 5m:2188.1 10m:2146.0 | Shares: 395/0 (lost:1) (found:396) | Diff: 204337 | 27s elapsed (since last share, avg 1m32s) | best=38 target=21019 (999%)
[2026-10-01T22:00:35Z INFO  minertim] H/s 1m:2198.8 5m:2189.1 10m:2145.9 | Shares: 395/0 (lost:1) (found:396) | Diff: 204337 | 37s elapsed (since last share, avg 1m32s) | best=38 target=21019 (999%)
[2026-10-01T22:00:38Z INFO  minertim::pool_connection] New job: qonxHGQNbccTlXxr (difficulty: 204337, target: 1b520000)
[2026-10-01T22:00:45Z INFO  minertim] H/s 1m:2194.9 5m:2189.5 10m:2145.5 | Shares: 395/0 (lost:1) (found:396) | Diff: 204337 | 47s elapsed (since last share, avg 1m33s) | best=38 target=21019 (999%)
[2026-10-01T22:00:47Z INFO  minertim::miner] Worker 1 SHARE FOUND! job_id=qonxHGQNbccTlXxr, nonce=0d6eb302, hash_val=2990, difficulty=204337, hash=004b6ab7e31d17f103fa723be700901ee924f3a06072fe64247282ddae0b0000
[2026-10-01T22:00:55Z INFO  minertim] H/s 1m:2092.6 5m:2171.6 10m:2136.2 | Shares: 395/0 (lost:1) (found:397) | Diff: 204337 | 7s elapsed (since last share, avg 1m37s) | best=38 target=21019 (999%)
[2026-10-01T22:00:58Z INFO  minertim::pool_connection] New job: PPUgXkWFZdkaDz33 (difficulty: 204337, target: 1b520000)
[2026-10-01T22:00:58Z INFO  minertim::pool_connection] Share submitted: rpc_id=761 job_id=qonxHGQNbccTlXxr nonce=0d6eb302
[2026-10-01T22:00:58Z INFO  minertim::pool_connection] Share accepted: rpc_id=761 job_id=qonxHGQNbccTlXxr nonce=0d6eb302 latency_ms=307
[2026-10-01T22:01:05Z INFO  minertim] H/s 1m:2085.7 5m:2171.5 10m:2135.6 | Shares: 396/0 (lost:1) (found:397) | Diff: 204337 | 17s elapsed (since last share, avg 1m37s) | best=38 target=21019 (999%)
[2026-10-01T22:01:15Z INFO  minertim] H/s 1m:2085.4 5m:2172.5 10m:2135.6 | Shares: 396/0 (lost:1) (found:397) | Diff: 204337 | 27s elapsed (since last share, avg 1m37s) | best=38 target=21019 (999%)
[2026-10-01T22:01:18Z INFO  minertim::pool_connection] New job: w2lB93myf01zp9aY (difficulty: 204337, target: 1b520000)
[2026-10-01T22:01:25Z INFO  minertim] H/s 1m:2085.9 5m:2173.7 10m:2135.5 | Shares: 396/0 (lost:1) (found:397) | Diff: 204337 | 37s elapsed (since last share, avg 1m37s) | best=38 target=21019 (999%)
[2026-10-01T22:01:27Z INFO  minertim::miner] Worker 1 SHARE FOUND! job_id=w2lB93myf01zp9aY, nonce=316db402, hash_val=8770, difficulty=204337, hash=faafe808736e4e6f42040cce16a1108974511c7cb36121530eb0a5a942220000
[2026-10-01T22:01:35Z INFO  minertim] H/s 1m:1979.5 5m:2155.9 10m:2130.9 | Shares: 396/0 (lost:1) (found:398) | Diff: 204337 | 7s elapsed (since last share, avg 1m43s) | best=38 target=21019 (999%)
[2026-10-01T22:01:37Z INFO  minertim::pool_connection] New job: 0jZb7jL5diDzc2t8 (difficulty: 204337, target: 1b520000)
[2026-10-01T22:01:37Z INFO  minertim::pool_connection] Share submitted: rpc_id=763 job_id=w2lB93myf01zp9aY nonce=316db402
[2026-10-01T22:01:38Z INFO  minertim::pool_connection] Share accepted: rpc_id=763 job_id=w2lB93myf01zp9aY nonce=316db402 latency_ms=307
[2026-10-01T22:01:45Z INFO  minertim] H/s 1m:2083.6 5m:2155.7 10m:2130.8 | Shares: 397/0 (lost:1) (found:398) | Diff: 204337 | 17s elapsed (since last share, avg 1m38s) | best=38 target=21019 (999%)
[2026-10-01T22:01:55Z INFO  minertim] H/s 1m:2090.6 5m:2157.1 10m:2130.9 | Shares: 397/0 (lost:1) (found:398) | Diff: 204337 | 27s elapsed (since last share, avg 1m37s) | best=38 target=21019 (999%)
[2026-10-01T22:01:57Z INFO  minertim::pool_connection] New job: jrOjn6lGG0naskcM (difficulty: 204337, target: 1b520000)
[2026-10-01T22:02:05Z INFO  minertim] H/s 1m:2089.4 5m:2158.3 10m:2130.8 | Shares: 397/0 (lost:1) (found:398) | Diff: 204337 | 37s elapsed (since last share, avg 1m37s) | best=38 target=21019 (999%)
[2026-10-01T22:02:15Z INFO  minertim] H/s 1m:2089.6 5m:2159.3 10m:2130.9 | Shares: 397/0 (lost:1) (found:398) | Diff: 204337 | 47s elapsed (since last share, avg 1m37s) | best=38 target=21019 (999%)
[2026-10-01T22:02:17Z INFO  minertim::pool_connection] New job: sFXaVBos23VgKpRN (difficulty: 204337, target: 1b520000)
[2026-10-01T22:02:21Z INFO  minertim::pool_connection] New job: 23SLmnG7SjmTmrKs (difficulty: 204337, target: 1b520000)
[2026-10-01T22:02:25Z INFO  minertim] H/s 1m:2199.6 5m:2159.5 10m:2131.3 | Shares: 397/0 (lost:1) (found:398) | Diff: 204337 | 57s elapsed (since last share, avg 1m32s) | best=38 target=21019 (999%)
[2026-10-01T22:02:27Z INFO  minertim::miner] Worker 3 SHARE FOUND! job_id=23SLmnG7SjmTmrKs, nonce=7769b402, hash_val=11959, difficulty=204337, hash=fce3c205302002829cd2ab23a0179f1c4920519c0d5f8e623a9ef99fb72e0000
[2026-10-01T22:02:35Z INFO  minertim] H/s 1m:2095.0 5m:2145.0 10m:2127.1 | Shares: 397/0 (lost:1) (found:399) | Diff: 204337 | 8s elapsed (since last share, avg 1m37s) | best=38 target=21019 (999%)
[2026-10-01T22:02:35Z INFO  minertim::pool_connection] Share submitted: rpc_id=765 job_id=23SLmnG7SjmTmrKs nonce=7769b402
[2026-10-01T22:02:36Z INFO  minertim::pool_connection] Share accepted: rpc_id=765 job_id=23SLmnG7SjmTmrKs nonce=7769b402 latency_ms=310
[2026-10-01T22:02:41Z INFO  minertim::pool_connection] New job: 0nG0fhi80kXdXP3E (difficulty: 204337, target: 1b520000)
[2026-10-01T22:02:45Z INFO  minertim] H/s 1m:2082.3 5m:2142.9 10m:2130.3 | Shares: 398/0 (lost:1) (found:399) | Diff: 204337 | 18s elapsed (since last share, avg 1m38s) | best=38 target=21019 (999%)
[2026-10-01T22:02:50Z INFO  minertim::miner] Worker 1 SHARE FOUND! job_id=0nG0fhi80kXdXP3E, nonce=65d9b602, hash_val=15056, difficulty=204337, hash=4699036dc424d81d8df8b2d1fe24578c573583bf7ba400440a6abf71d03a0000
[2026-10-01T22:02:55Z INFO  minertim] H/s 1m:2028.5 5m:2133.6 10m:2126.4 | Shares: 398/0 (lost:1) (found:400) | Diff: 204337 | 5s elapsed (since last share, avg 1m40s) | best=38 target=21019 (999%)
[2026-10-01T22:02:59Z INFO  minertim::pool_connection] New job: RQ2oCP6qhH0Vz0oM (difficulty: 204337, target: 1b520000)
[2026-10-01T22:02:59Z INFO  minertim::pool_connection] Share submitted: rpc_id=766 job_id=0nG0fhi80kXdXP3E nonce=65d9b602
[2026-10-01T22:03:00Z INFO  minertim::pool_connection] Share accepted: rpc_id=766 job_id=0nG0fhi80kXdXP3E nonce=65d9b602 latency_ms=292
[2026-10-01T22:03:05Z INFO  minertim] H/s 1m:1992.4 5m:2127.5 10m:2124.3 | Shares: 399/0 (lost:1) (found:400) | Diff: 204337 | 15s elapsed (since last share, avg 1m42s) | best=38 target=21019 (999%)
[2026-10-01T22:03:15Z INFO  minertim] H/s 1m:1992.3 5m:2127.3 10m:2126.2 | Shares: 399/0 (lost:1) (found:400) | Diff: 204337 | 25s elapsed (since last share, avg 1m42s) | best=38 target=21019 (999%)
[2026-10-01T22:03:19Z INFO  minertim::pool_connection] New job: JsNg5h0VnXMLGfrd (difficulty: 204337, target: 1b520000)
[2026-10-01T22:03:25Z INFO  minertim] H/s 1m:2104.4 5m:2127.6 10m:2126.7 | Shares: 399/0 (lost:1) (found:400) | Diff: 204337 | 35s elapsed (since last share, avg 1m37s) | best=38 target=21019 (999%)
[2026-10-01T22:03:35Z INFO  minertim] H/s 1m:2117.1 5m:2127.6 10m:2127.4 | Shares: 399/0 (lost:1) (found:400) | Diff: 204337 | 45s elapsed (since last share, avg 1m36s) | best=38 target=21019 (999%)
[2026-10-01T22:03:39Z INFO  minertim::pool_connection] New job: 5t4GCQhGenu4QSxi (difficulty: 204337, target: 1b520000)
[2026-10-01T22:03:45Z INFO  minertim] H/s 1m:2171.9 5m:2127.5 10m:2127.9 | Shares: 399/0 (lost:1) (found:400) | Diff: 204337 | 55s elapsed (since last share, avg 1m34s) | best=38 target=21019 (999%)
[2026-10-01T22:03:53Z INFO  minertim::pool_connection] New job: 16i8C6F0h0xEsP1e (difficulty: 204337, target: 1b520000)
[2026-10-01T22:03:55Z INFO  minertim] H/s 1m:2208.2 5m:2127.8 10m:2128.5 | Shares: 399/0 (lost:1) (found:400) | Diff: 204337 | 1m5s elapsed (since last share, avg 1m32s) | best=38 target=21019 (999%)
[2026-10-01T22:04:05Z INFO  minertim] H/s 1m:2207.2 5m:2127.6 10m:2128.9 | Shares: 399/0 (lost:1) (found:400) | Diff: 204337 | 1m15s elapsed (since last share, avg 1m32s) | best=38 target=21019 (999%)
[2026-10-01T22:04:13Z INFO  minertim::pool_connection] New job: 3cR27dTtxYWCLJ6q (difficulty: 204337, target: 1b520000)
[2026-10-01T22:04:15Z INFO  minertim] H/s 1m:2206.0 5m:2127.5 10m:2129.5 | Shares: 399/0 (lost:1) (found:400) | Diff: 204337 | 1m25s elapsed (since last share, avg 1m32s) | best=38 target=21019 (999%)
[2026-10-01T22:04:25Z INFO  minertim] H/s 1m:2206.0 5m:2127.6 10m:2130.0 | Shares: 399/0 (lost:1) (found:400) | Diff: 204337 | 1m35s elapsed (since last share, avg 1m32s) | best=38 target=21019 (999%)
[2026-10-01T22:04:33Z INFO  minertim::pool_connection] New job: NR01FksFRc07zWk8 (difficulty: 204337, target: 1b520000)
[2026-10-01T22:04:35Z INFO  minertim] H/s 1m:2206.7 5m:2127.5 10m:2135.2 | Shares: 399/0 (lost:1) (found:400) | Diff: 204337 | 1m45s elapsed (since last share, avg 1m32s) | best=38 target=21019 (999%)
[2026-10-01T22:04:45Z INFO  minertim] H/s 1m:2205.6 5m:2127.4 10m:2135.9 | Shares: 399/0 (lost:1) (found:400) | Diff: 204337 | 1m55s elapsed (since last share, avg 1m32s) | best=38 target=21019 (999%)
[2026-10-01T22:04:53Z INFO  minertim::pool_connection] New job: tOqB7W73U8250SrS (difficulty: 204337, target: 1b520000)
[2026-10-01T22:04:55Z INFO  minertim] H/s 1m:2207.7 5m:2129.0 10m:2143.5 | Shares: 399/0 (lost:1) (found:400) | Diff: 204337 | 2m5s elapsed (since last share, avg 1m32s) | best=38 target=21019 (999%)
[2026-10-01T22:04:58Z INFO  minertim::miner] Worker 3 SHARE FOUND! job_id=tOqB7W73U8250SrS, nonce=9336b902, hash_val=14944, difficulty=204337, hash=9790d16ad0c75e1f32b48907fbe480dca3c5a45176c6155eb0ea4326603a0000
[2026-10-01T22:05:05Z INFO  minertim] H/s 1m:2151.7 5m:2119.3 10m:2152.4 | Shares: 399/0 (lost:1) (found:401) | Diff: 204337 | 7s elapsed (since last share, avg 1m34s) | best=38 target=21019 (999%)
[2026-10-01T22:05:13Z INFO  minertim::pool_connection] Share submitted: rpc_id=769 job_id=tOqB7W73U8250SrS nonce=9336b902
[2026-10-01T22:05:13Z INFO  minertim::pool_connection] New job: HX8UO2hzi075cTN0 (difficulty: 204337, target: 1b520000)
[2026-10-01T22:05:13Z INFO  minertim::pool_connection] Share accepted: rpc_id=769 job_id=tOqB7W73U8250SrS nonce=9336b902 latency_ms=573
[2026-10-01T22:05:15Z INFO  minertim] H/s 1m:2067.5 5m:2104.7 10m:2145.6 | Shares: 400/0 (lost:1) (found:401) | Diff: 204337 | 17s elapsed (since last share, avg 1m38s) | best=38 target=21019 (999%)
[2026-10-01T22:05:25Z INFO  minertim] H/s 1m:2066.8 5m:2104.8 10m:2147.4 | Shares: 400/0 (lost:1) (found:401) | Diff: 204337 | 27s elapsed (since last share, avg 1m38s) | best=38 target=21019 (999%)
[2026-10-01T22:05:33Z INFO  minertim::pool_connection] New job: F4PRtN0l0BOUTJh3 (difficulty: 204337, target: 1b520000)
[2026-10-01T22:05:35Z INFO  minertim] H/s 1m:2067.5 5m:2105.4 10m:2148.0 | Shares: 400/0 (lost:1) (found:401) | Diff: 204337 | 37s elapsed (since last share, avg 1m38s) | best=38 target=21019 (999%)
[2026-10-01T22:05:43Z INFO  minertim::miner] Worker 0 SHARE FOUND! job_id=F4PRtN0l0BOUTJh3, nonce=ec71bb02, hash_val=2240, difficulty=204337, hash=181fcbda4e29cbafbff2929a5ebec13eb579b971f9510dffe37caf39c0080000
[2026-10-01T22:05:45Z INFO  minertim] H/s 1m:2065.5 5m:2124.3 10m:2148.4 | Shares: 400/0 (lost:1) (found:402) | Diff: 204337 | 2s elapsed (since last share, avg 1m38s) | best=38 target=21019 (999%)
[2026-10-01T22:05:53Z INFO  minertim::pool_connection] New job: TqiicFcq0LQorith (difficulty: 204337, target: 1b520000)
[2026-10-01T22:05:53Z INFO  minertim::pool_connection] Share submitted: rpc_id=771 job_id=F4PRtN0l0BOUTJh3 nonce=ec71bb02
[2026-10-01T22:05:53Z INFO  minertim::pool_connection] Share accepted: rpc_id=771 job_id=F4PRtN0l0BOUTJh3 nonce=ec71bb02 latency_ms=306
[2026-10-01T22:05:55Z INFO  minertim] H/s 1m:2009.2 5m:2106.1 10m:2139.4 | Shares: 401/0 (lost:1) (found:402) | Diff: 204337 | 12s elapsed (since last share, avg 1m41s) | best=38 target=21019 (999%)
[2026-10-01T22:06:05Z INFO  minertim] H/s 1m:2091.4 5m:2105.8 10m:2139.8 | Shares: 401/0 (lost:1) (found:402) | Diff: 204337 | 22s elapsed (since last share, avg 1m37s) | best=38 target=21019 (999%)
[2026-10-01T22:06:11Z INFO  minertim::miner] Worker 3 SHARE FOUND! job_id=TqiicFcq0LQorith, nonce=0729bb02, hash_val=17042, difficulty=204337, hash=48ef1cbdbb3b5bc4332b6b52f1af35cd64d37ade9b0b9716ded33a1392420000
[2026-10-01T22:06:13Z INFO  minertim::pool_connection] New job: Tj86raJDI2Yobpjl (difficulty: 204337, target: 1b520000)
[2026-10-01T22:06:13Z INFO  minertim::pool_connection] Share submitted: rpc_id=772 job_id=TqiicFcq0LQorith nonce=0729bb02
[2026-10-01T22:06:13Z INFO  minertim::pool_connection] Share accepted: rpc_id=772 job_id=TqiicFcq0LQorith nonce=0729bb02 latency_ms=447
[2026-10-01T22:06:15Z INFO  minertim] H/s 1m:2070.9 5m:2102.2 10m:2138.5 | Shares: 402/0 (lost:1) (found:403) | Diff: 204337 | 4s elapsed (since last share, avg 1m38s) | best=38 target=21019 (999%)
[2026-10-01T22:06:25Z INFO  minertim] H/s 1m:2070.9 5m:2121.2 10m:2139.1 | Shares: 402/0 (lost:1) (found:403) | Diff: 204337 | 14s elapsed (since last share, avg 1m38s) | best=38 target=21019 (999%)
[2026-10-01T22:06:33Z INFO  minertim::pool_connection] New job: FbazHY6r4MvW9NeE (difficulty: 204337, target: 1b520000)
[2026-10-01T22:06:35Z INFO  minertim] H/s 1m:2073.5 5m:2122.6 10m:2139.8 | Shares: 402/0 (lost:1) (found:403) | Diff: 204337 | 24s elapsed (since last share, avg 1m38s) | best=38 target=21019 (999%)
[2026-10-01T22:06:45Z INFO  minertim] H/s 1m:2185.8 5m:2122.5 10m:2140.2 | Shares: 402/0 (lost:1) (found:403) | Diff: 204337 | 34s elapsed (since last share, avg 1m33s) | best=38 target=21019 (999%)
[2026-10-01T22:06:53Z INFO  minertim::pool_connection] New job: cL3pVV7QD040C4XE (difficulty: 204337, target: 1b520000)
[2026-10-01T22:06:55Z INFO  minertim] H/s 1m:2188.4 5m:2122.8 10m:2141.0 | Shares: 402/0 (lost:1) (found:403) | Diff: 204337 | 44s elapsed (since last share, avg 1m33s) | best=38 target=21019 (999%)
[2026-10-01T22:07:05Z INFO  minertim] H/s 1m:2207.8 5m:2122.6 10m:2141.6 | Shares: 402/0 (lost:1) (found:403) | Diff: 204337 | 54s elapsed (since last share, avg 1m32s) | best=38 target=21019 (999%)
[2026-10-01T22:07:13Z INFO  minertim::pool_connection] New job: 0IEb7lMyCRkfU5Jr (difficulty: 204337, target: 1b520000)
[2026-10-01T22:07:14Z INFO  minertim::pool_connection] New job: EImO0Behl1KN3CYv (difficulty: 204337, target: 1b520000)
[2026-10-01T22:07:15Z INFO  minertim] H/s 1m:2207.8 5m:2122.6 10m:2142.1 | Shares: 402/0 (lost:1) (found:403) | Diff: 204337 | 1m4s elapsed (since last share, avg 1m32s) | best=38 target=21019 (999%)
[2026-10-01T22:07:25Z INFO  minertim] H/s 1m:2207.2 5m:2141.9 10m:2142.2 | Shares: 402/0 (lost:1) (found:403) | Diff: 204337 | 1m14s elapsed (since last share, avg 1m32s) | best=38 target=21019 (999%)
[2026-10-01T22:07:34Z INFO  minertim::pool_connection] New job: zUKsDIiDMYWK04p1 (difficulty: 204337, target: 1b520000)
[2026-10-01T22:07:35Z INFO  minertim] H/s 1m:2207.5 5m:2144.1 10m:2144.5 | Shares: 402/0 (lost:1) (found:403) | Diff: 204337 | 1m24s elapsed (since last share, avg 1m32s) | best=38 target=21019 (999%)
[2026-10-01T22:07:45Z INFO  minertim] H/s 1m:2207.3 5m:2153.7 10m:2144.6 | Shares: 402/0 (lost:1) (found:403) | Diff: 204337 | 1m34s elapsed (since last share, avg 1m32s) | best=38 target=21019 (999%)
[2026-10-01T22:07:54Z INFO  minertim::pool_connection] New job: D8ECVFjhbzzzjH3h (difficulty: 204337, target: 1b520000)
[2026-10-01T22:07:55Z INFO  minertim] H/s 1m:2208.7 5m:2159.9 10m:2144.7 | Shares: 402/0 (lost:1) (found:403) | Diff: 204337 | 1m44s elapsed (since last share, avg 1m32s) | best=38 target=21019 (999%)
[2026-10-01T22:08:05Z INFO  minertim] H/s 1m:2207.1 5m:2159.6 10m:2144.6 | Shares: 402/0 (lost:1) (found:403) | Diff: 204337 | 1m54s elapsed (since last share, avg 1m32s) | best=38 target=21019 (999%)
[2026-10-01T22:08:14Z INFO  minertim::pool_connection] New job: XJwfN8OkS5P0DmGE (difficulty: 204337, target: 1b520000)
[2026-10-01T22:08:15Z INFO  minertim] H/s 1m:2206.5 5m:2159.5 10m:2144.6 | Shares: 402/0 (lost:1) (found:403) | Diff: 204337 | 2m4s elapsed (since last share, avg 1m32s) | best=38 target=21019 (999%)
[2026-10-01T22:08:25Z INFO  minertim] H/s 1m:2206.0 5m:2159.4 10m:2144.6 | Shares: 402/0 (lost:1) (found:403) | Diff: 204337 | 2m14s elapsed (since last share, avg 1m32s) | best=38 target=21019 (999%)
[2026-10-01T22:08:30Z INFO  minertim::pool_connection] New job: qHY20qLU5bb9MVp9 (difficulty: 153041, target: a06d0000)
[2026-10-01T22:08:34Z INFO  minertim::pool_connection] New job: mOgSiQFm7jT0E7a1 (difficulty: 153041, target: a06d0000)
[2026-10-01T22:08:35Z INFO  minertim] H/s 1m:2205.4 5m:2159.4 10m:2144.6 | Shares: 402/0 (lost:1) (found:403) | Diff: 153041 | 2m24s elapsed (since last share, avg 1m9s) | best=38 target=28064 (999%)
[2026-10-01T22:08:45Z INFO  minertim] H/s 1m:2205.3 5m:2159.3 10m:2144.5 | Shares: 402/0 (lost:1) (found:403) | Diff: 153041 | 2m34s elapsed (since last share, avg 1m9s) | best=38 target=28064 (999%)
[2026-10-01T22:08:53Z INFO  minertim::pool_connection] New job: 6SPuL0NCnQpus56l (difficulty: 153041, target: a06d0000)
[2026-10-01T22:08:55Z INFO  minertim] H/s 1m:2207.2 5m:2159.7 10m:2144.7 | Shares: 402/0 (lost:1) (found:403) | Diff: 153041 | 2m44s elapsed (since last share, avg 1m9s) | best=38 target=28064 (999%)
[2026-10-01T22:09:05Z INFO  minertim] H/s 1m:2205.1 5m:2159.3 10m:2144.5 | Shares: 402/0 (lost:1) (found:403) | Diff: 153041 | 2m54s elapsed (since last share, avg 1m9s) | best=38 target=28064 (999%)
[2026-10-01T22:09:13Z INFO  minertim::pool_connection] New job: BCLSVFtxjX649a0h (difficulty: 153041, target: a06d0000)
[2026-10-01T22:09:15Z INFO  minertim] H/s 1m:2205.8 5m:2159.4 10m:2144.5 | Shares: 402/0 (lost:1) (found:403) | Diff: 153041 | 3m4s elapsed (since last share, avg 1m9s) | best=38 target=28064 (999%)
[2026-10-01T22:09:25Z INFO  minertim] H/s 1m:2206.7 5m:2159.4 10m:2144.6 | Shares: 402/0 (lost:1) (found:403) | Diff: 153041 | 3m14s elapsed (since last share, avg 1m9s) | best=38 target=28064 (999%)
[2026-10-01T22:09:30Z INFO  minertim::pool_connection] New job: 0yu04sWYBvp6PobN (difficulty: 114780, target: 2b920000)
[2026-10-01T22:09:33Z INFO  minertim::pool_connection] New job: eHtCObPqzoj7BNwv (difficulty: 114780, target: 2b920000)
[2026-10-01T22:09:35Z INFO  minertim] H/s 1m:2208.0 5m:2159.8 10m:2144.7 | Shares: 402/0 (lost:1) (found:403) | Diff: 114780 | 3m24s elapsed (since last share, avg 51s) | best=38 target=37419 (999%)
[2026-10-01T22:09:45Z INFO  minertim] H/s 1m:2207.9 5m:2159.7 10m:2144.7 | Shares: 402/0 (lost:1) (found:403) | Diff: 114780 | 3m34s elapsed (since last share, avg 51s) | best=38 target=37419 (999%)
[2026-10-01T22:09:48Z INFO  minertim::miner] Worker 0 SHARE FOUND! job_id=eHtCObPqzoj7BNwv, nonce=ac5dc302, hash_val=11547, difficulty=114780, hash=8cd60e3515dae8e3191c687407736bebb6140175d70e24c0632e10d31b2d0000
[2026-10-01T22:09:49Z INFO  minertim::pool_connection] New job: YN3flUWjsalREioH (difficulty: 114780, target: 2b920000)
[2026-10-01T22:09:49Z INFO  minertim::pool_connection] Share submitted: rpc_id=777 job_id=eHtCObPqzoj7BNwv nonce=ac5dc302
[2026-10-01T22:09:50Z INFO  minertim::pool_connection] Share accepted: rpc_id=777 job_id=eHtCObPqzoj7BNwv nonce=ac5dc302 latency_ms=326
[2026-10-01T22:09:53Z INFO  minertim::miner] Worker 1 SHARE FOUND! job_id=YN3flUWjsalREioH, nonce=11c6c402, hash_val=12334, difficulty=114780, hash=b826035702ed123be1bb4ae0b8b32873618190e1bd5c78ad83732c202e300000
[2026-10-01T22:09:55Z INFO  minertim] H/s 1m:2154.5 5m:2159.8 10m:2140.7 | Shares: 403/0 (lost:1) (found:405) | Diff: 114780 | 2s elapsed (since last share, avg 53s) | best=38 target=37419 (999%)
[2026-10-01T22:10:00Z INFO  minertim::pool_connection] New job: 0VihlwbDVDu04uQa (difficulty: 172170, target: 72610000)
[2026-10-01T22:10:00Z INFO  minertim::pool_connection] Share submitted: rpc_id=778 job_id=YN3flUWjsalREioH nonce=11c6c402
[2026-10-01T22:10:00Z INFO  minertim::pool_connection] Share accepted: rpc_id=778 job_id=YN3flUWjsalREioH nonce=11c6c402 latency_ms=307
[2026-10-01T22:10:05Z INFO  minertim] H/s 1m:2133.1 5m:2170.7 10m:2138.9 | Shares: 404/0 (lost:1) (found:405) | Diff: 172170 | 12s elapsed (since last share, avg 1m20s) | best=38 target=24946 (999%)
[2026-10-01T22:10:09Z INFO  minertim::pool_connection] New job: t5rtQ4fgtNlilNiw (difficulty: 172170, target: 72610000)
[2026-10-01T22:10:12Z INFO  minertim::miner] Worker 2 SHARE FOUND! job_id=t5rtQ4fgtNlilNiw, nonce=be24c702, hash_val=48, difficulty=172170, hash=49f3ead18f9bac125315fee0228a7c32285297c3db89605fb00d8cdf30000000
[2026-10-01T22:10:15Z INFO  minertim] H/s 1m:2131.8 5m:2170.7 10m:2138.9 | Shares: 404/0 (lost:1) (found:406) | Diff: 172170 | 3s elapsed (since last share, avg 1m20s) | best=38 target=24946 (999%)
[2026-10-01T22:10:25Z INFO  minertim] H/s 1m:2017.6 5m:2151.2 10m:2129.3 | Shares: 404/0 (lost:1) (found:406) | Diff: 172170 | 13s elapsed (since last share, avg 1m25s) | best=38 target=24946 (999%)
[2026-10-01T22:10:29Z INFO  minertim::pool_connection] New job: 0pxMrB7DSSW2vu0o (difficulty: 172170, target: 72610000)
[2026-10-01T22:10:29Z INFO  minertim::pool_connection] Share submitted: rpc_id=779 job_id=t5rtQ4fgtNlilNiw nonce=be24c702
[2026-10-01T22:10:30Z INFO  minertim::pool_connection] Share accepted: rpc_id=779 job_id=t5rtQ4fgtNlilNiw nonce=be24c702 latency_ms=306
[2026-10-01T22:10:30Z INFO  minertim::pool_connection] New job: Hvyryme6IPeAH7zR (difficulty: 258266, target: f6400000)
[2026-10-01T22:10:35Z INFO  minertim] H/s 1m:1972.7 5m:2143.7 10m:2125.9 | Shares: 405/0 (lost:1) (found:406) | Diff: 258266 | 23s elapsed (since last share, avg 2m10s) | best=38 target=16630 (999%)
[2026-10-01T22:10:45Z INFO  minertim] H/s 1m:2028.6 5m:2163.2 10m:2135.3 | Shares: 405/0 (lost:1) (found:406) | Diff: 258266 | 33s elapsed (since last share, avg 2m7s) | best=38 target=16630 (999%)
[2026-10-01T22:10:49Z INFO  minertim::pool_connection] New job: q1YmkfhEDor25FDB (difficulty: 258266, target: f6400000)
[2026-10-01T22:10:55Z INFO  minertim] H/s 1m:2049.1 5m:2163.4 10m:2135.8 | Shares: 405/0 (lost:1) (found:406) | Diff: 258266 | 43s elapsed (since last share, avg 2m6s) | best=38 target=16630 (999%)
[2026-10-01T22:11:05Z INFO  minertim] H/s 1m:2047.5 5m:2166.6 10m:2135.7 | Shares: 405/0 (lost:1) (found:406) | Diff: 258266 | 53s elapsed (since last share, avg 2m6s) | best=38 target=16630 (999%)
[2026-10-01T22:11:09Z INFO  minertim::pool_connection] New job: Mq4OQMZhP507Q56e (difficulty: 258266, target: f6400000)
[2026-10-01T22:11:15Z INFO  minertim] H/s 1m:2161.1 5m:2166.7 10m:2135.7 | Shares: 405/0 (lost:1) (found:406) | Diff: 258266 | 1m3s elapsed (since last share, avg 1m59s) | best=38 target=16630 (999%)
[2026-10-01T22:11:25Z INFO  minertim] H/s 1m:2206.5 5m:2166.6 10m:2145.1 | Shares: 405/0 (lost:1) (found:406) | Diff: 258266 | 1m13s elapsed (since last share, avg 1m57s) | best=38 target=16630 (999%)
[2026-10-01T22:11:29Z INFO  minertim::pool_connection] New job: avLjolFor296whtU (difficulty: 258266, target: f6400000)
[2026-10-01T22:11:30Z INFO  minertim::pool_connection] New job: RDkN0w9FE03wSH09 (difficulty: 193693, target: 9e560000)
[2026-10-01T22:11:35Z INFO  minertim] H/s 1m:2206.9 5m:2166.8 10m:2145.7 | Shares: 405/0 (lost:1) (found:406) | Diff: 193693 | 1m23s elapsed (since last share, avg 1m27s) | best=38 target=22174 (999%)
[2026-10-01T22:11:45Z INFO  minertim] H/s 1m:2208.6 5m:2166.9 10m:2145.8 | Shares: 405/0 (lost:1) (found:406) | Diff: 193693 | 1m33s elapsed (since last share, avg 1m27s) | best=38 target=22174 (999%)
[2026-10-01T22:11:48Z INFO  minertim::miner] Worker 1 SHARE FOUND! job_id=RDkN0w9FE03wSH09, nonce=e566c802, hash_val=6791, difficulty=193693, hash=c6c04aa7da7dfbd68dc261e544082fb0d0cd7c4891c143a1e924cdb0871a0000
[2026-10-01T22:11:49Z INFO  minertim::pool_connection] New job: I1rcumvGcnVaYk0L (difficulty: 193693, target: 9e560000)
[2026-10-01T22:11:49Z INFO  minertim::pool_connection] Share submitted: rpc_id=782 job_id=RDkN0w9FE03wSH09 nonce=e566c802
[2026-10-01T22:11:49Z INFO  minertim::pool_connection] Share accepted: rpc_id=782 job_id=RDkN0w9FE03wSH09 nonce=e566c802 latency_ms=307
[2026-10-01T22:11:55Z INFO  minertim] H/s 1m:2196.5 5m:2164.7 10m:2144.7 | Shares: 406/0 (lost:1) (found:407) | Diff: 193693 | 7s elapsed (since last share, avg 1m28s) | best=38 target=22174 (999%)
[2026-10-01T22:12:00Z INFO  minertim::pool_connection] New job: PpNuVJQoPx5clFHU (difficulty: 290553, target: be390000)
[2026-10-01T22:12:05Z INFO  minertim] H/s 1m:2194.8 5m:2164.5 10m:2144.6 | Shares: 406/0 (lost:1) (found:407) | Diff: 290553 | 17s elapsed (since last share, avg 2m12s) | best=38 target=14782 (999%)
[2026-10-01T22:12:09Z INFO  minertim::pool_connection] New job: 9IIYCxtIjED5oMAg (difficulty: 290553, target: be390000)
[2026-10-01T22:12:15Z INFO  minertim] H/s 1m:2194.4 5m:2164.4 10m:2144.7 | Shares: 406/0 (lost:1) (found:407) | Diff: 290553 | 27s elapsed (since last share, avg 2m12s) | best=38 target=14782 (999%)
[2026-10-01T22:12:25Z INFO  minertim] H/s 1m:2194.1 5m:2164.5 10m:2154.1 | Shares: 406/0 (lost:1) (found:407) | Diff: 290553 | 37s elapsed (since last share, avg 2m12s) | best=38 target=14782 (999%)
[2026-10-01T22:12:29Z INFO  minertim::pool_connection] New job: QXLyuvxgj2NVSpyd (difficulty: 290553, target: be390000)
[2026-10-01T22:12:35Z INFO  minertim] H/s 1m:2194.1 5m:2164.6 10m:2155.3 | Shares: 406/0 (lost:1) (found:407) | Diff: 290553 | 47s elapsed (since last share, avg 2m12s) | best=38 target=14782 (999%)
[2026-10-01T22:12:45Z INFO  minertim] H/s 1m:2208.7 5m:2164.7 10m:2160.0 | Shares: 406/0 (lost:1) (found:407) | Diff: 290553 | 57s elapsed (since last share, avg 2m11s) | best=38 target=14782 (999%)
[2026-10-01T22:12:48Z INFO  minertim::pool_connection] New job: WXs0hNBw5ZEZ9RzM (difficulty: 290553, target: be390000)
[2026-10-01T22:12:55Z INFO  minertim] H/s 1m:2210.7 5m:2165.1 10m:2163.1 | Shares: 406/0 (lost:1) (found:407) | Diff: 290553 | 1m7s elapsed (since last share, avg 2m11s) | best=38 target=14782 (999%)
[2026-10-01T22:13:00Z INFO  minertim::pool_connection] New job: xJGcaPUX2s0Uap9R (difficulty: 184143, target: 1c5b0000)
[2026-10-01T22:13:05Z INFO  minertim] H/s 1m:2208.1 5m:2164.7 10m:2162.9 | Shares: 406/0 (lost:1) (found:407) | Diff: 184143 | 1m17s elapsed (since last share, avg 1m23s) | best=38 target=23324 (999%)
[2026-10-01T22:13:08Z INFO  minertim::pool_connection] New job: KPKuYi87XGRlmooV (difficulty: 184143, target: 1c5b0000)
[2026-10-01T22:13:15Z INFO  minertim] H/s 1m:2207.9 5m:2164.8 10m:2162.9 | Shares: 406/0 (lost:1) (found:407) | Diff: 184143 | 1m27s elapsed (since last share, avg 1m23s) | best=38 target=23324 (999%)
[2026-10-01T22:13:25Z INFO  minertim] H/s 1m:2207.6 5m:2165.0 10m:2162.9 | Shares: 406/0 (lost:1) (found:407) | Diff: 184143 | 1m37s elapsed (since last share, avg 1m23s) | best=38 target=23324 (999%)
[2026-10-01T22:13:28Z INFO  minertim::pool_connection] New job: VcWSGTArS04maSOu (difficulty: 184143, target: 1c5b0000)
[2026-10-01T22:13:35Z INFO  minertim] H/s 1m:2207.8 5m:2165.1 10m:2163.0 | Shares: 406/0 (lost:1) (found:407) | Diff: 184143 | 1m47s elapsed (since last share, avg 1m23s) | best=38 target=23324 (999%)
[2026-10-01T22:13:45Z INFO  minertim] H/s 1m:2207.8 5m:2165.2 10m:2163.1 | Shares: 406/0 (lost:1) (found:407) | Diff: 184143 | 1m57s elapsed (since last share, avg 1m23s) | best=38 target=23324 (999%)
[2026-10-01T22:13:48Z INFO  minertim::pool_connection] New job: iiBSkPRuDPltJ0rn (difficulty: 184143, target: 1c5b0000)
[2026-10-01T22:13:55Z INFO  minertim] H/s 1m:2210.0 5m:2165.5 10m:2163.2 | Shares: 406/0 (lost:1) (found:407) | Diff: 184143 | 2m7s elapsed (since last share, avg 1m23s) | best=38 target=23324 (999%)
[2026-10-01T22:14:00Z INFO  minertim::pool_connection] New job: mv0UfUu0ltzwnAW5 (difficulty: 138110, target: 7a790000)
[2026-10-01T22:14:04Z INFO  minertim::miner] Worker 2 SHARE FOUND! job_id=mv0UfUu0ltzwnAW5, nonce=925ece02, hash_val=8417, difficulty=138110, hash=c602bd7cfe99e14d88499b0fa8057eef7d67ec34dee8e60b11a955aae1200000
[2026-10-01T22:14:05Z INFO  minertim] H/s 1m:2152.8 5m:2155.7 10m:2158.4 | Shares: 406/0 (lost:1) (found:408) | Diff: 138110 | 1s elapsed (since last share, avg 1m4s) | best=38 target=31098 (999%)
[2026-10-01T22:14:08Z INFO  minertim::pool_connection] New job: fKknOwI6h0LU4nC5 (difficulty: 138110, target: 7a790000)
[2026-10-01T22:14:08Z INFO  minertim::pool_connection] Share submitted: rpc_id=785 job_id=mv0UfUu0ltzwnAW5 nonce=925ece02
[2026-10-01T22:14:08Z INFO  minertim::pool_connection] Share accepted: rpc_id=785 job_id=mv0UfUu0ltzwnAW5 nonce=925ece02 latency_ms=243
[2026-10-01T22:14:16Z INFO  minertim] H/s 1m:2144.2 5m:2154.2 10m:2157.7 | Shares: 407/0 (lost:1) (found:408) | Diff: 138110 | 11s elapsed (since last share, avg 1m4s) | best=38 target=31098 (999%)
[2026-10-01T22:14:18Z INFO  minertim::pool_connection] New job: sa7Zn0gyOhXYkUnV (difficulty: 138110, target: 7a790000)
[2026-10-01T22:14:26Z INFO  minertim] H/s 1m:2143.8 5m:2154.1 10m:2157.7 | Shares: 407/0 (lost:1) (found:408) | Diff: 138110 | 21s elapsed (since last share, avg 1m4s) | best=38 target=31098 (999%)
[2026-10-01T22:14:30Z INFO  minertim::pool_connection] New job: dzJ1YeCJBnlmypUG (difficulty: 207166, target: fc500000)
[2026-10-01T22:14:36Z INFO  minertim] H/s 1m:2143.9 5m:2154.2 10m:2157.8 | Shares: 407/0 (lost:1) (found:408) | Diff: 207166 | 31s elapsed (since last share, avg 1m36s) | best=38 target=20732 (999%)
[2026-10-01T22:14:38Z INFO  minertim::pool_connection] New job: OQxtEAnrM4X7d40x (difficulty: 207166, target: fc500000)
[2026-10-01T22:14:46Z INFO  minertim] H/s 1m:2145.0 5m:2163.9 10m:2157.9 | Shares: 407/0 (lost:1) (found:408) | Diff: 207166 | 41s elapsed (since last share, avg 1m36s) | best=38 target=20732 (999%)
[2026-10-01T22:14:56Z INFO  minertim] H/s 1m:2202.5 5m:2167.7 10m:2162.7 | Shares: 407/0 (lost:1) (found:408) | Diff: 207166 | 51s elapsed (since last share, avg 1m34s) | best=38 target=20732 (999%)
[2026-10-01T22:14:58Z INFO  minertim::pool_connection] New job: nL7oFnJDZAaluXOr (difficulty: 207166, target: fc500000)
[2026-10-01T22:15:06Z INFO  minertim] H/s 1m:2209.6 5m:2167.6 10m:2169.7 | Shares: 407/0 (lost:1) (found:408) | Diff: 207166 | 1m1s elapsed (since last share, avg 1m33s) | best=38 target=20732 (999%)
[2026-10-01T22:15:16Z INFO  minertim] H/s 1m:2207.6 5m:2186.8 10m:2169.6 | Shares: 407/0 (lost:1) (found:408) | Diff: 207166 | 1m11s elapsed (since last share, avg 1m33s) | best=38 target=20732 (999%)
[2026-10-01T22:15:18Z INFO  minertim::pool_connection] New job: sBTM9xDLypH32NVe (difficulty: 207166, target: fc500000)
[2026-10-01T22:15:26Z INFO  minertim] H/s 1m:2207.3 5m:2194.6 10m:2169.7 | Shares: 407/0 (lost:1) (found:408) | Diff: 207166 | 1m21s elapsed (since last share, avg 1m33s) | best=38 target=20732 (999%)
[2026-10-01T22:15:30Z INFO  minertim::pool_connection] New job: XhGUs2qot0UsJ46K (difficulty: 113686, target: 93930000)
[2026-10-01T22:15:30Z INFO  minertim::miner] Worker 0 SHARE FOUND! job_id=XhGUs2qot0UsJ46K, nonce=2cdbce02, hash_val=23777, difficulty=113686, hash=1d3539a228bdaed25d14c0610177d96064181ce502f5ff8a91e9db13e15c0000
[2026-10-01T22:15:36Z INFO  minertim] H/s 1m:2151.5 5m:2185.1 10m:2165.2 | Shares: 407/0 (lost:1) (found:409) | Diff: 113686 | 5s elapsed (since last share, avg 52s) | best=38 target=37779 (999%)
[2026-10-01T22:15:37Z INFO  minertim::pool_connection] New job: AnGemIdYd0Xh7Y1C (difficulty: 113686, target: 93930000)
[2026-10-01T22:15:37Z INFO  minertim::pool_connection] Share submitted: rpc_id=788 job_id=XhGUs2qot0UsJ46K nonce=2cdbce02
[2026-10-01T22:15:38Z INFO  minertim::pool_connection] Share accepted: rpc_id=788 job_id=XhGUs2qot0UsJ46K nonce=2cdbce02 latency_ms=308
[2026-10-01T22:15:44Z INFO  minertim::miner] Worker 1 SHARE FOUND! job_id=AnGemIdYd0Xh7Y1C, nonce=8d57d002, hash_val=15888, difficulty=113686, hash=2ae084190b934c4c5958d4c1277e3621e8ec76a9158ca0e1288cc84a103e0000
[2026-10-01T22:15:46Z INFO  minertim] H/s 1m:2050.1 5m:2167.8 10m:2166.2 | Shares: 408/0 (lost:1) (found:410) | Diff: 113686 | 1s elapsed (since last share, avg 55s) | best=38 target=37779 (999%)
[2026-10-01T22:15:49Z INFO  minertim::miner] Worker 3 SHARE FOUND! job_id=AnGemIdYd0Xh7Y1C, nonce=c390ce02, hash_val=36324, difficulty=113686, hash=1e2a46aca36060feef4bc76da9e0cd904ddc99a93d3c986121ff39c6e48d0000
[2026-10-01T22:15:56Z INFO  minertim] H/s 1m:1889.5 5m:2140.3 10m:2152.6 | Shares: 408/0 (lost:1) (found:411) | Diff: 113686 | 6s elapsed (since last share, avg 1m0s) | best=38 target=37779 (999%)
[2026-10-01T22:15:57Z INFO  minertim::pool_connection] New job: GtzMhSU8rtsAKQHz (difficulty: 113686, target: 93930000)
[2026-10-01T22:15:57Z INFO  minertim::pool_connection] Share submitted: rpc_id=790 job_id=AnGemIdYd0Xh7Y1C nonce=c390ce02
[2026-10-01T22:15:57Z INFO  minertim::pool_connection] Share submitted: rpc_id=789 job_id=AnGemIdYd0Xh7Y1C nonce=8d57d002
[2026-10-01T22:15:58Z INFO  minertim::pool_connection] Share accepted: rpc_id=790 job_id=AnGemIdYd0Xh7Y1C nonce=c390ce02 latency_ms=306
[2026-10-01T22:15:58Z INFO  minertim::pool_connection] Share accepted: rpc_id=789 job_id=AnGemIdYd0Xh7Y1C nonce=8d57d002 latency_ms=613
[2026-10-01T22:16:00Z INFO  minertim::pool_connection] New job: Elfnucc7pt1oMxhp (difficulty: 170529, target: 62620000)
[2026-10-01T22:16:06Z INFO  minertim] H/s 1m:1842.0 5m:2131.8 10m:2150.2 | Shares: 410/0 (lost:1) (found:411) | Diff: 170529 | 16s elapsed (since last share, avg 1m32s) | best=38 target=25186 (999%)
[2026-10-01T22:16:16Z INFO  minertim] H/s 1m:1842.2 5m:2131.8 10m:2150.3 | Shares: 410/0 (lost:1) (found:411) | Diff: 170529 | 26s elapsed (since last share, avg 1m32s) | best=38 target=25186 (999%)
[2026-10-01T22:16:17Z INFO  minertim::pool_connection] New job: 98BXnIMATIUlgHUJ (difficulty: 170529, target: 62620000)
[2026-10-01T22:16:26Z INFO  minertim] H/s 1m:1897.2 5m:2131.7 10m:2150.2 | Shares: 410/0 (lost:1) (found:411) | Diff: 170529 | 36s elapsed (since last share, avg 1m29s) | best=38 target=25186 (999%)
[2026-10-01T22:16:36Z INFO  minertim] H/s 1m:1996.9 5m:2131.3 10m:2150.1 | Shares: 410/0 (lost:1) (found:411) | Diff: 170529 | 46s elapsed (since last share, avg 1m25s) | best=38 target=25186 (999%)
[2026-10-01T22:16:37Z INFO  minertim::pool_connection] New job: zGCT4ykiOrnrbUkQ (difficulty: 170529, target: 62620000)
[2026-10-01T22:16:46Z INFO  minertim] H/s 1m:2159.3 5m:2133.9 10m:2150.2 | Shares: 410/0 (lost:1) (found:411) | Diff: 170529 | 56s elapsed (since last share, avg 1m18s) | best=38 target=25186 (999%)
[2026-10-01T22:16:56Z INFO  minertim] H/s 1m:2208.4 5m:2134.2 10m:2150.3 | Shares: 410/0 (lost:1) (found:411) | Diff: 170529 | 1m6s elapsed (since last share, avg 1m17s) | best=38 target=25186 (999%)
[2026-10-01T22:16:57Z INFO  minertim::pool_connection] New job: 0TlGVBUdvTYve0XV (difficulty: 170529, target: 62620000)
[2026-10-01T22:17:00Z INFO  minertim::pool_connection] New job: Ytp8YALlyYwcZNTo (difficulty: 123774, target: 8c870000)
[2026-10-01T22:17:06Z INFO  minertim] H/s 1m:2205.0 5m:2133.6 10m:2150.1 | Shares: 410/0 (lost:1) (found:411) | Diff: 123774 | 1m16s elapsed (since last share, avg 56s) | best=38 target=34700 (999%)
[2026-10-01T22:17:16Z INFO  minertim] H/s 1m:2205.3 5m:2133.6 10m:2150.1 | Shares: 410/0 (lost:1) (found:411) | Diff: 123774 | 1m26s elapsed (since last share, avg 56s) | best=38 target=34700 (999%)
[2026-10-01T22:17:17Z INFO  minertim::pool_connection] New job: fsoJI1nELUc1R9rn (difficulty: 123774, target: 8c870000)
[2026-10-01T22:17:17Z INFO  minertim::pool_connection] New job: ksKWaQJnl0k303Is (difficulty: 123774, target: 8c870000)
[2026-10-01T22:17:19Z INFO  minertim::miner] Worker 0 SHARE FOUND! job_id=ksKWaQJnl0k303Is, nonce=e848d202, hash_val=28960, difficulty=123774, hash=9cf0fc3d174fcb7ab2331003f936e3772d38f83bfaed0d9e9551252e20710000
[2026-10-01T22:17:24Z INFO  minertim::miner] Worker 1 SHARE FOUND! job_id=ksKWaQJnl0k303Is, nonce=fd41d302, hash_val=23177, difficulty=123774, hash=fded60783607e698029d5a630468215559736e70922c0ec0cdf9d50e895a0000
[2026-10-01T22:17:26Z INFO  minertim] H/s 1m:2150.7 5m:2123.9 10m:2145.3 | Shares: 410/0 (lost:1) (found:413) | Diff: 123774 | 1s elapsed (since last share, avg 57s) | best=38 target=34700 (999%)
[2026-10-01T22:17:36Z INFO  minertim] H/s 1m:1937.7 5m:2087.2 10m:2127.3 | Shares: 410/0 (lost:1) (found:413) | Diff: 123774 | 11s elapsed (since last share, avg 1m3s) | best=38 target=34700 (999%)
[2026-10-01T22:17:37Z INFO  minertim::pool_connection] New job: uUDj894Q6UELB0no (difficulty: 123774, target: 8c870000)
[2026-10-01T22:17:37Z INFO  minertim::pool_connection] Share submitted: rpc_id=794 job_id=ksKWaQJnl0k303Is nonce=fd41d302
[2026-10-01T22:17:37Z INFO  minertim::pool_connection] Share submitted: rpc_id=793 job_id=ksKWaQJnl0k303Is nonce=e848d202
[2026-10-01T22:17:38Z INFO  minertim::pool_connection] Share accepted: rpc_id=794 job_id=ksKWaQJnl0k303Is nonce=fd41d302 latency_ms=303
[2026-10-01T22:17:38Z INFO  minertim::pool_connection] Share accepted: rpc_id=793 job_id=ksKWaQJnl0k303Is nonce=e848d202 latency_ms=611
[2026-10-01T22:17:46Z INFO  minertim] H/s 1m:1865.4 5m:2074.6 10m:2121.2 | Shares: 412/0 (lost:1) (found:413) | Diff: 123774 | 21s elapsed (since last share, avg 1m6s) | best=38 target=34700 (999%)
[2026-10-01T22:17:56Z INFO  minertim] H/s 1m:1868.7 5m:2075.1 10m:2121.4 | Shares: 412/0 (lost:1) (found:413) | Diff: 123774 | 31s elapsed (since last share, avg 1m6s) | best=38 target=34700 (999%)
[2026-10-01T22:17:57Z INFO  minertim::pool_connection] New job: UEl5o3CE0YzOoOo3 (difficulty: 123774, target: 8c870000)
[2026-10-01T22:18:00Z INFO  minertim::pool_connection] New job: M6zKBJSXM48fR1PA (difficulty: 185664, target: 5d5a0000)
[2026-10-01T22:18:06Z INFO  minertim] H/s 1m:1866.5 5m:2074.8 10m:2121.2 | Shares: 412/0 (lost:1) (found:413) | Diff: 185664 | 41s elapsed (since last share, avg 1m39s) | best=38 target=23133 (999%)
[2026-10-01T22:18:16Z INFO  minertim] H/s 1m:1922.1 5m:2074.6 10m:2121.3 | Shares: 412/0 (lost:1) (found:413) | Diff: 185664 | 51s elapsed (since last share, avg 1m36s) | best=38 target=23133 (999%)
[2026-10-01T22:18:17Z INFO  minertim::pool_connection] New job: AFPs0utn9ASlwKvy (difficulty: 185664, target: 5d5a0000)
[2026-10-01T22:18:26Z INFO  minertim] H/s 1m:2134.0 5m:2074.5 10m:2121.3 | Shares: 412/0 (lost:1) (found:413) | Diff: 185664 | 1m1s elapsed (since last share, avg 1m27s) | best=38 target=23133 (999%)
[2026-10-01T22:18:36Z INFO  minertim] H/s 1m:2207.1 5m:2074.5 10m:2121.4 | Shares: 412/0 (lost:1) (found:413) | Diff: 185664 | 1m11s elapsed (since last share, avg 1m24s) | best=38 target=23133 (999%)
[2026-10-01T22:18:37Z INFO  minertim::pool_connection] New job: 1mvcHcFc1lfmlamX (difficulty: 185664, target: 5d5a0000)
[2026-10-01T22:18:46Z INFO  minertim] H/s 1m:2207.2 5m:2074.6 10m:2121.4 | Shares: 412/0 (lost:1) (found:413) | Diff: 185664 | 1m21s elapsed (since last share, avg 1m24s) | best=38 target=23133 (999%)
[2026-10-01T22:18:56Z INFO  minertim] H/s 1m:2209.2 5m:2084.5 10m:2121.6 | Shares: 412/0 (lost:1) (found:413) | Diff: 185664 | 1m31s elapsed (since last share, avg 1m24s) | best=38 target=23133 (999%)
[2026-10-01T22:18:57Z INFO  minertim::pool_connection] New job: EGjgONc4qLF6g2eO (difficulty: 185664, target: 5d5a0000)
[2026-10-01T22:19:00Z INFO  minertim::pool_connection] New job: m3i6JFDwSGF4Mlqu (difficulty: 101885, target: aba40000)
[2026-10-01T22:19:06Z INFO  minertim] H/s 1m:2207.2 5m:2085.5 10m:2121.4 | Shares: 412/0 (lost:1) (found:413) | Diff: 101885 | 1m41s elapsed (since last share, avg 46s) | best=38 target=42155 (999%)
[2026-10-01T22:19:09Z INFO  minertim::miner] Worker 3 SHARE FOUND! job_id=m3i6JFDwSGF4Mlqu, nonce=0f08d502, hash_val=29473, difficulty=101885, hash=427e4fce20c48ec2621403e3e5648e253ac737861814d953f812311d21730000
[2026-10-01T22:19:10Z INFO  minertim::pool_connection] Share submitted: rpc_id=796 job_id=m3i6JFDwSGF4Mlqu nonce=0f08d502
[2026-10-01T22:19:10Z INFO  minertim::pool_connection] Share accepted: rpc_id=796 job_id=m3i6JFDwSGF4Mlqu nonce=0f08d502 latency_ms=229
[2026-10-01T22:19:16Z INFO  minertim] H/s 1m:2197.1 5m:2083.6 10m:2120.5 | Shares: 413/0 (lost:1) (found:414) | Diff: 101885 | 7s elapsed (since last share, avg 46s) | best=38 target=42155 (999%)
[2026-10-01T22:19:17Z INFO  minertim::pool_connection] New job: 88XRXh5EKxxxkWbp (difficulty: 101885, target: aba40000)
[2026-10-01T22:19:26Z INFO  minertim] H/s 1m:2196.6 5m:2083.6 10m:2120.4 | Shares: 413/0 (lost:1) (found:414) | Diff: 101885 | 17s elapsed (since last share, avg 46s) | best=38 target=42155 (999%)
[2026-10-01T22:19:30Z INFO  minertim::pool_connection] New job: wC4b9lruXNTEFqDS (difficulty: 152829, target: c76d0000)
[2026-10-01T22:19:36Z INFO  minertim] H/s 1m:2196.3 5m:2083.5 10m:2120.4 | Shares: 413/0 (lost:1) (found:414) | Diff: 152829 | 27s elapsed (since last share, avg 1m9s) | best=38 target=28103 (999%)
[2026-10-01T22:19:37Z INFO  minertim::pool_connection] New job: 2vazMx0upCNYjBR7 (difficulty: 152829, target: c76d0000)
[2026-10-01T22:19:43Z INFO  minertim::pool_connection] New job: Auoj0Jykn98UFcCX (difficulty: 152829, target: c76d0000)
[2026-10-01T22:19:46Z INFO  minertim] H/s 1m:2196.7 5m:2083.5 10m:2125.2 | Shares: 413/0 (lost:1) (found:414) | Diff: 152829 | 37s elapsed (since last share, avg 1m9s) | best=38 target=28103 (999%)
[2026-10-01T22:19:53Z INFO  minertim::miner] Worker 1 SHARE FOUND! job_id=Auoj0Jykn98UFcCX, nonce=6dd1d702, hash_val=10512, difficulty=152829, hash=65c4c9c24328909f6550119a998831e70d42b698878326e72914e55910290000
[2026-10-01T22:19:56Z INFO  minertim] H/s 1m:2199.1 5m:2083.7 10m:2127.0 | Shares: 413/0 (lost:1) (found:415) | Diff: 152829 | 3s elapsed (since last share, avg 1m9s) | best=38 target=28103 (999%)
[2026-10-01T22:20:03Z INFO  minertim::pool_connection] Share submitted: rpc_id=798 job_id=Auoj0Jykn98UFcCX nonce=6dd1d702
[2026-10-01T22:20:03Z INFO  minertim::pool_connection] New job: 5jmUP1uZ3dWLoOHE (difficulty: 152829, target: c76d0000)
[2026-10-01T22:20:04Z INFO  minertim::pool_connection] Share accepted: rpc_id=798 job_id=Auoj0Jykn98UFcCX nonce=6dd1d702 latency_ms=312
[2026-10-01T22:20:06Z INFO  minertim] H/s 1m:2101.0 5m:2065.3 10m:2117.8 | Shares: 414/0 (lost:1) (found:415) | Diff: 152829 | 13s elapsed (since last share, avg 1m12s) | best=38 target=28103 (999%)
[2026-10-01T22:20:16Z INFO  minertim] H/s 1m:2100.1 5m:2065.1 10m:2127.4 | Shares: 414/0 (lost:1) (found:415) | Diff: 152829 | 23s elapsed (since last share, avg 1m12s) | best=38 target=28103 (999%)
[2026-10-01T22:20:18Z INFO  minertim::miner] Worker 1 SHARE FOUND! job_id=5jmUP1uZ3dWLoOHE, nonce=6d4ed802, hash_val=9865, difficulty=152829, hash=97095a75ca9119c5174c18bd9b254c8e72c7cca5fa2a15f5c89335a689260000
[2026-10-01T22:20:23Z INFO  minertim::pool_connection] New job: oWU2pDpl4BmWgsiA (difficulty: 152829, target: c76d0000)
[2026-10-01T22:20:23Z INFO  minertim::pool_connection] Share submitted: rpc_id=800 job_id=5jmUP1uZ3dWLoOHE nonce=6d4ed802
[2026-10-01T22:20:24Z INFO  minertim::pool_connection] Share accepted: rpc_id=800 job_id=5jmUP1uZ3dWLoOHE nonce=6d4ed802 latency_ms=271
[2026-10-01T22:20:26Z INFO  minertim] H/s 1m:2039.1 5m:2064.1 10m:2126.0 | Shares: 415/0 (lost:1) (found:416) | Diff: 152829 | 8s elapsed (since last share, avg 1m14s) | best=38 target=28103 (999%)
[2026-10-01T22:20:27Z INFO  minertim::miner] Worker 1 SHARE FOUND! job_id=oWU2pDpl4BmWgsiA, nonce=8570d802, hash_val=11322, difficulty=152829, hash=1f9bfcc19d7c2d2310967c6d58a54f52df3513947925e6de7ab7216f3a2c0000
[2026-10-01T22:20:36Z INFO  minertim] H/s 1m:1928.0 5m:2062.4 10m:2116.6 | Shares: 415/0 (lost:1) (found:417) | Diff: 152829 | 8s elapsed (since last share, avg 1m19s) | best=38 target=28103 (999%)
[2026-10-01T22:20:43Z INFO  minertim::pool_connection] New job: 0y4MpBYOI0jyWS5J (difficulty: 152829, target: c76d0000)
[2026-10-01T22:20:43Z INFO  minertim::pool_connection] Share submitted: rpc_id=801 job_id=oWU2pDpl4BmWgsiA nonce=8570d802
[2026-10-01T22:20:43Z INFO  minertim::pool_connection] Share accepted: rpc_id=801 job_id=oWU2pDpl4BmWgsiA nonce=8570d802 latency_ms=254
[2026-10-01T22:20:46Z INFO  minertim] H/s 1m:1860.5 5m:2078.7 10m:2111.0 | Shares: 416/0 (lost:1) (found:417) | Diff: 152829 | 18s elapsed (since last share, avg 1m22s) | best=38 target=28103 (999%)
[2026-10-01T22:20:56Z INFO  minertim] H/s 1m:1968.4 5m:2087.1 10m:2111.1 | Shares: 416/0 (lost:1) (found:417) | Diff: 152829 | 28s elapsed (since last share, avg 1m17s) | best=38 target=28103 (999%)
[2026-10-01T22:20:59Z INFO  minertim::miner] Worker 0 SHARE FOUND! job_id=0y4MpBYOI0jyWS5J, nonce=9810d902, hash_val=7258, difficulty=152829, hash=b150cb606c45ab5420452b598fea1f0be252e67582f45f8a9882b2205a1c0000
[2026-10-01T22:21:00Z INFO  minertim::pool_connection] New job: jDAkvMu5c3V65Ru1 (difficulty: 221847, target: a04b0000)
[2026-10-01T22:21:00Z INFO  minertim::pool_connection] Share submitted: rpc_id=802 job_id=0y4MpBYOI0jyWS5J nonce=9810d902
[2026-10-01T22:21:00Z INFO  minertim::pool_connection] Share accepted: rpc_id=802 job_id=0y4MpBYOI0jyWS5J nonce=9810d902 latency_ms=226
[2026-10-01T22:21:03Z INFO  minertim::pool_connection] New job: UjcTbaqxzc5XztvS (difficulty: 221847, target: a04b0000)
[2026-10-01T22:21:06Z INFO  minertim] H/s 1m:1949.4 5m:2083.6 10m:2109.4 | Shares: 417/0 (lost:1) (found:418) | Diff: 221847 | 7s elapsed (since last share, avg 1m53s) | best=38 target=19360 (999%)
[2026-10-01T22:21:16Z INFO  minertim] H/s 1m:2009.0 5m:2083.4 10m:2109.3 | Shares: 417/0 (lost:1) (found:418) | Diff: 221847 | 17s elapsed (since last share, avg 1m50s) | best=38 target=19360 (999%)
[2026-10-01T22:21:23Z INFO  minertim::pool_connection] New job: Mpf0lv9omGTKKs75 (difficulty: 221847, target: a04b0000)
[2026-10-01T22:21:26Z INFO  minertim] H/s 1m:2119.6 5m:2083.6 10m:2109.2 | Shares: 417/0 (lost:1) (found:418) | Diff: 221847 | 27s elapsed (since last share, avg 1m44s) | best=38 target=19360 (999%)
[2026-10-01T22:21:30Z INFO  minertim::pool_connection] New job: eS7obwBLKlFCs0ur (difficulty: 332788, target: 6a320000)
[2026-10-01T22:21:36Z INFO  minertim] H/s 1m:2187.3 5m:2083.6 10m:2109.2 | Shares: 417/0 (lost:1) (found:418) | Diff: 332788 | 37s elapsed (since last share, avg 2m32s) | best=38 target=12906 (999%)
[2026-10-01T22:21:43Z INFO  minertim::pool_connection] New job: tWOFsXLq0H5kt2xM (difficulty: 332788, target: 6a320000)
[2026-10-01T22:21:46Z INFO  minertim] H/s 1m:2188.5 5m:2083.6 10m:2110.5 | Shares: 417/0 (lost:1) (found:418) | Diff: 332788 | 47s elapsed (since last share, avg 2m32s) | best=38 target=12906 (999%)
[2026-10-01T22:21:56Z INFO  minertim] H/s 1m:2208.4 5m:2084.2 10m:2110.6 | Shares: 417/0 (lost:1) (found:418) | Diff: 332788 | 57s elapsed (since last share, avg 2m30s) | best=38 target=12906 (999%)
[2026-10-01T22:22:00Z INFO  minertim::pool_connection] New job: x0uFaytpusjfxY2h (difficulty: 249591, target: 38430000)
[2026-10-01T22:22:03Z INFO  minertim::miner] Worker 2 SHARE FOUND! job_id=x0uFaytpusjfxY2h, nonce=866ade02, hash_val=11500, difficulty=249591, hash=26356c11dea4ca2a7a139a4838f59748f7b9d74357cd9c483b8acaeaec2c0000
[2026-10-01T22:22:03Z INFO  minertim::pool_connection] New job: 3zQoeuz3tlycou4K (difficulty: 249591, target: 38430000)
[2026-10-01T22:22:03Z INFO  minertim::pool_connection] Share submitted: rpc_id=804 job_id=x0uFaytpusjfxY2h nonce=866ade02
[2026-10-01T22:22:03Z INFO  minertim::pool_connection] Share accepted: rpc_id=804 job_id=x0uFaytpusjfxY2h nonce=866ade02 latency_ms=301
[2026-10-01T22:22:06Z INFO  minertim] H/s 1m:2206.1 5m:2083.5 10m:2110.3 | Shares: 418/0 (lost:1) (found:419) | Diff: 249591 | 3s elapsed (since last share, avg 1m53s) | best=38 target=17208 (999%)
[2026-10-01T22:22:16Z INFO  minertim] H/s 1m:2206.4 5m:2093.2 10m:2110.3 | Shares: 418/0 (lost:1) (found:419) | Diff: 249591 | 13s elapsed (since last share, avg 1m53s) | best=38 target=17208 (999%)
[2026-10-01T22:22:23Z INFO  minertim::pool_connection] New job: xoa0pPQD86QG2UbK (difficulty: 249591, target: 38430000)
[2026-10-01T22:22:26Z INFO  minertim] H/s 1m:2206.4 5m:2129.9 10m:2110.3 | Shares: 418/0 (lost:1) (found:419) | Diff: 249591 | 23s elapsed (since last share, avg 1m53s) | best=38 target=17208 (999%)
[2026-10-01T22:22:30Z INFO  minertim::pool_connection] New job: qgxLfZxrDUyGhm4k (difficulty: 374386, target: d02c0000)
[2026-10-01T22:22:36Z INFO  minertim] H/s 1m:2206.5 5m:2142.4 10m:2110.3 | Shares: 418/0 (lost:1) (found:419) | Diff: 374386 | 33s elapsed (since last share, avg 2m49s) | best=38 target=11472 (999%)
[2026-10-01T22:22:43Z INFO  minertim::pool_connection] New job: PX2RAi0jj8bLzcFo (difficulty: 374386, target: d02c0000)
[2026-10-01T22:22:46Z INFO  minertim] H/s 1m:2207.1 5m:2142.5 10m:2110.3 | Shares: 418/0 (lost:1) (found:419) | Diff: 374386 | 43s elapsed (since last share, avg 2m49s) | best=38 target=11472 (999%)
[2026-10-01T22:22:56Z INFO  minertim] H/s 1m:2211.5 5m:2143.0 10m:2110.6 | Shares: 418/0 (lost:1) (found:419) | Diff: 374386 | 53s elapsed (since last share, avg 2m49s) | best=38 target=11472 (999%)
[2026-10-01T22:23:03Z INFO  minertim::pool_connection] New job: x1AE2S0DlhEU2fvF (difficulty: 374386, target: d02c0000)
[2026-10-01T22:23:06Z INFO  minertim] H/s 1m:2209.5 5m:2142.8 10m:2110.4 | Shares: 418/0 (lost:1) (found:419) | Diff: 374386 | 1m3s elapsed (since last share, avg 2m49s) | best=38 target=11472 (999%)
[2026-10-01T22:23:16Z INFO  minertim] H/s 1m:2209.4 5m:2142.9 10m:2110.4 | Shares: 418/0 (lost:1) (found:419) | Diff: 374386 | 1m13s elapsed (since last share, avg 2m49s) | best=38 target=11472 (999%)
[2026-10-01T22:23:23Z INFO  minertim::pool_connection] New job: 06oOEWTisH0qwDSr (difficulty: 374386, target: d02c0000)
[2026-10-01T22:23:26Z INFO  minertim] H/s 1m:2208.7 5m:2142.7 10m:2110.3 | Shares: 418/0 (lost:1) (found:419) | Diff: 374386 | 1m23s elapsed (since last share, avg 2m49s) | best=38 target=11472 (999%)
[2026-10-01T22:23:30Z INFO  minertim::pool_connection] New job: qgYxnFSN120FRRJg (difficulty: 193641, target: a4560000)
[2026-10-01T22:23:36Z INFO  minertim] H/s 1m:2208.2 5m:2142.7 10m:2110.3 | Shares: 418/0 (lost:1) (found:419) | Diff: 193641 | 1m33s elapsed (since last share, avg 1m27s) | best=38 target=22180 (999%)
[2026-10-01T22:23:42Z INFO  minertim::pool_connection] New job: 0i2kfGwhOQsGUosE (difficulty: 193641, target: a4560000)
[2026-10-01T22:23:46Z INFO  minertim] H/s 1m:2208.3 5m:2142.9 10m:2110.4 | Shares: 418/0 (lost:1) (found:419) | Diff: 193641 | 1m43s elapsed (since last share, avg 1m27s) | best=38 target=22180 (999%)
[2026-10-01T22:23:56Z INFO  minertim] H/s 1m:2210.6 5m:2143.3 10m:2115.3 | Shares: 418/0 (lost:1) (found:419) | Diff: 193641 | 1m53s elapsed (since last share, avg 1m27s) | best=38 target=22180 (999%)
[2026-10-01T22:24:00Z INFO  minertim::miner] Worker 3 SHARE FOUND! job_id=0i2kfGwhOQsGUosE, nonce=a3cede02, hash_val=13067, difficulty=193641, hash=8a504cdc614358e928083795d3a1e197b680188d1d0e12c147bfdeb40b330000
[2026-10-01T22:24:02Z INFO  minertim::miner] Worker 2 SHARE FOUND! job_id=0i2kfGwhOQsGUosE, nonce=ea6de202, hash_val=15023, difficulty=193641, hash=4da8fbe60fbe0332f6b3409fda5b5358875cf1a9a7aea993da45b3caaf3a0000
[2026-10-01T22:24:02Z INFO  minertim::pool_connection] New job: UJeXM00fFGF5V2Jc (difficulty: 193641, target: a4560000)
[2026-10-01T22:24:02Z INFO  minertim::pool_connection] Share submitted: rpc_id=808 job_id=0i2kfGwhOQsGUosE nonce=ea6de202
[2026-10-01T22:24:02Z INFO  minertim::pool_connection] Share submitted: rpc_id=807 job_id=0i2kfGwhOQsGUosE nonce=a3cede02
[2026-10-01T22:24:03Z INFO  minertim::pool_connection] Share accepted: rpc_id=808 job_id=0i2kfGwhOQsGUosE nonce=ea6de202 latency_ms=305
[2026-10-01T22:24:03Z INFO  minertim::pool_connection] Share accepted: rpc_id=807 job_id=0i2kfGwhOQsGUosE nonce=a3cede02 latency_ms=530
[2026-10-01T22:24:06Z INFO  minertim] H/s 1m:2172.7 5m:2138.7 10m:2112.8 | Shares: 420/0 (lost:1) (found:421) | Diff: 193641 | 4s elapsed (since last share, avg 1m29s) | best=38 target=22180 (999%)
[2026-10-01T22:24:16Z INFO  minertim] H/s 1m:2173.4 5m:2138.7 10m:2112.9 | Shares: 420/0 (lost:1) (found:421) | Diff: 193641 | 14s elapsed (since last share, avg 1m29s) | best=38 target=22180 (999%)
[2026-10-01T22:24:22Z INFO  minertim::pool_connection] New job: ux70pYh7QOOdtLox (difficulty: 193641, target: a4560000)
[2026-10-01T22:24:26Z INFO  minertim] H/s 1m:2173.1 5m:2138.7 10m:2112.8 | Shares: 420/0 (lost:1) (found:421) | Diff: 193641 | 24s elapsed (since last share, avg 1m29s) | best=38 target=22180 (999%)
[2026-10-01T22:24:30Z INFO  minertim::pool_connection] New job: KSW0qUAi5c9zyeJ0 (difficulty: 290475, target: c2390000)
[2026-10-01T22:24:36Z INFO  minertim] H/s 1m:2172.5 5m:2138.7 10m:2112.8 | Shares: 420/0 (lost:1) (found:421) | Diff: 290475 | 34s elapsed (since last share, avg 2m13s) | best=38 target=14786 (999%)
[2026-10-01T22:24:42Z INFO  minertim::pool_connection] New job: DKjeWeeGEFAl47ju (difficulty: 290475, target: c2390000)
[2026-10-01T22:24:46Z INFO  minertim] H/s 1m:2172.5 5m:2138.7 10m:2112.8 | Shares: 420/0 (lost:1) (found:421) | Diff: 290475 | 44s elapsed (since last share, avg 2m13s) | best=38 target=14786 (999%)
[2026-10-01T22:24:56Z INFO  minertim] H/s 1m:2210.4 5m:2157.5 10m:2112.9 | Shares: 420/0 (lost:1) (found:421) | Diff: 290475 | 54s elapsed (since last share, avg 2m11s) | best=38 target=14786 (999%)
[2026-10-01T22:25:02Z INFO  minertim::pool_connection] New job: aKzgA042QE6P0T5U (difficulty: 290475, target: c2390000)
[2026-10-01T22:25:06Z INFO  minertim] H/s 1m:2208.7 5m:2157.5 10m:2113.0 | Shares: 420/0 (lost:1) (found:421) | Diff: 290475 | 1m4s elapsed (since last share, avg 2m11s) | best=38 target=14786 (999%)
[2026-10-01T22:25:16Z INFO  minertim] H/s 1m:2208.7 5m:2168.0 10m:2112.9 | Shares: 420/0 (lost:1) (found:421) | Diff: 290475 | 1m14s elapsed (since last share, avg 2m11s) | best=38 target=14786 (999%)
[2026-10-01T22:25:22Z INFO  minertim::pool_connection] New job: IoFJ2mvf8OvIzod5 (difficulty: 290475, target: c2390000)
[2026-10-01T22:25:26Z INFO  minertim] H/s 1m:2208.8 5m:2187.1 10m:2117.6 | Shares: 420/0 (lost:1) (found:421) | Diff: 290475 | 1m24s elapsed (since last share, avg 2m11s) | best=38 target=14786 (999%)
[2026-10-01T22:25:30Z INFO  minertim::pool_connection] New job: miWzVX6wBDj7ZxTn (difficulty: 150236, target: ac6f0000)
[2026-10-01T22:25:36Z INFO  minertim] H/s 1m:2208.9 5m:2198.8 10m:2126.2 | Shares: 420/0 (lost:1) (found:421) | Diff: 150236 | 1m34s elapsed (since last share, avg 1m8s) | best=38 target=28588 (999%)
[2026-10-01T22:25:38Z INFO  minertim::miner] Worker 3 SHARE FOUND! job_id=miWzVX6wBDj7ZxTn, nonce=7705e202, hash_val=15666, difficulty=150236, hash=a69ea33ff503725a9ad3e52fd43a372496114af730b18225eca7db4e323d0000
[2026-10-01T22:25:42Z INFO  minertim::pool_connection] New job: VCioIbgAldcKDzyd (difficulty: 150236, target: ac6f0000)
[2026-10-01T22:25:42Z INFO  minertim::pool_connection] Share submitted: rpc_id=811 job_id=miWzVX6wBDj7ZxTn nonce=7705e202
[2026-10-01T22:25:42Z INFO  minertim::pool_connection] Share accepted: rpc_id=811 job_id=miWzVX6wBDj7ZxTn nonce=7705e202 latency_ms=244
[2026-10-01T22:25:46Z INFO  minertim] H/s 1m:2166.2 5m:2191.6 10m:2136.3 | Shares: 421/0 (lost:1) (found:422) | Diff: 150236 | 8s elapsed (since last share, avg 1m9s) | best=38 target=28588 (999%)
[2026-10-01T22:25:56Z INFO  minertim] H/s 1m:2167.8 5m:2195.1 10m:2140.6 | Shares: 421/0 (lost:1) (found:422) | Diff: 150236 | 18s elapsed (since last share, avg 1m9s) | best=38 target=28588 (999%)
[2026-10-01T22:26:00Z INFO  minertim::pool_connection] New job: v8FhYXaBfILOtFPo (difficulty: 225362, target: 724a0000)
[2026-10-01T22:26:01Z INFO  minertim::pool_connection] New job: 305V6X1XTRJ00IjP (difficulty: 225362, target: 724a0000)
[2026-10-01T22:26:06Z INFO  minertim] H/s 1m:2166.5 5m:2195.1 10m:2140.4 | Shares: 421/0 (lost:1) (found:422) | Diff: 225362 | 28s elapsed (since last share, avg 1m44s) | best=38 target=19058 (999%)
[2026-10-01T22:26:16Z INFO  minertim] H/s 1m:2166.8 5m:2195.2 10m:2140.5 | Shares: 421/0 (lost:1) (found:422) | Diff: 225362 | 38s elapsed (since last share, avg 1m44s) | best=38 target=19058 (999%)
[2026-10-01T22:26:20Z INFO  minertim::pool_connection] New job: wHKIxQUx3G9JZRiK (difficulty: 225362, target: 724a0000)
[2026-10-01T22:26:26Z INFO  minertim] H/s 1m:2166.5 5m:2195.2 10m:2140.6 | Shares: 421/0 (lost:1) (found:422) | Diff: 225362 | 48s elapsed (since last share, avg 1m44s) | best=38 target=19058 (999%)
[2026-10-01T22:26:36Z INFO  minertim] H/s 1m:2209.8 5m:2195.3 10m:2140.6 | Shares: 421/0 (lost:1) (found:422) | Diff: 225362 | 58s elapsed (since last share, avg 1m41s) | best=38 target=19058 (999%)
[2026-10-01T22:26:40Z INFO  minertim::pool_connection] New job: MTXlsV0n1SLc5j2K (difficulty: 225362, target: 724a0000)
[2026-10-01T22:26:46Z INFO  minertim] H/s 1m:2209.6 5m:2195.3 10m:2140.7 | Shares: 421/0 (lost:1) (found:422) | Diff: 225362 | 1m8s elapsed (since last share, avg 1m41s) | best=38 target=19058 (999%)
[2026-10-01T22:26:56Z INFO  minertim] H/s 1m:2211.6 5m:2196.0 10m:2141.0 | Shares: 421/0 (lost:1) (found:422) | Diff: 225362 | 1m18s elapsed (since last share, avg 1m41s) | best=38 target=19058 (999%)
[2026-10-01T22:27:00Z INFO  minertim::pool_connection] New job: xUsT85fwLaHdoB8g (difficulty: 225362, target: 724a0000)
[2026-10-01T22:27:01Z INFO  minertim::pool_connection] New job: iWVBobQgfnZxJ4hR (difficulty: 130012, target: 0b810000)
[2026-10-01T22:27:02Z INFO  minertim::miner] Worker 3 SHARE FOUND! job_id=iWVBobQgfnZxJ4hR, nonce=13b7e402, hash_val=2106, difficulty=130012, hash=ac124b9920da84221e6415b8b7a2842793700511a3e31487259e79b43a080000
[2026-10-01T22:27:06Z INFO  minertim] H/s 1m:2154.3 5m:2186.2 10m:2136.1 | Shares: 421/0 (lost:1) (found:423) | Diff: 130012 | 4s elapsed (since last share, avg 1m0s) | best=38 target=33035 (999%)
[2026-10-01T22:27:16Z INFO  minertim] H/s 1m:2043.3 5m:2167.1 10m:2131.5 | Shares: 421/0 (lost:1) (found:423) | Diff: 130012 | 14s elapsed (since last share, avg 1m3s) | best=38 target=33035 (999%)
[2026-10-01T22:27:20Z INFO  minertim::pool_connection] New job: W3dUGbMSIPOTQgQ9 (difficulty: 130012, target: 0b810000)
[2026-10-01T22:27:20Z INFO  minertim::pool_connection] Share submitted: rpc_id=813 job_id=iWVBobQgfnZxJ4hR nonce=13b7e402
[2026-10-01T22:27:20Z INFO  minertim::pool_connection] Share accepted: rpc_id=813 job_id=iWVBobQgfnZxJ4hR nonce=13b7e402 latency_ms=302
[2026-10-01T22:27:26Z INFO  minertim] H/s 1m:2032.8 5m:2165.3 10m:2148.7 | Shares: 422/0 (lost:1) (found:423) | Diff: 130012 | 24s elapsed (since last share, avg 1m3s) | best=38 target=33035 (999%)
[2026-10-01T22:27:31Z INFO  minertim::pool_connection] New job: bh7YqEqg1VegBJZu (difficulty: 195021, target: 07560000)
[2026-10-01T22:27:35Z INFO  minertim::miner] Worker 0 SHARE FOUND! job_id=bh7YqEqg1VegBJZu, nonce=5c62e602, hash_val=1854, difficulty=195021, hash=bd1bc44a075e9f8ed2125af32f8c9f0bb6486d3d8369e44ab7ba05e23e070000
[2026-10-01T22:27:36Z INFO  minertim::pool_connection] New job: LwLZjWLWLInuez7r (difficulty: 195021, target: 07560000)
[2026-10-01T22:27:36Z INFO  minertim::pool_connection] Share submitted: rpc_id=815 job_id=bh7YqEqg1VegBJZu nonce=5c62e602
[2026-10-01T22:27:36Z INFO  minertim::pool_connection] Share accepted: rpc_id=815 job_id=bh7YqEqg1VegBJZu nonce=5c62e602 latency_ms=303
[2026-10-01T22:27:36Z INFO  minertim] H/s 1m:2032.8 5m:2165.3 10m:2154.9 | Shares: 423/0 (lost:1) (found:424) | Diff: 195021 | 1s elapsed (since last share, avg 1m35s) | best=38 target=22023 (999%)
[2026-10-01T22:27:46Z INFO  minertim] H/s 1m:2024.4 5m:2163.8 10m:2154.2 | Shares: 423/0 (lost:1) (found:424) | Diff: 195021 | 11s elapsed (since last share, avg 1m36s) | best=38 target=22023 (999%)
[2026-10-01T22:27:56Z INFO  minertim::pool_connection] New job: JOtR5di047V42hHW (difficulty: 195021, target: 07560000)
[2026-10-01T22:27:56Z INFO  minertim] H/s 1m:2081.9 5m:2164.2 10m:2154.4 | Shares: 423/0 (lost:1) (found:424) | Diff: 195021 | 21s elapsed (since last share, avg 1m33s) | best=38 target=22023 (999%)
[2026-10-01T22:28:01Z INFO  minertim::pool_connection] New job: mD0qerbYM0LEmhjA (difficulty: 292532, target: 5a390000)
[2026-10-01T22:28:06Z INFO  minertim] H/s 1m:2190.0 5m:2163.8 10m:2154.2 | Shares: 423/0 (lost:1) (found:424) | Diff: 292532 | 31s elapsed (since last share, avg 2m13s) | best=38 target=14682 (999%)
[2026-10-01T22:28:08Z INFO  minertim::pool_connection] New job: DNSHLBvnQoBSozBj (difficulty: 292532, target: 5a390000)
[2026-10-01T22:28:16Z INFO  minertim] H/s 1m:2200.2 5m:2163.9 10m:2154.3 | Shares: 423/0 (lost:1) (found:424) | Diff: 292532 | 41s elapsed (since last share, avg 2m12s) | best=38 target=14682 (999%)
[2026-10-01T22:28:26Z INFO  minertim] H/s 1m:2200.3 5m:2163.9 10m:2154.3 | Shares: 423/0 (lost:1) (found:424) | Diff: 292532 | 51s elapsed (since last share, avg 2m12s) | best=38 target=14682 (999%)
[2026-10-01T22:28:28Z INFO  minertim::pool_connection] New job: uJdOPdw5vdm0jLi0 (difficulty: 292532, target: 5a390000)
[2026-10-01T22:28:36Z INFO  minertim] H/s 1m:2208.8 5m:2163.9 10m:2154.3 | Shares: 423/0 (lost:1) (found:424) | Diff: 292532 | 1m1s elapsed (since last share, avg 2m12s) | best=38 target=14682 (999%)
[2026-10-01T22:28:46Z INFO  minertim] H/s 1m:2208.3 5m:2163.8 10m:2154.3 | Shares: 423/0 (lost:1) (found:424) | Diff: 292532 | 1m11s elapsed (since last share, avg 2m12s) | best=38 target=14682 (999%)
[2026-10-01T22:28:48Z INFO  minertim::pool_connection] New job: fqpB2rk0zYUJDpVs (difficulty: 292532, target: 5a390000)
[2026-10-01T22:28:56Z INFO  minertim] H/s 1m:2211.0 5m:2170.4 10m:2154.5 | Shares: 423/0 (lost:1) (found:424) | Diff: 292532 | 1m21s elapsed (since last share, avg 2m12s) | best=38 target=14682 (999%)
[2026-10-01T22:29:01Z INFO  minertim::pool_connection] New job: PWZp4urY8s07UhXf (difficulty: 156716, target: 0e6b0000)
[2026-10-01T22:29:06Z INFO  minertim] H/s 1m:2209.6 5m:2170.1 10m:2155.4 | Shares: 423/0 (lost:1) (found:424) | Diff: 156716 | 1m31s elapsed (since last share, avg 1m10s) | best=38 target=27406 (999%)
[2026-10-01T22:29:07Z INFO  minertim::pool_connection] New job: RXiFX0AtxaApuS83 (difficulty: 156716, target: 0e6b0000)
[2026-10-01T22:29:15Z INFO  minertim::pool_connection] New job: yzGYetTcQdLnmdF0 (difficulty: 156716, target: 0e6b0000)
[2026-10-01T22:29:16Z INFO  minertim] H/s 1m:2209.8 5m:2170.2 10m:2155.4 | Shares: 423/0 (lost:1) (found:424) | Diff: 156716 | 1m41s elapsed (since last share, avg 1m10s) | best=38 target=27406 (999%)
[2026-10-01T22:29:25Z INFO  minertim::miner] Worker 0 SHARE FOUND! job_id=yzGYetTcQdLnmdF0, nonce=e40dea02, hash_val=6208, difficulty=156716, hash=0e92610749978cd11c9457e5c9fe10a9e3c3034e782fb18cb0e5e7db40180000
[2026-10-01T22:29:26Z INFO  minertim] H/s 1m:2209.6 5m:2170.3 10m:2155.4 | Shares: 423/0 (lost:1) (found:425) | Diff: 156716 | 1s elapsed (since last share, avg 1m10s) | best=38 target=27406 (999%)
[2026-10-01T22:29:35Z INFO  minertim::pool_connection] New job: Oq1nQc98yT6XAdTx (difficulty: 156716, target: 0e6b0000)
[2026-10-01T22:29:35Z INFO  minertim::pool_connection] Share submitted: rpc_id=818 job_id=yzGYetTcQdLnmdF0 nonce=e40dea02
[2026-10-01T22:29:36Z INFO  minertim::pool_connection] Share accepted: rpc_id=818 job_id=yzGYetTcQdLnmdF0 nonce=e40dea02 latency_ms=306
[2026-10-01T22:29:36Z INFO  minertim] H/s 1m:2120.2 5m:2154.8 10m:2147.8 | Shares: 424/0 (lost:1) (found:425) | Diff: 156716 | 11s elapsed (since last share, avg 1m13s) | best=38 target=27406 (999%)
[2026-10-01T22:29:46Z INFO  minertim] H/s 1m:2120.2 5m:2154.8 10m:2147.9 | Shares: 424/0 (lost:1) (found:425) | Diff: 156716 | 21s elapsed (since last share, avg 1m13s) | best=38 target=27406 (999%)
[2026-10-01T22:29:55Z INFO  minertim::pool_connection] New job: mPtrto1TIm4MBBt0 (difficulty: 156716, target: 0e6b0000)
[2026-10-01T22:29:57Z INFO  minertim] H/s 1m:2122.1 5m:2155.2 10m:2157.1 | Shares: 424/0 (lost:1) (found:425) | Diff: 156716 | 31s elapsed (since last share, avg 1m13s) | best=38 target=27406 (999%)
[2026-10-01T22:30:07Z INFO  minertim] H/s 1m:2119.5 5m:2154.9 10m:2157.0 | Shares: 424/0 (lost:1) (found:425) | Diff: 156716 | 41s elapsed (since last share, avg 1m13s) | best=38 target=27406 (999%)
[2026-10-01T22:30:15Z INFO  minertim::pool_connection] New job: CQH8tWFhuSI7PDA3 (difficulty: 156716, target: 0e6b0000)
[2026-10-01T22:30:17Z INFO  minertim] H/s 1m:2119.5 5m:2154.9 10m:2162.2 | Shares: 424/0 (lost:1) (found:425) | Diff: 156716 | 52s elapsed (since last share, avg 1m13s) | best=38 target=27406 (999%)
[2026-10-01T22:30:27Z INFO  minertim] H/s 1m:2208.7 5m:2154.8 10m:2171.6 | Shares: 424/0 (lost:1) (found:425) | Diff: 156716 | 1m2s elapsed (since last share, avg 1m10s) | best=38 target=27406 (999%)
[2026-10-01T22:30:35Z INFO  minertim::pool_connection] New job: 5GQqt4RMmru0pDBi (difficulty: 156716, target: 0e6b0000)
[2026-10-01T22:30:37Z INFO  minertim] H/s 1m:2208.5 5m:2162.2 10m:2177.4 | Shares: 424/0 (lost:1) (found:425) | Diff: 156716 | 1m12s elapsed (since last share, avg 1m10s) | best=38 target=27406 (999%)
[2026-10-01T22:30:47Z INFO  minertim] H/s 1m:2207.9 5m:2162.1 10m:2177.4 | Shares: 424/0 (lost:1) (found:425) | Diff: 156716 | 1m22s elapsed (since last share, avg 1m10s) | best=38 target=27406 (999%)
[2026-10-01T22:30:55Z INFO  minertim::pool_connection] New job: B71er44ohaTl2K9Y (difficulty: 156716, target: 0e6b0000)
[2026-10-01T22:30:57Z INFO  minertim] H/s 1m:2211.0 5m:2162.5 10m:2179.2 | Shares: 424/0 (lost:1) (found:425) | Diff: 156716 | 1m32s elapsed (since last share, avg 1m10s) | best=38 target=27406 (999%)
[2026-10-01T22:31:01Z INFO  minertim::pool_connection] New job: Q564aFabwtR2t8TQ (difficulty: 116562, target: ef8f0000)
[2026-10-01T22:31:07Z INFO  minertim] H/s 1m:2208.3 5m:2162.0 10m:2179.1 | Shares: 424/0 (lost:1) (found:425) | Diff: 116562 | 1m42s elapsed (since last share, avg 52s) | best=38 target=36847 (999%)
[2026-10-01T22:31:15Z INFO  minertim::pool_connection] New job: XVRsgc00x8bI4z97 (difficulty: 116562, target: ef8f0000)
[2026-10-01T22:31:17Z INFO  minertim] H/s 1m:2208.7 5m:2162.0 10m:2179.2 | Shares: 424/0 (lost:1) (found:425) | Diff: 116562 | 1m52s elapsed (since last share, avg 52s) | best=38 target=36847 (999%)
[2026-10-01T22:31:27Z INFO  minertim] H/s 1m:2208.1 5m:2161.9 10m:2179.1 | Shares: 424/0 (lost:1) (found:425) | Diff: 116562 | 2m2s elapsed (since last share, avg 52s) | best=38 target=36847 (999%)
[2026-10-01T22:31:31Z INFO  minertim::miner] Worker 2 SHARE FOUND! job_id=XVRsgc00x8bI4z97, nonce=3a8ff102, hash_val=16249, difficulty=116562, hash=587b8cac0a1593be0015fa2f202cc19e9a8ddde8b79119954db0829c793f0000
[2026-10-01T22:31:35Z INFO  minertim::pool_connection] New job: 32cEY35ThlsoWDFW (difficulty: 116562, target: ef8f0000)
[2026-10-01T22:31:35Z INFO  minertim::pool_connection] Share submitted: rpc_id=821 job_id=XVRsgc00x8bI4z97 nonce=3a8ff102
[2026-10-01T22:31:35Z INFO  minertim::pool_connection] Share accepted: rpc_id=821 job_id=XVRsgc00x8bI4z97 nonce=3a8ff102 latency_ms=308
[2026-10-01T22:31:37Z INFO  minertim] H/s 1m:2180.0 5m:2157.0 10m:2176.7 | Shares: 425/0 (lost:1) (found:426) | Diff: 116562 | 5s elapsed (since last share, avg 53s) | best=38 target=36847 (999%)
[2026-10-01T22:31:47Z INFO  minertim] H/s 1m:2178.0 5m:2156.7 10m:2176.6 | Shares: 425/0 (lost:1) (found:426) | Diff: 116562 | 15s elapsed (since last share, avg 53s) | best=38 target=36847 (999%)
[2026-10-01T22:31:54Z INFO  minertim::pool_connection] New job: ih0fiwJvTA8tBT0V (difficulty: 116562, target: ef8f0000)
[2026-10-01T22:31:57Z INFO  minertim] H/s 1m:2180.8 5m:2166.6 10m:2177.0 | Shares: 425/0 (lost:1) (found:426) | Diff: 116562 | 25s elapsed (since last share, avg 53s) | best=38 target=36847 (999%)
[2026-10-01T22:32:07Z INFO  minertim] H/s 1m:2178.2 5m:2185.3 10m:2176.8 | Shares: 425/0 (lost:1) (found:426) | Diff: 116562 | 35s elapsed (since last share, avg 53s) | best=38 target=36847 (999%)
[2026-10-01T22:32:14Z INFO  minertim::pool_connection] New job: qzCl1KHcgtg2oFaW (difficulty: 116562, target: ef8f0000)
[2026-10-01T22:32:17Z INFO  minertim] H/s 1m:2178.5 5m:2187.0 10m:2176.8 | Shares: 425/0 (lost:1) (found:426) | Diff: 116562 | 45s elapsed (since last share, avg 53s) | best=38 target=36847 (999%)
[2026-10-01T22:32:27Z INFO  minertim] H/s 1m:2206.6 5m:2187.0 10m:2176.7 | Shares: 425/0 (lost:1) (found:426) | Diff: 116562 | 55s elapsed (since last share, avg 52s) | best=38 target=36847 (999%)
[2026-10-01T22:32:34Z INFO  minertim::pool_connection] New job: d5kZ9bW4CUSO3ziB (difficulty: 116562, target: ef8f0000)
[2026-10-01T22:32:37Z INFO  minertim] H/s 1m:2207.5 5m:2188.3 10m:2176.7 | Shares: 425/0 (lost:1) (found:426) | Diff: 116562 | 1m5s elapsed (since last share, avg 52s) | best=38 target=36847 (999%)
[2026-10-01T22:32:47Z INFO  minertim] H/s 1m:2207.5 5m:2188.3 10m:2176.6 | Shares: 425/0 (lost:1) (found:426) | Diff: 116562 | 1m15s elapsed (since last share, avg 52s) | best=38 target=36847 (999%)
[2026-10-01T22:32:49Z INFO  minertim::miner] Worker 2 SHARE FOUND! job_id=d5kZ9bW4CUSO3ziB, nonce=4e13f402, hash_val=34811, difficulty=116562, hash=835ed77a84a8d287c0943fac47676f167eb9a80df8912b973e41f36afb870000
[2026-10-01T22:32:54Z INFO  minertim::pool_connection] New job: vIH9OYqviGWPpDsB (difficulty: 116562, target: ef8f0000)
[2026-10-01T22:32:54Z INFO  minertim::pool_connection] Share submitted: rpc_id=823 job_id=d5kZ9bW4CUSO3ziB nonce=4e13f402
[2026-10-01T22:32:54Z INFO  minertim::pool_connection] Share accepted: rpc_id=823 job_id=d5kZ9bW4CUSO3ziB nonce=4e13f402 latency_ms=225
[2026-10-01T22:32:57Z INFO  minertim] H/s 1m:2149.0 5m:2178.2 10m:2171.7 | Shares: 426/0 (lost:1) (found:427) | Diff: 116562 | 7s elapsed (since last share, avg 54s) | best=38 target=36847 (999%)
[2026-10-01T22:32:59Z INFO  minertim::pool_connection] New job: qyx0YmNM0VjtikM8 (difficulty: 116562, target: ef8f0000)
[2026-10-01T22:33:04Z INFO  minertim::miner] Worker 3 SHARE FOUND! job_id=qyx0YmNM0VjtikM8, nonce=cb4bf002, hash_val=7691, difficulty=116562, hash=e6b3b57485ad21b16230952cdbda3636f8ac8fadb4d3965c911ff2c40b1e0000
[2026-10-01T22:33:07Z INFO  minertim] H/s 1m:2092.5 5m:2168.4 10m:2166.8 | Shares: 426/0 (lost:1) (found:428) | Diff: 116562 | 2s elapsed (since last share, avg 55s) | best=38 target=36847 (999%)
[2026-10-01T22:33:13Z INFO  minertim::pool_connection] Share submitted: rpc_id=824 job_id=qyx0YmNM0VjtikM8 nonce=cb4bf002
[2026-10-01T22:33:14Z INFO  minertim::pool_connection] Share accepted: rpc_id=824 job_id=qyx0YmNM0VjtikM8 nonce=cb4bf002 latency_ms=250
[2026-10-01T22:33:17Z INFO  minertim] H/s 1m:2017.2 5m:2155.4 10m:2160.5 | Shares: 427/0 (lost:1) (found:428) | Diff: 116562 | 12s elapsed (since last share, avg 57s) | best=38 target=36847 (999%)
[2026-10-01T22:33:19Z INFO  minertim::pool_connection] New job: mSlr1WNYAmT74BLP (difficulty: 116562, target: ef8f0000)
[2026-10-01T22:33:27Z INFO  minertim] H/s 1m:2016.2 5m:2155.1 10m:2160.4 | Shares: 427/0 (lost:1) (found:428) | Diff: 116562 | 23s elapsed (since last share, avg 57s) | best=38 target=36847 (999%)
[2026-10-01T22:33:37Z INFO  minertim] H/s 1m:2015.6 5m:2155.0 10m:2160.3 | Shares: 427/0 (lost:1) (found:428) | Diff: 116562 | 33s elapsed (since last share, avg 57s) | best=38 target=36847 (999%)
[2026-10-01T22:33:39Z INFO  minertim::pool_connection] New job: PU8XYm5HIVRFrJJq (difficulty: 116562, target: ef8f0000)
[2026-10-01T22:33:47Z INFO  minertim] H/s 1m:2076.9 5m:2155.1 10m:2160.3 | Shares: 427/0 (lost:1) (found:428) | Diff: 116562 | 43s elapsed (since last share, avg 56s) | best=38 target=36847 (999%)
[2026-10-01T22:33:57Z INFO  minertim] H/s 1m:2134.8 5m:2155.5 10m:2163.6 | Shares: 427/0 (lost:1) (found:428) | Diff: 116562 | 53s elapsed (since last share, avg 54s) | best=38 target=36847 (999%)
[2026-10-01T22:33:59Z INFO  minertim::pool_connection] New job: 9005T653OL6unwr6 (difficulty: 116562, target: ef8f0000)
[2026-10-01T22:34:05Z INFO  minertim::miner] Worker 1 SHARE FOUND! job_id=9005T653OL6unwr6, nonce=9170f302, hash_val=25863, difficulty=116562, hash=9d03fa10ef80cb6811ba7376aa9ace8e44dc38ee4b512f0ec70463fe07650000
[2026-10-01T22:34:07Z INFO  minertim] H/s 1m:2208.1 5m:2155.1 10m:2163.4 | Shares: 427/0 (lost:1) (found:429) | Diff: 116562 | 2s elapsed (since last share, avg 52s) | best=38 target=36847 (999%)
[2026-10-01T22:34:17Z INFO  minertim] H/s 1m:2098.8 5m:2136.0 10m:2154.1 | Shares: 427/0 (lost:1) (found:429) | Diff: 116562 | 12s elapsed (since last share, avg 55s) | best=38 target=36847 (999%)
[2026-10-01T22:34:19Z INFO  minertim::pool_connection] New job: q0Q0pcR4WtcUmRtJ (difficulty: 116562, target: ef8f0000)
[2026-10-01T22:34:19Z INFO  minertim::pool_connection] Share submitted: rpc_id=826 job_id=9005T653OL6unwr6 nonce=9170f302
[2026-10-01T22:34:19Z INFO  minertim::pool_connection] Share accepted: rpc_id=826 job_id=9005T653OL6unwr6 nonce=9170f302 latency_ms=307
[2026-10-01T22:34:27Z INFO  minertim] H/s 1m:2055.6 5m:2143.9 10m:2150.4 | Shares: 428/0 (lost:1) (found:429) | Diff: 116562 | 22s elapsed (since last share, avg 56s) | best=38 target=36847 (999%)
[2026-10-01T22:34:37Z INFO  minertim] H/s 1m:2055.1 5m:2143.9 10m:2150.4 | Shares: 428/0 (lost:1) (found:429) | Diff: 116562 | 32s elapsed (since last share, avg 56s) | best=38 target=36847 (999%)
[2026-10-01T22:34:39Z INFO  minertim::pool_connection] New job: 1KyYfjvD58hB6YT0 (difficulty: 116562, target: ef8f0000)
[2026-10-01T22:34:47Z INFO  minertim] H/s 1m:2054.5 5m:2143.9 10m:2150.4 | Shares: 428/0 (lost:1) (found:429) | Diff: 116562 | 42s elapsed (since last share, avg 56s) | best=38 target=36847 (999%)
[2026-10-01T22:34:56Z INFO  minertim::miner] Worker 0 SHARE FOUND! job_id=1KyYfjvD58hB6YT0, nonce=80e1f402, hash_val=20709, difficulty=116562, hash=20cc74b3c39ff5c8f15bbb07ee04494722ec6b48972d4a7a90a767abe5500000
[2026-10-01T22:34:57Z INFO  minertim] H/s 1m:2056.6 5m:2144.2 10m:2150.6 | Shares: 428/0 (lost:1) (found:430) | Diff: 116562 | 0s elapsed (since last share, avg 56s) | best=38 target=36847 (999%)
[2026-10-01T22:34:59Z INFO  minertim::pool_connection] New job: gKXSbJGsF3JDviWT (difficulty: 116562, target: ef8f0000)
[2026-10-01T22:34:59Z INFO  minertim::pool_connection] Share submitted: rpc_id=828 job_id=1KyYfjvD58hB6YT0 nonce=80e1f402
[2026-10-01T22:34:59Z INFO  minertim::pool_connection] Share accepted: rpc_id=828 job_id=1KyYfjvD58hB6YT0 nonce=80e1f402 latency_ms=263
[2026-10-01T22:35:07Z INFO  minertim] H/s 1m:2136.3 5m:2138.9 10m:2148.0 | Shares: 429/0 (lost:1) (found:430) | Diff: 116562 | 10s elapsed (since last share, avg 54s) | best=38 target=36847 (999%)
[2026-10-01T22:35:17Z INFO  minertim] H/s 1m:2180.1 5m:2139.0 10m:2148.0 | Shares: 429/0 (lost:1) (found:430) | Diff: 116562 | 20s elapsed (since last share, avg 53s) | best=38 target=36847 (999%)
[2026-10-01T22:35:19Z INFO  minertim::pool_connection] New job: Xqu5orEo0ZuOCP2t (difficulty: 116562, target: ef8f0000)
[2026-10-01T22:35:27Z INFO  minertim] H/s 1m:2180.6 5m:2139.1 10m:2148.0 | Shares: 429/0 (lost:1) (found:430) | Diff: 116562 | 30s elapsed (since last share, avg 53s) | best=38 target=36847 (999%)
[2026-10-01T22:35:33Z INFO  minertim::miner] Worker 2 SHARE FOUND! job_id=Xqu5orEo0ZuOCP2t, nonce=f273f902, hash_val=11735, difficulty=116562, hash=72592ed93fa5df326c54d52bca6738b89db04abd7eee307c4ba27dffd72d0000
[2026-10-01T22:35:37Z INFO  minertim] H/s 1m:2125.1 5m:2129.6 10m:2146.9 | Shares: 429/0 (lost:1) (found:431) | Diff: 116562 | 3s elapsed (since last share, avg 54s) | best=38 target=36847 (999%)
[2026-10-01T22:35:39Z INFO  minertim::pool_connection] New job: On7Y9nI3cKtmE2qQ (difficulty: 116562, target: ef8f0000)
[2026-10-01T22:35:39Z INFO  minertim::pool_connection] Share submitted: rpc_id=830 job_id=Xqu5orEo0ZuOCP2t nonce=f273f902
[2026-10-01T22:35:39Z INFO  minertim::pool_connection] Share accepted: rpc_id=830 job_id=Xqu5orEo0ZuOCP2t nonce=f273f902 latency_ms=226
[2026-10-01T22:35:47Z INFO  minertim] H/s 1m:2117.3 5m:2128.1 10m:2146.3 | Shares: 430/0 (lost:1) (found:431) | Diff: 116562 | 13s elapsed (since last share, avg 55s) | best=38 target=36847 (999%)
[2026-10-01T22:35:57Z INFO  minertim] H/s 1m:2148.2 5m:2128.5 10m:2146.4 | Shares: 430/0 (lost:1) (found:431) | Diff: 116562 | 23s elapsed (since last share, avg 54s) | best=38 target=36847 (999%)
[2026-10-01T22:35:58Z INFO  minertim::pool_connection] New job: hGrkUBlQxac55nXA (difficulty: 116562, target: ef8f0000)
[2026-10-01T22:35:59Z INFO  minertim::miner] Worker 3 SHARE FOUND! job_id=hGrkUBlQxac55nXA, nonce=2fddf502, hash_val=18658, difficulty=116562, hash=c7d8ddd703b0476c5a1d6e7b6fd1a71e54bb553447d67b42ef19f406e2480000
[2026-10-01T22:36:07Z INFO  minertim] H/s 1m:2091.9 5m:2118.8 10m:2141.6 | Shares: 430/0 (lost:1) (found:432) | Diff: 116562 | 8s elapsed (since last share, avg 55s) | best=38 target=36847 (999%)
[2026-10-01T22:36:14Z INFO  minertim::pool_connection] Share submitted: rpc_id=831 job_id=hGrkUBlQxac55nXA nonce=2fddf502
[2026-10-01T22:36:14Z INFO  minertim::pool_connection] Share accepted: rpc_id=831 job_id=hGrkUBlQxac55nXA nonce=2fddf502 latency_ms=306
[2026-10-01T22:36:17Z INFO  minertim] H/s 1m:1981.7 5m:2100.0 10m:2132.3 | Shares: 431/0 (lost:1) (found:432) | Diff: 116562 | 18s elapsed (since last share, avg 58s) | best=38 target=36847 (999%)
[2026-10-01T22:36:18Z INFO  minertim::pool_connection] New job: t5zxtLwvvVInI8kS (difficulty: 116562, target: ef8f0000)
[2026-10-01T22:36:24Z INFO  minertim::miner] Worker 1 SHARE FOUND! job_id=t5zxtLwvvVInI8kS, nonce=09a5f702, hash_val=16470, difficulty=116562, hash=37e114cc801e4038ac826beccc7a4d8d1b2017613611c076941c266056400000
[2026-10-01T22:36:27Z INFO  minertim] H/s 1m:1981.5 5m:2095.3 10m:2127.6 | Shares: 431/0 (lost:1) (found:433) | Diff: 116562 | 3s elapsed (since last share, avg 58s) | best=38 target=36847 (999%)
[2026-10-01T22:36:37Z INFO  minertim] H/s 1m:1878.1 5m:2076.4 10m:2118.2 | Shares: 431/0 (lost:1) (found:433) | Diff: 116562 | 13s elapsed (since last share, avg 1m2s) | best=38 target=36847 (999%)
[2026-10-01T22:36:38Z INFO  minertim::pool_connection] New job: tCR8VC9owbDVfsTD (difficulty: 116562, target: ef8f0000)
[2026-10-01T22:36:38Z INFO  minertim::pool_connection] Share submitted: rpc_id=833 job_id=t5zxtLwvvVInI8kS nonce=09a5f702
[2026-10-01T22:36:39Z INFO  minertim::pool_connection] Share accepted: rpc_id=833 job_id=t5zxtLwvvVInI8kS nonce=09a5f702 latency_ms=289
[2026-10-01T22:36:40Z INFO  minertim::pool_connection] New job: 7FBrVm580SjvOMsM (difficulty: 116562, target: ef8f0000)
[2026-10-01T22:36:43Z INFO  minertim::miner] Worker 2 SHARE FOUND! job_id=7FBrVm580SjvOMsM, nonce=26a1fb02, hash_val=30984, difficulty=116562, hash=c58417e0710710762100d3c58cbd64f8767146e0556d3db22e25cd3f08790000
[2026-10-01T22:36:47Z INFO  minertim] H/s 1m:1820.0 5m:2066.4 10m:2113.2 | Shares: 432/0 (lost:1) (found:434) | Diff: 116562 | 3s elapsed (since last share, avg 1m4s) | best=38 target=36847 (999%)
[2026-10-01T22:36:57Z INFO  minertim] H/s 1m:1765.2 5m:2047.6 10m:2108.7 | Shares: 432/0 (lost:1) (found:434) | Diff: 116562 | 13s elapsed (since last share, avg 1m6s) | best=38 target=36847 (999%)
[2026-10-01T22:37:00Z INFO  minertim::pool_connection] New job: yksd4CldEeRzJlL1 (difficulty: 116562, target: ef8f0000)
[2026-10-01T22:37:00Z INFO  minertim::pool_connection] Share submitted: rpc_id=834 job_id=7FBrVm580SjvOMsM nonce=26a1fb02
[2026-10-01T22:37:00Z INFO  minertim::pool_connection] Share accepted: rpc_id=834 job_id=7FBrVm580SjvOMsM nonce=26a1fb02 latency_ms=306
[2026-10-01T22:37:07Z INFO  minertim] H/s 1m:1866.1 5m:2046.2 10m:2117.3 | Shares: 433/0 (lost:1) (found:434) | Diff: 116562 | 23s elapsed (since last share, avg 1m2s) | best=38 target=36847 (999%)
[2026-10-01T22:37:17Z INFO  minertim] H/s 1m:1921.4 5m:2046.2 10m:2118.2 | Shares: 433/0 (lost:1) (found:434) | Diff: 116562 | 33s elapsed (since last share, avg 1m0s) | best=38 target=36847 (999%)
[2026-10-01T22:37:20Z INFO  minertim::pool_connection] New job: YpEgiGB0Jmjuc4hS (difficulty: 116562, target: ef8f0000)
[2026-10-01T22:37:27Z INFO  minertim] H/s 1m:2033.3 5m:2046.3 10m:2118.2 | Shares: 433/0 (lost:1) (found:434) | Diff: 116562 | 43s elapsed (since last share, avg 57s) | best=38 target=36847 (999%)
[2026-10-01T22:37:37Z INFO  minertim::pool_connection] New job: qF0P78Od1u3GXHOe (difficulty: 116562, target: ef8f0000)
[2026-10-01T22:37:37Z INFO  minertim] H/s 1m:2091.3 5m:2046.3 10m:2118.9 | Shares: 433/0 (lost:1) (found:434) | Diff: 116562 | 53s elapsed (since last share, avg 55s) | best=38 target=36847 (999%)
[2026-10-01T22:37:47Z INFO  minertim] H/s 1m:2201.8 5m:2056.7 10m:2118.8 | Shares: 433/0 (lost:1) (found:434) | Diff: 116562 | 1m3s elapsed (since last share, avg 52s) | best=38 target=36847 (999%)
[2026-10-01T22:37:57Z INFO  minertim::pool_connection] New job: d4VhDi1ED9Xh1dOd (difficulty: 116562, target: ef8f0000)
[2026-10-01T22:37:57Z INFO  minertim] H/s 1m:2210.6 5m:2066.5 10m:2119.1 | Shares: 433/0 (lost:1) (found:434) | Diff: 116562 | 1m13s elapsed (since last share, avg 52s) | best=38 target=36847 (999%)
[2026-10-01T22:38:07Z INFO  minertim] H/s 1m:2208.0 5m:2079.1 10m:2118.8 | Shares: 433/0 (lost:1) (found:434) | Diff: 116562 | 1m23s elapsed (since last share, avg 52s) | best=38 target=36847 (999%)
[2026-10-01T22:38:17Z INFO  minertim::pool_connection] New job: R7clKkRbMK40EBFa (difficulty: 116562, target: ef8f0000)
[2026-10-01T22:38:17Z INFO  minertim] H/s 1m:2207.0 5m:2079.2 10m:2118.8 | Shares: 433/0 (lost:1) (found:434) | Diff: 116562 | 1m33s elapsed (since last share, avg 52s) | best=38 target=36847 (999%)
[2026-10-01T22:38:27Z INFO  minertim] H/s 1m:2207.0 5m:2079.3 10m:2118.7 | Shares: 433/0 (lost:1) (found:434) | Diff: 116562 | 1m43s elapsed (since last share, avg 52s) | best=38 target=36847 (999%)
[2026-10-01T22:38:27Z INFO  minertim::miner] Worker 1 SHARE FOUND! job_id=R7clKkRbMK40EBFa, nonce=494efb02, hash_val=25175, difficulty=116562, hash=a370952732f308c160d40a4a583ec6010d7fbd6ad12ff8d48451f56e57620000
[2026-10-01T22:38:30Z INFO  minertim::pool_connection] Share submitted: rpc_id=837 job_id=R7clKkRbMK40EBFa nonce=494efb02
[2026-10-01T22:38:30Z INFO  minertim::pool_connection] Share accepted: rpc_id=837 job_id=R7clKkRbMK40EBFa nonce=494efb02 latency_ms=269
[2026-10-01T22:38:37Z INFO  minertim::pool_connection] New job: A3I7PqshSDCx8jOS (difficulty: 116562, target: ef8f0000)
[2026-10-01T22:38:37Z INFO  minertim] H/s 1m:2193.0 5m:2076.7 10m:2117.5 | Shares: 434/0 (lost:1) (found:435) | Diff: 116562 | 9s elapsed (since last share, avg 53s) | best=38 target=36847 (999%)
[2026-10-01T22:38:47Z INFO  minertim] H/s 1m:2192.3 5m:2076.5 10m:2117.5 | Shares: 434/0 (lost:1) (found:435) | Diff: 116562 | 20s elapsed (since last share, avg 53s) | best=38 target=36847 (999%)
[2026-10-01T22:38:56Z INFO  minertim::pool_connection] New job: 01ywOKmKXXABe6pw (difficulty: 116562, target: ef8f0000)
[2026-10-01T22:38:57Z INFO  minertim] H/s 1m:2194.6 5m:2076.7 10m:2117.6 | Shares: 434/0 (lost:1) (found:435) | Diff: 116562 | 30s elapsed (since last share, avg 53s) | best=38 target=36847 (999%)
[2026-10-01T22:39:07Z INFO  minertim] H/s 1m:2192.8 5m:2095.5 10m:2117.3 | Shares: 434/0 (lost:1) (found:435) | Diff: 116562 | 40s elapsed (since last share, avg 53s) | best=38 target=36847 (999%)
[2026-10-01T22:39:16Z INFO  minertim::pool_connection] New job: 5WRDzd0JZsClJjVh (difficulty: 116562, target: ef8f0000)
[2026-10-01T22:39:17Z INFO  minertim] H/s 1m:2192.4 5m:2102.9 10m:2117.3 | Shares: 434/0 (lost:1) (found:435) | Diff: 116562 | 50s elapsed (since last share, avg 53s) | best=38 target=36847 (999%)
[2026-10-01T22:39:27Z INFO  minertim] H/s 1m:2207.0 5m:2102.9 10m:2124.9 | Shares: 434/0 (lost:1) (found:435) | Diff: 116562 | 1m0s elapsed (since last share, avg 52s) | best=38 target=36847 (999%)
[2026-10-01T22:39:33Z INFO  minertim::miner] Worker 1 SHARE FOUND! job_id=5WRDzd0JZsClJjVh, nonce=c16dfd02, hash_val=36759, difficulty=116562, hash=4b6aad438db221879ae1aeeab0a71370b03ceed0166efb7ec9692021978f0000
[2026-10-01T22:39:36Z INFO  minertim::pool_connection] New job: H0QdDsUcM8PjjbHd (difficulty: 116562, target: ef8f0000)
[2026-10-01T22:39:36Z INFO  minertim::pool_connection] Share submitted: rpc_id=839 job_id=5WRDzd0JZsClJjVh nonce=c16dfd02
[2026-10-01T22:39:37Z INFO  minertim::pool_connection] Share accepted: rpc_id=839 job_id=5WRDzd0JZsClJjVh nonce=c16dfd02 latency_ms=316
[2026-10-01T22:39:37Z INFO  minertim] H/s 1m:2185.0 5m:2099.0 10m:2123.0 | Shares: 435/0 (lost:1) (found:436) | Diff: 116562 | 4s elapsed (since last share, avg 53s) | best=38 target=36847 (999%)
[2026-10-01T22:39:47Z INFO  minertim] H/s 1m:2184.9 5m:2098.9 10m:2122.9 | Shares: 435/0 (lost:1) (found:436) | Diff: 116562 | 14s elapsed (since last share, avg 53s) | best=38 target=36847 (999%)
[2026-10-01T22:39:50Z INFO  minertim::pool_connection] New job: 2xsN084Up12UOe60 (difficulty: 116562, target: ef8f0000)
[2026-10-01T22:39:57Z INFO  minertim] H/s 1m:2187.4 5m:2104.3 10m:2123.1 | Shares: 435/0 (lost:1) (found:436) | Diff: 116562 | 24s elapsed (since last share, avg 53s) | best=38 target=36847 (999%)
[2026-10-01T22:40:07Z INFO  minertim] H/s 1m:2184.9 5m:2103.7 10m:2122.8 | Shares: 435/0 (lost:1) (found:436) | Diff: 116562 | 34s elapsed (since last share, avg 53s) | best=38 target=36847 (999%)
[2026-10-01T22:40:10Z INFO  minertim::pool_connection] New job: UPimK008Dw9r38SE (difficulty: 116562, target: ef8f0000)
[2026-10-01T22:40:17Z INFO  minertim] H/s 1m:2184.3 5m:2103.6 10m:2122.8 | Shares: 435/0 (lost:1) (found:436) | Diff: 116562 | 44s elapsed (since last share, avg 53s) | best=38 target=36847 (999%)
[2026-10-01T22:40:17Z INFO  minertim::pool_connection] New job: RD5cjTmjVdMRvF2w (difficulty: 116562, target: ef8f0000)
[2026-10-01T22:40:27Z INFO  minertim] H/s 1m:2206.8 5m:2113.1 10m:2122.8 | Shares: 435/0 (lost:1) (found:436) | Diff: 116562 | 54s elapsed (since last share, avg 52s) | best=38 target=36847 (999%)
[2026-10-01T22:40:37Z INFO  minertim] H/s 1m:2207.4 5m:2114.4 10m:2122.8 | Shares: 435/0 (lost:1) (found:436) | Diff: 116562 | 1m4s elapsed (since last share, avg 52s) | best=38 target=36847 (999%)
[2026-10-01T22:40:37Z INFO  minertim::pool_connection] New job: R9YiHKzoYMi8KPa0 (difficulty: 116562, target: ef8f0000)
[2026-10-01T22:40:47Z INFO  minertim] H/s 1m:2206.3 5m:2114.3 10m:2122.7 | Shares: 435/0 (lost:1) (found:436) | Diff: 116562 | 1m14s elapsed (since last share, avg 52s) | best=38 target=36847 (999%)
[2026-10-01T22:40:56Z INFO  minertim::miner] Worker 0 SHARE FOUND! job_id=R9YiHKzoYMi8KPa0, nonce=04f10003, hash_val=5377, difficulty=116562, hash=ffd04feb9bd02bb14f5b03ffb0edc25c191463ab7b221c50223fb80b01150000
[2026-10-01T22:40:57Z INFO  minertim] H/s 1m:2209.4 5m:2124.0 10m:2122.9 | Shares: 435/0 (lost:1) (found:437) | Diff: 116562 | 0s elapsed (since last share, avg 52s) | best=38 target=36847 (999%)
[2026-10-01T22:40:57Z INFO  minertim::pool_connection] New job: cVGZNqujuBgz02ep (difficulty: 116562, target: ef8f0000)
[2026-10-01T22:40:57Z INFO  minertim::pool_connection] Share submitted: rpc_id=841 job_id=R9YiHKzoYMi8KPa0 nonce=04f10003
[2026-10-01T22:40:57Z INFO  minertim::pool_connection] Share accepted: rpc_id=841 job_id=R9YiHKzoYMi8KPa0 nonce=04f10003 latency_ms=226
[2026-10-01T22:41:05Z INFO  minertim::pool_connection] Donation: mining to Author (donate-level 5%)
[2026-10-01T22:41:05Z INFO  minertim::pool_connection] Connecting to pool: monerohash.com:2222
[2026-10-01T22:41:06Z INFO  minertim::pool_connection] Connected to pool (plain TCP): monerohash.com:2222
[2026-10-01T22:41:06Z INFO  minertim::pool_connection] Login successful, session id: j77K20SC0k1KoyOh
[2026-10-01T22:41:06Z INFO  minertim::pool_connection] Initial job: cxR8mRUJnymq5U9r (difficulty: 50000, target: 8b4f0100)
[2026-10-01T22:41:06Z INFO  minertim::miner] Worker 0 SHARE FOUND! job_id=cxR8mRUJnymq5U9r, nonce=40350103, hash_val=35034, difficulty=50000, hash=6aeb1d6ee4638aaa9c795991f11ff2a788e2c8a1f006b6fa1470c902da880000
[2026-10-01T22:41:07Z INFO  minertim] H/s 1m:2187.6 5m:2139.1 10m:2121.0 | Shares: 436/0 (lost:1) (found:438) | Diff: 50000 | 1s elapsed (since last share, avg 22s) | best=38 target=85899 (999%)
[2026-10-01T22:41:11Z INFO  minertim::pool_connection] Share submitted: rpc_id=843 job_id=cxR8mRUJnymq5U9r nonce=40350103
[2026-10-01T22:41:11Z INFO  minertim::pool_connection] Share accepted: rpc_id=843 job_id=cxR8mRUJnymq5U9r nonce=40350103 latency_ms=250
[2026-10-01T22:41:17Z INFO  minertim::pool_connection] New job: 8BAH0mJK3P5A3u6h (difficulty: 50000, target: 8b4f0100)
[2026-10-01T22:41:17Z INFO  minertim] H/s 1m:2114.7 5m:2136.0 10m:2114.9 | Shares: 437/0 (lost:1) (found:438) | Diff: 50000 | 11s elapsed (since last share, avg 23s) | best=38 target=85899 (999%)
[2026-10-01T22:41:20Z INFO  minertim::miner] Worker 2 SHARE FOUND! job_id=8BAH0mJK3P5A3u6h, nonce=32650403, hash_val=57323, difficulty=50000, hash=5d9e5453a1e042ee3ada1a699f98fcfccd2dfd6a4c7ee9708c9f1102ebdf0000
[2026-10-01T22:41:27Z INFO  minertim] H/s 1m:2058.9 5m:2145.6 10m:2112.6 | Shares: 437/0 (lost:1) (found:439) | Diff: 50000 | 6s elapsed (since last share, avg 24s) | best=38 target=85899 (999%)
[2026-10-01T22:41:31Z INFO  minertim::pool_connection] New job: EVM841E4Y3CQoCZk (difficulty: 75000, target: b2df0000)
[2026-10-01T22:41:31Z INFO  minertim::pool_connection] Share submitted: rpc_id=845 job_id=8BAH0mJK3P5A3u6h nonce=32650403
[2026-10-01T22:41:31Z INFO  minertim::pool_connection] Share accepted: rpc_id=845 job_id=8BAH0mJK3P5A3u6h nonce=32650403 latency_ms=306
[2026-10-01T22:41:37Z INFO  minertim::pool_connection] New job: z7vGlMt0lnDlY9Vi (difficulty: 75000, target: b2df0000)
[2026-10-01T22:41:37Z INFO  minertim] H/s 1m:2011.7 5m:2147.3 10m:2108.6 | Shares: 438/0 (lost:1) (found:439) | Diff: 75000 | 16s elapsed (since last share, avg 37s) | best=38 target=57266 (999%)
[2026-10-01T22:41:47Z INFO  minertim] H/s 1m:2011.4 5m:2166.4 10m:2108.6 | Shares: 438/0 (lost:1) (found:439) | Diff: 75000 | 26s elapsed (since last share, avg 37s) | best=38 target=57266 (999%)
[2026-10-01T22:41:57Z INFO  minertim::pool_connection] New job: 7QxL7P0LO0UsPFsb (difficulty: 75000, target: b2df0000)
[2026-10-01T22:41:57Z INFO  minertim] H/s 1m:2033.1 5m:2167.8 10m:2108.7 | Shares: 438/0 (lost:1) (found:439) | Diff: 75000 | 36s elapsed (since last share, avg 36s) | best=38 target=57266 (999%)
[2026-10-01T22:42:01Z INFO  minertim::pool_connection] New job: ggaJz0DhG6nY0Avb (difficulty: 112501, target: 21950000)
[2026-10-01T22:42:07Z INFO  minertim::miner] Worker 1 SHARE FOUND! job_id=ggaJz0DhG6nY0Avb, nonce=11770203, hash_val=18913, difficulty=112501, hash=6cf968daca0bf3d2381e91e1a0f38efe8d4eaa9b2e96dd3819c9ef3ae1490000
[2026-10-01T22:42:07Z INFO  minertim] H/s 1m:2103.8 5m:2167.4 10m:2108.6 | Shares: 438/0 (lost:1) (found:440) | Diff: 112501 | 0s elapsed (since last share, avg 53s) | best=38 target=38177 (999%)
[2026-10-01T22:42:17Z INFO  minertim::pool_connection] New job: colbiKunW106askm (difficulty: 112501, target: 21950000)
[2026-10-01T22:42:17Z INFO  minertim::pool_connection] Share submitted: rpc_id=846 job_id=ggaJz0DhG6nY0Avb nonce=11770203
[2026-10-01T22:42:17Z INFO  minertim::pool_connection] Share accepted: rpc_id=846 job_id=ggaJz0DhG6nY0Avb nonce=11770203 latency_ms=252
[2026-10-01T22:42:17Z INFO  minertim] H/s 1m:2053.3 5m:2149.0 10m:2099.6 | Shares: 439/0 (lost:1) (found:440) | Diff: 112501 | 10s elapsed (since last share, avg 54s) | best=38 target=38177 (999%)
[2026-10-01T22:42:27Z INFO  minertim] H/s 1m:2101.2 5m:2149.0 10m:2099.6 | Shares: 439/0 (lost:1) (found:440) | Diff: 112501 | 20s elapsed (since last share, avg 53s) | best=38 target=38177 (999%)
[2026-10-01T22:42:37Z INFO  minertim::pool_connection] New job: DDsXmftWCkuZFBTk (difficulty: 112501, target: 21950000)
[2026-10-01T22:42:37Z INFO  minertim] H/s 1m:2101.7 5m:2149.2 10m:2099.6 | Shares: 439/0 (lost:1) (found:440) | Diff: 112501 | 30s elapsed (since last share, avg 53s) | best=38 target=38177 (999%)
[2026-10-01T22:42:47Z INFO  minertim] H/s 1m:2102.6 5m:2149.2 10m:2104.8 | Shares: 439/0 (lost:1) (found:440) | Diff: 112501 | 40s elapsed (since last share, avg 53s) | best=38 target=38177 (999%)
[2026-10-01T22:42:56Z INFO  minertim::pool_connection] New job: fptKMMMGNs0NbYOo (difficulty: 112501, target: 21950000)
[2026-10-01T22:42:57Z INFO  minertim] H/s 1m:2104.1 5m:2149.5 10m:2109.5 | Shares: 439/0 (lost:1) (found:440) | Diff: 112501 | 50s elapsed (since last share, avg 53s) | best=38 target=38177 (999%)
[2026-10-01T22:43:07Z INFO  minertim] H/s 1m:2208.7 5m:2149.3 10m:2115.8 | Shares: 439/0 (lost:1) (found:440) | Diff: 112501 | 1m0s elapsed (since last share, avg 50s) | best=38 target=38177 (999%)
[2026-10-01T22:43:16Z INFO  minertim::pool_connection] New job: YUkIkhqZA2AdzXcB (difficulty: 112501, target: 21950000)
[2026-10-01T22:43:17Z INFO  minertim] H/s 1m:2208.4 5m:2149.3 10m:2115.9 | Shares: 439/0 (lost:1) (found:440) | Diff: 112501 | 1m10s elapsed (since last share, avg 50s) | best=38 target=38177 (999%)
[2026-10-01T22:43:27Z INFO  minertim] H/s 1m:2208.0 5m:2151.8 10m:2115.9 | Shares: 439/0 (lost:1) (found:440) | Diff: 112501 | 1m20s elapsed (since last share, avg 50s) | best=38 target=38177 (999%)
[2026-10-01T22:43:31Z INFO  minertim::pool_connection] New job: BdO0HXdX0gQF0zv5 (difficulty: 84375, target: d7c60000)
[2026-10-01T22:43:35Z INFO  minertim::pool_connection] Donation: mining to Xmrig (donate-level 5%)
[2026-10-01T22:43:35Z INFO  minertim::pool_connection] Connecting to pool: monerohash.com:2222
[2026-10-01T22:43:35Z INFO  minertim::pool_connection] Connected to pool (plain TCP): monerohash.com:2222
[2026-10-01T22:43:36Z INFO  minertim::pool_connection] Login successful, session id: eNfurJBPlueDPE35
[2026-10-01T22:43:36Z INFO  minertim::pool_connection] Initial job: bUjxmwjd1v4KpgFK (difficulty: 50000, target: 8b4f0100)
[2026-10-01T22:43:36Z INFO  minertim::pool_connection] New job: jRm0f4My8XgDxJSX (difficulty: 50000, target: 8b4f0100)
[2026-10-01T22:43:37Z INFO  minertim] H/s 1m:2187.0 5m:2148.3 10m:2114.1 | Shares: 439/0 (lost:1) (found:440) | Diff: 50000 | 1m30s elapsed (since last share, avg 22s) | best=38 target=85899 (999%)
[2026-10-01T22:43:47Z INFO  minertim] H/s 1m:2180.5 5m:2147.1 10m:2113.4 | Shares: 439/0 (lost:1) (found:440) | Diff: 50000 | 1m40s elapsed (since last share, avg 22s) | best=38 target=85899 (999%)
[2026-10-01T22:43:55Z INFO  minertim::miner] Worker 3 SHARE FOUND! job_id=jRm0f4My8XgDxJSX, nonce=9b5f0503, hash_val=60282, difficulty=50000, hash=0bf3769c05d708b9bd20742016d9d51aee930de1ded7acfe8115db097aeb0000
[2026-10-01T22:43:56Z INFO  minertim::pool_connection] New job: lunxEGYU0qYoPESy (difficulty: 50000, target: 8b4f0100)
[2026-10-01T22:43:56Z INFO  minertim::pool_connection] Share submitted: rpc_id=850 job_id=jRm0f4My8XgDxJSX nonce=9b5f0503
[2026-10-01T22:43:56Z INFO  minertim::pool_connection] Share accepted: rpc_id=850 job_id=jRm0f4My8XgDxJSX nonce=9b5f0503 latency_ms=306
[2026-10-01T22:43:57Z INFO  minertim] H/s 1m:2181.9 5m:2147.4 10m:2113.6 | Shares: 440/0 (lost:1) (found:441) | Diff: 50000 | 1s elapsed (since last share, avg 22s) | best=38 target=85899 (999%)
[2026-10-01T22:43:58Z INFO  minertim::pool_connection] New job: utdU8Ng6mHvR0jM3 (difficulty: 75000, target: b2df0000)
[2026-10-01T22:44:07Z INFO  minertim] H/s 1m:2171.8 5m:2145.7 10m:2122.1 | Shares: 440/0 (lost:1) (found:441) | Diff: 75000 | 11s elapsed (since last share, avg 34s) | best=38 target=57266 (999%)
[2026-10-01T22:44:16Z INFO  minertim::miner] Worker 3 SHARE FOUND! job_id=utdU8Ng6mHvR0jM3, nonce=b7080603, hash_val=37278, difficulty=75000, hash=42350a682b96897b1aac5bddba7839aec201d2063e286f6710e4a9279e910000
[2026-10-01T22:44:16Z INFO  minertim::pool_connection] New job: jMQ579fFyDEmTAJJ (difficulty: 75000, target: b2df0000)
[2026-10-01T22:44:16Z INFO  minertim::pool_connection] Share submitted: rpc_id=852 job_id=utdU8Ng6mHvR0jM3 nonce=b7080603
[2026-10-01T22:44:16Z INFO  minertim::pool_connection] Share accepted: rpc_id=852 job_id=utdU8Ng6mHvR0jM3 nonce=b7080603 latency_ms=240
[2026-10-01T22:44:17Z INFO  minertim] H/s 1m:2171.8 5m:2145.7 10m:2125.8 | Shares: 441/0 (lost:1) (found:442) | Diff: 75000 | 1s elapsed (since last share, avg 34s) | best=38 target=57266 (999%)
[2026-10-01T22:44:18Z INFO  minertim::miner] Worker 1 SHARE FOUND! job_id=jMQ579fFyDEmTAJJ, nonce=21850603, hash_val=5292, difficulty=75000, hash=39ae93615be584dc995b3333493327413a487990b38dd0bb31697b62ac140000
[2026-10-01T22:44:27Z INFO  minertim] H/s 1m:2078.9 5m:2130.0 10m:2116.1 | Shares: 441/0 (lost:1) (found:443) | Diff: 75000 | 9s elapsed (since last share, avg 36s) | best=38 target=57266 (999%)
[2026-10-01T22:44:28Z INFO  minertim::pool_connection] New job: j9uuQKqcoeWajAct (difficulty: 112501, target: 21950000)
[2026-10-01T22:44:28Z INFO  minertim::pool_connection] Share submitted: rpc_id=853 job_id=jMQ579fFyDEmTAJJ nonce=21850603
[2026-10-01T22:44:28Z INFO  minertim::pool_connection] Share accepted: rpc_id=853 job_id=jMQ579fFyDEmTAJJ nonce=21850603 latency_ms=307
[2026-10-01T22:44:36Z INFO  minertim::pool_connection] New job: cbvf6bINsxrD5e0W (difficulty: 112501, target: 21950000)
[2026-10-01T22:44:37Z INFO  minertim] H/s 1m:2041.5 5m:2122.4 10m:2112.3 | Shares: 442/0 (lost:1) (found:443) | Diff: 112501 | 19s elapsed (since last share, avg 55s) | best=38 target=38177 (999%)
[2026-10-01T22:44:47Z INFO  minertim] H/s 1m:2042.0 5m:2122.3 10m:2112.3 | Shares: 442/0 (lost:1) (found:443) | Diff: 112501 | 29s elapsed (since last share, avg 55s) | best=38 target=38177 (999%)
[2026-10-01T22:44:56Z INFO  minertim::pool_connection] New job: BBw7TF7h9DJPMKrq (difficulty: 112501, target: 21950000)
[2026-10-01T22:44:57Z INFO  minertim] H/s 1m:2052.1 5m:2122.8 10m:2114.9 | Shares: 442/0 (lost:1) (found:443) | Diff: 112501 | 39s elapsed (since last share, avg 54s) | best=38 target=38177 (999%)
[2026-10-01T22:44:58Z INFO  minertim::pool_connection] New job: 8TiMyzRiZ1uuzzbB (difficulty: 168754, target: 6b630000)
[2026-10-01T22:45:07Z INFO  minertim] H/s 1m:2049.8 5m:2122.5 10m:2114.7 | Shares: 442/0 (lost:1) (found:443) | Diff: 168754 | 49s elapsed (since last share, avg 1m22s) | best=38 target=25451 (999%)
[2026-10-01T22:45:16Z INFO  minertim::pool_connection] New job: 3MGLdto8jZ5gx34N (difficulty: 168754, target: 6b630000)
[2026-10-01T22:45:17Z INFO  minertim] H/s 1m:2161.5 5m:2122.2 10m:2114.5 | Shares: 442/0 (lost:1) (found:443) | Diff: 168754 | 59s elapsed (since last share, avg 1m18s) | best=38 target=25451 (999%)
[2026-10-01T22:45:27Z INFO  minertim] H/s 1m:2205.7 5m:2122.1 10m:2119.1 | Shares: 442/0 (lost:1) (found:443) | Diff: 168754 | 1m9s elapsed (since last share, avg 1m16s) | best=38 target=25451 (999%)
[2026-10-01T22:45:28Z INFO  minertim::pool_connection] New job: dtoYjt3CJB6zMpJh (difficulty: 126564, target: 8f840000)
[2026-10-01T22:45:35Z INFO  minertim::pool_connection] New job: SRmvvMtUhWwcLX45 (difficulty: 126564, target: 8f840000)
[2026-10-01T22:45:37Z INFO  minertim] H/s 1m:2205.0 5m:2122.1 10m:2119.8 | Shares: 442/0 (lost:1) (found:443) | Diff: 126564 | 1m19s elapsed (since last share, avg 57s) | best=38 target=33935 (999%)
[2026-10-01T22:45:41Z INFO  minertim::miner] Worker 1 SHARE FOUND! job_id=SRmvvMtUhWwcLX45, nonce=29fe0803, hash_val=14228, difficulty=126564, hash=f57af3957b008f649130767e1f146320cbd78d3434ec4ea50838049194370000
[2026-10-01T22:45:47Z INFO  minertim] H/s 1m:2149.5 5m:2112.5 10m:2115.0 | Shares: 442/0 (lost:1) (found:444) | Diff: 126564 | 6s elapsed (since last share, avg 58s) | best=38 target=33935 (999%)
[2026-10-01T22:45:55Z INFO  minertim::pool_connection] New job: ocWokKzgtkXY6Bh5 (difficulty: 126564, target: 8f840000)
[2026-10-01T22:45:55Z INFO  minertim::pool_connection] Share submitted: rpc_id=855 job_id=SRmvvMtUhWwcLX45 nonce=29fe0803
[2026-10-01T22:45:56Z INFO  minertim::pool_connection] Share accepted: rpc_id=855 job_id=SRmvvMtUhWwcLX45 nonce=29fe0803 latency_ms=306
[2026-10-01T22:45:57Z INFO  minertim] H/s 1m:2076.6 5m:2103.4 10m:2113.4 | Shares: 443/0 (lost:1) (found:444) | Diff: 126564 | 16s elapsed (since last share, avg 1m0s) | best=38 target=33935 (999%)
[2026-10-01T22:45:58Z INFO  minertim::pool_connection] New job: 63WQVOxMrJbIxdW0 (difficulty: 189849, target: 5f580000)
[2026-10-01T22:46:05Z INFO  minertim::pool_connection] Donation: mining to User (donate-level 5%)
[2026-10-01T22:46:05Z INFO  minertim::pool_connection] Connecting to pool: monerohash.com:2222
[2026-10-01T22:46:05Z INFO  minertim::pool_connection] Connected to pool (plain TCP): monerohash.com:2222
[2026-10-01T22:46:06Z INFO  minertim::pool_connection] Login successful, session id: DT0lsSiIs9WaVed5
[2026-10-01T22:46:06Z INFO  minertim::pool_connection] Initial job: 9LabgrKEcHNdtTgz (difficulty: 50000, target: 8b4f0100)
[2026-10-01T22:46:07Z INFO  minertim] H/s 1m:2059.5 5m:2112.7 10m:2121.1 | Shares: 443/0 (lost:1) (found:444) | Diff: 50000 | 26s elapsed (since last share, avg 24s) | best=38 target=85899 (999%)
[2026-10-01T22:46:10Z INFO  minertim::miner] Worker 3 SHARE FOUND! job_id=9LabgrKEcHNdtTgz, nonce=e3dc0903, hash_val=1150, difficulty=50000, hash=90f3195d127626e8df89032376677fdf40b7f956fb02a74d21b6bc657e040000
[2026-10-01T22:46:15Z INFO  minertim::pool_connection] New job: PNYVxpKT4BjwsXYw (difficulty: 50000, target: 8b4f0100)
[2026-10-01T22:46:15Z INFO  minertim::pool_connection] Share submitted: rpc_id=857 job_id=9LabgrKEcHNdtTgz nonce=e3dc0903
[2026-10-01T22:46:16Z INFO  minertim::pool_connection] Share accepted: rpc_id=857 job_id=9LabgrKEcHNdtTgz nonce=e3dc0903 latency_ms=307
[2026-10-01T22:46:17Z INFO  minertim] H/s 1m:2015.5 5m:2114.6 10m:2122.0 | Shares: 444/0 (lost:1) (found:445) | Diff: 50000 | 7s elapsed (since last share, avg 24s) | best=38 target=85899 (999%)
[2026-10-01T22:46:19Z INFO  minertim::miner] Worker 2 SHARE FOUND! job_id=PNYVxpKT4BjwsXYw, nonce=d20e0e03, hash_val=815, difficulty=50000, hash=bd4a2012dcb648083bb08fb8e9a5e5d67cab22e4855044e7b28474a42f030000
[2026-10-01T22:46:27Z INFO  minertim] H/s 1m:1902.8 5m:2103.3 10m:2121.9 | Shares: 444/0 (lost:1) (found:446) | Diff: 50000 | 8s elapsed (since last share, avg 26s) | best=38 target=85899 (999%)
[2026-10-01T22:46:35Z INFO  minertim::pool_connection] New job: o52bnszMwmdwD3VW (difficulty: 50000, target: 8b4f0100)
[2026-10-01T22:46:35Z INFO  minertim::pool_connection] Share submitted: rpc_id=859 job_id=PNYVxpKT4BjwsXYw nonce=d20e0e03
[2026-10-01T22:46:35Z INFO  minertim::pool_connection] Share accepted: rpc_id=859 job_id=PNYVxpKT4BjwsXYw nonce=d20e0e03 latency_ms=307
[2026-10-01T22:46:37Z INFO  minertim] H/s 1m:1877.7 5m:2089.4 10m:2119.9 | Shares: 445/0 (lost:1) (found:446) | Diff: 50000 | 18s elapsed (since last share, avg 26s) | best=38 target=85899 (999%)
[2026-10-01T22:46:41Z INFO  minertim::pool_connection] New job: GNSkCE0yQZ1cjG4J (difficulty: 75000, target: b2df0000)
[2026-10-01T22:46:47Z INFO  minertim] H/s 1m:1952.8 5m:2089.5 10m:2129.3 | Shares: 445/0 (lost:1) (found:446) | Diff: 75000 | 28s elapsed (since last share, avg 38s) | best=38 target=57266 (999%)
[2026-10-01T22:46:55Z INFO  minertim::pool_connection] New job: 1CpkwnUMC3tVp2TB (difficulty: 75000, target: b2df0000)
[2026-10-01T22:46:57Z INFO  minertim] H/s 1m:1971.5 5m:2089.9 10m:2130.0 | Shares: 445/0 (lost:1) (found:446) | Diff: 75000 | 38s elapsed (since last share, avg 38s) | best=38 target=57266 (999%)
[2026-10-01T22:47:08Z INFO  minertim] H/s 1m:2013.7 5m:2107.8 10m:2129.8 | Shares: 445/0 (lost:1) (found:446) | Diff: 75000 | 48s elapsed (since last share, avg 37s) | best=38 target=57266 (999%)
[2026-10-01T22:47:14Z INFO  minertim::miner] Worker 3 SHARE FOUND! job_id=1CpkwnUMC3tVp2TB, nonce=bfd50b03, hash_val=21457, difficulty=75000, hash=aa6a69896191c7d757d86911c9cbe5ea8d18832d0d1c9c05282e039dd1530000
[2026-10-01T22:47:15Z INFO  minertim::pool_connection] New job: KrrYbSDtZog0phTU (difficulty: 75000, target: b2df0000)
[2026-10-01T22:47:15Z INFO  minertim::pool_connection] Share submitted: rpc_id=861 job_id=1CpkwnUMC3tVp2TB nonce=bfd50b03
[2026-10-01T22:47:15Z INFO  minertim::pool_connection] Share accepted: rpc_id=861 job_id=1CpkwnUMC3tVp2TB nonce=bfd50b03 latency_ms=308
[2026-10-01T22:47:18Z INFO  minertim] H/s 1m:2116.2 5m:2105.9 10m:2128.9 | Shares: 446/0 (lost:1) (found:447) | Diff: 75000 | 3s elapsed (since last share, avg 35s) | best=38 target=57266 (999%)
[2026-10-01T22:47:28Z INFO  minertim] H/s 1m:2196.7 5m:2105.8 10m:2128.8 | Shares: 446/0 (lost:1) (found:447) | Diff: 75000 | 13s elapsed (since last share, avg 34s) | best=38 target=57266 (999%)
[2026-10-01T22:47:35Z INFO  minertim::pool_connection] New job: CS0knWtQCX0Gb08x (difficulty: 75000, target: b2df0000)
[2026-10-01T22:47:35Z INFO  minertim::miner] Worker 3 SHARE FOUND! job_id=CS0knWtQCX0Gb08x, nonce=03810c03, hash_val=51814, difficulty=75000, hash=70a4cbf7acb9b661ddae9ad25ade6f4a38f8e49ac38db823d581eedd66ca0000
[2026-10-01T22:47:35Z INFO  minertim::pool_connection] Share submitted: rpc_id=862 job_id=CS0knWtQCX0Gb08x nonce=03810c03
[2026-10-01T22:47:35Z INFO  minertim::pool_connection] Share accepted: rpc_id=862 job_id=CS0knWtQCX0Gb08x nonce=03810c03 latency_ms=301
[2026-10-01T22:47:38Z INFO  minertim] H/s 1m:2193.4 5m:2105.2 10m:2128.6 | Shares: 447/0 (lost:1) (found:448) | Diff: 75000 | 2s elapsed (since last share, avg 34s) | best=38 target=57266 (999%)
[2026-10-01T22:47:41Z INFO  minertim::pool_connection] New job: aoPG58YTNrJzZoep (difficulty: 112501, target: 21950000)
[2026-10-01T22:47:48Z INFO  minertim] H/s 1m:2193.3 5m:2105.3 10m:2128.6 | Shares: 447/0 (lost:1) (found:448) | Diff: 112501 | 12s elapsed (since last share, avg 51s) | best=38 target=38177 (999%)
[2026-10-01T22:47:55Z INFO  minertim::pool_connection] New job: 4bZp4zNUi7622yzx (difficulty: 112501, target: 21950000)
[2026-10-01T22:47:58Z INFO  minertim] H/s 1m:2195.5 5m:2105.5 10m:2128.8 | Shares: 447/0 (lost:1) (found:448) | Diff: 112501 | 22s elapsed (since last share, avg 51s) | best=38 target=38177 (999%)
[2026-10-01T22:48:08Z INFO  minertim] H/s 1m:2204.3 5m:2105.2 10m:2128.6 | Shares: 447/0 (lost:1) (found:448) | Diff: 112501 | 32s elapsed (since last share, avg 51s) | best=38 target=38177 (999%)
[2026-10-01T22:48:14Z INFO  minertim::pool_connection] New job: 2jPPPCrxB5FmY1LC (difficulty: 112501, target: 21950000)
[2026-10-01T22:48:18Z INFO  minertim] H/s 1m:2203.7 5m:2105.1 10m:2128.6 | Shares: 447/0 (lost:1) (found:448) | Diff: 112501 | 42s elapsed (since last share, avg 51s) | best=38 target=38177 (999%)
[2026-10-01T22:48:28Z INFO  minertim] H/s 1m:2206.9 5m:2108.6 10m:2129.8 | Shares: 447/0 (lost:1) (found:448) | Diff: 112501 | 52s elapsed (since last share, avg 50s) | best=38 target=38177 (999%)
[2026-10-01T22:48:34Z INFO  minertim::pool_connection] New job: FzgndkmFcCmECohG (difficulty: 112501, target: 21950000)
[2026-10-01T22:48:38Z INFO  minertim] H/s 1m:2207.0 5m:2109.8 10m:2129.8 | Shares: 447/0 (lost:1) (found:448) | Diff: 112501 | 1m2s elapsed (since last share, avg 50s) | best=38 target=38177 (999%)
[2026-10-01T22:48:41Z INFO  minertim::pool_connection] New job: 4ECFayPvnHOMp4CH (difficulty: 76705, target: b9da0000)
[2026-10-01T22:48:48Z INFO  minertim] H/s 1m:2206.9 5m:2109.8 10m:2129.8 | Shares: 447/0 (lost:1) (found:448) | Diff: 76705 | 1m12s elapsed (since last share, avg 34s) | best=38 target=55993 (999%)
[2026-10-01T22:48:54Z INFO  minertim::pool_connection] New job: 8auEnMBMdUxOSyio (difficulty: 76705, target: b9da0000)
[2026-10-01T22:48:58Z INFO  minertim] H/s 1m:2208.5 5m:2111.5 10m:2130.0 | Shares: 447/0 (lost:1) (found:448) | Diff: 76705 | 1m22s elapsed (since last share, avg 34s) | best=38 target=55993 (999%)
[2026-10-01T22:49:08Z INFO  minertim] H/s 1m:2206.9 5m:2111.1 10m:2129.8 | Shares: 447/0 (lost:1) (found:448) | Diff: 76705 | 1m32s elapsed (since last share, avg 34s) | best=38 target=55993 (999%)
[2026-10-01T22:49:14Z INFO  minertim::pool_connection] New job: xdX5hQQbVuGLftmA (difficulty: 76705, target: b9da0000)
[2026-10-01T22:49:18Z INFO  minertim] H/s 1m:2207.5 5m:2130.8 10m:2129.8 | Shares: 447/0 (lost:1) (found:448) | Diff: 76705 | 1m42s elapsed (since last share, avg 34s) | best=38 target=55993 (999%)
[2026-10-01T22:49:22Z INFO  minertim::miner] Worker 2 SHARE FOUND! job_id=xdX5hQQbVuGLftmA, nonce=d6ac1303, hash_val=54246, difficulty=76705, hash=4dda103727fadb5531f2254f8b47901ae7062af1e56408a09fb15e04e6d30000
[2026-10-01T22:49:24Z INFO  minertim::miner] Worker 1 SHARE FOUND! job_id=xdX5hQQbVuGLftmA, nonce=11fd0f03, hash_val=11900, difficulty=76705, hash=03e1ef0a3bacf811ea74f99eae9be90342b68cc041123d19fa6887f27c2e0000
[2026-10-01T22:49:28Z INFO  minertim] H/s 1m:2098.6 5m:2119.7 10m:2122.5 | Shares: 447/0 (lost:1) (found:450) | Diff: 76705 | 3s elapsed (since last share, avg 36s) | best=38 target=55993 (999%)
[2026-10-01T22:49:34Z INFO  minertim::pool_connection] New job: LFH7L90PBaJt1yN0 (difficulty: 76705, target: b9da0000)
[2026-10-01T22:49:34Z INFO  minertim::pool_connection] Share submitted: rpc_id=866 job_id=xdX5hQQbVuGLftmA nonce=11fd0f03
[2026-10-01T22:49:34Z INFO  minertim::pool_connection] Share submitted: rpc_id=865 job_id=xdX5hQQbVuGLftmA nonce=d6ac1303
[2026-10-01T22:49:34Z INFO  minertim::pool_connection] Share accepted: rpc_id=866 job_id=xdX5hQQbVuGLftmA nonce=11fd0f03 latency_ms=260
[2026-10-01T22:49:34Z INFO  minertim::pool_connection] Share accepted: rpc_id=865 job_id=xdX5hQQbVuGLftmA nonce=d6ac1303 latency_ms=511
[2026-10-01T22:49:37Z INFO  minertim::miner] Worker 3 SHARE FOUND! job_id=LFH7L90PBaJt1yN0, nonce=5fa11003, hash_val=42273, difficulty=76705, hash=7f95994187b92dc75c7ecd9dadcc3a1c64143ff1592128fd0be09b4021a50000
[2026-10-01T22:49:38Z INFO  minertim] H/s 1m:1935.8 5m:2091.5 10m:2108.7 | Shares: 449/0 (lost:1) (found:451) | Diff: 76705 | 0s elapsed (since last share, avg 39s) | best=38 target=55993 (999%)
[2026-10-01T22:49:40Z INFO  minertim::pool_connection] Share submitted: rpc_id=867 job_id=LFH7L90PBaJt1yN0 nonce=5fa11003
[2026-10-01T22:49:41Z INFO  minertim::pool_connection] Share accepted: rpc_id=867 job_id=LFH7L90PBaJt1yN0 nonce=5fa11003 latency_ms=376
[2026-10-01T22:49:41Z INFO  minertim::pool_connection] New job: nPGn9tQnb6LEG6Wa (difficulty: 115060, target: d0910000)
[2026-10-01T22:49:48Z INFO  minertim] H/s 1m:1900.0 5m:2085.3 10m:2105.6 | Shares: 450/0 (lost:1) (found:451) | Diff: 115060 | 10s elapsed (since last share, avg 1m0s) | best=38 target=37328 (999%)
[2026-10-01T22:49:54Z INFO  minertim::pool_connection] New job: ROMI8e55WJpYWMb4 (difficulty: 115060, target: d0910000)
[2026-10-01T22:49:58Z INFO  minertim] H/s 1m:1900.4 5m:2085.4 10m:2105.7 | Shares: 450/0 (lost:1) (found:451) | Diff: 115060 | 20s elapsed (since last share, avg 1m0s) | best=38 target=37328 (999%)
[2026-10-01T22:49:59Z INFO  minertim::miner] Worker 1 SHARE FOUND! job_id=ROMI8e55WJpYWMb4, nonce=59d51003, hash_val=4003, difficulty=115060, hash=fbbf4cd9c9c3438327613c02f17ac4a6d33f06405e8bda14ac11d3a6a30f0000
[2026-10-01T22:50:08Z INFO  minertim] H/s 1m:1842.6 5m:2075.8 10m:2100.9 | Shares: 450/0 (lost:1) (found:452) | Diff: 115060 | 8s elapsed (since last share, avg 1m2s) | best=38 target=37328 (999%)
[2026-10-01T22:50:14Z INFO  minertim::pool_connection] New job: cbhGCzeLyjZxpAlM (difficulty: 115060, target: d0910000)
[2026-10-01T22:50:14Z INFO  minertim::pool_connection] Share submitted: rpc_id=868 job_id=ROMI8e55WJpYWMb4 nonce=59d51003
[2026-10-01T22:50:14Z INFO  minertim::pool_connection] Share accepted: rpc_id=868 job_id=ROMI8e55WJpYWMb4 nonce=59d51003 latency_ms=284
[2026-10-01T22:50:18Z INFO  minertim] H/s 1m:1839.9 5m:2056.6 10m:2091.4 | Shares: 451/0 (lost:1) (found:452) | Diff: 115060 | 18s elapsed (since last share, avg 1m2s) | best=38 target=37328 (999%)
[2026-10-01T22:50:28Z INFO  minertim] H/s 1m:2002.8 5m:2056.6 10m:2091.4 | Shares: 451/0 (lost:1) (found:452) | Diff: 115060 | 28s elapsed (since last share, avg 57s) | best=38 target=37328 (999%)
[2026-10-01T22:50:33Z INFO  minertim::pool_connection] New job: oJdjDpJz6wy3NY61 (difficulty: 115060, target: d0910000)
[2026-10-01T22:50:38Z INFO  minertim] H/s 1m:2038.5 5m:2066.2 10m:2091.4 | Shares: 451/0 (lost:1) (found:452) | Diff: 115060 | 38s elapsed (since last share, avg 56s) | best=38 target=37328 (999%)
[2026-10-01T22:50:48Z INFO  minertim] H/s 1m:2041.0 5m:2079.2 10m:2091.4 | Shares: 451/0 (lost:1) (found:452) | Diff: 115060 | 48s elapsed (since last share, avg 56s) | best=38 target=37328 (999%)
[2026-10-01T22:50:53Z INFO  minertim::miner] Worker 0 SHARE FOUND! job_id=oJdjDpJz6wy3NY61, nonce=6ccc1403, hash_val=12969, difficulty=115060, hash=014657afb8c3e1424c37260f37c3c9f8aa0464b7012600c813efaf1fa9320000
[2026-10-01T22:50:53Z INFO  minertim::pool_connection] New job: ZqeFSjqL0kEryuN0 (difficulty: 115060, target: d0910000)
[2026-10-01T22:50:53Z INFO  minertim::pool_connection] Share submitted: rpc_id=870 job_id=oJdjDpJz6wy3NY61 nonce=6ccc1403
[2026-10-01T22:50:54Z INFO  minertim::pool_connection] Share accepted: rpc_id=870 job_id=oJdjDpJz6wy3NY61 nonce=6ccc1403 latency_ms=361
[2026-10-01T22:50:58Z INFO  minertim] H/s 1m:2089.9 5m:2081.1 10m:2092.6 | Shares: 452/0 (lost:1) (found:453) | Diff: 115060 | 5s elapsed (since last share, avg 55s) | best=38 target=37328 (999%)
[2026-10-01T22:51:07Z INFO  minertim::miner] Worker 2 SHARE FOUND! job_id=ZqeFSjqL0kEryuN0, nonce=b2cc1603, hash_val=3664, difficulty=115060, hash=1967cfba91dbf257302b1eab354c30dd8d1a6feb3b0c46106daa57cd500e0000
[2026-10-01T22:51:08Z INFO  minertim] H/s 1m:2199.4 5m:2088.3 10m:2098.6 | Shares: 452/0 (lost:1) (found:454) | Diff: 115060 | 0s elapsed (since last share, avg 52s) | best=38 target=37328 (999%)
[2026-10-01T22:51:13Z INFO  minertim::pool_connection] New job: QJt9B07HiDpIAxYh (difficulty: 115060, target: d0910000)
[2026-10-01T22:51:13Z INFO  minertim::pool_connection] Share submitted: rpc_id=871 job_id=ZqeFSjqL0kEryuN0 nonce=b2cc1603
[2026-10-01T22:51:14Z INFO  minertim::pool_connection] Share accepted: rpc_id=871 job_id=ZqeFSjqL0kEryuN0 nonce=b2cc1603 latency_ms=307
[2026-10-01T22:51:17Z INFO  minertim::miner] Worker 3 SHARE FOUND! job_id=QJt9B07HiDpIAxYh, nonce=47e51303, hash_val=33059, difficulty=115060, hash=aead0a93ea7aa84f01665f6c381ec41bf4ea8b68298de9c72a5336a023810000
[2026-10-01T22:51:18Z INFO  minertim] H/s 1m:2117.9 5m:2093.7 10m:2096.4 | Shares: 453/0 (lost:1) (found:455) | Diff: 115060 | 0s elapsed (since last share, avg 54s) | best=38 target=37328 (999%)
[2026-10-01T22:51:23Z INFO  minertim::pool_connection] New job: wGimBiU2IrqepSxc (difficulty: 115060, target: d0910000)
[2026-10-01T22:51:23Z INFO  minertim::pool_connection] Share submitted: rpc_id=873 job_id=QJt9B07HiDpIAxYh nonce=47e51303
[2026-10-01T22:51:23Z INFO  minertim::pool_connection] Share accepted: rpc_id=873 job_id=QJt9B07HiDpIAxYh nonce=47e51303 latency_ms=307
[2026-10-01T22:51:28Z INFO  minertim] H/s 1m:2085.2 5m:2102.0 10m:2097.6 | Shares: 454/0 (lost:1) (found:455) | Diff: 115060 | 10s elapsed (since last share, avg 55s) | best=38 target=37328 (999%)
[2026-10-01T22:51:38Z INFO  minertim] H/s 1m:2084.8 5m:2102.0 10m:2097.7 | Shares: 454/0 (lost:1) (found:455) | Diff: 115060 | 20s elapsed (since last share, avg 55s) | best=38 target=37328 (999%)
[2026-10-01T22:51:41Z INFO  minertim::pool_connection] New job: C3cw6D9ublQUM1Hl (difficulty: 172592, target: 35610000)
[2026-10-01T22:51:43Z INFO  minertim::pool_connection] New job: 7ATOKPChe9dwrr3c (difficulty: 172592, target: 35610000)
[2026-10-01T22:51:48Z INFO  minertim] H/s 1m:2093.4 5m:2102.1 10m:2097.7 | Shares: 454/0 (lost:1) (found:455) | Diff: 172592 | 30s elapsed (since last share, avg 1m22s) | best=38 target=24885 (999%)
[2026-10-01T22:51:58Z INFO  minertim] H/s 1m:2095.3 5m:2102.4 10m:2097.9 | Shares: 454/0 (lost:1) (found:455) | Diff: 172592 | 40s elapsed (since last share, avg 1m22s) | best=38 target=24885 (999%)
[2026-10-01T22:52:02Z INFO  minertim::pool_connection] New job: mq5QLx0IArtAqV0g (difficulty: 172592, target: 35610000)
[2026-10-01T22:52:08Z INFO  minertim] H/s 1m:2174.9 5m:2103.9 10m:2106.7 | Shares: 454/0 (lost:1) (found:455) | Diff: 172592 | 50s elapsed (since last share, avg 1m19s) | best=38 target=24885 (999%)
[2026-10-01T22:52:18Z INFO  minertim] H/s 1m:2207.3 5m:2103.8 10m:2106.6 | Shares: 454/0 (lost:1) (found:455) | Diff: 172592 | 1m0s elapsed (since last share, avg 1m18s) | best=38 target=24885 (999%)
[2026-10-01T22:52:22Z INFO  minertim::pool_connection] New job: hmHCHjAF58z5gP0C (difficulty: 172592, target: 35610000)
[2026-10-01T22:52:28Z INFO  minertim] H/s 1m:2206.1 5m:2104.2 10m:2106.5 | Shares: 454/0 (lost:1) (found:455) | Diff: 172592 | 1m10s elapsed (since last share, avg 1m18s) | best=38 target=24885 (999%)
[2026-10-01T22:52:29Z INFO  minertim::miner] Worker 3 SHARE FOUND! job_id=hmHCHjAF58z5gP0C, nonce=37221603, hash_val=14495, difficulty=172592, hash=9bd1fd283b3f7a75419ef78a42e9ea434df4220649c8295ba8ab52c59f380000
[2026-10-01T22:52:34Z INFO  minertim::pool_connection] Share submitted: rpc_id=875 job_id=hmHCHjAF58z5gP0C nonce=37221603
[2026-10-01T22:52:34Z INFO  minertim::pool_connection] Share accepted: rpc_id=875 job_id=hmHCHjAF58z5gP0C nonce=37221603 latency_ms=266
[2026-10-01T22:52:38Z INFO  minertim] H/s 1m:2108.9 5m:2087.5 10m:2098.3 | Shares: 455/0 (lost:1) (found:456) | Diff: 172592 | 8s elapsed (since last share, avg 1m21s) | best=38 target=24885 (999%)
[2026-10-01T22:52:38Z INFO  minertim::miner] Worker 1 SHARE FOUND! job_id=hmHCHjAF58z5gP0C, nonce=8dae1503, hash_val=18890, difficulty=172592, hash=417d89a373a8613bbea940cd0093c9cff3f954b4a82529c3aa6d5c80ca490000
[2026-10-01T22:52:41Z INFO  minertim::pool_connection] New job: JBdjO4h5xmNeuVkW (difficulty: 109386, target: 60990000)
[2026-10-01T22:52:41Z INFO  minertim::pool_connection] Share submitted: rpc_id=876 job_id=hmHCHjAF58z5gP0C nonce=8dae1503
[2026-10-01T22:52:41Z INFO  minertim::pool_connection] Share accepted: rpc_id=876 job_id=hmHCHjAF58z5gP0C nonce=8dae1503 latency_ms=343
[2026-10-01T22:52:42Z INFO  minertim::pool_connection] New job: I7Rmx1OU6zDC0heL (difficulty: 109386, target: 60990000)
[2026-10-01T22:52:48Z INFO  minertim] H/s 1m:2090.4 5m:2084.3 10m:2096.7 | Shares: 456/0 (lost:1) (found:457) | Diff: 109386 | 9s elapsed (since last share, avg 52s) | best=38 target=39264 (999%)
[2026-10-01T22:52:58Z INFO  minertim] H/s 1m:2079.8 5m:2082.4 10m:2095.8 | Shares: 456/0 (lost:1) (found:457) | Diff: 109386 | 19s elapsed (since last share, avg 52s) | best=38 target=39264 (999%)
[2026-10-01T22:53:02Z INFO  minertim::pool_connection] New job: J76xJ43pVRVsGSvG (difficulty: 109386, target: 60990000)
[2026-10-01T22:53:08Z INFO  minertim] H/s 1m:2069.2 5m:2080.6 10m:2094.8 | Shares: 456/0 (lost:1) (found:457) | Diff: 109386 | 29s elapsed (since last share, avg 52s) | best=38 target=39264 (999%)
[2026-10-01T22:53:10Z INFO  minertim::pool_connection] New job: Wdkk8ZppC00DdmwM (difficulty: 109386, target: 60990000)
[2026-10-01T22:53:11Z INFO  minertim::pool_connection] New job: wJn8OZXk2Z3GOOtg (difficulty: 164080, target: 40660000)
[2026-10-01T22:53:18Z INFO  minertim] H/s 1m:2059.8 5m:2078.8 10m:2093.9 | Shares: 456/0 (lost:1) (found:457) | Diff: 164080 | 39s elapsed (since last share, avg 1m19s) | best=38 target=26176 (999%)
[2026-10-01T22:53:28Z INFO  minertim] H/s 1m:2145.2 5m:2076.9 10m:2094.7 | Shares: 456/0 (lost:1) (found:457) | Diff: 164080 | 49s elapsed (since last share, avg 1m16s) | best=38 target=26176 (999%)
[2026-10-01T22:53:30Z INFO  minertim::pool_connection] New job: 0lAukufVMzm2BpQW (difficulty: 164080, target: 40660000)
[2026-10-01T22:53:38Z INFO  minertim] H/s 1m:2153.1 5m:2075.0 10m:2094.4 | Shares: 456/0 (lost:1) (found:457) | Diff: 164080 | 1m0s elapsed (since last share, avg 1m16s) | best=38 target=26176 (999%)
[2026-10-01T22:53:41Z INFO  minertim::pool_connection] New job: tuxBbH7gn2aA7L8O (difficulty: 123061, target: 55880000)
[2026-10-01T22:53:48Z INFO  minertim] H/s 1m:2158.3 5m:2073.7 10m:2093.8 | Shares: 456/0 (lost:1) (found:457) | Diff: 123061 | 1m10s elapsed (since last share, avg 57s) | best=38 target=34901 (999%)
[2026-10-01T22:53:50Z INFO  minertim::pool_connection] New job: 9v7KVcfICMT50gdn (difficulty: 123061, target: 55880000)
[2026-10-01T22:53:58Z INFO  minertim] H/s 1m:2161.0 5m:2072.7 10m:2093.9 | Shares: 456/0 (lost:1) (found:457) | Diff: 123061 | 1m20s elapsed (since last share, avg 56s) | best=38 target=34901 (999%)
[2026-10-01T22:54:08Z INFO  minertim] H/s 1m:2162.9 5m:2071.1 10m:2093.2 | Shares: 456/0 (lost:1) (found:457) | Diff: 123061 | 1m30s elapsed (since last share, avg 56s) | best=38 target=34901 (999%)
[2026-10-01T22:54:10Z INFO  minertim::pool_connection] New job: Sga45QMAszdLQHy2 (difficulty: 123061, target: 55880000)
[2026-10-01T22:54:10Z INFO  minertim::pool_connection] New job: HJRGKIOWxnjkgyRT (difficulty: 123061, target: 55880000)
[2026-10-01T22:54:18Z INFO  minertim] H/s 1m:2167.2 5m:2088.7 10m:2102.2 | Shares: 456/0 (lost:1) (found:457) | Diff: 123061 | 1m40s elapsed (since last share, avg 56s) | best=38 target=34901 (999%)
[2026-10-01T22:54:28Z INFO  minertim] H/s 1m:2172.1 5m:2115.7 10m:2105.5 | Shares: 456/0 (lost:1) (found:457) | Diff: 123061 | 1m50s elapsed (since last share, avg 56s) | best=38 target=34901 (999%)
[2026-10-01T22:54:30Z INFO  minertim::pool_connection] New job: w7KacMlDVWn0lqkF (difficulty: 123061, target: 55880000)
[2026-10-01T22:54:36Z INFO  minertim::pool_connection] New job: TWpU9cn08MwM5Flp (difficulty: 123061, target: 55880000)
[2026-10-01T22:54:38Z INFO  minertim] H/s 1m:2173.3 5m:2120.9 10m:2104.9 | Shares: 456/0 (lost:1) (found:457) | Diff: 123061 | 2m0s elapsed (since last share, avg 56s) | best=38 target=34901 (999%)
[2026-10-01T22:54:41Z INFO  minertim::pool_connection] New job: wdy19fb2emIgPSNr (difficulty: 92295, target: c7b50000)
[2026-10-01T22:54:48Z INFO  minertim::miner] Worker 1 SHARE FOUND! job_id=wdy19fb2emIgPSNr, nonce=ade01903, hash_val=22191, difficulty=92295, hash=776d2c1a90390d8c284fec9b15f5f9f49537e61bb774ef674eb36fffaf560000
[2026-10-01T22:54:48Z INFO  minertim] H/s 1m:2174.8 5m:2120.0 10m:2104.3 | Shares: 456/0 (lost:1) (found:458) | Diff: 92295 | 0s elapsed (since last share, avg 42s) | best=38 target=46535 (999%)
[2026-10-01T22:54:56Z INFO  minertim::pool_connection] New job: owR0fmtfzw7Vxlcy (difficulty: 92295, target: c7b50000)
[2026-10-01T22:54:56Z INFO  minertim::pool_connection] Share submitted: rpc_id=879 job_id=wdy19fb2emIgPSNr nonce=ade01903
[2026-10-01T22:54:57Z INFO  minertim::pool_connection] Share accepted: rpc_id=879 job_id=wdy19fb2emIgPSNr nonce=ade01903 latency_ms=307
[2026-10-01T22:54:58Z INFO  minertim] H/s 1m:2090.5 5m:2113.9 10m:2096.6 | Shares: 457/0 (lost:1) (found:458) | Diff: 92295 | 10s elapsed (since last share, avg 44s) | best=38 target=46535 (999%)
[2026-10-01T22:55:08Z INFO  minertim] H/s 1m:2090.5 5m:2131.9 10m:2096.2 | Shares: 457/0 (lost:1) (found:458) | Diff: 92295 | 20s elapsed (since last share, avg 44s) | best=38 target=46535 (999%)
[2026-10-01T22:55:11Z INFO  minertim::pool_connection] New job: ueize76pQPvQasb4 (difficulty: 138444, target: 2f790000)
[2026-10-01T22:55:16Z INFO  minertim::pool_connection] New job: jrOnURr8nG6MiJ0L (difficulty: 138444, target: 2f790000)
[2026-10-01T22:55:18Z INFO  minertim] H/s 1m:2089.5 5m:2130.7 10m:2095.6 | Shares: 457/0 (lost:1) (found:458) | Diff: 138444 | 30s elapsed (since last share, avg 1m6s) | best=38 target=31023 (999%)
[2026-10-01T22:55:28Z INFO  minertim] H/s 1m:2088.4 5m:2129.5 10m:2095.0 | Shares: 457/0 (lost:1) (found:458) | Diff: 138444 | 40s elapsed (since last share, avg 1m6s) | best=38 target=31023 (999%)
[2026-10-01T22:55:36Z INFO  minertim::pool_connection] New job: K302bA88KKfwpcng (difficulty: 138444, target: 2f790000)
[2026-10-01T22:55:38Z INFO  minertim] H/s 1m:2088.5 5m:2128.2 10m:2099.1 | Shares: 457/0 (lost:1) (found:458) | Diff: 138444 | 50s elapsed (since last share, avg 1m6s) | best=38 target=31023 (999%)
[2026-10-01T22:55:48Z INFO  minertim] H/s 1m:2174.2 5m:2128.4 10m:2104.9 | Shares: 457/0 (lost:1) (found:458) | Diff: 138444 | 1m0s elapsed (since last share, avg 1m3s) | best=38 target=31023 (999%)
[2026-10-01T22:55:56Z INFO  minertim::pool_connection] New job: NStKZSIl9AWpfMK3 (difficulty: 138444, target: 2f790000)
[2026-10-01T22:55:58Z INFO  minertim] H/s 1m:2174.4 5m:2127.6 10m:2105.9 | Shares: 457/0 (lost:1) (found:458) | Diff: 138444 | 1m10s elapsed (since last share, avg 1m3s) | best=38 target=31023 (999%)
[2026-10-01T22:56:08Z INFO  minertim] H/s 1m:2174.2 5m:2140.4 10m:2109.1 | Shares: 457/0 (lost:1) (found:458) | Diff: 138444 | 1m20s elapsed (since last share, avg 1m3s) | best=38 target=31023 (999%)
[2026-10-01T22:56:11Z INFO  minertim::pool_connection] New job: uInkvEvE95klBq8s (difficulty: 83065, target: fac90000)
[2026-10-01T22:56:16Z INFO  minertim::pool_connection] New job: za0x000Ft3yzwaQc (difficulty: 83065, target: fac90000)
[2026-10-01T22:56:18Z INFO  minertim] H/s 1m:2174.0 5m:2144.8 10m:2118.0 | Shares: 457/0 (lost:1) (found:458) | Diff: 83065 | 1m30s elapsed (since last share, avg 38s) | best=38 target=51706 (999%)
[2026-10-01T22:56:25Z INFO  minertim::miner] Worker 0 SHARE FOUND! job_id=za0x000Ft3yzwaQc, nonce=6cda1f03, hash_val=32868, difficulty=83065, hash=e6a747b60b2c3295f7dbe47d1be22cc18bb6aba4a7036c939e4aa98c64800000
[2026-10-01T22:56:28Z INFO  minertim] H/s 1m:2119.4 5m:2134.1 10m:2119.6 | Shares: 457/0 (lost:1) (found:459) | Diff: 83065 | 2s elapsed (since last share, avg 39s) | best=38 target=51706 (999%)
[2026-10-01T22:56:36Z INFO  minertim::pool_connection] New job: qNr3SV9JvufWEIIP (difficulty: 83065, target: fac90000)
[2026-10-01T22:56:36Z INFO  minertim::pool_connection] Share submitted: rpc_id=882 job_id=za0x000Ft3yzwaQc nonce=6cda1f03
[2026-10-01T22:56:36Z INFO  minertim::pool_connection] Share accepted: rpc_id=882 job_id=za0x000Ft3yzwaQc nonce=6cda1f03 latency_ms=307
[2026-10-01T22:56:38Z INFO  minertim] H/s 1m:2057.4 5m:2122.2 10m:2113.8 | Shares: 458/0 (lost:1) (found:459) | Diff: 83065 | 12s elapsed (since last share, avg 40s) | best=38 target=51706 (999%)
[2026-10-01T22:56:41Z INFO  minertim::pool_connection] New job: nsArwjeQqq0FSRKs (difficulty: 124600, target: a6860000)
[2026-10-01T22:56:48Z INFO  minertim] H/s 1m:2058.1 5m:2121.2 10m:2113.3 | Shares: 458/0 (lost:1) (found:459) | Diff: 124600 | 22s elapsed (since last share, avg 1m0s) | best=38 target=34470 (999%)
[2026-10-01T22:56:56Z INFO  minertim::pool_connection] New job: lXVyg6ISjwwaT5PZ (difficulty: 124600, target: a6860000)
[2026-10-01T22:56:57Z INFO  minertim::miner] Worker 1 SHARE FOUND! job_id=lXVyg6ISjwwaT5PZ, nonce=a1e01d03, hash_val=32255, difficulty=124600, hash=7c3401b55464c98ebe80fd4585b6807df5bae0b84021fe05759d2682ff7d0000
[2026-10-01T22:56:58Z INFO  minertim] H/s 1m:2058.9 5m:2120.4 10m:2112.9 | Shares: 458/0 (lost:1) (found:460) | Diff: 124600 | 1s elapsed (since last share, avg 1m0s) | best=38 target=34470 (999%)
[2026-10-01T22:57:08Z INFO  minertim] H/s 1m:1953.0 5m:2100.9 10m:2104.2 | Shares: 458/0 (lost:1) (found:460) | Diff: 124600 | 11s elapsed (since last share, avg 1m3s) | best=38 target=34470 (999%)
[2026-10-01T22:57:16Z INFO  minertim::pool_connection] New job: RrqiBuJKCPcBXCJi (difficulty: 124600, target: a6860000)
[2026-10-01T22:57:16Z INFO  minertim::pool_connection] Share submitted: rpc_id=883 job_id=lXVyg6ISjwwaT5PZ nonce=a1e01d03
[2026-10-01T22:57:16Z INFO  minertim::pool_connection] Share accepted: rpc_id=883 job_id=lXVyg6ISjwwaT5PZ nonce=a1e01d03 latency_ms=307
[2026-10-01T22:57:18Z INFO  minertim] H/s 1m:1907.3 5m:2082.6 10m:2095.1 | Shares: 459/0 (lost:1) (found:460) | Diff: 124600 | 21s elapsed (since last share, avg 1m5s) | best=38 target=34470 (999%)
[2026-10-01T22:57:28Z INFO  minertim] H/s 1m:1975.0 5m:2099.1 10m:2095.3 | Shares: 459/0 (lost:1) (found:460) | Diff: 124600 | 31s elapsed (since last share, avg 1m3s) | best=38 target=34470 (999%)
[2026-10-01T22:57:35Z INFO  minertim::pool_connection] New job: 8Ll2BKpwocx73XQ6 (difficulty: 124600, target: a6860000)
[2026-10-01T22:57:38Z INFO  minertim] H/s 1m:1981.0 5m:2102.3 10m:2095.3 | Shares: 459/0 (lost:1) (found:460) | Diff: 124600 | 41s elapsed (since last share, avg 1m2s) | best=38 target=34470 (999%)
[2026-10-01T22:57:45Z INFO  minertim::pool_connection] New job: jBo0TPBm3Ahl0wkN (difficulty: 124600, target: a6860000)
[2026-10-01T22:57:48Z INFO  minertim] H/s 1m:1988.1 5m:2104.6 10m:2095.3 | Shares: 459/0 (lost:1) (found:460) | Diff: 124600 | 51s elapsed (since last share, avg 1m2s) | best=38 target=34470 (999%)
[2026-10-01T22:57:58Z INFO  minertim] H/s 1m:2101.3 5m:2106.5 10m:2095.4 | Shares: 459/0 (lost:1) (found:460) | Diff: 124600 | 1m1s elapsed (since last share, avg 59s) | best=38 target=34470 (999%)
[2026-10-01T22:58:05Z INFO  minertim::pool_connection] New job: XVX3j0znZ70V0KAA (difficulty: 124600, target: a6860000)
[2026-10-01T22:58:08Z INFO  minertim] H/s 1m:2206.9 5m:2108.0 10m:2095.4 | Shares: 459/0 (lost:1) (found:460) | Diff: 124600 | 1m11s elapsed (since last share, avg 56s) | best=38 target=34470 (999%)
[2026-10-01T22:58:18Z INFO  minertim] H/s 1m:2207.6 5m:2109.8 10m:2095.3 | Shares: 459/0 (lost:1) (found:460) | Diff: 124600 | 1m21s elapsed (since last share, avg 56s) | best=38 target=34470 (999%)
[2026-10-01T22:58:25Z INFO  minertim::pool_connection] New job: DWJcnIv5gsS0Q2Zs (difficulty: 124600, target: a6860000)
[2026-10-01T22:58:27Z INFO  minertim::miner] Worker 2 SHARE FOUND! job_id=DWJcnIv5gsS0Q2Zs, nonce=ca422503, hash_val=22332, difficulty=124600, hash=6f8cbc66b3b14b25e55bae51be129db7ebf4d3cd3e407b9fdba7fbea3c570000
[2026-10-01T22:58:28Z INFO  minertim] H/s 1m:2207.6 5m:2111.7 10m:2095.3 | Shares: 459/0 (lost:1) (found:461) | Diff: 124600 | 1s elapsed (since last share, avg 56s) | best=38 target=34470 (999%)
[2026-10-01T22:58:38Z INFO  minertim] H/s 1m:2093.5 5m:2093.4 10m:2085.7 | Shares: 459/0 (lost:1) (found:461) | Diff: 124600 | 11s elapsed (since last share, avg 59s) | best=38 target=34470 (999%)
[2026-10-01T22:58:41Z INFO  minertim::pool_connection] New job: h61ibkZ4nY0zjwzx (difficulty: 89712, target: 03bb0000)
[2026-10-01T22:58:41Z INFO  minertim::pool_connection] Share submitted: rpc_id=886 job_id=DWJcnIv5gsS0Q2Zs nonce=ca422503
[2026-10-01T22:58:41Z INFO  minertim::pool_connection] Share accepted: rpc_id=886 job_id=DWJcnIv5gsS0Q2Zs nonce=ca422503 latency_ms=305
[2026-10-01T22:58:45Z INFO  minertim::pool_connection] New job: wkbF0XQM0wSz10R8 (difficulty: 89712, target: 03bb0000)
[2026-10-01T22:58:48Z INFO  minertim] H/s 1m:2072.2 5m:2091.2 10m:2083.9 | Shares: 460/0 (lost:1) (found:461) | Diff: 89712 | 21s elapsed (since last share, avg 43s) | best=38 target=47875 (999%)
[2026-10-01T22:58:52Z INFO  minertim::pool_connection] New job: F0Nody3kx3CNhTOZ (difficulty: 89712, target: 03bb0000)
[2026-10-01T22:58:58Z INFO  minertim] H/s 1m:2073.6 5m:2092.6 10m:2084.1 | Shares: 460/0 (lost:1) (found:461) | Diff: 89712 | 31s elapsed (since last share, avg 43s) | best=38 target=47875 (999%)
[2026-10-01T22:59:01Z INFO  minertim::miner] Worker 2 SHARE FOUND! job_id=F0Nody3kx3CNhTOZ, nonce=6ef02503, hash_val=40535, difficulty=89712, hash=60e44753ade8ee6c5d80e92f32fa7ff307584b7efd2e1abebcc58b22579e0000
[2026-10-01T22:59:03Z INFO  minertim::pool_connection] New job: Y5aHtvCgYcuQqkW2 (difficulty: 89712, target: 03bb0000)
[2026-10-01T22:59:03Z INFO  minertim::pool_connection] Share submitted: rpc_id=887 job_id=F0Nody3kx3CNhTOZ nonce=6ef02503
[2026-10-01T22:59:04Z INFO  minertim::pool_connection] Share accepted: rpc_id=887 job_id=F0Nody3kx3CNhTOZ nonce=6ef02503 latency_ms=264
[2026-10-01T22:59:08Z INFO  minertim] H/s 1m:2049.7 5m:2089.6 10m:2081.9 | Shares: 461/0 (lost:1) (found:462) | Diff: 89712 | 6s elapsed (since last share, avg 43s) | best=38 target=47875 (999%)
[2026-10-01T22:59:11Z INFO  minertim::pool_connection] New job: yBYYgsWox1QiC00i (difficulty: 134570, target: ac7c0000)
[2026-10-01T22:59:13Z INFO  minertim::miner] Worker 2 SHARE FOUND! job_id=yBYYgsWox1QiC00i, nonce=fa432603, hash_val=24622, difficulty=134570, hash=6b4f52d99f3f8239df6d631c6d7e23c36fef946d5458c37d0c75341e2e600000
[2026-10-01T22:59:18Z INFO  minertim] H/s 1m:1994.3 5m:2081.1 10m:2086.5 | Shares: 461/0 (lost:1) (found:463) | Diff: 134570 | 5s elapsed (since last share, avg 1m7s) | best=38 target=31916 (999%)
[2026-10-01T22:59:23Z INFO  minertim::pool_connection] New job: AdhqbMdWX6X7DS20 (difficulty: 134570, target: ac7c0000)
[2026-10-01T22:59:23Z INFO  minertim::pool_connection] Share submitted: rpc_id=888 job_id=yBYYgsWox1QiC00i nonce=fa432603
[2026-10-01T22:59:24Z INFO  minertim::pool_connection] Share accepted: rpc_id=888 job_id=yBYYgsWox1QiC00i nonce=fa432603 latency_ms=295
[2026-10-01T22:59:28Z INFO  minertim] H/s 1m:2014.9 5m:2066.1 10m:2092.4 | Shares: 462/0 (lost:1) (found:463) | Diff: 134570 | 15s elapsed (since last share, avg 1m6s) | best=38 target=31916 (999%)
[2026-10-01T22:59:38Z INFO  minertim] H/s 1m:2036.3 5m:2067.3 10m:2095.4 | Shares: 462/0 (lost:1) (found:463) | Diff: 134570 | 25s elapsed (since last share, avg 1m6s) | best=38 target=31916 (999%)
[2026-10-01T22:59:41Z INFO  minertim::pool_connection] New job: LQaKkb0TBmxEfTCr (difficulty: 201859, target: 1d530000)
[2026-10-01T22:59:43Z INFO  minertim::pool_connection] New job: ejZmyd2Ewnb0iLba (difficulty: 201859, target: 1d530000)
[2026-10-01T22:59:48Z INFO  minertim] H/s 1m:2036.0 5m:2083.2 10m:2095.6 | Shares: 462/0 (lost:1) (found:463) | Diff: 201859 | 35s elapsed (since last share, avg 1m39s) | best=38 target=21277 (999%)
[2026-10-01T22:59:52Z INFO  minertim::miner] Worker 2 SHARE FOUND! job_id=ejZmyd2Ewnb0iLba, nonce=62382703, hash_val=19954, difficulty=201859, hash=ae2121c3447c0a036dc4ee7f63cddb512e9ffda8a6de1aba8673a19cf24d0000
[2026-10-01T22:59:58Z INFO  minertim] H/s 1m:2004.2 5m:2074.7 10m:2095.6 | Shares: 462/0 (lost:1) (found:464) | Diff: 201859 | 6s elapsed (since last share, avg 1m40s) | best=38 target=21277 (999%)
[2026-10-01T22:59:59Z INFO  minertim::pool_connection] New job: u0n0qLHOu7FQrsQy (difficulty: 201859, target: 1d530000)
[2026-10-01T22:59:59Z INFO  minertim::pool_connection] Share submitted: rpc_id=890 job_id=ejZmyd2Ewnb0iLba nonce=62382703
[2026-10-01T22:59:59Z INFO  minertim::pool_connection] Share accepted: rpc_id=890 job_id=ejZmyd2Ewnb0iLba nonce=62382703 latency_ms=259
[2026-10-01T23:00:00Z INFO  minertim::pool_connection] New job: 7AJp8VJOkBYvuDnJ (difficulty: 201859, target: 1d530000)
[2026-10-01T23:00:08Z INFO  minertim] H/s 1m:2035.9 5m:2071.8 10m:2103.1 | Shares: 463/0 (lost:1) (found:464) | Diff: 201859 | 16s elapsed (since last share, avg 1m39s) | best=38 target=21277 (999%)
[2026-10-01T23:00:18Z INFO  minertim] H/s 1m:2126.6 5m:2072.7 10m:2102.9 | Shares: 463/0 (lost:1) (found:464) | Diff: 201859 | 26s elapsed (since last share, avg 1m34s) | best=38 target=21277 (999%)
[2026-10-01T23:00:20Z INFO  minertim::pool_connection] New job: ho2NNCsPxx984nJ7 (difficulty: 201859, target: 1d530000)
[2026-10-01T23:00:28Z INFO  minertim] H/s 1m:2124.9 5m:2073.6 10m:2102.8 | Shares: 463/0 (lost:1) (found:464) | Diff: 201859 | 36s elapsed (since last share, avg 1m34s) | best=38 target=21277 (999%)
[2026-10-01T23:00:38Z INFO  minertim] H/s 1m:2125.0 5m:2074.7 10m:2102.7 | Shares: 463/0 (lost:1) (found:464) | Diff: 201859 | 46s elapsed (since last share, avg 1m34s) | best=38 target=21277 (999%)
[2026-10-01T23:00:40Z INFO  minertim::pool_connection] New job: QVfsWlwszMUMel9W (difficulty: 201859, target: 1d530000)
[2026-10-01T23:00:48Z INFO  minertim] H/s 1m:2181.6 5m:2076.0 10m:2103.4 | Shares: 463/0 (lost:1) (found:464) | Diff: 201859 | 56s elapsed (since last share, avg 1m32s) | best=38 target=21277 (999%)
[2026-10-01T23:00:58Z INFO  minertim] H/s 1m:2205.6 5m:2077.2 10m:2103.6 | Shares: 463/0 (lost:1) (found:464) | Diff: 201859 | 1m6s elapsed (since last share, avg 1m31s) | best=38 target=21277 (999%)
[2026-10-01T23:01:00Z INFO  minertim::pool_connection] New job: eal4MgT0oqCZJHD8 (difficulty: 201859, target: 1d530000)
[2026-10-01T23:01:08Z INFO  minertim] H/s 1m:2205.6 5m:2078.1 10m:2110.3 | Shares: 463/0 (lost:1) (found:464) | Diff: 201859 | 1m16s elapsed (since last share, avg 1m31s) | best=38 target=21277 (999%)
[2026-10-01T23:01:18Z INFO  minertim] H/s 1m:2207.8 5m:2088.8 10m:2113.2 | Shares: 463/0 (lost:1) (found:464) | Diff: 201859 | 1m26s elapsed (since last share, avg 1m31s) | best=38 target=21277 (999%)
[2026-10-01T23:01:20Z INFO  minertim::pool_connection] New job: AE2K1Dcqli3ilWbm (difficulty: 201859, target: 1d530000)
[2026-10-01T23:01:28Z INFO  minertim] H/s 1m:2208.0 5m:2100.7 10m:2113.1 | Shares: 463/0 (lost:1) (found:464) | Diff: 201859 | 1m36s elapsed (since last share, avg 1m31s) | best=38 target=21277 (999%)
[2026-10-01T23:01:38Z INFO  minertim] H/s 1m:2208.2 5m:2101.8 10m:2113.1 | Shares: 463/0 (lost:1) (found:464) | Diff: 201859 | 1m46s elapsed (since last share, avg 1m31s) | best=38 target=21277 (999%)
[2026-10-01T23:01:40Z INFO  minertim::pool_connection] New job: DbXBZwofwOr9YIQT (difficulty: 201859, target: 1d530000)
[2026-10-01T23:01:41Z INFO  minertim::pool_connection] New job: l3I0S50pZgb8SfyL (difficulty: 131642, target: 727f0000)
[2026-10-01T23:01:42Z INFO  minertim::pool_connection] New job: Ffxw30nrQ4B9g58P (difficulty: 131642, target: 727f0000)
[2026-10-01T23:01:48Z INFO  minertim] H/s 1m:2208.5 5m:2103.0 10m:2113.2 | Shares: 463/0 (lost:1) (found:464) | Diff: 131642 | 1m56s elapsed (since last share, avg 59s) | best=38 target=32626 (999%)
[2026-10-01T23:01:58Z INFO  minertim] H/s 1m:2210.8 5m:2122.6 10m:2113.4 | Shares: 463/0 (lost:1) (found:464) | Diff: 131642 | 2m6s elapsed (since last share, avg 59s) | best=38 target=32626 (999%)
[2026-10-01T23:02:02Z INFO  minertim::pool_connection] New job: iy2otfOJ7ZtqxiET (difficulty: 131642, target: 727f0000)
[2026-10-01T23:02:08Z INFO  minertim] H/s 1m:2208.3 5m:2140.7 10m:2113.2 | Shares: 463/0 (lost:1) (found:464) | Diff: 131642 | 2m16s elapsed (since last share, avg 59s) | best=38 target=32626 (999%)
[2026-10-01T23:02:18Z INFO  minertim] H/s 1m:2208.1 5m:2140.9 10m:2113.3 | Shares: 463/0 (lost:1) (found:464) | Diff: 131642 | 2m26s elapsed (since last share, avg 59s) | best=38 target=32626 (999%)
[2026-10-01T23:02:22Z INFO  minertim::pool_connection] New job: wleTcyE0s45mwd6f (difficulty: 131642, target: 727f0000)
[2026-10-01T23:02:28Z INFO  minertim] H/s 1m:2207.1 5m:2140.8 10m:2121.4 | Shares: 463/0 (lost:1) (found:464) | Diff: 131642 | 2m36s elapsed (since last share, avg 59s) | best=38 target=32626 (999%)
[2026-10-01T23:02:38Z INFO  minertim] H/s 1m:2207.2 5m:2140.8 10m:2123.1 | Shares: 463/0 (lost:1) (found:464) | Diff: 131642 | 2m46s elapsed (since last share, avg 59s) | best=38 target=32626 (999%)
[2026-10-01T23:02:41Z INFO  minertim::pool_connection] New job: 0SJxJxcSi04tCq4g (difficulty: 98732, target: eda90000)
[2026-10-01T23:02:42Z INFO  minertim::pool_connection] New job: giJIQozgXplp7kJU (difficulty: 98732, target: eda90000)
[2026-10-01T23:02:48Z INFO  minertim] H/s 1m:2206.9 5m:2140.8 10m:2124.1 | Shares: 463/0 (lost:1) (found:464) | Diff: 98732 | 2m56s elapsed (since last share, avg 44s) | best=38 target=43501 (999%)
[2026-10-01T23:02:53Z INFO  minertim::miner] Worker 1 SHARE FOUND! job_id=giJIQozgXplp7kJU, nonce=c13c2903, hash_val=40005, difficulty=98732, hash=a5c272e5d52872978b249fd951980b4578cce4e4d39641a4bb36fcd9459c0000
[2026-10-01T23:02:58Z INFO  minertim] H/s 1m:2153.3 5m:2131.5 10m:2120.4 | Shares: 463/0 (lost:1) (found:465) | Diff: 98732 | 5s elapsed (since last share, avg 45s) | best=38 target=43501 (999%)
[2026-10-01T23:03:02Z INFO  minertim::pool_connection] New job: pFCjdf1503qVQfeB (difficulty: 98732, target: eda90000)
[2026-10-01T23:03:02Z INFO  minertim::pool_connection] Share submitted: rpc_id=894 job_id=giJIQozgXplp7kJU nonce=c13c2903
[2026-10-01T23:03:02Z INFO  minertim::pool_connection] Share accepted: rpc_id=894 job_id=giJIQozgXplp7kJU nonce=c13c2903 latency_ms=307
[2026-10-01T23:03:08Z INFO  minertim] H/s 1m:2123.0 5m:2126.3 10m:2118.6 | Shares: 464/0 (lost:1) (found:465) | Diff: 98732 | 15s elapsed (since last share, avg 46s) | best=38 target=43501 (999%)
[2026-10-01T23:03:11Z INFO  minertim::pool_connection] New job: N6tFdYHm5jGn7Ci3 (difficulty: 148102, target: 48710000)
[2026-10-01T23:03:18Z INFO  minertim] H/s 1m:2123.4 5m:2126.3 10m:2119.6 | Shares: 464/0 (lost:1) (found:465) | Diff: 148102 | 25s elapsed (since last share, avg 1m9s) | best=38 target=29000 (999%)
[2026-10-01T23:03:21Z INFO  minertim::pool_connection] New job: XXFBGKlSEJNoWoib (difficulty: 148102, target: 48710000)
[2026-10-01T23:03:25Z INFO  minertim::pool_connection] New job: wC2t90i3tjKmuXlS (difficulty: 148102, target: 48710000)
[2026-10-01T23:03:28Z INFO  minertim] H/s 1m:2122.9 5m:2145.8 10m:2120.5 | Shares: 464/0 (lost:1) (found:465) | Diff: 148102 | 35s elapsed (since last share, avg 1m9s) | best=38 target=29000 (999%)
[2026-10-01T23:03:38Z INFO  minertim] H/s 1m:2122.6 5m:2149.5 10m:2121.1 | Shares: 464/0 (lost:1) (found:465) | Diff: 148102 | 45s elapsed (since last share, avg 1m9s) | best=38 target=29000 (999%)
[2026-10-01T23:03:45Z INFO  minertim::pool_connection] New job: EqX2KtBCE0YIkuEJ (difficulty: 148102, target: 48710000)
[2026-10-01T23:03:48Z INFO  minertim] H/s 1m:2178.3 5m:2149.5 10m:2121.8 | Shares: 464/0 (lost:1) (found:465) | Diff: 148102 | 55s elapsed (since last share, avg 1m7s) | best=38 target=29000 (999%)
[2026-10-01T23:03:58Z INFO  minertim] H/s 1m:2209.1 5m:2153.8 10m:2122.6 | Shares: 464/0 (lost:1) (found:465) | Diff: 148102 | 1m5s elapsed (since last share, avg 1m7s) | best=38 target=29000 (999%)
[2026-10-01T23:04:05Z INFO  minertim::pool_connection] New job: goDDPI4e0jGPg0zQ (difficulty: 148102, target: 48710000)
[2026-10-01T23:04:08Z INFO  minertim] H/s 1m:2207.2 5m:2163.0 10m:2123.0 | Shares: 464/0 (lost:1) (found:465) | Diff: 148102 | 1m15s elapsed (since last share, avg 1m7s) | best=38 target=29000 (999%)
[2026-10-01T23:04:11Z INFO  minertim::pool_connection] New job: ML2K8avL3s29Ksja (difficulty: 96587, target: b3ad0000)
[2026-10-01T23:04:18Z INFO  minertim] H/s 1m:2208.0 5m:2179.1 10m:2123.6 | Shares: 464/0 (lost:1) (found:465) | Diff: 96587 | 1m25s elapsed (since last share, avg 43s) | best=38 target=44467 (999%)
[2026-10-01T23:04:25Z INFO  minertim::pool_connection] New job: jmEEikPriZK7gDjn (difficulty: 96587, target: b3ad0000)
[2026-10-01T23:04:28Z INFO  minertim] H/s 1m:2208.5 5m:2179.2 10m:2124.1 | Shares: 464/0 (lost:1) (found:465) | Diff: 96587 | 1m35s elapsed (since last share, avg 43s) | best=38 target=44467 (999%)
[2026-10-01T23:04:38Z INFO  minertim] H/s 1m:2208.6 5m:2179.3 10m:2124.7 | Shares: 464/0 (lost:1) (found:465) | Diff: 96587 | 1m45s elapsed (since last share, avg 43s) | best=38 target=44467 (999%)
[2026-10-01T23:04:45Z INFO  minertim::pool_connection] New job: PaNy5zsoDiQFOo0N (difficulty: 96587, target: b3ad0000)
[2026-10-01T23:04:48Z INFO  minertim] H/s 1m:2208.5 5m:2189.0 10m:2132.6 | Shares: 464/0 (lost:1) (found:465) | Diff: 96587 | 1m55s elapsed (since last share, avg 43s) | best=38 target=44467 (999%)
[2026-10-01T23:04:58Z INFO  minertim] H/s 1m:2210.6 5m:2193.1 10m:2133.2 | Shares: 464/0 (lost:1) (found:465) | Diff: 96587 | 2m5s elapsed (since last share, avg 43s) | best=38 target=44467 (999%)
[2026-10-01T23:05:04Z INFO  minertim::pool_connection] New job: iQ55nbitg2AbA1Uc (difficulty: 96587, target: b3ad0000)
[2026-10-01T23:05:08Z INFO  minertim] H/s 1m:2208.0 5m:2193.2 10m:2133.6 | Shares: 464/0 (lost:1) (found:465) | Diff: 96587 | 2m15s elapsed (since last share, avg 43s) | best=38 target=44467 (999%)
[2026-10-01T23:05:11Z INFO  minertim::pool_connection] New job: tmSoyVcJ09OPadU5 (difficulty: 72441, target: 99e70000)
[2026-10-01T23:05:18Z INFO  minertim] H/s 1m:2208.2 5m:2193.5 10m:2134.3 | Shares: 464/0 (lost:1) (found:465) | Diff: 72441 | 2m25s elapsed (since last share, avg 32s) | best=38 target=59289 (999%)
[2026-10-01T23:05:24Z INFO  minertim::pool_connection] New job: VyUyNwNZZgykbHh4 (difficulty: 72441, target: 99e70000)
[2026-10-01T23:05:24Z INFO  minertim::miner] Worker 2 SHARE FOUND! job_id=VyUyNwNZZgykbHh4, nonce=e2333203, hash_val=28306, difficulty=72441, hash=1839f242f4c114d5dccef389158be51fffb54d7b38b27826556c9d46926e0000
[2026-10-01T23:05:29Z INFO  minertim] H/s 1m:2208.0 5m:2193.6 10m:2134.8 | Shares: 464/0 (lost:1) (found:466) | Diff: 72441 | 4s elapsed (since last share, avg 32s) | best=38 target=59289 (999%)
[2026-10-01T23:05:39Z INFO  minertim] H/s 1m:2093.9 5m:2173.9 10m:2125.8 | Shares: 464/0 (lost:1) (found:466) | Diff: 72441 | 14s elapsed (since last share, avg 34s) | best=38 target=59289 (999%)
[2026-10-01T23:05:44Z INFO  minertim::pool_connection] New job: DMY1wInkFbDQVg7V (difficulty: 72441, target: 99e70000)
[2026-10-01T23:05:44Z INFO  minertim::pool_connection] Share submitted: rpc_id=898 job_id=VyUyNwNZZgykbHh4 nonce=e2333203
[2026-10-01T23:05:45Z INFO  minertim::pool_connection] Share accepted: rpc_id=898 job_id=VyUyNwNZZgykbHh4 nonce=e2333203 latency_ms=306
[2026-10-01T23:05:48Z INFO  minertim::miner] Worker 1 SHARE FOUND! job_id=DMY1wInkFbDQVg7V, nonce=e1d52e03, hash_val=730, difficulty=72441, hash=a33dc37c18964cad263fb3431201fc76a491b27712c11cb6a7b1771fda020000
[2026-10-01T23:05:49Z INFO  minertim] H/s 1m:1986.6 5m:2155.4 10m:2117.3 | Shares: 465/0 (lost:1) (found:467) | Diff: 72441 | 0s elapsed (since last share, avg 36s) | best=38 target=59289 (999%)
[2026-10-01T23:05:59Z INFO  minertim] H/s 1m:1876.8 5m:2136.5 10m:2108.4 | Shares: 465/0 (lost:1) (found:467) | Diff: 72441 | 10s elapsed (since last share, avg 38s) | best=38 target=59289 (999%)
